B01,B02,B04,B05,B06,B07,B08,B09,B10,B11,B12,B13,B14,B3N,quality
3096.0,2934.0,10261,23888,28753,27105,31124,32767,32767,32767,32767,32767,32767,3169.0,16713.0
2942.0,2803.0,12061,26230,30736,28732,31734,31865,32767,32767,32767,32767,32767,3424.0,16976.0
3074.0,3039.0,11881,26698,29249,31442,32767,32767,32767,32767,32767,32767,32767,3133.0,16417.0
3337.0,3065.0,13502,27167,31232,31442,32767,32767,32767,32767,32767,32767,32767,4080.0,16424.0
3118.0,3039.0,15482,29509,32719,31442,32767,32767,32767,32767,32767,32767,32767,3934.0,16226.0
2108.0,2698.0,13682,25762,27762,32527,32767,29831,32767,32767,32767,32767,32767,2878.0,17006.0
3513.0,3405.0,12782,27635,30736,32527,32767,32767,32767,32767,32767,32767,32767,3351.0,15667.0
2701.0,3143.0,15662,28104,30736,32767,32767,31865,32767,32767,32767,32767,32767,3424.0,15996.0
3118.0,2986.0,14582,28572,32719,32767,32767,32767,32767,32767,32767,32767,32767,4152.0,16496.0
2613.0,2620.0,13682,29509,31728,32767,32767,32767,32767,32767,32767,32767,32767,2586.0,16862.0
2503.0,2567.0,14042,29977,31232,32767,32767,32767,32767,32767,32767,32767,32767,2878.0,17086.0
2152.0,2620.0,14762,30446,32719,32767,32767,32767,32767,32767,32767,32767,32767,2805.0,16946.0
3645.0,3536.0,13502,30914,32767,32767,32767,32767,32767,32767,32767,32767,32767,3533.0,15409.0
3030.0,2855.0,14942,30914,32767,32767,32767,32767,32767,32767,32767,32767,32767,3861.0,16624.0
1910.0,2620.0,16382,31382,32767,32767,32767,32767,32767,32767,32767,32767,32767,2732.0,16710.0
1954.0,2436.0,16742,31851,32224,32767,32767,32767,32767,32767,32767,32767,32767,2623.0,16908.0
2218.0,2462.0,15662,31851,32767,32767,32767,32767,32767,32767,32767,32767,32767,2950.0,17136.0
2832.0,2934.0,15122,31851,32767,32767,32767,32767,32767,32767,32767,32767,32767,2987.0,16222.0
2811.0,2593.0,14762,32319,32767,32767,32767,32767,32767,32767,32767,32767,32767,3460.0,17065.0
4853.0,4663.0,19442,32767,32767,32767,32767,32767,32767,32767,32767,32767,32767,5027.0,12992.0
3228.0,3379.0,17102,32767,32767,32767,32767,32767,32767,32767,32767,32767,32767,3315.0,15206.0
3337.0,3458.0,16022,32767,32767,32767,32767,32767,32767,32767,32767,32767,32767,3387.0,15249.0
3074.0,2882.0,14942,32767,32767,32767,32767,32767,32767,32767,32767,32767,32767,3715.0,16527.0
4084.0,3982.0,18362,32767,32767,32767,32767,32767,32767,32767,32767,32767,32767,4407.0,14177.0
3030.0,3117.0,17282,32767,32767,32767,32767,32767,32767,32767,32767,32767,32767,3315.0,15641.0
3272.0,3301.0,16562,32767,32767,32767,32767,32767,32767,32767,32767,32767,32767,3387.0,15428.0
2591.0,3589.0,19982,32767,32767,32767,32767,32767,32767,32767,32767,32767,32767,3679.0,14686.0
2832.0,3484.0,19082,32767,32767,32767,32767,32767,32767,32767,32767,32767,32767,3606.0,14914.0
2218.0,2436.0,17102,32767,32767,32767,32767,32767,32767,32767,32767,32767,32767,2914.0,16907.0
3513.0,3432.0,16022,32767,32767,32767,32767,32767,32767,32767,32767,32767,32767,4371.0,15502.0
2174.0,2410.0,17102,32767,32767,32767,32767,32767,32767,32767,32767,32767,32767,2841.0,16934.0
4633.0,4768.0,17462,32767,32767,32767,32767,32767,32767,32767,32767,32767,32767,4225.0,13085.0
3447.0,3432.0,16022,32767,32767,32767,32767,32767,32767,32767,32767,32767,32767,3387.0,15258.0
3755.0,3746.0,14942,32767,32767,32767,32767,32767,32767,32767,32767,32767,32767,3497.0,14877.0
4479.0,4506.0,19802,32767,32767,32767,32767,32767,32767,32767,32767,32767,32767,4298.0,13109.0
2152.0,2751.0,20702,32767,32767,32767,32767,32767,32767,32767,32767,32767,32767,3242.0,15793.0
2064.0,2384.0,16382,32767,32767,32767,32767,32767,32767,32767,32767,32767,32767,2586.0,17022.0
3908.0,3982.0,18182,32767,32767,32767,32767,32767,32767,32767,32767,32767,32767,3825.0,14120.0
3096.0,3091.0,16382,32767,32767,32767,32767,32767,32767,32767,32767,32767,32767,3570.0,15902.0
3206.0,3510.0,18722,32767,32767,32767,32767,32767,32767,32767,32767,32767,32767,3497.0,14799.0
1866.0,2331.0,16562,32767,32767,32767,32767,32767,32767,32767,32767,32767,32767,2659.0,17182.0
2108.0,2541.0,17462,32767,32767,32767,32767,32767,32767,32767,32767,32767,32767,2732.0,16595.0
4501.0,4401.0,15122,32767,32767,32767,32767,32767,32767,32767,32767,32767,32767,4043.0,13861.0
4260.0,4113.0,15662,32767,32767,32767,32767,32767,32767,32767,32767,32767,32767,4298.0,14323.0
3074.0,2986.0,16202,32767,32767,32767,32767,32767,32767,32767,32767,32767,32767,4298.0,16292.0
3316.0,3353.0,17462,32767,32767,32767,32767,32767,32767,32767,32767,32767,32767,3606.0,15258.0
5028.0,4951.0,17282,32767,32767,32767,32767,32767,32767,32767,32767,32767,32767,4662.0,12853.0
5401.0,5449.0,20522,32767,32767,32767,32767,32767,32767,32767,32767,32767,32767,4954.0,11713.0
1449.0,1179.0,5581,11241,11898,11926,11595,16271,32767,32767,32767,32767,32767,1712.0,17300.0
1383.0,1310.0,9361,17799,18343,11926,13426,15593,32767,32767,32767,32767,32767,2295.0,17300.0
1098.0,864.0,6661,14520,13881,15179,15257,17627,32767,32767,32767,32767,32767,1311.0,17300.0
1142.0,969.0,6481,14052,14872,15721,14036,17627,32767,32767,32767,32767,32767,1238.0,17300.0
1449.0,1126.0,9181,15457,15864,16263,15257,16949,32767,32767,32767,32767,32767,2914.0,17300.0
1405.0,1153.0,9001,15457,16855,16805,17088,18983,32767,32767,32767,32767,32767,2586.0,17300.0
1383.0,1048.0,7021,15457,14377,16805,15867,20339,32767,32767,32767,32767,32767,2113.0,17300.0
1449.0,1179.0,6121,15925,14872,16805,15867,22373,32767,32767,32767,32767,32767,2076.0,17300.0
1427.0,1074.0,9361,15925,16360,17347,17088,18983,32767,32767,32767,32767,32767,3497.0,17300.0
1230.0,969.0,8641,15925,16855,17347,18308,20339,32767,32767,32767,32767,32767,2440.0,17300.0
1405.0,1126.0,9361,15457,16855,17890,17698,18983,32767,32767,32767,32767,32767,3096.0,17300.0
1274.0,1074.0,9361,16394,17847,17890,17698,20339,32767,32767,32767,32767,32767,2513.0,17300.0
1295.0,1048.0,8821,16394,18343,17890,18918,22373,32767,32767,32767,32767,32767,2331.0,17300.0
2020.0,1703.0,8821,16394,16855,18432,18918,21017,32767,32767,32767,32767,32767,3861.0,17300.0
1449.0,1257.0,9181,16862,17847,18432,17088,21017,32767,32767,32767,32767,32767,2695.0,17300.0
1295.0,1126.0,9361,16862,18343,18432,19529,21017,32767,32767,32767,32767,32767,2295.0,17300.0
1295.0,1074.0,9361,17331,19334,18432,20139,21695,32767,32767,32767,32767,32767,2258.0,17300.0
1274.0,1074.0,9001,17331,18343,18432,18308,20339,32767,32767,32767,32767,32767,2258.0,17300.0
1317.0,1048.0,10081,17331,20326,18432,18308,20339,32767,32767,32767,32767,32767,3060.0,17300.0
1735.0,1519.0,9901,16394,17351,18974,18918,18983,32767,32767,32767,32767,32767,2805.0,17300.0
1317.0,1153.0,9721,18267,19334,18974,19529,21017,32767,32767,32767,32767,32767,2295.0,17300.0
1339.0,1310.0,10261,18736,19830,18974,20139,22373,32767,32767,32767,32767,32767,2295.0,17300.0
1537.0,1257.0,10081,16862,18343,19516,18918,19661,32767,32767,32767,32767,32767,3351.0,17300.0
1295.0,1048.0,9541,16862,19334,19516,18918,21017,32767,32767,32767,32767,32767,2659.0,17300.0
1493.0,1153.0,9901,17331,19334,19516,17698,19661,32767,32767,32767,32767,32767,3715.0,17300.0
1295.0,1022.0,10081,17799,18838,19516,20139,22373,32767,32767,32767,32767,32767,2950.0,17300.0
1383.0,1257.0,9541,17799,19830,19516,20139,21695,32767,32767,32767,32767,32767,2331.0,17300.0
1339.0,1179.0,10261,18267,19334,19516,20749,21017,32767,32767,32767,32767,32767,2404.0,17300.0
1691.0,1546.0,9901,18267,19334,19516,21359,22373,32767,32767,32767,32767,32767,2586.0,17300.0
1317.0,1100.0,10441,18736,19830,20058,20139,23051,32767,32767,32767,32767,32767,2550.0,17300.0
1493.0,1362.0,9901,19673,21317,20058,19529,23051,32767,32767,32767,32767,32767,2368.0,17300.0
1317.0,1048.0,10801,19673,21317,20058,21359,22373,32767,32767,32767,32767,32767,3315.0,17300.0
1559.0,1179.0,9901,17331,18343,20600,18308,21017,32767,32767,32767,32767,32767,3570.0,17300.0
1295.0,1100.0,9721,17799,20326,20600,20749,21017,32767,32767,32767,32767,32767,2258.0,17300.0
1383.0,1310.0,10441,18267,20326,20600,21359,22373,32767,32767,32767,32767,32767,2477.0,17300.0
1515.0,1493.0,10261,18736,19830,20600,18918,21017,32767,32767,32767,32767,32767,2841.0,17300.0
1471.0,1441.0,9541,18736,20326,20600,21970,23051,32767,32767,32767,32767,32767,1785.0,17300.0
1471.0,1205.0,10621,18736,19830,20600,19529,21695,32767,32767,32767,32767,32767,3315.0,17300.0
1383.0,1231.0,10621,18736,20326,21142,22580,22373,32767,32767,32767,32767,32767,2295.0,17300.0
1339.0,1257.0,10981,18736,20821,21142,21970,23051,32767,32767,32767,32767,32767,2295.0,17300.0
1339.0,1153.0,10441,18736,21317,21142,21359,23729,32767,32767,32767,32767,32767,2331.0,17300.0
1559.0,1257.0,11521,18736,20821,21142,18918,21017,32767,32767,32767,32767,32767,3825.0,17300.0
1449.0,1284.0,10981,18736,21317,21142,20749,22373,32767,32767,32767,32767,32767,2659.0,17300.0
1339.0,1284.0,9901,19204,21317,21142,22580,24407,32767,32767,32767,32767,32767,1894.0,17300.0
1471.0,1388.0,10441,19204,20821,21142,20749,21695,32767,32767,32767,32767,32767,2550.0,17300.0
1405.0,1205.0,11161,20141,21317,21142,22580,23729,32767,32767,32767,32767,32767,2841.0,17300.0
1339.0,1179.0,9901,18267,21317,21684,22580,25085,32767,32767,32767,32767,32767,2258.0,17300.0
1603.0,1493.0,10261,18267,19334,21684,21359,22373,32767,32767,32767,32767,32767,2950.0,17300.0
1471.0,1388.0,10441,19673,20821,21684,21970,23051,32767,32767,32767,32767,32767,2368.0,17300.0
1493.0,1362.0,10441,20141,23300,21684,23801,24407,32767,32767,32767,32767,32767,2477.0,17300.0
1383.0,1231.0,10441,20141,21317,21684,22580,23729,32767,32767,32767,32767,32767,2440.0,17300.0
1515.0,1415.0,11701,20609,22309,21684,21359,22373,32767,32767,32767,32767,32767,3133.0,17300.0
1339.0,1336.0,10801,20609,21813,21684,22580,23729,32767,32767,32767,32767,32767,2185.0,17300.0
1515.0,1362.0,10081,20141,21317,22226,21970,24407,32767,32767,32767,32767,32767,2368.0,17300.0
2306.0,1965.0,11161,20141,21317,22226,23190,25085,32767,32767,32767,32767,32767,3861.0,17300.0
1405.0,1336.0,10441,20141,21813,22226,22580,25085,32767,32767,32767,32767,32767,1967.0,17300.0
1559.0,1388.0,11341,20141,22309,22226,22580,23051,32767,32767,32767,32767,32767,2768.0,17300.0
1405.0,1231.0,11341,20609,21317,22226,22580,24407,32767,32767,32767,32767,32767,2623.0,17300.0
1515.0,1467.0,11161,21078,22804,22226,23190,23729,32767,32767,32767,32767,32767,2331.0,17300.0
1427.0,1310.0,10081,19204,20326,22769,23801,24407,32767,32767,32767,32767,32767,2258.0,17300.0
1603.0,1362.0,10621,19204,22309,22769,21970,24407,32767,32767,32767,32767,32767,2950.0,17300.0
1405.0,1415.0,10801,21078,22804,22769,25021,27119,32767,32767,32767,32767,32767,2440.0,17300.0
1317.0,1284.0,10621,21078,21813,22769,22580,23051,32767,32767,32767,32767,32767,2404.0,17300.0
1383.0,1336.0,11521,21546,23300,22769,22580,24407,32767,32767,32767,32767,32767,2440.0,17300.0
1493.0,1415.0,11521,20141,21813,23311,23190,24407,32767,32767,32767,32767,32767,2550.0,17300.0
1493.0,1467.0,11701,21078,23796,23311,25021,25085,32767,32767,32767,32767,32767,2404.0,17300.0
1581.0,1624.0,11701,21546,24292,23311,23801,25763,32767,32767,32767,32767,32767,2368.0,17300.0
1537.0,1519.0,11161,20141,22804,23853,22580,22373,32767,32767,32767,32767,32767,2222.0,17300.0
1471.0,1362.0,10981,20609,21813,23853,23801,23051,32767,32767,32767,32767,32767,2550.0,17300.0
2196.0,1912.0,11701,21078,24292,23853,23801,26441,32767,32767,32767,32767,32767,3861.0,17300.0
1383.0,1284.0,11161,21078,23796,23853,24411,26441,32767,32767,32767,32767,32767,2258.0,17300.0
1493.0,1362.0,11521,21546,23796,23853,23190,24407,32767,32767,32767,32767,32767,2185.0,17300.0
1449.0,1362.0,11881,22014,23796,23853,25021,23051,32767,32767,32767,32767,32767,2440.0,17300.0
1274.0,1519.0,10441,21546,21317,24395,24411,26441,32767,32767,32767,32767,32767,1785.0,17300.0
1252.0,1074.0,10081,22014,23796,24395,26852,28475,32767,32767,32767,32767,32767,2076.0,17300.0
1603.0,1546.0,11701,20609,23796,24937,23190,25085,32767,32767,32767,32767,32767,2258.0,17300.0
1625.0,1781.0,11701,21546,23796,24937,25631,26441,32767,32767,32767,32767,32767,2440.0,17300.0
1998.0,1912.0,10621,22014,22309,24937,25631,26441,32767,32767,32767,32767,32767,2368.0,17300.0
1383.0,1415.0,11701,22014,23300,24937,25631,26441,32767,32767,32767,32767,32767,2295.0,17300.0
1515.0,1441.0,11701,22483,24787,24937,25021,25085,32767,32767,32767,32767,32767,2295.0,17300.0
1427.0,1336.0,12241,23420,24292,24937,25021,25085,32767,32767,32767,32767,32767,2368.0,17300.0
1515.0,1546.0,11881,23888,25779,24937,26242,27119,32767,32767,32767,32767,32767,2185.0,17300.0
1647.0,1336.0,11341,22014,23796,25479,25021,27119,32767,32767,32767,32767,32767,4225.0,17300.0
1493.0,1441.0,12241,22483,25779,25479,25021,24407,32767,32767,32767,32767,32767,2659.0,17300.0
1581.0,1546.0,12061,22483,25779,25479,25631,25085,32767,32767,32767,32767,32767,2331.0,17300.0
1537.0,1493.0,12782,23420,24787,25479,26242,27119,32767,32767,32767,32767,32767,2586.0,17300.0
1603.0,1624.0,12421,23420,26770,25479,26242,27119,32767,32767,32767,32767,32767,2149.0,17300.0
1647.0,1755.0,12782,23888,26770,25479,26852,27119,32767,32767,32767,32767,32767,2440.0,17300.0
1559.0,1624.0,11701,23888,25779,25479,25631,27119,32767,32767,32767,32767,32767,2076.0,17300.0
2327.0,2122.0,11521,22483,25283,26021,26852,29831,32767,32767,32767,32767,32767,3096.0,17300.0
1603.0,1755.0,12421,22951,25779,26021,26852,26441,32767,32767,32767,32767,32767,2404.0,17300.0
1537.0,1388.0,10981,23420,25283,26021,28072,29153,32767,32767,32767,32767,32767,2477.0,17300.0
1537.0,1415.0,11701,23420,26275,26021,28683,29831,32767,32767,32767,32767,32767,2295.0,17300.0
2745.0,2489.0,10981,23888,26275,26021,26242,30509,32767,32767,32767,32767,32767,3606.0,17300.0
1603.0,1284.0,9181,21078,22309,26563,26242,29831,32767,32767,32767,32767,32767,2331.0,17300.0
1647.0,1624.0,11701,23420,23796,26563,26242,28475,32767,32767,32767,32767,32767,2258.0,17300.0
1888.0,1834.0,12962,23888,27762,26563,26852,26441,32767,32767,32767,32767,32767,2768.0,17300.0
1779.0,1755.0,13142,25762,28258,26563,27462,27797,32767,32767,32767,32767,32767,3023.0,17300.0
1493.0,1938.0,12241,23420,24787,27105,26242,27119,32767,32767,32767,32767,32767,2659.0,17300.0
2525.0,2279.0,11521,23888,26770,27105,28072,31865,32767,32767,32767,32767,32767,3825.0,17300.0
1471.0,1441.0,11881,24356,25779,27105,25631,25763,32767,32767,32767,32767,32767,2368.0,17300.0
1625.0,1703.0,13682,25293,28258,27105,28072,27797,32767,32767,32767,32767,32767,2222.0,17300.0
2525.0,2410.0,12241,25293,28753,27105,29293,31865,32767,32767,32767,32767,32767,3351.0,17300.0
1800.0,1991.0,13862,23420,26770,27648,26242,27797,32767,32767,32767,32767,32767,2768.0,17300.0
1559.0,1546.0,12782,23888,26275,27648,28683,27797,32767,32767,32767,32767,32767,2295.0,17300.0
1449.0,1362.0,13502,24356,26770,27648,28683,29153,32767,32767,32767,32767,32767,2732.0,17300.0
1779.0,1755.0,12061,24356,27762,28190,30514,31865,32767,32767,32767,32767,32767,2258.0,17300.0
1603.0,1467.0,13502,24356,26770,28190,28072,27797,32767,32767,32767,32767,32767,3205.0,17300.0
1822.0,1912.0,12962,25293,28258,28190,31124,31187,32767,32767,32767,32767,32767,2623.0,17300.0
1559.0,1415.0,11521,25293,27762,28190,32344,31187,32767,32767,32767,32767,32767,2076.0,17300.0
1757.0,1886.0,13322,25762,29745,28190,29293,28475,32767,32767,32767,32767,32767,2513.0,17300.0
1559.0,1598.0,12962,26230,27762,28190,28683,29153,32767,32767,32767,32767,32767,2113.0,17300.0
1757.0,1860.0,13502,24825,29249,28732,29293,28475,32767,32767,32767,32767,32767,2513.0,17300.0
1669.0,1519.0,13682,24825,28258,28732,29293,27797,32767,32767,32767,32767,32767,2805.0,17300.0
1866.0,1938.0,12421,25293,28753,28732,29903,28475,32767,32767,32767,32767,32767,2258.0,17300.0
1910.0,1991.0,12241,25293,27762,28732,30514,29831,32767,32767,32767,32767,32767,2477.0,17300.0
1735.0,1860.0,13862,25762,27762,28732,30514,30509,32767,32767,32767,32767,32767,2586.0,17300.0
1932.0,2017.0,14042,24356,28258,29274,30514,28475,32767,32767,32767,32767,32767,3242.0,17300.0
1713.0,2017.0,13862,24825,26770,29274,29903,29153,32767,32767,32767,32767,32767,2695.0,17300.0
1669.0,1703.0,13862,26230,29745,29274,29293,29153,32767,32767,32767,32767,32767,2550.0,17300.0
1669.0,1860.0,13502,27167,28258,29274,29903,31187,32767,32767,32767,32767,32767,2185.0,17300.0
1713.0,1755.0,14582,26698,30241,29816,29293,29153,32767,32767,32767,32767,32767,2695.0,17300.0
1647.0,1781.0,14762,27167,31232,29816,29903,29153,32767,32767,32767,32767,32767,2805.0,17300.0
1537.0,1807.0,12782,23888,26770,30358,30514,29153,32767,32767,32767,32767,32767,2185.0,17300.0
1976.0,1834.0,13682,23888,26275,30358,28683,27119,32767,32767,32767,32767,32767,3642.0,17300.0
1888.0,2069.0,13322,25762,27762,30358,30514,29831,32767,32767,32767,32767,32767,2331.0,17300.0
1625.0,1755.0,14222,26230,30241,30358,29293,28475,32767,32767,32767,32767,32767,2440.0,17300.0
1625.0,1729.0,14042,26230,29745,30358,29903,29831,32767,32767,32767,32767,32767,2185.0,17300.0
1537.0,1781.0,13322,26698,30736,30358,31734,32543,32767,32767,32767,32767,32767,2076.0,17300.0
1932.0,2017.0,13862,28104,30736,30900,32767,32767,32767,32767,32767,32767,32767,2878.0,17300.0
2086.0,2227.0,14942,27635,30241,31442,31734,32543,32767,32767,32767,32767,32767,3060.0,17300.0
1713.0,2305.0,14042,26698,29249,31984,32344,30509,32767,32767,32767,32767,32767,2586.0,17300.0
2437.0,2305.0,13502,26698,29745,31984,32344,32767,32767,32767,32767,32767,32767,3133.0,17300.0
1537.0,1624.0,14402,29509,31232,31984,32767,32767,32767,32767,32767,32767,32767,2040.0,17300.0
1515.0,1677.0,14222,27635,29745,32527,32767,32767,32767,32767,32767,32767,32767,2185.0,17300.0
1735.0,1886.0,15122,27635,30736,32527,32767,31865,32767,32767,32767,32767,32767,2368.0,17300.0
1647.0,1677.0,14582,28104,30736,32527,32767,32543,32767,32767,32767,32767,32767,2768.0,17300.0
1779.0,2174.0,14402,28572,29745,32527,32767,32767,32767,32767,32767,32767,32767,2440.0,17300.0
1405.0,1834.0,13502,28572,29249,32527,32767,32767,32767,32767,32767,32767,32767,2368.0,17300.0
1800.0,1938.0,14222,26698,27762,32767,32767,32767,32767,32767,32767,32767,32767,2185.0,17300.0
1647.0,2305.0,15122,27635,29745,32767,32767,32767,32767,32767,32767,32767,32767,2586.0,17300.0
2042.0,2148.0,14762,28104,29249,32767,32767,32767,32767,32767,32767,32767,32767,2513.0,17300.0
1647.0,2043.0,14582,28104,31232,32767,32767,32767,32767,32767,32767,32767,32767,2404.0,17300.0
1691.0,2227.0,16022,28572,31232,32767,32767,32767,32767,32767,32767,32767,32767,2914.0,17300.0
1932.0,2253.0,14762,28572,32224,32767,32767,32543,32767,32767,32767,32767,32767,3278.0,17300.0
1844.0,1860.0,14402,28572,31232,32767,32767,32767,32767,32767,32767,32767,32767,2732.0,17300.0
1537.0,1703.0,14582,28572,31728,32767,32767,32767,32767,32767,32767,32767,32767,2040.0,17300.0
1800.0,2069.0,14942,29040,32767,32767,32767,32767,32767,32767,32767,32767,32767,2368.0,17300.0
1779.0,1860.0,15302,29040,32224,32767,32767,32767,32767,32767,32767,32767,32767,2586.0,17300.0
1625.0,1755.0,15662,29509,32719,32767,32767,32543,32767,32767,32767,32767,32767,2404.0,17300.0
1471.0,1624.0,14942,29509,32719,32767,32767,32767,32767,32767,32767,32767,32767,2003.0,17300.0
1515.0,1598.0,14402,29509,32224,32767,32767,32767,32767,32767,32767,32767,32767,2113.0,17300.0
1625.0,1834.0,15122,29509,31232,32767,32767,32767,32767,32767,32767,32767,32767,2222.0,17300.0
1800.0,2043.0,14762,29509,31728,32767,32767,32767,32767,32767,32767,32767,32767,2659.0,17300.0
1976.0,2069.0,15482,29977,32224,32767,32767,32767,32767,32767,32767,32767,32767,3533.0,17300.0
2042.0,2436.0,14762,30446,32767,32767,32767,32767,32767,32767,32767,32767,32767,2878.0,17300.0
1559.0,1886.0,14762,30446,32767,32767,32767,32767,32767,32767,32767,32767,32767,2222.0,17300.0
1625.0,1781.0,14582,30446,32767,32767,32767,32767,32767,32767,32767,32767,32767,2003.0,17300.0
1647.0,1912.0,15482,30446,32767,32767,32767,32767,32767,32767,32767,32767,32767,2222.0,17300.0
1559.0,1912.0,15302,30446,32767,32767,32767,32767,32767,32767,32767,32767,32767,2222.0,17300.0
1910.0,2174.0,15842,30914,32767,32767,32767,32767,32767,32767,32767,32767,32767,2586.0,17300.0
1647.0,1807.0,14942,30914,32767,32767,32767,32767,32767,32767,32767,32767,32767,2185.0,17300.0
1493.0,1415.0,14222,30914,32767,32767,32767,32767,32767,32767,32767,32767,32767,2331.0,17300.0
2349.0,2069.0,14222,30914,32767,32767,32767,32767,32767,32767,32767,32767,32767,2695.0,17300.0
2503.0,2384.0,14762,30914,32767,32767,32767,32767,32767,32767,32767,32767,32767,3133.0,17300.0
1932.0,2174.0,16742,31382,32767,32767,32767,32767,32767,32767,32767,32767,32767,2732.0,17300.0
1603.0,2017.0,15662,31382,32767,32767,32767,32767,32767,32767,32767,32767,32767,2331.0,17300.0
1493.0,1781.0,15302,31382,32767,32767,32767,32767,32767,32767,32767,32767,32767,2040.0,17300.0
2108.0,2358.0,15482,31851,32767,32767,32767,32767,32767,32767,32767,32767,32767,3133.0,17300.0
1515.0,2069.0,15302,31851,32767,32767,32767,32767,32767,32767,32767,32767,32767,2258.0,17300.0
2262.0,2279.0,14942,31851,32767,32767,32767,32767,32767,32767,32767,32767,32767,3315.0,17300.0
1691.0,1912.0,16022,32319,32767,32767,32767,32767,32767,32767,32767,32767,32767,2295.0,17300.0
1559.0,2043.0,16022,32319,32767,32767,32767,32767,32767,32767,32767,32767,32767,2404.0,17300.0
2064.0,2174.0,15482,32319,32767,32767,32767,32767,32767,32767,32767,32767,32767,2477.0,17300.0
1691.0,2174.0,17102,32767,32767,32767,32767,32767,32767,32767,32767,32767,32767,2586.0,17300.0
1405.0,1938.0,16202,32767,32767,32767,32767,32767,32767,32767,32767,32767,32767,2404.0,17300.0
1559.0,1938.0,16562,32767,32767,32767,32767,32767,32767,32767,32767,32767,32767,2440.0,17300.0
1405.0,2069.0,17642,32767,32767,32767,32767,32767,32767,32767,32767,32767,32767,2149.0,17300.0
2108.0,2227.0,16202,32767,32767,32767,32767,32767,32767,32767,32767,32767,32767,2623.0,17300.0
1757.0,2043.0,16202,32767,32767,32767,32767,32767,32767,32767,32767,32767,32767,2404.0,17300.0
1910.0,2148.0,17462,32767,32767,32767,32767,32767,32767,32767,32767,32767,32767,2841.0,17300.0
1713.0,1991.0,17462,32767,32767,32767,32767,32767,32767,32767,32767,32767,32767,2295.0,17300.0
1323.0,1002.0,9085,14106,14930,15003,14902,16004,32767,32767,32767,32767,32767,3024.0,25000.0
1198.0,896.0,8209,14112,15340,15009,14908,16562,32767,32767,32767,32767,32767,2551.0,25000.0
1252.0,960.0,9089,14875,15340,15009,16399,17666,32767,32767,32767,32767,32767,3055.0,25000.0
1287.0,959.0,9085,15631,15737,15444,15896,17107,32767,32767,32767,32767,32767,3024.0,25000.0
1289.0,1025.0,9538,14890,16568,15466,16416,17132,32767,32767,32767,32767,32767,2910.0,25000.0
1305.0,1002.0,9378,14869,16544,15885,15896,16004,32767,32767,32767,32767,32767,2965.0,25000.0
1305.0,1002.0,9525,15631,16544,15885,15896,17107,32767,32767,32767,32767,32767,2965.0,25000.0
1287.0,1002.0,8792,15631,15737,15885,16392,17659,32767,32767,32767,32767,32767,2728.0,25000.0
1252.0,981.0,8502,15638,16551,15892,16896,18218,32767,32767,32767,32767,32767,2432.0,25000.0
1234.0,981.0,8795,15638,16551,15892,16896,17114,32767,32767,32767,32767,32767,2373.0,25000.0
1287.0,1023.0,9525,14869,16948,16326,17883,17107,32767,32767,32767,32767,32767,2757.0,25000.0
1323.0,1045.0,9671,15250,17351,16326,16889,16555,32767,32767,32767,32767,32767,2906.0,25000.0
1305.0,1023.0,9085,15250,16544,16326,15896,16555,32767,32767,32767,32767,32767,2639.0,25000.0
1287.0,1023.0,9525,15631,16544,16326,16889,17659,32767,32767,32767,32767,32767,2906.0,25000.0
1287.0,1023.0,9231,15631,16948,16326,17386,18211,32767,32767,32767,32767,32767,2639.0,25000.0
1287.0,1109.0,9378,15631,17351,16326,16392,17107,32767,32767,32767,32767,32767,2728.0,25000.0
1269.0,981.0,9671,15631,17351,16326,17386,17659,32767,32767,32767,32767,32767,2639.0,25000.0
1287.0,1066.0,9525,16013,17755,16326,16889,17659,32767,32767,32767,32767,32767,2728.0,25000.0
1234.0,981.0,8649,15256,16147,16333,16399,16562,32767,32767,32767,32767,32767,2877.0,25000.0
1252.0,1024.0,9235,15638,16551,16333,16896,17666,32767,32767,32767,32767,32767,2788.0,25000.0
1253.0,940.0,9685,15272,16568,16350,15421,16026,32767,32767,32767,32767,32767,3296.0,25000.0
1271.0,1025.0,9538,15654,16568,16350,16416,17132,32767,32767,32767,32767,32767,2910.0,25000.0
1340.0,1109.0,9231,15631,17351,16768,17386,17659,32767,32767,32767,32767,32767,2787.0,25000.0
1287.0,981.0,9525,15631,17351,16768,16889,17107,32767,32767,32767,32767,32767,3113.0,25000.0
1305.0,1023.0,9818,15631,16948,16768,16392,17107,32767,32767,32767,32767,32767,2846.0,25000.0
1305.0,1023.0,10111,16013,17351,16768,17386,16555,32767,32767,32767,32767,32767,3083.0,25000.0
1269.0,1002.0,9231,16394,16544,16768,17386,17107,32767,32767,32767,32767,32767,2965.0,25000.0
1252.0,939.0,9089,15638,17358,16775,16896,17666,32767,32767,32767,32767,32767,2699.0,25000.0
1287.0,981.0,9528,16019,17762,16775,16896,17666,32767,32767,32767,32767,32767,2699.0,25000.0
1269.0,1045.0,9675,16019,17762,16775,17393,17666,32767,32767,32767,32767,32767,2729.0,25000.0
1269.0,1003.0,9235,16019,17358,16775,16896,18771,32767,32767,32767,32767,32767,2699.0,25000.0
1252.0,1003.0,9089,16401,17358,16775,17890,18771,32767,32767,32767,32767,32767,2462.0,25000.0
1269.0,960.0,8942,16401,17358,16775,17393,18218,32767,32767,32767,32767,32767,2521.0,25000.0
1307.0,1025.0,9538,16799,17376,16792,18405,17684,32767,32767,32767,32767,32767,2761.0,25000.0
1287.0,1066.0,10111,15631,17351,17209,16889,18211,32767,32767,32767,32767,32767,2965.0,25000.0
1323.0,1066.0,9964,15631,16948,17209,16889,17659,32767,32767,32767,32767,32767,3024.0,25000.0
1287.0,1023.0,9964,16013,17755,17209,17386,17659,32767,32767,32767,32767,32767,2787.0,25000.0
1233.0,981.0,9378,16013,17755,17209,17883,17107,32767,32767,32767,32767,32767,2579.0,25000.0
1287.0,1045.0,9671,16394,17351,17209,17386,18211,32767,32767,32767,32767,32767,2728.0,25000.0
1323.0,1087.0,9818,16394,16948,17209,17386,17659,32767,32767,32767,32767,32767,2698.0,25000.0
1287.0,1002.0,10257,16394,17755,17209,17386,17107,32767,32767,32767,32767,32767,3261.0,25000.0
1305.0,1087.0,9964,16394,18562,17209,18379,18763,32767,32767,32767,32767,32767,2550.0,25000.0
1305.0,1109.0,10257,16775,18562,17209,18379,18763,32767,32767,32767,32767,32767,2757.0,25000.0
1287.0,1045.0,9818,16775,17755,17209,18379,18211,32767,32767,32767,32767,32767,2668.0,25000.0
1180.0,875.0,8942,15638,16147,17216,16399,16010,32767,32767,32767,32767,32767,3233.0,25000.0
1305.0,1045.0,9968,16019,18166,17216,17890,18218,32767,32767,32767,32767,32767,2640.0,25000.0
1252.0,960.0,9089,16019,17762,17216,17890,17666,32767,32767,32767,32767,32767,2788.0,25000.0
1287.0,1024.0,9822,16782,18570,17216,18884,18771,32767,32767,32767,32767,32767,2610.0,25000.0
1323.0,1045.0,9968,17545,18570,17216,18884,19323,32767,32767,32767,32767,32767,2936.0,25000.0
1307.0,1004.0,9685,15654,17376,17233,16913,17132,32767,32767,32767,32767,32767,2910.0,25000.0
1287.0,1045.0,9378,16394,18158,17650,18379,19315,32767,32767,32767,32767,32767,2609.0,25000.0
1305.0,1066.0,9964,16775,18158,17650,17883,18763,32767,32767,32767,32767,32767,2609.0,25000.0
1340.0,1045.0,9818,16775,19369,17650,18379,18763,32767,32767,32767,32767,32767,2431.0,25000.0
1358.0,1130.0,10404,17156,18965,17650,18379,19867,32767,32767,32767,32767,32767,2609.0,25000.0
1234.0,1024.0,9528,16019,18166,17658,18387,19323,32767,32767,32767,32767,32767,2432.0,25000.0
1269.0,1024.0,9235,16401,17762,17658,17890,19323,32767,32767,32767,32767,32767,2402.0,25000.0
1323.0,1173.0,9822,16401,17762,17658,18884,18771,32767,32767,32767,32767,32767,2343.0,25000.0
1323.0,1131.0,10408,16782,18570,17658,18387,17666,32767,32767,32767,32767,32767,2580.0,25000.0
1287.0,1088.0,10115,17163,18570,17658,18884,17666,32767,32767,32767,32767,32767,2402.0,25000.0
1307.0,1025.0,9978,16417,17780,17675,17908,18789,32767,32767,32767,32767,32767,2969.0,25000.0
1324.0,1110.0,10272,16417,18184,17675,17908,19342,32767,32767,32767,32767,32767,2910.0,25000.0
1253.0,940.0,9831,16799,18184,17675,17908,17132,32767,32767,32767,32767,32767,3296.0,25000.0
1360.0,1174.0,9978,17181,18588,17675,18903,18789,32767,32767,32767,32767,32767,2791.0,25000.0
1235.0,982.0,9685,17181,18588,17675,17410,19895,32767,32767,32767,32767,32767,2613.0,25000.0
1305.0,1087.0,10111,16394,18562,18092,17883,18763,32767,32767,32767,32767,32767,2698.0,25000.0
1287.0,1130.0,9231,16394,17755,18092,18876,19867,32767,32767,32767,32767,32767,2520.0,25000.0
1305.0,1002.0,10111,16775,18965,18092,17883,19315,32767,32767,32767,32767,32767,2906.0,25000.0
1340.0,1066.0,9671,16775,17755,18092,18379,19867,32767,32767,32767,32767,32767,2757.0,25000.0
1269.0,1087.0,9378,17156,19369,18092,18379,19867,32767,32767,32767,32767,32767,2431.0,25000.0
1376.0,1215.0,10550,17156,19369,18092,18876,18763,32767,32767,32767,32767,32767,2787.0,25000.0
1340.0,1066.0,9525,17538,18965,18092,19373,19315,32767,32767,32767,32767,32767,2698.0,25000.0
1448.0,1151.0,11136,17538,19369,18092,18379,18211,32767,32767,32767,32767,32767,3765.0,25000.0
1323.0,1067.0,9675,16782,18570,18099,19381,18218,32767,32767,32767,32767,32767,2373.0,25000.0
1341.0,1131.0,9675,17163,19377,18099,18387,18771,32767,32767,32767,32767,32767,2284.0,25000.0
1359.0,1088.0,10261,17163,18570,18099,17393,18771,32767,32767,32767,32767,32767,3085.0,25000.0
1341.0,1152.0,9528,17163,19781,18099,18387,18771,32767,32767,32767,32767,32767,2343.0,25000.0
1359.0,1173.0,10261,17545,18570,18099,19381,19323,32767,32767,32767,32767,32767,2729.0,25000.0
1271.0,982.0,9391,16417,18184,18117,17908,18789,32767,32767,32767,32767,32767,2999.0,25000.0
1378.0,1110.0,10418,17181,18992,18117,18903,18789,32767,32767,32767,32767,32767,3058.0,25000.0
1271.0,1046.0,9685,17181,18588,18117,17908,19342,32767,32767,32767,32767,32767,2494.0,25000.0
1253.0,982.0,9685,17181,18588,18117,18903,21000,32767,32767,32767,32767,32767,2672.0,25000.0
1396.0,1217.0,9831,17563,18992,18117,18903,19895,32767,32767,32767,32767,32767,2642.0,25000.0
1305.0,1066.0,9671,16394,18158,18533,17386,18211,32767,32767,32767,32767,32767,2728.0,25000.0
1340.0,1109.0,9671,16775,18562,18533,18876,19315,32767,32767,32767,32767,32767,2668.0,25000.0
1305.0,1066.0,9231,17538,18562,18533,19373,22074,32767,32767,32767,32767,32767,2342.0,25000.0
1340.0,1151.0,10111,17538,18562,18533,19373,19315,32767,32767,32767,32767,32767,2579.0,25000.0
1358.0,1237.0,9818,17538,18562,18533,18379,19315,32767,32767,32767,32767,32767,2313.0,25000.0
1305.0,1151.0,10111,17538,19772,18533,19869,20418,32767,32767,32767,32767,32767,2342.0,25000.0
1340.0,1109.0,10697,17919,19772,18533,20366,20418,32767,32767,32767,32767,32767,2490.0,25000.0
1340.0,1151.0,9964,17919,19369,18533,19373,20418,32767,32767,32767,32767,32767,2461.0,25000.0
1287.0,1024.0,9382,16782,18166,18540,19381,19875,32767,32767,32767,32767,32767,2788.0,25000.0
1323.0,1109.0,10115,17163,19377,18540,18884,19875,32767,32767,32767,32767,32767,2432.0,25000.0
1305.0,1131.0,9235,17545,19377,18540,19381,19875,32767,32767,32767,32767,32767,1869.0,25000.0
1341.0,1067.0,10115,17926,19377,18540,18387,18218,32767,32767,32767,32767,32767,2818.0,25000.0
1269.0,1024.0,10115,18308,19377,18540,19381,19875,32767,32767,32767,32767,32767,2788.0,25000.0
1323.0,1131.0,10115,18308,19781,18540,18884,22083,32767,32767,32767,32767,32767,2610.0,25000.0
1324.0,1004.0,10125,16799,18588,18559,18405,19895,32767,32767,32767,32767,32767,2880.0,25000.0
1342.0,1132.0,10272,17944,19801,18559,18903,19895,32767,32767,32767,32767,32767,2732.0,25000.0
1340.0,1130.0,10404,17156,19369,18974,18876,19315,32767,32767,32767,32767,32767,2846.0,25000.0
1305.0,1130.0,10550,17538,19772,18974,20863,20970,32767,32767,32767,32767,32767,2372.0,25000.0
1358.0,1194.0,10111,17538,19369,18974,19869,20418,32767,32767,32767,32767,32767,2342.0,25000.0
1412.0,1279.0,10843,17538,19772,18974,18876,18763,32767,32767,32767,32767,32767,2728.0,25000.0
1323.0,1109.0,10550,17919,19772,18974,19373,19867,32767,32767,32767,32767,32767,2431.0,25000.0
1340.0,1173.0,10257,17919,19369,18974,19373,20970,32767,32767,32767,32767,32767,2609.0,25000.0
1287.0,1066.0,9671,18300,19772,18974,19869,19867,32767,32767,32767,32767,32767,2164.0,25000.0
1466.0,1194.0,10990,18300,20176,18974,19869,19867,32767,32767,32767,32767,32767,3113.0,25000.0
1305.0,1067.0,9968,17163,18973,18982,19381,19323,32767,32767,32767,32767,32767,2432.0,25000.0
1323.0,1067.0,10115,17163,19781,18982,19381,19875,32767,32767,32767,32767,32767,2758.0,25000.0
1305.0,1109.0,9968,19071,20184,18982,20872,21531,32767,32767,32767,32767,32767,2047.0,25000.0
1359.0,1088.0,10120,17935,20194,18991,19390,19884,32767,32767,32767,32767,32767,2611.0,25000.0
1270.0,1046.0,9680,18698,19790,18991,20384,22093,32767,32767,32767,32767,32767,2285.0,25000.0
1378.0,1153.0,10418,17563,18588,19001,19400,19895,32767,32767,32767,32767,32767,2791.0,25000.0
1324.0,1132.0,9831,17944,19396,19001,20893,21000,32767,32767,32767,32767,32767,2464.0,25000.0
1342.0,1132.0,10125,17944,19396,19001,19400,19342,32767,32767,32767,32767,32767,2583.0,25000.0
1342.0,1174.0,10418,19853,21821,19001,19898,19342,32767,32767,32767,32767,32767,2910.0,25000.0
1305.0,1130.0,10111,16775,19369,19415,18379,19315,32767,32767,32767,32767,32767,2313.0,25000.0
1287.0,1109.0,10257,17538,19369,19415,19373,19867,32767,32767,32767,32767,32767,2342.0,25000.0
1269.0,1066.0,10257,17538,19369,19415,19869,20970,32767,32767,32767,32767,32767,2490.0,25000.0
1340.0,1215.0,10111,17538,19369,19415,20366,19867,32767,32767,32767,32767,32767,2135.0,25000.0
1340.0,1194.0,10550,17919,20176,19415,19869,20418,32767,32767,32767,32767,32767,2490.0,25000.0
1394.0,1279.0,10697,17919,20176,19415,21360,20418,32767,32767,32767,32767,32767,2609.0,25000.0
1376.0,1109.0,10257,17919,19772,19415,19373,19315,32767,32767,32767,32767,32767,2817.0,25000.0
1394.0,1194.0,9964,18300,19772,19415,20863,22626,32767,32767,32767,32767,32767,2639.0,25000.0
1323.0,1194.0,10111,18300,19772,19415,20366,20970,32767,32767,32767,32767,32767,2224.0,25000.0
1376.0,1087.0,10550,19063,19772,19415,20366,19867,32767,32767,32767,32767,32767,2757.0,25000.0
1358.0,1237.0,10404,19444,20983,19415,21856,22074,32767,32767,32767,32767,32767,2075.0,25000.0
1269.0,1088.0,9382,16401,18973,19423,19381,20427,32767,32767,32767,32767,32767,2195.0,25000.0
1269.0,1024.0,9675,17545,19781,19423,20375,20979,32767,32767,32767,32767,32767,2491.0,25000.0
1287.0,1088.0,9382,17545,19781,19423,20872,21531,32767,32767,32767,32767,32767,2165.0,25000.0
1341.0,1131.0,9382,18308,20184,19423,19878,20979,32767,32767,32767,32767,32767,2165.0,25000.0
1341.0,1173.0,10848,18308,20184,19423,19878,21531,32767,32767,32767,32767,32767,2402.0,25000.0
1341.0,1152.0,10115,18308,20184,19423,19381,19875,32767,32767,32767,32767,32767,2195.0,25000.0
1341.0,1152.0,10408,18689,20588,19423,20375,20427,32767,32767,32767,32767,32767,2195.0,25000.0
1359.0,1109.0,10261,18689,20588,19423,20375,20979,32767,32767,32767,32767,32767,2521.0,25000.0
1377.0,1110.0,9973,17935,20194,19432,19887,19332,32767,32767,32767,32767,32767,2582.0,25000.0
1306.0,1110.0,10120,18698,20194,19432,21379,22093,32767,32767,32767,32767,32767,2137.0,25000.0
1377.0,1110.0,10266,18698,19790,19432,19887,21541,32767,32767,32767,32767,32767,2493.0,25000.0
1324.0,1153.0,10565,17181,19801,19443,18903,20447,32767,32767,32767,32767,32767,2791.0,25000.0
1360.0,1217.0,10125,17563,19396,19443,19898,19895,32767,32767,32767,32767,32767,2108.0,25000.0
1378.0,1068.0,9538,17944,19801,19443,19898,19895,32767,32767,32767,32767,32767,2761.0,25000.0
1468.0,1281.0,9978,17944,19396,19443,19400,20447,32767,32767,32767,32767,32767,2583.0,25000.0
1307.0,1046.0,9978,18326,20205,19443,20395,21000,32767,32767,32767,32767,32767,2405.0,25000.0
1289.0,1110.0,10125,18326,20205,19443,20395,20447,32767,32767,32767,32767,32767,2346.0,25000.0
1396.0,1174.0,10565,19472,20609,19443,21390,20447,32767,32767,32767,32767,32767,2256.0,25000.0
1376.0,1194.0,9964,17919,19369,19857,20366,20970,32767,32767,32767,32767,32767,2194.0,25000.0
1376.0,1173.0,10404,18300,20983,19857,20863,20970,32767,32767,32767,32767,32767,2550.0,25000.0
1430.0,1194.0,10404,18300,19772,19857,20863,20970,32767,32767,32767,32767,32767,2965.0,25000.0
1323.0,1173.0,9964,18300,20983,19857,20366,20970,32767,32767,32767,32767,32767,1957.0,25000.0
1305.0,1194.0,9525,18300,19772,19857,20366,21522,32767,32767,32767,32767,32767,2046.0,25000.0
1376.0,1109.0,10257,18300,19369,19857,19869,20970,32767,32767,32767,32767,32767,2846.0,25000.0
1376.0,1173.0,10550,18681,19772,19857,19869,20970,32767,32767,32767,32767,32767,2639.0,25000.0
1358.0,1151.0,10111,18681,19772,19857,20366,21522,32767,32767,32767,32767,32767,2283.0,25000.0
1394.0,1151.0,11283,19063,21387,19857,21360,20970,32767,32767,32767,32767,32767,3054.0,25000.0
1341.0,1152.0,10701,17926,19377,19865,20375,22083,32767,32767,32767,32767,32767,2580.0,25000.0
1323.0,1109.0,10555,17926,20588,19865,20872,21531,32767,32767,32767,32767,32767,2729.0,25000.0
1287.0,1088.0,9528,18308,19781,19865,19878,20979,32767,32767,32767,32767,32767,2225.0,25000.0
1359.0,1195.0,9968,18308,20184,19865,19878,21531,32767,32767,32767,32767,32767,2640.0,25000.0
1359.0,1259.0,10261,18689,20184,19865,21368,21531,32767,32767,32767,32767,32767,2165.0,25000.0
1287.0,1109.0,9968,18689,19781,19865,20375,20427,32767,32767,32767,32767,32767,2254.0,25000.0
1377.0,1131.0,9968,18689,19377,19865,19878,20427,32767,32767,32767,32767,32767,2225.0,25000.0
1377.0,1152.0,10701,18689,19781,19865,20872,20427,32767,32767,32767,32767,32767,2669.0,25000.0
1341.0,1259.0,11141,18689,20184,19865,21368,22083,32767,32767,32767,32767,32767,2640.0,25000.0
1412.0,1259.0,10994,19071,21395,19865,21368,21531,32767,32767,32767,32767,32767,2640.0,25000.0
1377.0,1216.0,10408,19071,19781,19865,20375,21531,32767,32767,32767,32767,32767,2254.0,25000.0
1305.0,1109.0,10408,19452,20588,19865,19878,20427,32767,32767,32767,32767,32767,2669.0,25000.0
1359.0,1088.0,10266,18698,20194,19874,20384,22646,32767,32767,32767,32767,32767,2493.0,25000.0
1324.0,1110.0,10413,19080,20598,19874,20881,22093,32767,32767,32767,32767,32767,2226.0,25000.0
1378.0,1110.0,10712,17944,18992,19885,19898,19895,32767,32767,32767,32767,32767,3207.0,25000.0
1324.0,1110.0,10125,18326,20205,19885,20395,20447,32767,32767,32767,32767,32767,2494.0,25000.0
1486.0,1388.0,10565,18326,20205,19885,20395,20447,32767,32767,32767,32767,32767,2494.0,25000.0
1378.0,1132.0,9831,18708,19801,19885,19400,21000,32767,32767,32767,32767,32767,2761.0,25000.0
1378.0,1196.0,9831,18708,20609,19885,20893,20447,32767,32767,32767,32767,32767,2019.0,25000.0
1396.0,1238.0,11152,18708,20609,19885,20395,21553,32767,32767,32767,32767,32767,2910.0,25000.0
1396.0,1281.0,10272,19090,20205,19885,21390,21553,32767,32767,32767,32767,32767,2405.0,25000.0
1378.0,1174.0,10565,19090,20609,19885,21390,22105,32767,32767,32767,32767,32767,2316.0,25000.0
1324.0,1132.0,10859,19090,19801,19885,20395,21553,32767,32767,32767,32767,32767,2553.0,25000.0
1360.0,1302.0,9538,19472,21013,19885,21887,22105,32767,32767,32767,32767,32767,1900.0,25000.0
1376.0,1237.0,10550,18300,20176,20298,20863,21522,32767,32767,32767,32767,32767,2431.0,25000.0
1358.0,1151.0,10697,18300,20579,20298,21360,20418,32767,32767,32767,32767,32767,2313.0,25000.0
1376.0,1279.0,10404,18300,20579,20298,20366,19315,32767,32767,32767,32767,32767,2283.0,25000.0
1501.0,1194.0,11429,18681,20983,20298,20366,19315,32767,32767,32767,32767,32767,3854.0,25000.0
1376.0,1237.0,10843,19063,21387,20298,22353,22074,32767,32767,32767,32767,32767,2402.0,25000.0
1340.0,1258.0,10257,19063,20983,20298,21360,21522,32767,32767,32767,32767,32767,2342.0,25000.0
1412.0,1237.0,10843,19444,20579,20298,20863,20418,32767,32767,32767,32767,32767,2431.0,25000.0
1358.0,1237.0,11136,19444,22194,20298,21856,20970,32767,32767,32767,32767,32767,2283.0,25000.0
1448.0,1259.0,11141,18689,20588,20306,20375,20427,32767,32767,32767,32767,32767,2996.0,25000.0
1269.0,1088.0,9968,18689,20184,20306,20872,22635,32767,32767,32767,32767,32767,2165.0,25000.0
1341.0,1109.0,10555,19071,20992,20306,20872,20427,32767,32767,32767,32767,32767,2462.0,25000.0
1395.0,1237.0,10701,19452,21395,20306,21368,21531,32767,32767,32767,32767,32767,2432.0,25000.0
1287.0,1067.0,10701,20215,21395,20306,21865,21531,32767,32767,32767,32767,32767,2669.0,25000.0
1306.0,1046.0,10120,18316,19386,20316,21379,22093,32767,32767,32767,32767,32767,2433.0,25000.0
1306.0,1088.0,9533,18698,20194,20316,20881,22093,32767,32767,32767,32767,32767,2018.0,25000.0
1306.0,1088.0,9826,19080,19790,20316,20384,21541,32767,32767,32767,32767,32767,2137.0,25000.0
1271.0,1046.0,10565,17563,19801,20327,19898,19342,32767,32767,32767,32767,32767,2880.0,25000.0
1414.0,1217.0,11152,17563,19801,20327,19898,21000,32767,32767,32767,32767,32767,3088.0,25000.0
1486.0,1260.0,11299,17944,20205,20327,20395,21000,32767,32767,32767,32767,32767,3147.0,25000.0
1324.0,1068.0,10272,18708,20205,20327,20395,22105,32767,32767,32767,32767,32767,2464.0,25000.0
1307.0,1110.0,10418,18708,20609,20327,21390,21000,32767,32767,32767,32767,32767,2346.0,25000.0
1468.0,1238.0,11005,19090,20609,20327,21887,22105,32767,32767,32767,32767,32767,3385.0,25000.0
1324.0,1153.0,10859,19090,21013,20327,21390,23210,32767,32767,32767,32767,32767,2464.0,25000.0
1396.0,1110.0,10272,19090,21013,20327,21390,20447,32767,32767,32767,32767,32767,2672.0,25000.0
1360.0,1174.0,10272,19472,21013,20327,20893,21553,32767,32767,32767,32767,32767,2227.0,25000.0
1323.0,1151.0,9671,18300,20579,20739,20863,21522,32767,32767,32767,32767,32767,2253.0,25000.0
1340.0,1173.0,10404,18681,20579,20739,20863,21522,32767,32767,32767,32767,32767,2313.0,25000.0
1305.0,1215.0,10404,18681,21790,20739,22353,22074,32767,32767,32767,32767,32767,2283.0,25000.0
1394.0,1173.0,10550,19063,20983,20739,21360,21522,32767,32767,32767,32767,32767,2461.0,25000.0
1448.0,1301.0,10257,19063,20579,20739,21360,22074,32767,32767,32767,32767,32767,2313.0,25000.0
1323.0,1130.0,10404,19444,21387,20739,22353,22074,32767,32767,32767,32767,32767,2757.0,25000.0
1376.0,1322.0,10550,19825,21387,20739,21856,22626,32767,32767,32767,32767,32767,2194.0,25000.0
1394.0,1194.0,10843,19825,21387,20739,20366,21522,32767,32767,32767,32767,32767,2520.0,25000.0
1430.0,1258.0,11136,19825,20579,20739,21360,20970,32767,32767,32767,32767,32767,2461.0,25000.0
1323.0,1109.0,10697,19825,20983,20739,21856,22074,32767,32767,32767,32767,32767,2846.0,25000.0
1305.0,1173.0,10261,19071,21799,20748,21865,21531,32767,32767,32767,32767,32767,2225.0,25000.0
1341.0,1216.0,10408,19452,20588,20748,21368,21531,32767,32767,32767,32767,32767,2314.0,25000.0
1395.0,1280.0,10115,19452,20992,20748,21865,22083,32767,32767,32767,32767,32767,2017.0,25000.0
1430.0,1195.0,10261,19833,20992,20748,21368,20979,32767,32767,32767,32767,32767,2195.0,25000.0
1359.0,1173.0,10261,19833,20992,20748,21865,20979,32767,32767,32767,32767,32767,1987.0,25000.0
1430.0,1237.0,10701,19833,21395,20748,21368,20979,32767,32767,32767,32767,32767,2402.0,25000.0
1395.0,1152.0,10560,19080,21002,20757,21379,22646,32767,32767,32767,32767,32767,2522.0,25000.0
1342.0,1110.0,10120,19080,20598,20757,20881,20436,32767,32767,32767,32767,32767,2166.0,25000.0
1449.0,1238.0,9826,19080,21002,20757,21876,22093,32767,32767,32767,32767,32767,2404.0,25000.0
1449.0,1195.0,11146,19461,21405,20757,21876,20989,32767,32767,32767,32767,32767,2671.0,25000.0
1377.0,1110.0,10560,19843,21405,20757,21379,22093,32767,32767,32767,32767,32767,2374.0,25000.0
1378.0,1196.0,11152,18708,21013,20768,21390,22105,32767,32767,32767,32767,32767,2583.0,25000.0
1360.0,1068.0,10859,19090,20609,20768,20893,22105,32767,32767,32767,32767,32767,2969.0,25000.0
1396.0,1196.0,10859,19472,21417,20768,21390,22105,32767,32767,32767,32767,32767,2464.0,25000.0
1503.0,1388.0,10859,19472,21417,20768,22385,22105,32767,32767,32767,32767,32767,2613.0,25000.0
1324.0,1196.0,10272,19853,21821,20768,21887,24316,32767,32767,32767,32767,32767,2227.0,25000.0
1342.0,1153.0,11299,19853,22629,20768,22385,23210,32767,32767,32767,32767,32767,2732.0,25000.0
1396.0,1260.0,11152,20617,22225,20768,22882,23763,32767,32767,32767,32767,32767,2524.0,25000.0
1251.0,1194.0,9671,19063,21387,21180,21856,22626,32767,32767,32767,32767,32767,1720.0,25000.0
1376.0,1258.0,10404,19063,20579,21180,21856,22626,32767,32767,32767,32767,32767,2164.0,25000.0
1376.0,1215.0,10843,19444,20983,21180,21856,22074,32767,32767,32767,32767,32767,2550.0,25000.0
1412.0,1194.0,10111,19444,21790,21180,23843,23729,32767,32767,32767,32767,32767,2372.0,25000.0
1466.0,1301.0,11429,19825,20983,21180,22353,20970,32767,32767,32767,32767,32767,2906.0,25000.0
1412.0,1322.0,10843,20206,22597,21180,23347,22626,32767,32767,32767,32767,32767,2313.0,25000.0
1412.0,1195.0,10994,18689,20588,21189,21865,21531,32767,32767,32767,32767,32767,2818.0,25000.0
1377.0,1131.0,11434,19833,21395,21189,21865,20979,32767,32767,32767,32767,32767,3530.0,25000.0
1377.0,1323.0,10848,20215,22203,21189,21865,22083,32767,32767,32767,32767,32767,2343.0,25000.0
1377.0,1259.0,10408,20215,22203,21189,22362,23187,32767,32767,32767,32767,32767,2017.0,25000.0
1341.0,1216.0,9675,20596,22203,21189,21368,22083,32767,32767,32767,32767,32767,1869.0,25000.0
1430.0,1280.0,10701,20978,21799,21189,21865,22083,32767,32767,32767,32767,32767,2314.0,25000.0
1395.0,1174.0,10706,19080,21002,21199,20384,20436,32767,32767,32767,32767,32767,2404.0,25000.0
1324.0,1067.0,10706,19461,21002,21199,21379,22093,32767,32767,32767,32767,32767,2433.0,25000.0
1359.0,1131.0,10706,19461,21002,21199,21876,23198,32767,32767,32767,32767,32767,2285.0,25000.0
1431.0,1152.0,10413,19843,21809,21199,21876,22093,32767,32767,32767,32767,32767,2285.0,25000.0
1413.0,1238.0,10560,20224,21405,21199,20384,22093,32767,32767,32767,32767,32767,2315.0,25000.0
1395.0,1195.0,10706,20224,21809,21199,21876,22646,32767,32767,32767,32767,32767,2463.0,25000.0
1413.0,1216.0,10560,20606,22213,21199,21876,23198,32767,32767,32767,32767,32767,2374.0,25000.0
1378.0,1174.0,11152,19090,21013,21210,21887,22105,32767,32767,32767,32767,32767,2821.0,25000.0
1307.0,1089.0,9831,19090,20609,21210,21887,22658,32767,32767,32767,32767,32767,1989.0,25000.0
1289.0,1153.0,11005,19472,21417,21210,21887,22105,32767,32767,32767,32767,32767,2613.0,25000.0
1432.0,1260.0,10859,19472,21417,21210,21390,21000,32767,32767,32767,32767,32767,2732.0,25000.0
1396.0,1196.0,11005,19472,21821,21210,21887,22658,32767,32767,32767,32767,32767,2405.0,25000.0
1271.0,1089.0,9831,19853,21417,21210,21887,23210,32767,32767,32767,32767,32767,1960.0,25000.0
1360.0,1217.0,10859,19853,22225,21210,22385,22658,32767,32767,32767,32767,32767,2405.0,25000.0
1450.0,1302.0,11152,20235,21821,21210,22385,22658,32767,32767,32767,32767,32767,2732.0,25000.0
1233.0,1109.0,10404,19063,20983,21622,22353,22074,32767,32767,32767,32767,32767,1957.0,25000.0
1376.0,1130.0,11429,19444,21387,21622,21360,20418,32767,32767,32767,32767,32767,2876.0,25000.0
1466.0,1386.0,11283,19825,22194,21622,22850,21522,32767,32767,32767,32767,32767,2253.0,25000.0
1376.0,1237.0,10550,19825,21790,21622,22850,23178,32767,32767,32767,32767,32767,2194.0,25000.0
1483.0,1322.0,9964,20206,21387,21622,23347,24281,32767,32767,32767,32767,32767,2135.0,25000.0
1412.0,1237.0,10990,20206,22194,21622,22850,22626,32767,32767,32767,32767,32767,2283.0,25000.0
1448.0,1279.0,10697,20206,21790,21622,22353,22074,32767,32767,32767,32767,32767,2372.0,25000.0
1412.0,1301.0,11429,20588,23001,21622,22850,22626,32767,32767,32767,32767,32767,2313.0,25000.0
1394.0,1194.0,11136,20588,23001,21622,23347,23178,32767,32767,32767,32767,32767,2402.0,25000.0
1430.0,1365.0,10990,20588,22597,21622,22353,22074,32767,32767,32767,32767,32767,2253.0,25000.0
1377.0,1301.0,11288,19452,23010,21630,22362,22083,32767,32767,32767,32767,32767,2195.0,25000.0
1395.0,1301.0,10408,22122,23010,21630,23356,23187,32767,32767,32767,32767,32767,1780.0,25000.0
1431.0,1302.0,9826,19843,21809,21641,22870,23198,32767,32767,32767,32767,32767,2196.0,25000.0
1377.0,1195.0,10266,19843,21405,21641,21876,21541,32767,32767,32767,32767,32767,2315.0,25000.0
1467.0,1238.0,11293,20224,21809,21641,22870,22646,32767,32767,32767,32767,32767,2641.0,25000.0
1377.0,1195.0,11000,20224,21809,21641,22870,22646,32767,32767,32767,32767,32767,2433.0,25000.0
1342.0,1216.0,10706,20224,21809,21641,22373,23198,32767,32767,32767,32767,32767,2166.0,25000.0
1395.0,1195.0,10853,20988,21809,21641,22373,22646,32767,32767,32767,32767,32767,2255.0,25000.0
1468.0,1345.0,10565,19853,21821,21652,22882,22658,32767,32767,32767,32767,32767,2227.0,25000.0
1486.0,1302.0,10859,19853,22225,21652,22882,22658,32767,32767,32767,32767,32767,2583.0,25000.0
1432.0,1302.0,11592,19853,21821,21652,22385,22105,32767,32767,32767,32767,32767,2732.0,25000.0
1432.0,1281.0,11005,20235,22629,21652,22385,22105,32767,32767,32767,32767,32767,2375.0,25000.0
1468.0,1431.0,10712,20235,21821,21652,22882,24316,32767,32767,32767,32767,32767,2256.0,25000.0
1378.0,1174.0,11152,20235,21821,21652,22882,24316,32767,32767,32767,32767,32767,2405.0,25000.0
1450.0,1367.0,11299,20235,21821,21652,21887,22105,32767,32767,32767,32767,32767,2464.0,25000.0
1360.0,1260.0,11152,20617,22629,21652,22882,24316,32767,32767,32767,32767,32767,2405.0,25000.0
1432.0,1345.0,11005,20999,22225,21652,22882,23763,32767,32767,32767,32767,32767,2286.0,25000.0
1269.0,1087.0,9818,19444,20983,22063,22353,23729,32767,32767,32767,32767,32767,2283.0,25000.0
1323.0,1237.0,11136,19825,22597,22063,22353,22626,32767,32767,32767,32767,32767,2342.0,25000.0
1394.0,1279.0,10990,20206,22597,22063,22850,23729,32767,32767,32767,32767,32767,2402.0,25000.0
1376.0,1343.0,10550,20206,22597,22063,22353,22074,32767,32767,32767,32767,32767,1957.0,25000.0
1305.0,1194.0,10843,20588,22597,22063,23843,24281,32767,32767,32767,32767,32767,2313.0,25000.0
1412.0,1301.0,10697,20588,22194,22063,22850,23178,32767,32767,32767,32767,32767,2224.0,25000.0
1448.0,1322.0,11722,20588,22194,22063,23347,22074,32767,32767,32767,32767,32767,3054.0,25000.0
1466.0,1386.0,11722,20969,22597,22063,22850,22626,32767,32767,32767,32767,32767,2728.0,25000.0
1376.0,1301.0,10843,20969,23001,22063,23347,23729,32767,32767,32767,32767,32767,2075.0,25000.0
1412.0,1386.0,11429,20969,23404,22063,23843,23178,32767,32767,32767,32767,32767,2283.0,25000.0
1412.0,1386.0,11283,20969,23404,22063,23347,23178,32767,32767,32767,32767,32767,2253.0,25000.0
1376.0,1322.0,10843,20969,22194,22063,22353,22626,32767,32767,32767,32767,32767,2016.0,25000.0
1358.0,1151.0,10843,20969,21387,22063,22353,22626,32767,32767,32767,32767,32767,2520.0,25000.0
1502.0,1387.0,11581,20215,22203,22072,24350,23739,32767,32767,32767,32767,32767,3055.0,25000.0
1412.0,1387.0,11727,20596,23414,22072,23356,22635,32767,32767,32767,32767,32767,2314.0,25000.0
1484.0,1365.0,11434,20978,23010,22072,22859,22083,32767,32767,32767,32767,32767,2402.0,25000.0
1377.0,1131.0,10853,19843,21809,22082,21876,21541,32767,32767,32767,32767,32767,2582.0,25000.0
1449.0,1238.0,10853,20606,22213,22082,22373,23750,32767,32767,32767,32767,32767,2196.0,25000.0
1467.0,1280.0,11293,20606,22617,22082,22373,22093,32767,32767,32767,32767,32767,2552.0,25000.0
1342.0,1281.0,10859,20235,22225,22094,23380,24316,32767,32767,32767,32767,32767,2138.0,25000.0
1271.0,1025.0,11299,20235,21013,22094,22385,22105,32767,32767,32767,32767,32767,3147.0,25000.0
1468.0,1260.0,11152,20235,21821,22094,22882,22105,32767,32767,32767,32767,32767,2435.0,25000.0
1521.0,1238.0,11299,20235,23033,22094,22882,22105,32767,32767,32767,32767,32767,2999.0,25000.0
1503.0,1409.0,11005,20617,23033,22094,22882,24316,32767,32767,32767,32767,32767,2375.0,25000.0
1486.0,1324.0,11592,20617,22629,22094,23380,22105,32767,32767,32767,32767,32767,2583.0,25000.0
1450.0,1217.0,11152,20617,22225,22094,22385,22105,32767,32767,32767,32767,32767,2761.0,25000.0
1450.0,1367.0,10859,20999,23033,22094,23877,24316,32767,32767,32767,32767,32767,2435.0,25000.0
1289.0,1046.0,11299,20999,23841,22094,23380,23210,32767,32767,32767,32767,32767,2583.0,25000.0
1468.0,1324.0,11446,21381,22629,22094,22882,22658,32767,32767,32767,32767,32767,2553.0,25000.0
1342.0,1260.0,10712,21381,23033,22094,22882,24868,32767,32767,32767,32767,32767,2049.0,25000.0
1394.0,1386.0,10990,20588,23404,22504,23843,23729,32767,32767,32767,32767,32767,2105.0,25000.0
1412.0,1365.0,11283,20588,22597,22504,22850,22074,32767,32767,32767,32767,32767,2224.0,25000.0
1483.0,1279.0,11722,20969,22597,22504,22850,21522,32767,32767,32767,32767,32767,2817.0,25000.0
1341.0,1173.0,10261,19452,21799,22513,22859,24291,32767,32767,32767,32767,32767,2165.0,25000.0
1377.0,1259.0,11141,20596,23414,22513,22859,22083,32767,32767,32767,32767,32767,2284.0,25000.0
1573.0,1514.0,12460,21740,24221,22513,23356,22635,32767,32767,32767,32767,32767,2907.0,25000.0
1395.0,1216.0,11293,20606,22617,22524,23864,24303,32767,32767,32767,32767,32767,2404.0,25000.0
1431.0,1259.0,11146,20988,23425,22524,23864,23750,32767,32767,32767,32767,32767,2344.0,25000.0
1377.0,1174.0,11586,20988,23021,22524,24859,25407,32767,32767,32767,32767,32767,2552.0,25000.0
1413.0,1174.0,11586,20988,22617,22524,23864,24303,32767,32767,32767,32767,32767,2611.0,25000.0
1414.0,1345.0,10712,19853,22225,22536,22882,23210,32767,32767,32767,32767,32767,1989.0,25000.0
1468.0,1281.0,10712,20235,23033,22536,22385,22658,32767,32767,32767,32767,32767,2435.0,25000.0
1468.0,1367.0,11446,20235,23033,22536,23380,23763,32767,32767,32767,32767,32767,2435.0,25000.0
1521.0,1324.0,11446,20617,23033,22536,23877,23763,32767,32767,32767,32767,32767,2672.0,25000.0
1503.0,1388.0,11739,20617,22629,22536,23380,23210,32767,32767,32767,32767,32767,2761.0,25000.0
1360.0,1153.0,12033,20617,22629,22536,22882,22105,32767,32767,32767,32767,32767,3236.0,25000.0
1557.0,1495.0,11886,20999,23033,22536,23877,23763,32767,32767,32767,32767,32767,2732.0,25000.0
1414.0,1281.0,10859,20999,22225,22536,23380,23763,32767,32767,32767,32767,32767,2049.0,25000.0
1360.0,1110.0,11152,20999,22629,22536,23380,24316,32767,32767,32767,32767,32767,2613.0,25000.0
1289.0,1174.0,10565,21381,22629,22536,23877,24868,32767,32767,32767,32767,32767,2019.0,25000.0
1396.0,1345.0,11299,21381,23437,22536,23380,24868,32767,32767,32767,32767,32767,2167.0,25000.0
1430.0,1215.0,11283,19444,22597,22945,23843,24281,32767,32767,32767,32767,32767,2668.0,25000.0
1430.0,1279.0,11136,20969,23001,22945,24837,24281,32767,32767,32767,32767,32767,2253.0,25000.0
1430.0,1429.0,11283,21350,23404,22945,24340,23729,32767,32767,32767,32767,32767,2016.0,25000.0
1483.0,1322.0,11722,21350,23404,22945,23843,21522,32767,32767,32767,32767,32767,2520.0,25000.0
1430.0,1386.0,11283,21350,24211,22945,23843,23729,32767,32767,32767,32767,32767,2075.0,25000.0
1430.0,1301.0,11576,21731,23404,22945,23843,23729,32767,32767,32767,32767,32767,2402.0,25000.0
1448.0,1407.0,11722,21731,23404,22945,23347,24281,32767,32767,32767,32767,32767,2283.0,25000.0
1412.0,1365.0,11576,21731,24211,22945,25334,24833,32767,32767,32767,32767,32767,2075.0,25000.0
1412.0,1386.0,10843,22113,23404,22945,23843,23729,32767,32767,32767,32767,32767,1779.0,25000.0
1341.0,1152.0,11434,20215,22606,22955,23853,22635,32767,32767,32767,32767,32767,2521.0,25000.0
1448.0,1301.0,11141,21359,23010,22955,23356,24843,32767,32767,32767,32767,32767,2195.0,25000.0
1359.0,1216.0,10853,20606,22213,22966,22870,23198,32767,32767,32767,32767,32767,2285.0,25000.0
1467.0,1302.0,11293,20988,23829,22966,24362,23750,32767,32767,32767,32767,32767,2255.0,25000.0
1413.0,1195.0,11586,20988,22617,22966,23864,22646,32767,32767,32767,32767,32767,2671.0,25000.0
1413.0,1195.0,11000,20988,22617,22966,22373,23198,32767,32767,32767,32767,32767,2433.0,25000.0
1449.0,1302.0,11293,21369,23021,22966,22373,22646,32767,32767,32767,32767,32767,2493.0,25000.0
1413.0,1302.0,11586,21369,24233,22966,23864,25407,32767,32767,32767,32767,32767,2315.0,25000.0
1342.0,1110.0,11000,21369,22213,22966,23367,23198,32767,32767,32767,32767,32767,2285.0,25000.0
1485.0,1323.0,12319,21751,22617,22966,23367,23750,32767,32767,32767,32767,32767,2908.0,25000.0
1377.0,1174.0,11293,21751,23425,22966,24362,24303,32767,32767,32767,32767,32767,2137.0,25000.0
1342.0,1089.0,11446,19472,21417,22978,21887,22105,32767,32767,32767,32767,32767,3207.0,25000.0
1414.0,1281.0,11739,20617,23437,22978,23380,24868,32767,32767,32767,32767,32767,2732.0,25000.0
1503.0,1367.0,11739,20617,23033,22978,22882,22105,32767,32767,32767,32767,32767,2613.0,25000.0
1432.0,1174.0,10418,20999,21821,22978,24375,23763,32767,32767,32767,32767,32767,2791.0,25000.0
1486.0,1345.0,11592,20999,23033,22978,24375,22658,32767,32767,32767,32767,32767,2524.0,25000.0
1324.0,1089.0,12033,20999,22225,22978,23877,23210,32767,32767,32767,32767,32767,3117.0,25000.0
1539.0,1516.0,11446,21381,23841,22978,23877,23763,32767,32767,32767,32767,32767,2346.0,25000.0
1557.0,1473.0,12033,21381,23841,22978,25370,24316,32767,32767,32767,32767,32767,2969.0,25000.0
1378.0,1324.0,11299,21762,23033,22978,24375,25421,32767,32767,32767,32767,32767,1930.0,25000.0
1503.0,1409.0,11446,21762,23033,22978,24375,23763,32767,32767,32767,32767,32767,2316.0,25000.0
1305.0,1087.0,10843,20588,23808,23387,23843,24833,32767,32767,32767,32767,32767,2461.0,25000.0
1751.0,1471.0,12309,20969,23404,23387,23843,22626,32767,32767,32767,32767,32767,3410.0,25000.0
1358.0,1258.0,10843,21350,23404,23387,24340,22074,32767,32767,32767,32767,32767,1868.0,25000.0
1412.0,1407.0,11136,21350,23808,23387,24340,23729,32767,32767,32767,32767,32767,1957.0,25000.0
1448.0,1493.0,11136,21350,23808,23387,23843,24281,32767,32767,32767,32767,32767,2105.0,25000.0
1537.0,1535.0,11576,21731,24211,23387,25334,24281,32767,32767,32767,32767,32767,2075.0,25000.0
1501.0,1386.0,11869,21731,23808,23387,24837,24281,32767,32767,32767,32767,32767,2728.0,25000.0
1448.0,1259.0,11581,21359,23817,23396,23853,24291,32767,32767,32767,32767,32767,2521.0,25000.0
1466.0,1408.0,11727,21740,24625,23396,24350,23739,32767,32767,32767,32767,32767,2314.0,25000.0
1484.0,1301.0,11434,22122,23817,23396,24350,23739,32767,32767,32767,32767,32767,2284.0,25000.0
1413.0,1216.0,11293,20988,23021,23407,24362,24303,32767,32767,32767,32767,32767,2522.0,25000.0
1395.0,1216.0,11440,21369,23021,23407,23864,24855,32767,32767,32767,32767,32767,2344.0,25000.0
1520.0,1280.0,12173,21751,23829,23407,23367,23750,32767,32767,32767,32767,32767,3145.0,25000.0
1449.0,1259.0,11146,21751,23021,23407,24362,23750,32767,32767,32767,32767,32767,2404.0,25000.0
1378.0,1238.0,10859,20999,23437,23420,22882,23763,32767,32767,32767,32767,32767,2316.0,25000.0
1432.0,1324.0,11592,21381,23841,23420,24375,24868,32767,32767,32767,32767,32767,2494.0,25000.0
1450.0,1281.0,11739,21381,23841,23420,24375,24316,32767,32767,32767,32767,32767,2821.0,25000.0
1450.0,1174.0,12033,21381,22225,23420,24375,22658,32767,32767,32767,32767,32767,2821.0,25000.0
1468.0,1431.0,11886,21381,23841,23420,24375,24316,32767,32767,32767,32767,32767,2613.0,25000.0
1450.0,1324.0,11152,21762,23841,23420,23877,23763,32767,32767,32767,32767,32767,2524.0,25000.0
1503.0,1367.0,11739,21762,23841,23420,24872,24868,32767,32767,32767,32767,32767,2494.0,25000.0
1414.0,1260.0,12179,22144,23841,23420,25370,24316,32767,32767,32767,32767,32767,2761.0,25000.0
1557.0,1409.0,11299,22526,24650,23420,25370,25421,32767,32767,32767,32767,32767,2435.0,25000.0
1360.0,1345.0,11152,22526,23841,23420,24375,25421,32767,32767,32767,32767,32767,1722.0,25000.0
1394.0,1322.0,11136,20969,23808,23828,24837,24281,32767,32767,32767,32767,32767,2164.0,25000.0
1412.0,1386.0,11429,21350,23404,23828,24837,24833,32767,32767,32767,32767,32767,2135.0,25000.0
1519.0,1407.0,12162,21731,24615,23828,24837,24833,32767,32767,32767,32767,32767,2579.0,25000.0
1448.0,1237.0,11869,22113,23404,23828,23843,23729,32767,32767,32767,32767,32767,2846.0,25000.0
1537.0,1429.0,12016,22494,24615,23828,24340,24281,32767,32767,32767,32767,32767,2402.0,25000.0
1537.0,1407.0,11722,22494,23808,23828,24837,24281,32767,32767,32767,32767,32767,2609.0,25000.0
1537.0,1471.0,12309,22494,24211,23828,26824,25385,32767,32767,32767,32767,32767,2668.0,25000.0
1466.0,1493.0,11869,22494,24211,23828,24340,23178,32767,32767,32767,32767,32767,2283.0,25000.0
1412.0,1365.0,11869,22875,25422,23828,25334,25937,32767,32767,32767,32767,32767,1957.0,25000.0
1448.0,1471.0,11429,22875,25422,23828,25334,25385,32767,32767,32767,32767,32767,1838.0,25000.0
1519.0,1471.0,12309,22875,24615,23828,25334,25385,32767,32767,32767,32767,32767,2490.0,25000.0
1448.0,1323.0,11434,21740,23817,23838,24847,25947,32767,32767,32767,32767,32767,2225.0,25000.0
1466.0,1344.0,11288,22122,24625,23838,24350,24291,32767,32767,32767,32767,32767,2225.0,25000.0
1412.0,1323.0,12020,22122,24221,23838,24847,22635,32767,32767,32767,32767,32767,2373.0,25000.0
1412.0,1387.0,10994,22503,25028,23838,24847,24291,32767,32767,32767,32767,32767,1898.0,25000.0
1520.0,1301.0,12314,22503,24221,23838,25344,24843,32767,32767,32767,32767,32767,2996.0,25000.0
1466.0,1429.0,11727,22885,25432,23838,25344,25395,32767,32767,32767,32767,32767,2076.0,25000.0
1556.0,1514.0,11874,22885,24221,23838,25841,24843,32767,32767,32767,32767,32767,2314.0,25000.0
1503.0,1302.0,11879,21751,24233,23849,24362,24303,32767,32767,32767,32767,32767,2433.0,25000.0
1574.0,1366.0,11440,22132,24636,23849,24859,24855,32767,32767,32767,32767,32767,2760.0,25000.0
1485.0,1259.0,11293,22132,24636,23849,24859,25407,32767,32767,32767,32767,32767,2433.0,25000.0
1395.0,1216.0,11440,23277,24636,23849,24859,25407,32767,32767,32767,32767,32767,2285.0,25000.0
1342.0,1110.0,11446,20999,23033,23862,22882,23210,32767,32767,32767,32767,32767,2939.0,25000.0
1468.0,1409.0,9831,21381,23437,23862,26364,25974,32767,32767,32767,32767,32767,1633.0,25000.0
1557.0,1409.0,11592,22144,24246,23862,25370,25421,32767,32767,32767,32767,32767,2553.0,25000.0
1503.0,1324.0,12179,22144,23841,23862,23877,24316,32767,32767,32767,32767,32767,2850.0,25000.0
1557.0,1431.0,12179,22144,23841,23862,25867,24868,32767,32767,32767,32767,32767,2494.0,25000.0
1486.0,1409.0,11886,22526,24246,23862,24872,24316,32767,32767,32767,32767,32767,2553.0,25000.0
1521.0,1260.0,12179,22526,23437,23862,23877,22658,32767,32767,32767,32767,32767,2939.0,25000.0
1664.0,1665.0,12179,22526,24246,23862,25867,23763,32767,32767,32767,32767,32767,2791.0,25000.0
1432.0,1367.0,11739,22908,24650,23862,24872,25421,32767,32767,32767,32767,32767,2197.0,25000.0
1450.0,1473.0,11592,23290,25054,23862,25370,25974,32767,32767,32767,32767,32767,2019.0,25000.0
1483.0,1407.0,11136,21731,24211,24269,26824,27041,32767,32767,32767,32767,32767,2402.0,25000.0
1376.0,1301.0,11576,21731,24211,24269,24340,24281,32767,32767,32767,32767,32767,2194.0,25000.0
1519.0,1493.0,12162,21731,24211,24269,25334,23729,32767,32767,32767,32767,32767,2164.0,25000.0
1394.0,1429.0,12309,22113,25018,24269,25830,25385,32767,32767,32767,32767,32767,2164.0,25000.0
1466.0,1493.0,11722,22113,25018,24269,23843,24833,32767,32767,32767,32767,32767,2164.0,25000.0
1430.0,1471.0,11722,22113,24615,24269,25830,25385,32767,32767,32767,32767,32767,1927.0,25000.0
1430.0,1450.0,12162,22113,25018,24269,25334,24833,32767,32767,32767,32767,32767,2253.0,25000.0
1340.0,1343.0,11429,22494,25018,24269,25830,24833,32767,32767,32767,32767,32767,1749.0,25000.0
1412.0,1386.0,11283,22494,25018,24269,24837,24281,32767,32767,32767,32767,32767,1809.0,25000.0
1376.0,1343.0,11576,22875,25018,24269,25334,24833,32767,32767,32767,32767,32767,1986.0,25000.0
1466.0,1429.0,11869,23257,25422,24269,25334,24833,32767,32767,32767,32767,32767,2224.0,25000.0
1412.0,1344.0,10848,21359,24221,24279,25841,25395,32767,32767,32767,32767,32767,2284.0,25000.0
1466.0,1451.0,12020,22122,25028,24279,25344,25395,32767,32767,32767,32767,32767,2195.0,25000.0
1484.0,1408.0,11727,22503,24625,24279,25841,24291,32767,32767,32767,32767,32767,2076.0,25000.0
1412.0,1451.0,11727,22885,25432,24279,26338,25395,32767,32767,32767,32767,32767,1958.0,25000.0
1484.0,1387.0,11434,23266,24221,24279,25344,26500,32767,32767,32767,32767,32767,2017.0,25000.0
1556.0,1408.0,11288,23266,25028,24279,26835,25395,32767,32767,32767,32767,32767,2165.0,25000.0
1520.0,1430.0,11440,22132,24636,24291,24859,26512,32767,32767,32767,32767,32767,2255.0,25000.0
1413.0,1131.0,11293,22895,23829,24291,23864,24855,32767,32767,32767,32767,32767,2522.0,25000.0
1538.0,1409.0,12613,23277,25444,24291,25356,25407,32767,32767,32767,32767,32767,2789.0,25000.0
1431.0,1259.0,11440,23277,24233,24291,24362,24855,32767,32767,32767,32767,32767,2404.0,25000.0
1503.0,1302.0,12179,20999,23033,24304,24375,23210,32767,32767,32767,32767,32767,3533.0,25000.0
1611.0,1730.0,12179,21381,24650,24304,26364,26526,32767,32767,32767,32767,32767,2494.0,25000.0
1450.0,1345.0,11739,22526,24650,24304,25867,25421,32767,32767,32767,32767,32767,2583.0,25000.0
1611.0,1708.0,11592,22526,25054,24304,25370,24316,32767,32767,32767,32767,32767,2256.0,25000.0
1360.0,1260.0,11299,22526,24650,24304,25370,26526,32767,32767,32767,32767,32767,2138.0,25000.0
1575.0,1537.0,12179,22526,25458,24304,25867,26526,32767,32767,32767,32767,32767,2553.0,25000.0
1503.0,1345.0,12620,22908,25054,24304,25867,24316,32767,32767,32767,32767,32767,3058.0,25000.0
1483.0,1407.0,10990,21731,25018,24710,27321,26489,32767,32767,32767,32767,32767,2075.0,25000.0
1430.0,1301.0,12162,21731,25018,24710,25830,24833,32767,32767,32767,32767,32767,2490.0,25000.0
1412.0,1343.0,11576,22113,24211,24710,25334,23178,32767,32767,32767,32767,32767,2164.0,25000.0
1305.0,1237.0,11283,22113,25018,24710,25830,26489,32767,32767,32767,32767,32767,1957.0,25000.0
1466.0,1493.0,12309,22494,25825,24710,25334,26489,32767,32767,32767,32767,32767,2105.0,25000.0
1501.0,1578.0,12455,22494,25422,24710,26327,25937,32767,32767,32767,32767,32767,2105.0,25000.0
1430.0,1258.0,11722,22875,24615,24710,25830,24281,32767,32767,32767,32767,32767,2639.0,25000.0
1358.0,1258.0,11576,22875,25018,24710,24837,25385,32767,32767,32767,32767,32767,1779.0,25000.0
1448.0,1514.0,11722,22875,25018,24710,25830,25385,32767,32767,32767,32767,32767,1897.0,25000.0
1519.0,1365.0,12016,22875,25422,24710,25830,25385,32767,32767,32767,32767,32767,2253.0,25000.0
1519.0,1450.0,11869,22875,24211,24710,25830,24281,32767,32767,32767,32767,32767,2728.0,25000.0
1394.0,1279.0,11722,22875,25018,24710,25830,25937,32767,32767,32767,32767,32767,2342.0,25000.0
1537.0,1620.0,12309,23257,25825,24710,26327,24833,32767,32767,32767,32767,32767,2046.0,25000.0
1662.0,1706.0,12602,24019,26229,24710,25830,25385,32767,32767,32767,32767,32767,2372.0,25000.0
1412.0,1344.0,11874,22122,24221,24721,25841,27052,32767,32767,32767,32767,32767,2225.0,25000.0
1448.0,1408.0,11727,23266,25836,24721,26338,25947,32767,32767,32767,32767,32767,2047.0,25000.0
1484.0,1365.0,12020,24029,25836,24721,25841,24843,32767,32767,32767,32767,32767,2254.0,25000.0
1484.0,1451.0,12020,24792,25836,24721,26338,25947,32767,32767,32767,32767,32767,1958.0,25000.0
1395.0,1216.0,11000,22514,25444,24732,26350,27064,32767,32767,32767,32767,32767,2077.0,25000.0
1485.0,1323.0,12173,22895,25040,24732,26350,25960,32767,32767,32767,32767,32767,2552.0,25000.0
1467.0,1302.0,12319,23277,25848,24732,25853,24855,32767,32767,32767,32767,32767,2493.0,25000.0
1503.0,1366.0,11733,23277,25444,24732,25853,24855,32767,32767,32767,32767,32767,1988.0,25000.0
1467.0,1344.0,12026,23659,25848,24732,24859,25960,32767,32767,32767,32767,32767,2433.0,25000.0
1503.0,1559.0,12033,21762,25054,24745,26364,25974,32767,32767,32767,32767,32767,2464.0,25000.0
1414.0,1196.0,12620,21762,24650,24745,25370,25421,32767,32767,32767,32767,32767,3296.0,25000.0
1360.0,1281.0,12620,22144,23841,24745,24872,25421,32767,32767,32767,32767,32767,3236.0,25000.0
1396.0,1388.0,11592,22144,24650,24745,26364,27079,32767,32767,32767,32767,32767,2108.0,25000.0
1629.0,1623.0,11886,22526,24650,24745,25867,25974,32767,32767,32767,32767,32767,2553.0,25000.0
1378.0,1302.0,11446,22908,25054,24745,25867,26526,32767,32767,32767,32767,32767,1841.0,25000.0
1450.0,1345.0,12179,22908,25458,24745,26364,25421,32767,32767,32767,32767,32767,2375.0,25000.0
1414.0,1388.0,11446,23290,25054,24745,26364,27632,32767,32767,32767,32767,32767,1900.0,25000.0
1751.0,1748.0,11429,21731,23001,25152,25334,24281,32767,32767,32767,32767,32767,2698.0,25000.0
1501.0,1599.0,12602,22875,26229,25152,26327,25937,32767,32767,32767,32767,32767,2105.0,25000.0
1483.0,1471.0,12016,22875,25422,25152,25830,25385,32767,32767,32767,32767,32767,2016.0,25000.0
1537.0,1407.0,12748,23257,25825,25152,26824,25937,32767,32767,32767,32767,32767,2728.0,25000.0
1573.0,1557.0,12602,23638,27036,25152,27321,27041,32767,32767,32767,32767,32767,2609.0,25000.0
1556.0,1514.0,12607,22503,24221,25162,25841,25395,32767,32767,32767,32767,32767,2996.0,25000.0
1484.0,1429.0,12020,22503,24221,25162,25841,26500,32767,32767,32767,32767,32767,2225.0,25000.0
1430.0,1259.0,12900,22885,25028,25162,25841,25395,32767,32767,32767,32767,32767,2699.0,25000.0
1430.0,1408.0,11727,23266,25028,25162,26338,27052,32767,32767,32767,32767,32767,1987.0,25000.0
1681.0,1642.0,11727,23647,25836,25162,27829,25947,32767,32767,32767,32767,32767,2343.0,25000.0
1502.0,1472.0,11874,24029,26240,25162,25841,25395,32767,32767,32767,32767,32767,2017.0,25000.0
1574.0,1494.0,12466,22514,25040,25174,25356,26512,32767,32767,32767,32767,32767,2374.0,25000.0
1628.0,1494.0,12319,22895,24233,25174,26350,25960,32767,32767,32767,32767,32767,3027.0,25000.0
1449.0,1238.0,11879,22895,25444,25174,26350,24303,32767,32767,32767,32767,32767,2552.0,25000.0
1556.0,1494.0,12026,23659,25040,25174,26848,26512,32767,32767,32767,32767,32767,2611.0,25000.0
1431.0,1216.0,11733,23659,24636,25174,27842,27064,32767,32767,32767,32767,32767,2315.0,25000.0
1468.0,1324.0,12766,22526,23841,25187,24872,24316,32767,32767,32767,32767,32767,3682.0,25000.0
1539.0,1473.0,12620,22908,25054,25187,25867,25974,32767,32767,32767,32767,32767,2761.0,25000.0
1700.0,1665.0,12913,22908,24246,25187,26364,25421,32767,32767,32767,32767,32767,2642.0,25000.0
1557.0,1516.0,12033,23671,25458,25187,25867,25421,32767,32767,32767,32767,32767,2375.0,25000.0
1539.0,1431.0,12913,23671,25458,25187,26862,27079,32767,32767,32767,32767,32767,2672.0,25000.0
1555.0,1429.0,12895,22494,25018,25593,25830,24281,32767,32767,32767,32767,32767,3202.0,25000.0
1483.0,1471.0,11869,22875,25422,25593,26327,24281,32767,32767,32767,32767,32767,1986.0,25000.0
1466.0,1535.0,12748,22875,26229,25593,26327,27041,32767,32767,32767,32767,32767,2194.0,25000.0
1448.0,1450.0,12895,22875,26229,25593,26824,24833,32767,32767,32767,32767,32767,2579.0,25000.0
1698.0,1684.0,11429,22875,24615,25593,26327,24281,32767,32767,32767,32767,32767,2639.0,25000.0
1448.0,1279.0,12748,23257,24615,25593,27321,24833,32767,32767,32767,32767,32767,2757.0,25000.0
1501.0,1578.0,12309,23638,26632,25593,27817,27592,32767,32767,32767,32767,32767,1957.0,25000.0
1610.0,1366.0,12466,23659,24636,25616,25853,25960,32767,32767,32767,32767,32767,3235.0,25000.0
1520.0,1473.0,12759,24422,26252,25616,25853,25407,32767,32767,32767,32767,32767,2404.0,25000.0
1611.0,1601.0,12473,23290,25862,25629,27857,25974,32767,32767,32767,32767,32767,2583.0,25000.0
1432.0,1345.0,12033,23290,25458,25629,27359,27079,32767,32767,32767,32767,32767,2464.0,25000.0
1360.0,1324.0,11592,23671,25458,25629,26364,27079,32767,32767,32767,32767,32767,2167.0,25000.0
1430.0,1322.0,10843,22494,25018,26034,27321,28144,32767,32767,32767,32767,32767,2283.0,25000.0
1466.0,1493.0,12016,23257,25825,26034,27321,25937,32767,32767,32767,32767,32767,1957.0,25000.0
1519.0,1493.0,12748,23257,26229,26034,25830,26489,32767,32767,32767,32767,32767,2461.0,25000.0
1680.0,1684.0,12162,23638,27036,26034,28314,27041,32767,32767,32767,32767,32767,2461.0,25000.0
1394.0,1301.0,12016,23638,25422,26034,27321,26489,32767,32767,32767,32767,32767,2164.0,25000.0
1573.0,1471.0,11722,23638,26229,26034,28811,27041,32767,32767,32767,32767,32767,2046.0,25000.0
1466.0,1514.0,12455,23638,26229,26034,26824,25937,32767,32767,32767,32767,32767,2135.0,25000.0
1591.0,1727.0,12602,23638,26229,26034,27321,26489,32767,32767,32767,32767,32767,2105.0,25000.0
1448.0,1493.0,12016,24019,27036,26034,28314,28696,32767,32767,32767,32767,32767,1809.0,25000.0
1430.0,1407.0,12162,24019,26632,26034,26824,25937,32767,32767,32767,32767,32767,2016.0,25000.0
1466.0,1450.0,12309,24019,27036,26034,26824,26489,32767,32767,32767,32767,32767,2016.0,25000.0
1430.0,1258.0,11722,24400,26632,26034,28314,27592,32767,32767,32767,32767,32767,2164.0,25000.0
1430.0,1259.0,12167,24029,25836,26045,27332,26500,32767,32767,32767,32767,32767,2788.0,25000.0
1484.0,1493.0,12314,24029,27047,26045,27829,26500,32767,32767,32767,32767,32767,2017.0,25000.0
1556.0,1514.0,12607,24029,26643,26045,27332,25947,32767,32767,32767,32767,32767,2254.0,25000.0
1466.0,1408.0,11727,24410,26643,26045,27332,26500,32767,32767,32767,32767,32767,2017.0,25000.0
1807.0,1729.0,13053,23277,25444,26057,26350,26512,32767,32767,32767,32767,32767,3650.0,25000.0
1503.0,1430.0,12173,23659,25848,26057,27345,27064,32767,32767,32767,32767,32767,2463.0,25000.0
1431.0,1259.0,11733,23659,26656,26057,26350,28169,32767,32767,32767,32767,32767,2760.0,25000.0
1556.0,1494.0,11586,24040,25848,26057,28339,27064,32767,32767,32767,32767,32767,2374.0,25000.0
1610.0,1515.0,13493,24422,26656,26057,26350,25960,32767,32767,32767,32767,32767,2730.0,25000.0
1378.0,1302.0,11299,22908,25054,26071,25867,27632,32767,32767,32767,32767,32767,1960.0,25000.0
1718.0,1665.0,12473,23671,25862,26071,28354,27632,32767,32767,32767,32767,32767,2494.0,25000.0
1557.0,1473.0,12033,23671,25862,26071,27359,27079,32767,32767,32767,32767,32767,2583.0,25000.0
1772.0,1794.0,11592,23671,25458,26071,27359,26526,32767,32767,32767,32767,32767,2553.0,25000.0
1557.0,1644.0,12179,24053,26670,26071,27359,25974,32767,32767,32767,32767,32767,2197.0,25000.0
1664.0,1644.0,13060,24435,27478,26071,28354,27079,32767,32767,32767,32767,32767,2642.0,25000.0
1539.0,1516.0,12766,24817,27074,26071,27359,26526,32767,32767,32767,32767,32767,2405.0,25000.0
1483.0,1407.0,12455,22875,25825,26475,27321,23729,32767,32767,32767,32767,32767,2698.0,25000.0
1626.0,1599.0,13481,23638,26632,26475,27321,25937,32767,32767,32767,32767,32767,2342.0,25000.0
1448.0,1471.0,12309,23638,27036,26475,27817,27041,32767,32767,32767,32767,32767,1809.0,25000.0
1537.0,1684.0,12895,23638,26632,26475,26824,26489,32767,32767,32767,32767,32767,2461.0,25000.0
1466.0,1599.0,12602,23638,26632,26475,27321,27592,32767,32767,32767,32767,32767,1897.0,25000.0
1483.0,1450.0,11722,24019,28650,26475,30301,29800,32767,32767,32767,32767,32767,2046.0,25000.0
1555.0,1727.0,12748,24019,26632,26475,27321,26489,32767,32767,32767,32767,32767,2164.0,25000.0
1412.0,1301.0,11722,24019,26229,26475,27321,27041,32767,32767,32767,32767,32767,2253.0,25000.0
1466.0,1322.0,12016,24019,25422,26475,27817,25937,32767,32767,32767,32767,32767,2461.0,25000.0
1483.0,1407.0,12016,24019,26229,26475,26327,25385,32767,32767,32767,32767,32767,2253.0,25000.0
1823.0,1940.0,12309,24400,28246,26475,29804,28696,32767,32767,32767,32767,32767,2906.0,25000.0
1555.0,1493.0,12748,24400,25825,26475,28314,27592,32767,32767,32767,32767,32767,2609.0,25000.0
1483.0,1620.0,12895,24400,27036,26475,26824,26489,32767,32767,32767,32767,32767,2046.0,25000.0
1466.0,1578.0,12748,24400,27843,26475,27817,27041,32767,32767,32767,32767,32767,1927.0,25000.0
1537.0,1493.0,12455,24782,26632,26475,27321,26489,32767,32767,32767,32767,32767,2283.0,25000.0
1555.0,1578.0,12748,24782,27439,26475,28811,29248,32767,32767,32767,32767,32767,1986.0,25000.0
1484.0,1600.0,12607,24029,27047,26486,27829,25395,32767,32767,32767,32767,32767,2254.0,25000.0
1591.0,1514.0,12314,24029,26240,26486,26835,25395,32767,32767,32767,32767,32767,2343.0,25000.0
1681.0,1557.0,11434,24410,27451,26486,29320,29260,32767,32767,32767,32767,32767,2254.0,25000.0
1556.0,1387.0,12607,24792,27047,26486,28326,27604,32767,32767,32767,32767,32767,2521.0,25000.0
1628.0,1558.0,11879,23659,25444,26499,27842,27617,32767,32767,32767,32767,32767,2315.0,25000.0
1556.0,1366.0,12173,23659,25444,26499,25853,24855,32767,32767,32767,32767,32767,2493.0,25000.0
1503.0,1366.0,12466,24040,27060,26499,26350,25960,32767,32767,32767,32767,32767,2433.0,25000.0
1503.0,1344.0,12466,24040,26656,26499,28339,27064,32767,32767,32767,32767,32767,2522.0,25000.0
1610.0,1579.0,12759,24422,27060,26499,27842,27064,32767,32767,32767,32767,32767,2493.0,25000.0
1449.0,1302.0,12026,24422,26656,26499,27345,28721,32767,32767,32767,32767,32767,2315.0,25000.0
1574.0,1601.0,12613,24422,26252,26499,27842,28721,32767,32767,32767,32767,32767,2255.0,25000.0
1449.0,1323.0,11586,24422,25848,26499,26350,27064,32767,32767,32767,32767,32767,2137.0,25000.0
1860.0,1899.0,13053,24803,26656,26499,27842,26512,32767,32767,32767,32767,32767,2700.0,25000.0
1503.0,1473.0,12173,26711,27464,26499,27345,28721,32767,32767,32767,32767,32767,2137.0,25000.0
1557.0,1452.0,12766,22526,24650,26513,26862,25974,32767,32767,32767,32767,32767,3058.0,25000.0
1557.0,1473.0,12766,22908,25862,26513,26862,24868,32767,32767,32767,32767,32767,2732.0,25000.0
1826.0,1900.0,12766,23290,27882,26513,28852,25974,32767,32767,32767,32767,32767,2999.0,25000.0
1861.0,2050.0,12473,24053,27074,26513,27857,27079,32767,32767,32767,32767,32767,2850.0,25000.0
1450.0,1409.0,12766,24053,26670,26513,27857,26526,32767,32767,32767,32767,32767,2286.0,25000.0
1629.0,1559.0,12766,24053,26670,26513,27857,27632,32767,32767,32767,32767,32767,2405.0,25000.0
1682.0,1772.0,13206,24435,26670,26513,27857,27632,32767,32767,32767,32767,32767,2642.0,25000.0
1521.0,1601.0,12620,24435,26670,26513,27359,26526,32767,32767,32767,32767,32767,2227.0,25000.0
1501.0,1386.0,10843,22494,25825,26917,29308,27592,32767,32767,32767,32767,32767,1868.0,25000.0
1394.0,1322.0,12748,24019,26632,26917,26824,25385,32767,32767,32767,32767,32767,2253.0,25000.0
1591.0,1599.0,12895,24400,27036,26917,27817,27041,32767,32767,32767,32767,32767,2224.0,25000.0
1537.0,1471.0,12455,24782,27439,26917,29804,28696,32767,32767,32767,32767,32767,2253.0,25000.0
1716.0,1770.0,12309,24782,26229,26917,28314,27592,32767,32767,32767,32767,32767,2283.0,25000.0
1483.0,1535.0,12895,24782,27036,26917,27817,27592,32767,32767,32767,32767,32767,2016.0,25000.0
1448.0,1344.0,11288,23266,26643,26928,28823,28156,32767,32767,32767,32767,32767,2106.0,25000.0
1502.0,1429.0,12607,24029,27047,26928,27332,25395,32767,32767,32767,32767,32767,2225.0,25000.0
1609.0,1557.0,13193,24410,27451,26928,27332,25947,32767,32767,32767,32767,32767,2462.0,25000.0
1573.0,1536.0,13047,24410,26643,26928,27332,25947,32767,32767,32767,32767,32767,2314.0,25000.0
1556.0,1536.0,13486,24792,28258,26928,28326,28156,32767,32767,32767,32767,32767,2491.0,25000.0
1573.0,1557.0,12753,25173,27047,26928,27829,27604,32767,32767,32767,32767,32767,2343.0,25000.0
1503.0,1344.0,12466,24422,26656,26940,27345,25960,32767,32767,32767,32767,32767,2315.0,25000.0
1538.0,1430.0,12466,24422,26252,26940,26848,27064,32767,32767,32767,32767,32767,2344.0,25000.0
1610.0,1515.0,13199,24803,27464,26940,26848,27617,32767,32767,32767,32767,32767,2493.0,25000.0
1987.0,2114.0,12913,22526,25862,26955,26862,24868,32767,32767,32767,32767,32767,3385.0,25000.0
1450.0,1388.0,12620,24053,26670,26955,26862,28184,32767,32767,32767,32767,32767,2346.0,25000.0
1682.0,1601.0,13353,24435,27074,26955,28354,25974,32767,32767,32767,32767,32767,2910.0,25000.0
1772.0,1815.0,13206,24817,27478,26955,28852,28737,32767,32767,32767,32767,32767,2761.0,25000.0
1575.0,1559.0,12913,24817,27074,26955,27857,28184,32767,32767,32767,32767,32767,2553.0,25000.0
1503.0,1452.0,13353,25580,27478,26955,27857,27632,32767,32767,32767,32767,32767,2613.0,25000.0
1412.0,1386.0,11429,23638,25825,27358,27817,27041,32767,32767,32767,32767,32767,2164.0,25000.0
1519.0,1535.0,13188,24019,26632,27358,29804,28144,32767,32767,32767,32767,32767,2283.0,25000.0
1555.0,1727.0,13041,24782,27843,27358,29308,28144,32767,32767,32767,32767,32767,2194.0,25000.0
1949.0,2176.0,13193,24410,25836,27369,27829,25395,32767,32767,32767,32767,32767,2966.0,25000.0
1538.0,1472.0,12900,24410,27047,27369,27829,26500,32767,32767,32767,32767,32767,2284.0,25000.0
1788.0,1962.0,13780,24410,27047,27369,30810,27052,32767,32767,32767,32767,32767,3233.0,25000.0
1556.0,1472.0,12167,24410,25836,27369,26835,25947,32767,32767,32767,32767,32767,2314.0,25000.0
1520.0,1514.0,13340,24792,28258,27369,28823,28156,32767,32767,32767,32767,32767,2225.0,25000.0
1520.0,1429.0,12314,24792,27047,27369,27829,25947,32767,32767,32767,32767,32767,2284.0,25000.0
1609.0,1578.0,13633,24792,28258,27369,27829,27604,32767,32767,32767,32767,32767,2343.0,25000.0
1430.0,1301.0,13047,24792,28662,27369,29320,27604,32767,32767,32767,32767,32767,2521.0,25000.0
1573.0,1514.0,13193,25173,28258,27369,27829,25947,32767,32767,32767,32767,32767,2432.0,25000.0
1645.0,1664.0,13340,25173,27451,27369,29320,28156,32767,32767,32767,32767,32767,2521.0,25000.0
1591.0,1536.0,13193,25173,27854,27369,27332,25947,32767,32767,32767,32767,32767,2402.0,25000.0
1431.0,1409.0,12466,24040,26252,27382,27842,28169,32767,32767,32767,32767,32767,2166.0,25000.0
1896.0,2049.0,13199,24422,26656,27382,28836,28169,32767,32767,32767,32767,32767,3056.0,25000.0
1735.0,1686.0,12466,24803,27867,27382,28836,28721,32767,32767,32767,32767,32767,2819.0,25000.0
1485.0,1302.0,12759,24803,27060,27382,27345,27064,32767,32767,32767,32767,32767,2404.0,25000.0
1610.0,1537.0,13199,25185,27060,27382,28339,27064,32767,32767,32767,32767,32767,2819.0,25000.0
1520.0,1430.0,13199,25185,27867,27382,28339,28721,32767,32767,32767,32767,32767,2552.0,25000.0
1682.0,1665.0,13500,23671,26670,27397,28852,26526,32767,32767,32767,32767,32767,3444.0,25000.0
1915.0,1943.0,12326,24053,27074,27397,28354,28737,32767,32767,32767,32767,32767,2435.0,25000.0
1539.0,1537.0,12766,24817,26266,27397,28354,28737,32767,32767,32767,32767,32767,2435.0,25000.0
1647.0,1559.0,12766,24817,27074,27397,28852,28184,32767,32767,32767,32767,32767,2583.0,25000.0
1539.0,1452.0,13647,24817,28286,27397,28354,28184,32767,32767,32767,32767,32767,2850.0,25000.0
1629.0,1537.0,13500,25580,27882,27397,27857,27079,32767,32767,32767,32767,32767,2732.0,25000.0
1573.0,1493.0,12016,24019,27439,27799,29804,28696,32767,32767,32767,32767,32767,2135.0,25000.0
1430.0,1365.0,11429,24019,27036,27799,29804,29800,32767,32767,32767,32767,32767,1897.0,25000.0
1805.0,1876.0,13041,24400,27843,27799,29308,27592,32767,32767,32767,32767,32767,3321.0,25000.0
1591.0,1599.0,13188,25544,27843,27799,28811,28696,32767,32767,32767,32767,32767,2016.0,25000.0
1966.0,1876.0,13627,25544,26632,27799,28811,26489,32767,32767,32767,32767,32767,2994.0,25000.0
1734.0,1749.0,12900,24410,26643,27811,29816,28156,32767,32767,32767,32767,32767,2758.0,25000.0
1573.0,1578.0,13193,24792,27854,27811,28326,27604,32767,32767,32767,32767,32767,2284.0,25000.0
1573.0,1557.0,13193,25173,27854,27811,28326,28156,32767,32767,32767,32767,32767,2314.0,25000.0
1627.0,1600.0,12753,25173,28662,27811,28326,28156,32767,32767,32767,32767,32767,2195.0,25000.0
1430.0,1451.0,12607,25555,27047,27811,27829,27604,32767,32767,32767,32767,32767,2195.0,25000.0
1627.0,1536.0,12607,25555,27854,27811,28326,28156,32767,32767,32767,32767,32767,2314.0,25000.0
1609.0,1493.0,13193,25936,29065,27811,28823,27052,32767,32767,32767,32767,32767,2521.0,25000.0
1645.0,1600.0,13340,25936,28258,27811,29320,27604,32767,32767,32767,32767,32767,2343.0,25000.0
1574.0,1515.0,12026,24803,27867,27824,29831,27617,32767,32767,32767,32767,32767,2582.0,25000.0
1556.0,1515.0,12026,25185,27867,27824,29831,30378,32767,32767,32767,32767,32767,2344.0,25000.0
1933.0,1751.0,13206,24053,27882,27839,28852,28184,32767,32767,32767,32767,32767,3266.0,25000.0
1629.0,1687.0,12766,24435,27074,27839,29349,28184,32767,32767,32767,32767,32767,2494.0,25000.0
1808.0,1815.0,13647,24817,27074,27839,29847,27632,32767,32767,32767,32767,32767,3117.0,25000.0
1539.0,1516.0,12033,25198,27478,27839,30841,30395,32767,32767,32767,32767,32767,2464.0,25000.0
1700.0,1730.0,12913,25198,27478,27839,29349,29289,32767,32767,32767,32767,32767,2850.0,25000.0
1843.0,1794.0,12913,25580,28691,27839,31339,28737,32767,32767,32767,32767,32767,2791.0,25000.0
2130.0,2541.0,13353,26726,29095,27839,30344,28737,32767,32767,32767,32767,32767,3028.0,25000.0
1626.0,1684.0,13188,25163,28650,28240,28811,28144,32767,32767,32767,32767,32767,2164.0,25000.0
1591.0,1514.0,12602,25544,28650,28240,29308,27041,32767,32767,32767,32767,32767,2253.0,25000.0
1644.0,1663.0,12895,26307,27843,28240,28314,28696,32767,32767,32767,32767,32767,2639.0,25000.0
1663.0,1642.0,12900,24410,27451,28252,28823,29812,32767,32767,32767,32767,32767,2284.0,25000.0
1573.0,1621.0,13633,27462,29873,28252,29320,28156,32767,32767,32767,32767,32767,2254.0,25000.0
1467.0,1344.0,12466,24803,27867,28265,28339,27617,32767,32767,32767,32767,32767,2018.0,25000.0
1431.0,1302.0,12026,25185,27867,28265,29831,29826,32767,32767,32767,32767,32767,1988.0,25000.0
1610.0,1558.0,13639,25185,28271,28265,28836,28169,32767,32767,32767,32767,32767,2493.0,25000.0
1574.0,1558.0,12466,25185,28271,28265,29333,29274,32767,32767,32767,32767,32767,2226.0,25000.0
1699.0,1665.0,13786,25567,27867,28265,28836,28169,32767,32767,32767,32767,32767,2700.0,25000.0
1647.0,1623.0,13206,25198,27478,28280,29847,27632,32767,32767,32767,32767,32767,2672.0,25000.0
1629.0,1687.0,13647,25198,27074,28280,27857,26526,32767,32767,32767,32767,32767,2791.0,25000.0
1432.0,1580.0,12620,25580,28691,28280,30344,30395,32767,32767,32767,32767,32767,1930.0,25000.0
1647.0,1751.0,13060,25580,29095,28280,29847,28737,32767,32767,32767,32767,32767,2702.0,25000.0
1879.0,2135.0,13353,26726,30307,28280,29349,28737,32767,32767,32767,32767,32767,2761.0,25000.0
1575.0,1431.0,13060,26726,27478,28280,28354,27079,32767,32767,32767,32767,32767,2672.0,25000.0
2037.0,2175.0,13774,25163,27439,28682,30798,27592,32767,32767,32767,32767,32767,3410.0,25000.0
1626.0,1684.0,13774,25544,29053,28682,29804,28144,32767,32767,32767,32767,32767,2253.0,25000.0
1591.0,1706.0,13481,25925,29053,28682,30798,29248,32767,32767,32767,32767,32767,2224.0,25000.0
1662.0,1684.0,13774,25925,29457,28682,29804,26489,32767,32767,32767,32767,32767,2876.0,25000.0
1626.0,1706.0,13481,25925,28246,28682,29308,28144,32767,32767,32767,32767,32767,2046.0,25000.0
1644.0,1514.0,14507,26688,28246,28682,30798,27041,32767,32767,32767,32767,32767,4032.0,25000.0
1627.0,1578.0,13486,25555,29469,28693,29816,29812,32767,32767,32767,32767,32767,2669.0,25000.0
1663.0,1578.0,13193,25555,28662,28693,28823,26500,32767,32767,32767,32767,32767,2551.0,25000.0
1591.0,1514.0,13633,25555,29873,28693,29320,27604,32767,32767,32767,32767,32767,2580.0,25000.0
1931.0,2112.0,13340,26699,29873,28693,30313,28156,32767,32767,32767,32767,32767,2640.0,25000.0
1574.0,1558.0,13786,25948,29079,28707,29333,28169,32767,32767,32767,32767,32767,2166.0,25000.0
1485.0,1558.0,12906,25948,28675,28707,29831,29274,32767,32767,32767,32767,32767,2255.0,25000.0
2005.0,2199.0,13060,25198,28286,28722,27857,29289,32767,32767,32767,32767,32767,3147.0,25000.0
1450.0,1281.0,13060,25198,28286,28722,28354,29842,32767,32767,32767,32767,32767,2672.0,25000.0
1593.0,1559.0,13206,25198,27882,28722,30841,29289,32767,32767,32767,32767,32767,2494.0,25000.0
1503.0,1431.0,13060,25580,28286,28722,30841,29842,32767,32767,32767,32767,32767,2316.0,25000.0
1503.0,1473.0,12473,25580,27882,28722,28354,28737,32767,32767,32767,32767,32767,2167.0,25000.0
1575.0,1644.0,13647,27107,28286,28722,30841,28737,32767,32767,32767,32767,32767,2613.0,25000.0
1555.0,1535.0,12016,24782,29053,29123,32767,31455,32767,32767,32767,32767,32767,2372.0,25000.0
1823.0,1962.0,13481,25544,28650,29123,32767,30903,32767,32767,32767,32767,32767,2698.0,25000.0
1501.0,1706.0,13188,25925,28246,29123,29308,28696,32767,32767,32767,32767,32767,2105.0,25000.0
1787.0,2090.0,13774,26307,29053,29123,30301,28144,32767,32767,32767,32767,32767,2431.0,25000.0
1805.0,1962.0,13334,26688,29860,29123,30301,28696,32767,32767,32767,32767,32767,2520.0,25000.0
1680.0,1727.0,13481,27069,29457,29123,29308,28696,32767,32767,32767,32767,32767,2431.0,25000.0
1627.0,1642.0,13486,26317,29873,29135,29816,28708,32767,32767,32767,32767,32767,2284.0,25000.0
1645.0,1706.0,14219,26699,29873,29135,29816,28156,32767,32767,32767,32767,32767,2521.0,25000.0
1448.0,1387.0,13340,26699,28258,29135,29816,27052,32767,32767,32767,32767,32767,2106.0,25000.0
1628.0,1494.0,12759,26330,29079,29149,31322,32035,32767,32767,32767,32767,32767,2522.0,25000.0
1664.0,1622.0,13933,26711,28675,29149,30328,28721,32767,32767,32767,32767,32767,2789.0,25000.0
1431.0,1366.0,12906,26711,29887,29149,31322,29826,32767,32767,32767,32767,32767,2344.0,25000.0
1556.0,1494.0,13786,26711,29483,29149,31322,30931,32767,32767,32767,32767,32767,2433.0,25000.0
1628.0,1537.0,13199,28238,29887,29149,28836,28169,32767,32767,32767,32767,32767,2433.0,25000.0
1503.0,1345.0,12913,25962,28691,29164,28354,28737,32767,32767,32767,32767,32767,2524.0,25000.0
1557.0,1623.0,13206,25962,28691,29164,29847,28184,32767,32767,32767,32767,32767,2316.0,25000.0
1593.0,1537.0,13060,26344,29095,29164,29349,27632,32767,32767,32767,32767,32767,2405.0,25000.0
1557.0,1580.0,13500,26344,29095,29164,29847,30395,32767,32767,32767,32767,32767,2316.0,25000.0
1700.0,1836.0,13647,27107,29095,29164,31339,29842,32767,32767,32767,32767,32767,2613.0,25000.0
1557.0,1601.0,13647,27489,30711,29164,31339,30947,32767,32767,32767,32767,32767,2256.0,25000.0
1629.0,1730.0,13793,27489,29903,29164,30841,30395,32767,32767,32767,32767,32767,2227.0,25000.0
1394.0,1279.0,12602,25925,29860,29564,32767,32007,32767,32767,32767,32767,32767,2135.0,25000.0
1680.0,1791.0,13188,25925,29457,29564,31294,28696,32767,32767,32767,32767,32767,2402.0,25000.0
1805.0,1855.0,13920,26688,29053,29564,32288,29800,32767,32767,32767,32767,32767,2698.0,25000.0
1734.0,1748.0,12455,26688,29457,29564,32288,30903,32767,32767,32767,32767,32767,2313.0,25000.0
1644.0,1791.0,13774,26688,29860,29564,29804,28144,32767,32767,32767,32767,32767,2283.0,25000.0
1823.0,1834.0,13920,27069,30667,29564,30301,28144,32767,32767,32767,32767,32767,2817.0,25000.0
1662.0,1748.0,14360,27069,30264,29564,30301,28696,32767,32767,32767,32767,32767,2402.0,25000.0
1734.0,1792.0,11288,25936,28662,29576,32767,32572,32767,32767,32767,32767,32767,1987.0,25000.0
1573.0,1493.0,13193,26317,29065,29576,30313,28708,32767,32767,32767,32767,32767,2402.0,25000.0
1842.0,1877.0,13780,26317,29065,29576,30313,29812,32767,32767,32767,32767,32767,2966.0,25000.0
1627.0,1664.0,13926,26317,29469,29576,29816,28708,32767,32767,32767,32767,32767,2284.0,25000.0
1609.0,1536.0,12460,26317,29065,29576,31307,29812,32767,32767,32767,32767,32767,2225.0,25000.0
1788.0,1685.0,12900,26317,29065,29576,32767,29812,32767,32767,32767,32767,32767,2521.0,25000.0
1556.0,1557.0,13193,26317,29873,29576,30313,28156,32767,32767,32767,32767,32767,2076.0,25000.0
1645.0,1664.0,14219,26699,30276,29576,30313,27604,32767,32767,32767,32767,32767,2462.0,25000.0
1627.0,1557.0,13633,27080,29873,29576,30313,28708,32767,32767,32767,32767,32767,2343.0,25000.0
1538.0,1472.0,13486,27462,30680,29576,31307,29260,32767,32767,32767,32767,32767,2284.0,25000.0
1645.0,1685.0,14513,27462,31084,29576,31804,29260,32767,32767,32767,32767,32767,2580.0,25000.0
1609.0,1685.0,13926,27462,29873,29576,30810,28708,32767,32767,32767,32767,32767,2254.0,25000.0
1734.0,1898.0,13926,28606,30680,29576,31804,29812,32767,32767,32767,32767,32767,2314.0,25000.0
1628.0,1665.0,13786,25948,29483,29590,30328,30378,32767,32767,32767,32767,32767,2493.0,25000.0
1807.0,1750.0,12613,25948,28675,29590,32316,32035,32767,32767,32767,32767,32767,2315.0,25000.0
1592.0,1579.0,13639,26711,28271,29590,29333,29826,32767,32767,32767,32767,32767,2522.0,25000.0
1664.0,1686.0,14226,26711,30695,29590,30328,29274,32767,32767,32767,32767,32767,2463.0,25000.0
1520.0,1494.0,13639,27093,29483,29590,30825,30378,32767,32767,32767,32767,32767,2493.0,25000.0
1485.0,1430.0,13639,27093,29887,29590,30825,29826,32767,32767,32767,32767,32767,2077.0,25000.0
1539.0,1794.0,13647,24817,27074,29606,29847,29289,32767,32767,32767,32767,32767,3088.0,25000.0
2094.0,2263.0,13060,26344,29499,29606,31836,29842,32767,32767,32767,32767,32767,2999.0,25000.0
1557.0,1601.0,12766,26344,29499,29606,29847,29842,32767,32767,32767,32767,32767,2108.0,25000.0
1414.0,1238.0,13647,26726,27882,29606,32334,29289,32767,32767,32767,32767,32767,3117.0,25000.0
1772.0,1730.0,13647,27107,29095,29606,31339,30947,32767,32767,32767,32767,32767,2405.0,25000.0
1521.0,1537.0,13353,27489,29903,29606,31339,30947,32767,32767,32767,32767,32767,2049.0,25000.0
1787.0,1983.0,13481,25925,29457,30005,32767,32007,32767,32767,32767,32767,32767,2728.0,25000.0
1734.0,1748.0,14067,26688,30264,30005,32288,30352,32767,32767,32767,32767,32767,2402.0,25000.0
1501.0,1535.0,13041,27069,31071,30005,31791,29800,32767,32767,32767,32767,32767,1897.0,25000.0
1734.0,1792.0,14513,26699,29873,30018,30313,28708,32767,32767,32767,32767,32767,2610.0,25000.0
1556.0,1514.0,13926,27080,30680,30018,30313,29812,32767,32767,32767,32767,32767,2225.0,25000.0
1967.0,2026.0,13486,27080,31084,30018,32767,32020,32767,32767,32767,32767,32767,2432.0,25000.0
1734.0,1813.0,14219,27080,30680,30018,30810,29260,32767,32767,32767,32767,32767,2462.0,25000.0
1591.0,1642.0,14073,27462,30276,30018,31804,29260,32767,32767,32767,32767,32767,2106.0,25000.0
1716.0,1856.0,13633,27843,30680,30018,30313,30364,32767,32767,32767,32767,32767,2314.0,25000.0
1788.0,1813.0,14659,27843,30680,30018,31307,28708,32767,32767,32767,32767,32767,2640.0,25000.0
1627.0,1557.0,13633,28224,30276,30018,31307,29812,32767,32767,32767,32767,32767,2225.0,25000.0
1592.0,1601.0,13639,25948,28271,30032,31322,30378,32767,32767,32767,32767,32767,2493.0,25000.0
1646.0,1622.0,14079,27093,29079,30032,30825,28721,32767,32767,32767,32767,32767,2404.0,25000.0
1486.0,1537.0,12766,27107,29499,30048,29847,29289,32767,32767,32767,32767,32767,2286.0,25000.0
1933.0,1900.0,13793,27107,30307,30048,32334,29842,32767,32767,32767,32767,32767,2613.0,25000.0
1843.0,1964.0,13793,27489,29095,30048,29847,30395,32767,32767,32767,32767,32767,2613.0,25000.0
1647.0,1623.0,13793,27489,30307,30048,31836,31500,32767,32767,32767,32767,32767,2464.0,25000.0
1769.0,1770.0,12455,27069,31475,30447,32767,32767,32767,32767,32767,32767,32767,2194.0,25000.0
1537.0,1450.0,12748,27069,30667,30447,32767,32007,32767,32767,32767,32767,32767,2135.0,25000.0
1626.0,1578.0,13188,27069,31475,30447,32288,30903,32767,32767,32767,32767,32767,2046.0,25000.0
1626.0,1684.0,13920,28594,31071,30447,31791,29800,32767,32767,32767,32767,32767,2224.0,25000.0
1931.0,2112.0,14219,26317,29469,30459,31307,30364,32767,32767,32767,32767,32767,2818.0,25000.0
1699.0,1749.0,14073,27080,31084,30459,31307,29260,32767,32767,32767,32767,32767,2462.0,25000.0
1573.0,1536.0,13780,27080,29873,30459,30810,29260,32767,32767,32767,32767,32767,2402.0,25000.0
1681.0,1728.0,13926,27462,30680,30459,31307,30364,32767,32767,32767,32767,32767,2254.0,25000.0
1609.0,1642.0,14073,27462,31084,30459,32301,29812,32767,32767,32767,32767,32767,2314.0,25000.0
1752.0,1792.0,14366,27843,30276,30459,31307,29812,32767,32767,32767,32767,32767,2521.0,25000.0
1573.0,1451.0,14219,28224,31084,30459,31804,29812,32767,32767,32767,32767,32767,2462.0,25000.0
1645.0,1600.0,14219,28987,32767,30459,32767,31468,32767,32767,32767,32767,32767,2373.0,25000.0
1610.0,1729.0,13786,26330,30291,30474,30825,30378,32767,32767,32767,32767,32767,2255.0,25000.0
1681.0,1494.0,14079,26711,29079,30474,32316,28169,32767,32767,32767,32767,32767,3175.0,25000.0
1520.0,1579.0,13199,27475,29887,30474,31819,30931,32767,32767,32767,32767,32767,2107.0,25000.0
1592.0,1643.0,13786,28238,31502,30474,31819,31483,32767,32767,32767,32767,32767,2077.0,25000.0
1539.0,1537.0,13793,25962,29095,30490,31836,29842,32767,32767,32767,32767,32767,3058.0,25000.0
1772.0,1922.0,12766,25962,29499,30490,32767,29842,32767,32767,32767,32767,32767,2702.0,25000.0
1486.0,1388.0,13500,26726,29095,30490,30344,30395,32767,32767,32767,32767,32767,2464.0,25000.0
1700.0,1772.0,14821,27107,29499,30490,32767,29289,32767,32767,32767,32767,32767,3414.0,25000.0
1629.0,1708.0,14380,27107,30711,30490,32334,30947,32767,32767,32767,32767,32767,2732.0,25000.0
1611.0,1794.0,14380,27871,31519,30490,32767,32053,32767,32767,32767,32767,32767,2346.0,25000.0
1483.0,1599.0,13481,27069,30667,30888,31791,29248,32767,32767,32767,32767,32767,1897.0,25000.0
1698.0,1684.0,13920,27069,29053,30888,32767,32007,32767,32767,32767,32767,32767,2698.0,25000.0
1662.0,1812.0,13627,27450,29053,30888,31791,29800,32767,32767,32767,32767,32767,2253.0,25000.0
1734.0,1748.0,13920,27832,31071,30888,32767,30903,32767,32767,32767,32767,32767,2283.0,25000.0
1644.0,1812.0,14213,28213,32282,30888,32767,30903,32767,32767,32767,32767,32767,2283.0,25000.0
1681.0,1813.0,14219,27462,30276,30901,32767,32572,32767,32767,32767,32767,32767,2195.0,25000.0
1645.0,1706.0,14659,28224,31487,30901,32301,29260,32767,32767,32767,32767,32767,2373.0,25000.0
1681.0,1685.0,14073,28606,32295,30901,32301,30364,32767,32767,32767,32767,32767,2314.0,25000.0
1449.0,1515.0,12906,27475,31502,30915,32767,32035,32767,32767,32767,32767,32767,2196.0,25000.0
1503.0,1515.0,13933,27475,29887,30915,31322,29826,32767,32767,32767,32767,32767,2344.0,25000.0
1592.0,1601.0,14226,27856,31098,30915,32316,30931,32767,32767,32767,32767,32767,2137.0,25000.0
1771.0,1899.0,14959,28238,31502,30915,32316,29826,32767,32767,32767,32767,32767,2522.0,25000.0
1610.0,1515.0,14226,28619,31502,30915,32767,30378,32767,32767,32767,32767,32767,2255.0,25000.0
1629.0,1623.0,14087,27107,30307,30932,32767,30947,32767,32767,32767,32767,32767,2375.0,25000.0
1557.0,1687.0,14087,27489,31519,30932,32767,32605,32767,32767,32767,32767,32767,2346.0,25000.0
1718.0,1730.0,14674,28635,31115,30932,31339,29842,32767,32767,32767,32767,32767,2672.0,25000.0
1575.0,1644.0,13500,28635,30711,30932,32334,32605,32767,32767,32767,32767,32767,2316.0,25000.0
1609.0,1493.0,12309,27069,29860,31329,32767,30352,32767,32767,32767,32767,32767,2224.0,25000.0
1751.0,1791.0,14653,28213,30667,31329,32767,30352,32767,32767,32767,32767,32767,2787.0,25000.0
1626.0,1748.0,13920,28594,30667,31329,32767,29800,32767,32767,32767,32767,32767,2164.0,25000.0
2073.0,2154.0,15239,28594,31878,31329,32767,32007,32767,32767,32767,32767,32767,3202.0,25000.0
1556.0,1429.0,13340,27843,30276,31342,31307,30916,32767,32767,32767,32767,32767,2284.0,25000.0
1627.0,1664.0,14366,28224,31084,31342,31804,29812,32767,32767,32767,32767,32767,2462.0,25000.0
1645.0,1685.0,14659,28606,31891,31342,32767,30916,32767,32767,32767,32767,32767,2402.0,25000.0
1627.0,1664.0,14366,28606,30276,31342,32301,30916,32767,32767,32767,32767,32767,2343.0,25000.0
1699.0,1834.0,14513,28606,30680,31342,32767,29812,32767,32767,32767,32767,32767,2432.0,25000.0
1699.0,1770.0,15099,28606,31487,31342,32301,30364,32767,32767,32767,32767,32767,2491.0,25000.0
2021.0,2006.0,14813,28619,31502,31357,32767,30378,32767,32767,32767,32767,32767,3205.0,25000.0
1646.0,1601.0,14959,28619,32714,31357,32767,32035,32767,32767,32767,32767,32767,2404.0,25000.0
1574.0,1686.0,14519,29383,31502,31357,32767,31483,32767,32767,32767,32767,32767,2404.0,25000.0
1574.0,1601.0,14373,30146,31502,31357,32767,30378,32767,32767,32767,32767,32767,2641.0,25000.0
1593.0,1687.0,13940,28253,31115,31374,32767,31500,32767,32767,32767,32767,32767,2375.0,25000.0
1879.0,1922.0,14087,28253,31519,31374,32767,31500,32767,32767,32767,32767,32767,2642.0,25000.0
1611.0,1644.0,13793,28635,31115,31374,31836,31500,32767,32767,32767,32767,32767,2197.0,25000.0
1698.0,1557.0,13334,28213,31878,31770,32767,32767,32767,32767,32767,32767,32767,2342.0,25000.0
1609.0,1940.0,14067,28594,32685,31770,32767,30903,32767,32767,32767,32767,32767,2164.0,25000.0
2146.0,2218.0,14513,26699,29469,31784,32767,29260,32767,32767,32767,32767,32767,3530.0,25000.0
2020.0,2112.0,14952,27462,30276,31784,32767,30916,32767,32767,32767,32767,32767,3144.0,25000.0
1681.0,1685.0,14513,28224,32295,31784,32767,30364,32767,32767,32767,32767,32767,2432.0,25000.0
1734.0,1706.0,14366,28606,30680,31784,32767,30364,32767,32767,32767,32767,32767,2580.0,25000.0
1788.0,1813.0,14806,28987,31891,31784,32767,29812,32767,32767,32767,32767,32767,2551.0,25000.0
1610.0,1622.0,14666,27475,30695,31799,32316,30931,32767,32767,32767,32767,32767,2493.0,25000.0
1699.0,1558.0,14226,27856,31098,31799,32767,31483,32767,32767,32767,32767,32767,2789.0,25000.0
1556.0,1430.0,14373,28238,31098,31799,32767,32035,32767,32767,32767,32767,32767,2611.0,25000.0
1771.0,1878.0,14666,28619,31502,31799,32767,32035,32767,32767,32767,32767,32767,2522.0,25000.0
1933.0,2114.0,14087,27489,31519,31816,32767,29842,32767,32767,32767,32767,32767,3503.0,25000.0
1826.0,1964.0,14674,28253,31519,31816,32767,31500,32767,32767,32767,32767,32767,3028.0,25000.0
1772.0,1943.0,14087,28635,31519,31816,32334,31500,32767,32767,32767,32767,32767,2702.0,25000.0
1718.0,1794.0,13940,28635,32327,31816,32767,32767,32767,32767,32767,32767,32767,2286.0,25000.0
1682.0,1665.0,14674,28635,30711,31816,32767,31500,32767,32767,32767,32767,32767,2910.0,25000.0
2524.0,2712.0,13206,29780,32767,31816,32767,32767,32767,32767,32767,32767,32767,2999.0,25000.0
1448.0,1365.0,13774,26688,29860,32212,32767,32007,32767,32767,32767,32767,32767,2461.0,25000.0
1805.0,2132.0,14360,28594,31878,32212,32767,31455,32767,32767,32767,32767,32767,2490.0,25000.0
1752.0,1728.0,14366,28224,31891,32225,32767,30916,32767,32767,32767,32767,32767,2432.0,25000.0
1877.0,2112.0,14513,28224,32295,32225,32767,32572,32767,32767,32767,32767,32767,2551.0,25000.0
1824.0,1920.0,14219,29750,31891,32225,32767,30916,32767,32767,32767,32767,32767,2402.0,25000.0
1663.0,1728.0,14513,30131,32767,32225,32767,32020,32767,32767,32767,32767,32767,2136.0,25000.0
2093.0,2155.0,13639,27856,31502,32240,32767,32035,32767,32767,32767,32767,32767,2789.0,25000.0
1753.0,1857.0,14666,28238,31906,32240,32316,32035,32767,32767,32767,32767,32767,2611.0,25000.0
1646.0,1686.0,14079,28619,31502,32240,32316,29826,32767,32767,32767,32767,32767,2374.0,25000.0
1556.0,1579.0,14519,29001,32767,32240,32767,32588,32767,32767,32767,32767,32767,2226.0,25000.0
1681.0,1686.0,15106,29383,31906,32240,32767,32588,32767,32767,32767,32767,32767,2671.0,25000.0
1736.0,1794.0,14821,27871,31115,32257,32767,30947,32767,32767,32767,32767,32767,2850.0,25000.0
1843.0,1943.0,14087,28253,32327,32257,32767,32605,32767,32767,32767,32767,32767,2642.0,25000.0
1826.0,1858.0,14527,28253,31923,32257,32767,30947,32767,32767,32767,32767,32767,3058.0,25000.0
1593.0,1601.0,14527,29016,32767,32257,32767,32767,32767,32767,32767,32767,32767,2494.0,25000.0
1843.0,1858.0,14821,29016,32731,32257,32767,30947,32767,32767,32767,32767,32767,2672.0,25000.0
1698.0,2068.0,14360,27450,30667,32653,32767,30352,32767,32767,32767,32767,32767,2402.0,25000.0
2198.0,2431.0,14507,28213,32282,32653,32767,30352,32767,32767,32767,32767,32767,2846.0,25000.0
1483.0,1727.0,14360,28594,31475,32653,32767,31455,32767,32767,32767,32767,32767,1927.0,25000.0
1734.0,2026.0,14800,28594,32282,32653,32767,32767,32767,32767,32767,32767,32767,2283.0,25000.0
1537.0,1727.0,14213,28975,32685,32653,32767,32559,32767,32767,32767,32767,32767,1927.0,25000.0
1894.0,2026.0,15532,29357,32685,32653,32767,32767,32767,32767,32767,32767,32767,3083.0,25000.0
1609.0,1663.0,15093,29738,32767,32653,32767,31455,32767,32767,32767,32767,32767,2075.0,25000.0
1663.0,1792.0,15245,29369,32767,32666,32767,32572,32767,32767,32767,32767,32767,2936.0,25000.0
1716.0,1813.0,14366,29369,32698,32666,32767,30916,32767,32767,32767,32767,32767,2284.0,25000.0
1681.0,1898.0,14806,29369,32767,32666,32767,32020,32767,32767,32767,32767,32767,2136.0,25000.0
1538.0,1514.0,14366,29369,32698,32666,32767,31468,32767,32767,32767,32767,32767,2076.0,25000.0
1645.0,1685.0,14513,29369,32767,32666,32767,31468,32767,32767,32767,32767,32767,2462.0,25000.0
1825.0,1985.0,14813,27856,31906,32682,32767,31483,32767,32767,32767,32767,32767,2700.0,25000.0
1735.0,1942.0,14373,29001,32310,32682,32767,30931,32767,32767,32767,32767,32767,2582.0,25000.0
1592.0,1579.0,14519,29383,32310,32682,32767,31483,32767,32767,32767,32767,32767,2404.0,25000.0
1646.0,1729.0,14519,29764,32714,32682,32767,32767,32767,32767,32767,32767,32767,2255.0,25000.0
2255.0,2498.0,13940,27871,31519,32699,32767,32767,32767,32767,32767,32767,32767,2702.0,25000.0
1575.0,1708.0,15261,28253,32327,32699,32767,32605,32767,32767,32767,32767,32767,2880.0,25000.0
1790.0,1964.0,14380,29398,32767,32699,32767,32767,32767,32767,32767,32767,32767,2405.0,25000.0
1573.0,1578.0,13627,28594,31878,32767,32767,32767,32767,32767,32767,32767,32767,2164.0,25000.0
1912.0,2431.0,15532,28594,31071,32767,32767,30352,32767,32767,32767,32767,32767,2668.0,25000.0
2038.0,2048.0,15392,28606,32698,32767,32767,32572,32767,32767,32767,32767,32767,3737.0,25000.0
1681.0,1728.0,14513,28606,32698,32767,32767,29812,32767,32767,32767,32767,32767,2432.0,25000.0
2291.0,2626.0,14674,28635,32767,32767,32767,32767,32767,32767,32767,32767,32767,3028.0,25000.0
2076.0,2584.0,15114,28635,31923,32767,32767,32605,32767,32767,32767,32767,32767,3147.0,25000.0
1718.0,1922.0,16141,28635,32767,32767,32767,32767,32767,32767,32767,32767,32767,2702.0,25000.0
1948.0,2004.0,14946,28975,32767,32767,32767,31455,32767,32767,32767,32767,32767,2935.0,25000.0
1627.0,1685.0,14366,28987,31891,32767,32767,30916,32767,32767,32767,32767,32767,2284.0,25000.0
1573.0,1621.0,14659,28987,32698,32767,32767,31468,32767,32767,32767,32767,32767,2225.0,25000.0
1538.0,1558.0,13933,29001,32310,32767,32767,32588,32767,32767,32767,32767,32767,2137.0,25000.0
1986.0,2049.0,14959,29001,31098,32767,32767,32767,32767,32767,32767,32767,32767,2908.0,25000.0
1735.0,1750.0,15253,29001,32714,32767,32767,32035,32767,32767,32767,32767,32767,2730.0,25000.0
1860.0,1814.0,15546,29001,32767,32767,32767,32767,32767,32767,32767,32767,32767,3086.0,25000.0
1915.0,2114.0,14674,29016,31923,32767,32767,32767,32767,32767,32767,32767,32767,2642.0,25000.0
1557.0,1559.0,13940,29016,32731,32767,32767,32767,32767,32767,32767,32767,32767,2078.0,25000.0
2645.0,3369.0,15972,29357,32282,32767,32767,32767,32767,32767,32767,32767,32767,3172.0,25000.0
1591.0,1684.0,14653,29357,32685,32767,32767,32007,32767,32767,32767,32767,32767,2105.0,25000.0
1787.0,1791.0,14946,29357,32767,32767,32767,30352,32767,32767,32767,32767,32767,2817.0,25000.0
1680.0,1706.0,13774,29357,32685,32767,32767,32767,32767,32767,32767,32767,32767,2431.0,25000.0
1627.0,1642.0,14806,29369,32698,32767,32767,32020,32767,32767,32767,32767,32767,2225.0,25000.0
2217.0,2602.0,15099,29369,32698,32767,32767,32767,32767,32767,32767,32767,32767,3055.0,25000.0
1466.0,1536.0,14659,29369,32767,32767,32767,32572,32767,32767,32767,32767,32767,2225.0,25000.0
1716.0,1920.0,14952,29369,32698,32767,32767,32020,32767,32767,32767,32767,32767,2314.0,25000.0
1699.0,1665.0,14666,29383,32767,32767,32767,32588,32767,32767,32767,32767,32767,2404.0,25000.0
1664.0,1707.0,14519,29383,32767,32767,32767,30931,32767,32767,32767,32767,32767,2404.0,25000.0
1664.0,1793.0,14373,29383,32310,32767,32767,32767,32767,32767,32767,32767,32767,2374.0,25000.0
2022.0,2306.0,14821,29398,32731,32767,32767,32767,32767,32767,32767,32767,32767,2672.0,25000.0
1843.0,1964.0,15261,29398,32767,32767,32767,30395,32767,32767,32767,32767,32767,3177.0,25000.0
1573.0,1876.0,14507,29738,32282,32767,32767,32559,32767,32767,32767,32767,32767,2135.0,25000.0
1751.0,1684.0,13041,29738,32767,32767,32767,32767,32767,32767,32767,32767,32767,2135.0,25000.0
1681.0,1685.0,14806,29750,32767,32767,32767,30916,32767,32767,32767,32767,32767,2699.0,25000.0
1699.0,1770.0,14806,29750,32767,32767,32767,32020,32767,32767,32767,32767,32767,2254.0,25000.0
1752.0,1898.0,14806,29750,32767,32767,32767,32020,32767,32767,32767,32767,32767,2165.0,25000.0
1681.0,1707.0,14226,29764,32310,32767,32767,31483,32767,32767,32767,32767,32767,2641.0,25000.0
1699.0,1750.0,14666,29764,32767,32767,32767,31483,32767,32767,32767,32767,32767,2315.0,25000.0
1592.0,1707.0,14666,29764,32714,32767,32767,32035,32767,32767,32767,32767,32767,2255.0,25000.0
1700.0,1836.0,12326,29780,32767,32767,32767,32767,32767,32767,32767,32767,32767,1960.0,25000.0
1557.0,1644.0,14967,29780,32767,32767,32767,32767,32767,32767,32767,32767,32767,2435.0,25000.0
1629.0,1794.0,16141,29780,32767,32767,32767,32767,32767,32767,32767,32767,32767,2732.0,25000.0
1519.0,1791.0,14800,30119,32767,32767,32767,32767,32767,32767,32767,32767,32767,2016.0,25000.0
1644.0,1834.0,15093,30119,32767,32767,32767,32559,32767,32767,32767,32767,32767,2105.0,25000.0
2056.0,2432.0,16272,30131,32767,32767,32767,32767,32767,32767,32767,32767,32767,3114.0,25000.0
1967.0,2048.0,15392,30131,32767,32767,32767,32020,32767,32767,32767,32767,32767,2788.0,25000.0
2147.0,2155.0,14959,30146,32767,32767,32767,32767,32767,32767,32767,32767,32767,2641.0,25000.0
1807.0,1942.0,14959,30146,32767,32767,32767,32767,32767,32767,32767,32767,32767,2582.0,25000.0
1664.0,1835.0,14666,30146,32767,32767,32767,32767,32767,32767,32767,32767,32767,2315.0,25000.0
1736.0,1922.0,14380,30162,32327,32767,32767,32767,32767,32767,32767,32767,32767,2435.0,25000.0
1629.0,1858.0,15114,30162,32767,32767,32767,32767,32767,32767,32767,32767,32767,2405.0,25000.0
1593.0,1708.0,15261,30162,32767,32767,32767,32767,32767,32767,32767,32767,32767,2702.0,25000.0
1662.0,1599.0,15239,30500,32767,32767,32767,32767,32767,32767,32767,32767,32767,2402.0,25000.0
1824.0,1856.0,15392,30513,32767,32767,32767,32572,32767,32767,32767,32767,32767,2402.0,25000.0
1931.0,1898.0,15685,30513,32767,32767,32767,32767,32767,32767,32767,32767,32767,2669.0,25000.0
2539.0,3093.0,15392,30513,32698,32767,32767,32767,32767,32767,32767,32767,32767,3203.0,25000.0
1789.0,1878.0,15693,30527,32767,32767,32767,32767,32767,32767,32767,32767,32767,2878.0,25000.0
1628.0,1537.0,15546,30527,32714,32767,32767,31483,32767,32767,32767,32767,32767,3086.0,25000.0
1842.0,2134.0,15399,30527,32767,32767,32767,32588,32767,32767,32767,32767,32767,2582.0,25000.0
1771.0,1771.0,15839,30527,32767,32767,32767,32767,32767,32767,32767,32767,32767,2493.0,25000.0
1699.0,2049.0,14813,30527,32767,32767,32767,32767,32767,32767,32767,32767,32767,2463.0,25000.0
1772.0,1858.0,15408,30544,32767,32767,32767,32767,32767,32767,32767,32767,32767,2524.0,25000.0
1808.0,1922.0,16288,30544,32767,32767,32767,32767,32767,32767,32767,32767,32767,2850.0,25000.0
1951.0,2178.0,15848,30544,32767,32767,32767,32767,32767,32767,32767,32767,32767,2732.0,25000.0
1736.0,1858.0,15701,30544,32767,32767,32767,32767,32767,32767,32767,32767,32767,2880.0,25000.0
1682.0,1900.0,15848,30544,32767,32767,32767,32767,32767,32767,32767,32767,32767,2702.0,25000.0
1486.0,1687.0,14087,30544,32767,32767,32767,32767,32767,32767,32767,32767,32767,1989.0,25000.0
1537.0,1727.0,14507,30882,32767,32767,32767,32767,32767,32767,32767,32767,32767,1927.0,25000.0
1538.0,1728.0,14806,30894,32767,32767,32767,32767,32767,32767,32767,32767,32767,2136.0,25000.0
1895.0,2069.0,15832,30894,32767,32767,32767,32020,32767,32767,32767,32767,32767,2640.0,25000.0
1913.0,2090.0,16125,30894,32767,32767,32767,32767,32767,32767,32767,32767,32767,3025.0,25000.0
1663.0,1685.0,15539,30894,32767,32767,32767,32767,32767,32767,32767,32767,32767,2373.0,25000.0
1770.0,1813.0,15245,30894,32767,32767,32767,32020,32767,32767,32767,32767,32767,2462.0,25000.0
1770.0,1749.0,15245,30894,32767,32767,32767,32767,32767,32767,32767,32767,32767,2551.0,25000.0
2057.0,2177.0,14959,30909,32767,32767,32767,32767,32767,32767,32767,32767,32767,3027.0,25000.0
1610.0,1558.0,15253,30909,32767,32767,32767,32588,32767,32767,32767,32767,32767,2552.0,25000.0
1646.0,1771.0,14959,30909,32767,32767,32767,32767,32767,32767,32767,32767,32767,2522.0,25000.0
1628.0,1942.0,14519,30909,32767,32767,32767,32767,32767,32767,32767,32767,32767,2404.0,25000.0
1629.0,1708.0,12913,30925,32767,32767,32767,32767,32767,32767,32767,32767,32767,1930.0,25000.0
1664.0,1708.0,15261,30925,32767,32767,32767,32767,32767,32767,32767,32767,32767,2435.0,25000.0
2145.0,2793.0,16851,31263,32767,32767,32767,32767,32767,32767,32767,32767,32767,2994.0,25000.0
1859.0,2068.0,14800,31263,32767,32767,32767,32767,32767,32767,32767,32767,32767,2431.0,25000.0
2074.0,2069.0,16418,31276,32767,32767,32767,32767,32767,32767,32767,32767,32767,3411.0,25000.0
1770.0,1920.0,15978,31276,32767,32767,32767,32767,32767,32767,32767,32767,32767,2580.0,25000.0
1753.0,1878.0,15399,31290,32767,32767,32767,32767,32767,32767,32767,32767,32767,2404.0,25000.0
2058.0,2199.0,16581,31307,32767,32767,32767,32767,32767,32767,32767,32767,32767,3355.0,25000.0
1593.0,1495.0,15408,31307,32767,32767,32767,32767,32767,32767,32767,32767,32767,2821.0,25000.0
1843.0,2050.0,15261,31307,32767,32767,32767,32767,32767,32767,32767,32767,32767,2613.0,25000.0
1843.0,2349.0,15995,31307,32767,32767,32767,32767,32767,32767,32767,32767,32767,3058.0,25000.0
1969.0,2199.0,14674,31307,32767,32767,32767,32767,32767,32767,32767,32767,32767,2583.0,25000.0
2109.0,2154.0,16558,31644,32767,32767,32767,32767,32767,32767,32767,32767,32767,3172.0,25000.0
2341.0,2623.0,15972,31644,32767,32767,32767,32767,32767,32767,32767,32767,32767,2965.0,25000.0
2091.0,2154.0,15093,31644,32767,32767,32767,32767,32767,32767,32767,32767,32767,2906.0,25000.0
1895.0,2026.0,15539,31657,32767,32767,32767,32767,32767,32767,32767,32767,32767,2402.0,25000.0
1788.0,1984.0,15978,31657,32767,32767,32767,32767,32767,32767,32767,32767,32767,2491.0,25000.0
1699.0,1792.0,15099,31657,32767,32767,32767,32020,32767,32767,32767,32767,32767,2195.0,25000.0
1806.0,1962.0,15245,31657,32767,32767,32767,32767,32767,32767,32767,32767,32767,2165.0,25000.0
1734.0,1792.0,15832,31657,32767,32767,32767,32767,32767,32767,32767,32767,32767,2669.0,25000.0
1842.0,1962.0,15392,31657,32767,32767,32767,32767,32767,32767,32767,32767,32767,2491.0,25000.0
1949.0,2090.0,16125,31657,32767,32767,32767,32767,32767,32767,32767,32767,32767,2788.0,25000.0
1681.0,1770.0,15245,31657,32767,32767,32767,32767,32767,32767,32767,32767,32767,2254.0,25000.0
1788.0,1920.0,15685,31657,32767,32767,32767,32767,32767,32767,32767,32767,32767,2907.0,25000.0
1985.0,2133.0,15978,31657,32767,32767,32767,32767,32767,32767,32767,32767,32767,2699.0,25000.0
1699.0,1749.0,15978,31657,32767,32767,32767,32767,32767,32767,32767,32767,32767,2640.0,25000.0
1825.0,2006.0,15986,31672,32767,32767,32767,32767,32767,32767,32767,32767,32767,2344.0,25000.0
1413.0,1174.0,14959,31672,32767,32767,32767,32767,32767,32767,32767,32767,32767,2730.0,25000.0
2236.0,2540.0,16426,31672,32767,32767,32767,32767,32767,32767,32767,32767,32767,3027.0,25000.0
1789.0,2027.0,15986,31672,32767,32767,32767,32767,32767,32767,32767,32767,32767,2552.0,25000.0
1699.0,1835.0,15399,31672,32767,32767,32767,32767,32767,32767,32767,32767,32767,2493.0,25000.0
1771.0,1835.0,16133,31672,32767,32767,32767,32767,32767,32767,32767,32767,32767,2404.0,25000.0
1969.0,2242.0,16581,31689,32767,32767,32767,32767,32767,32767,32767,32767,32767,3711.0,25000.0
2148.0,2391.0,15701,31689,32767,32767,32767,32767,32767,32767,32767,32767,32767,2850.0,25000.0
1751.0,1940.0,15679,32025,32767,32767,32767,32767,32767,32767,32767,32767,32767,2313.0,25000.0
2377.0,2495.0,14800,32025,32767,32767,32767,32767,32767,32767,32767,32767,32767,2728.0,25000.0
1751.0,2068.0,15093,32025,32767,32767,32767,32767,32767,32767,32767,32767,32767,2224.0,25000.0
1842.0,2069.0,15539,32039,32767,32767,32767,32767,32767,32767,32767,32767,32767,2788.0,25000.0
1770.0,1834.0,15832,32039,32767,32767,32767,32767,32767,32767,32767,32767,32767,2610.0,25000.0
1806.0,1877.0,15832,32039,32767,32767,32767,32767,32767,32767,32767,32767,32767,2373.0,25000.0
1699.0,1707.0,15839,32054,32767,32767,32767,32767,32767,32767,32767,32767,32767,2522.0,25000.0
1699.0,1793.0,16719,32054,32767,32767,32767,32767,32767,32767,32767,32767,32767,2493.0,25000.0
1664.0,1729.0,15693,32054,32767,32767,32767,32767,32767,32767,32767,32767,32767,2433.0,25000.0
1771.0,1707.0,16279,32054,32767,32767,32767,32767,32767,32767,32767,32767,32767,2463.0,25000.0
1789.0,2027.0,15693,32054,32767,32767,32767,32767,32767,32767,32767,32767,32767,2582.0,25000.0
1717.0,1793.0,15546,32054,32767,32767,32767,32767,32767,32767,32767,32767,32767,2493.0,25000.0
1860.0,2070.0,15693,32054,32767,32767,32767,32767,32767,32767,32767,32767,32767,2433.0,25000.0
2309.0,2541.0,17315,32071,32767,32767,32767,32767,32767,32767,32767,32767,32767,3355.0,25000.0
1931.0,2133.0,15832,32420,32767,32767,32767,32767,32767,32767,32767,32767,32767,2462.0,25000.0
1824.0,2026.0,15832,32420,32767,32767,32767,32767,32767,32767,32767,32767,32767,2373.0,25000.0
1985.0,2282.0,15685,32420,32767,32767,32767,32767,32767,32767,32767,32767,32767,2699.0,25000.0
1716.0,1792.0,15832,32420,32767,32767,32767,32767,32767,32767,32767,32767,32767,2432.0,25000.0
1520.0,1750.0,15546,32435,32767,32767,32767,32767,32767,32767,32767,32767,32767,2255.0,25000.0
1914.0,2091.0,16866,32435,32767,32767,32767,32767,32767,32767,32767,32767,32767,2611.0,25000.0
1753.0,1878.0,15986,32435,32767,32767,32767,32767,32767,32767,32767,32767,32767,2433.0,25000.0
2039.0,2177.0,16133,32435,32767,32767,32767,32767,32767,32767,32767,32767,32767,2671.0,25000.0
1520.0,1473.0,15839,32435,32767,32767,32767,32767,32767,32767,32767,32767,32767,2255.0,25000.0
2237.0,2626.0,18196,32453,32767,32767,32767,32767,32767,32767,32767,32767,32767,3711.0,25000.0
1951.0,2135.0,15848,32453,32767,32767,32767,32767,32767,32767,32767,32767,32767,2791.0,25000.0
1575.0,1687.0,15848,32453,32767,32767,32767,32767,32767,32767,32767,32767,32767,2138.0,25000.0
1736.0,2178.0,17902,32453,32767,32767,32767,32767,32767,32767,32767,32767,32767,2821.0,25000.0
1593.0,1836.0,15995,32453,32767,32767,32767,32767,32767,32767,32767,32767,32767,2346.0,25000.0
1753.0,1814.0,16719,32767,32767,32767,32767,32767,32767,32767,32767,32767,32767,2730.0,25000.0
1878.0,2049.0,16133,32767,32767,32767,32767,32767,32767,32767,32767,32767,32767,2671.0,25000.0
1896.0,2091.0,17013,32767,32767,32767,32767,32767,32767,32767,32767,32767,32767,2582.0,25000.0
3132.0,3843.0,19370,32767,32767,32767,32767,32767,32767,32767,32767,32767,32767,3830.0,25000.0
2486.0,3116.0,20386,32767,32767,32767,32767,32767,32767,32767,32767,32767,32767,3472.0,25000.0
2559.0,2840.0,18489,32767,32767,32767,32767,32767,32767,32767,32767,32767,32767,3177.0,25000.0
2128.0,2261.0,17151,32767,32767,32767,32767,32767,32767,32767,32767,32767,32767,3203.0,25000.0
2416.0,2584.0,17315,32767,32767,32767,32767,32767,32767,32767,32767,32767,32767,3800.0,25000.0
1913.0,2197.0,17005,32767,32767,32767,32767,32767,32767,32767,32767,32767,32767,3025.0,25000.0
2541.0,3310.0,21717,32767,32767,32767,32767,32767,32767,32767,32767,32767,32767,3296.0,25000.0
1986.0,2241.0,17453,32767,32767,32767,32767,32767,32767,32767,32767,32767,32767,2789.0,25000.0
2058.0,2626.0,17902,32767,32767,32767,32767,32767,32767,32767,32767,32767,32767,2702.0,25000.0
2415.0,2753.0,19506,32767,32767,32767,32767,32767,32767,32767,32767,32767,32767,2997.0,25000.0
2864.0,3438.0,19663,32767,32767,32767,32767,32767,32767,32767,32767,32767,32767,3593.0,25000.0
1752.0,1792.0,13486,32767,32767,32767,32767,32767,32767,32767,32767,32767,32767,1869.0,25000.0
2343.0,2817.0,19799,32767,32767,32767,32767,32767,32767,32767,32767,32767,32767,2997.0,25000.0
2380.0,2883.0,19223,32767,32767,32767,32767,32767,32767,32767,32767,32767,32767,3444.0,25000.0
2093.0,2924.0,19946,32767,32767,32767,32767,32767,32767,32767,32767,32767,32767,3056.0,25000.0
1895.0,1984.0,16272,32767,32767,32767,32767,32767,32767,32767,32767,32767,32767,2788.0,25000.0
2877.0,3305.0,19049,32767,32767,32767,32767,32767,32767,32767,32767,32767,32767,3232.0,25000.0
2164.0,2668.0,20679,32767,32767,32767,32767,32767,32767,32767,32767,32767,32767,2819.0,25000.0
2289.0,2666.0,18910,32767,32767,32767,32767,32767,32767,32767,32767,32767,32767,2877.0,25000.0
1878.0,2177.0,17746,32767,32767,32767,32767,32767,32767,32767,32767,32767,32767,2611.0,25000.0
1896.0,2091.0,16133,32767,32767,32767,32767,32767,32767,32767,32767,32767,32767,2463.0,25000.0
1986.0,2219.0,15986,32767,32767,32767,32767,32767,32767,32767,32767,32767,32767,3264.0,25000.0
1843.0,2178.0,16875,32767,32767,32767,32767,32767,32767,32767,32767,32767,32767,2346.0,25000.0
2128.0,2389.0,18324,32767,32767,32767,32767,32767,32767,32767,32767,32767,32767,2996.0,25000.0
2163.0,2410.0,15978,32767,32767,32767,32767,32767,32767,32767,32767,32767,32767,2551.0,25000.0
1986.0,2625.0,19359,32767,32767,32767,32767,32767,32767,32767,32767,32767,32767,2878.0,25000.0
2308.0,2348.0,17746,32767,32767,32767,32767,32767,32767,32767,32767,32767,32767,3116.0,25000.0
2076.0,2391.0,18636,32767,32767,32767,32767,32767,32767,32767,32767,32767,32767,2672.0,25000.0
2254.0,2817.0,20239,32767,32767,32767,32767,32767,32767,32767,32767,32767,32767,2938.0,25000.0
2917.0,3438.0,16288,32767,32767,32767,32767,32767,32767,32767,32767,32767,32767,3622.0,25000.0
1754.0,1900.0,17902,32767,32767,32767,32767,32767,32767,32767,32767,32767,32767,2346.0,25000.0
1933.0,2242.0,17022,32767,32767,32767,32767,32767,32767,32767,32767,32767,32767,2524.0,25000.0
2217.0,2496.0,17738,32767,32767,32767,32767,32767,32767,32767,32767,32767,32767,3085.0,25000.0
2075.0,2348.0,18919,32767,32767,32767,32767,32767,32767,32767,32767,32767,32767,2700.0,25000.0
2432.0,2688.0,17298,32767,32767,32767,32767,32767,32767,32767,32767,32767,32767,2996.0,25000.0
2057.0,2390.0,18186,32767,32767,32767,32767,32767,32767,32767,32767,32767,32767,2671.0,25000.0
2327.0,2883.0,19370,32767,32767,32767,32767,32767,32767,32767,32767,32767,32767,3088.0,25000.0
1825.0,1963.0,17453,32767,32767,32767,32767,32767,32767,32767,32767,32767,32767,2789.0,25000.0
2343.0,2732.0,20239,32767,32767,32767,32767,32767,32767,32767,32767,32767,32767,3027.0,25000.0
1933.0,2754.0,19223,32767,32767,32767,32767,32767,32767,32767,32767,32767,32767,3088.0,25000.0
2219.0,2477.0,19223,32767,32767,32767,32767,32767,32767,32767,32767,32767,32767,2969.0,25000.0
2324.0,2730.0,18324,32767,32767,32767,32767,32767,32767,32767,32767,32767,32767,2936.0,25000.0
1914.0,2155.0,18186,32767,32767,32767,32767,32767,32767,32767,32767,32767,32767,2967.0,25000.0
1824.0,2048.0,17738,32767,32767,32767,32767,32767,32767,32767,32767,32767,32767,2165.0,25000.0
2129.0,2348.0,16279,32767,32767,32767,32767,32767,32767,32767,32767,32767,32767,3175.0,25000.0
2073.0,2409.0,16998,32767,32767,32767,32767,32767,32767,32767,32767,32767,32767,2668.0,25000.0
2574.0,2900.0,18756,32767,32767,32767,32767,32767,32767,32767,32767,32767,32767,3261.0,25000.0
2128.0,2517.0,16858,32767,32767,32767,32767,32767,32767,32767,32767,32767,32767,2936.0,25000.0
1931.0,2112.0,15978,32767,32767,32767,32767,32767,32767,32767,32767,32767,32767,2521.0,25000.0
2252.0,2495.0,16998,32767,32767,32767,32767,32767,32767,32767,32767,32767,32767,2846.0,25000.0
1877.0,2623.0,17877,32767,32767,32767,32767,32767,32767,32767,32767,32767,32767,2728.0,25000.0
2539.0,2816.0,18470,32767,32767,32767,32767,32767,32767,32767,32767,32767,32767,3559.0,25000.0
1897.0,1986.0,16581,32767,32767,32767,32767,32767,32767,32767,32767,32767,32767,2969.0,25000.0
2469.0,2881.0,19799,32767,32767,32767,32767,32767,32767,32767,32767,32767,32767,3235.0,25000.0
1754.0,1815.0,15995,32767,32767,32767,32767,32767,32767,32767,32767,32767,32767,2286.0,25000.0
2308.0,2753.0,20972,32767,32767,32767,32767,32767,32767,32767,32767,32767,32767,2967.0,25000.0
1966.0,2090.0,16851,32767,32767,32767,32767,32767,32767,32767,32767,32767,32767,2342.0,25000.0
2646.0,3178.0,21109,32767,32767,32767,32767,32767,32767,32767,32767,32767,32767,3352.0,25000.0
2093.0,2390.0,19066,32767,32767,32767,32767,32767,32767,32767,32767,32767,32767,2641.0,25000.0
2182.0,2540.0,17013,32767,32767,32767,32767,32767,32767,32767,32767,32767,32767,2671.0,25000.0
2558.0,3137.0,21412,32767,32767,32767,32767,32767,32767,32767,32767,32767,32767,3294.0,25000.0
2112.0,2605.0,17755,32767,32767,32767,32767,32767,32767,32767,32767,32767,32767,3503.0,25000.0
1860.0,2027.0,17746,32767,32767,32767,32767,32767,32767,32767,32767,32767,32767,2849.0,25000.0
1771.0,1985.0,16426,32767,32767,32767,32767,32767,32767,32767,32767,32767,32767,2315.0,25000.0
2502.0,3049.0,19928,32767,32767,32767,32767,32767,32767,32767,32767,32767,32767,3410.0,25000.0
1842.0,2090.0,18177,32767,32767,32767,32767,32767,32767,32767,32767,32767,32767,2640.0,25000.0
2308.0,2860.0,19799,32767,32767,32767,32767,32767,32767,32767,32767,32767,32767,2938.0,25000.0
1877.0,2537.0,17291,32767,32767,32767,32767,32767,32767,32767,32767,32767,32767,2876.0,25000.0
1664.0,1665.0,16573,32767,32767,32767,32767,32767,32767,32767,32767,32767,32767,2344.0,25000.0
2073.0,2260.0,16851,32767,32767,32767,32767,32767,32767,32767,32767,32767,32767,2609.0,25000.0
2306.0,2900.0,17730,32767,32767,32767,32767,32767,32767,32767,32767,32767,32767,2817.0,25000.0
2181.0,2496.0,16418,32767,32767,32767,32767,32767,32767,32767,32767,32767,32767,2907.0,25000.0
2630.0,3158.0,20826,32767,32767,32767,32767,32767,32767,32767,32767,32767,32767,3531.0,25000.0
2218.0,2668.0,18773,32767,32767,32767,32767,32767,32767,32767,32767,32767,32767,2967.0,25000.0
2184.0,3053.0,21571,32767,32767,32767,32767,32767,32767,32767,32767,32767,32767,3147.0,25000.0
2057.0,2390.0,18919,32767,32767,32767,32767,32767,32767,32767,32767,32767,32767,3116.0,25000.0
1894.0,1919.0,16851,32767,32767,32767,32767,32767,32767,32767,32767,32767,32767,2579.0,25000.0
1823.0,2132.0,16265,32767,32767,32767,32767,32767,32767,32767,32767,32767,32767,2490.0,25000.0
2130.0,2413.0,17902,32767,32767,32767,32767,32767,32767,32767,32767,32767,32767,2999.0,25000.0
1968.0,2241.0,17306,32767,32767,32767,32767,32767,32767,32767,32767,32767,32767,2582.0,25000.0
1682.0,2028.0,14821,32767,32767,32767,32767,32767,32767,32767,32767,32767,32767,3088.0,25000.0
2075.0,2262.0,17893,32767,32767,32767,32767,32767,32767,32767,32767,32767,32767,2700.0,25000.0
2021.0,2219.0,17013,32767,32767,32767,32767,32767,32767,32767,32767,32767,32767,2582.0,25000.0
2737.0,3564.0,21852,32767,32767,32767,32767,32767,32767,32767,32767,32767,32767,3591.0,25000.0
1969.0,2093.0,17022,32767,32767,32767,32767,32767,32767,32767,32767,32767,32767,3236.0,25000.0
1933.0,2135.0,16581,32767,32767,32767,32767,32767,32767,32767,32767,32767,32767,2672.0,25000.0
1915.0,2391.0,16435,32767,32767,32767,32767,32767,32767,32767,32767,32767,32767,2850.0,25000.0
1520.0,1686.0,17013,32767,32767,32767,32767,32767,32767,32767,32767,32767,32767,2077.0,25000.0
1752.0,1920.0,17591,32767,32767,32767,32767,32767,32767,32767,32767,32767,32767,3144.0,25000.0
1986.0,2241.0,19506,32767,32767,32767,32767,32767,32767,32767,32767,32767,32767,2582.0,25000.0
1968.0,2241.0,17159,32767,32767,32767,32767,32767,32767,32767,32767,32767,32767,2819.0,25000.0
1825.0,1899.0,16719,32767,32767,32767,32767,32767,32767,32767,32767,32767,32767,2730.0,25000.0
1931.0,2133.0,15099,32767,32767,32767,32767,32767,32767,32767,32767,32767,32767,2432.0,25000.0
1699.0,1771.0,16866,32767,32767,32767,32767,32767,32767,32767,32767,32767,32767,2315.0,25000.0
2147.0,2412.0,18039,32767,32767,32767,32767,32767,32767,32767,32767,32767,32767,3056.0,25000.0
1788.0,1962.0,15978,32767,32767,32767,32767,32767,32767,32767,32767,32767,32767,2254.0,25000.0
1771.0,1878.0,16573,32767,32767,32767,32767,32767,32767,32767,32767,32767,32767,2552.0,25000.0
1842.0,2006.0,17746,32767,32767,32767,32767,32767,32767,32767,32767,32767,32767,2522.0,25000.0
2182.0,2326.0,18773,32767,32767,32767,32767,32767,32767,32767,32767,32767,32767,3205.0,25000.0
1879.0,2925.0,18489,32767,32767,32767,32767,32767,32767,32767,32767,32767,32767,2999.0,25000.0
2056.0,2282.0,18470,32767,32767,32767,32767,32767,32767,32767,32767,32767,32767,2758.0,25000.0
2182.0,2454.0,17599,32767,32767,32767,32767,32767,32767,32767,32767,32767,32767,2671.0,25000.0
2218.0,2625.0,18919,32767,32767,32767,32767,32767,32767,32767,32767,32767,32767,2908.0,25000.0
1951.0,2562.0,18342,32767,32767,32767,32767,32767,32767,32767,32767,32767,32767,3325.0,25000.0
2111.0,2796.0,19506,32767,32767,32767,32767,32767,32767,32767,32767,32767,32767,2849.0,25000.0
1842.0,2113.0,16279,32767,32767,32767,32767,32767,32767,32767,32767,32767,32767,2315.0,25000.0
1877.0,2069.0,17298,32767,32767,32767,32767,32767,32767,32767,32767,32767,32767,2669.0,25000.0
3418.0,4164.0,15408,32767,32767,32767,32767,32767,32767,32767,32767,32767,32767,3622.0,25000.0
1413.0,1088.0,15693,32767,32767,32767,32767,32767,32767,32767,32767,32767,32767,3442.0,25000.0
2378.0,2474.0,19057,32767,32767,32767,32767,32767,32767,32767,32767,32767,32767,2936.0,25000.0
2057.0,2369.0,17599,32767,32767,32767,32767,32767,32767,32767,32767,32767,32767,2433.0,25000.0
1985.0,2517.0,17591,32767,32767,32767,32767,32767,32767,32767,32767,32767,32767,3055.0,25000.0
2164.0,2433.0,19066,32767,32767,32767,32767,32767,32767,32767,32767,32767,32767,2730.0,25000.0
1968.0,2262.0,17599,32767,32767,32767,32767,32767,32767,32767,32767,32767,32767,2493.0,25000.0
1897.0,2199.0,18342,32767,32767,32767,32767,32767,32767,32767,32767,32767,32767,2821.0,25000.0
2342.0,2688.0,19057,32767,32767,32767,32767,32767,32767,32767,32767,32767,32767,2818.0,25000.0
1789.0,2604.0,18186,32767,32767,32767,32767,32767,32767,32767,32767,32767,32767,2611.0,25000.0
1790.0,2028.0,16435,32767,32767,32767,32767,32767,32767,32767,32767,32767,32767,2405.0,25000.0
2146.0,2538.0,19203,32767,32767,32767,32767,32767,32767,32767,32767,32767,32767,2610.0,25000.0
2327.0,2797.0,17462,32767,32767,32767,32767,32767,32767,32767,32767,32767,32767,2999.0,25000.0
2504.0,2988.0,20826,32767,32767,32767,32767,32767,32767,32767,32767,32767,32767,3175.0,25000.0
3186.0,3801.0,23478,32767,32767,32767,32767,32767,32767,32767,32767,32767,32767,3682.0,25000.0
2182.0,2390.0,18333,32767,32767,32767,32767,32767,32767,32767,32767,32767,32767,2611.0,25000.0
1968.0,2326.0,15399,32767,32767,32767,32767,32767,32767,32767,32767,32767,32767,2760.0,25000.0
2289.0,2645.0,17298,32767,32767,32767,32767,32767,32767,32767,32767,32767,32767,2847.0,25000.0
1860.0,2134.0,17013,32767,32767,32767,32767,32767,32767,32767,32767,32767,32767,2463.0,25000.0
2002.0,2132.0,17291,32767,32767,32767,32767,32767,32767,32767,32767,32767,32767,2817.0,25000.0
2039.0,2348.0,17599,32767,32767,32767,32767,32767,32767,32767,32767,32767,32767,2760.0,25000.0
1986.0,2177.0,17599,32767,32767,32767,32767,32767,32767,32767,32767,32767,32767,2819.0,25000.0
2914.0,3776.0,22868,32767,32767,32767,32767,32767,32767,32767,32767,32767,32767,3648.0,25000.0
1986.0,2134.0,17159,32767,32767,32767,32767,32767,32767,32767,32767,32767,32767,2671.0,25000.0
1824.0,1984.0,16125,32767,32767,32767,32767,32767,32767,32767,32767,32767,32767,2462.0,25000.0
1842.0,1920.0,18470,32767,32767,32767,32767,32767,32767,32767,32767,32767,32767,2669.0,25000.0
1861.0,2370.0,18636,32767,32767,32767,32767,32767,32767,32767,32767,32767,32767,2524.0,25000.0
3202.0,3948.0,21559,32767,32767,32767,32767,32767,32767,32767,32767,32767,32767,4006.0,25000.0
2343.0,2753.0,19213,32767,32767,32767,32767,32767,32767,32767,32767,32767,32767,2938.0,25000.0
1913.0,2048.0,17738,32767,32767,32767,32767,32767,32767,32767,32767,32767,32767,2521.0,25000.0
1985.0,2069.0,17591,32767,32767,32767,32767,32767,32767,32767,32767,32767,32767,2640.0,25000.0
2452.0,2840.0,20397,32767,32767,32767,32767,32767,32767,32767,32767,32767,32767,2910.0,25000.0
2057.0,2198.0,18626,32767,32767,32767,32767,32767,32767,32767,32767,32767,32767,2760.0,25000.0
2056.0,2133.0,17151,32767,32767,32767,32767,32767,32767,32767,32767,32767,32767,2847.0,25000.0
2022.0,2327.0,17755,32767,32767,32767,32767,32767,32767,32767,32767,32767,32767,3028.0,25000.0
1914.0,2177.0,16279,32767,32767,32767,32767,32767,32767,32767,32767,32767,32767,2522.0,25000.0
2397.0,2668.0,18333,32767,32767,32767,32767,32767,32767,32767,32767,32767,32767,2997.0,25000.0
2559.0,2819.0,18783,32767,32767,32767,32767,32767,32767,32767,32767,32767,32767,3414.0,25000.0
1807.0,1963.0,17013,32767,32767,32767,32767,32767,32767,32767,32767,32767,32767,2493.0,25000.0
2788.0,3241.0,20368,32767,32767,32767,32767,32767,32767,32767,32767,32767,32767,3291.0,25000.0
1843.0,2050.0,17022,32767,32767,32767,32767,32767,32767,32767,32767,32767,32767,2494.0,25000.0
1987.0,2221.0,18196,32767,32767,32767,32767,32767,32767,32767,32767,32767,32767,2464.0,25000.0
2003.0,2198.0,18626,32767,32767,32767,32767,32767,32767,32767,32767,32767,32767,2463.0,25000.0
2683.0,3116.0,19946,32767,32767,32767,32767,32767,32767,32767,32767,32767,32767,3561.0,25000.0
2128.0,2517.0,17151,32767,32767,32767,32767,32767,32767,32767,32767,32767,32767,2907.0,25000.0
2110.0,2368.0,17151,32767,32767,32767,32767,32767,32767,32767,32767,32767,32767,2521.0,25000.0
1842.0,2069.0,16711,32767,32767,32767,32767,32767,32767,32767,32767,32767,32767,2521.0,25000.0
1951.0,2285.0,19076,32767,32767,32767,32767,32767,32767,32767,32767,32767,32767,2583.0,25000.0
1896.0,2198.0,17599,32767,32767,32767,32767,32767,32767,32767,32767,32767,32767,2315.0,25000.0
2685.0,3288.0,22158,32767,32767,32767,32767,32767,32767,32767,32767,32767,32767,3296.0,25000.0
2163.0,2517.0,18470,32767,32767,32767,32767,32767,32767,32767,32767,32767,32767,2996.0,25000.0
1949.0,2581.0,18617,32767,32767,32767,32767,32767,32767,32767,32767,32767,32767,2640.0,25000.0
2092.0,2346.0,16711,32767,32767,32767,32767,32767,32767,32767,32767,32767,32767,2699.0,25000.0
2038.0,2496.0,15978,32767,32767,32767,32767,32767,32767,32767,32767,32767,32767,2669.0,25000.0
3007.0,3865.0,17755,32767,32767,32767,32767,32767,32767,32767,32767,32767,32767,4038.0,25000.0
2146.0,2560.0,18764,32767,32767,32767,32767,32767,32767,32767,32767,32767,32767,2640.0,25000.0
2950.0,3818.0,21402,32767,32767,32767,32767,32767,32767,32767,32767,32767,32767,3589.0,25000.0
1967.0,2197.0,16711,32767,32767,32767,32767,32767,32767,32767,32767,32767,32767,2521.0,25000.0
1914.0,2476.0,16866,32767,32767,32767,32767,32767,32767,32767,32767,32767,32767,2730.0,25000.0
2201.0,2584.0,19223,32767,32767,32767,32767,32767,32767,32767,32767,32767,32767,2672.0,25000.0
1968.0,2604.0,18039,32767,32767,32767,32767,32767,32767,32767,32767,32767,32767,2908.0,25000.0
1753.0,1835.0,16719,32767,32767,32767,32767,32767,32767,32767,32767,32767,32767,2522.0,25000.0
1735.0,1942.0,16573,32767,32767,32767,32767,32767,32767,32767,32767,32767,32767,2433.0,25000.0
1895.0,2218.0,17298,32767,32767,32767,32767,32767,32767,32767,32767,32767,32767,2491.0,25000.0
1575.0,2413.0,19076,32767,32767,32767,32767,32767,32767,32767,32767,32767,32767,2494.0,25000.0
2184.0,2456.0,17315,32767,32767,32767,32767,32767,32767,32767,32767,32767,32767,2850.0,25000.0
2003.0,2218.0,16858,32767,32767,32767,32767,32767,32767,32767,32767,32767,32767,2818.0,25000.0
2039.0,2369.0,17599,32767,32767,32767,32767,32767,32767,32767,32767,32767,32767,2760.0,25000.0
1787.0,2580.0,15972,32767,32767,32767,32767,32767,32767,32767,32767,32767,32767,2609.0,25000.0
1610.0,2348.0,17159,32767,32767,32767,32767,32767,32767,32767,32767,32767,32767,2493.0,25000.0
2594.0,2924.0,18919,32767,32767,32767,32767,32767,32767,32767,32767,32767,32767,3264.0,25000.0
2488.0,3117.0,17168,32767,32767,32767,32767,32767,32767,32767,32767,32767,32767,3533.0,25000.0
1896.0,2198.0,17453,32767,32767,32767,32767,32767,32767,32767,32767,32767,32767,2641.0,25000.0
1986.0,2262.0,18333,32767,32767,32767,32767,32767,32767,32767,32767,32767,32767,2878.0,25000.0
2110.0,2346.0,16418,32767,32767,32767,32767,32767,32767,32767,32767,32767,32767,2847.0,25000.0
2466.0,2942.0,16558,32767,32767,32767,32767,32767,32767,32767,32767,32767,32767,3232.0,25000.0
2057.0,2497.0,18333,32767,32767,32767,32767,32767,32767,32767,32767,32767,32767,2730.0,25000.0
1932.0,2134.0,18919,32767,32767,32767,32767,32767,32767,32767,32767,32767,32767,2611.0,25000.0
2057.0,2198.0,17746,32767,32767,32767,32767,32767,32767,32767,32767,32767,32767,2878.0,25000.0
1664.0,1857.0,17159,32767,32767,32767,32767,32767,32767,32767,32767,32767,32767,1988.0,25000.0
2272.0,2710.0,19066,32767,32767,32767,32767,32767,32767,32767,32767,32767,32767,2938.0,25000.0
2094.0,2391.0,16728,32767,32767,32767,32767,32767,32767,32767,32767,32767,32767,2791.0,25000.0
2005.0,2584.0,19810,32767,32767,32767,32767,32767,32767,32767,32767,32767,32767,2939.0,25000.0
2341.0,2665.0,18609,32767,32767,32767,32767,32767,32767,32767,32767,32767,32767,3202.0,25000.0
2451.0,2774.0,20826,32767,32767,32767,32767,32767,32767,32767,32767,32767,32767,3086.0,25000.0
2217.0,2560.0,18177,32767,32767,32767,32767,32767,32767,32767,32767,32767,32767,2669.0,25000.0
2166.0,2584.0,17168,32767,32767,32767,32767,32767,32767,32767,32767,32767,32767,2702.0,25000.0
2789.0,3306.0,21695,32767,32767,32767,32767,32767,32767,32767,32767,32767,32767,3352.0,25000.0
1825.0,2582.0,19359,32767,32767,32767,32767,32767,32767,32767,32767,32767,32767,2641.0,25000.0
2128.0,2602.0,18324,32767,32767,32767,32767,32767,32767,32767,32767,32767,32767,2877.0,25000.0
2040.0,2391.0,18929,32767,32767,32767,32767,32767,32767,32767,32767,32767,32767,2672.0,25000.0
2810.0,3523.0,21424,32767,32767,32767,32767,32767,32767,32767,32767,32767,32767,3444.0,25000.0
2147.0,2390.0,16426,32767,32767,32767,32767,32767,32767,32767,32767,32767,32767,2760.0,25000.0
1932.0,2177.0,17746,32767,32767,32767,32767,32767,32767,32767,32767,32767,32767,2611.0,25000.0
1735.0,1899.0,17453,32767,32767,32767,32767,32767,32767,32767,32767,32767,32767,2137.0,25000.0
2005.0,2520.0,17755,32767,32767,32767,32767,32767,32767,32767,32767,32767,32767,3117.0,25000.0
1807.0,2006.0,18039,32767,32767,32767,32767,32767,32767,32767,32767,32767,32767,2552.0,25000.0
2971.0,3779.0,18636,32767,32767,32767,32767,32767,32767,32767,32767,32767,32767,3771.0,25000.0
2451.0,2902.0,20679,32767,32767,32767,32767,32767,32767,32767,32767,32767,32767,3145.0,25000.0
2164.0,2518.0,19799,32767,32767,32767,32767,32767,32767,32767,32767,32767,32767,2819.0,25000.0
2058.0,2520.0,19956,32767,32767,32767,32767,32767,32767,32767,32767,32767,32767,2910.0,25000.0
2343.0,2710.0,18919,32767,32767,32767,32767,32767,32767,32767,32767,32767,32767,3264.0,25000.0
2146.0,2474.0,17005,32767,32767,32767,32767,32767,32767,32767,32767,32767,32767,2996.0,25000.0
1951.0,2221.0,16141,32767,32767,32767,32767,32767,32767,32767,32767,32767,32767,2524.0,25000.0
1967.0,2368.0,16711,32767,32767,32767,32767,32767,32767,32767,32767,32767,32767,3055.0,25000.0
1807.0,2049.0,17893,32767,32767,32767,32767,32767,32767,32767,32767,32767,32767,2315.0,25000.0
1949.0,2005.0,17151,32767,32767,32767,32767,32767,32767,32767,32767,32767,32767,2669.0,25000.0
2506.0,3160.0,18196,32767,32767,32767,32767,32767,32767,32767,32767,32767,32767,3622.0,25000.0
2093.0,2454.0,18333,32767,32767,32767,32767,32767,32767,32767,32767,32767,32767,2789.0,25000.0
2128.0,2368.0,17298,32767,32767,32767,32767,32767,32767,32767,32767,32767,32767,2907.0,25000.0
2613.0,3267.0,20543,32767,32767,32767,32767,32767,32767,32767,32767,32767,32767,3385.0,25000.0
1895.0,2133.0,17151,32767,32767,32767,32767,32767,32767,32767,32767,32767,32767,2610.0,25000.0
1966.0,2537.0,16265,32767,32767,32767,32767,32767,32767,32767,32767,32767,32767,2609.0,25000.0
2540.0,2902.0,19066,32767,32767,32767,32767,32767,32767,32767,32767,32767,32767,3056.0,25000.0
1967.0,1984.0,16272,32767,32767,32767,32767,32767,32767,32767,32767,32767,32767,2729.0,25000.0
1878.0,1963.0,17306,32767,32767,32767,32767,32767,32767,32767,32767,32767,32767,2730.0,25000.0
2003.0,2219.0,17893,32767,32767,32767,32767,32767,32767,32767,32767,32767,32767,2641.0,25000.0
1628.0,1601.0,16719,32767,32767,32767,32767,32767,32767,32767,32767,32767,32767,2433.0,25000.0
1716.0,1792.0,17005,32767,32767,32767,32767,32767,32767,32767,32767,32767,32767,2669.0,25000.0
2451.0,3030.0,19652,32767,32767,32767,32767,32767,32767,32767,32767,32767,32767,3027.0,25000.0
1931.0,2048.0,16565,32767,32767,32767,32767,32767,32767,32767,32767,32767,32767,2580.0,25000.0
2056.0,2474.0,19350,32767,32767,32767,32767,32767,32767,32767,32767,32767,32767,2758.0,25000.0
1735.0,1921.0,16866,32767,32767,32767,32767,32767,32767,32767,32767,32767,32767,2137.0,25000.0
1932.0,2091.0,16133,32767,32767,32767,32767,32767,32767,32767,32767,32767,32767,2700.0,25000.0
1878.0,2198.0,17453,32767,32767,32767,32767,32767,32767,32767,32767,32767,32767,2641.0,25000.0
1914.0,2070.0,18039,32767,32767,32767,32767,32767,32767,32767,32767,32767,32767,2493.0,25000.0
2538.0,3049.0,18316,32767,32767,32767,32767,32767,32767,32767,32767,32767,32767,3795.0,25000.0
1950.0,2113.0,19506,32767,32767,32767,32767,32767,32767,32767,32767,32767,32767,2730.0,25000.0
1984.0,2196.0,14946,32767,32767,32767,32767,32767,32767,32767,32767,32767,32767,2402.0,25000.0
2255.0,2669.0,17609,32767,32767,32767,32767,32767,32767,32767,32767,32767,32767,2999.0,25000.0
2166.0,2391.0,17609,32767,32767,32767,32767,32767,32767,32767,32767,32767,32767,2642.0,25000.0
2306.0,2752.0,18764,32767,32767,32767,32767,32767,32767,32767,32767,32767,32767,3025.0,25000.0
2503.0,2922.0,20669,32767,32767,32767,32767,32767,32767,32767,32767,32767,32767,2996.0,25000.0
2470.0,2733.0,18049,32767,32767,32767,32767,32767,32767,32767,32767,32767,32767,3028.0,25000.0
2003.0,2091.0,15399,32767,32767,32767,32767,32767,32767,32767,32767,32767,32767,2374.0,25000.0
2235.0,2666.0,16858,32767,32767,32767,32767,32767,32767,32767,32767,32767,32767,3322.0,25000.0
2470.0,2840.0,18489,32767,32767,32767,32767,32767,32767,32767,32767,32767,32767,3414.0,25000.0
2469.0,2988.0,19799,32767,32767,32767,32767,32767,32767,32767,32767,32767,32767,3205.0,25000.0
2506.0,2904.0,18049,32767,32767,32767,32767,32767,32767,32767,32767,32767,32767,3652.0,25000.0
1700.0,1922.0,14380,32767,32767,32767,32767,32767,32767,32767,32767,32767,32767,2019.0,25000.0
1932.0,2198.0,17893,32767,32767,32767,32767,32767,32767,32767,32767,32767,32767,2730.0,25000.0
2074.0,2368.0,18764,32767,32767,32767,32767,32767,32767,32767,32767,32767,32767,2640.0,25000.0
2522.0,2902.0,21412,32767,32767,32767,32767,32767,32767,32767,32767,32767,32767,3264.0,25000.0
3147.0,3712.0,21842,32767,32767,32767,32767,32767,32767,32767,32767,32767,32767,3737.0,25000.0
2200.0,2753.0,18186,32767,32767,32767,32767,32767,32767,32767,32767,32767,32767,2997.0,25000.0
2595.0,3374.0,18342,32767,32767,32767,32767,32767,32767,32767,32767,32767,32767,3563.0,25000.0
1699.0,1770.0,16418,32767,32767,32767,32767,32767,32767,32767,32767,32767,32767,2136.0,25000.0
2074.0,2282.0,16125,32767,32767,32767,32767,32767,32767,32767,32767,32767,32767,2966.0,25000.0
2093.0,2262.0,17159,32767,32767,32767,32767,32767,32767,32767,32767,32767,32767,3145.0,25000.0
2630.0,3009.0,18626,32767,32767,32767,32767,32767,32767,32767,32767,32767,32767,3294.0,25000.0
2129.0,2305.0,17453,32767,32767,32767,32767,32767,32767,32767,32767,32767,32767,2878.0,25000.0
2323.0,2601.0,19049,32767,32767,32767,32767,32767,32767,32767,32767,32767,32767,3232.0,25000.0
1860.0,2262.0,17453,32767,32767,32767,32767,32767,32767,32767,32767,32767,32767,2582.0,25000.0
2290.0,2881.0,20679,32767,32767,32767,32767,32767,32767,32767,32767,32767,32767,3086.0,25000.0
2254.0,2497.0,18773,32767,32767,32767,32767,32767,32767,32767,32767,32767,32767,2760.0,25000.0
1788.0,2048.0,16565,32767,32767,32767,32767,32767,32767,32767,32767,32767,32767,2551.0,25000.0
1915.0,2989.0,21424,32767,32767,32767,32767,32767,32767,32767,32767,32767,32767,3177.0,25000.0
2271.0,2538.0,18177,32767,32767,32767,32767,32767,32767,32767,32767,32767,32767,2640.0,25000.0
1914.0,2155.0,17159,32767,32767,32767,32767,32767,32767,32767,32767,32767,32767,2404.0,25000.0
2003.0,2241.0,17453,32767,32767,32767,32767,32767,32767,32767,32767,32767,32767,2611.0,25000.0
2720.0,3438.0,19223,32767,32767,32767,32767,32767,32767,32767,32767,32767,32767,3503.0,25000.0
2147.0,2518.0,18626,32767,32767,32767,32767,32767,32767,32767,32767,32767,32767,2611.0,25000.0
1932.0,2091.0,18039,32767,32767,32767,32767,32767,32767,32767,32767,32767,32767,2997.0,25000.0
2128.0,2368.0,17298,32767,32767,32767,32767,32767,32767,32767,32767,32767,32767,2818.0,25000.0
1789.0,2412.0,17893,32767,32767,32767,32767,32767,32767,32767,32767,32767,32767,2582.0,25000.0
2112.0,2520.0,17609,32767,32767,32767,32767,32767,32767,32767,32767,32767,32767,3088.0,25000.0
1699.0,1898.0,17298,32767,32767,32767,32767,32767,32767,32767,32767,32767,32767,2580.0,25000.0
2559.0,2989.0,20543,32767,32767,32767,32767,32767,32767,32767,32767,32767,32767,3207.0,25000.0
2094.0,2413.0,18049,32767,32767,32767,32767,32767,32767,32767,32767,32767,32767,2494.0,25000.0
1790.0,2221.0,15848,32767,32767,32767,32767,32767,32767,32767,32767,32767,32767,2553.0,25000.0
1931.0,2261.0,16858,32767,32767,32767,32767,32767,32767,32767,32767,32767,32767,2610.0,25000.0
1914.0,2155.0,17159,32767,32767,32767,32767,32767,32767,32767,32767,32767,32767,2671.0,25000.0
1879.0,2114.0,16875,32767,32767,32767,32767,32767,32767,32767,32767,32767,32767,2524.0,25000.0
2005.0,2263.0,16435,32767,32767,32767,32767,32767,32767,32767,32767,32767,32767,2464.0,25000.0
2075.0,2241.0,18626,32767,32767,32767,32767,32767,32767,32767,32767,32767,32767,3056.0,25000.0
2128.0,2474.0,17005,32767,32767,32767,32767,32767,32767,32767,32767,32767,32767,2640.0,25000.0
1878.0,2070.0,16426,32767,32767,32767,32767,32767,32767,32767,32767,32767,32767,2404.0,25000.0
1860.0,2070.0,16719,32767,32767,32767,32767,32767,32767,32767,32767,32767,32767,2641.0,25000.0
1842.0,2005.0,16565,32767,32767,32767,32767,32767,32767,32767,32767,32767,32767,2551.0,25000.0
2649.0,3310.0,21277,32767,32767,32767,32767,32767,32767,32767,32767,32767,32767,3414.0,25000.0
2628.0,3029.0,21549,32767,32767,32767,32767,32767,32767,32767,32767,32767,32767,3203.0,25000.0
1716.0,1749.0,16565,32767,32767,32767,32767,32767,32767,32767,32767,32767,32767,2551.0,25000.0
