B01,B02,B04,B05,B06,B07,B08,B09,B10,B11,B12,B13,B14,B3N,quality
2602.0,2617.0,2438,6741,6295,6425,6716,8609,32767,32767,32767,32767,32767,1048.0,13157.0
2528.0,2705.0,2438,7137,6295,5966,6716,8609,32767,32767,32767,32767,32767,1110.0,13052.0
1916.0,1820.0,2898,7144,6721,8269,7757,8618,32767,32767,32767,32767,32767,1204.0,16843.0
2605.0,2730.0,2441,7144,5461,6431,7240,8618,32767,32767,32767,32767,32767,1080.0,13437.0
2605.0,2730.0,2441,7144,5881,6431,7240,8618,32767,32767,32767,32767,32767,1080.0,13437.0
2491.0,2639.0,2438,6741,6295,6425,6199,9183,32767,32767,32767,32767,32767,1110.0,13219.0
2472.0,2550.0,2286,7930,6295,6884,7233,9183,32767,32767,32767,32767,32767,1110.0,13242.0
2623.0,2619.0,2441,7541,5881,6891,7757,9192,32767,32767,32767,32767,32767,1080.0,13691.0
2996.0,2997.0,2898,8732,7562,9647,8791,9192,32767,32767,32767,32767,32767,1111.0,13293.0
2847.0,2619.0,3051,9129,8402,9188,9826,9192,32767,32767,32767,32767,32767,1111.0,14330.0
2791.0,2553.0,3051,9129,7982,8728,9309,9192,32767,32767,32767,32767,32767,1080.0,14466.0
2342.0,2439.0,1829,7930,6295,5966,5683,9757,32767,32767,32767,32767,32767,1048.0,12773.0
2528.0,2484.0,2743,7930,7134,7802,8266,9757,32767,32767,32767,32767,32767,1018.0,13814.0
2828.0,2642.0,2746,7938,4263,8269,8791,9767,32767,32767,32767,32767,32767,1080.0,13934.0
2847.0,2686.0,2593,8335,7982,7350,7757,9767,32767,32767,32767,32767,32767,1080.0,13654.0
2828.0,2708.0,3356,9129,8822,9188,9309,9767,32767,32767,32767,32767,32767,1142.0,14434.0
2623.0,2686.0,2441,6748,5881,7350,6723,10341,32767,32767,32767,32767,32767,1049.0,13492.0
2791.0,2619.0,3051,7938,7982,9647,9309,10341,32767,32767,32767,32767,32767,1204.0,14465.0
3014.0,3019.0,3051,8335,7982,9647,9826,10341,32767,32767,32767,32767,32767,1142.0,13428.0
2735.0,2642.0,3051,8335,7562,8269,9309,10341,32767,32767,32767,32767,32767,1142.0,14350.0
2791.0,2664.0,3051,8732,7562,8269,8791,10341,32767,32767,32767,32767,32767,1142.0,14281.0
2865.0,2664.0,3204,8732,8402,8728,9826,10341,32767,32767,32767,32767,32767,1080.0,14317.0
2884.0,2775.0,2898,9129,7562,9188,8791,10341,32767,32767,32767,32767,32767,1111.0,13809.0
2958.0,2908.0,3204,9526,8822,9188,9826,10341,32767,32767,32767,32767,32767,1173.0,13857.0
2419.0,2087.0,3051,9923,8402,8728,7757,10341,32767,32767,32767,32767,32767,1080.0,15821.0
2658.0,2211.0,3223,8786,8876,10169,9366,10405,32767,32767,32767,32767,32767,1149.0,15945.0
2584.0,2189.0,3377,8786,8876,9244,10407,10405,32767,32767,32767,32767,32767,1087.0,16063.0
2677.0,1965.0,3530,8786,9722,9244,9886,10405,32767,32767,32767,32767,32767,1118.0,16846.0
2752.0,2323.0,3530,9185,9299,8782,10407,10405,32767,32767,32767,32767,32767,1149.0,15854.0
2546.0,2077.0,3223,9185,8876,8782,9366,10405,32767,32767,32767,32767,32767,1118.0,16317.0
2733.0,2300.0,3377,9185,9299,10169,10407,10405,32767,32767,32767,32767,32767,1118.0,15760.0
2715.0,2233.0,3377,9185,8454,10169,10927,10405,32767,32767,32767,32767,32767,1273.0,16155.0
2621.0,2189.0,3223,9185,8876,9244,9886,10405,32767,32767,32767,32767,32767,1056.0,15883.0
2715.0,2278.0,3377,9185,9299,9244,9886,10405,32767,32767,32767,32767,32767,1118.0,15825.0
2677.0,2323.0,3377,9585,9722,8782,9366,10405,32767,32767,32767,32767,32767,1149.0,15759.0
2658.0,2323.0,3377,9585,9722,9244,9886,10405,32767,32767,32767,32767,32767,1118.0,15722.0
2546.0,1854.0,3377,10383,9299,8320,9886,10405,32767,32767,32767,32767,32767,1087.0,17077.0
2398.0,2240.0,3353,9120,8393,9178,8782,10905,32767,32767,32767,32767,32767,1079.0,15146.0
2679.0,2708.0,2898,8335,7562,8269,8791,10916,32767,32767,32767,32767,32767,1142.0,14060.0
2717.0,2708.0,3051,8335,8402,8728,9309,10916,32767,32767,32767,32767,32767,1142.0,14198.0
2847.0,2730.0,3204,8335,7982,10106,10860,10916,32767,32767,32767,32767,32767,1235.0,14363.0
2847.0,2730.0,3204,8732,7982,9188,9826,10916,32767,32767,32767,32767,32767,1204.0,14325.0
2772.0,2664.0,3051,8732,7562,8269,8791,10916,32767,32767,32767,32767,32767,1173.0,14326.0
2958.0,2886.0,3356,8732,8402,10566,10860,10916,32767,32767,32767,32767,32767,1266.0,14145.0
2735.0,2708.0,2898,8732,7562,8269,8791,10916,32767,32767,32767,32767,32767,1111.0,14005.0
2661.0,2664.0,2898,8732,7562,7809,8274,10916,32767,32767,32767,32767,32767,1111.0,14130.0
2754.0,2730.0,2898,8732,8402,7350,9309,10916,32767,32767,32767,32767,32767,1142.0,13988.0
2828.0,2642.0,3509,9129,8822,11025,10343,10916,32767,32767,32767,32767,32767,1235.0,14827.0
2847.0,2797.0,3051,9129,8822,8269,8274,10916,32767,32767,32767,32767,32767,1235.0,14071.0
2903.0,2819.0,3356,9129,7982,10106,9826,10916,32767,32767,32767,32767,32767,1266.0,14310.0
2884.0,2708.0,3509,9129,8822,10566,10860,10916,32767,32767,32767,32767,32767,1142.0,14539.0
3051.0,2930.0,3356,9129,8822,10566,9826,10916,32767,32767,32767,32767,32767,1142.0,13875.0
2828.0,2730.0,3356,9129,8402,9188,9826,10916,32767,32767,32767,32767,32767,1235.0,14497.0
2642.0,2531.0,3356,9129,8822,9188,9309,10916,32767,32767,32767,32767,32767,1142.0,14911.0
2754.0,2575.0,3204,9526,9662,8269,7757,10916,32767,32767,32767,32767,32767,1049.0,14517.0
2884.0,2730.0,3356,9526,9662,10566,10343,10916,32767,32767,32767,32767,32767,1204.0,14444.0
2791.0,2619.0,3509,10320,9242,9647,9309,10916,32767,32767,32767,32767,32767,1204.0,14852.0
2677.0,2144.0,3377,8786,8031,9244,9886,10983,32767,32767,32767,32767,32767,1149.0,16252.0
2640.0,2144.0,3223,8786,8876,9244,9886,10983,32767,32767,32767,32767,32767,1056.0,16004.0
2621.0,2010.0,3530,9185,9299,8782,9886,10983,32767,32767,32767,32767,32767,1087.0,16681.0
2752.0,2300.0,3530,9185,8454,9706,10407,10983,32767,32767,32767,32767,32767,1180.0,15956.0
2658.0,2323.0,3530,9185,9722,9244,9366,10983,32767,32767,32767,32767,32767,1118.0,15838.0
2789.0,2367.0,3684,9585,8876,9706,10927,10983,32767,32767,32767,32767,32767,1149.0,15835.0
2640.0,2055.0,3684,9585,9722,9706,10407,10983,32767,32767,32767,32767,32767,1211.0,16825.0
2715.0,2233.0,3684,9585,10144,11093,11447,10983,32767,32767,32767,32767,32767,1242.0,16338.0
2621.0,2122.0,3377,9585,9722,10169,10407,10983,32767,32767,32767,32767,32767,1211.0,16418.0
2565.0,1898.0,3377,9585,9722,9244,10407,10983,32767,32767,32767,32767,32767,1180.0,17067.0
2658.0,1965.0,3530,9585,9299,9706,9886,10983,32767,32767,32767,32767,32767,1149.0,16897.0
2602.0,1965.0,3377,9585,9299,9244,9886,10983,32767,32767,32767,32767,32767,1087.0,16710.0
2658.0,1988.0,3530,9585,9299,9706,10407,10983,32767,32767,32767,32767,32767,1118.0,16784.0
2789.0,2300.0,3530,9984,9299,9244,10407,10983,32767,32767,32767,32767,32767,1149.0,15903.0
2677.0,2278.0,3530,9984,9299,9706,10407,10983,32767,32767,32767,32767,32767,1180.0,16037.0
2696.0,2077.0,3684,9984,10144,10169,10927,10983,32767,32767,32767,32767,32767,1304.0,16866.0
2640.0,1965.0,3377,10383,9722,8782,10927,10983,32767,32767,32767,32767,32767,1118.0,16746.0
2621.0,1988.0,3684,10383,10144,10631,10927,10983,32767,32767,32767,32767,32767,1242.0,17072.0
2527.0,1854.0,3377,10383,9722,8782,9886,10983,32767,32767,32767,32767,32767,1056.0,17033.0
2621.0,1965.0,3684,10783,10567,9706,11447,10983,32767,32767,32767,32767,32767,1149.0,17010.0
2565.0,1876.0,3223,10783,9722,8782,9366,10983,32767,32767,32767,32767,32767,1087.0,16882.0
2733.0,2233.0,3684,10783,9722,10169,11447,10983,32767,32767,32767,32767,32767,1211.0,16292.0
2696.0,2077.0,3530,11182,10567,10169,10407,10983,32767,32767,32767,32767,32767,1211.0,16639.0
2733.0,2055.0,3837,11182,10567,10631,10927,10983,32767,32767,32767,32767,32767,1242.0,16936.0
2623.0,2242.0,3051,8335,7982,9188,9309,11490,32767,32767,32767,32767,32767,1111.0,15365.0
2828.0,2708.0,3356,8335,7562,9647,10343,11490,32767,32767,32767,32767,32767,1204.0,14511.0
2568.0,2486.0,3051,8335,7562,7809,8791,11490,32767,32767,32767,32767,32767,1049.0,14651.0
2754.0,2619.0,3204,8335,7982,8728,8274,11490,32767,32767,32767,32767,32767,1142.0,14535.0
2903.0,2797.0,3204,8732,7982,9647,9826,11490,32767,32767,32767,32767,32767,1266.0,14230.0
2903.0,2775.0,3356,8732,8402,9188,9826,11490,32767,32767,32767,32767,32767,1204.0,14337.0
2735.0,2486.0,3509,9129,8402,9647,9826,11490,32767,32767,32767,32767,32767,1204.0,15194.0
2884.0,2753.0,3204,9129,7142,9188,9826,11490,32767,32767,32767,32767,32767,1296.0,14373.0
3200.0,3086.0,3661,9526,9242,10566,10343,11490,32767,32767,32767,32767,32767,1235.0,13852.0
2958.0,2797.0,3509,10320,9662,11025,10860,11490,32767,32767,32767,32767,32767,1235.0,14429.0
2810.0,2597.0,3509,11114,9662,9647,10343,11490,32767,32767,32767,32767,32767,1142.0,14821.0
2696.0,2189.0,3530,9185,8876,10169,11447,11561,32767,32767,32767,32767,32767,1242.0,16361.0
2640.0,2099.0,3223,9185,8876,5124,5769,11561,32767,32767,32767,32767,32767,1118.0,16225.0
2602.0,2144.0,3530,9185,9299,9706,10407,11561,32767,32767,32767,32767,32767,1211.0,16472.0
2658.0,2166.0,3530,9585,8876,10631,10407,11561,32767,32767,32767,32767,32767,1242.0,16434.0
2808.0,2345.0,3684,9585,9299,10169,10927,11561,32767,32767,32767,32767,32767,1180.0,15930.0
2658.0,2032.0,3837,9984,10567,10169,10407,11561,32767,32767,32767,32767,32767,1211.0,16981.0
2621.0,2077.0,3530,9984,9722,10169,10407,11561,32767,32767,32767,32767,32767,1273.0,16743.0
2771.0,2256.0,3684,10383,9722,11093,11447,11561,32767,32767,32767,32767,32767,1242.0,16261.0
2640.0,2077.0,3530,10383,9722,10169,10927,11561,32767,32767,32767,32767,32767,1242.0,16697.0
2808.0,2189.0,3684,10783,10144,10631,11447,11561,32767,32767,32767,32767,32767,1304.0,16514.0
2902.0,2256.0,3837,10783,10144,10631,12488,11561,32767,32767,32767,32767,32767,1366.0,16477.0
1848.0,1943.0,2932,8900,8074,7848,8282,11655,32767,32767,32767,32767,32767,1153.0,15920.0
2921.0,2797.0,3356,8335,8402,10566,10860,12065,32767,32767,32767,32767,32767,1266.0,14355.0
2791.0,2375.0,3356,8732,7982,9647,9826,12065,32767,32767,32767,32767,32767,1204.0,15345.0
2865.0,2775.0,3204,8732,7982,9188,10343,12065,32767,32767,32767,32767,32767,1266.0,14292.0
2344.0,1976.0,3051,8732,7982,8728,8791,12065,32767,32767,32767,32767,32767,1049.0,16129.0
2847.0,2753.0,3204,8732,7562,9647,9826,12065,32767,32767,32767,32767,32767,1204.0,14274.0
2958.0,2864.0,3509,9129,8402,10566,10343,12065,32767,32767,32767,32767,32767,1296.0,14351.0
3051.0,2975.0,3814,9526,8822,11944,10860,12065,32767,32767,32767,32767,32767,1327.0,14338.0
2977.0,2908.0,3661,9526,8822,11025,10860,12065,32767,32767,32767,32767,32767,1358.0,14430.0
3051.0,2975.0,3661,9526,8402,11025,10860,12065,32767,32767,32767,32767,32767,1358.0,14264.0
2977.0,2797.0,3661,9923,8822,11484,11377,12065,32767,32767,32767,32767,32767,1204.0,14500.0
3107.0,3063.0,3509,9923,8402,10566,10860,12065,32767,32767,32767,32767,32767,1204.0,13774.0
3126.0,2997.0,3814,10717,9662,11484,11377,12065,32767,32767,32767,32767,32767,1204.0,14130.0
2640.0,2055.0,3377,9185,8876,9706,10407,12139,32767,32767,32767,32767,32767,1180.0,16566.0
2696.0,2099.0,3530,9185,9722,10631,9886,12139,32767,32767,32767,32767,32767,1273.0,16657.0
2846.0,2278.0,3837,10383,10144,11093,12488,12139,32767,32767,32767,32767,32767,1335.0,16395.0
2584.0,2010.0,3991,11581,10144,9706,10927,12139,32767,32767,32767,32767,32767,1211.0,17157.0
2808.0,2189.0,3684,11581,10990,10631,11447,12139,32767,32767,32767,32767,32767,1273.0,16475.0
2530.0,2464.0,2898,8732,7562,7350,8791,12639,32767,32767,32767,32767,32767,1080.0,14614.0
2996.0,2975.0,3509,9129,8822,11025,11377,12639,32767,32767,32767,32767,32767,1327.0,14132.0
2996.0,2864.0,3661,9526,8402,11025,11377,12639,32767,32767,32767,32767,32767,1266.0,14419.0
2679.0,2486.0,3661,10717,9662,9647,9826,12639,32767,32767,32767,32767,32767,1266.0,15399.0
2270.0,1976.0,3509,10717,9242,9188,9309,12639,32767,32767,32767,32767,32767,1049.0,16512.0
2677.0,2055.0,3377,9585,8876,10169,10927,12717,32767,32767,32767,32767,32767,1180.0,16556.0
2733.0,2144.0,3530,9984,9299,9706,10927,12717,32767,32767,32767,32767,32767,1242.0,16476.0
2658.0,1988.0,3530,10383,9722,9706,10927,12717,32767,32767,32767,32767,32767,1180.0,16873.0
2771.0,2300.0,3684,10383,9722,10169,11447,12717,32767,32767,32767,32767,32767,1398.0,16329.0
2846.0,2256.0,3837,11581,10567,11093,11968,12717,32767,32767,32767,32767,32767,1273.0,16379.0
2772.0,2730.0,3204,9129,7562,10106,9826,13214,32767,32767,32767,32767,32767,1111.0,14230.0
3051.0,2841.0,3509,9526,8402,11484,10860,13214,32767,32767,32767,32767,32767,1327.0,14409.0
3144.0,3241.0,3661,9923,9242,10566,11894,13214,32767,32767,32767,32767,32767,1327.0,13655.0
3089.0,2952.0,3814,9923,8822,11025,11377,13214,32767,32767,32767,32767,32767,1358.0,14409.0
2921.0,2730.0,3661,9923,9242,11944,11894,13214,32767,32767,32767,32767,32767,1266.0,14742.0
3144.0,2997.0,3966,10320,9242,11484,12411,13214,32767,32767,32767,32767,32767,1358.0,14399.0
2786.0,2186.0,3833,10771,10978,10619,11955,13281,32767,32767,32767,32767,32767,1365.0,15197.0
2992.0,2365.0,4140,11569,11822,11543,11955,13281,32767,32767,32767,32767,32767,1396.0,14873.0
3067.0,2499.0,4293,12367,11822,11543,11955,13281,32767,32767,32767,32767,32767,1365.0,14560.0
2658.0,2144.0,3530,9585,9722,11093,10407,13295,32767,32767,32767,32767,32767,1242.0,16498.0
2715.0,2189.0,3684,9984,9299,11093,11447,13295,32767,32767,32767,32767,32767,1242.0,16461.0
2715.0,2256.0,3684,9984,9722,9706,11447,13295,32767,32767,32767,32767,32767,1304.0,16355.0
2658.0,2122.0,3837,10783,10144,10631,10927,13295,32767,32767,32767,32767,32767,1273.0,16805.0
2771.0,2211.0,3991,10783,10567,11555,11447,13295,32767,32767,32767,32767,32767,1242.0,16574.0
2546.0,2055.0,3991,11182,10567,10169,11447,13295,32767,32767,32767,32767,32767,1304.0,17160.0
1317.0,873.0,9750,14050,14870,15357,13220,13557,32767,32767,32767,32767,32767,4036.0,16300.0
3033.0,3086.0,3356,9526,8402,10566,10860,13788,32767,32767,32767,32767,32767,1204.0,13627.0
3089.0,3019.0,3661,9526,8822,11025,11377,13788,32767,32767,32767,32767,32767,1327.0,14126.0
3051.0,2930.0,3509,9526,7982,11944,11894,13788,32767,32767,32767,32767,32767,1296.0,14178.0
3033.0,2908.0,3509,9923,8822,11484,11377,13788,32767,32767,32767,32767,32767,1327.0,14266.0
3144.0,3263.0,3814,9923,9242,11484,11377,13788,32767,32767,32767,32767,32767,1296.0,13687.0
3089.0,3174.0,3356,10320,7982,10106,9309,13788,32767,32767,32767,32767,32767,1235.0,13465.0
2623.0,2397.0,4882,11907,10502,13322,11894,13788,32767,32767,32767,32767,32767,1451.0,16504.0
1066.0,803.0,4906,11968,10978,11081,10915,13858,32767,32767,32767,32767,32767,1520.0,16400.0
2640.0,2055.0,3991,10383,10144,12017,11968,13873,32767,32767,32767,32767,32767,1335.0,17172.0
2602.0,2032.0,4298,10383,9722,11555,11968,13873,32767,32767,32767,32767,32767,1273.0,17327.0
1372.0,895.0,9450,14440,14870,14002,12712,14122,32767,32767,32767,32767,32767,3885.0,16300.0
3104.0,2543.0,4753,13165,12667,12466,13514,14436,32767,32767,32767,32767,32767,1427.0,14730.0
2621.0,1988.0,4144,11182,10567,11555,11968,14451,32767,32767,32767,32767,32767,1429.0,17570.0
2846.0,2345.0,4298,11581,10990,11555,13008,14451,32767,32767,32767,32767,32767,1398.0,16552.0
2735.0,2375.0,4424,11114,9662,12863,12928,14937,32767,32767,32767,32767,32767,1173.0,15991.0
2584.0,2032.0,4758,13578,12680,12942,13528,15029,32767,32767,32767,32767,32767,1522.0,17824.0
2752.0,2189.0,5833,14776,14794,15253,15089,15029,32767,32767,32767,32767,32767,1491.0,17633.0
1482.0,1069.0,9300,16781,16935,16712,15763,15252,32767,32767,32767,32767,32767,3308.0,16300.0
2939.0,2434.0,5065,13578,13103,13866,15089,15607,32767,32767,32767,32767,32767,1615.0,16862.0
2899.0,2343.0,5213,13962,13933,14313,15593,16168,32767,32767,32767,32767,32767,1644.0,15685.0
1628.0,1222.0,12000,19123,19827,22584,17797,16947,32767,32767,32767,32767,32767,3824.0,16300.0
2992.0,2476.0,5673,14760,15200,15236,16113,17323,32767,32767,32767,32767,32767,1737.0,15553.0
2566.0,1913.0,4641,12880,11928,14907,16781,17478,32767,32767,32767,32767,32767,1189.0,16618.0
2390.0,2661.0,5225,13596,13940,15244,15500,17834,32767,32767,32767,32767,32767,1718.0,15731.0
1440.0,1116.0,10426,18750,19422,19392,19231,17900,32767,32767,32767,32767,32767,3009.0,16400.0
1775.0,1441.0,11400,19123,20240,19874,18814,18077,32767,32767,32767,32767,32767,3460.0,16300.0
1738.0,1200.0,13349,20684,22718,22133,20848,19206,32767,32767,32767,32767,32767,4856.0,16300.0
2057.0,1562.0,5980,16755,16044,20777,19231,21365,32767,32767,32767,32767,32767,1272.0,16400.0
1683.0,1539.0,12572,23537,25756,25394,26508,21365,32767,32767,32767,32767,32767,2730.0,16400.0
2465.0,2830.0,11397,23328,25527,27457,27303,23465,32767,32767,32767,32767,32767,3567.0,17664.0
2398.0,2506.0,16001,28549,28957,32124,31513,24105,32767,32767,32767,32767,32767,3176.0,16837.0
2382.0,2531.0,15255,29372,32767,32767,32767,24130,32767,32767,32767,32767,32767,3457.0,17522.0
2733.0,3020.0,13536,25437,27336,28081,28043,24923,32767,32767,32767,32767,32767,3774.0,16192.0
3103.0,2914.0,13098,24679,26949,27656,29092,24948,32767,32767,32767,32767,32767,3960.0,16973.0
2356.0,2855.0,14060,27739,28082,30243,32767,25021,32767,32767,32767,32767,32767,4220.0,17426.0
3679.0,3241.0,10209,22941,27262,25620,28841,25632,32767,32767,32767,32767,32767,4006.0,15842.0
2379.0,2639.0,16001,32767,32767,32767,32767,25827,32767,32767,32767,32767,32767,3546.0,16729.0
2121.0,2397.0,16018,29768,32767,32767,32767,25853,32767,32767,32767,32767,32767,2778.0,17444.0
3033.0,2770.0,13200,25160,27897,30506,30699,26012,32767,32767,32767,32767,32767,4099.0,17671.0
2359.0,2546.0,15656,29553,32547,32767,32767,26012,32767,32767,32767,32767,32767,3106.0,17607.0
2623.0,3020.0,14439,25437,29821,29440,31102,26056,32767,32767,32767,32767,32767,3682.0,16081.0
2108.0,2669.0,14553,29581,30891,32767,30833,26261,32767,32767,32767,32767,32767,3282.0,17699.0
2530.0,2908.0,17086,32767,32767,32767,32767,26428,32767,32767,32767,32767,32767,3179.0,16408.0
3287.0,3133.0,12647,24679,25291,29469,29092,26649,32767,32767,32767,32767,32767,3777.0,16538.0
2410.0,2654.0,15500,32027,32642,32767,32767,26899,32767,32767,32767,32767,32767,3167.0,17348.0
2343.0,2555.0,15458,26944,30171,32540,32053,27131,32767,32767,32767,32767,32767,3553.0,16084.0
2658.0,2613.0,15349,29553,32124,32767,32767,27169,32767,32767,32767,32767,32767,3571.0,17613.0
3375.0,3808.0,13687,27785,31064,32157,32632,27189,32767,32767,32767,32767,32767,3895.0,14750.0
3191.0,2793.0,11147,22960,26007,24243,27816,27403,32767,32767,32767,32767,32767,3728.0,16891.0
2150.0,2233.0,16260,31631,32767,32767,32767,27471,32767,32767,32767,32767,32767,2521.0,17772.0
3643.0,3260.0,11430,24584,26859,27076,28414,27549,32767,32767,32767,32767,32767,3608.0,15863.0
2661.0,2597.0,12662,25006,26466,30319,31545,27577,32767,32767,32767,32767,32767,2963.0,17505.0
3273.0,2901.0,13490,26130,29720,27986,29980,27661,32767,32767,32767,32767,32767,4489.0,16008.0
2490.0,2686.0,13958,28506,29758,32089,32053,27696,32767,32767,32767,32767,32767,3553.0,16036.0
2325.0,2621.0,15759,30068,32237,32767,32562,27696,32767,32767,32767,32767,32767,3796.0,15989.0
2640.0,2591.0,14275,29553,32124,32767,32767,27747,32767,32767,32767,32767,32767,3106.0,17666.0
2265.0,2479.0,16423,31949,32767,32767,32767,27747,32767,32767,32767,32767,32767,3323.0,17701.0
2284.0,2546.0,16730,32348,32767,32767,32767,27747,32767,32767,32767,32767,32767,3603.0,17608.0
3192.0,2933.0,13988,25437,28579,29893,31612,27755,32767,32767,32767,32767,32767,4108.0,16238.0
2222.0,2607.0,16411,29771,32754,32767,32767,27783,32767,32767,32767,32767,32767,4356.0,17350.0
2989.0,2647.0,13565,28075,32262,28316,30308,27866,32767,32767,32767,32767,32767,4023.0,15643.0
3342.0,2793.0,7431,20946,21317,24243,27816,27987,32767,32767,32767,32767,32767,2099.0,16060.0
2002.0,2256.0,17020,32767,32767,32767,32767,28043,32767,32767,32767,32767,32767,2706.0,17724.0
2150.0,2410.0,17476,32767,32767,32767,32767,28043,32767,32767,32767,32767,32767,2983.0,17431.0
2323.0,2617.0,17525,32767,32767,32767,32767,28123,32767,32767,32767,32767,32767,3608.0,16527.0
2544.0,2599.0,16209,29678,32767,32540,32053,28261,32767,32767,32767,32767,32767,4039.0,15945.0
2508.0,2511.0,17259,31240,32767,32767,32767,28261,32767,32767,32767,32767,32767,4069.0,15924.0
3585.0,3241.0,13303,26965,31948,28414,30414,28545,32767,32767,32767,32767,32767,4569.0,15776.0
2182.0,2471.0,16523,32767,32767,32767,32767,28545,32767,32767,32767,32767,32767,2914.0,17562.0
2684.0,2683.0,16889,29430,32002,32767,32767,28594,32767,32767,32767,32767,32767,4922.0,16383.0
2486.0,2788.0,17337,32767,32767,32767,32767,28637,32767,32767,32767,32767,32767,3323.0,16730.0
2805.0,2726.0,13859,27739,30617,31187,31494,28679,32767,32767,32767,32767,32767,3390.0,17534.0
2140.0,2442.0,15560,31356,32767,32767,32767,28726,32767,32767,32767,32767,32767,2562.0,17324.0
2326.0,2486.0,17086,32547,32767,32767,32767,28726,32767,32767,32767,32767,32767,3611.0,17340.0
2177.0,2309.0,17238,32767,32767,32767,32767,28726,32767,32767,32767,32767,32767,3272.0,17569.0
2380.0,2511.0,16059,29287,31824,32767,32767,28826,32767,32767,32767,32767,32767,3887.0,16139.0
2343.0,2468.0,15909,31240,32767,32767,32767,28826,32767,32767,32767,32767,32767,3523.0,16157.0
2403.0,2429.0,16394,30915,32767,32767,32767,28888,32767,32767,32767,32767,32767,3013.0,16641.0
3434.0,3155.0,13550,24287,27364,32190,32767,28917,32767,32767,32767,32767,32767,3960.0,16410.0
2442.0,2497.0,16109,30163,32767,32767,32767,28917,32767,32767,32767,32767,32767,3351.0,17283.0
2259.0,2541.0,15507,30555,32767,32767,32767,28917,32767,32767,32767,32767,32767,3138.0,17282.0
2376.0,2658.0,15853,30641,32767,32767,32767,28999,32767,32767,32767,32767,32767,3452.0,16192.0
3151.0,2859.0,12994,25758,28540,28880,32511,29128,32767,32767,32767,32767,32767,4006.0,16480.0
1983.0,2322.0,16564,32767,32767,32767,32767,29188,32767,32767,32767,32767,32767,2767.0,17721.0
2077.0,2346.0,17033,31655,32767,32767,32767,29210,32767,32767,32767,32767,32767,3046.0,17583.0
3405.0,3307.0,15102,28578,31927,32616,32063,29300,32767,32767,32767,32767,32767,3735.0,16008.0
2326.0,2464.0,16323,31356,32767,32767,32767,29300,32767,32767,32767,32767,32767,3210.0,17390.0
2475.0,2597.0,16323,32767,32767,32767,32767,29300,32767,32767,32767,32767,32767,2963.0,17007.0
2995.0,2747.0,14121,27556,32547,32767,32767,29481,32767,32767,32767,32767,32767,3975.0,17572.0
2527.0,2568.0,14581,31150,32767,32767,32767,29481,32767,32767,32767,32767,32767,3385.0,17795.0
2452.0,2747.0,18572,32767,32767,32767,32767,29481,32767,32767,32767,32767,32767,3292.0,16764.0
2920.0,3177.0,16712,30163,32767,32767,32767,29484,32767,32767,32767,32767,32767,4356.0,16157.0
2534.0,2607.0,15808,30555,32767,32767,32767,29484,32767,32767,32767,32767,32767,3655.0,17207.0
2350.0,2695.0,15658,32121,32767,32767,32767,29484,32767,32767,32767,32767,32767,3229.0,16989.0
2204.0,2366.0,17314,32121,32767,32767,32767,29484,32767,32767,32767,32767,32767,3351.0,17368.0
3166.0,2968.0,11588,26935,31911,30243,32474,29676,32767,32767,32767,32767,32767,3783.0,17158.0
2866.0,3353.0,18039,32767,32767,32767,32767,29687,32767,32767,32767,32767,32767,4294.0,16062.0
3415.0,3061.0,13303,28173,31522,30743,32767,29710,32767,32767,32767,32767,32767,4350.0,16088.0
1909.0,2211.0,17020,32767,32767,32767,32767,29760,32767,32767,32767,32767,32767,2429.0,17685.0
2150.0,2410.0,16868,32767,32767,32767,32767,29760,32767,32767,32767,32767,32767,2737.0,17435.0
1946.0,2300.0,16716,32767,32767,32767,32767,29760,32767,32767,32767,32767,32767,2829.0,17774.0
3402.0,3044.0,12706,24995,28162,26596,31516,29761,32767,32767,32767,32767,32767,4170.0,16050.0
2096.0,2434.0,15664,31260,32767,32516,31964,29783,32767,32767,32767,32767,32767,2862.0,17584.0
2189.0,2368.0,17489,32767,32767,32767,32767,29783,32767,32767,32767,32767,32767,3292.0,17515.0
2319.0,2523.0,14904,32767,32767,32767,32767,29783,32767,32767,32767,32767,32767,3262.0,17645.0
2022.0,2279.0,16272,32767,32767,32767,32767,29783,32767,32767,32767,32767,32767,2585.0,17652.0
2062.0,2305.0,16144,32767,32767,32767,32767,29826,32767,32767,32767,32767,32767,2743.0,17897.0
2735.0,2642.0,18153,32767,32767,32767,32767,29875,32767,32767,32767,32767,32767,3951.0,16837.0
2419.0,2753.0,17543,32767,32767,32767,32767,29875,32767,32767,32767,32767,32767,3210.0,16630.0
2103.0,2442.0,16628,32767,32767,32767,32767,29875,32767,32767,32767,32767,32767,2531.0,17127.0
2215.0,2533.0,16509,30459,32767,32767,32767,29957,32767,32767,32767,32767,32767,3674.0,16012.0
2526.0,2774.0,16359,30849,32767,32767,32767,29957,32767,32767,32767,32767,32767,4160.0,15649.0
3064.0,2823.0,14288,28176,31892,31251,32767,30021,32767,32767,32767,32767,32767,3956.0,16389.0
2791.0,2651.0,14002,27029,29022,32643,32767,30051,32767,32767,32767,32767,32767,3686.0,17347.0
3599.0,3330.0,13701,28988,31095,31736,32767,30051,32767,32767,32767,32767,32767,3686.0,15980.0
4531.0,4105.0,10020,21257,19102,32767,32767,30188,32767,32767,32767,32767,32767,4460.0,13057.0
3008.0,2692.0,13719,28476,30988,30173,32767,30188,32767,32767,32767,32767,32767,4491.0,15625.0
3075.0,2836.0,12839,28173,31522,32141,32767,30293,32767,32767,32767,32767,32767,4194.0,16601.0
2453.0,3354.0,15933,30588,32767,32767,32767,30293,32767,32767,32767,32767,32767,4006.0,15459.0
2706.0,2609.0,12157,26491,28457,27915,30394,30332,32767,32767,32767,32767,32767,2921.0,17707.0
1891.0,2587.0,17172,32767,32767,32767,32767,30332,32767,32767,32767,32767,32767,2737.0,17132.0
2113.0,2344.0,17932,32767,32767,32767,32767,30332,32767,32767,32767,32767,32767,3474.0,17652.0
2263.0,2434.0,15968,32447,32767,32767,32767,30355,32767,32767,32767,32767,32767,3200.0,17622.0
2040.0,2235.0,17641,32767,32767,32767,32767,30355,32767,32767,32767,32767,32767,2800.0,17575.0
2690.0,2766.0,16881,32767,32767,32767,32767,30355,32767,32767,32767,32767,32767,3231.0,16758.0
2356.0,2899.0,18097,32767,32767,32767,32767,30355,32767,32767,32767,32767,32767,3385.0,16464.0
2170.0,2434.0,17185,32767,32767,32767,32767,30355,32767,32767,32767,32767,32767,3046.0,17364.0
2419.0,2397.0,17238,32547,32767,32767,32767,30449,32767,32767,32767,32767,32767,3210.0,17314.0
2526.0,2795.0,16209,30068,32767,32767,32767,30522,32767,32767,32767,32767,32767,3553.0,15481.0
2343.0,2752.0,16509,31630,32767,32767,32767,30522,32767,32767,32767,32767,32767,3189.0,15431.0
2380.0,2577.0,17259,32021,32767,32767,32767,30522,32767,32767,32767,32767,32767,3978.0,15826.0
2497.0,2673.0,17766,32767,32767,32767,32767,30618,32767,32767,32767,32767,32767,3625.0,16741.0
3132.0,2791.0,11757,24552,24282,29814,32514,30878,32767,32767,32767,32767,32767,3725.0,16563.0
3210.0,3514.0,14553,28600,30696,32767,32767,30902,32767,32767,32767,32767,32767,4291.0,15446.0
2282.0,2456.0,17793,32767,32767,32767,32767,30928,32767,32767,32767,32767,32767,3139.0,17212.0
2393.0,2589.0,15968,32767,32767,32767,32767,30928,32767,32767,32767,32767,32767,3292.0,17336.0
2189.0,2346.0,18858,32767,32767,32767,32767,30928,32767,32767,32767,32767,32767,3508.0,17348.0
2263.0,2412.0,17489,32767,32767,32767,32767,30928,32767,32767,32767,32767,32767,3169.0,17368.0
2244.0,2567.0,17185,32767,32767,32767,32767,30928,32767,32767,32767,32767,32767,3108.0,17129.0
2263.0,2324.0,16729,32767,32767,32767,32767,30928,32767,32767,32767,32767,32767,3046.0,17630.0
2337.0,2589.0,17641,32767,32767,32767,32767,30928,32767,32767,32767,32767,32767,3323.0,17058.0
2597.0,3120.0,17489,32767,32767,32767,32767,30928,32767,32767,32767,32767,32767,3477.0,16180.0
2619.0,2615.0,14012,30909,32767,29811,30978,30973,32767,32767,32767,32767,32767,3020.0,17630.0
2211.0,2371.0,16601,32097,32767,32767,32767,30973,32767,32767,32767,32767,32767,3297.0,17874.0
3011.0,2683.0,14477,28945,31895,30747,32030,30992,32767,32767,32767,32767,32767,3083.0,16551.0
3625.0,3348.0,13563,28945,32734,31206,32767,30992,32767,32767,32767,32767,32767,3978.0,15637.0
2398.0,2550.0,16763,32767,32767,32767,32767,30992,32767,32767,32767,32767,32767,3207.0,16632.0
2289.0,2464.0,16475,32767,32767,32767,32767,31024,32767,32767,32767,32767,32767,2778.0,17189.0
2363.0,2553.0,18001,32767,32767,32767,32767,31024,32767,32767,32767,32767,32767,3272.0,16927.0
2947.0,3079.0,15909,30068,32767,32767,32767,31087,32767,32767,32767,32767,32767,4373.0,15138.0
2490.0,2730.0,16659,32767,32767,32767,32767,31087,32767,32767,32767,32767,32767,3219.0,15413.0
2442.0,2519.0,16260,31338,32767,32767,32767,31185,32767,32767,32767,32767,32767,3259.0,17185.0
2773.0,2559.0,13795,27609,29639,32411,32767,31400,32767,32767,32767,32767,32767,3497.0,17896.0
2298.0,2985.0,20211,32767,32767,32767,32767,31477,32767,32767,32767,32767,32767,3351.0,16018.0
2094.0,2742.0,17932,32767,32767,32767,32767,31477,32767,32767,32767,32767,32767,2829.0,16707.0
2057.0,2565.0,18996,32767,32767,32767,32767,31477,32767,32767,32767,32767,32767,3044.0,16907.0
2115.0,2546.0,15791,32225,32767,32767,32767,31485,32767,32767,32767,32767,32767,3602.0,17024.0
2096.0,2479.0,16120,32767,32767,32767,32767,31501,32767,32767,32767,32767,32767,2831.0,17407.0
2170.0,2324.0,17033,32767,32767,32767,32767,31501,32767,32767,32767,32767,32767,3046.0,17598.0
2282.0,2456.0,16120,32767,32767,32767,32767,31501,32767,32767,32767,32767,32767,3477.0,17644.0
2337.0,2456.0,16577,32767,32767,32767,32767,31501,32767,32767,32767,32767,32767,3200.0,17450.0
2653.0,2744.0,16881,32767,32767,32767,32767,31501,32767,32767,32767,32767,32767,3262.0,16818.0
2170.0,2412.0,17033,32767,32767,32767,32767,31501,32767,32767,32767,32767,32767,2892.0,17368.0
2486.0,2700.0,18097,32767,32767,32767,32767,31501,32767,32767,32767,32767,32767,3046.0,16631.0
2207.0,2479.0,17793,32767,32767,32767,32767,31501,32767,32767,32767,32767,32767,2800.0,17047.0
2003.0,2279.0,17641,32767,32767,32767,32767,31501,32767,32767,32767,32767,32767,2800.0,17502.0
3591.0,3202.0,12086,25802,30295,27529,32767,31511,32767,32767,32767,32767,32767,4138.0,15772.0
2646.0,2661.0,14565,28624,32002,30796,32767,31511,32767,32767,32767,32767,32767,3699.0,16592.0
2703.0,2683.0,15185,29027,32002,32767,32767,31511,32767,32767,32767,32767,32767,4515.0,16614.0
2118.0,2305.0,17058,32767,32767,32767,32767,31547,32767,32767,32767,32767,32767,2958.0,17807.0
2323.0,2461.0,18440,32767,32767,32767,32767,31566,32767,32767,32767,32767,32767,2806.0,16319.0
2658.0,2528.0,14935,32767,32767,32767,32767,31566,32767,32767,32767,32767,32767,3022.0,16841.0
2270.0,2531.0,18001,32767,32767,32767,32767,31598,32767,32767,32767,32767,32767,2932.0,16857.0
3291.0,3228.0,15289,29250,31784,32767,32767,31613,32767,32767,32767,32767,32767,4185.0,15155.0
2618.0,2664.0,15909,29287,32651,32767,32767,31652,32767,32767,32767,32767,32767,4282.0,15911.0
2377.0,2360.0,18400,29617,32635,32767,32767,31712,32767,32767,32767,32767,32767,4890.0,15726.0
2697.0,2779.0,16695,32767,32767,32767,32767,31720,32767,32767,32767,32767,32767,3469.0,16049.0
2901.0,2804.0,16411,30163,32767,32767,32767,31752,32767,32767,32767,32767,32767,4051.0,16757.0
2715.0,2948.0,17958,32767,32767,32767,32767,31793,32767,32767,32767,32767,32767,4286.0,16747.0
2523.0,2768.0,17665,32767,32767,32767,32767,31842,32767,32767,32767,32767,32767,3452.0,15637.0
2431.0,2483.0,16306,32767,32767,32767,32767,31842,32767,32767,32767,32767,32767,3696.0,16484.0
3516.0,3105.0,13193,27970,30949,27958,32767,31897,32767,32767,32767,32767,32767,4449.0,16216.0
3704.0,3320.0,12640,28476,31837,31101,32767,31929,32767,32767,32767,32767,32767,4367.0,14441.0
2441.0,2669.0,18494,32767,32767,32767,32767,31970,32767,32767,32767,32767,32767,3711.0,17047.0
3007.0,2685.0,13553,26342,29679,29504,32767,31979,32767,32767,32767,32767,32767,4361.0,16937.0
1891.0,2587.0,17780,32767,32767,32767,32767,32049,32767,32767,32767,32767,32767,2675.0,16985.0
2224.0,3029.0,19907,32767,32767,32767,32767,32049,32767,32767,32767,32767,32767,3198.0,15975.0
2502.0,2875.0,20059,32767,32767,32767,32767,32049,32767,32767,32767,32767,32767,3567.0,16237.0
1872.0,2145.0,18692,32767,32767,32767,32767,32049,32767,32767,32767,32767,32767,3044.0,17783.0
2282.0,2456.0,15056,32767,32767,32767,32767,32074,32767,32767,32767,32767,32767,2616.0,17471.0
2319.0,2545.0,17945,32767,32767,32767,32767,32074,32767,32767,32767,32767,32767,3231.0,17049.0
2244.0,2589.0,17641,32767,32767,32767,32767,32074,32767,32767,32767,32767,32767,2985.0,16953.0
2393.0,2744.0,18554,32767,32767,32767,32767,32074,32767,32767,32767,32767,32767,3354.0,16612.0
2059.0,2279.0,17641,32767,32767,32767,32767,32074,32767,32767,32767,32767,32767,2708.0,17441.0
2226.0,2479.0,16729,32767,32767,32767,32767,32074,32767,32767,32767,32767,32767,2739.0,17215.0
2504.0,2766.0,17489,32767,32767,32767,32767,32074,32767,32767,32767,32767,32767,3139.0,16665.0
2059.0,2213.0,17641,32767,32767,32767,32767,32074,32767,32767,32767,32767,32767,2739.0,17583.0
1985.0,2124.0,18097,32767,32767,32767,32767,32074,32767,32767,32767,32767,32767,2585.0,17603.0
3440.0,3066.0,12396,25399,29442,29396,32767,32095,32767,32767,32767,32767,32767,4170.0,16030.0
2619.0,2704.0,15382,31305,32767,32767,32767,32120,32767,32767,32767,32767,32767,2989.0,17245.0
2656.0,2726.0,16601,32767,32767,32767,32767,32120,32767,32767,32767,32767,32767,3482.0,17174.0
3182.0,3507.0,17543,32767,32767,32767,32767,32173,32767,32767,32767,32767,32767,4074.0,15477.0
2563.0,2905.0,18460,32767,32767,32767,32767,32218,32767,32767,32767,32767,32767,3978.0,14999.0
2453.0,2926.0,16809,32767,32767,32767,32767,32218,32767,32767,32767,32767,32767,3553.0,15178.0
2938.0,3352.0,17464,32767,32767,32767,32767,32319,32767,32767,32767,32767,32767,3838.0,15634.0
3112.0,2856.0,14041,28676,31183,32735,32767,32410,32767,32767,32767,32767,32767,3635.0,15966.0
2960.0,2726.0,15310,30089,32767,32767,32767,32511,32767,32767,32767,32767,32767,3922.0,16628.0
2706.0,2609.0,15652,31631,32767,32767,32767,32622,32767,32767,32767,32767,32767,3321.0,17374.0
2076.0,2587.0,17780,32767,32767,32767,32767,32622,32767,32767,32767,32767,32767,2706.0,16948.0
1835.0,2521.0,17020,32767,32767,32767,32767,32622,32767,32767,32767,32767,32767,2614.0,17231.0
1983.0,2631.0,18692,32767,32767,32767,32767,32622,32767,32767,32767,32767,32767,2921.0,16822.0
1983.0,2477.0,17020,32767,32767,32767,32767,32622,32767,32767,32767,32767,32767,2675.0,17301.0
2335.0,2853.0,19299,32767,32767,32767,32767,32622,32767,32767,32767,32767,32767,3013.0,16271.0
2115.0,2235.0,15816,32767,32767,32767,32767,32646,32767,32767,32767,32767,32767,2400.0,17691.0
2096.0,2346.0,17945,32767,32767,32767,32767,32646,32767,32767,32767,32767,32767,2862.0,17319.0
2133.0,2390.0,17945,32767,32767,32767,32767,32646,32767,32767,32767,32767,32767,3016.0,17295.0
2136.0,2593.0,18904,32655,32767,32767,32767,32678,32767,32767,32767,32767,32767,4891.0,16300.0
2489.0,2792.0,17210,32767,32767,32767,32767,32694,32767,32767,32767,32767,32767,3051.0,16841.0
2549.0,2753.0,17086,32767,32767,32767,32767,32747,32767,32767,32767,32767,32767,3550.0,16793.0
3062.0,2768.0,11383,24343,27053,27704,32245,32767,32767,32767,32767,32767,32767,3881.0,15699.0
3238.0,2844.0,13030,25427,30052,30410,32767,32767,32767,32767,32767,32767,32767,4515.0,16778.0
3195.0,2904.0,12942,25966,29200,26296,31716,32767,32767,32767,32767,32767,32767,4385.0,15371.0
3629.0,3314.0,12086,26205,29015,29396,32767,32767,32767,32767,32767,32767,32767,4232.0,15590.0
3214.0,3103.0,12793,27342,30617,32767,32767,32767,32767,32767,32767,32767,32767,3605.0,16946.0
3690.0,3358.0,14034,27588,30058,31461,32767,32767,32767,32767,32767,32767,32767,4922.0,14426.0
4003.0,3812.0,14905,27812,32339,32767,32767,32767,32767,32767,32767,32767,32767,4478.0,15161.0
3366.0,3040.0,12475,27994,31776,32767,32767,32767,32767,32767,32767,32767,32767,4165.0,15087.0
3792.0,3466.0,13148,28173,32767,32767,32767,32767,32767,32767,32767,32767,32767,4726.0,15392.0
3690.0,3290.0,13722,28400,32767,30522,32767,32767,32767,32767,32767,32767,32767,4449.0,14498.0
3614.0,3290.0,13566,28400,32205,30522,32767,32767,32767,32767,32767,32767,32767,4543.0,14554.0
3924.0,3564.0,13227,28466,32377,32455,32767,32767,32767,32767,32767,32767,32767,4659.0,15280.0
3005.0,2723.0,14658,28806,32205,31930,32767,32767,32767,32767,32767,32767,32767,4922.0,15595.0
3176.0,2882.0,13098,28806,32767,32767,32767,32767,32767,32767,32767,32767,32767,3975.0,15313.0
3556.0,3223.0,12704,28817,32295,32372,32767,32767,32767,32767,32767,32767,32767,3757.0,15895.0
3852.0,3537.0,13469,29003,32767,32767,32767,32767,32767,32767,32767,32767,32767,4354.0,15364.0
3199.0,2956.0,14401,29187,32767,32767,32767,32767,32767,32767,32767,32767,32767,3865.0,17082.0
4089.0,3721.0,13878,29211,32635,32767,32767,32767,32767,32767,32767,32767,32767,5016.0,13777.0
2282.0,2836.0,16373,29211,32767,32767,32767,32767,32767,32767,32767,32767,32767,3660.0,15085.0
3386.0,3152.0,13272,29372,32767,32767,32767,32767,32767,32767,32767,32767,32767,3087.0,16277.0
3609.0,3186.0,14645,29462,32767,32767,32767,32767,32767,32767,32767,32767,32767,4185.0,15323.0
3338.0,3034.0,12867,29665,32767,32767,32767,32767,32767,32767,32767,32767,32767,3559.0,16209.0
4385.0,4013.0,14565,29833,32767,32767,32767,32767,32767,32767,32767,32767,32767,4859.0,14162.0
3543.0,3260.0,16069,30151,32767,32767,32767,32767,32767,32767,32767,32767,32767,4721.0,16214.0
3309.0,3063.0,14190,30428,32767,32767,32767,32767,32767,32767,32767,32767,32767,4228.0,14881.0
2722.0,2560.0,15962,30513,32767,32767,32767,32767,32767,32767,32767,32767,32767,3856.0,16865.0
3962.0,3511.0,13922,30588,32767,32767,32767,32767,32767,32767,32767,32767,32767,4413.0,15135.0
2948.0,2655.0,14346,30834,32767,32767,32767,32767,32767,32767,32767,32767,32767,4291.0,15685.0
4469.0,4084.0,14346,30834,32767,32767,32767,32767,32767,32767,32767,32767,32767,4922.0,13068.0
4355.0,4107.0,14190,30834,32767,32767,32767,32767,32767,32767,32767,32767,32767,4354.0,12985.0
2595.0,2543.0,13829,30840,32767,32767,32767,32767,32767,32767,32767,32767,32767,2829.0,17614.0
3556.0,3271.0,14985,30936,32767,32767,32767,32767,32767,32767,32767,32767,32767,4482.0,15713.0
3675.0,3260.0,15142,30955,32767,32767,32767,32767,32767,32767,32767,32767,32767,5002.0,16352.0
3207.0,2836.0,15468,30990,32767,32767,32767,32767,32767,32767,32767,32767,32767,4632.0,16280.0
2708.0,2633.0,13991,31260,32767,32767,32767,32767,32767,32767,32767,32767,32767,2831.0,17289.0
4794.0,4419.0,14798,31284,32767,32767,32767,32767,32767,32767,32767,32767,32767,5021.0,12372.0
3673.0,3396.0,15658,31338,32767,32767,32767,32767,32767,32767,32767,32767,32767,4021.0,15689.0
3820.0,3505.0,15808,31338,32767,32767,32767,32767,32767,32767,32767,32767,32767,4265.0,15511.0
3198.0,2915.0,13845,31360,32767,32767,32767,32767,32767,32767,32767,32767,32767,4119.0,16488.0
3407.0,3230.0,14494,31426,32767,32767,32767,32767,32767,32767,32767,32767,32767,3635.0,15187.0
3685.0,3387.0,14490,31685,32767,32767,32767,32767,32767,32767,32767,32767,32767,4491.0,14158.0
4745.0,4595.0,13577,31753,32767,32767,32767,32767,32767,32767,32767,32767,32767,4259.0,14023.0
2837.0,2686.0,15008,32021,32767,32767,32767,32767,32767,32767,32767,32767,32767,4130.0,15927.0
4850.0,4788.0,15749,32051,32767,32767,32767,32767,32767,32767,32767,32767,32767,5237.0,11889.0
4850.0,5151.0,15125,32051,32767,32767,32767,32767,32767,32767,32767,32767,32767,5300.0,11501.0
4212.0,4077.0,13030,32208,32767,32767,32767,32767,32767,32767,32767,32767,32767,4021.0,14399.0
2609.0,2471.0,15840,32290,32767,32767,32767,32767,32767,32767,32767,32767,32767,3866.0,16980.0
4494.0,4127.0,13411,32487,32767,31565,32767,32767,32767,32767,32767,32767,32767,4522.0,12922.0
4287.0,3925.0,15877,32487,32767,32767,32767,32767,32767,32767,32767,32767,32767,5021.0,13077.0
3875.0,3593.0,15206,32513,32767,32767,32767,32767,32767,32767,32767,32767,32767,4112.0,15412.0
4056.0,3669.0,14695,32600,32767,32767,32767,32767,32767,32767,32767,32767,32767,5039.0,14875.0
3477.0,3405.0,18129,32655,32767,32767,32767,32767,32767,32767,32767,32767,32767,4985.0,14808.0
3081.0,3131.0,17932,32767,32767,32767,32767,32767,32767,32767,32767,32767,32767,3944.0,14180.0
2694.0,3080.0,20560,32767,32767,32767,32767,32767,32767,32767,32767,32767,32767,3575.0,15861.0
2356.0,2788.0,19922,32767,32767,32767,32767,32767,32767,32767,32767,32767,32767,3077.0,16171.0
4678.0,4881.0,18650,32767,32767,32767,32767,32767,32767,32767,32767,32767,32767,5173.0,12519.0
3434.0,3133.0,15206,32767,32767,32767,32767,32767,32767,32767,32767,32767,32767,3777.0,16180.0
4149.0,4195.0,18916,32767,32767,32767,32767,32767,32767,32767,32767,32767,32767,4167.0,14026.0
2189.0,2368.0,17641,32767,32767,32767,32767,32767,32767,32767,32767,32767,32767,3016.0,17380.0
4737.0,4831.0,21322,32767,32767,32767,32767,32767,32767,32767,32767,32767,32767,4561.0,13020.0
2619.0,3193.0,20704,32767,32767,32767,32767,32767,32767,32767,32767,32767,32767,3751.0,15536.0
2931.0,3231.0,20074,32767,32767,32767,32767,32767,32767,32767,32767,32767,32767,3446.0,15421.0
2133.0,2412.0,18402,32767,32767,32767,32767,32767,32767,32767,32767,32767,32767,2954.0,17137.0
2411.0,2788.0,18402,32767,32767,32767,32767,32767,32767,32767,32767,32767,32767,3077.0,16458.0
2503.0,3129.0,20685,32767,32767,32767,32767,32767,32767,32767,32767,32767,32767,3658.0,15042.0
2324.0,2631.0,19545,32767,32767,32767,32767,32767,32767,32767,32767,32767,32767,3955.0,16195.0
2486.0,2766.0,17793,32767,32767,32767,32767,32767,32767,32767,32767,32767,32767,3139.0,16614.0
2597.0,2987.0,18554,32767,32767,32767,32767,32767,32767,32767,32767,32767,32767,3231.0,16111.0
4794.0,5720.0,19731,32767,32767,32767,32767,32767,32767,32767,32767,32767,32767,5864.0,10208.0
2118.0,2216.0,17819,32767,32767,32767,32767,32767,32767,32767,32767,32767,32767,3112.0,17886.0
2578.0,2810.0,18706,32767,32767,32767,32767,32767,32767,32767,32767,32767,32767,3200.0,16363.0
3858.0,3851.0,18097,32767,32767,32767,32767,32767,32767,32767,32767,32767,32767,3908.0,14753.0
2545.0,2992.0,20256,32767,32767,32767,32767,32767,32767,32767,32767,32767,32767,3297.0,16009.0
2894.0,3319.0,20987,32767,32767,32767,32767,32767,32767,32767,32767,32767,32767,3569.0,15159.0
1983.0,2609.0,17324,32767,32767,32767,32767,32767,32767,32767,32767,32767,32767,2675.0,17006.0
3422.0,3095.0,15569,32767,32767,32767,32767,32767,32767,32767,32767,32767,32767,4678.0,14581.0
2508.0,2992.0,18276,32767,32767,32767,32767,32767,32767,32767,32767,32767,32767,3143.0,16347.0
2560.0,2921.0,19618,32767,32767,32767,32767,32767,32767,32767,32767,32767,32767,3323.0,16054.0
2226.0,2567.0,15968,32767,32767,32767,32767,32767,32767,32767,32767,32767,32767,2892.0,17263.0
4572.0,4294.0,16561,32767,32767,32767,32767,32767,32767,32767,32767,32767,32767,4539.0,14112.0
2991.0,2948.0,16753,32767,32767,32767,32767,32767,32767,32767,32767,32767,32767,3328.0,16624.0
4245.0,4069.0,16564,32767,32767,32767,32767,32767,32767,32767,32767,32767,32767,3874.0,14665.0
2448.0,2788.0,17337,32767,32767,32767,32767,32767,32767,32767,32767,32767,32767,3046.0,16634.0
4541.0,4277.0,16003,32767,32767,32767,32767,32767,32767,32767,32767,32767,32767,4923.0,13782.0
2545.0,3058.0,20560,32767,32767,32767,32767,32767,32767,32767,32767,32767,32767,3482.0,15908.0
2768.0,3169.0,18733,32767,32767,32767,32767,32767,32767,32767,32767,32767,32767,3359.0,15989.0
2263.0,2434.0,16881,32767,32767,32767,32767,32767,32767,32767,32767,32767,32767,2831.0,17301.0
3769.0,3620.0,16069,32767,32767,32767,32767,32767,32767,32767,32767,32767,32767,4721.0,15600.0
2578.0,3076.0,20683,32767,32767,32767,32767,32767,32767,32767,32767,32767,32767,3354.0,15603.0
2467.0,2788.0,18097,32767,32767,32767,32767,32767,32767,32767,32767,32767,32767,3108.0,16512.0
2578.0,2987.0,20074,32767,32767,32767,32767,32767,32767,32767,32767,32767,32767,3231.0,15819.0
4343.0,4154.0,17037,32767,32767,32767,32767,32767,32767,32767,32767,32767,32767,4224.0,14635.0
2374.0,2678.0,19162,32767,32767,32767,32767,32767,32767,32767,32767,32767,32767,3139.0,16528.0
2433.0,2748.0,19494,32767,32767,32767,32767,32767,32767,32767,32767,32767,32767,3451.0,16639.0
2578.0,3032.0,19466,32767,32767,32767,32767,32767,32767,32767,32767,32767,32767,3231.0,15870.0
2504.0,2899.0,18250,32767,32767,32767,32767,32767,32767,32767,32767,32767,32767,3139.0,16302.0
4819.0,5141.0,17664,32767,32767,32767,32767,32767,32767,32767,32767,32767,32767,5455.0,12238.0
2404.0,3200.0,18242,32767,32767,32767,32767,32767,32767,32767,32767,32767,32767,3856.0,15488.0
2077.0,2279.0,17793,32767,32767,32767,32767,32767,32767,32767,32767,32767,32767,2646.0,17374.0
2584.0,2927.0,20116,32767,32767,32767,32767,32767,32767,32767,32767,32767,32767,3238.0,15306.0
3773.0,3466.0,16242,32767,32767,32767,32767,32767,32767,32767,32767,32767,32767,4695.0,14999.0
3938.0,4078.0,21627,32767,32767,32767,32767,32767,32767,32767,32767,32767,32767,4160.0,14048.0
2059.0,2257.0,18097,32767,32767,32767,32767,32767,32767,32767,32767,32767,32767,2616.0,17343.0
2322.0,2659.0,18733,32767,32767,32767,32767,32767,32767,32767,32767,32767,32767,3236.0,16897.0
4410.0,4053.0,16288,32767,32767,32767,32767,32767,32767,32767,32767,32767,32767,5009.0,14204.0
2359.0,2704.0,18581,32767,32767,32767,32767,32767,32767,32767,32767,32767,32767,3266.0,16853.0
2983.0,3603.0,18118,32767,32767,32767,32767,32767,32767,32767,32767,32767,32767,4155.0,14314.0
2356.0,2700.0,18402,32767,32767,32767,32767,32767,32767,32767,32767,32767,32767,2923.0,16557.0
2745.0,3076.0,20531,32767,32767,32767,32767,32767,32767,32767,32767,32767,32767,3477.0,15628.0
2749.0,3435.0,21627,32767,32767,32767,32767,32767,32767,32767,32767,32767,32767,3729.0,15151.0
4683.0,5192.0,19572,32767,32767,32767,32767,32767,32767,32767,32767,32767,32767,5026.0,12579.0
2805.0,3103.0,19647,32767,32767,32767,32767,32767,32767,32767,32767,32767,32767,3359.0,15906.0
2096.0,2324.0,16729,32767,32767,32767,32767,32767,32767,32767,32767,32767,32767,2831.0,17584.0
4850.0,4742.0,15905,32767,32767,32767,32767,32767,32767,32767,32767,32767,32767,5237.0,11929.0
3933.0,3603.0,15636,32767,32767,32767,32767,32767,32767,32767,32767,32767,32767,4779.0,15049.0
3065.0,3147.0,18885,32767,32767,32767,32767,32767,32767,32767,32767,32767,32767,3544.0,15971.0
3079.0,3098.0,18097,32767,32767,32767,32767,32767,32767,32767,32767,32767,32767,3477.0,15968.0
2712.0,2726.0,19494,32767,32767,32767,32767,32767,32767,32767,32767,32767,32767,3544.0,16626.0
2504.0,2833.0,19618,32767,32767,32767,32767,32767,32767,32767,32767,32767,32767,3016.0,16093.0
4737.0,4610.0,18885,32767,32767,32767,32767,32767,32767,32767,32767,32767,32767,4530.0,13702.0
2136.0,2393.0,16905,32767,32767,32767,32767,32767,32767,32767,32767,32767,32767,2958.0,17665.0
3710.0,4050.0,21747,32767,32767,32767,32767,32767,32767,32767,32767,32767,32767,4123.0,13918.0
2681.0,3461.0,17464,32767,32767,32767,32767,32767,32767,32767,32767,32767,32767,4021.0,15588.0
2393.0,2744.0,19314,32767,32767,32767,32767,32767,32767,32767,32767,32767,32767,2954.0,16305.0
4819.0,5389.0,16115,32767,32767,32767,32767,32767,32767,32767,32767,32767,32767,5518.0,12137.0
4730.0,5643.0,26918,32767,32767,32767,32767,32767,32767,32767,32767,32767,32767,6000.0,11006.0
4740.0,5610.0,16611,32767,32767,32767,32767,32767,32767,32767,32767,32767,32767,5211.0,12105.0
2523.0,2810.0,18250,32767,32767,32767,32767,32767,32767,32767,32767,32767,32767,2831.0,16310.0
4554.0,4435.0,18744,32767,32767,32767,32767,32767,32767,32767,32767,32767,32767,4379.0,13170.0
4730.0,5643.0,24029,32767,32767,32767,32767,32767,32767,32767,32767,32767,32767,5262.0,11508.0
4850.0,4992.0,17932,32767,32767,32767,32767,32767,32767,32767,32767,32767,32767,5427.0,11370.0
2916.0,3036.0,18885,32767,32767,32767,32767,32767,32767,32767,32767,32767,32767,3575.0,16197.0
3741.0,3432.0,17265,32767,32767,32767,32767,32767,32767,32767,32767,32767,32767,5084.0,13752.0
4494.0,4172.0,18652,32767,32767,32767,32767,32767,32767,32767,32767,32767,32767,5365.0,12299.0
4811.0,5740.0,19800,32767,32767,32767,32767,32767,32767,32767,32767,32767,32767,5947.0,11377.0
2263.0,2479.0,18554,32767,32767,32767,32767,32767,32767,32767,32767,32767,32767,3016.0,16977.0
4730.0,5599.0,21747,32767,32767,32767,32767,32767,32767,32767,32767,32767,32767,4800.0,11907.0
2424.0,2868.0,18894,32767,32767,32767,32767,32767,32767,32767,32767,32767,32767,3394.0,15747.0
3924.0,3489.0,15314,32767,32767,32767,32767,32767,32767,32767,32767,32767,32767,4288.0,14981.0
4730.0,4957.0,22051,32767,32767,32767,32767,32767,32767,32767,32767,32767,32767,4523.0,12533.0
2189.0,2434.0,15360,32767,32767,32767,32767,32767,32767,32767,32767,32767,32767,2585.0,17471.0
2504.0,2855.0,20074,32767,32767,32767,32767,32767,32767,32767,32767,32767,32767,3354.0,16095.0
4151.0,3939.0,16087,32767,32767,32767,32767,32767,32767,32767,32767,32767,32767,5133.0,14282.0
3636.0,3437.0,16288,32767,32767,32767,32767,32767,32767,32767,32767,32767,32767,4614.0,15264.0
4698.0,4402.0,16373,32767,32767,32767,32767,32767,32767,32767,32767,32767,32767,5364.0,12376.0
2374.0,2700.0,20074,32767,32767,32767,32767,32767,32767,32767,32767,32767,32767,2985.0,16241.0
2244.0,2611.0,16881,32767,32767,32767,32767,32767,32767,32767,32767,32767,32767,3169.0,17131.0
3599.0,3851.0,20074,32767,32767,32767,32767,32767,32767,32767,32767,32767,32767,3631.0,14402.0
2931.0,3275.0,18706,32767,32767,32767,32767,32767,32767,32767,32767,32767,32767,3354.0,15583.0
4745.0,5660.0,16628,32767,32767,32767,32767,32767,32767,32767,32767,32767,32767,5957.0,12617.0
2133.0,2368.0,18097,32767,32767,32767,32767,32767,32767,32767,32767,32767,32767,3046.0,17317.0
2211.0,2504.0,18124,32767,32767,32767,32767,32767,32767,32767,32767,32767,32767,3174.0,17295.0
2801.0,2899.0,18402,32767,32767,32767,32767,32767,32767,32767,32767,32767,32767,3385.0,16280.0
2523.0,2943.0,18554,32767,32767,32767,32767,32767,32767,32767,32767,32767,32767,3139.0,16167.0
2435.0,2750.0,18897,32767,32767,32767,32767,32767,32767,32767,32767,32767,32767,3207.0,15870.0
2578.0,3010.0,19922,32767,32767,32767,32767,32767,32767,32767,32767,32767,32767,3169.0,15791.0
2319.0,2656.0,18097,32767,32767,32767,32767,32767,32767,32767,32767,32767,32767,3016.0,16742.0
2282.0,2678.0,17793,32767,32767,32767,32767,32767,32767,32767,32767,32767,32767,3046.0,16786.0
4794.0,5720.0,23739,32767,32767,32767,32767,32767,32767,32767,32767,32767,32767,7236.0,9578.0
2118.0,2504.0,19647,32767,32767,32767,32767,32767,32767,32767,32767,32767,32767,2927.0,16911.0
4811.0,5740.0,20109,32767,32767,32767,32767,32767,32767,32767,32767,32767,32767,6353.0,11354.0
2560.0,2987.0,20531,32767,32767,32767,32767,32767,32767,32767,32767,32767,32767,3262.0,15743.0
2390.0,2733.0,19595,32767,32767,32767,32767,32767,32767,32767,32767,32767,32767,3800.0,15859.0
2656.0,2948.0,21627,32767,32767,32767,32767,32767,32767,32767,32767,32767,32767,3698.0,15891.0
3288.0,3089.0,16269,32767,32767,32767,32767,32767,32767,32767,32767,32767,32767,4452.0,15582.0
1948.0,2124.0,17793,32767,32767,32767,32767,32767,32767,32767,32767,32767,32767,2523.0,17642.0
2762.0,3052.0,22187,32767,32767,32767,32767,32767,32767,32767,32767,32767,32767,4243.0,15617.0
2341.0,2593.0,17362,32767,32767,32767,32767,32767,32767,32767,32767,32767,32767,3051.0,17200.0
2682.0,3040.0,16841,32767,32767,32767,32767,32767,32767,32767,32767,32767,32767,4133.0,14674.0
3384.0,3095.0,17110,32767,32767,32767,32767,32767,32767,32767,32767,32767,32767,4647.0,14336.0
2541.0,2899.0,18858,32767,32767,32767,32767,32767,32767,32767,32767,32767,32767,3231.0,16211.0
2708.0,3142.0,20987,32767,32767,32767,32767,32767,32767,32767,32767,32767,32767,3323.0,15392.0
4271.0,3958.0,15799,32767,32767,32767,32767,32767,32767,32767,32767,32767,32767,4647.0,14388.0
2170.0,2434.0,17945,32767,32767,32767,32767,32767,32767,32767,32767,32767,32767,2739.0,17078.0
2430.0,2744.0,17793,32767,32767,32767,32767,32767,32767,32767,32767,32767,32767,3046.0,16630.0
2615.0,3010.0,19922,32767,32767,32767,32767,32767,32767,32767,32767,32767,32767,3169.0,15780.0
4031.0,4100.0,19342,32767,32767,32767,32767,32767,32767,32767,32767,32767,32767,4006.0,14376.0
2300.0,2523.0,18097,32767,32767,32767,32767,32767,32767,32767,32767,32767,32767,2923.0,16939.0
2980.0,2986.0,16614,32767,32767,32767,32767,32767,32767,32767,32767,32767,32767,4152.0,16020.0
4023.0,3634.0,15569,32767,32767,32767,32767,32767,32767,32767,32767,32767,32767,4866.0,13599.0
2471.0,2615.0,16448,32767,32767,32767,32767,32767,32767,32767,32767,32767,32767,2835.0,17196.0
2192.0,2327.0,17667,32767,32767,32767,32767,32767,32767,32767,32767,32767,32767,3266.0,17745.0
2578.0,2810.0,19162,32767,32767,32767,32767,32767,32767,32767,32767,32767,32767,3200.0,16273.0
2115.0,2456.0,16272,32767,32767,32767,32767,32767,32767,32767,32767,32767,32767,2954.0,17470.0
2189.0,2479.0,20227,32767,32767,32767,32767,32767,32767,32767,32767,32767,32767,3077.0,16675.0
3543.0,3762.0,21139,32767,32767,32767,32767,32767,32767,32767,32767,32767,32767,3877.0,14407.0
2243.0,2963.0,18692,32767,32767,32767,32767,32767,32767,32767,32767,32767,32767,3136.0,16288.0
4745.0,5461.0,23187,32767,32767,32767,32767,32767,32767,32767,32767,32767,32767,5216.0,11754.0
3641.0,3723.0,19190,32767,32767,32767,32767,32767,32767,32767,32767,32767,32767,4006.0,15031.0
2393.0,2700.0,19314,32767,32767,32767,32767,32767,32767,32767,32767,32767,32767,2892.0,16351.0
4774.0,5695.0,18112,32767,32767,32767,32767,32767,32767,32767,32767,32767,32767,5528.0,12645.0
4399.0,5695.0,24251,32767,32767,32767,32767,32767,32767,32767,32767,32767,32767,5248.0,11702.0
3437.0,3457.0,17210,32767,32767,32767,32767,32767,32767,32767,32767,32767,32767,3605.0,15707.0
4726.0,5174.0,20667,32767,32767,32767,32767,32767,32767,32767,32767,32767,32767,4858.0,12682.0
4303.0,4293.0,20835,32767,32767,32767,32767,32767,32767,32767,32767,32767,32767,4123.0,13607.0
4745.0,5660.0,22120,32767,32767,32767,32767,32767,32767,32767,32767,32767,32767,5432.0,11753.0
2430.0,2722.0,18554,32767,32767,32767,32767,32767,32767,32767,32767,32767,32767,3477.0,16679.0
2077.0,2235.0,17033,32767,32767,32767,32767,32767,32767,32767,32767,32767,32767,2585.0,17577.0
2411.0,2833.0,18097,32767,32767,32767,32767,32767,32767,32767,32767,32767,32767,3077.0,16442.0
3028.0,2992.0,15839,32767,32767,32767,32767,32767,32767,32767,32767,32767,32767,3451.0,16734.0
4007.0,4160.0,20227,32767,32767,32767,32767,32767,32767,32767,32767,32767,32767,3969.0,13937.0
2207.0,2656.0,18250,32767,32767,32767,32767,32767,32767,32767,32767,32767,32767,2954.0,16718.0
2675.0,3147.0,20560,32767,32767,32767,32767,32767,32767,32767,32767,32767,32767,3482.0,15736.0
2958.0,3574.0,20442,32767,32767,32767,32767,32767,32767,32767,32767,32767,32767,3797.0,14849.0
4850.0,5582.0,16997,32767,32767,32767,32767,32767,32767,32767,32767,32767,32767,5679.0,10812.0
2378.0,2837.0,19190,32767,32767,32767,32767,32767,32767,32767,32767,32767,32767,3266.0,16507.0
4806.0,4744.0,16687,32767,32767,32767,32767,32767,32767,32767,32767,32767,32767,5346.0,13755.0
4415.0,4097.0,16242,32767,32767,32767,32767,32767,32767,32767,32767,32767,32767,4632.0,13889.0
4199.0,4174.0,18570,32767,32767,32767,32767,32767,32767,32767,32767,32767,32767,4429.0,13154.0
3985.0,3637.0,18067,32767,32767,32767,32767,32767,32767,32767,32767,32767,32767,4082.0,14871.0
3755.0,3508.0,15148,32767,32767,32767,32767,32767,32767,32767,32767,32767,32767,4647.0,15291.0
2173.0,2283.0,17210,32767,32767,32767,32767,32767,32767,32767,32767,32767,32767,3051.0,17842.0
2653.0,2855.0,18402,32767,32767,32767,32767,32767,32767,32767,32767,32767,32767,3354.0,16384.0
2894.0,3209.0,19770,32767,32767,32767,32767,32767,32767,32767,32767,32767,32767,3569.0,15564.0
2690.0,3098.0,19466,32767,32767,32767,32767,32767,32767,32767,32767,32767,32767,3200.0,15723.0
2115.0,2412.0,17945,32767,32767,32767,32767,32767,32767,32767,32767,32767,32767,2708.0,17119.0
4678.0,5493.0,20455,32767,32767,32767,32767,32767,32767,32767,32767,32767,32767,5447.0,11543.0
2341.0,2593.0,18124,32767,32767,32767,32767,32767,32767,32767,32767,32767,32767,3082.0,17066.0
3540.0,3317.0,18540,32767,32767,32767,32767,32767,32767,32767,32767,32767,32767,3690.0,15584.0
2207.0,2434.0,18097,32767,32767,32767,32767,32767,32767,32767,32767,32767,32767,2769.0,17052.0
2266.0,2504.0,19494,32767,32767,32767,32767,32767,32767,32767,32767,32767,32767,2958.0,16913.0
2189.0,2434.0,18402,32767,32767,32767,32767,32767,32767,32767,32767,32767,32767,2739.0,16982.0
2244.0,2456.0,18097,32767,32767,32767,32767,32767,32767,32767,32767,32767,32767,2923.0,17073.0
4512.0,4217.0,16648,32767,32767,32767,32767,32767,32767,32767,32767,32767,32767,5302.0,12534.0
2448.0,2921.0,20531,32767,32767,32767,32767,32767,32767,32767,32767,32767,32767,3231.0,15867.0
2136.0,3066.0,22003,32767,32767,32767,32767,32767,32767,32767,32767,32767,32767,4609.0,14880.0
4698.0,4379.0,16529,32767,32767,32767,32767,32767,32767,32767,32767,32767,32767,5237.0,12371.0
4400.0,3970.0,16340,32767,32767,32767,32767,32767,32767,32767,32767,32767,32767,4928.0,12904.0
4189.0,4025.0,18996,32767,32767,32767,32767,32767,32767,32767,32767,32767,32767,4120.0,14420.0
2356.0,2744.0,17337,32767,32767,32767,32767,32767,32767,32767,32767,32767,32767,3139.0,16773.0
4811.0,5245.0,15778,32767,32767,32767,32767,32767,32767,32767,32767,32767,32767,5446.0,12445.0
2486.0,2899.0,18250,32767,32767,32767,32767,32767,32767,32767,32767,32767,32767,3292.0,16366.0
2764.0,3275.0,18706,32767,32767,32767,32767,32767,32767,32767,32767,32767,32767,3323.0,15620.0
2415.0,2748.0,19190,32767,32767,32767,32767,32767,32767,32767,32767,32767,32767,3297.0,16653.0
2478.0,2735.0,18646,32767,32767,32767,32767,32767,32767,32767,32767,32767,32767,3681.0,16887.0
3792.0,3526.0,18440,32767,32767,32767,32767,32767,32767,32767,32767,32767,32767,3546.0,14475.0
4730.0,4758.0,23116,32767,32767,32767,32767,32767,32767,32767,32767,32767,32767,4523.0,12566.0
4737.0,5009.0,21322,32767,32767,32767,32767,32767,32767,32767,32767,32767,32767,5023.0,12884.0
2791.0,3242.0,21228,32767,32767,32767,32767,32767,32767,32767,32767,32767,32767,3716.0,15096.0
3394.0,3519.0,20074,32767,32767,32767,32767,32767,32767,32767,32767,32767,32767,3662.0,14934.0
2115.0,2235.0,17337,32767,32767,32767,32767,32767,32767,32767,32767,32767,32767,2554.0,17489.0
3251.0,3812.0,20256,32767,32767,32767,32767,32767,32767,32767,32767,32767,32767,3975.0,14816.0
4794.0,5226.0,18960,32767,32767,32767,32767,32767,32767,32767,32767,32767,32767,5988.0,10902.0
2488.0,2945.0,20550,32767,32767,32767,32767,32767,32767,32767,32767,32767,32767,3783.0,15992.0
2226.0,2656.0,19010,32767,32767,32767,32767,32767,32767,32767,32767,32767,32767,3077.0,16614.0
3644.0,4438.0,18578,32767,32767,32767,32767,32767,32767,32767,32767,32767,32767,4354.0,13448.0
4740.0,4467.0,16819,32767,32767,32767,32767,32767,32767,32767,32767,32767,32767,5055.0,13379.0
2541.0,3032.0,20074,32767,32767,32767,32767,32767,32767,32767,32767,32767,32767,3446.0,15836.0
4493.0,5584.0,19647,32767,32767,32767,32767,32767,32767,32767,32767,32767,32767,5093.0,12579.0
3442.0,4107.0,19374,32767,32767,32767,32767,32767,32767,32767,32767,32767,32767,3951.0,14216.0
2170.0,2279.0,17033,32767,32767,32767,32767,32767,32767,32767,32767,32767,32767,2554.0,17448.0
4850.0,4765.0,17776,32767,32767,32767,32767,32767,32767,32767,32767,32767,32767,5332.0,11663.0
4230.0,3858.0,16494,32767,32767,32767,32767,32767,32767,32767,32767,32767,32767,4866.0,13081.0
4740.0,5344.0,16611,32767,32767,32767,32767,32767,32767,32767,32767,32767,32767,5026.0,12397.0
2300.0,2567.0,17641,32767,32767,32767,32767,32767,32767,32767,32767,32767,32767,2708.0,16847.0
4396.0,4271.0,18554,32767,32767,32767,32767,32767,32767,32767,32767,32767,32767,4123.0,14005.0
4490.0,4290.0,17754,32767,32767,32767,32767,32767,32767,32767,32767,32767,32767,5075.0,13652.0
2560.0,2987.0,18858,32767,32767,32767,32767,32767,32767,32767,32767,32767,32767,3200.0,16052.0
2189.0,2346.0,18706,32767,32767,32767,32767,32767,32767,32767,32767,32767,32767,2708.0,17065.0
2597.0,2965.0,19922,32767,32767,32767,32767,32767,32767,32767,32767,32767,32767,3231.0,15879.0
2081.0,2216.0,18885,32767,32767,32767,32767,32767,32767,32767,32767,32767,32767,2989.0,17626.0
3854.0,3499.0,15261,32767,32767,32767,32767,32767,32767,32767,32767,32767,32767,4678.0,13865.0
2040.0,2257.0,17033,32767,32767,32767,32767,32767,32767,32767,32767,32767,32767,2831.0,17668.0
2601.0,2837.0,19951,32767,32767,32767,32767,32767,32767,32767,32767,32767,32767,3698.0,16430.0
4794.0,5720.0,19731,32767,32767,32767,32767,32767,32767,32767,32767,32767,32767,5957.0,10215.0
2597.0,2567.0,17337,32767,32767,32767,32767,32767,32767,32767,32767,32767,32767,3385.0,17101.0
2207.0,2368.0,18097,32767,32767,32767,32767,32767,32767,32767,32767,32767,32767,3046.0,17296.0
4740.0,5655.0,22554,32767,32767,32767,32767,32767,32767,32767,32767,32767,32767,5334.0,11173.0
2226.0,2456.0,18097,32767,32767,32767,32767,32767,32767,32767,32767,32767,32767,2862.0,17051.0
3823.0,3449.0,15749,32767,32767,32767,32767,32767,32767,32767,32767,32767,32767,4733.0,13991.0
3234.0,2961.0,16802,32767,32767,32767,32767,32767,32767,32767,32767,32767,32767,5053.0,14700.0
2954.0,3258.0,20408,32767,32767,32767,32767,32767,32767,32767,32767,32767,32767,3636.0,15569.0
3466.0,3450.0,16412,32767,32767,32767,32767,32767,32767,32767,32767,32767,32767,3474.0,15695.0
2749.0,3169.0,20713,32767,32767,32767,32767,32767,32767,32767,32767,32767,32767,3513.0,15660.0
2211.0,2438.0,17819,32767,32767,32767,32767,32767,32767,32767,32767,32767,32767,3297.0,17519.0
2411.0,2678.0,18097,32767,32767,32767,32767,32767,32767,32767,32767,32767,32767,2923.0,16637.0
4606.0,4195.0,16802,32767,32767,32767,32767,32767,32767,32767,32767,32767,32767,5240.0,12509.0
2653.0,2810.0,18554,32767,32767,32767,32767,32767,32767,32767,32767,32767,32767,3323.0,16417.0
2673.0,2905.0,18010,32767,32767,32767,32767,32767,32767,32767,32767,32767,32767,3978.0,15052.0
2319.0,2611.0,19010,32767,32767,32767,32767,32767,32767,32767,32767,32767,32767,2862.0,16570.0
2523.0,2965.0,19618,32767,32767,32767,32767,32767,32767,32767,32767,32767,32767,3200.0,15949.0
2467.0,2855.0,20987,32767,32767,32767,32767,32767,32767,32767,32767,32767,32767,3231.0,15872.0
2113.0,2897.0,20059,32767,32767,32767,32767,32767,32767,32767,32767,32767,32767,3167.0,16174.0
2523.0,2768.0,18419,32767,32767,32767,32767,32767,32767,32767,32767,32767,32767,3574.0,15532.0
3434.0,3133.0,17464,32767,32767,32767,32767,32767,32767,32767,32767,32767,32767,3960.0,15864.0
4850.0,5241.0,18244,32767,32767,32767,32767,32767,32767,32767,32767,32767,32767,5458.0,11027.0
3554.0,3396.0,17543,32767,32767,32767,32767,32767,32767,32767,32767,32767,32767,3797.0,15466.0
4550.0,4172.0,15106,32767,32767,32767,32767,32767,32767,32767,32767,32767,32767,5115.0,12762.0
1988.0,2194.0,17819,32767,32767,32767,32767,32767,32767,32767,32767,32767,32767,2712.0,17790.0
4730.0,5289.0,23572,32767,32767,32767,32767,32767,32767,32767,32767,32767,32767,4862.0,11927.0
4043.0,3707.0,15840,32767,32767,32767,32767,32767,32767,32767,32767,32767,32767,4758.0,14731.0
2563.0,2748.0,19342,32767,32767,32767,32767,32767,32767,32767,32767,32767,32767,3112.0,16510.0
2282.0,2545.0,18250,32767,32767,32767,32767,32767,32767,32767,32767,32767,32767,2954.0,16889.0
4362.0,4060.0,19114,32767,32767,32767,32767,32767,32767,32767,32767,32767,32767,5521.0,12424.0
2448.0,2744.0,18097,32767,32767,32767,32767,32767,32767,32767,32767,32767,32767,3169.0,16616.0
3505.0,3137.0,15513,32767,32767,32767,32767,32767,32767,32767,32767,32767,32767,4460.0,15763.0
2285.0,2526.0,20865,32767,32767,32767,32767,32767,32767,32767,32767,32767,32767,3205.0,16678.0
2214.0,2353.0,17391,32767,32767,32767,32767,32767,32767,32767,32767,32767,32767,2747.0,17228.0
2359.0,2704.0,17210,32767,32767,32767,32767,32767,32767,32767,32767,32767,32767,3421.0,17167.0
2842.0,2881.0,18428,32767,32767,32767,32767,32767,32767,32767,32767,32767,32767,3482.0,16524.0
2337.0,2656.0,16577,32767,32767,32767,32767,32767,32767,32767,32767,32767,32767,2954.0,16993.0
2447.0,3184.0,22035,32767,32767,32767,32767,32767,32767,32767,32767,32767,32767,3382.0,15307.0
4683.0,5324.0,19271,32767,32767,32767,32767,32767,32767,32767,32767,32767,32767,5270.0,12504.0
2546.0,1943.0,2763,8786,8031,4658,5244,6991,32767,32767,32767,32767,32767,932.0,1000.0
2247.0,1825.0,1858,5639,5542,3730,5248,6997,32767,32767,32767,32767,32767,689.0,1000.0
2285.0,1780.0,1858,6848,5969,4196,4723,6997,32767,32767,32767,32767,32767,752.0,1000.0
2045.0,1774.0,1676,5551,5036,5507,5683,7461,32767,32767,32767,32767,32767,740.0,1000.0
2063.0,1863.0,1524,5948,4197,4589,5166,7461,32767,32767,32767,32767,32767,771.0,1000.0
2063.0,1730.0,1524,6344,4616,5048,5166,7461,32767,32767,32767,32767,32767,740.0,1000.0
2283.0,1621.0,1856,4830,3834,4658,5244,7574,32767,32767,32767,32767,32767,751.0,1000.0
2321.0,1823.0,1856,4830,4260,4658,5244,7574,32767,32767,32767,32767,32767,720.0,1000.0
2396.0,1891.0,1856,4830,5112,4658,5244,7574,32767,32767,32767,32767,32767,814.0,1000.0
2398.0,1937.0,1858,4834,4690,4662,5773,7580,32767,32767,32767,32767,32767,752.0,1000.0
2285.0,1802.0,1703,6848,5969,4196,4723,7580,32767,32767,32767,32767,32767,846.0,1000.0
2119.0,1841.0,1372,5155,5036,4589,5166,8035,32767,32767,32767,32767,32767,709.0,1000.0
2454.0,2328.0,2134,6344,6295,5507,6199,8035,32767,32767,32767,32767,32767,925.0,1000.0
2189.0,1531.0,1702,4830,3834,5124,6293,8156,32767,32767,32767,32767,32767,845.0,1000.0
2286.0,1974.0,1981,6741,6295,5507,6716,8609,32767,32767,32767,32767,32767,863.0,1000.0
2379.0,2129.0,2134,6741,5875,5966,6716,8609,32767,32767,32767,32767,32767,894.0,1000.0
2416.0,2173.0,2134,6741,5875,6425,6716,8609,32767,32767,32767,32767,32767,925.0,1000.0
2342.0,2129.0,2286,6741,5456,6884,7233,8609,32767,32767,32767,32767,32767,925.0,1000.0
2528.0,2306.0,2286,6741,5875,7343,7749,8609,32767,32767,32767,32767,32767,925.0,1000.0
2208.0,1576.0,1856,5635,3834,6056,6293,8739,32767,32767,32767,32767,32767,814.0,1000.0
2528.0,2484.0,2286,5948,5875,6425,6716,9183,32767,32767,32767,32767,32767,956.0,1000.0
2230.0,2040.0,1981,7137,6715,5966,6199,9183,32767,32767,32767,32767,32767,894.0,1000.0
2565.0,2572.0,2438,7534,5875,6884,6716,9183,32767,32767,32767,32767,32767,1018.0,1000.0
2416.0,2484.0,2438,8327,7134,6425,7233,9183,32767,32767,32767,32767,32767,1018.0,1000.0
2605.0,2553.0,2288,7144,5881,7350,7757,9192,32767,32767,32767,32767,32767,957.0,1000.0
2251.0,1953.0,2288,7938,6721,7350,8274,9192,32767,32767,32767,32767,32767,926.0,1000.0
2471.0,2032.0,3070,9185,8454,8320,8325,9249,32767,32767,32767,32767,32767,932.0,1000.0
2378.0,1742.0,2477,9585,7608,5595,6298,9329,32767,32767,32767,32767,32767,814.0,1000.0
2361.0,2129.0,2134,6344,5456,5966,6716,9757,32767,32767,32767,32767,32767,925.0,1000.0
2435.0,2306.0,2438,6741,6295,6425,6716,9757,32767,32767,32767,32767,32767,925.0,1000.0
2379.0,2107.0,2286,6741,5875,7343,7233,9757,32767,32767,32767,32767,32767,925.0,1000.0
2454.0,2417.0,2591,7534,6295,6884,7233,9757,32767,32767,32767,32767,32767,1018.0,1000.0
2586.0,2353.0,2746,7541,6721,8269,8274,9767,32767,32767,32767,32767,32767,1019.0,1000.0
2419.0,2220.0,2441,7541,5881,6891,7240,9767,32767,32767,32767,32767,32767,957.0,1000.0
2568.0,2375.0,2593,7541,6721,7809,7757,9767,32767,32767,32767,32767,32767,988.0,1000.0
2623.0,2486.0,2441,7541,5881,7350,7240,9767,32767,32767,32767,32767,32767,957.0,1000.0
2196.0,1865.0,2898,7938,7142,7350,8791,9767,32767,32767,32767,32767,32767,1080.0,1000.0
2340.0,1854.0,2763,8786,8031,7395,7805,9827,32767,32767,32767,32767,32767,901.0,1000.0
2452.0,2032.0,3070,8786,8454,8782,9366,9827,32767,32767,32767,32767,32767,963.0,1000.0
2602.0,2256.0,3223,9185,8876,8782,9366,9827,32767,32767,32767,32767,32767,1056.0,1000.0
1150.0,877.0,3245,7236,6808,6979,6809,9892,32767,32767,32767,32767,32767,969.0,1000.0
2245.0,1576.0,2011,5635,4686,6988,7342,9904,32767,32767,32767,32767,32767,908.0,1000.0
2454.0,2284.0,2438,7534,7134,6884,6716,10331,32767,32767,32767,32767,32767,987.0,1000.0
2491.0,2395.0,2591,7930,6715,6884,6716,10331,32767,32767,32767,32767,32767,987.0,1000.0
2475.0,2264.0,2288,7144,5881,7809,7757,10341,32767,32767,32767,32767,32767,988.0,1000.0
2623.0,2575.0,2593,7541,6301,7809,8274,10341,32767,32767,32767,32767,32767,1049.0,1000.0
2586.0,2597.0,2746,7938,6721,7350,7240,10341,32767,32767,32767,32767,32767,1080.0,1000.0
2151.0,1486.0,2011,6037,5112,6522,6817,10487,32767,32767,32767,32767,32767,908.0,1000.0
2379.0,2240.0,3200,9120,7974,7802,8266,10905,32767,32767,32767,32767,32767,1018.0,1000.0
2568.0,2553.0,2746,7938,6301,8269,7757,10916,32767,32767,32767,32767,32767,1049.0,1000.0
1377.0,1132.0,3204,8335,6721,8728,7757,10916,32767,32767,32767,32767,32767,1142.0,1000.0
1489.0,1043.0,3814,8732,7982,9188,8791,10916,32767,32767,32767,32767,32767,1605.0,1000.0
2138.0,1752.0,2591,8327,6715,6425,6716,11479,32767,32767,32767,32767,32767,833.0,1000.0
2028.0,1487.0,3204,9526,8402,8728,9309,11490,32767,32767,32767,32767,32767,1049.0,1000.0
2493.0,1982.0,2942,10070,8527,9324,10497,11661,32767,32767,32767,32767,32767,1065.0,1000.0
2214.0,1665.0,2746,8732,7562,8728,8274,12065,32767,32767,32767,32767,32767,988.0,1000.0
2321.0,1742.0,3377,7987,8454,9706,9886,12139,32767,32767,32767,32767,32767,1056.0,1000.0
2455.0,1847.0,3716,10876,10232,8392,9447,12827,32767,32767,32767,32767,32767,1065.0,1000.0
2398.0,2018.0,3962,11102,10072,10096,10849,13200,32767,32767,32767,32767,32767,987.0,1000.0
1600.0,1243.0,3966,10717,9242,10106,10343,13214,32767,32767,32767,32767,32767,926.0,1000.0
1112.0,752.0,4863,12257,10881,11898,10303,13735,32767,32767,32767,32767,32767,892.0,1000.0
1925.0,1328.0,2166,6037,4260,10106,9826,13788,32767,32767,32767,32767,32767,814.0,1000.0
1972.0,1509.0,3966,10717,8822,11025,10343,13788,32767,32767,32767,32767,32767,1019.0,1000.0
1186.0,885.0,4863,12653,10881,11898,11333,14308,32767,32767,32767,32767,32767,1015.0,1000.0
1206.0,885.0,4106,12662,10889,12365,11342,16610,32767,32767,32767,32767,32767,862.0,1000.0
1161.0,893.0,9056,17572,17330,18026,20813,16764,32767,32767,32767,32767,32767,1056.0,1000.0
1337.0,997.0,4874,15058,12582,13759,13424,17781,32767,32767,32767,32767,32767,924.0,1000.0
1261.0,1040.0,6539,16223,15077,18777,16497,18901,32767,32767,32767,32767,32767,1077.0,1000.0
1317.0,1040.0,6691,16223,16333,16945,15466,20046,32767,32767,32767,32767,32767,1046.0,1000.0
884.0,538.0,4624,9225,8065,8355,8361,11030,32767,32767,32767,32767,32767,1684.0,15700.0
1109.0,695.0,7091,11230,11037,10676,9406,11030,32767,32767,32767,32767,32767,2526.0,15700.0
1109.0,695.0,8016,11230,11886,11605,11496,11611,32767,32767,32767,32767,32767,3244.0,15700.0
1090.0,740.0,8324,12032,12735,12533,12019,11611,32767,32767,32767,32767,32767,3306.0,15700.0
1147.0,740.0,8786,12834,12735,12997,10974,11611,32767,32767,32767,32767,32767,3493.0,15700.0
978.0,606.0,4933,10027,8914,8820,8883,12191,32767,32767,32767,32767,32767,1903.0,15700.0
1053.0,695.0,8016,11631,12735,11605,11496,12191,32767,32767,32767,32767,32767,3150.0,15700.0
1109.0,695.0,8170,12032,12735,12069,10451,12191,32767,32767,32767,32767,32767,3275.0,15700.0
1109.0,718.0,8324,12032,12310,12997,10974,12191,32767,32767,32767,32767,32767,3244.0,15700.0
1109.0,740.0,8324,12433,12735,12533,12019,12191,32767,32767,32767,32767,32767,3244.0,15700.0
1147.0,718.0,8632,13235,12735,13462,12541,12191,32767,32767,32767,32767,32767,3400.0,15700.0
1109.0,718.0,6166,10829,10612,10676,10974,12772,32767,32767,32767,32767,32767,2620.0,15700.0
1109.0,763.0,6320,11631,11037,10212,10451,12772,32767,32767,32767,32767,32767,2433.0,15700.0
1128.0,740.0,8478,12433,13159,12533,12541,12772,32767,32767,32767,32767,32767,3306.0,15700.0
1147.0,695.0,8632,12433,12735,12997,11496,12772,32767,32767,32767,32767,32767,3462.0,15700.0
1090.0,695.0,8324,12433,13159,12533,12019,12772,32767,32767,32767,32767,32767,3181.0,15700.0
1147.0,740.0,8941,12834,13159,12997,12541,12772,32767,32767,32767,32767,32767,3680.0,15700.0
1128.0,740.0,8324,12834,12735,13462,12019,12772,32767,32767,32767,32767,32767,3213.0,15700.0
1090.0,718.0,8324,12834,13159,12069,12019,12772,32767,32767,32767,32767,32767,3150.0,15700.0
1090.0,785.0,8478,12834,13584,12533,12541,12772,32767,32767,32767,32767,32767,3088.0,15700.0
1184.0,785.0,8941,13235,14008,13462,12541,12772,32767,32767,32767,32767,32767,3368.0,15700.0
1109.0,718.0,7707,13235,11886,12997,12541,12772,32767,32767,32767,32767,32767,2901.0,15700.0
1109.0,718.0,8941,13235,13584,13926,13064,12772,32767,32767,32767,32767,32767,3493.0,15700.0
1109.0,695.0,5395,11631,10188,9748,9406,13352,32767,32767,32767,32767,32767,2370.0,15700.0
1128.0,740.0,8170,12032,13584,12069,12541,13352,32767,32767,32767,32767,32767,3213.0,15700.0
1147.0,718.0,8324,12433,12735,12069,12019,13352,32767,32767,32767,32767,32767,3306.0,15700.0
1090.0,695.0,8478,12433,12310,12533,10974,13352,32767,32767,32767,32767,32767,3524.0,15700.0
1184.0,785.0,8632,12834,13584,12069,13064,13352,32767,32767,32767,32767,32767,3462.0,15700.0
1260.0,830.0,8478,12834,14008,13462,12541,13352,32767,32767,32767,32767,32767,3649.0,15700.0
1147.0,740.0,8632,12834,14008,12533,12541,13352,32767,32767,32767,32767,32767,3213.0,15700.0
1128.0,808.0,8786,12834,13584,12533,12541,13352,32767,32767,32767,32767,32767,3150.0,15700.0
1128.0,740.0,8786,13235,14008,13462,12541,13352,32767,32767,32767,32767,32767,3213.0,15700.0
1109.0,718.0,8632,13235,13159,12997,12019,13352,32767,32767,32767,32767,32767,3275.0,15700.0
1166.0,740.0,8786,13235,14008,12533,12541,13352,32767,32767,32767,32767,32767,3462.0,15700.0
1109.0,740.0,8786,14038,14433,13926,13064,13352,32767,32767,32767,32767,32767,3057.0,15700.0
1241.0,830.0,9711,14840,15282,15783,14109,13352,32767,32767,32767,32767,32767,3836.0,15700.0
1184.0,785.0,8170,12032,12735,12069,12019,13933,32767,32767,32767,32767,32767,3275.0,15700.0
1184.0,763.0,7707,12433,13159,12069,12019,13933,32767,32767,32767,32767,32767,3244.0,15700.0
1147.0,763.0,8478,12433,12310,12533,11496,13933,32767,32767,32767,32767,32767,3275.0,15700.0
1147.0,718.0,7553,12433,13159,12069,12019,13933,32767,32767,32767,32767,32767,2932.0,15700.0
1260.0,852.0,8632,12834,13159,13926,13064,13933,32767,32767,32767,32767,32767,3431.0,15700.0
1128.0,763.0,8478,12834,12310,12069,12019,13933,32767,32767,32767,32767,32767,3649.0,15700.0
1147.0,763.0,8786,13235,13584,13462,12019,13933,32767,32767,32767,32767,32767,3244.0,15700.0
1260.0,965.0,8632,13235,13584,12997,13064,13933,32767,32767,32767,32767,32767,3462.0,15700.0
1297.0,808.0,8324,13235,12310,13462,12019,13933,32767,32767,32767,32767,32767,3431.0,15700.0
1203.0,875.0,6937,13636,12735,13462,13064,13933,32767,32767,32767,32767,32767,2869.0,15700.0
1166.0,763.0,9557,14038,14433,14390,13587,13933,32767,32767,32767,32767,32767,3493.0,15700.0
1241.0,875.0,10328,14038,14857,15318,13587,13933,32767,32767,32767,32767,32767,4273.0,15700.0
1391.0,987.0,6783,12433,12735,12997,13587,14513,32767,32767,32767,32767,32767,2589.0,15700.0
1203.0,763.0,8786,12834,13584,13462,12541,14513,32767,32767,32767,32767,32767,3306.0,15700.0
1278.0,875.0,8016,13235,13159,12997,13064,14513,32767,32767,32767,32767,32767,3088.0,15700.0
1128.0,785.0,8941,13235,14433,13462,13064,14513,32767,32767,32767,32767,32767,3181.0,15700.0
1128.0,718.0,8632,13235,13584,12997,13064,14513,32767,32767,32767,32767,32767,3275.0,15700.0
1297.0,942.0,7862,13235,14008,13462,13064,14513,32767,32767,32767,32767,32767,2589.0,15700.0
1203.0,785.0,6166,13636,12310,13462,11496,14513,32767,32767,32767,32767,32767,2121.0,15700.0
1222.0,852.0,9095,13636,14008,12997,13064,14513,32767,32767,32767,32767,32767,3712.0,15700.0
1278.0,852.0,8786,13636,14433,13462,13064,14513,32767,32767,32767,32767,32767,3680.0,15700.0
1278.0,808.0,8478,13636,13159,12997,12019,14513,32767,32767,32767,32767,32767,3805.0,15700.0
1072.0,718.0,6937,13636,13159,11605,11496,14513,32767,32767,32767,32767,32767,2745.0,15700.0
1260.0,808.0,9711,14038,14857,14390,13064,14513,32767,32767,32767,32767,32767,3712.0,15700.0
1241.0,785.0,9711,14038,15282,15318,13064,14513,32767,32767,32767,32767,32767,3836.0,15700.0
1166.0,852.0,9557,14439,15282,14854,14632,14513,32767,32767,32767,32767,32767,3462.0,15700.0
1316.0,920.0,9865,14439,15282,14854,14109,14513,32767,32767,32767,32767,32767,3992.0,15700.0
1335.0,897.0,10482,14439,15282,16247,14632,14513,32767,32767,32767,32767,32767,4273.0,15700.0
1184.0,785.0,10020,14439,15282,14390,13064,14513,32767,32767,32767,32767,32767,3961.0,15700.0
1203.0,920.0,9403,14840,15706,15318,15154,14513,32767,32767,32767,32767,32767,3057.0,15700.0
1354.0,987.0,10328,15642,16131,15783,15154,14513,32767,32767,32767,32767,32767,3618.0,15700.0
1184.0,785.0,5858,12032,11886,12069,12019,15094,32767,32767,32767,32767,32767,2339.0,15700.0
1241.0,852.0,6166,12834,12310,13926,13064,15094,32767,32767,32767,32767,32767,2183.0,15700.0
1335.0,965.0,7553,13235,13584,13462,12541,15094,32767,32767,32767,32767,32767,2838.0,15700.0
1260.0,830.0,8941,13636,14008,14854,13587,15094,32767,32767,32767,32767,32767,4117.0,15700.0
1147.0,830.0,6320,13636,12310,12533,12019,15094,32767,32767,32767,32767,32767,2152.0,15700.0
1203.0,808.0,9095,13636,14433,13926,12019,15094,32767,32767,32767,32767,32767,3431.0,15700.0
1354.0,1032.0,8478,13636,14008,13462,13064,15094,32767,32767,32767,32767,32767,2994.0,15700.0
1316.0,897.0,9403,14038,14433,14390,13587,15094,32767,32767,32767,32767,32767,4055.0,15700.0
1391.0,965.0,9095,14038,14857,15318,14632,15094,32767,32767,32767,32767,32767,3431.0,15700.0
1316.0,897.0,9711,14439,15282,15318,14109,15094,32767,32767,32767,32767,32767,4179.0,15700.0
1692.0,1077.0,9403,14439,15282,15783,13587,15094,32767,32767,32767,32767,32767,4429.0,15700.0
1354.0,942.0,10020,14439,15706,15318,14632,15094,32767,32767,32767,32767,32767,3712.0,15700.0
1354.0,897.0,9557,14439,14008,14390,14109,15094,32767,32767,32767,32767,32767,3961.0,15700.0
1222.0,785.0,9557,14840,14857,14390,14109,15094,32767,32767,32767,32767,32767,3556.0,15700.0
1316.0,897.0,9403,14840,14857,15318,14109,15094,32767,32767,32767,32767,32767,3743.0,15700.0
1260.0,830.0,10328,14840,14433,14854,13587,15094,32767,32767,32767,32767,32767,3992.0,15700.0
1222.0,875.0,10020,15241,16555,15783,14632,15094,32767,32767,32767,32767,32767,3431.0,15700.0
1203.0,830.0,9403,15642,15706,15783,15154,15094,32767,32767,32767,32767,32767,3649.0,15700.0
1241.0,875.0,9249,15642,16555,14854,14109,15094,32767,32767,32767,32767,32767,3337.0,15700.0
1260.0,875.0,10328,16043,17404,17175,16199,15094,32767,32767,32767,32767,32767,3930.0,15700.0
1053.0,718.0,6012,12032,11461,11605,12541,15674,32767,32767,32767,32767,32767,2090.0,15700.0
1448.0,1054.0,5703,12433,11037,12997,12541,15674,32767,32767,32767,32767,32767,2339.0,15700.0
1297.0,830.0,7245,12834,13159,11605,12541,15674,32767,32767,32767,32767,32767,3587.0,15700.0
1297.0,897.0,8786,13636,14857,14854,13587,15674,32767,32767,32767,32767,32767,3275.0,15700.0
1598.0,1211.0,6783,14038,13159,15318,14109,15674,32767,32767,32767,32767,32767,2807.0,15700.0
1335.0,942.0,9095,14038,15282,14390,14109,15674,32767,32767,32767,32767,32767,3493.0,15700.0
1429.0,1009.0,8786,14038,15282,14854,14109,15674,32767,32767,32767,32767,32767,3618.0,15700.0
1354.0,965.0,8632,14439,15282,15318,14109,15674,32767,32767,32767,32767,32767,3400.0,15700.0
1335.0,897.0,10174,14439,15706,15318,14109,15674,32767,32767,32767,32767,32767,4211.0,15700.0
1335.0,942.0,9865,14840,16131,15783,15677,15674,32767,32767,32767,32767,32767,3649.0,15700.0
1297.0,987.0,8478,14840,15282,15318,14632,15674,32767,32767,32767,32767,32767,3025.0,15700.0
1241.0,875.0,8632,14840,15282,15318,13587,15674,32767,32767,32767,32767,32767,3213.0,15700.0
1335.0,965.0,9865,15241,16555,15783,16199,15674,32767,32767,32767,32767,32767,3961.0,15700.0
1467.0,1144.0,9865,15241,16555,16247,15154,15674,32767,32767,32767,32767,32767,3649.0,15700.0
1354.0,965.0,9403,15241,15282,15783,15154,15674,32767,32767,32767,32767,32767,3556.0,15700.0
1373.0,920.0,9865,15642,15282,14854,14109,15674,32767,32767,32767,32767,32767,3961.0,15700.0
1316.0,830.0,10174,15642,16980,16247,15154,15674,32767,32767,32767,32767,32767,4117.0,15700.0
1391.0,942.0,10328,15642,15706,15783,15154,15674,32767,32767,32767,32767,32767,3992.0,15700.0
1579.0,1144.0,8632,15642,16131,14390,14632,15674,32767,32767,32767,32767,32767,3244.0,15700.0
1467.0,1054.0,10328,15642,17404,16711,16722,15674,32767,32767,32767,32767,32767,3930.0,15700.0
1391.0,965.0,10174,16043,16980,17175,16199,15674,32767,32767,32767,32767,32767,3649.0,15700.0
1373.0,875.0,10020,16444,16555,15783,14632,15674,32767,32767,32767,32767,32767,4148.0,15700.0
1598.0,1234.0,11253,16444,17829,17175,17767,15674,32767,32767,32767,32767,32767,4273.0,15700.0
1354.0,965.0,10020,16444,16555,16711,16199,15674,32767,32767,32767,32767,32767,3556.0,15700.0
1373.0,942.0,10174,16845,17829,17639,16722,15674,32767,32767,32767,32767,32767,4023.0,15700.0
1485.0,1054.0,10482,16845,16555,16247,16199,15674,32767,32767,32767,32767,32767,3961.0,15700.0
1598.0,987.0,11253,17246,17404,17639,16722,15674,32767,32767,32767,32767,32767,5209.0,15700.0
1485.0,1189.0,10482,18048,17829,19496,18812,15674,32767,32767,32767,32767,32767,2994.0,15700.0
1429.0,1032.0,8941,14439,15706,15783,15154,16255,32767,32767,32767,32767,32767,3587.0,15700.0
1316.0,942.0,8632,14439,14857,15318,14109,16255,32767,32767,32767,32767,32767,3306.0,15700.0
1410.0,1032.0,9711,14840,17404,15783,16199,16255,32767,32767,32767,32767,32767,3587.0,15700.0
1467.0,1032.0,10328,14840,15706,15783,15154,16255,32767,32767,32767,32767,32767,4678.0,15700.0
1335.0,987.0,9557,15241,16980,14854,15154,16255,32767,32767,32767,32767,32767,3213.0,15700.0
1467.0,920.0,10636,15241,16980,15783,15154,16255,32767,32767,32767,32767,32767,4834.0,15700.0
1429.0,965.0,10020,15241,16131,15318,15677,16255,32767,32767,32767,32767,32767,3961.0,15700.0
1297.0,965.0,10020,16043,16555,16247,16199,16255,32767,32767,32767,32767,32767,3556.0,15700.0
1316.0,920.0,8170,16444,16980,14854,14109,16255,32767,32767,32767,32767,32767,2620.0,15700.0
1504.0,1166.0,10944,17246,18678,18568,17767,16255,32767,32767,32767,32767,32767,3493.0,15700.0
1222.0,965.0,7862,12834,14008,14390,13587,16835,32767,32767,32767,32767,32767,2745.0,15700.0
1410.0,1054.0,6628,12834,12735,12997,13587,16835,32767,32767,32767,32767,32767,2308.0,15700.0
1166.0,875.0,7245,14038,13584,13926,14109,16835,32767,32767,32767,32767,32767,2214.0,15700.0
1880.0,1593.0,7553,14038,14008,15783,16722,16835,32767,32767,32767,32767,32767,3057.0,15700.0
1429.0,1054.0,6474,14038,14008,13926,14632,16835,32767,32767,32767,32767,32767,2214.0,15700.0
1391.0,987.0,9711,15241,15706,14854,15154,16835,32767,32767,32767,32767,32767,3743.0,15700.0
1222.0,830.0,9249,15241,15282,15783,15154,16835,32767,32767,32767,32767,32767,3493.0,15700.0
1297.0,852.0,9557,15241,15282,17639,17244,16835,32767,32767,32767,32767,32767,3899.0,15700.0
1316.0,942.0,6937,15642,15282,16247,17244,16835,32767,32767,32767,32767,32767,2370.0,15700.0
1448.0,1054.0,9403,15642,16555,15783,16199,16835,32767,32767,32767,32767,32767,3524.0,15700.0
1316.0,987.0,7707,15642,16131,15783,15154,16835,32767,32767,32767,32767,32767,2058.0,15700.0
1523.0,1122.0,10020,16444,17404,17175,17244,16835,32767,32767,32767,32767,32767,3649.0,15700.0
1448.0,1054.0,10020,16444,17829,16711,16199,16835,32767,32767,32767,32767,32767,3680.0,15700.0
1448.0,1099.0,10482,16444,17829,17639,17244,16835,32767,32767,32767,32767,32767,3587.0,15700.0
1410.0,920.0,11869,16845,17829,16711,16722,16835,32767,32767,32767,32767,32767,5271.0,15700.0
1448.0,1234.0,10790,16845,17829,18568,17767,16835,32767,32767,32767,32767,32767,3213.0,15700.0
1579.0,1166.0,10482,16845,17829,17639,17244,16835,32767,32767,32767,32767,32767,3618.0,15700.0
1786.0,1458.0,8786,17647,17829,16711,16199,16835,32767,32767,32767,32767,32767,3743.0,15700.0
1410.0,1189.0,10636,17647,19102,17639,17244,16835,32767,32767,32767,32767,32767,2932.0,15700.0
1673.0,1054.0,12178,18048,19951,19032,16722,16835,32767,32767,32767,32767,32767,4522.0,15700.0
1579.0,1166.0,11099,18048,18678,19032,18812,16835,32767,32767,32767,32767,32767,4242.0,15700.0
1542.0,1122.0,11715,18449,19951,19032,19335,16835,32767,32767,32767,32767,32767,3867.0,15700.0
1260.0,965.0,11561,18449,19951,18568,18290,16835,32767,32767,32767,32767,32767,3649.0,15700.0
1448.0,1122.0,6937,14439,14008,16247,16199,17416,32767,32767,32767,32767,32767,2526.0,15700.0
1467.0,1189.0,8170,15241,16131,14390,15154,17416,32767,32767,32767,32767,32767,2807.0,15700.0
1222.0,808.0,9249,16043,15282,17175,15677,17416,32767,32767,32767,32767,32767,2526.0,15700.0
1749.0,1323.0,10174,16043,18253,16247,16199,17416,32767,32767,32767,32767,32767,3774.0,15700.0
1636.0,1211.0,10328,16444,17404,16711,16722,17416,32767,32767,32767,32767,32767,3836.0,15700.0
1673.0,1256.0,9865,16444,17404,17175,16722,17416,32767,32767,32767,32767,32767,3462.0,15700.0
1673.0,1323.0,9711,16444,16980,17639,16722,17416,32767,32767,32767,32767,32767,3587.0,15700.0
1147.0,763.0,8478,16845,16131,16711,16722,17416,32767,32767,32767,32767,32767,2651.0,15700.0
1391.0,987.0,10482,16845,17829,18568,18290,17416,32767,32767,32767,32767,32767,3805.0,15700.0
1354.0,1144.0,11253,18048,19527,19496,19335,17416,32767,32767,32767,32767,32767,3462.0,15700.0
1598.0,1054.0,11407,18449,19102,19032,17767,17416,32767,32767,32767,32767,32767,4585.0,15700.0
1617.0,1211.0,12178,18850,19951,19960,18290,17416,32767,32767,32767,32767,32767,4242.0,15700.0
1354.0,1391.0,8016,15642,15282,15318,16722,17997,32767,32767,32767,32767,32767,2308.0,15700.0
1542.0,1166.0,10328,16845,17829,16711,17767,17997,32767,32767,32767,32767,32767,3306.0,15700.0
1749.0,1234.0,10636,17246,18253,18568,18812,17997,32767,32767,32767,32767,32767,4460.0,15700.0
1448.0,1077.0,10174,17246,18253,17639,17767,17997,32767,32767,32767,32767,32767,3493.0,15700.0
1561.0,1099.0,10328,17246,17404,17175,16722,17997,32767,32767,32767,32767,32767,4866.0,15700.0
1429.0,1032.0,10944,17647,18253,19960,17767,17997,32767,32767,32767,32767,32767,3462.0,15700.0
1523.0,1234.0,10636,17647,19527,18104,19335,17997,32767,32767,32767,32767,32767,3400.0,15700.0
1974.0,2086.0,9711,18048,19102,19032,17767,17997,32767,32767,32767,32767,32767,2682.0,15700.0
1880.0,1323.0,11407,18048,18678,19032,17767,17997,32767,32767,32767,32767,32767,4554.0,15700.0
1749.0,1166.0,11715,18048,19951,19960,19857,17997,32767,32767,32767,32767,32767,4959.0,15700.0
1655.0,1077.0,12332,18850,19527,19496,18812,17997,32767,32767,32767,32767,32767,4866.0,15700.0
1824.0,1279.0,11099,18850,19102,19496,19335,17997,32767,32767,32767,32767,32767,4928.0,15700.0
1692.0,1279.0,12948,19653,20800,21353,19857,17997,32767,32767,32767,32767,32767,4710.0,15700.0
1899.0,1189.0,12948,20054,21649,19496,19335,17997,32767,32767,32767,32767,32767,5333.0,15700.0
1824.0,1458.0,7553,14840,15706,16247,16722,18577,32767,32767,32767,32767,32767,2651.0,15700.0
1805.0,1436.0,8632,16043,16980,16711,17767,18577,32767,32767,32767,32767,32767,3119.0,15700.0
1767.0,1346.0,10174,16043,18253,17639,16722,18577,32767,32767,32767,32767,32767,3899.0,15700.0
1805.0,1391.0,10328,16845,18253,18104,18812,18577,32767,32767,32767,32767,32767,3930.0,15700.0
2012.0,1548.0,10020,17246,18253,19032,19335,18577,32767,32767,32767,32767,32767,3899.0,15700.0
1485.0,1054.0,10790,17246,18253,17639,17244,18577,32767,32767,32767,32767,32767,4148.0,15700.0
1485.0,1122.0,11099,17246,19527,19496,18290,18577,32767,32767,32767,32767,32767,3680.0,15700.0
1861.0,1458.0,10328,17647,19102,19032,19857,18577,32767,32767,32767,32767,32767,3493.0,15700.0
1730.0,1391.0,10944,17647,19951,19032,19335,18577,32767,32767,32767,32767,32767,3774.0,15700.0
1617.0,1144.0,11407,18048,19951,20425,19857,18577,32767,32767,32767,32767,32767,3836.0,15700.0
1749.0,1234.0,11561,18048,20800,19496,18812,18577,32767,32767,32767,32767,32767,3961.0,15700.0
1523.0,1211.0,10944,18048,18678,19032,18812,18577,32767,32767,32767,32767,32767,3181.0,15700.0
1485.0,1099.0,8632,18449,19102,18568,19335,18577,32767,32767,32767,32767,32767,2589.0,15700.0
1448.0,987.0,10328,18449,18253,19032,18290,18577,32767,32767,32767,32767,32767,3306.0,15700.0
1429.0,1099.0,11099,18850,19102,19496,18812,18577,32767,32767,32767,32767,32767,2682.0,15700.0
1504.0,1077.0,12024,18850,19951,19032,18812,18577,32767,32767,32767,32767,32767,4211.0,15700.0
1636.0,1346.0,12024,19251,20376,20889,20380,18577,32767,32767,32767,32767,32767,3805.0,15700.0
1410.0,1032.0,12024,19251,21649,21817,21425,18577,32767,32767,32767,32767,32767,3556.0,15700.0
1241.0,920.0,8170,16845,17829,18104,18290,19158,32767,32767,32767,32767,32767,2277.0,15700.0
1523.0,1256.0,9557,17647,18253,19032,18290,19158,32767,32767,32767,32767,32767,2745.0,15700.0
1561.0,1323.0,11561,17647,19951,19496,19335,19158,32767,32767,32767,32767,32767,3961.0,15700.0
1692.0,1256.0,10790,18048,19951,20425,19335,19158,32767,32767,32767,32767,32767,3306.0,15700.0
1655.0,1211.0,11869,18850,19527,19960,19335,19158,32767,32767,32767,32767,32767,4367.0,15700.0
1636.0,1346.0,11561,18850,20376,20889,20902,19158,32767,32767,32767,32767,32767,3400.0,15700.0
1561.0,1144.0,11869,19653,20376,21817,22993,19158,32767,32767,32767,32767,32767,3992.0,15700.0
1767.0,1256.0,12178,19653,20376,20889,20380,19158,32767,32767,32767,32767,32767,4491.0,15700.0
1861.0,1301.0,12178,20455,21225,20425,20380,19158,32767,32767,32767,32767,32767,4616.0,15700.0
1711.0,1548.0,12794,20455,21649,22746,22470,19158,32767,32767,32767,32767,32767,3992.0,15700.0
1937.0,1593.0,8786,16845,19102,18568,19335,19738,32767,32767,32767,32767,32767,3400.0,15700.0
1786.0,1480.0,8632,17647,18253,18568,18812,19738,32767,32767,32767,32767,32767,2807.0,15700.0
1542.0,1234.0,11561,19251,19951,19960,19335,19738,32767,32767,32767,32767,32767,3431.0,15700.0
1692.0,1413.0,12024,19251,20800,22746,20902,19738,32767,32767,32767,32767,32767,4273.0,15700.0
1485.0,1211.0,11869,19653,21649,21817,20380,19738,32767,32767,32767,32767,32767,4304.0,15700.0
1467.0,1122.0,9095,19653,21649,18104,17244,19738,32767,32767,32767,32767,32767,2464.0,15700.0
1711.0,1301.0,11715,19653,20376,20889,19857,19738,32767,32767,32767,32767,32767,4055.0,15700.0
1523.0,1323.0,11099,20054,21225,20425,20380,19738,32767,32767,32767,32767,32767,3119.0,15700.0
2087.0,1682.0,8941,16845,17829,18104,19335,20319,32767,32767,32767,32767,32767,3213.0,15700.0
1899.0,1458.0,10790,17647,19527,19032,18812,20319,32767,32767,32767,32767,32767,3961.0,15700.0
1692.0,1301.0,10328,18048,19527,19032,19335,20319,32767,32767,32767,32767,32767,3587.0,15700.0
1711.0,1368.0,9711,18048,19951,20425,19857,20319,32767,32767,32767,32767,32767,2651.0,15700.0
1711.0,1346.0,10636,19251,19951,20889,20902,20319,32767,32767,32767,32767,32767,3119.0,15700.0
1861.0,1413.0,11715,19653,20800,21353,21425,20319,32767,32767,32767,32767,32767,4367.0,15700.0
1805.0,1660.0,12640,20455,22923,23210,21947,20319,32767,32767,32767,32767,32767,3556.0,15700.0
2012.0,1637.0,12178,20455,22498,21353,20380,20319,32767,32767,32767,32767,32767,4429.0,15700.0
1899.0,1637.0,13257,21257,23772,21817,21947,20319,32767,32767,32767,32767,32767,3836.0,15700.0
1523.0,1211.0,13411,21658,23347,22746,21425,20319,32767,32767,32767,32767,32767,3805.0,15700.0
1636.0,1234.0,12178,22861,26743,24138,22470,20319,32767,32767,32767,32767,32767,3836.0,15700.0
1786.0,1436.0,9403,16845,19102,19960,21947,20899,32767,32767,32767,32767,32767,3181.0,15700.0
2181.0,1727.0,10174,17647,19951,20425,20902,20899,32767,32767,32767,32767,32767,3836.0,15700.0
2049.0,1705.0,10328,18048,19527,20425,20380,20899,32767,32767,32767,32767,32767,3680.0,15700.0
2538.0,2153.0,8786,18048,19102,18104,19335,20899,32767,32767,32767,32767,32767,3524.0,15700.0
1937.0,1458.0,11715,18449,19951,21353,21947,20899,32767,32767,32767,32767,32767,4710.0,15700.0
1880.0,1346.0,10636,18850,18678,19960,19857,20899,32767,32767,32767,32767,32767,4211.0,15700.0
2012.0,1615.0,12486,19251,22074,22281,21425,20899,32767,32767,32767,32767,32767,4585.0,15700.0
1579.0,1323.0,12332,20856,22498,23210,21947,20899,32767,32767,32767,32767,32767,3431.0,15700.0
1786.0,1548.0,12794,21257,23347,22281,22470,20899,32767,32767,32767,32767,32767,3712.0,15700.0
1824.0,1548.0,13411,21257,23772,24138,23515,20899,32767,32767,32767,32767,32767,4647.0,15700.0
2068.0,1727.0,9711,16444,18253,19960,20902,21480,32767,32767,32767,32767,32767,3462.0,15700.0
1843.0,1480.0,9403,18048,19527,19032,20902,21480,32767,32767,32767,32767,32767,3337.0,15700.0
1542.0,1436.0,10482,20054,23347,22281,24038,21480,32767,32767,32767,32767,32767,2589.0,15700.0
1767.0,1279.0,12024,20455,22498,21353,21947,21480,32767,32767,32767,32767,32767,4959.0,15700.0
2031.0,1660.0,12024,20455,22498,20889,22470,21480,32767,32767,32767,32767,32767,3961.0,15700.0
1861.0,1458.0,13411,21658,25045,24602,24560,21480,32767,32767,32767,32767,32767,3743.0,15700.0
1410.0,1211.0,12640,21658,24621,22281,23515,21480,32767,32767,32767,32767,32767,3025.0,15700.0
1730.0,1413.0,12486,21658,22923,21817,21947,21480,32767,32767,32767,32767,32767,4990.0,15700.0
1579.0,1391.0,13257,22460,25470,24602,25605,21480,32767,32767,32767,32767,32767,3213.0,15700.0
1711.0,1323.0,13411,22460,24196,24602,23515,21480,32767,32767,32767,32767,32767,4055.0,15700.0
1692.0,1458.0,8324,19653,20800,19960,20902,22060,32767,32767,32767,32767,32767,2589.0,15700.0
1504.0,1032.0,12024,20455,23772,23210,22993,22060,32767,32767,32767,32767,32767,4429.0,15700.0
1655.0,1368.0,14027,22861,25470,24602,24038,22060,32767,32767,32767,32767,32767,3867.0,15700.0
2106.0,2445.0,14798,26471,28017,29708,28218,22060,32767,32767,32767,32767,32767,3337.0,15700.0
2219.0,1839.0,9557,18048,20376,20425,21425,22641,32767,32767,32767,32767,32767,3337.0,15700.0
1429.0,1009.0,10328,18449,19102,19496,19335,22641,32767,32767,32767,32767,32767,4055.0,15700.0
2256.0,1839.0,9249,18850,21225,20425,20902,22641,32767,32767,32767,32767,32767,3337.0,15700.0
2200.0,1794.0,9711,20054,21225,23210,23515,22641,32767,32767,32767,32767,32767,3368.0,15700.0
1579.0,1234.0,12178,22059,22498,24138,22470,22641,32767,32767,32767,32767,32767,3680.0,15700.0
1448.0,1189.0,12024,22460,24196,24602,25083,22641,32767,32767,32767,32767,32767,2963.0,15700.0
2425.0,2019.0,8478,17246,19102,20889,22470,23221,32767,32767,32767,32767,32767,3119.0,15700.0
2538.0,2108.0,9249,18449,19951,21353,22993,23221,32767,32767,32767,32767,32767,3368.0,15700.0
2125.0,1772.0,12178,22059,23347,23210,24038,23221,32767,32767,32767,32767,32767,4304.0,15700.0
1504.0,1279.0,10482,19653,20376,25531,25605,23802,32767,32767,32767,32767,32767,2495.0,15700.0
2181.0,1772.0,10328,21658,22498,23210,25605,23802,32767,32767,32767,32767,32767,3400.0,15700.0
2425.0,1996.0,12640,22059,25045,23674,24560,23802,32767,32767,32767,32767,32767,4460.0,15700.0
1673.0,1525.0,13257,22861,24621,26459,25605,23802,32767,32767,32767,32767,32767,3805.0,15700.0
2106.0,1817.0,12640,23262,25470,24602,26651,23802,32767,32767,32767,32767,32767,3649.0,15700.0
2331.0,1996.0,9557,20856,22923,23210,23515,24382,32767,32767,32767,32767,32767,3244.0,15700.0
2181.0,1839.0,13873,22861,25470,25995,26128,24382,32767,32767,32767,32767,32767,4211.0,15700.0
2350.0,1951.0,13719,23262,26319,26459,26128,24963,32767,32767,32767,32767,32767,4834.0,15700.0
1805.0,1750.0,13873,24064,27168,29244,28218,24963,32767,32767,32767,32767,32767,3088.0,15700.0
2068.0,1817.0,14027,25669,28441,25995,27696,24963,32767,32767,32767,32767,32767,4055.0,15700.0
2350.0,2041.0,14182,26070,27592,28780,29263,25543,32767,32767,32767,32767,32767,4522.0,15700.0
2501.0,2086.0,10944,22059,25470,23210,26651,26124,32767,32767,32767,32767,32767,3649.0,15700.0
2444.0,2041.0,12794,22861,25045,25531,26128,26124,32767,32767,32767,32767,32767,4522.0,15700.0
2294.0,1862.0,12948,22861,25045,27387,27696,26124,32767,32767,32767,32767,32767,4522.0,15700.0
1899.0,1660.0,14644,27273,29290,29708,30831,26124,32767,32767,32767,32767,32767,4055.0,15700.0
2031.0,1682.0,13257,24465,26319,25995,27696,26705,32767,32767,32767,32767,32767,3649.0,15700.0
2237.0,1772.0,12640,23262,25045,30173,30831,27285,32767,32767,32767,32767,32767,5240.0,15700.0
1617.0,1391.0,11407,24064,25470,28780,29263,27285,32767,32767,32767,32767,32767,2620.0,15700.0
2463.0,2086.0,11099,23262,25470,26923,29263,27866,32767,32767,32767,32767,32767,3368.0,15700.0
2820.0,2423.0,13719,26872,29715,28780,30308,27866,32767,32767,32767,32767,32767,4429.0,15700.0
1955.0,1660.0,11715,22059,23347,28316,28741,28446,32767,32767,32767,32767,32767,3680.0,15700.0
2651.0,2355.0,13873,27273,29290,30637,32399,29607,32767,32767,32767,32767,32767,4367.0,15700.0
2388.0,2221.0,16494,30883,32767,32494,32767,30188,32767,32767,32767,32767,32767,4367.0,15700.0
2632.0,2288.0,14490,27674,28866,31565,32767,30768,32767,32767,32767,32767,32767,4398.0,15700.0
2726.0,2333.0,12486,25669,28441,30173,32399,31349,32767,32767,32767,32767,32767,3992.0,15700.0
2726.0,2310.0,12640,29278,31413,32767,32767,31349,32767,32767,32767,32767,32767,3400.0,15700.0
2895.0,2557.0,13719,28877,31413,32767,32767,31929,32767,32767,32767,32767,32767,4554.0,15700.0
2031.0,1570.0,14952,29679,32767,31565,32767,31929,32767,32767,32767,32767,32767,4367.0,15700.0
989.0,681.0,4210,10143,8588,9861,9515,12920,32767,32767,32767,32767,32767,1514.0,15800.0
1103.0,726.0,5769,10954,9447,10800,11629,14094,32767,32767,32767,32767,32767,2114.0,15800.0
1236.0,840.0,5769,11766,9876,11739,10572,14094,32767,32767,32767,32767,32767,2429.0,15800.0
1141.0,794.0,5614,12577,10735,12209,11101,14681,32767,32767,32767,32767,32767,1925.0,15800.0
1198.0,817.0,7173,13389,11594,14087,12687,14681,32767,32767,32767,32767,32767,2808.0,15800.0
1236.0,794.0,6549,13794,12882,12209,12687,15269,32767,32767,32767,32767,32767,2114.0,15800.0
1141.0,749.0,5925,11766,12023,12209,11629,15856,32767,32767,32767,32767,32767,2209.0,15800.0
1274.0,885.0,7485,14200,13741,14087,14801,15856,32767,32767,32767,32767,32767,2745.0,15800.0
1350.0,953.0,9200,15011,15029,15026,14272,15856,32767,32767,32767,32767,32767,3723.0,15800.0
1807.0,1271.0,9356,15823,15888,15965,15330,15856,32767,32767,32767,32767,32767,3975.0,15800.0
1464.0,953.0,9980,16229,16747,17374,16387,15856,32767,32767,32767,32767,32767,3691.0,15800.0
1522.0,1089.0,10136,16229,17606,16435,16387,15856,32767,32767,32767,32767,32767,3944.0,15800.0
1426.0,976.0,10447,16634,17606,17374,15858,15856,32767,32767,32767,32767,32767,3912.0,15800.0
1445.0,1112.0,6237,13389,13312,13148,13215,16443,32767,32767,32767,32767,32767,2713.0,15800.0
1331.0,930.0,7952,14200,14600,13617,13744,16443,32767,32767,32767,32767,32767,3344.0,15800.0
1407.0,998.0,8732,14200,14600,14087,14801,16443,32767,32767,32767,32767,32767,3723.0,15800.0
1312.0,930.0,8420,14200,15029,13617,14801,16443,32767,32767,32767,32767,32767,3439.0,15800.0
1388.0,998.0,9200,14606,15888,14557,14801,16443,32767,32767,32767,32767,32767,3723.0,15800.0
1331.0,953.0,8732,15011,15029,14557,13744,16443,32767,32767,32767,32767,32767,3376.0,15800.0
1464.0,998.0,9824,15417,16747,15496,15858,16443,32767,32767,32767,32767,32767,3723.0,15800.0
1388.0,953.0,9824,15417,15888,15965,15330,16443,32767,32767,32767,32767,32767,3691.0,15800.0
1407.0,953.0,8888,15417,15029,15026,15330,16443,32767,32767,32767,32767,32767,3439.0,15800.0
1483.0,998.0,10136,15823,16317,15496,15330,16443,32767,32767,32767,32767,32767,4322.0,15800.0
1407.0,998.0,9824,16229,16317,15496,15330,16443,32767,32767,32767,32767,32767,3471.0,15800.0
1502.0,976.0,9980,16229,16747,16435,15330,16443,32767,32767,32767,32767,32767,3754.0,15800.0
1445.0,1066.0,7173,13794,13312,14087,13744,17030,32767,32767,32767,32767,32767,2713.0,15800.0
1388.0,953.0,6861,13794,12882,14087,14272,17030,32767,32767,32767,32767,32767,2240.0,15800.0
1369.0,998.0,8732,14200,14170,13617,14801,17030,32767,32767,32767,32767,32767,3439.0,15800.0
1388.0,998.0,8576,14606,15459,14087,14801,17030,32767,32767,32767,32767,32767,3344.0,15800.0
1407.0,1021.0,9200,14606,15459,14087,15858,17030,32767,32767,32767,32767,32767,3912.0,15800.0
1369.0,1066.0,8576,14606,15459,15026,15330,17030,32767,32767,32767,32767,32767,3407.0,15800.0
1426.0,953.0,9044,14606,15459,15026,14801,17030,32767,32767,32767,32767,32767,3881.0,15800.0
1388.0,908.0,10291,15417,16747,15965,15858,17030,32767,32767,32767,32767,32767,4512.0,15800.0
1426.0,998.0,9356,15417,15459,15496,14801,17030,32767,32767,32767,32767,32767,3881.0,15800.0
1407.0,976.0,9200,15417,15459,14557,13744,17030,32767,32767,32767,32767,32767,3502.0,15800.0
1407.0,976.0,9512,15417,15029,15965,14801,17030,32767,32767,32767,32767,32767,3849.0,15800.0
1426.0,953.0,10136,15823,16747,16435,15330,17030,32767,32767,32767,32767,32767,4228.0,15800.0
1426.0,998.0,10136,15823,17176,15496,15858,17030,32767,32767,32767,32767,32767,4165.0,15800.0
1426.0,998.0,9980,16229,17176,16904,16387,17030,32767,32767,32767,32767,32767,3534.0,15800.0
1464.0,1021.0,10447,16229,17606,16904,16387,17030,32767,32767,32767,32767,32767,4007.0,15800.0
1407.0,908.0,10447,16229,16747,15965,16387,17030,32767,32767,32767,32767,32767,3849.0,15800.0
1598.0,1066.0,9980,16229,16317,15496,15330,17030,32767,32767,32767,32767,32767,4196.0,15800.0
1464.0,1021.0,9668,16229,17176,16904,16387,17030,32767,32767,32767,32767,32767,3691.0,15800.0
1560.0,1089.0,10291,16634,17606,18313,16915,17030,32767,32767,32767,32767,32767,3660.0,15800.0
1598.0,1089.0,10759,17040,17176,17374,16387,17030,32767,32767,32767,32767,32767,4449.0,15800.0
1464.0,1089.0,10291,17040,18464,17374,17973,17030,32767,32767,32767,32767,32767,3281.0,15800.0
1693.0,1180.0,10759,17040,17606,17843,16387,17030,32767,32767,32767,32767,32767,3975.0,15800.0
1940.0,1361.0,10447,17851,18894,18783,16915,17030,32767,32767,32767,32767,32767,4638.0,15800.0
1502.0,1112.0,11539,18663,20182,20661,16915,17030,32767,32767,32767,32767,32767,3818.0,15800.0
1274.0,953.0,7797,14200,14170,15965,16387,17618,32767,32767,32767,32767,32767,1956.0,15800.0
1502.0,1180.0,8576,14200,14170,15026,14801,17618,32767,32767,32767,32767,32767,3534.0,15800.0
1464.0,1112.0,9512,15417,15888,15026,15330,17618,32767,32767,32767,32767,32767,3597.0,15800.0
1522.0,1157.0,9044,15417,14600,16435,15330,17618,32767,32767,32767,32767,32767,3123.0,15800.0
1522.0,1225.0,10136,15417,16317,16435,16387,17618,32767,32767,32767,32767,32767,3786.0,15800.0
1407.0,1044.0,10291,15823,17176,16435,15858,17618,32767,32767,32767,32767,32767,3881.0,15800.0
1426.0,976.0,9356,15823,15888,15026,14801,17618,32767,32767,32767,32767,32767,4102.0,15800.0
1255.0,930.0,8888,16229,17606,16904,16915,17618,32767,32767,32767,32767,32767,2366.0,15800.0
1464.0,1089.0,9824,16229,16747,15965,16387,17618,32767,32767,32767,32767,32767,3502.0,15800.0
1502.0,1066.0,10136,16634,16747,17374,15858,17618,32767,32767,32767,32767,32767,4638.0,15800.0
1636.0,1271.0,10603,16634,18035,17374,16915,17618,32767,32767,32767,32767,32767,4165.0,15800.0
1464.0,1021.0,10915,17040,17606,17374,16915,17618,32767,32767,32767,32767,32767,4512.0,15800.0
1807.0,1225.0,10291,17040,17606,16904,16387,17618,32767,32767,32767,32767,32767,4196.0,15800.0
1464.0,1044.0,10915,17040,18035,17374,16915,17618,32767,32767,32767,32767,32767,3754.0,15800.0
1560.0,1089.0,11227,17446,18464,17374,17444,17618,32767,32767,32767,32767,32767,4512.0,15800.0
1826.0,1339.0,11539,18257,19323,18783,18501,17618,32767,32767,32767,32767,32767,4259.0,15800.0
1636.0,1135.0,11539,19069,19323,18783,17973,17618,32767,32767,32767,32767,32767,4165.0,15800.0
1312.0,908.0,6393,13794,12453,13148,12687,18205,32767,32767,32767,32767,32767,2335.0,15800.0
1407.0,1089.0,8888,15011,14600,15965,14801,18205,32767,32767,32767,32767,32767,2619.0,15800.0
1522.0,1180.0,9044,15823,16317,15965,16387,18205,32767,32767,32767,32767,32767,3407.0,15800.0
1464.0,1044.0,9668,15823,15888,16435,16387,18205,32767,32767,32767,32767,32767,4007.0,15800.0
1464.0,1044.0,9668,15823,17176,16904,15330,18205,32767,32767,32767,32767,32767,3534.0,15800.0
1388.0,976.0,9824,16229,16747,16435,17444,18205,32767,32767,32767,32767,32767,3975.0,15800.0
1502.0,1021.0,9980,16229,17176,16904,16915,18205,32767,32767,32767,32767,32767,3818.0,15800.0
1693.0,1271.0,9200,16229,17176,16435,19558,18205,32767,32767,32767,32767,32767,4322.0,15800.0
1617.0,1203.0,9824,16634,16317,16435,16915,18205,32767,32767,32767,32767,32767,4196.0,15800.0
1483.0,1248.0,9356,16634,17606,16904,17973,18205,32767,32767,32767,32767,32767,2966.0,15800.0
1369.0,1248.0,8420,16634,18035,15496,16915,18205,32767,32767,32767,32767,32767,2303.0,15800.0
1445.0,976.0,10136,17040,17606,16435,17444,18205,32767,32767,32767,32767,32767,3723.0,15800.0
1502.0,1089.0,10915,17446,18894,17843,18501,18205,32767,32767,32767,32767,32767,3786.0,15800.0
1750.0,1429.0,10603,18257,18464,19722,18501,18205,32767,32767,32767,32767,32767,3250.0,15800.0
1731.0,1407.0,10759,18663,19323,19722,19030,18205,32767,32767,32767,32767,32767,3281.0,15800.0
1902.0,1475.0,12319,19069,20612,19722,20087,18205,32767,32767,32767,32767,32767,4228.0,15800.0
1502.0,1180.0,7797,15417,15888,16435,16915,18792,32767,32767,32767,32767,32767,2303.0,15800.0
1464.0,1044.0,10136,16229,17606,17374,17444,18792,32767,32767,32767,32767,32767,3818.0,15800.0
1522.0,1203.0,10136,16229,16747,16435,16387,18792,32767,32767,32767,32767,32767,4038.0,15800.0
1388.0,998.0,10136,16229,17176,15965,16387,18792,32767,32767,32767,32767,32767,4133.0,15800.0
1445.0,1066.0,9980,16229,17176,16904,17973,18792,32767,32767,32767,32767,32767,3597.0,15800.0
1388.0,998.0,9356,16634,17176,16435,16915,18792,32767,32767,32767,32767,32767,3313.0,15800.0
1502.0,1135.0,10447,16634,18035,15965,16915,18792,32767,32767,32767,32767,32767,4259.0,15800.0
1445.0,1066.0,9824,16634,16747,16435,16387,18792,32767,32767,32767,32767,32767,3628.0,15800.0
1464.0,1157.0,10136,17040,18035,17374,16915,18792,32767,32767,32767,32767,32767,3597.0,15800.0
1560.0,1157.0,9980,17040,17606,16904,17444,18792,32767,32767,32767,32767,32767,3754.0,15800.0
1731.0,1248.0,11227,17851,18894,18783,17444,18792,32767,32767,32767,32767,32767,4354.0,15800.0
1483.0,1112.0,9512,17851,18464,16904,17444,18792,32767,32767,32767,32767,32767,3092.0,15800.0
1826.0,1271.0,11539,18257,19323,19252,19558,18792,32767,32767,32767,32767,32767,4922.0,15800.0
1598.0,1225.0,12007,19069,20182,20191,19558,18792,32767,32767,32767,32767,32767,4228.0,15800.0
1579.0,1339.0,9044,15823,17176,17374,16915,19379,32767,32767,32767,32767,32767,3155.0,15800.0
1483.0,1135.0,8732,15823,16317,15496,15858,19379,32767,32767,32767,32767,32767,3281.0,15800.0
1541.0,1203.0,9824,16634,17176,17374,18501,19379,32767,32767,32767,32767,32767,3313.0,15800.0
1560.0,1361.0,11539,17040,18894,19252,19030,19379,32767,32767,32767,32767,32767,4038.0,15800.0
1712.0,1407.0,10136,17040,18035,17843,18501,19379,32767,32767,32767,32767,32767,3723.0,15800.0
1483.0,1066.0,10603,17040,17606,17843,17444,19379,32767,32767,32767,32767,32767,3849.0,15800.0
1617.0,1089.0,11071,17446,18035,18783,17973,19379,32767,32767,32767,32767,32767,4196.0,15800.0
1541.0,1135.0,11383,17446,19323,19252,19030,19379,32767,32767,32767,32767,32767,4228.0,15800.0
1560.0,1135.0,11227,17851,18894,19252,19558,19379,32767,32767,32767,32767,32767,4070.0,15800.0
1617.0,1271.0,11071,17851,19323,19722,19030,19379,32767,32767,32767,32767,32767,4070.0,15800.0
1617.0,1248.0,11071,18663,18894,19722,19030,19379,32767,32767,32767,32767,32767,3912.0,15800.0
1750.0,1157.0,12630,19880,21470,21130,21144,19379,32767,32767,32767,32767,32767,4733.0,15800.0
2073.0,1588.0,12007,20286,21470,20661,20616,19379,32767,32767,32767,32767,32767,4228.0,15800.0
1712.0,1339.0,12475,22720,23188,23948,22730,19379,32767,32767,32767,32767,32767,3786.0,15800.0
1541.0,1089.0,9200,16229,16747,18783,19030,19967,32767,32767,32767,32767,32767,2840.0,15800.0
1369.0,1021.0,9668,17040,17176,17374,16915,19967,32767,32767,32767,32767,32767,3155.0,15800.0
1369.0,1089.0,9980,17040,18464,18313,17444,19967,32767,32767,32767,32767,32767,2934.0,15800.0
1445.0,1089.0,10603,17040,18464,19722,19030,19967,32767,32767,32767,32767,32767,3912.0,15800.0
1693.0,1384.0,10759,17446,18894,18783,17973,19967,32767,32767,32767,32767,32767,4102.0,15800.0
1579.0,1135.0,11539,17446,19753,20191,19030,19967,32767,32767,32767,32767,32767,4764.0,15800.0
1464.0,1225.0,10759,17446,17606,17843,19030,19967,32767,32767,32767,32767,32767,3723.0,15800.0
1636.0,1180.0,11071,17446,18464,19252,18501,19967,32767,32767,32767,32767,32767,4449.0,15800.0
1464.0,1044.0,11227,17446,18464,16904,17973,19967,32767,32767,32767,32767,32767,4417.0,15800.0
1579.0,1271.0,10759,17851,19323,18313,18501,19967,32767,32767,32767,32767,32767,4038.0,15800.0
1636.0,1180.0,10759,17851,18894,19252,19558,19967,32767,32767,32767,32767,32767,3881.0,15800.0
1598.0,1225.0,10915,17851,18464,17843,17973,19967,32767,32767,32767,32767,32767,4543.0,15800.0
1655.0,1339.0,11227,18257,19323,19722,19558,19967,32767,32767,32767,32767,32767,3881.0,15800.0
1579.0,1339.0,11695,18257,19323,18783,18501,19967,32767,32767,32767,32767,32767,4133.0,15800.0
1655.0,1225.0,10915,18257,19753,19252,19030,19967,32767,32767,32767,32767,32767,4007.0,15800.0
1598.0,1248.0,11227,18257,18894,19252,18501,19967,32767,32767,32767,32767,32767,4165.0,15800.0
1502.0,1157.0,10915,18257,18464,18783,19558,19967,32767,32767,32767,32767,32767,3975.0,15800.0
1407.0,998.0,10603,18257,18464,18313,19030,19967,32767,32767,32767,32767,32767,3881.0,15800.0
1560.0,1225.0,11383,18663,19753,19252,19030,19967,32767,32767,32767,32767,32767,3975.0,15800.0
1636.0,1339.0,12163,19069,21041,20191,19558,19967,32767,32767,32767,32767,32767,4417.0,15800.0
1541.0,1157.0,10915,19069,19323,19252,20087,19967,32767,32767,32767,32767,32767,3723.0,15800.0
1769.0,1384.0,11695,19069,20182,19722,19030,19967,32767,32767,32767,32767,32767,4480.0,15800.0
2016.0,1634.0,11071,19474,20182,20191,21144,19967,32767,32767,32767,32767,32767,3818.0,15800.0
1959.0,1452.0,12630,19880,21470,21600,21144,19967,32767,32767,32767,32767,32767,4291.0,15800.0
1788.0,1384.0,12475,20691,21900,21600,21144,19967,32767,32767,32767,32767,32767,3849.0,15800.0
2206.0,1611.0,14034,21097,23188,21130,19558,19967,32767,32767,32767,32767,32767,5364.0,15800.0
1369.0,930.0,9824,17040,16317,20191,21144,20554,32767,32767,32767,32767,32767,3471.0,15800.0
1769.0,1475.0,11539,18663,20612,20191,20616,20554,32767,32767,32767,32767,32767,3944.0,15800.0
1731.0,1361.0,10759,18663,19753,19252,20616,20554,32767,32767,32767,32767,32767,4291.0,15800.0
1769.0,1384.0,12475,19474,20612,20661,20616,20554,32767,32767,32767,32767,32767,4512.0,15800.0
1674.0,1316.0,12007,19474,21041,19252,19558,20554,32767,32767,32767,32767,32767,4102.0,15800.0
1731.0,1225.0,11539,19474,20612,20661,20616,20554,32767,32767,32767,32767,32767,4701.0,15800.0
1617.0,1225.0,11851,19474,20612,19722,20616,20554,32767,32767,32767,32767,32767,4259.0,15800.0
1864.0,1384.0,11383,19474,21041,21130,21144,20554,32767,32767,32767,32767,32767,4102.0,15800.0
1617.0,1225.0,12319,20691,21900,22070,21144,20554,32767,32767,32767,32767,32767,3628.0,15800.0
1541.0,1452.0,7797,16229,15888,17374,20087,21141,32767,32767,32767,32767,32767,2114.0,15800.0
1807.0,1566.0,10915,19069,20612,19722,20616,21141,32767,32767,32767,32767,32767,4228.0,15800.0
1693.0,1452.0,12007,19069,19753,20191,20087,21141,32767,32767,32767,32767,32767,4165.0,15800.0
1617.0,1248.0,12163,19069,21041,20661,20087,21141,32767,32767,32767,32767,32767,3944.0,15800.0
1579.0,1180.0,11539,19069,20182,19722,19558,21141,32767,32767,32767,32767,32767,4070.0,15800.0
1483.0,1135.0,11227,19069,20182,21130,21673,21141,32767,32767,32767,32767,32767,3912.0,15800.0
1464.0,1089.0,11383,19069,20182,18783,20087,21141,32767,32767,32767,32767,32767,4102.0,15800.0
1750.0,1361.0,12475,20286,21470,22070,22201,21141,32767,32767,32767,32767,32767,4512.0,15800.0
1959.0,1724.0,12163,20286,20612,22070,22201,21141,32767,32767,32767,32767,32767,4733.0,15800.0
1997.0,1702.0,12319,20691,21900,20661,21144,21141,32767,32767,32767,32767,32767,4291.0,15800.0
1921.0,1611.0,8264,17040,18894,15496,17444,21728,32767,32767,32767,32767,32767,3029.0,15800.0
1445.0,1203.0,9512,17851,18464,18313,20087,21728,32767,32767,32767,32767,32767,2840.0,15800.0
1617.0,1225.0,10603,18257,19753,18313,19558,21728,32767,32767,32767,32767,32767,4070.0,15800.0
1636.0,1180.0,10915,18663,18894,19252,18501,21728,32767,32767,32767,32767,32767,4259.0,15800.0
1674.0,1475.0,11227,20691,21041,21600,23259,21728,32767,32767,32767,32767,32767,3786.0,15800.0
1731.0,1452.0,12630,20691,21470,21600,22201,21728,32767,32767,32767,32767,32767,4354.0,15800.0
1902.0,1543.0,10759,18257,19323,19252,19030,22316,32767,32767,32767,32767,32767,4385.0,15800.0
1617.0,1361.0,10447,18663,21041,19252,20616,22316,32767,32767,32767,32767,32767,3092.0,15800.0
1788.0,1384.0,10915,18663,19753,18313,20087,22316,32767,32767,32767,32767,32767,4165.0,15800.0
1617.0,1339.0,11383,19069,20612,20661,20616,22316,32767,32767,32767,32767,32767,3187.0,15800.0
1750.0,1361.0,12319,19474,21041,21600,21144,22316,32767,32767,32767,32767,32767,4322.0,15800.0
1617.0,1475.0,11227,19474,20612,20661,20616,22316,32767,32767,32767,32767,32767,3912.0,15800.0
2092.0,1724.0,11071,19474,21041,19252,20616,22316,32767,32767,32767,32767,32767,4070.0,15800.0
2149.0,1883.0,12475,19880,21470,21130,22201,22316,32767,32767,32767,32767,32767,3849.0,15800.0
1731.0,1475.0,12786,20286,20612,22539,23787,22316,32767,32767,32767,32767,32767,4606.0,15800.0
1655.0,1384.0,12475,20691,22759,23478,23259,22316,32767,32767,32767,32767,32767,4102.0,15800.0
1788.0,1566.0,13254,21097,23617,23948,23259,22316,32767,32767,32767,32767,32767,4228.0,15800.0
2054.0,2019.0,12475,21097,22759,22070,22730,22316,32767,32767,32767,32767,32767,4102.0,15800.0
2073.0,1883.0,12475,21097,21470,22070,22201,22316,32767,32767,32767,32767,32767,4007.0,15800.0
1674.0,1429.0,11695,19880,21900,22070,24316,22903,32767,32767,32767,32767,32767,3597.0,15800.0
1731.0,1316.0,12319,20286,21900,22539,22730,22903,32767,32767,32767,32767,32767,4543.0,15800.0
1864.0,1929.0,11227,21097,21470,22070,22730,22903,32767,32767,32767,32767,32767,3660.0,15800.0
1883.0,1656.0,13410,21503,23188,23948,24316,22903,32767,32767,32767,32767,32767,3944.0,15800.0
1788.0,1452.0,12786,21503,22329,23948,23259,22903,32767,32767,32767,32767,32767,4196.0,15800.0
1883.0,1611.0,13566,23126,24476,24887,25373,23490,32767,32767,32767,32767,32767,4070.0,15800.0
1655.0,1407.0,12475,20691,22329,22539,22201,24077,32767,32767,32767,32767,32767,3660.0,15800.0
1693.0,1475.0,10915,21097,22329,22539,22201,24077,32767,32767,32767,32767,32767,2903.0,15800.0
1617.0,1339.0,12786,22314,23617,23948,24316,24077,32767,32767,32767,32767,32767,3818.0,15800.0
1598.0,1339.0,9824,19069,20182,20191,21673,24665,32767,32767,32767,32767,32767,2650.0,15800.0
1959.0,1520.0,11071,19069,20182,21600,23259,24665,32767,32767,32767,32767,32767,4480.0,15800.0
1541.0,1157.0,8420,19069,17176,21600,23259,24665,32767,32767,32767,32767,32767,2840.0,15800.0
1560.0,1225.0,8576,19069,18035,22539,23259,24665,32767,32767,32767,32767,32767,2524.0,15800.0
2263.0,2065.0,12319,21503,22329,23478,25373,24665,32767,32767,32767,32767,32767,4196.0,15800.0
1978.0,1951.0,12007,21503,22759,22539,23259,24665,32767,32767,32767,32767,32767,3029.0,15800.0
1997.0,1997.0,13098,21503,23617,24887,24844,24665,32767,32767,32767,32767,32767,4165.0,15800.0
1921.0,1656.0,14190,21909,23617,25356,25902,24665,32767,32767,32767,32767,32767,4385.0,15800.0
2549.0,2224.0,12007,21909,25335,20191,22730,24665,32767,32767,32767,32767,32767,4827.0,15800.0
1712.0,1248.0,12942,22720,25335,24887,25902,24665,32767,32767,32767,32767,32767,3881.0,15800.0
2035.0,1997.0,12942,22720,24476,24417,26430,24665,32767,32767,32767,32767,32767,4354.0,15800.0
1598.0,1203.0,12786,23126,24476,23948,24844,24665,32767,32767,32767,32767,32767,4543.0,15800.0
1712.0,1407.0,9200,18663,19323,20191,20616,25252,32767,32767,32767,32767,32767,3029.0,15800.0
2187.0,1883.0,10136,20286,21900,21600,22730,25839,32767,32767,32767,32767,32767,3281.0,15800.0
2434.0,2156.0,9512,20286,20612,22070,25373,25839,32767,32767,32767,32767,32767,3376.0,15800.0
2948.0,2587.0,9512,21097,24047,19722,21144,25839,32767,32767,32767,32767,32767,3660.0,15800.0
1883.0,1429.0,12163,21909,23188,24417,24844,25839,32767,32767,32767,32767,32767,4354.0,15800.0
1959.0,1452.0,13566,23531,24476,24417,25373,25839,32767,32767,32767,32767,32767,4985.0,15800.0
2834.0,2451.0,8888,19474,20612,22539,24844,26426,32767,32767,32767,32767,32767,3565.0,15800.0
2149.0,1747.0,10447,19474,19753,21600,24844,26426,32767,32767,32767,32767,32767,3628.0,15800.0
1674.0,1293.0,11071,19880,21041,22070,24316,26426,32767,32767,32767,32767,32767,3849.0,15800.0
1921.0,1520.0,12319,22314,24476,24887,25902,26426,32767,32767,32767,32767,32767,4102.0,15800.0
2149.0,2087.0,14969,25560,28341,28174,28545,26426,32767,32767,32767,32767,32767,4606.0,15800.0
2415.0,1974.0,13410,22314,25335,24417,26959,27014,32767,32767,32767,32767,32767,4796.0,15800.0
1655.0,1271.0,11539,21503,21041,27235,28545,27601,32767,32767,32767,32767,32767,3471.0,15800.0
2891.0,2519.0,10759,21909,22329,24417,28016,27601,32767,32767,32767,32767,32767,4070.0,15800.0
1712.0,1384.0,11071,22314,23617,23948,25373,27601,32767,32767,32767,32767,32767,2966.0,15800.0
1769.0,1679.0,14190,23937,27053,28643,30130,27601,32767,32767,32767,32767,32767,3628.0,15800.0
1826.0,1724.0,12942,24343,25764,24887,26959,27601,32767,32767,32767,32767,32767,3029.0,15800.0
2016.0,1747.0,12475,24748,27482,25826,28545,27601,32767,32767,32767,32767,32767,3187.0,15800.0
2701.0,2451.0,9824,20286,22759,22070,24844,28188,32767,32767,32767,32767,32767,3628.0,15800.0
2054.0,1838.0,11851,23937,25764,26765,28016,28188,32767,32767,32767,32767,32767,2997.0,15800.0
1712.0,1770.0,14502,25966,27482,29583,32245,28188,32767,32767,32767,32767,32767,3723.0,15800.0
2206.0,1929.0,9824,21097,22759,24417,25902,28775,32767,32767,32767,32767,32767,2745.0,15800.0
2016.0,1951.0,13410,23126,25764,27235,28016,28775,32767,32767,32767,32767,32767,4638.0,15800.0
2168.0,1974.0,13410,24343,25764,27235,29602,28775,32767,32767,32767,32767,32767,4417.0,15800.0
2244.0,1679.0,13722,24343,25764,27704,29073,28775,32767,32767,32767,32767,32767,5143.0,15800.0
2263.0,1951.0,12163,23937,25335,25356,28545,29363,32767,32767,32767,32767,32767,4259.0,15800.0
2472.0,2314.0,13254,23937,25335,27704,30130,29363,32767,32767,32767,32767,32767,4638.0,15800.0
2206.0,2133.0,14034,25154,27053,28643,30659,29363,32767,32767,32767,32767,32767,4512.0,15800.0
2549.0,2405.0,16529,26777,30058,30991,32245,29363,32767,32767,32767,32767,32767,5111.0,15800.0
2130.0,1747.0,11227,21503,23188,24417,28545,29950,32767,32767,32767,32767,32767,4070.0,15800.0
1541.0,1112.0,14658,27183,27911,28643,32767,29950,32767,32767,32767,32767,32767,3754.0,15800.0
1902.0,1702.0,15281,27994,28770,32400,32767,29950,32767,32767,32767,32767,32767,3723.0,15800.0
2777.0,2473.0,12163,25154,25764,25356,28016,31712,32767,32767,32767,32767,32767,4007.0,15800.0
2111.0,1883.0,16373,28806,32767,32767,32767,31712,32767,32767,32767,32767,32767,4575.0,15800.0
2530.0,2178.0,11539,23937,27053,26296,30659,32767,32767,32767,32767,32767,32767,3912.0,15800.0
2739.0,2451.0,12319,23937,26623,30052,32245,32767,32767,32767,32767,32767,32767,4512.0,15800.0
2834.0,2519.0,11227,23937,27482,28174,32767,32767,32767,32767,32767,32767,32767,4133.0,15800.0
2625.0,2246.0,11539,24343,25335,29583,32767,32767,32767,32767,32767,32767,32767,3660.0,15800.0
2225.0,1883.0,12942,24343,28341,30522,32767,32767,32767,32767,32767,32767,32767,3502.0,15800.0
2301.0,1929.0,12319,24748,25764,30052,32767,32767,32767,32767,32767,32767,32767,4259.0,15800.0
2530.0,2224.0,11851,25154,27053,27235,31716,32767,32767,32767,32767,32767,32767,4165.0,15800.0
2739.0,2451.0,11695,25560,29200,30522,32767,32767,32767,32767,32767,32767,32767,3660.0,15800.0
2929.0,2677.0,12163,25966,28770,29583,32767,32767,32767,32767,32767,32767,32767,3975.0,15800.0
2834.0,2519.0,13566,26777,30917,31930,32767,32767,32767,32767,32767,32767,32767,4196.0,15800.0
2491.0,2178.0,12942,27183,30488,27235,31188,32767,32767,32767,32767,32767,32767,4385.0,15800.0
2701.0,2360.0,14813,28806,31776,32767,32767,32767,32767,32767,32767,32767,32767,4291.0,15800.0
2834.0,2496.0,14190,29617,32767,31930,32767,32767,32767,32767,32767,32767,32767,4669.0,15800.0
1538.0,1245.0,9305,15229,16532,16270,16281,16957,32767,32767,32767,32767,32767,3857.0,16200.0
1593.0,1179.0,10056,15620,16119,16270,15772,16957,32767,32767,32767,32767,32767,4160.0,16200.0
1666.0,1267.0,9905,16010,16945,17626,16281,17522,32767,32767,32767,32767,32767,3917.0,16200.0
1702.0,1288.0,9905,16791,17359,16270,16790,17522,32767,32767,32767,32767,32767,3765.0,16200.0
1574.0,1179.0,10656,17182,17772,18078,16790,17522,32767,32767,32767,32767,32767,4494.0,16200.0
1739.0,1376.0,9155,15620,16945,16722,16790,18087,32767,32767,32767,32767,32767,3553.0,16200.0
1684.0,1288.0,10056,16010,16945,17174,16281,18087,32767,32767,32767,32767,32767,4130.0,16200.0
1684.0,1332.0,9905,16401,16945,17626,16790,18087,32767,32767,32767,32767,32767,3765.0,16200.0
1629.0,1245.0,9455,16401,17359,16722,16281,18087,32767,32767,32767,32767,32767,3492.0,16200.0
1757.0,1376.0,9755,16401,17359,17626,16790,18087,32767,32767,32767,32767,32767,3857.0,16200.0
1702.0,1332.0,9755,17182,17772,18078,17298,18087,32767,32767,32767,32767,32767,3401.0,16200.0
1647.0,1267.0,10056,17182,17772,18982,18316,18087,32767,32767,32767,32767,32767,3765.0,16200.0
1611.0,1267.0,10206,17182,17772,18078,17298,18087,32767,32767,32767,32767,32767,3735.0,16200.0
1593.0,1245.0,8104,14448,14465,16270,15263,18652,32767,32767,32767,32767,32767,3401.0,16200.0
1629.0,1288.0,9905,16010,17359,17174,16281,18652,32767,32767,32767,32767,32767,3978.0,16200.0
1629.0,1310.0,9305,16010,16532,17626,17298,18652,32767,32767,32767,32767,32767,4008.0,16200.0
1739.0,1354.0,10206,16791,17772,17174,16790,18652,32767,32767,32767,32767,32767,3796.0,16200.0
1666.0,1310.0,9905,16791,17359,17626,17807,18652,32767,32767,32767,32767,32767,3796.0,16200.0
1794.0,1507.0,10506,17963,19425,19434,19333,18652,32767,32767,32767,32767,32767,3523.0,16200.0
1702.0,1354.0,10206,17963,18185,19434,18316,18652,32767,32767,32767,32767,32767,3735.0,16200.0
1446.0,1136.0,7204,14839,14879,14914,15263,19218,32767,32767,32767,32767,32767,2490.0,16200.0
1611.0,1245.0,8855,15620,16945,16722,16281,19218,32767,32767,32767,32767,32767,3705.0,16200.0
1684.0,1288.0,8555,15620,15705,17174,16790,19218,32767,32767,32767,32767,32767,3219.0,16200.0
1684.0,1310.0,9005,16010,16945,17174,16790,19218,32767,32767,32767,32767,32767,3674.0,16200.0
1739.0,1420.0,9005,16401,16945,17174,17298,19218,32767,32767,32767,32767,32767,3371.0,16200.0
1739.0,1354.0,9905,16791,18598,19434,18825,19218,32767,32767,32767,32767,32767,3431.0,16200.0
1904.0,1551.0,9905,16791,17772,18530,17807,19218,32767,32767,32767,32767,32767,3887.0,16200.0
1611.0,1267.0,10356,16791,18185,18530,17298,19218,32767,32767,32767,32767,32767,3948.0,16200.0
1629.0,1332.0,8104,16791,16532,17626,17807,19218,32767,32767,32767,32767,32767,2551.0,16200.0
1647.0,1310.0,9605,17182,18598,18982,18316,19218,32767,32767,32767,32767,32767,3553.0,16200.0
1831.0,1441.0,10056,17182,17359,17174,17298,19218,32767,32767,32767,32767,32767,3705.0,16200.0
1757.0,1354.0,10656,17572,19012,18530,18316,19218,32767,32767,32767,32767,32767,3826.0,16200.0
1574.0,1223.0,10356,17572,19012,18982,18825,19218,32767,32767,32767,32767,32767,3249.0,16200.0
1739.0,1332.0,9455,17572,17772,17626,17298,19218,32767,32767,32767,32767,32767,3614.0,16200.0
1611.0,1354.0,10206,18353,19012,19434,18316,19218,32767,32767,32767,32767,32767,3280.0,16200.0
1647.0,1223.0,8705,14839,16119,15818,16281,19783,32767,32767,32767,32767,32767,3765.0,16200.0
1739.0,1376.0,8705,16010,15705,16722,16790,19783,32767,32767,32767,32767,32767,3553.0,16200.0
1647.0,1354.0,9755,16401,18598,19434,18825,19783,32767,32767,32767,32767,32767,3614.0,16200.0
1647.0,1267.0,9155,16401,16532,17174,17298,19783,32767,32767,32767,32767,32767,3674.0,16200.0
1501.0,1179.0,7804,16401,15705,18078,17807,19783,32767,32767,32767,32767,32767,2581.0,16200.0
1794.0,1441.0,9605,16791,18598,18530,18316,19783,32767,32767,32767,32767,32767,3401.0,16200.0
1739.0,1332.0,9155,16791,17359,17626,17807,19783,32767,32767,32767,32767,32767,3674.0,16200.0
1794.0,1420.0,9455,16791,17359,17626,18316,19783,32767,32767,32767,32767,32767,3705.0,16200.0
1757.0,1376.0,9605,16791,18185,18530,18316,19783,32767,32767,32767,32767,32767,3492.0,16200.0
1666.0,1354.0,9755,17182,18185,18078,17298,19783,32767,32767,32767,32767,32767,3553.0,16200.0
1831.0,1463.0,9605,17182,17772,18530,18825,19783,32767,32767,32767,32767,32767,3462.0,16200.0
1629.0,1310.0,9905,17572,18598,18530,18316,19783,32767,32767,32767,32767,32767,3219.0,16200.0
1684.0,1332.0,9755,17572,19012,18530,18316,19783,32767,32767,32767,32767,32767,3067.0,16200.0
1721.0,1376.0,10206,17572,17772,18078,18316,19783,32767,32767,32767,32767,32767,3553.0,16200.0
1666.0,1354.0,10806,19525,20665,20790,19842,19783,32767,32767,32767,32767,32767,3462.0,16200.0
1831.0,1420.0,9005,15620,17772,18078,17807,20348,32767,32767,32767,32767,32767,3735.0,16200.0
1812.0,1441.0,8855,16791,16532,17174,17298,20348,32767,32767,32767,32767,32767,3765.0,16200.0
1831.0,1441.0,10356,16791,18598,18530,18825,20348,32767,32767,32767,32767,32767,3978.0,16200.0
1831.0,1463.0,9605,16791,17772,17626,18316,20348,32767,32767,32767,32767,32767,3583.0,16200.0
1757.0,1354.0,9905,17572,19012,18530,18316,20348,32767,32767,32767,32767,32767,3431.0,16200.0
1684.0,1332.0,9755,17572,17772,18530,18316,20348,32767,32767,32767,32767,32767,3280.0,16200.0
1702.0,1310.0,9755,17963,19425,18530,18825,20348,32767,32767,32767,32767,32767,2976.0,16200.0
1666.0,1354.0,10956,18744,19425,20338,19333,20348,32767,32767,32767,32767,32767,3917.0,16200.0
1666.0,1398.0,10206,18744,19012,18982,18825,20348,32767,32767,32767,32767,32767,3097.0,16200.0
1666.0,1267.0,10206,18744,19425,20338,18825,20348,32767,32767,32767,32767,32767,4312.0,16200.0
1684.0,1310.0,9755,19134,19838,20338,19842,20348,32767,32767,32767,32767,32767,3523.0,16200.0
1885.0,1507.0,11706,19134,21078,21694,19842,20348,32767,32767,32767,32767,32767,4282.0,16200.0
1794.0,1398.0,10056,19134,19425,18982,20351,20348,32767,32767,32767,32767,32767,4373.0,16200.0
1831.0,1441.0,10056,17182,19425,19886,19842,20913,32767,32767,32767,32767,32767,3705.0,16200.0
1849.0,1485.0,10056,17963,19425,19434,18825,20913,32767,32767,32767,32767,32767,3340.0,16200.0
1812.0,1420.0,10206,18353,19425,20790,19333,20913,32767,32767,32767,32767,32767,3614.0,16200.0
1702.0,1441.0,10956,18353,19425,20790,18825,20913,32767,32767,32767,32767,32767,3826.0,16200.0
1812.0,1551.0,10656,18744,20665,20790,20351,20913,32767,32767,32767,32767,32767,3097.0,16200.0
1995.0,1725.0,10806,18744,20665,20790,20860,20913,32767,32767,32767,32767,32767,3462.0,16200.0
1702.0,1441.0,10356,19134,21078,21242,20351,20913,32767,32767,32767,32767,32767,3128.0,16200.0
1721.0,1376.0,10956,19134,20665,21242,19842,20913,32767,32767,32767,32767,32767,3583.0,16200.0
1757.0,1441.0,10806,19525,20252,19886,19842,20913,32767,32767,32767,32767,32767,3492.0,16200.0
1684.0,1354.0,10656,19525,19838,20338,19842,20913,32767,32767,32767,32767,32767,3431.0,16200.0
1812.0,1507.0,12007,19915,21905,21694,20860,20913,32767,32767,32767,32767,32767,3674.0,16200.0
1812.0,1529.0,10956,19915,21078,20338,20860,20913,32767,32767,32767,32767,32767,3340.0,16200.0
1794.0,1529.0,11856,21087,22731,21694,22386,20913,32767,32767,32767,32767,32767,3371.0,16200.0
1867.0,1507.0,9005,16010,17772,18982,18316,21478,32767,32767,32767,32767,32767,3492.0,16200.0
2050.0,1682.0,10506,18353,20665,21242,20860,21478,32767,32767,32767,32767,32767,3644.0,16200.0
2087.0,1703.0,9755,18353,19425,19434,19333,21478,32767,32767,32767,32767,32767,3523.0,16200.0
1721.0,1398.0,10056,18353,19425,19886,19333,21478,32767,32767,32767,32767,32767,3401.0,16200.0
1904.0,1507.0,10806,19134,19838,20338,19842,21478,32767,32767,32767,32767,32767,3857.0,16200.0
1776.0,1485.0,10056,19134,19838,20338,20351,21478,32767,32767,32767,32767,32767,3280.0,16200.0
1721.0,1398.0,9305,19134,19838,19434,19842,21478,32767,32767,32767,32767,32767,2854.0,16200.0
1647.0,1332.0,10956,19525,20665,20338,20351,21478,32767,32767,32767,32767,32767,3371.0,16200.0
1776.0,1463.0,10806,19525,20252,21242,20860,21478,32767,32767,32767,32767,32767,3280.0,16200.0
1757.0,1420.0,11106,20306,20665,22598,20860,21478,32767,32767,32767,32767,32767,3583.0,16200.0
1922.0,1682.0,10956,20306,21492,22598,21877,21478,32767,32767,32767,32767,32767,3462.0,16200.0
2105.0,1791.0,11556,20306,21905,22598,22386,21478,32767,32767,32767,32767,32767,3765.0,16200.0
1794.0,1551.0,11256,20696,21905,22146,22386,21478,32767,32767,32767,32767,32767,3887.0,16200.0
1867.0,1616.0,12157,21477,23145,23501,22895,21478,32767,32767,32767,32767,32767,3310.0,16200.0
2123.0,1747.0,9905,17963,19425,19886,20351,22044,32767,32767,32767,32767,32767,3735.0,16200.0
1666.0,1572.0,8855,19525,19838,21694,21877,22044,32767,32767,32767,32767,32767,2126.0,16200.0
1977.0,1638.0,10956,19525,21905,22146,23404,22044,32767,32767,32767,32767,32767,3948.0,16200.0
1922.0,1616.0,10356,19915,20665,20790,20860,22044,32767,32767,32767,32767,32767,3462.0,16200.0
1904.0,1551.0,10956,20306,21492,21694,20351,22044,32767,32767,32767,32767,32767,3523.0,16200.0
1794.0,1485.0,10806,20306,21492,21694,21369,22044,32767,32767,32767,32767,32767,3219.0,16200.0
2105.0,1813.0,11406,20696,21905,22598,22386,22044,32767,32767,32767,32767,32767,3917.0,16200.0
1922.0,1725.0,11406,20696,21905,23050,22895,22044,32767,32767,32767,32767,32767,3583.0,16200.0
1776.0,1463.0,11406,21087,23145,23953,24421,22044,32767,32767,32767,32767,32767,3189.0,16200.0
2087.0,1682.0,12007,21087,22318,22146,22386,22044,32767,32767,32767,32767,32767,4707.0,16200.0
1922.0,1769.0,11856,21477,23558,22598,21369,22044,32767,32767,32767,32767,32767,3371.0,16200.0
1995.0,1922.0,11856,21477,22731,23501,23912,22044,32767,32767,32767,32767,32767,4039.0,16200.0
1977.0,1769.0,11556,21868,23145,23050,23404,22044,32767,32767,32767,32767,32767,3097.0,16200.0
1812.0,1856.0,9155,19525,19838,21242,21877,22609,32767,32767,32767,32767,32767,2399.0,16200.0
1922.0,1660.0,11256,19525,20665,22598,21877,22609,32767,32767,32767,32767,32767,3765.0,16200.0
1904.0,1572.0,10956,19525,20665,21242,21369,22609,32767,32767,32767,32767,32767,3431.0,16200.0
1812.0,1376.0,11106,20306,21492,22146,21369,22609,32767,32767,32767,32767,32767,4555.0,16200.0
2160.0,1813.0,10956,20696,22318,22598,22895,22609,32767,32767,32767,32767,32767,3553.0,16200.0
1959.0,1638.0,11406,20696,21492,22598,21369,22609,32767,32767,32767,32767,32767,3948.0,16200.0
1849.0,1572.0,11256,20696,21905,22146,21877,22609,32767,32767,32767,32767,32767,3674.0,16200.0
1977.0,1725.0,11406,20696,22318,22598,21877,22609,32767,32767,32767,32767,32767,3887.0,16200.0
1904.0,1572.0,11856,21087,21905,22598,22386,22609,32767,32767,32767,32767,32767,3583.0,16200.0
1867.0,1682.0,11556,21087,23145,24857,23912,22609,32767,32767,32767,32767,32767,3371.0,16200.0
1757.0,1507.0,11556,21087,21905,23050,22386,22609,32767,32767,32767,32767,32767,3917.0,16200.0
1922.0,1616.0,11256,21477,23145,23953,23912,22609,32767,32767,32767,32767,32767,3492.0,16200.0
2032.0,1834.0,12307,21477,23971,23501,23404,22609,32767,32767,32767,32767,32767,3249.0,16200.0
2160.0,1966.0,11706,21868,23145,23953,23404,22609,32767,32767,32767,32767,32767,3978.0,16200.0
1794.0,1507.0,11556,21868,22731,21242,21369,22609,32767,32767,32767,32767,32767,3553.0,16200.0
2069.0,1813.0,12607,22258,23971,24405,23912,22609,32767,32767,32767,32767,32767,3674.0,16200.0
2014.0,1791.0,12157,22258,23971,24857,24421,22609,32767,32767,32767,32767,32767,3371.0,16200.0
1885.0,1682.0,12007,22258,23971,24405,24930,22609,32767,32767,32767,32767,32767,2946.0,16200.0
2087.0,1900.0,12607,22649,24798,23953,24421,22609,32767,32767,32767,32767,32767,3401.0,16200.0
1940.0,1660.0,11106,19525,21492,21694,22386,23174,32767,32767,32767,32767,32767,3340.0,16200.0
1959.0,1682.0,11106,19525,21078,21694,20860,23174,32767,32767,32767,32767,32767,3887.0,16200.0
1611.0,1288.0,8405,19915,20665,17174,18316,23174,32767,32767,32767,32767,32767,2642.0,16200.0
1794.0,1551.0,11706,20696,21905,23050,23404,23174,32767,32767,32767,32767,32767,3431.0,16200.0
1885.0,1616.0,11106,21087,22318,23501,22895,23174,32767,32767,32767,32767,32767,3340.0,16200.0
2032.0,1769.0,11706,21087,23145,23953,23404,23174,32767,32767,32767,32767,32767,3553.0,16200.0
2233.0,2599.0,11106,21477,23145,24405,23912,23174,32767,32767,32767,32767,32767,3614.0,16200.0
1904.0,1551.0,11556,21477,24798,22598,22895,23174,32767,32767,32767,32767,32767,3644.0,16200.0
1977.0,1725.0,11856,21477,23558,24405,24421,23174,32767,32767,32767,32767,32767,3431.0,16200.0
1867.0,1725.0,10056,21477,21905,23953,23404,23174,32767,32767,32767,32767,32767,2520.0,16200.0
1794.0,1529.0,11706,21868,23558,24405,24421,23174,32767,32767,32767,32767,32767,3401.0,16200.0
1812.0,1594.0,12307,21868,24798,25309,24421,23174,32767,32767,32767,32767,32767,3280.0,16200.0
2087.0,1900.0,12307,21868,23971,23501,23912,23174,32767,32767,32767,32767,32767,4008.0,16200.0
2014.0,1725.0,12907,21868,24385,24405,24421,23174,32767,32767,32767,32767,32767,3523.0,16200.0
2160.0,1987.0,12757,22258,24798,25761,25439,23174,32767,32767,32767,32767,32767,3583.0,16200.0
2014.0,1725.0,12607,22258,24385,24405,23912,23174,32767,32767,32767,32767,32767,3705.0,16200.0
2178.0,1813.0,12607,22258,24385,24857,24930,23174,32767,32767,32767,32767,32767,3917.0,16200.0
1794.0,1529.0,12007,22258,23558,25309,24930,23174,32767,32767,32767,32767,32767,3796.0,16200.0
2142.0,2031.0,12457,22649,24798,25309,25948,23174,32767,32767,32767,32767,32767,3583.0,16200.0
1794.0,1682.0,13207,22649,24385,25761,24930,23174,32767,32767,32767,32767,32767,3674.0,16200.0
1831.0,1660.0,12757,22649,25211,24857,24421,23174,32767,32767,32767,32767,32767,3280.0,16200.0
2069.0,1900.0,12907,23039,24798,25761,24930,23174,32767,32767,32767,32767,32767,3705.0,16200.0
1940.0,1900.0,13207,23039,26038,25309,25439,23174,32767,32767,32767,32767,32767,3097.0,16200.0
2069.0,1856.0,12307,23039,25625,24405,24930,23174,32767,32767,32767,32767,32767,3310.0,16200.0
1959.0,1813.0,13057,23430,25211,25761,24421,23174,32767,32767,32767,32767,32767,3340.0,16200.0
1995.0,1791.0,14108,24211,26864,26665,25439,23174,32767,32767,32767,32767,32767,3705.0,16200.0
2069.0,1769.0,11856,21868,23971,24405,24930,23739,32767,32767,32767,32767,32767,3371.0,16200.0
2050.0,1834.0,12757,22258,24385,24405,23912,23739,32767,32767,32767,32767,32767,3401.0,16200.0
1739.0,1463.0,11856,22649,23971,23953,24421,23739,32767,32767,32767,32767,32767,3462.0,16200.0
1885.0,1703.0,13657,24211,26451,27569,25948,23739,32767,32767,32767,32767,32767,3462.0,16200.0
2215.0,2118.0,13507,24992,26864,27569,25439,23739,32767,32767,32767,32767,32767,3462.0,16200.0
1812.0,1551.0,12007,24992,25211,27569,27474,23739,32767,32767,32767,32767,32767,3189.0,16200.0
1922.0,1594.0,10956,21087,22731,22598,22895,24305,32767,32767,32767,32767,32767,3462.0,16200.0
1849.0,1507.0,12007,21477,23145,24405,24421,24305,32767,32767,32767,32767,32767,3857.0,16200.0
1739.0,1463.0,9305,21477,22731,23953,23912,24305,32767,32767,32767,32767,32767,2156.0,16200.0
2123.0,1944.0,11406,21868,23558,24857,24421,24305,32767,32767,32767,32767,32767,3431.0,16200.0
2252.0,2009.0,11556,22649,24385,24405,24421,24305,32767,32767,32767,32767,32767,3887.0,16200.0
1812.0,1638.0,12457,22649,24798,24405,23912,24305,32767,32767,32767,32767,32767,3219.0,16200.0
2252.0,1966.0,12157,22649,24385,24857,25439,24305,32767,32767,32767,32767,32767,4282.0,16200.0
2105.0,2031.0,12757,23430,25211,25761,25439,24305,32767,32767,32767,32767,32767,3948.0,16200.0
2160.0,2009.0,12907,23430,26038,26665,25439,24305,32767,32767,32767,32767,32767,3583.0,16200.0
1885.0,1922.0,12157,23430,25625,27117,27983,24305,32767,32767,32767,32767,32767,3523.0,16200.0
1885.0,1725.0,12907,23820,24385,25309,24930,24305,32767,32767,32767,32767,32767,3705.0,16200.0
2069.0,1900.0,13507,23820,26451,26665,26456,24305,32767,32767,32767,32767,32767,3674.0,16200.0
1867.0,1682.0,13207,23820,26038,25309,24930,24305,32767,32767,32767,32767,32767,3583.0,16200.0
2069.0,1944.0,14258,24211,26864,27117,26965,24305,32767,32767,32767,32767,32767,3583.0,16200.0
2087.0,1813.0,13808,24211,26451,26665,25948,24305,32767,32767,32767,32767,32767,4100.0,16200.0
2215.0,2009.0,13657,24211,26864,27117,25948,24305,32767,32767,32767,32767,32767,3887.0,16200.0
1940.0,1769.0,13207,24211,25625,27117,25439,24305,32767,32767,32767,32767,32767,3401.0,16200.0
1904.0,1725.0,13958,24601,26038,27117,26456,24305,32767,32767,32767,32767,32767,3796.0,16200.0
2014.0,1703.0,13357,24992,26451,28021,26965,24305,32767,32767,32767,32767,32767,3553.0,16200.0
2197.0,2053.0,14258,26163,28518,28473,29000,24305,32767,32767,32767,32767,32767,3401.0,16200.0
2142.0,2075.0,12307,22258,23971,24857,24421,24870,32767,32767,32767,32767,32767,3431.0,16200.0
1812.0,1572.0,11556,22258,24798,25761,25948,24870,32767,32767,32767,32767,32767,3128.0,16200.0
1904.0,1769.0,11106,22258,23145,26665,25439,24870,32767,32767,32767,32767,32767,3006.0,16200.0
2050.0,1900.0,12607,23039,26864,28473,27474,24870,32767,32767,32767,32767,32767,3128.0,16200.0
2160.0,1987.0,12307,23039,24798,25309,24930,24870,32767,32767,32767,32767,32767,3735.0,16200.0
2508.0,2249.0,12157,23430,25211,26213,27474,24870,32767,32767,32767,32767,32767,4160.0,16200.0
2014.0,1725.0,13207,23430,26451,25761,25439,24870,32767,32767,32767,32767,32767,3523.0,16200.0
1739.0,1441.0,9905,23430,24798,26213,26456,24870,32767,32767,32767,32767,32767,2278.0,16200.0
2050.0,1856.0,13657,24211,25211,27117,26965,24870,32767,32767,32767,32767,32767,3735.0,16200.0
2160.0,2009.0,13207,24601,26864,27569,26965,24870,32767,32767,32767,32767,32767,3583.0,16200.0
2233.0,2118.0,13507,24601,27691,28021,26965,24870,32767,32767,32767,32767,32767,3462.0,16200.0
2087.0,1878.0,13657,24992,26451,26213,26456,24870,32767,32767,32767,32767,32767,3978.0,16200.0
2123.0,2009.0,13657,24992,27278,28021,27474,24870,32767,32767,32767,32767,32767,3523.0,16200.0
1922.0,1703.0,14108,25382,26864,28925,29000,24870,32767,32767,32767,32767,32767,3978.0,16200.0
1904.0,1922.0,13808,25382,28104,27569,28491,24870,32767,32767,32767,32767,32767,3249.0,16200.0
2069.0,1856.0,14258,26163,26864,28925,28491,24870,32767,32767,32767,32767,32767,4008.0,16200.0
2160.0,2075.0,12907,23039,25625,27569,26456,25435,32767,32767,32767,32767,32767,3614.0,16200.0
2398.0,2271.0,12607,23430,26864,26213,26456,25435,32767,32767,32767,32767,32767,4069.0,16200.0
2032.0,2009.0,12607,23820,26038,26213,26456,25435,32767,32767,32767,32767,32767,3067.0,16200.0
2142.0,1922.0,14108,24211,27691,28021,27474,25435,32767,32767,32767,32767,32767,3765.0,16200.0
2361.0,2359.0,12907,24211,27278,26213,27983,25435,32767,32767,32767,32767,32767,3401.0,16200.0
2087.0,1944.0,12907,24601,26864,26665,26965,25435,32767,32767,32767,32767,32767,3189.0,16200.0
1885.0,1725.0,14258,24601,26864,28473,27474,25435,32767,32767,32767,32767,32767,3310.0,16200.0
2215.0,2228.0,13057,25382,28931,28473,29000,25435,32767,32767,32767,32767,32767,3401.0,16200.0
2105.0,1922.0,13657,25382,27691,27569,26965,25435,32767,32767,32767,32767,32767,3371.0,16200.0
2105.0,2075.0,14108,25773,28518,28925,27983,25435,32767,32767,32767,32767,32767,3371.0,16200.0
2087.0,2009.0,14558,26554,28104,29829,29509,25435,32767,32767,32767,32767,32767,3462.0,16200.0
2142.0,1987.0,15158,26554,29758,29829,28491,25435,32767,32767,32767,32767,32767,3857.0,16200.0
2215.0,2162.0,14258,26554,28518,28473,28491,25435,32767,32767,32767,32767,32767,3765.0,16200.0
2050.0,1856.0,14708,26944,29344,29829,29000,25435,32767,32767,32767,32767,32767,3553.0,16200.0
1849.0,1703.0,14708,26944,29344,30281,29509,25435,32767,32767,32767,32767,32767,3280.0,16200.0
1922.0,1616.0,11706,21087,22318,23050,23912,26000,32767,32767,32767,32767,32767,3583.0,16200.0
2123.0,1944.0,12907,22649,26038,26213,25948,26000,32767,32767,32767,32767,32767,3674.0,16200.0
2215.0,1966.0,12457,22649,24385,24405,25948,26000,32767,32767,32767,32767,32767,3765.0,16200.0
1831.0,1616.0,13207,24211,27278,28473,27474,26000,32767,32767,32767,32767,32767,3280.0,16200.0
2343.0,2293.0,12907,24601,26451,28021,27983,26000,32767,32767,32767,32767,32767,3492.0,16200.0
2270.0,2097.0,12457,24601,26038,26665,26965,26000,32767,32767,32767,32767,32767,3674.0,16200.0
2270.0,2140.0,13507,24601,27278,28021,27474,26000,32767,32767,32767,32767,32767,3523.0,16200.0
2014.0,1966.0,14258,24992,28518,29377,28491,26000,32767,32767,32767,32767,32767,3674.0,16200.0
2142.0,2009.0,13507,24992,27691,28021,27983,26000,32767,32767,32767,32767,32767,3371.0,16200.0
2160.0,2075.0,13657,25382,28104,28925,29000,26000,32767,32767,32767,32767,32767,3371.0,16200.0
2087.0,2097.0,13958,25382,28518,29377,29000,26000,32767,32767,32767,32767,32767,3219.0,16200.0
2069.0,2075.0,13507,25382,26864,28021,27983,26000,32767,32767,32767,32767,32767,3705.0,16200.0
2014.0,1987.0,13958,25773,28931,30281,29509,26000,32767,32767,32767,32767,32767,3523.0,16200.0
2398.0,2446.0,13657,26163,29344,29829,30018,26000,32767,32767,32767,32767,32767,3614.0,16200.0
2014.0,1791.0,14108,26163,29344,29829,29000,26000,32767,32767,32767,32767,32767,3917.0,16200.0
2178.0,2097.0,15008,26163,28931,28925,27983,26000,32767,32767,32767,32767,32767,4008.0,16200.0
2123.0,1791.0,14108,26554,28931,30733,29000,26000,32767,32767,32767,32767,32767,4403.0,16200.0
2123.0,1966.0,15609,27725,31411,30733,31035,26000,32767,32767,32767,32767,32767,3614.0,16200.0
1977.0,1769.0,11856,22649,23971,23953,25439,26565,32767,32767,32767,32767,32767,3219.0,16200.0
1959.0,1616.0,12007,23430,27278,25309,26456,26565,32767,32767,32767,32767,32767,3614.0,16200.0
2014.0,1856.0,12157,23430,25625,26665,27983,26565,32767,32767,32767,32767,32767,3219.0,16200.0
2197.0,1987.0,13357,24992,27278,28021,28491,26565,32767,32767,32767,32767,32767,4130.0,16200.0
2233.0,2075.0,13507,24992,28104,28925,28491,26565,32767,32767,32767,32767,32767,3249.0,16200.0
2270.0,2118.0,14108,25382,28931,28473,29509,26565,32767,32767,32767,32767,32767,3583.0,16200.0
2178.0,2293.0,14708,26554,29344,29377,29000,26565,32767,32767,32767,32767,32767,3340.0,16200.0
2288.0,2468.0,14858,26944,30584,30281,30018,26565,32767,32767,32767,32767,32767,3492.0,16200.0
2471.0,2511.0,15008,26944,29758,28925,29000,26565,32767,32767,32767,32767,32767,3644.0,16200.0
2160.0,1987.0,14258,26944,29344,30733,29509,26565,32767,32767,32767,32767,32767,3431.0,16200.0
2087.0,1966.0,13657,27725,30171,30281,32053,26565,32767,32767,32767,32767,32767,3431.0,16200.0
2178.0,2184.0,15158,28897,31411,32767,31544,26565,32767,32767,32767,32767,32767,3462.0,16200.0
2691.0,2555.0,13057,23820,28104,27117,27983,27131,32767,32767,32767,32767,32767,4221.0,16200.0
2508.0,2533.0,13207,24601,27691,28473,27983,27131,32767,32767,32767,32767,32767,3705.0,16200.0
2398.0,2140.0,13808,24601,27691,28925,28491,27131,32767,32767,32767,32767,32767,4191.0,16200.0
2087.0,1856.0,13958,24992,27691,28925,27983,27131,32767,32767,32767,32767,32767,3553.0,16200.0
2398.0,2293.0,13657,25773,28518,28021,30018,27131,32767,32767,32767,32767,32767,4039.0,16200.0
2233.0,1856.0,13207,26554,27278,29829,30018,27131,32767,32767,32767,32767,32767,4494.0,16200.0
2105.0,2053.0,14408,26944,28931,31185,31035,27131,32767,32767,32767,32767,32767,3887.0,16200.0
2288.0,2249.0,15008,26944,29344,29829,31035,27131,32767,32767,32767,32767,32767,3674.0,16200.0
2014.0,1813.0,14258,27725,30584,29829,30018,27131,32767,32767,32767,32767,32767,3097.0,16200.0
2325.0,2402.0,15008,28116,30171,31185,31544,27131,32767,32767,32767,32767,32767,3826.0,16200.0
2142.0,2271.0,15909,28506,31411,32089,31035,27131,32767,32767,32767,32767,32767,3614.0,16200.0
2252.0,2402.0,16359,29287,32767,32089,32053,27131,32767,32767,32767,32767,32767,3583.0,16200.0
2178.0,1944.0,14858,28116,30584,32540,32053,27696,32767,32767,32767,32767,32767,4798.0,16200.0
2233.0,2271.0,15759,28506,30584,32089,31544,27696,32767,32767,32767,32767,32767,3401.0,16200.0
2178.0,1966.0,12757,24211,26038,27117,27474,28261,32767,32767,32767,32767,32767,3644.0,16200.0
2123.0,2053.0,12307,24992,28104,29377,30527,28261,32767,32767,32767,32767,32767,3067.0,16200.0
2636.0,2533.0,14558,25773,28104,29829,30018,28261,32767,32767,32767,32767,32767,4464.0,16200.0
2654.0,2293.0,13057,25773,27691,29377,30018,28261,32767,32767,32767,32767,32767,3705.0,16200.0
2197.0,2075.0,13808,26944,29758,28925,29000,28261,32767,32767,32767,32767,32767,2946.0,16200.0
2160.0,2075.0,16059,28506,31824,32540,32562,28261,32767,32767,32767,32767,32767,3583.0,16200.0
2032.0,2097.0,16059,30459,32767,32767,32767,28261,32767,32767,32767,32767,32767,3158.0,16200.0
2123.0,1987.0,13958,27335,28518,30733,32053,28826,32767,32767,32767,32767,32767,3553.0,16200.0
2050.0,2031.0,14708,28116,30997,32767,32767,28826,32767,32767,32767,32767,32767,3492.0,16200.0
2288.0,2402.0,15308,28506,31411,32767,32562,28826,32767,32767,32767,32767,32767,3128.0,16200.0
2288.0,2359.0,16209,29287,31411,32089,32562,28826,32767,32767,32767,32767,32767,3523.0,16200.0
2105.0,1966.0,15008,29678,31824,32767,32767,28826,32767,32767,32767,32767,32767,3553.0,16200.0
2361.0,2075.0,13357,23820,26451,28021,29509,29392,32767,32767,32767,32767,32767,3917.0,16200.0
2197.0,1987.0,13958,26163,29344,28925,30018,29392,32767,32767,32767,32767,32767,3431.0,16200.0
2142.0,2118.0,14108,28897,30171,32089,32767,29392,32767,32767,32767,32767,32767,3705.0,16200.0
2014.0,1682.0,10506,21477,22318,23953,26456,29957,32767,32767,32767,32767,32767,3371.0,16200.0
2654.0,2446.0,13657,28116,29758,30733,32053,29957,32767,32767,32767,32767,32767,3674.0,16200.0
2325.0,2359.0,16509,30459,32767,32767,32767,29957,32767,32767,32767,32767,32767,3371.0,16200.0
2270.0,1944.0,12457,23039,24798,26213,29509,30522,32767,32767,32767,32767,32767,3887.0,16200.0
2380.0,2009.0,13057,23820,27278,28021,30018,30522,32767,32767,32767,32767,32767,4008.0,16200.0
2142.0,1769.0,11856,24601,28518,26213,27983,30522,32767,32767,32767,32767,32767,3644.0,16200.0
2471.0,2511.0,15458,31630,32767,32767,32767,30522,32767,32767,32767,32767,32767,4008.0,16200.0
2306.0,2075.0,10956,23039,24798,29829,31035,31087,32767,32767,32767,32767,32767,3401.0,16200.0
2325.0,2075.0,12157,24992,27691,27117,28491,31652,32767,32767,32767,32767,32767,3492.0,16200.0
2416.0,2315.0,11706,24601,26451,29377,31035,32218,32767,32767,32767,32767,32767,3097.0,16200.0
2526.0,2424.0,15759,29678,32767,32767,32767,32218,32767,32767,32767,32767,32767,4039.0,16200.0
2837.0,2599.0,11706,24211,24798,31637,32767,32767,32767,32767,32767,32767,32767,3765.0,16200.0
2416.0,2118.0,10506,25773,27278,26213,30527,32767,32767,32767,32767,32767,32767,3128.0,16200.0
2563.0,2402.0,12457,26554,28518,29377,32562,32767,32767,32767,32767,32767,32767,3431.0,16200.0
2306.0,2162.0,14408,28897,30997,31637,32767,32767,32767,32767,32767,32767,32767,3705.0,16200.0
1755.0,1287.0,8994,16380,17337,17604,16768,17500,32767,32767,32767,32767,32767,3761.0,16500.0
1792.0,1330.0,10193,17160,17337,18507,17277,18629,32767,32767,32767,32767,32767,4003.0,16500.0
1719.0,1352.0,10043,17940,18988,18507,18801,18629,32767,32767,32767,32767,32767,3427.0,16500.0
1810.0,1440.0,9743,16770,17750,18055,17785,19193,32767,32767,32767,32767,32767,3488.0,16500.0
1883.0,1440.0,10043,16770,17337,18055,18293,19193,32767,32767,32767,32767,32767,4094.0,16500.0
1755.0,1352.0,10043,17550,18162,18958,18293,19193,32767,32767,32767,32767,32767,3912.0,16500.0
1773.0,1396.0,9593,15600,17750,18507,17277,19758,32767,32767,32767,32767,32767,3548.0,16500.0
1847.0,1440.0,9743,16380,17750,18055,17785,19758,32767,32767,32767,32767,32767,3670.0,16500.0
1810.0,1483.0,9893,16770,18162,18507,17785,19758,32767,32767,32767,32767,32767,3700.0,16500.0
1792.0,1461.0,10642,18720,20639,20764,19817,19758,32767,32767,32767,32767,32767,2912.0,16500.0
1847.0,1483.0,10343,18330,18988,19861,19309,20322,32767,32767,32767,32767,32767,3761.0,16500.0
1938.0,1549.0,11092,20280,21877,21666,20834,20322,32767,32767,32767,32767,32767,3457.0,16500.0
1920.0,1527.0,10642,18330,19401,20312,19817,20887,32767,32767,32767,32767,32767,3548.0,16500.0
1920.0,1527.0,11542,20280,21877,21666,20325,20887,32767,32767,32767,32767,32767,3609.0,16500.0
1920.0,1592.0,11392,19890,21052,22118,21342,21451,32767,32767,32767,32767,32767,3427.0,16500.0
1883.0,1505.0,10343,18720,19401,21215,20834,22016,32767,32767,32767,32767,32767,3366.0,16500.0
2011.0,1679.0,11392,19890,21465,22569,21342,22016,32767,32767,32767,32767,32767,3791.0,16500.0
1865.0,1505.0,10942,20280,20639,22118,21342,22016,32767,32767,32767,32767,32767,3306.0,16500.0
1938.0,1636.0,12141,20670,22290,23020,23882,22016,32767,32767,32767,32767,32767,3457.0,16500.0
1993.0,1789.0,12891,22620,25592,25277,24899,22580,32767,32767,32767,32767,32767,3488.0,16500.0
2066.0,1810.0,11692,20280,23116,23923,23882,23145,32767,32767,32767,32767,32767,3670.0,16500.0
2048.0,1854.0,11991,21450,23528,23923,23882,23145,32767,32767,32767,32767,32767,3457.0,16500.0
2102.0,1919.0,12741,22230,25592,25729,25407,23145,32767,32767,32767,32767,32767,3275.0,16500.0
2048.0,1789.0,12891,22230,23941,24375,24391,23145,32767,32767,32767,32767,32767,3548.0,16500.0
2029.0,1919.0,13640,22620,25180,27534,26931,23145,32767,32767,32767,32767,32767,3518.0,16500.0
1993.0,1723.0,12141,22620,23941,24826,24899,23145,32767,32767,32767,32767,32767,3154.0,16500.0
2157.0,1941.0,12741,23400,26418,26632,25915,24274,32767,32767,32767,32767,32767,3427.0,16500.0
2322.0,2377.0,12441,22620,25180,26180,26931,24838,32767,32767,32767,32767,32767,3336.0,16500.0
2011.0,1745.0,12291,23010,24354,25729,25407,24838,32767,32767,32767,32767,32767,3033.0,16500.0
2450.0,2421.0,12891,24570,28069,28437,28456,24838,32767,32767,32767,32767,32767,3457.0,16500.0
2212.0,2094.0,13490,25350,27243,28437,29472,24838,32767,32767,32767,32767,32767,3184.0,16500.0
1993.0,1898.0,14839,26520,28895,30243,29980,24838,32767,32767,32767,32767,32767,3094.0,16500.0
1901.0,1658.0,11991,24180,27656,25277,25407,25403,32767,32767,32767,32767,32767,2851.0,16500.0
2980.0,2617.0,13790,25350,28069,27534,29472,27097,32767,32767,32767,32767,32767,4367.0,16500.0
2194.0,2138.0,15289,27690,31371,32500,32521,27097,32767,32767,32767,32767,32767,3336.0,16500.0
2194.0,2181.0,14540,25740,28895,31145,30996,27661,32767,32767,32767,32767,32767,3366.0,16500.0
2395.0,2421.0,14540,27300,30133,32048,32013,27661,32767,32767,32767,32767,32767,3336.0,16500.0
2139.0,2421.0,15139,28860,30958,32767,32767,28226,32767,32767,32767,32767,32767,2972.0,16500.0
1105.0,791.0,4227,11392,10810,10912,11260,14215,32767,32767,32767,32767,32767,1161.0,16600.0
1326.0,967.0,7851,14142,14552,13640,13307,15921,32767,32767,32767,32767,32767,3146.0,16600.0
1197.0,901.0,8757,15713,15383,16822,15866,17058,32767,32767,32767,32767,32767,1955.0,16600.0
1455.0,1011.0,9663,16106,17047,18186,15866,17058,32767,32767,32767,32767,32767,3483.0,16600.0
1510.0,1120.0,9210,16106,17462,17731,17402,17058,32767,32767,32767,32767,32767,3391.0,16600.0
1307.0,945.0,9512,16499,17462,16367,15866,17058,32767,32767,32767,32767,32767,3360.0,16600.0
1400.0,1142.0,7398,16499,16215,15458,15355,17058,32767,32767,32767,32767,32767,1863.0,16600.0
1602.0,1208.0,10569,17284,17878,17731,17402,17058,32767,32767,32767,32767,32767,3574.0,16600.0
1381.0,1055.0,9663,17677,18710,19095,17914,17058,32767,32767,32767,32767,32767,2810.0,16600.0
1326.0,945.0,8455,18070,18710,15004,16890,17058,32767,32767,32767,32767,32767,2352.0,16600.0
1621.0,1340.0,11474,19641,20788,20005,18937,17058,32767,32767,32767,32767,32767,3391.0,16600.0
1565.0,1252.0,7549,15713,16631,16822,15866,17627,32767,32767,32767,32767,32767,2383.0,16600.0
1547.0,1186.0,9512,16106,17047,16822,15866,17627,32767,32767,32767,32767,32767,3360.0,16600.0
1676.0,1296.0,8908,16499,16631,17277,17402,17627,32767,32767,32767,32767,32767,3085.0,16600.0
1528.0,1142.0,9814,16892,16631,16822,16378,17627,32767,32767,32767,32767,32767,3330.0,16600.0
1418.0,1055.0,9814,16892,18294,17731,16378,17627,32767,32767,32767,32767,32767,3085.0,16600.0
1565.0,1296.0,9210,17284,17878,17731,17914,18195,32767,32767,32767,32767,32767,2963.0,16600.0
1418.0,1164.0,9361,17677,17878,18186,18425,18195,32767,32767,32767,32767,32767,3116.0,16600.0
1455.0,1077.0,10569,17677,17878,18186,16890,18195,32767,32767,32767,32767,32767,3299.0,16600.0
1492.0,1164.0,10267,19249,19125,19095,18425,18195,32767,32767,32767,32767,32767,2719.0,16600.0
1528.0,1142.0,9663,17284,18294,17277,16890,18764,32767,32767,32767,32767,32767,3238.0,16600.0
1436.0,1098.0,10418,18463,20373,20459,19961,18764,32767,32767,32767,32767,32767,3330.0,16600.0
1455.0,1164.0,10720,18463,20373,19095,18425,18764,32767,32767,32767,32767,32767,3177.0,16600.0
1492.0,1274.0,9210,17284,18710,18641,19449,19332,32767,32767,32767,32767,32767,2322.0,16600.0
1473.0,1098.0,10418,17677,19125,19095,18425,19332,32767,32767,32767,32767,32767,3605.0,16600.0
1492.0,1164.0,10267,17677,19957,18641,18425,19332,32767,32767,32767,32767,32767,3146.0,16600.0
1381.0,1142.0,9361,18070,18294,19095,18425,19332,32767,32767,32767,32767,32767,2077.0,16600.0
1547.0,1208.0,10418,18463,18710,19095,17402,19332,32767,32767,32767,32767,32767,3146.0,16600.0
1676.0,1406.0,10871,18463,19957,20459,19961,19332,32767,32767,32767,32767,32767,3452.0,16600.0
1473.0,1120.0,10418,18463,19541,19550,19449,19332,32767,32767,32767,32767,32767,3055.0,16600.0
1528.0,1252.0,9361,18856,19541,18641,18425,19332,32767,32767,32767,32767,32767,2566.0,16600.0
1565.0,1252.0,11323,18856,19957,20005,19449,19332,32767,32767,32767,32767,32767,3055.0,16600.0
1657.0,1340.0,11172,18856,20788,20005,19449,19332,32767,32767,32767,32767,32767,3360.0,16600.0
1565.0,1230.0,11021,19249,19541,20005,19961,19332,32767,32767,32767,32767,32767,3085.0,16600.0
1510.0,1208.0,11323,19641,19541,20459,19961,19332,32767,32767,32767,32767,32767,3452.0,16600.0
1547.0,1252.0,10418,19641,20373,20914,20473,19332,32767,32767,32767,32767,32767,2566.0,16600.0
1436.0,1077.0,9663,17284,17878,18186,18425,19901,32767,32767,32767,32767,32767,2933.0,16600.0
1418.0,1055.0,10116,17284,18710,19550,18425,19901,32767,32767,32767,32767,32767,3024.0,16600.0
1510.0,1186.0,10569,18070,19125,20459,19449,19901,32767,32767,32767,32767,32767,3299.0,16600.0
1584.0,1318.0,10569,18463,19957,20459,19449,19901,32767,32767,32767,32767,32767,2749.0,16600.0
1455.0,1120.0,9210,18463,18710,19550,18937,19901,32767,32767,32767,32767,32767,2810.0,16600.0
1547.0,1164.0,10720,18463,20373,19550,18425,19901,32767,32767,32767,32767,32767,2933.0,16600.0
1473.0,1142.0,10418,18463,19541,20005,19961,19901,32767,32767,32767,32767,32767,2963.0,16600.0
1713.0,1582.0,10418,18856,19541,20005,19449,19901,32767,32767,32767,32767,32767,2902.0,16600.0
1455.0,1230.0,11172,18856,20788,21369,19961,19901,32767,32767,32767,32767,32767,2994.0,16600.0
1547.0,1252.0,11625,20034,21204,20914,20473,19901,32767,32767,32767,32767,32767,2872.0,16600.0
1676.0,1406.0,11323,20427,21204,22278,20473,19901,32767,32767,32767,32767,32767,3055.0,16600.0
1621.0,1340.0,11625,20427,21204,21823,20473,19901,32767,32767,32767,32767,32767,3146.0,16600.0
1547.0,1274.0,10871,21213,21620,21369,20985,19901,32767,32767,32767,32767,32767,2810.0,16600.0
1713.0,1494.0,11625,21213,22036,22278,22008,19901,32767,32767,32767,32767,32767,2627.0,16600.0
1639.0,1384.0,11323,21998,23283,23642,23032,19901,32767,32767,32767,32767,32767,2902.0,16600.0
1694.0,1318.0,9512,17677,17462,16822,18425,20470,32767,32767,32767,32767,32767,3177.0,16600.0
1547.0,1208.0,9814,17677,18294,19095,18425,20470,32767,32767,32767,32767,32767,2902.0,16600.0
1528.0,1252.0,10720,18856,21204,20914,20473,20470,32767,32767,32767,32767,32767,3055.0,16600.0
1621.0,1428.0,11474,19249,21204,20914,20985,20470,32767,32767,32767,32767,32767,3391.0,16600.0
1547.0,1274.0,10569,19249,20373,21823,20473,20470,32767,32767,32767,32767,32767,2902.0,16600.0
1528.0,1230.0,10569,20034,21204,19550,19449,20470,32767,32767,32767,32767,32767,2872.0,16600.0
1528.0,1186.0,10871,20034,20373,21369,20473,20470,32767,32767,32767,32767,32767,3299.0,16600.0
1657.0,1296.0,11172,20034,20788,20914,20473,20470,32767,32767,32767,32767,32767,3208.0,16600.0
1547.0,1230.0,11021,20427,20788,21369,20473,20470,32767,32767,32767,32767,32767,2902.0,16600.0
1639.0,1340.0,11776,20820,22036,21823,21496,20470,32767,32767,32767,32767,32767,3177.0,16600.0
1731.0,1516.0,11776,20820,22867,22733,22520,20470,32767,32767,32767,32767,32767,3055.0,16600.0
1639.0,1340.0,11625,21998,22867,22733,22520,20470,32767,32767,32767,32767,32767,3208.0,16600.0
1823.0,1450.0,8606,17677,18294,19095,19449,21038,32767,32767,32767,32767,32767,2688.0,16600.0
1584.0,1318.0,9059,18070,19541,20459,19961,21038,32767,32767,32767,32767,32767,2077.0,16600.0
1547.0,1164.0,11172,20034,21620,22733,22008,21038,32767,32767,32767,32767,32767,3146.0,16600.0
1860.0,1560.0,11323,20820,23699,23187,22008,21038,32767,32767,32767,32767,32767,3055.0,16600.0
1639.0,1362.0,11323,20820,22452,23187,22520,21038,32767,32767,32767,32767,32767,2658.0,16600.0
1731.0,1428.0,12078,21213,22867,22733,22008,21038,32767,32767,32767,32767,32767,3421.0,16600.0
1768.0,1582.0,12380,22391,24115,24551,23032,21038,32767,32767,32767,32767,32767,3360.0,16600.0
1621.0,1340.0,8153,17677,18294,19095,19961,21607,32767,32767,32767,32767,32767,2322.0,16600.0
1823.0,1450.0,9361,19249,19125,19095,20985,21607,32767,32767,32767,32767,32767,2536.0,16600.0
1547.0,1186.0,10569,20034,21204,20914,22520,21607,32767,32767,32767,32767,32767,3116.0,16600.0
1602.0,1362.0,10569,20427,22867,23187,23032,21607,32767,32767,32767,32767,32767,2719.0,16600.0
1749.0,1428.0,10720,20820,20373,21369,21496,21607,32767,32767,32767,32767,32767,2872.0,16600.0
1657.0,1428.0,11927,20820,22867,22733,22008,21607,32767,32767,32767,32767,32767,3085.0,16600.0
1602.0,1428.0,11172,21213,21620,21823,22520,21607,32767,32767,32767,32767,32767,2872.0,16600.0
1694.0,1318.0,12984,21213,23283,23642,23544,21607,32767,32767,32767,32767,32767,3910.0,16600.0
1970.0,1714.0,10418,20034,22036,22278,22520,22175,32767,32767,32767,32767,32767,3055.0,16600.0
1621.0,1296.0,11021,20820,22867,22733,22008,22175,32767,32767,32767,32767,32767,2963.0,16600.0
1713.0,1428.0,11323,21213,22036,21823,21496,22175,32767,32767,32767,32767,32767,3360.0,16600.0
1841.0,1626.0,11625,21606,23283,23187,23544,22175,32767,32767,32767,32767,32767,3269.0,16600.0
1565.0,1362.0,11927,22391,23283,23187,23032,22175,32767,32767,32767,32767,32767,2810.0,16600.0
1565.0,1362.0,12229,22391,23699,23642,23032,22175,32767,32767,32767,32767,32767,2902.0,16600.0
1713.0,1494.0,12531,24355,25778,25461,24567,22175,32767,32767,32767,32767,32767,2872.0,16600.0
1676.0,1428.0,11021,21213,22452,22733,23544,22744,32767,32767,32767,32767,32767,2933.0,16600.0
1805.0,1516.0,11927,21213,23699,23187,23032,22744,32767,32767,32767,32767,32767,3421.0,16600.0
1602.0,1274.0,11323,21213,22452,22278,23032,22744,32767,32767,32767,32767,32767,3269.0,16600.0
1621.0,1362.0,11323,21606,22036,22733,23544,22744,32767,32767,32767,32767,32767,2963.0,16600.0
1676.0,1340.0,11776,21998,23283,24097,24567,22744,32767,32767,32767,32767,32767,3238.0,16600.0
1713.0,1406.0,12078,22391,24115,23187,23544,22744,32767,32767,32767,32767,32767,3085.0,16600.0
1676.0,1362.0,12833,23570,25362,25461,24567,22744,32767,32767,32767,32767,32767,3360.0,16600.0
1565.0,1384.0,12229,23570,24946,25915,25079,22744,32767,32767,32767,32767,32767,2688.0,16600.0
1694.0,1538.0,13286,23963,25778,26825,26615,22744,32767,32767,32767,32767,32767,3024.0,16600.0
1786.0,1670.0,13588,24355,26609,26370,25591,22744,32767,32767,32767,32767,32767,3208.0,16600.0
1639.0,1428.0,10871,20427,22452,22278,22520,23313,32767,32767,32767,32767,32767,2627.0,16600.0
1694.0,1384.0,11021,20820,22036,22733,22520,23313,32767,32767,32767,32767,32767,2872.0,16600.0
1786.0,1692.0,10720,21213,22452,24551,25079,23313,32767,32767,32767,32767,32767,2627.0,16600.0
1934.0,1582.0,11474,21606,23699,22733,23544,23313,32767,32767,32767,32767,32767,3513.0,16600.0
1713.0,1516.0,11323,22391,24115,24097,24567,23313,32767,32767,32767,32767,32767,2841.0,16600.0
2026.0,2043.0,11927,22784,24530,24551,24055,23313,32767,32767,32767,32767,32767,3360.0,16600.0
1713.0,1450.0,12531,23177,25778,25461,25591,23313,32767,32767,32767,32767,32767,2841.0,16600.0
1713.0,1428.0,11776,23177,24946,25006,26615,23313,32767,32767,32767,32767,32767,3024.0,16600.0
1749.0,1692.0,13135,23570,26609,25461,25079,23313,32767,32767,32767,32767,32767,3757.0,16600.0
1621.0,1494.0,13135,23570,27441,26370,26615,23313,32767,32767,32767,32767,32767,2688.0,16600.0
1621.0,1428.0,13437,23963,25362,25915,26103,23313,32767,32767,32767,32767,32767,2780.0,16600.0
1805.0,1911.0,13588,23963,26609,25915,26103,23313,32767,32767,32767,32767,32767,3055.0,16600.0
2081.0,1911.0,12229,24748,26193,25915,26103,23313,32767,32767,32767,32767,32767,3146.0,16600.0
2155.0,1758.0,10871,20034,22452,21369,23032,23881,32767,32767,32767,32767,32767,3635.0,16600.0
1786.0,1516.0,10418,21606,22036,24097,24567,23881,32767,32767,32767,32767,32767,2719.0,16600.0
1970.0,1780.0,12229,23963,25778,25915,25591,23881,32767,32767,32767,32767,32767,3116.0,16600.0
2026.0,1845.0,12682,24355,24946,26370,27126,23881,32767,32767,32767,32767,32767,3085.0,16600.0
2081.0,1714.0,10871,20820,23283,22733,23544,24450,32767,32767,32767,32767,32767,3299.0,16600.0
1915.0,1670.0,11927,22784,24530,23642,24055,24450,32767,32767,32767,32767,32767,3452.0,16600.0
1878.0,1582.0,12078,23570,25778,26370,26615,24450,32767,32767,32767,32767,32767,2841.0,16600.0
2173.0,1911.0,12833,23963,26609,26825,25079,24450,32767,32767,32767,32767,32767,3208.0,16600.0
1952.0,1889.0,13286,24355,26193,26825,25079,25018,32767,32767,32767,32767,32767,3116.0,16600.0
1915.0,1758.0,12229,24355,26193,25915,27126,25587,32767,32767,32767,32767,32767,2994.0,16600.0
1749.0,1648.0,13739,25141,27857,27734,26615,25587,32767,32767,32767,32767,32767,2933.0,16600.0
2044.0,2065.0,16457,28676,30767,32280,29685,25587,32767,32767,32767,32767,32767,3605.0,16600.0
1915.0,1823.0,14796,28676,31183,30916,30709,25587,32767,32767,32767,32767,32767,2872.0,16600.0
2118.0,1933.0,12380,22391,23283,25915,26103,26156,32767,32767,32767,32767,32767,3544.0,16600.0
2468.0,2131.0,10871,22784,24946,25461,27638,26156,32767,32767,32767,32767,32767,2933.0,16600.0
2854.0,2592.0,12229,23177,23699,24097,26615,26156,32767,32767,32767,32767,32767,3544.0,16600.0
2062.0,2175.0,16155,30248,32767,32735,32245,26724,32767,32767,32767,32767,32767,3360.0,16600.0
1878.0,1582.0,12682,26320,28272,27734,29174,27293,32767,32767,32767,32767,32767,3055.0,16600.0
1989.0,1867.0,16004,32605,32767,32767,32767,27293,32767,32767,32767,32767,32767,3055.0,16600.0
2044.0,2131.0,15702,29855,32767,32280,31221,27861,32767,32767,32767,32767,32767,3055.0,16600.0
2339.0,2285.0,15249,29855,32430,32767,32767,28430,32767,32767,32767,32767,32767,3177.0,16600.0
2946.0,2658.0,11927,23570,24530,30007,29685,28999,32767,32767,32767,32767,32767,3605.0,16600.0
2228.0,2197.0,14947,29855,32014,32767,32767,30136,32767,32767,32767,32767,32767,3605.0,16600.0
2099.0,2175.0,17816,32767,32767,32767,32767,30136,32767,32767,32767,32767,32767,3574.0,16600.0
1342.0,970.0,6198,11691,11521,11665,11556,14589,32767,32767,32767,32767,32767,2602.0,16800.0
1228.0,834.0,6663,12498,11948,12132,11031,14589,32767,32767,32767,32767,32767,2602.0,16800.0
1361.0,992.0,8522,14110,14081,13531,13132,14589,32767,32767,32767,32767,32767,3355.0,16800.0
1323.0,970.0,8522,14110,14081,13998,13657,14589,32767,32767,32767,32767,32767,3135.0,16800.0
1380.0,992.0,8832,14917,14934,14465,14708,14589,32767,32767,32767,32767,32767,3355.0,16800.0
1399.0,1015.0,9142,14917,15361,15398,14708,14589,32767,32767,32767,32767,32767,3449.0,16800.0
1566.0,1148.0,6033,14892,12780,16305,13635,15148,32767,32767,32767,32767,32767,1158.0,16800.0
1380.0,970.0,9297,12498,14934,14931,14182,15172,32767,32767,32767,32767,32767,3699.0,16800.0
1304.0,947.0,7592,13304,13654,13531,13132,15172,32767,32767,32767,32767,32767,2947.0,16800.0
1380.0,992.0,8677,13304,14508,13531,13657,15172,32767,32767,32767,32767,32767,3449.0,16800.0
1380.0,1015.0,8832,13707,14934,14931,14708,15172,32767,32767,32767,32767,32767,3355.0,16800.0
1436.0,1015.0,8832,14110,15361,14465,13657,15172,32767,32767,32767,32767,32767,3449.0,16800.0
1399.0,992.0,8677,14110,14081,13998,13657,15172,32767,32767,32767,32767,32767,3543.0,16800.0
1380.0,992.0,9142,14110,15361,14465,14182,15172,32767,32767,32767,32767,32767,3261.0,16800.0
1380.0,992.0,9142,14513,14934,14931,14708,15172,32767,32767,32767,32767,32767,3386.0,16800.0
1342.0,970.0,8367,14917,14934,14931,14708,15172,32767,32767,32767,32767,32767,3261.0,16800.0
1417.0,1037.0,9297,14917,15361,14931,15758,15172,32767,32767,32767,32767,32767,3386.0,16800.0
1399.0,1060.0,9297,15723,15788,15398,16809,15172,32767,32767,32767,32767,32767,3543.0,16800.0
1474.0,1060.0,7592,12901,13654,13065,12606,15756,32767,32767,32767,32767,32767,3605.0,16800.0
1361.0,992.0,9297,14513,15361,14465,14708,15756,32767,32767,32767,32767,32767,3919.0,16800.0
1361.0,992.0,8832,14513,15788,14465,14182,15756,32767,32767,32767,32767,32767,3229.0,16800.0
1342.0,992.0,8832,14513,14934,13531,14182,15756,32767,32767,32767,32767,32767,3386.0,16800.0
1399.0,1015.0,9297,14513,16214,14931,14182,15756,32767,32767,32767,32767,32767,3731.0,16800.0
1361.0,970.0,8522,14917,14508,14465,14708,15756,32767,32767,32767,32767,32767,2947.0,16800.0
1399.0,992.0,8987,15320,15361,14931,13657,15756,32767,32767,32767,32767,32767,3574.0,16800.0
1361.0,1037.0,9297,15320,16214,14931,15233,15756,32767,32767,32767,32767,32767,3355.0,16800.0
1417.0,1015.0,8987,15320,16214,14931,14708,15756,32767,32767,32767,32767,32767,3386.0,16800.0
1436.0,1015.0,9297,15723,15788,14931,15758,15756,32767,32767,32767,32767,32767,3511.0,16800.0
1436.0,1037.0,9762,15723,16641,16331,15758,15756,32767,32767,32767,32767,32767,3386.0,16800.0
1399.0,924.0,10072,15723,16214,15864,15758,15756,32767,32767,32767,32767,32767,3480.0,16800.0
1455.0,1037.0,10072,16126,17068,15864,16283,15756,32767,32767,32767,32767,32767,4076.0,16800.0
1512.0,1082.0,10536,16126,17068,16331,15758,15756,32767,32767,32767,32767,32767,3731.0,16800.0
1417.0,970.0,10072,16529,16641,16331,15233,15756,32767,32767,32767,32767,32767,3793.0,16800.0
1361.0,970.0,6973,13304,12801,13065,12081,16339,32767,32767,32767,32767,32767,2884.0,16800.0
1361.0,992.0,9297,14110,15788,14931,14182,16339,32767,32767,32767,32767,32767,3480.0,16800.0
1436.0,1082.0,8367,14513,14508,14931,14708,16339,32767,32767,32767,32767,32767,3229.0,16800.0
1361.0,924.0,9142,14513,15788,14931,14708,16339,32767,32767,32767,32767,32767,3449.0,16800.0
1399.0,1060.0,9297,14513,15361,15864,15233,16339,32767,32767,32767,32767,32767,3699.0,16800.0
1380.0,1037.0,8987,14513,15361,14465,14708,16339,32767,32767,32767,32767,32767,3323.0,16800.0
1399.0,1037.0,8987,14917,15361,14931,14708,16339,32767,32767,32767,32767,32767,3480.0,16800.0
1361.0,992.0,9452,14917,15788,15398,15233,16339,32767,32767,32767,32767,32767,3449.0,16800.0
1399.0,1015.0,9297,14917,16214,14931,14708,16339,32767,32767,32767,32767,32767,3511.0,16800.0
1361.0,970.0,8832,14917,14508,14931,15233,16339,32767,32767,32767,32767,32767,3417.0,16800.0
1399.0,1060.0,9297,14917,15788,15398,14708,16339,32767,32767,32767,32767,32767,3386.0,16800.0
1455.0,1037.0,9297,15320,16641,16331,15758,16339,32767,32767,32767,32767,32767,3605.0,16800.0
1361.0,970.0,9297,15320,16214,15398,15758,16339,32767,32767,32767,32767,32767,3261.0,16800.0
1380.0,947.0,9452,15320,16214,15398,15758,16339,32767,32767,32767,32767,32767,3355.0,16800.0
1380.0,1037.0,9297,15320,16214,15864,15758,16339,32767,32767,32767,32767,32767,3010.0,16800.0
1380.0,1015.0,9607,15320,16214,15864,15758,16339,32767,32767,32767,32767,32767,3386.0,16800.0
1399.0,1037.0,9452,15320,15788,15398,14708,16339,32767,32767,32767,32767,32767,3480.0,16800.0
1417.0,1015.0,8987,15320,16214,15864,14708,16339,32767,32767,32767,32767,32767,3323.0,16800.0
1361.0,992.0,9607,15320,16641,15398,15233,16339,32767,32767,32767,32767,32767,3637.0,16800.0
1512.0,1172.0,9452,15320,16214,16331,15758,16339,32767,32767,32767,32767,32767,3605.0,16800.0
1436.0,1037.0,9297,15320,16641,15398,15233,16339,32767,32767,32767,32767,32767,3543.0,16800.0
1399.0,1037.0,9452,15320,16214,15864,16283,16339,32767,32767,32767,32767,32767,3355.0,16800.0
1399.0,1060.0,9297,15320,15788,14931,15758,16339,32767,32767,32767,32767,32767,3480.0,16800.0
1588.0,1218.0,9762,15723,17068,16798,16283,16339,32767,32767,32767,32767,32767,3793.0,16800.0
1531.0,1127.0,10072,15723,17921,16331,17334,16339,32767,32767,32767,32767,32767,3699.0,16800.0
1455.0,1015.0,8832,16126,17068,14931,14708,16339,32767,32767,32767,32767,32767,3229.0,16800.0
1417.0,1015.0,9607,16126,17068,15864,15758,16339,32767,32767,32767,32767,32767,3386.0,16800.0
1436.0,1015.0,9452,16126,16214,16331,15233,16339,32767,32767,32767,32767,32767,3543.0,16800.0
1436.0,1015.0,10381,16126,16641,15864,15758,16339,32767,32767,32767,32767,32767,3731.0,16800.0
1455.0,992.0,9762,16126,17068,16331,16283,16339,32767,32767,32767,32767,32767,4201.0,16800.0
1717.0,1441.0,6652,16100,16614,16770,17306,16895,32767,32767,32767,32767,32767,1878.0,16800.0
1474.0,1127.0,6663,13707,14081,14465,14708,16923,32767,32767,32767,32767,32767,2414.0,16800.0
1304.0,1015.0,7592,14917,14934,14465,14708,16923,32767,32767,32767,32767,32767,2226.0,16800.0
1380.0,1015.0,8987,14917,16214,15864,15758,16923,32767,32767,32767,32767,32767,3229.0,16800.0
1644.0,1285.0,7437,14917,14934,13998,13657,16923,32767,32767,32767,32767,32767,3229.0,16800.0
1436.0,1037.0,9297,14917,16641,15864,15233,16923,32767,32767,32767,32767,32767,3699.0,16800.0
1399.0,1015.0,9452,15320,15788,14931,14708,16923,32767,32767,32767,32767,32767,3919.0,16800.0
1399.0,1015.0,9762,15320,16214,15398,15758,16923,32767,32767,32767,32767,32767,3386.0,16800.0
1342.0,924.0,9452,15320,15788,15864,15233,16923,32767,32767,32767,32767,32767,3355.0,16800.0
1399.0,1082.0,9452,15320,16214,16331,16283,16923,32767,32767,32767,32767,32767,3229.0,16800.0
1417.0,992.0,9297,15320,16214,15398,15233,16923,32767,32767,32767,32767,32767,3637.0,16800.0
1342.0,992.0,9452,15320,16641,15398,16809,16923,32767,32767,32767,32767,32767,3292.0,16800.0
1323.0,947.0,8987,15320,16214,17264,17334,16923,32767,32767,32767,32767,32767,2508.0,16800.0
1399.0,992.0,9762,15723,17068,16331,16283,16923,32767,32767,32767,32767,32767,3449.0,16800.0
1399.0,1037.0,9452,15723,16641,15864,15758,16923,32767,32767,32767,32767,32767,3417.0,16800.0
1342.0,947.0,9607,15723,17068,16331,16283,16923,32767,32767,32767,32767,32767,3355.0,16800.0
1361.0,1015.0,9762,15723,17068,16798,16283,16923,32767,32767,32767,32767,32767,3229.0,16800.0
1380.0,1037.0,9452,16126,16641,14931,14708,16923,32767,32767,32767,32767,32767,3543.0,16800.0
1417.0,1037.0,9762,16126,16641,16331,16283,16923,32767,32767,32767,32767,32767,3793.0,16800.0
1436.0,1015.0,9607,16126,16214,15398,15233,16923,32767,32767,32767,32767,32767,3480.0,16800.0
1361.0,947.0,9297,16126,16641,15864,15758,16923,32767,32767,32767,32767,32767,2978.0,16800.0
1795.0,1398.0,8677,16126,17921,14931,15233,16923,32767,32767,32767,32767,32767,3543.0,16800.0
1436.0,1060.0,10072,16529,16641,16798,16283,16923,32767,32767,32767,32767,32767,3449.0,16800.0
1474.0,1127.0,9917,16529,17068,17264,17334,16923,32767,32767,32767,32767,32767,3072.0,16800.0
1550.0,1150.0,9762,16529,16641,16798,16283,16923,32767,32767,32767,32767,32767,3731.0,16800.0
1493.0,1127.0,9917,16932,17495,16798,16809,16923,32767,32767,32767,32767,32767,3386.0,16800.0
1455.0,1105.0,9762,16932,16641,17264,16809,16923,32767,32767,32767,32767,32767,3386.0,16800.0
1493.0,1037.0,10381,17336,17068,16798,16283,16923,32767,32767,32767,32767,32767,3762.0,16800.0
1531.0,1127.0,10691,17336,18348,17731,17334,16923,32767,32767,32767,32767,32767,3511.0,16800.0
1493.0,1105.0,10072,17336,17921,17731,17334,16923,32767,32767,32767,32767,32767,3574.0,16800.0
1512.0,1082.0,11311,17739,18348,17731,17859,16923,32767,32767,32767,32767,32767,3982.0,16800.0
1512.0,1082.0,10846,18142,17921,17731,17859,16923,32767,32767,32767,32767,32767,3793.0,16800.0
1493.0,1060.0,9607,14917,16214,15398,15758,17506,32767,32767,32767,32767,32767,4013.0,16800.0
1361.0,992.0,9452,14917,16214,16331,16283,17506,32767,32767,32767,32767,32767,3135.0,16800.0
1342.0,947.0,9142,15320,14934,15398,15758,17506,32767,32767,32767,32767,32767,3229.0,16800.0
1380.0,1015.0,9452,15723,16641,15864,16283,17506,32767,32767,32767,32767,32767,3229.0,16800.0
1417.0,992.0,9762,16126,17495,16331,16809,17506,32767,32767,32767,32767,32767,3198.0,16800.0
1436.0,1037.0,9762,16126,17068,16331,16283,17506,32767,32767,32767,32767,32767,3825.0,16800.0
1531.0,1105.0,9917,16126,16641,17264,16283,17506,32767,32767,32767,32767,32767,3605.0,16800.0
1361.0,1082.0,9297,16126,18348,16331,16283,17506,32767,32767,32767,32767,32767,2665.0,16800.0
1550.0,1105.0,9917,16529,15788,15864,15233,17506,32767,32767,32767,32767,32767,4326.0,16800.0
1399.0,1082.0,9607,16529,17068,15864,16809,17506,32767,32767,32767,32767,32767,3010.0,16800.0
1512.0,1127.0,10536,16529,17495,17264,16283,17506,32767,32767,32767,32767,32767,3543.0,16800.0
1493.0,1082.0,9917,16932,17495,17264,17859,17506,32767,32767,32767,32767,32767,3543.0,16800.0
1531.0,1105.0,11156,17336,18348,17731,17859,17506,32767,32767,32767,32767,32767,4389.0,16800.0
1493.0,1082.0,10846,17739,18775,19131,17859,17506,32767,32767,32767,32767,32767,3480.0,16800.0
1493.0,1082.0,10536,18142,19201,17731,17859,17506,32767,32767,32767,32767,32767,3480.0,16800.0
1472.0,1058.0,10983,18515,18744,18168,18355,18061,32767,32767,32767,32767,32767,3944.0,16800.0
1550.0,1172.0,8677,14917,14934,16331,15233,18090,32767,32767,32767,32767,32767,3355.0,16800.0
2022.0,1691.0,6663,14917,17921,13065,14708,18090,32767,32767,32767,32767,32767,2884.0,16800.0
1493.0,1082.0,10536,15723,17495,16798,16809,18090,32767,32767,32767,32767,32767,4264.0,16800.0
1474.0,1150.0,9297,16126,17068,17264,16809,18090,32767,32767,32767,32767,32767,2884.0,16800.0
1342.0,970.0,9917,16126,17921,16798,17859,18090,32767,32767,32767,32767,32767,3355.0,16800.0
1417.0,1037.0,10072,16126,17495,16798,16809,18090,32767,32767,32767,32767,32767,3888.0,16800.0
1436.0,1105.0,9917,16126,17068,17264,17334,18090,32767,32767,32767,32767,32767,3198.0,16800.0
1399.0,1037.0,9452,16126,16641,16798,16809,18090,32767,32767,32767,32767,32767,3355.0,16800.0
1399.0,1060.0,10072,16529,17921,16798,17334,18090,32767,32767,32767,32767,32767,3229.0,16800.0
1399.0,1105.0,9762,16529,17495,16798,16809,18090,32767,32767,32767,32767,32767,3198.0,16800.0
1550.0,1195.0,11156,17739,19628,18664,17859,18090,32767,32767,32767,32767,32767,3605.0,16800.0
1569.0,1218.0,10381,17739,18348,17731,18384,18090,32767,32767,32767,32767,32767,3762.0,16800.0
1550.0,1150.0,11001,18142,19628,19597,19435,18090,32767,32767,32767,32767,32767,3668.0,16800.0
1569.0,1240.0,10691,18142,18348,19131,17859,18090,32767,32767,32767,32767,32767,3731.0,16800.0
1531.0,1172.0,11466,18142,19628,19597,18384,18090,32767,32767,32767,32767,32767,3605.0,16800.0
1474.0,1150.0,10072,18142,19628,18664,18910,18090,32767,32767,32767,32767,32767,3166.0,16800.0
1550.0,1195.0,11156,18545,20481,18664,19435,18090,32767,32767,32767,32767,32767,3386.0,16800.0
1588.0,1218.0,11466,18948,20055,19131,18384,18090,32767,32767,32767,32767,32767,3637.0,16800.0
2170.0,1733.0,12221,18112,20448,22361,20977,18643,32767,32767,32767,32767,32767,5227.0,16800.0
1642.0,1261.0,11447,19722,20874,20963,20452,18643,32767,32767,32767,32767,32767,3756.0,16800.0
1493.0,1195.0,7283,15320,15361,15398,16283,18673,32767,32767,32767,32767,32767,2539.0,16800.0
1285.0,924.0,6973,15320,14934,16331,16809,18673,32767,32767,32767,32767,32767,2132.0,16800.0
1399.0,1082.0,6508,15320,15361,15864,16809,18673,32767,32767,32767,32767,32767,2163.0,16800.0
1474.0,1172.0,10227,16529,17495,17264,17859,18673,32767,32767,32767,32767,32767,3417.0,16800.0
1455.0,1037.0,10536,16932,17921,17264,17859,18673,32767,32767,32767,32767,32767,4170.0,16800.0
1417.0,1060.0,9762,16932,19201,17264,18910,18673,32767,32767,32767,32767,32767,3261.0,16800.0
1399.0,1060.0,10072,16932,18348,17731,18910,18673,32767,32767,32767,32767,32767,3166.0,16800.0
1493.0,1127.0,10381,17336,17921,18197,18384,18673,32767,32767,32767,32767,32767,3417.0,16800.0
1455.0,1082.0,10072,17336,18348,18197,19435,18673,32767,32767,32767,32767,32767,3417.0,16800.0
1550.0,1172.0,10227,17739,18775,18197,17859,18673,32767,32767,32767,32767,32767,3449.0,16800.0
1550.0,1172.0,10691,17739,19201,18664,18384,18673,32767,32767,32767,32767,32767,3543.0,16800.0
1455.0,1015.0,10691,17739,17495,17264,16809,18673,32767,32767,32767,32767,32767,4326.0,16800.0
1474.0,1105.0,10691,18142,18775,17731,18910,18673,32767,32767,32767,32767,32767,3292.0,16800.0
1606.0,1285.0,11466,18142,20481,18664,18910,18673,32767,32767,32767,32767,32767,3888.0,16800.0
1474.0,1037.0,11001,18142,19201,18664,18384,18673,32767,32767,32767,32767,32767,3511.0,16800.0
1569.0,1150.0,10846,18545,18775,18197,17859,18673,32767,32767,32767,32767,32767,3574.0,16800.0
1531.0,1195.0,11311,18948,20481,19131,19960,18673,32767,32767,32767,32767,32767,3480.0,16800.0
1758.0,1443.0,10227,18948,20481,17264,17859,18673,32767,32767,32767,32767,32767,3919.0,16800.0
1531.0,1150.0,11001,18948,20481,19597,19960,18673,32767,32767,32767,32767,32767,3292.0,16800.0
1625.0,1263.0,11156,19351,20055,20064,19960,18673,32767,32767,32767,32767,32767,3417.0,16800.0
1606.0,1195.0,11156,19351,20481,19597,18384,18673,32767,32767,32767,32767,32767,3762.0,16800.0
1531.0,1195.0,11776,19351,20908,20064,19960,18673,32767,32767,32767,32767,32767,3543.0,16800.0
1588.0,1240.0,11311,19351,21335,20530,20485,18673,32767,32767,32767,32767,32767,3323.0,16800.0
1417.0,1082.0,9917,17336,19201,17731,18384,19257,32767,32767,32767,32767,32767,3135.0,16800.0
1588.0,1240.0,10381,17336,17495,18664,18384,19257,32767,32767,32767,32767,32767,3699.0,16800.0
1399.0,1015.0,11001,17336,17921,17731,17334,19257,32767,32767,32767,32767,32767,3919.0,16800.0
1512.0,1105.0,10227,17336,17495,19131,18384,19257,32767,32767,32767,32767,32767,3856.0,16800.0
1588.0,1218.0,10227,18142,18348,18664,18910,19257,32767,32767,32767,32767,32767,3480.0,16800.0
1512.0,1037.0,11466,18142,19201,19597,19435,19257,32767,32767,32767,32767,32767,4295.0,16800.0
1531.0,1218.0,11311,18545,20055,19131,19960,19257,32767,32767,32767,32767,32767,3292.0,16800.0
1569.0,1263.0,11156,18948,20481,19131,19435,19257,32767,32767,32767,32767,32767,3825.0,16800.0
1663.0,1375.0,11466,19351,20908,20997,21011,19257,32767,32767,32767,32767,32767,3543.0,16800.0
1569.0,1172.0,11466,19351,20055,20530,19960,19257,32767,32767,32767,32767,32767,3417.0,16800.0
1512.0,1172.0,11466,19754,20481,19597,20485,19257,32767,32767,32767,32767,32767,3637.0,16800.0
1588.0,1263.0,7592,16932,15361,18664,18910,19840,32767,32767,32767,32767,32767,2226.0,16800.0
1455.0,1150.0,9762,17336,18775,18197,18384,19840,32767,32767,32767,32767,32767,3135.0,16800.0
1739.0,1353.0,10536,17336,18348,17731,18910,19840,32767,32767,32767,32767,32767,3919.0,16800.0
2022.0,1646.0,9297,17739,18348,17731,17859,19840,32767,32767,32767,32767,32767,3292.0,16800.0
1436.0,1105.0,10536,18142,20055,19597,20485,19840,32767,32767,32767,32767,32767,3104.0,16800.0
1720.0,1330.0,11776,19754,21335,21464,21011,19840,32767,32767,32767,32767,32767,3731.0,16800.0
1606.0,1308.0,11931,20158,21762,21930,21536,19840,32767,32767,32767,32767,32767,3323.0,16800.0
1550.0,1172.0,11156,20158,19628,19131,19435,19840,32767,32767,32767,32767,32767,3825.0,16800.0
1588.0,1263.0,12086,20561,22615,22397,22061,19840,32767,32767,32767,32767,32767,3480.0,16800.0
1569.0,1172.0,11466,20964,21762,20530,21011,19840,32767,32767,32767,32767,32767,3355.0,16800.0
1925.0,1711.0,10210,20125,22152,19565,20452,20391,32767,32767,32767,32767,32767,3287.0,16800.0
2325.0,1916.0,7592,16126,15788,17731,19435,20424,32767,32767,32767,32767,32767,2790.0,16800.0
1569.0,1285.0,10691,17739,18775,17264,18910,20424,32767,32767,32767,32767,32767,3511.0,16800.0
1606.0,1195.0,10846,17739,18775,19131,18384,20424,32767,32767,32767,32767,32767,3762.0,16800.0
1625.0,1308.0,11621,20158,21335,21930,21011,20424,32767,32767,32767,32767,32767,3386.0,16800.0
1739.0,1443.0,11466,20158,20908,20997,21536,20424,32767,32767,32767,32767,32767,3323.0,16800.0
1644.0,1308.0,12396,20561,21762,21930,21011,20424,32767,32767,32767,32767,32767,3668.0,16800.0
1739.0,1375.0,12086,20561,21335,20997,21536,20424,32767,32767,32767,32767,32767,4264.0,16800.0
1606.0,1263.0,12086,20561,22188,21930,22061,20424,32767,32767,32767,32767,32767,3417.0,16800.0
1625.0,1285.0,12086,21770,22615,23797,23637,20424,32767,32767,32767,32767,32767,3261.0,16800.0
1550.0,1172.0,12396,21770,22615,22863,22587,20424,32767,32767,32767,32767,32767,3574.0,16800.0
2079.0,1962.0,13016,22577,22615,22397,22587,20424,32767,32767,32767,32767,32767,4013.0,16800.0
1698.0,1306.0,12221,20125,22152,22361,22025,20974,32767,32767,32767,32767,32767,3725.0,16800.0
1660.0,1261.0,12066,20527,22152,22826,22025,20974,32767,32767,32767,32767,32767,3506.0,16800.0
1736.0,1373.0,12376,20527,21726,22361,22550,20974,32767,32767,32767,32767,32767,3662.0,16800.0
2684.0,2300.0,8677,18142,18348,19131,19960,21008,32767,32767,32767,32767,32767,3198.0,16800.0
1531.0,1218.0,10846,18948,20481,19597,20485,21008,32767,32767,32767,32767,32767,3323.0,16800.0
1474.0,1195.0,11001,19754,21335,21464,22061,21008,32767,32767,32767,32767,32767,3072.0,16800.0
1890.0,1511.0,12086,20561,23468,20064,21536,21008,32767,32767,32767,32767,32767,3699.0,16800.0
1569.0,1330.0,12086,20964,22615,21464,22061,21008,32767,32767,32767,32767,32767,3386.0,16800.0
1720.0,1420.0,12551,20964,22188,22397,23112,21008,32767,32767,32767,32767,32767,3668.0,16800.0
1871.0,1488.0,13480,21367,23042,24263,23637,21008,32767,32767,32767,32767,32767,3731.0,16800.0
1776.0,1533.0,12551,21770,23895,23797,24162,21008,32767,32767,32767,32767,32767,3480.0,16800.0
1776.0,1420.0,11931,22173,22615,22397,21011,21008,32767,32767,32767,32767,32767,3762.0,16800.0
1887.0,1486.0,13459,22540,24708,23758,23074,21556,32767,32767,32767,32767,32767,4445.0,16800.0
1455.0,1127.0,9917,17739,19628,19597,19960,21591,32767,32767,32767,32767,32767,2790.0,16800.0
1588.0,1308.0,11466,20561,22188,21464,22587,21591,32767,32767,32767,32767,32767,3355.0,16800.0
1625.0,1443.0,12396,21770,23468,22397,23112,21591,32767,32767,32767,32767,32767,3449.0,16800.0
1701.0,1420.0,13171,22173,25175,24263,24162,21591,32767,32767,32767,32767,32767,3574.0,16800.0
1642.0,1306.0,13149,21735,23004,25621,25172,22139,32767,32767,32767,32767,32767,3725.0,16800.0
1663.0,1398.0,12706,21770,23895,22863,22587,22175,32767,32767,32767,32767,32767,3574.0,16800.0
1758.0,1488.0,13016,22577,24322,23797,23637,22175,32767,32767,32767,32767,32767,3605.0,16800.0
1830.0,1441.0,12685,21332,23856,23758,23074,22721,32767,32767,32767,32767,32767,3944.0,16800.0
1833.0,1578.0,11621,21770,22188,22397,23112,22758,32767,32767,32767,32767,32767,3198.0,16800.0
1606.0,1308.0,12706,22173,24322,23797,23112,22758,32767,32767,32767,32767,32767,3731.0,16800.0
1833.0,1443.0,13945,22577,24748,24730,24688,22758,32767,32767,32767,32767,32767,4264.0,16800.0
1758.0,1443.0,12706,23383,24322,24263,24162,22758,32767,32767,32767,32767,32767,3825.0,16800.0
1720.0,1488.0,13635,23383,24322,26130,25738,22758,32767,32767,32767,32767,32767,4076.0,16800.0
1701.0,1353.0,11621,20561,23042,21930,23637,23342,32767,32767,32767,32767,32767,3323.0,16800.0
1720.0,1420.0,11001,20561,21762,22397,24162,23342,32767,32767,32767,32767,32767,2884.0,16800.0
1663.0,1308.0,11001,22173,23468,21464,23637,23342,32767,32767,32767,32767,32767,3010.0,16800.0
1774.0,1508.0,12685,22942,25134,25621,26745,23886,32767,32767,32767,32767,32767,3506.0,16800.0
1758.0,1511.0,10846,21367,23468,22863,24688,23925,32767,32767,32767,32767,32767,2978.0,16800.0
1644.0,1285.0,12396,22173,23895,23330,23112,23925,32767,32767,32767,32767,32767,3449.0,16800.0
1758.0,1488.0,11156,22173,23895,24263,26263,23925,32767,32767,32767,32767,32767,2916.0,16800.0
1871.0,1646.0,13480,22980,24748,25196,25738,23925,32767,32767,32767,32767,32767,4013.0,16800.0
2041.0,1736.0,13325,23786,25602,25663,25738,23925,32767,32767,32767,32767,32767,4138.0,16800.0
1663.0,1375.0,13635,24189,26028,26596,26263,23925,32767,32767,32767,32767,32767,3543.0,16800.0
1814.0,1556.0,13171,24592,26455,25663,26789,23925,32767,32767,32767,32767,32767,3731.0,16800.0
1906.0,1598.0,13459,23345,24708,26087,26221,24469,32767,32767,32767,32767,32767,3819.0,16800.0
2154.0,1781.0,10381,20964,22188,23797,24688,24509,32767,32767,32767,32767,32767,3135.0,16800.0
2173.0,1804.0,12396,21770,24748,23797,24688,24509,32767,32767,32767,32767,32767,4170.0,16800.0
1758.0,1511.0,11621,22173,23895,23797,25213,24509,32767,32767,32767,32767,32767,2696.0,16800.0
1928.0,1871.0,11776,22577,24322,24730,26263,24509,32767,32767,32767,32767,32767,2602.0,16800.0
1909.0,1714.0,13325,23786,26028,26130,26263,24509,32767,32767,32767,32767,32767,3480.0,16800.0
1984.0,1781.0,13945,25802,27735,28463,28890,24509,32767,32767,32767,32767,32767,3888.0,16800.0
2094.0,1666.0,13459,23747,26412,25621,25172,25052,32767,32767,32767,32767,32767,4194.0,16800.0
1833.0,1511.0,11931,22577,23468,24263,25738,25092,32767,32767,32767,32767,32767,3574.0,16800.0
1493.0,1082.0,13325,25802,25602,24730,26263,25092,32767,32767,32767,32767,32767,3104.0,16800.0
1909.0,1601.0,13635,25802,26882,25663,25738,25092,32767,32767,32767,32767,32767,3825.0,16800.0
1833.0,1420.0,11931,21770,23042,25196,26263,25676,32767,32767,32767,32767,32767,4138.0,16800.0
1909.0,1691.0,11311,22577,25175,22863,25738,25676,32767,32767,32767,32767,32767,2853.0,16800.0
1739.0,1353.0,15960,27818,28589,29862,30466,25676,32767,32767,32767,32767,32767,3511.0,16800.0
2038.0,1936.0,13923,25760,28542,28417,28843,26217,32767,32767,32767,32767,32767,3787.0,16800.0
1925.0,1778.0,14232,26967,28968,29348,29892,26217,32767,32767,32767,32767,32767,3693.0,16800.0
1644.0,1466.0,11466,23383,25175,23330,26789,26259,32767,32767,32767,32767,32767,2728.0,16800.0
1739.0,1511.0,11931,24189,26028,25196,27839,26259,32767,32767,32767,32767,32767,3261.0,16800.0
2003.0,1871.0,14720,26608,28162,29396,29940,26259,32767,32767,32767,32767,32767,3825.0,16800.0
2098.0,1804.0,9452,20561,20481,24263,26789,26843,32767,32767,32767,32767,32767,3010.0,16800.0
1720.0,1556.0,11311,22980,25602,24730,26789,26843,32767,32767,32767,32767,32767,2728.0,16800.0
2154.0,1826.0,11931,23383,25175,25196,27314,26843,32767,32767,32767,32767,32767,3699.0,16800.0
1947.0,1714.0,11931,23786,25602,26130,28365,26843,32767,32767,32767,32767,32767,2853.0,16800.0
2003.0,1691.0,11466,23786,25602,25196,26789,26843,32767,32767,32767,32767,32767,3511.0,16800.0
2022.0,1804.0,11621,22980,25602,24730,26789,27427,32767,32767,32767,32767,32767,2947.0,16800.0
2740.0,2345.0,12396,24592,27309,25663,28890,27427,32767,32767,32767,32767,32767,4076.0,16800.0
2022.0,1804.0,15185,27818,29442,28929,28365,27427,32767,32767,32767,32767,32767,3825.0,16800.0
1814.0,1533.0,12086,24995,27309,26596,28890,28010,32767,32767,32767,32767,32767,2822.0,16800.0
2343.0,2052.0,13016,24995,28162,27996,28890,28010,32767,32767,32767,32767,32767,3637.0,16800.0
2721.0,2413.0,10691,22577,24748,22397,26263,28594,32767,32767,32767,32767,32767,3793.0,16800.0
1814.0,1601.0,12086,22980,26028,24730,29415,28594,32767,32767,32767,32767,32767,3135.0,16800.0
2249.0,1826.0,12086,22577,25175,25196,28890,29761,32767,32767,32767,32767,32767,3793.0,16800.0
2306.0,1939.0,11466,21367,25175,25196,29415,30344,32767,32767,32767,32767,32767,3731.0,16800.0
1833.0,1578.0,12861,26205,29869,28929,32567,30344,32767,32767,32767,32767,32767,3041.0,16800.0
2098.0,2119.0,16579,32655,32767,32767,32767,30928,32767,32767,32767,32767,32767,3637.0,16800.0
2306.0,2232.0,15495,32767,32767,32767,32767,30928,32767,32767,32767,32767,32767,4076.0,16800.0
1965.0,2277.0,18129,31043,32767,32767,32767,31511,32767,32767,32767,32767,32767,4389.0,16800.0
2797.0,2435.0,12396,24189,26028,27996,32041,32095,32767,32767,32767,32767,32767,4076.0,16800.0
2778.0,2458.0,12706,25399,28589,26130,30466,32095,32767,32767,32767,32767,32767,4295.0,16800.0
2400.0,2232.0,13480,28221,31149,30329,32767,32095,32767,32767,32767,32767,32767,3417.0,16800.0
2873.0,2570.0,13171,28221,30295,32195,32767,32767,32767,32767,32767,32767,32767,4044.0,16800.0
2287.0,2165.0,13945,28624,32002,32195,32767,32767,32767,32767,32767,32767,32767,3104.0,16800.0
1795.0,1443.0,17354,32767,32767,32767,32767,32767,32767,32767,32767,32767,32767,3386.0,16800.0
1207.0,833.0,6497,11269,10223,466,524,583,32767,32767,32767,32767,32767,2535.0,16900.0
906.0,585.0,4486,8854,8093,8850,8390,11069,32767,32767,32767,32767,32767,1502.0,16900.0
1151.0,765.0,6651,10464,10649,9316,9963,11069,32767,32767,32767,32767,32767,2441.0,16900.0
962.0,630.0,4641,10464,8945,9782,9439,11651,32767,32767,32767,32767,32767,1690.0,16900.0
1226.0,765.0,7425,11269,11927,11645,9439,11651,32767,32767,32767,32767,32767,3224.0,16900.0
1226.0,900.0,7580,12074,12353,11645,11012,11651,32767,32767,32767,32767,32767,3036.0,16900.0
1170.0,743.0,8353,12477,12779,12111,11536,11651,32767,32767,32767,32767,32767,3724.0,16900.0
1151.0,788.0,7734,11269,11927,11645,11536,12234,32767,32767,32767,32767,32767,3192.0,16900.0
1170.0,810.0,7425,11672,11927,12111,11012,12234,32767,32767,32767,32767,32767,2911.0,16900.0
1132.0,810.0,7580,12477,11927,12111,11536,12234,32767,32767,32767,32767,32767,2911.0,16900.0
1189.0,833.0,8353,13281,12353,12577,12061,12234,32767,32767,32767,32767,32767,3286.0,16900.0
1189.0,855.0,8044,12074,12779,12577,12061,12816,32767,32767,32767,32767,32767,3005.0,16900.0
1132.0,765.0,7425,12074,11927,10714,11012,12816,32767,32767,32767,32767,32767,3067.0,16900.0
1189.0,743.0,8817,12477,13205,12577,12061,12816,32767,32767,32767,32767,32767,3787.0,16900.0
1170.0,810.0,8044,12477,12779,12111,12061,12816,32767,32767,32767,32767,32767,3130.0,16900.0
1226.0,855.0,8198,12477,12779,12577,12061,12816,32767,32767,32767,32767,32767,3161.0,16900.0
1132.0,698.0,8353,12879,12353,12111,11536,12816,32767,32767,32767,32767,32767,3505.0,16900.0
1207.0,810.0,8972,13281,14483,13508,12585,12816,32767,32767,32767,32767,32767,3787.0,16900.0
1245.0,833.0,9281,13684,14057,13974,13109,12816,32767,32767,32767,32767,32767,3975.0,16900.0
1321.0,878.0,9126,13684,13631,13508,13109,12816,32767,32767,32767,32767,32767,4069.0,16900.0
1377.0,833.0,9436,13684,13631,13043,12061,12816,32767,32767,32767,32767,32767,4663.0,16900.0
1189.0,810.0,5878,11672,10649,11179,11012,13399,32767,32767,32767,32767,32767,2066.0,16900.0
1170.0,743.0,8353,12074,12779,12577,11536,13399,32767,32767,32767,32767,32767,3631.0,16900.0
1189.0,765.0,8662,12074,13631,12577,12061,13399,32767,32767,32767,32767,32767,3662.0,16900.0
1207.0,765.0,8972,12879,12779,13043,12061,13399,32767,32767,32767,32767,32767,3975.0,16900.0
1226.0,810.0,9281,12879,14483,13974,12585,13399,32767,32767,32767,32767,32767,3912.0,16900.0
1321.0,878.0,9281,13281,13631,13043,12061,13399,32767,32767,32767,32767,32767,4100.0,16900.0
1189.0,765.0,8508,13281,13205,13508,12585,13399,32767,32767,32767,32767,32767,3474.0,16900.0
1264.0,833.0,9281,13281,14483,14440,13109,13399,32767,32767,32767,32767,32767,3724.0,16900.0
1132.0,720.0,8662,13281,13631,13508,12585,13399,32767,32767,32767,32767,32767,3505.0,16900.0
1302.0,900.0,9590,13684,14057,14440,12585,13399,32767,32767,32767,32767,32767,4037.0,16900.0
1321.0,878.0,8972,13684,14483,13974,13109,13399,32767,32767,32767,32767,32767,3818.0,16900.0
1189.0,810.0,9126,13684,14057,13508,13634,13399,32767,32767,32767,32767,32767,3224.0,16900.0
1132.0,720.0,8972,14086,14057,13508,12585,13399,32767,32767,32767,32767,32767,3224.0,16900.0
1283.0,855.0,9590,14086,14057,14440,13634,13399,32767,32767,32767,32767,32767,4069.0,16900.0
1283.0,833.0,9281,14086,13631,13974,13109,13399,32767,32767,32767,32767,32767,4413.0,16900.0
1358.0,968.0,9745,14086,14483,14906,13634,13399,32767,32767,32767,32767,32767,3944.0,16900.0
1321.0,923.0,9900,14086,14483,13974,13109,13399,32767,32767,32767,32767,32767,4069.0,16900.0
1302.0,855.0,9281,14086,14057,14906,13109,13399,32767,32767,32767,32767,32767,4382.0,16900.0
1211.0,919.0,6167,11740,11183,12229,11727,13594,32767,32767,32767,32767,32767,1643.0,16900.0
1321.0,923.0,6033,12074,13205,12577,12585,13981,32767,32767,32767,32767,32767,2347.0,16900.0
1283.0,945.0,8198,12477,12353,13043,11536,13981,32767,32767,32767,32767,32767,3130.0,16900.0
1245.0,833.0,8198,12477,13205,12577,12061,13981,32767,32767,32767,32767,32767,4006.0,16900.0
1245.0,900.0,8044,12879,13631,12111,12061,13981,32767,32767,32767,32767,32767,3067.0,16900.0
1340.0,923.0,8662,13281,14057,13508,12585,13981,32767,32767,32767,32767,32767,3443.0,16900.0
1245.0,855.0,8508,13281,12779,12577,12061,13981,32767,32767,32767,32767,32767,3318.0,16900.0
1245.0,833.0,7734,13281,14057,12577,12585,13981,32767,32767,32767,32767,32767,3443.0,16900.0
1321.0,878.0,9281,13684,14483,13974,14158,13981,32767,32767,32767,32767,32767,3881.0,16900.0
1302.0,810.0,9436,13684,14909,14440,14158,13981,32767,32767,32767,32767,32767,4444.0,16900.0
1170.0,743.0,9436,13684,14483,14440,13109,13981,32767,32767,32767,32767,32767,3693.0,16900.0
1377.0,900.0,9436,13684,13631,14440,12585,13981,32767,32767,32767,32767,32767,4288.0,16900.0
1434.0,1013.0,8817,13684,14057,13508,13109,13981,32767,32767,32767,32767,32767,3599.0,16900.0
1377.0,900.0,9436,14086,14483,14906,13634,13981,32767,32767,32767,32767,32767,3881.0,16900.0
1207.0,855.0,8817,14086,14909,13974,13109,13981,32767,32767,32767,32767,32767,3349.0,16900.0
1207.0,833.0,9436,14086,15335,14906,14683,13981,32767,32767,32767,32767,32767,3599.0,16900.0
1245.0,833.0,9126,14086,14057,13974,13109,13981,32767,32767,32767,32767,32767,3881.0,16900.0
1283.0,923.0,10054,14086,14909,14440,13634,13981,32767,32767,32767,32767,32767,3693.0,16900.0
1283.0,923.0,9436,15294,15761,14440,14158,13981,32767,32767,32767,32767,32767,3756.0,16900.0
1358.0,900.0,10054,15696,16187,16303,15207,13981,32767,32767,32767,32767,32767,4131.0,16900.0
1101.0,766.0,5114,11740,10769,11323,10707,14161,32767,32767,32767,32767,32767,1430.0,16900.0
1284.0,919.0,8573,14088,13668,14493,14786,14161,32767,32767,32767,32767,32767,3013.0,16900.0
1321.0,897.0,8573,14479,15325,15399,14276,14161,32767,32767,32767,32767,32767,3074.0,16900.0
1321.0,945.0,8662,12477,14057,12577,13109,14564,32767,32767,32767,32767,32767,3505.0,16900.0
1302.0,900.0,9436,13281,14057,14440,12585,14564,32767,32767,32767,32767,32767,4006.0,16900.0
1283.0,833.0,8662,13281,13205,13043,13109,14564,32767,32767,32767,32767,32767,3443.0,16900.0
1245.0,900.0,8353,13684,13631,13508,12585,14564,32767,32767,32767,32767,32767,2911.0,16900.0
1415.0,945.0,9281,14086,15335,15838,14158,14564,32767,32767,32767,32767,32767,4131.0,16900.0
1226.0,743.0,8817,14086,14483,13508,13634,14564,32767,32767,32767,32767,32767,4288.0,16900.0
1321.0,855.0,10054,14086,14909,15372,13109,14564,32767,32767,32767,32767,32767,4444.0,16900.0
1472.0,990.0,8353,14086,14483,14440,14158,14564,32767,32767,32767,32767,32767,3818.0,16900.0
1302.0,855.0,9745,14489,14909,15372,14683,14564,32767,32767,32767,32767,32767,3881.0,16900.0
1321.0,878.0,9281,14891,14483,14906,14683,14564,32767,32767,32767,32767,32767,3756.0,16900.0
1358.0,900.0,10054,14891,15335,16769,15207,14564,32767,32767,32767,32767,32767,4006.0,16900.0
1415.0,878.0,9745,14891,16187,15372,14683,14564,32767,32767,32767,32767,32767,4663.0,16900.0
1340.0,900.0,10209,15294,16187,15838,15207,14564,32767,32767,32767,32767,32767,4100.0,16900.0
1245.0,833.0,9900,15294,16613,15372,14683,14564,32767,32767,32767,32767,32767,3662.0,16900.0
1415.0,990.0,10519,15294,16187,16303,15207,14564,32767,32767,32767,32767,32767,4037.0,16900.0
1453.0,990.0,10519,16099,16613,16769,16256,14564,32767,32767,32767,32767,32767,4069.0,16900.0
1623.0,1125.0,11292,16501,18743,18167,16780,14564,32767,32767,32767,32767,32767,4319.0,16900.0
1211.0,897.0,5715,12131,12011,11776,11217,14727,32767,32767,32767,32767,32767,1948.0,16900.0
1321.0,941.0,8723,13697,14496,13588,14276,14727,32767,32767,32767,32767,32767,3317.0,16900.0
1284.0,897.0,8874,14088,14496,14493,14786,14727,32767,32767,32767,32767,32767,3013.0,16900.0
1376.0,985.0,8874,14088,15739,15852,15296,14727,32767,32767,32767,32767,32767,3104.0,16900.0
1394.0,963.0,9024,14479,14911,14946,14276,14727,32767,32767,32767,32767,32767,3134.0,16900.0
1339.0,963.0,8723,14871,14911,14041,13766,14727,32767,32767,32767,32767,32767,3165.0,16900.0
1358.0,985.0,9175,15262,16567,15852,15806,14727,32767,32767,32767,32767,32767,3226.0,16900.0
1132.0,743.0,5259,12074,9797,10714,10488,15146,32767,32767,32767,32767,32767,2191.0,16900.0
1302.0,900.0,6651,13281,13205,13043,12061,15146,32767,32767,32767,32767,32767,2222.0,16900.0
1453.0,968.0,10209,14489,16187,15838,13634,15146,32767,32767,32767,32767,32767,4006.0,16900.0
1377.0,968.0,10828,15294,16187,17235,15207,15146,32767,32767,32767,32767,32767,4538.0,16900.0
1358.0,1080.0,10364,15294,16613,15838,15207,15146,32767,32767,32767,32767,32767,3380.0,16900.0
1226.0,878.0,8972,16099,16613,15838,15731,15146,32767,32767,32767,32767,32767,2786.0,16900.0
1266.0,919.0,8423,13305,13668,13588,13766,15294,32767,32767,32767,32767,32767,3348.0,16900.0
1394.0,985.0,8272,13697,14082,14041,13766,15294,32767,32767,32767,32767,32767,3165.0,16900.0
1266.0,897.0,8272,13697,14496,14041,14786,15294,32767,32767,32767,32767,32767,3074.0,16900.0
1302.0,941.0,8874,13697,14496,15852,14276,15294,32767,32767,32767,32767,32767,3256.0,16900.0
1358.0,1007.0,8573,14088,14911,13588,13257,15294,32767,32767,32767,32767,32767,3348.0,16900.0
1339.0,1007.0,8874,14479,14911,14946,14786,15294,32767,32767,32767,32767,32767,3256.0,16900.0
1302.0,941.0,9024,14871,15739,15399,14276,15294,32767,32767,32767,32767,32767,3043.0,16900.0
1321.0,963.0,8723,14871,14911,15852,14786,15294,32767,32767,32767,32767,32767,2861.0,16900.0
1321.0,963.0,9175,14871,15739,15399,14786,15294,32767,32767,32767,32767,32767,3378.0,16900.0
1449.0,1051.0,9475,15262,16153,16758,15296,15294,32767,32767,32767,32767,32767,3256.0,16900.0
1358.0,1029.0,9626,15262,16567,15852,14786,15294,32767,32767,32767,32767,32767,3469.0,16900.0
1207.0,833.0,5723,12074,11075,12111,11536,15729,32767,32767,32767,32767,32767,2066.0,16900.0
1264.0,900.0,9436,14489,14909,14440,14158,15729,32767,32767,32767,32767,32767,3881.0,16900.0
1302.0,878.0,7425,14489,13205,13043,12061,15729,32767,32767,32767,32767,32767,2754.0,16900.0
1415.0,1170.0,8353,14891,15761,15372,14683,15729,32767,32767,32767,32767,32767,2692.0,16900.0
1283.0,923.0,9126,14891,15335,14440,13634,15729,32767,32767,32767,32767,32767,3349.0,16900.0
1302.0,923.0,10054,14891,17039,17701,16256,15729,32767,32767,32767,32767,32767,3130.0,16900.0
1396.0,945.0,9900,15696,16187,15838,15207,15729,32767,32767,32767,32767,32767,4037.0,16900.0
1490.0,1103.0,11137,16099,17039,18632,17304,15729,32767,32767,32767,32767,32767,4319.0,16900.0
1377.0,968.0,10209,16099,16187,16303,16780,15729,32767,32767,32767,32767,32767,4006.0,16900.0
1321.0,945.0,8972,16099,16613,16303,14683,15729,32767,32767,32767,32767,32767,2942.0,16900.0
1566.0,1193.0,10828,16501,17039,17235,16256,15729,32767,32767,32767,32767,32767,3787.0,16900.0
1245.0,855.0,8662,16501,16613,16303,16780,15729,32767,32767,32767,32767,32767,2973.0,16900.0
1453.0,1058.0,10983,16904,18743,17235,17304,15729,32767,32767,32767,32767,32767,4037.0,16900.0
1434.0,990.0,10983,16904,17465,17701,17304,15729,32767,32767,32767,32767,32767,4319.0,16900.0
1396.0,923.0,10364,16904,17039,16769,15207,15729,32767,32767,32767,32767,32767,4037.0,16900.0
1736.0,1148.0,11447,17709,19169,18167,17829,15729,32767,32767,32767,32767,32767,4319.0,16900.0
1192.0,897.0,6467,14088,13668,14946,13766,15860,32767,32767,32767,32767,32767,1491.0,16900.0
1284.0,919.0,8272,14088,14496,14493,13766,15860,32767,32767,32767,32767,32767,3013.0,16900.0
1596.0,1138.0,8723,14479,15325,14946,14276,15860,32767,32767,32767,32767,32767,3774.0,16900.0
1321.0,919.0,9024,14479,15325,15852,15296,15860,32767,32767,32767,32767,32767,3439.0,16900.0
1394.0,1051.0,9024,14871,16982,16758,15806,15860,32767,32767,32767,32767,32767,2921.0,16900.0
1578.0,1160.0,9175,15262,15739,15399,14786,15860,32767,32767,32767,32767,32767,3469.0,16900.0
1376.0,1072.0,8423,15262,15325,16305,14276,15860,32767,32767,32767,32767,32767,2708.0,16900.0
1431.0,1051.0,9776,15653,16153,15852,15296,15860,32767,32767,32767,32767,32767,3621.0,16900.0
1358.0,985.0,9325,15653,16153,16305,14786,15860,32767,32767,32767,32767,32767,3195.0,16900.0
1559.0,1116.0,9325,15653,15739,15399,15296,15860,32767,32767,32767,32767,32767,3591.0,16900.0
1266.0,941.0,9024,15653,15325,15852,14786,15860,32767,32767,32767,32767,32767,2891.0,16900.0
1523.0,1094.0,9175,16045,15739,15852,15296,15860,32767,32767,32767,32767,32767,3134.0,16900.0
1504.0,1182.0,9776,16045,16982,17211,15806,15860,32767,32767,32767,32767,32767,3104.0,16900.0
1523.0,1182.0,9475,16436,16982,16305,15296,15860,32767,32767,32767,32767,32767,3165.0,16900.0
1394.0,1072.0,9325,16436,16567,16758,15806,15860,32767,32767,32767,32767,32767,3165.0,16900.0
1509.0,1148.0,7115,13684,13631,13508,14158,16312,32767,32767,32767,32767,32767,2566.0,16900.0
1283.0,923.0,7425,13684,14483,13508,14158,16312,32767,32767,32767,32767,32767,2911.0,16900.0
1396.0,990.0,9281,14891,15761,14440,14158,16312,32767,32767,32767,32767,32767,3443.0,16900.0
1283.0,878.0,7734,15294,14057,17701,17829,16312,32767,32767,32767,32767,32767,2441.0,16900.0
1415.0,1013.0,9436,15294,15335,16303,15731,16312,32767,32767,32767,32767,32767,3318.0,16900.0
1264.0,878.0,8972,15294,15761,17235,15731,16312,32767,32767,32767,32767,32767,3161.0,16900.0
1358.0,1035.0,9745,15696,15761,16303,16256,16312,32767,32767,32767,32767,32767,3411.0,16900.0
1245.0,855.0,8353,15696,17039,13974,13634,16312,32767,32767,32767,32767,32767,2692.0,16900.0
1245.0,855.0,9745,15696,17039,17235,16256,16312,32767,32767,32767,32767,32767,3380.0,16900.0
1453.0,968.0,10209,16099,16613,18167,16256,16312,32767,32767,32767,32767,32767,4257.0,16900.0
1396.0,990.0,10519,16501,17039,16769,16256,16312,32767,32767,32767,32767,32767,3693.0,16900.0
1623.0,1148.0,10828,16501,17465,17235,15731,16312,32767,32767,32767,32767,32767,4131.0,16900.0
1415.0,1125.0,10364,16501,17465,18167,17304,16312,32767,32767,32767,32767,32767,3067.0,16900.0
1283.0,1013.0,9126,16904,17891,17235,15731,16312,32767,32767,32767,32767,32767,2535.0,16900.0
1623.0,1215.0,10673,16904,17891,17701,17304,16312,32767,32767,32767,32767,32767,4069.0,16900.0
1415.0,1058.0,9900,16904,17465,18167,15731,16312,32767,32767,32767,32767,32767,3631.0,16900.0
1434.0,990.0,10519,16904,17891,17235,15731,16312,32767,32767,32767,32767,32767,4476.0,16900.0
1284.0,963.0,8272,14088,14911,14946,14276,16427,32767,32767,32767,32767,32767,2739.0,16900.0
1284.0,875.0,8874,14088,14496,14946,14276,16427,32767,32767,32767,32767,32767,3134.0,16900.0
1321.0,941.0,8272,14088,14082,14041,13766,16427,32767,32767,32767,32767,32767,3074.0,16900.0
1358.0,1051.0,9175,14871,16567,15852,14786,16427,32767,32767,32767,32767,32767,2648.0,16900.0
1321.0,963.0,9175,14871,15739,16305,15296,16427,32767,32767,32767,32767,32767,2891.0,16900.0
1559.0,1138.0,9626,14871,16982,16305,14786,16427,32767,32767,32767,32767,32767,3834.0,16900.0
1559.0,1204.0,8874,15262,16567,15399,15806,16427,32767,32767,32767,32767,32767,2921.0,16900.0
1523.0,1160.0,9175,15262,16153,16758,15806,16427,32767,32767,32767,32767,32767,3530.0,16900.0
1394.0,1094.0,9175,15262,15325,15852,15296,16427,32767,32767,32767,32767,32767,3469.0,16900.0
1468.0,1138.0,9175,15653,16153,15399,15296,16427,32767,32767,32767,32767,32767,2861.0,16900.0
1413.0,1138.0,9475,15653,16567,16305,16316,16427,32767,32767,32767,32767,32767,3104.0,16900.0
1578.0,1182.0,8723,15653,16982,16305,15296,16427,32767,32767,32767,32767,32767,2982.0,16900.0
1394.0,1094.0,9325,16045,16567,16305,15296,16427,32767,32767,32767,32767,32767,3043.0,16900.0
1431.0,1051.0,9475,16045,16567,17664,16826,16427,32767,32767,32767,32767,32767,3287.0,16900.0
1413.0,1072.0,9325,16045,16153,15852,15296,16427,32767,32767,32767,32767,32767,3104.0,16900.0
1394.0,1072.0,9626,16045,17396,15852,15806,16427,32767,32767,32767,32767,32767,2891.0,16900.0
1523.0,1204.0,9175,16045,16153,17211,15806,16427,32767,32767,32767,32767,32767,2982.0,16900.0
1413.0,1072.0,9776,16436,16567,16758,15806,16427,32767,32767,32767,32767,32767,3165.0,16900.0
1394.0,1029.0,9927,16436,16982,17211,16316,16427,32767,32767,32767,32767,32767,3287.0,16900.0
1504.0,1160.0,9475,16827,18224,17664,17335,16427,32767,32767,32767,32767,32767,3013.0,16900.0
1358.0,1007.0,10227,16827,17810,17664,15806,16427,32767,32767,32767,32767,32767,3226.0,16900.0
1468.0,1138.0,10077,16827,17810,17664,16316,16427,32767,32767,32767,32767,32767,3013.0,16900.0
1669.0,1226.0,10679,17610,18638,18117,16826,16427,32767,32767,32767,32767,32767,4200.0,16900.0
1321.0,968.0,8817,16099,16613,16769,16780,16894,32767,32767,32767,32767,32767,3224.0,16900.0
1434.0,1148.0,10673,16904,17891,18632,17829,16894,32767,32767,32767,32767,32767,3349.0,16900.0
1472.0,1058.0,10054,16904,17465,17701,17304,16894,32767,32767,32767,32767,32767,4006.0,16900.0
1396.0,1080.0,11137,17306,18743,18632,17304,16894,32767,32767,32767,32767,32767,3318.0,16900.0
1906.0,1486.0,10983,17306,18317,18167,17829,16894,32767,32767,32767,32767,32767,4476.0,16900.0
1509.0,1193.0,10054,17709,19169,18632,17829,16894,32767,32767,32767,32767,32767,2848.0,16900.0
1490.0,1058.0,10983,18916,20873,18167,18878,16894,32767,32767,32767,32767,32767,4288.0,16900.0
1468.0,1138.0,8874,15262,16153,15852,15296,16993,32767,32767,32767,32767,32767,2952.0,16900.0
1468.0,1138.0,9475,15653,16567,15852,15806,16993,32767,32767,32767,32767,32767,3439.0,16900.0
1724.0,1291.0,9325,15653,16567,16305,16316,16993,32767,32767,32767,32767,32767,3987.0,16900.0
1504.0,1116.0,9024,15653,16567,16305,16316,16993,32767,32767,32767,32767,32767,3195.0,16900.0
1559.0,1335.0,9175,15653,16982,17211,16826,16993,32767,32767,32767,32767,32767,2739.0,16900.0
1376.0,1029.0,9475,15653,16153,16305,15806,16993,32767,32767,32767,32767,32767,3104.0,16900.0
1523.0,1204.0,9776,16045,16982,17211,16316,16993,32767,32767,32767,32767,32767,3226.0,16900.0
1541.0,1204.0,8573,16045,16567,16758,15806,16993,32767,32767,32767,32767,32767,2708.0,16900.0
1559.0,1138.0,9776,16045,16567,16305,15296,16993,32767,32767,32767,32767,32767,3743.0,16900.0
1523.0,1160.0,9325,16045,16567,16758,16826,16993,32767,32767,32767,32767,32767,3226.0,16900.0
1559.0,1226.0,9325,16436,17810,17664,16826,16993,32767,32767,32767,32767,32767,3104.0,16900.0
1486.0,1204.0,10077,16436,17810,17211,16826,16993,32767,32767,32767,32767,32767,2982.0,16900.0
1449.0,1094.0,9927,16827,18224,18117,16826,16993,32767,32767,32767,32767,32767,3256.0,16900.0
1504.0,1160.0,10227,16827,18638,18570,17845,16993,32767,32767,32767,32767,32767,3134.0,16900.0
1468.0,1182.0,9776,16827,17396,18117,16826,16993,32767,32767,32767,32767,32767,3287.0,16900.0
1559.0,1204.0,9776,16827,17810,17211,16316,16993,32767,32767,32767,32767,32767,3165.0,16900.0
1504.0,1204.0,9626,16827,17810,16758,16826,16993,32767,32767,32767,32767,32767,2739.0,16900.0
1541.0,1204.0,9626,17219,16982,17211,16316,16993,32767,32767,32767,32767,32767,3287.0,16900.0
1633.0,1269.0,9927,17219,18224,18117,17845,16993,32767,32767,32767,32767,32767,3530.0,16900.0
1578.0,1204.0,9776,17219,17810,17664,16826,16993,32767,32767,32767,32767,32767,3348.0,16900.0
1486.0,1247.0,10528,17219,19053,17664,16826,16993,32767,32767,32767,32767,32767,3317.0,16900.0
1541.0,1247.0,10679,17610,18638,18117,17335,16993,32767,32767,32767,32767,32767,3317.0,16900.0
1688.0,1335.0,10378,17610,18224,19023,18865,16993,32767,32767,32767,32767,32767,3074.0,16900.0
1504.0,1204.0,9626,17610,17810,18117,17335,16993,32767,32767,32767,32767,32767,2921.0,16900.0
1541.0,1247.0,9475,18001,18638,14493,14786,16993,32767,32767,32767,32767,32767,2982.0,16900.0
1358.0,990.0,9126,16099,17891,17235,16256,17477,32767,32767,32767,32767,32767,2754.0,16900.0
1189.0,833.0,9126,16099,17039,17235,16256,17477,32767,32767,32767,32767,32767,2222.0,16900.0
1623.0,1193.0,10673,16501,17465,18632,17829,17477,32767,32767,32767,32767,32767,4663.0,16900.0
1698.0,1396.0,8972,16501,18317,16303,16256,17477,32767,32767,32767,32767,32767,2942.0,16900.0
1340.0,1058.0,7270,16501,16187,15372,16256,17477,32767,32767,32767,32767,32767,2160.0,16900.0
1321.0,900.0,9900,16501,17465,17235,16256,17477,32767,32767,32767,32767,32767,3944.0,16900.0
1679.0,1306.0,8508,17306,18743,17701,18353,17477,32767,32767,32767,32767,32767,2879.0,16900.0
1566.0,1193.0,10828,17306,17891,18632,18353,17477,32767,32767,32767,32767,32767,3756.0,16900.0
1472.0,1215.0,9745,17306,17891,20961,19402,17477,32767,32767,32767,32767,32767,2441.0,16900.0
1472.0,1170.0,11137,18111,19595,20030,20975,17477,32767,32767,32767,32767,32767,3005.0,16900.0
1698.0,1441.0,10673,18111,17891,19098,18353,17477,32767,32767,32767,32767,32767,3349.0,16900.0
1472.0,1193.0,12065,18514,20447,20961,20975,17477,32767,32767,32767,32767,32767,4006.0,16900.0
1660.0,1215.0,11911,18916,20873,21893,21500,17477,32767,32767,32767,32767,32767,4663.0,16900.0
1736.0,1148.0,11137,19319,20447,19098,18878,17477,32767,32767,32767,32767,32767,4882.0,16900.0
1486.0,1138.0,8423,15262,16153,17211,16826,17559,32767,32767,32767,32767,32767,2617.0,16900.0
1614.0,1226.0,9626,15653,16153,16758,16316,17559,32767,32767,32767,32767,32767,3469.0,16900.0
1633.0,1247.0,8874,15653,15739,16305,16316,17559,32767,32767,32767,32767,32767,3530.0,16900.0
1596.0,1204.0,9175,15653,16153,15399,15806,17559,32767,32767,32767,32767,32767,3865.0,16900.0
1449.0,1051.0,9325,16045,15739,16758,15806,17559,32767,32767,32767,32767,32767,2952.0,16900.0
1486.0,1160.0,9325,16045,16567,16758,15296,17559,32767,32767,32767,32767,32767,2769.0,16900.0
1669.0,1269.0,9325,16045,16982,16305,16316,17559,32767,32767,32767,32767,32767,3256.0,16900.0
1486.0,1182.0,9776,16045,16567,16305,15806,17559,32767,32767,32767,32767,32767,3713.0,16900.0
1596.0,1226.0,9325,16436,17810,17664,16826,17559,32767,32767,32767,32767,32767,3074.0,16900.0
1743.0,1335.0,10378,16436,19053,18117,17845,17559,32767,32767,32767,32767,32767,3561.0,16900.0
1358.0,1051.0,9776,16827,17810,17664,16826,17559,32767,32767,32767,32767,32767,2769.0,16900.0
1413.0,1094.0,9927,16827,18224,17664,16826,17559,32767,32767,32767,32767,32767,3013.0,16900.0
1504.0,1182.0,9927,16827,17810,17664,16826,17559,32767,32767,32767,32767,32767,3013.0,16900.0
1541.0,1182.0,10227,16827,18224,17211,16826,17559,32767,32767,32767,32767,32767,3256.0,16900.0
1651.0,1401.0,9927,16827,18224,18570,17845,17559,32767,32767,32767,32767,32767,3074.0,16900.0
1486.0,1072.0,10378,17219,18224,18117,17335,17559,32767,32767,32767,32767,32767,3134.0,16900.0
1486.0,1160.0,10227,17219,18638,19023,17335,17559,32767,32767,32767,32767,32767,3104.0,16900.0
1834.0,1379.0,10679,17219,18638,18570,17335,17559,32767,32767,32767,32767,32767,4169.0,16900.0
1724.0,1335.0,9776,17610,17396,17664,17335,17559,32767,32767,32767,32767,32767,3134.0,16900.0
1486.0,1116.0,10829,17610,19053,19023,17845,17559,32767,32767,32767,32767,32767,3165.0,16900.0
1523.0,1269.0,10227,17610,18638,18117,18865,17559,32767,32767,32767,32767,32767,3013.0,16900.0
1596.0,1313.0,10227,17610,18224,19023,18355,17559,32767,32767,32767,32767,32767,2861.0,16900.0
1596.0,1160.0,10829,18001,18638,19476,17335,17559,32767,32767,32767,32767,32767,3774.0,16900.0
1490.0,1193.0,10519,18111,18743,19564,19402,18059,32767,32767,32767,32767,32767,3161.0,16900.0
1396.0,1035.0,11137,18111,18317,19098,18878,18059,32767,32767,32767,32767,32767,3380.0,16900.0
1811.0,1328.0,11137,18514,20873,20030,19402,18059,32767,32767,32767,32767,32767,4444.0,16900.0
2339.0,1891.0,10983,19319,19595,18632,19402,18059,32767,32767,32767,32767,32767,4194.0,16900.0
1660.0,1170.0,12529,19721,20447,20961,19926,18059,32767,32767,32767,32767,32767,4225.0,16900.0
1679.0,1238.0,12684,20928,21299,21893,21500,18059,32767,32767,32767,32767,32767,4507.0,16900.0
1486.0,1182.0,9475,15262,16567,16305,15296,18126,32767,32767,32767,32767,32767,2982.0,16900.0
1651.0,1335.0,8874,15653,16153,16758,15806,18126,32767,32767,32767,32767,32767,3013.0,16900.0
1468.0,1160.0,8874,16045,16567,17664,16316,18126,32767,32767,32767,32767,32767,2800.0,16900.0
1413.0,1116.0,9325,16045,16567,17664,16316,18126,32767,32767,32767,32767,32767,2861.0,16900.0
1431.0,1138.0,9626,16436,18224,17664,16826,18126,32767,32767,32767,32767,32767,2800.0,16900.0
1798.0,1488.0,9475,16436,16982,17211,16826,18126,32767,32767,32767,32767,32767,3926.0,16900.0
1688.0,1269.0,9175,16436,16982,16758,16826,18126,32767,32767,32767,32767,32767,3074.0,16900.0
1614.0,1247.0,9626,16436,17810,17664,16316,18126,32767,32767,32767,32767,32767,3713.0,16900.0
1669.0,1291.0,10077,16827,18638,19023,17335,18126,32767,32767,32767,32767,32767,3561.0,16900.0
1468.0,1138.0,10528,16827,18224,18117,18355,18126,32767,32767,32767,32767,32767,3043.0,16900.0
1541.0,1204.0,10378,16827,17810,17664,17335,18126,32767,32767,32767,32767,32767,3104.0,16900.0
1523.0,1226.0,9927,17219,17810,17664,16826,18126,32767,32767,32767,32767,32767,2921.0,16900.0
1596.0,1291.0,10227,17219,18224,18570,17845,18126,32767,32767,32767,32767,32767,3561.0,16900.0
1633.0,1269.0,9776,17219,17810,17664,17335,18126,32767,32767,32767,32767,32767,3591.0,16900.0
1523.0,1204.0,9927,17219,18638,18117,16826,18126,32767,32767,32767,32767,32767,3134.0,16900.0
1559.0,1247.0,10077,17610,18638,18570,17845,18126,32767,32767,32767,32767,32767,3348.0,16900.0
1578.0,1247.0,10528,18001,19053,19023,18355,18126,32767,32767,32767,32767,32767,2982.0,16900.0
1523.0,1138.0,10829,18001,19053,18570,17845,18126,32767,32767,32767,32767,32767,3287.0,16900.0
1706.0,1335.0,10829,18393,19881,19928,18355,18126,32767,32767,32767,32767,32767,3530.0,16900.0
1468.0,1160.0,10227,18393,19881,19023,18865,18126,32767,32767,32767,32767,32767,2861.0,16900.0
1523.0,1204.0,11280,18393,19881,19928,19375,18126,32767,32767,32767,32767,32767,3256.0,16900.0
1816.0,1466.0,11431,18784,20709,20381,19375,18126,32767,32767,32767,32767,32767,3774.0,16900.0
1669.0,1357.0,10679,18784,20709,19928,20905,18126,32767,32767,32767,32767,32767,2891.0,16900.0
1651.0,1357.0,10528,18784,20295,20381,19375,18126,32767,32767,32767,32767,32767,3378.0,16900.0
1596.0,1269.0,10829,19567,20709,21740,21414,18126,32767,32767,32767,32767,32767,3134.0,16900.0
1669.0,1379.0,11581,19958,21123,20834,19885,18126,32767,32767,32767,32767,32767,3682.0,16900.0
1834.0,1685.0,12183,21132,21952,21740,21414,18126,32767,32767,32767,32767,32767,3621.0,16900.0
2038.0,1711.0,9900,17306,18743,18632,18878,18642,32767,32767,32767,32767,32767,3818.0,16900.0
1604.0,1373.0,11447,18514,20447,20496,20451,18642,32767,32767,32767,32767,32767,4382.0,16900.0
1887.0,1508.0,10519,18916,18743,20030,20975,18642,32767,32767,32767,32767,32767,3631.0,16900.0
1761.0,1401.0,9024,16045,16982,18117,16826,18692,32767,32767,32767,32767,32767,3226.0,16900.0
1761.0,1357.0,9175,16045,16567,16758,17335,18692,32767,32767,32767,32767,32767,3195.0,16900.0
1743.0,1357.0,9927,17219,17810,17211,16826,18692,32767,32767,32767,32767,32767,3621.0,16900.0
1724.0,1466.0,9776,17610,17810,19476,17845,18692,32767,32767,32767,32767,32767,3104.0,16900.0
1486.0,1226.0,10227,17610,18638,18117,17845,18692,32767,32767,32767,32767,32767,3195.0,16900.0
1486.0,1138.0,10077,17610,18224,18117,17335,18692,32767,32767,32767,32767,32767,2708.0,16900.0
1449.0,1226.0,10077,18001,18638,19023,18355,18692,32767,32767,32767,32767,32767,2861.0,16900.0
1504.0,1160.0,10227,18001,19467,18570,17845,18692,32767,32767,32767,32767,32767,3013.0,16900.0
1559.0,1313.0,10679,18001,19881,19928,19375,18692,32767,32767,32767,32767,32767,2708.0,16900.0
1853.0,1620.0,10679,18001,19467,18570,18865,18692,32767,32767,32767,32767,32767,3439.0,16900.0
1486.0,1269.0,10077,18001,19053,18570,19375,18692,32767,32767,32767,32767,32767,2830.0,16900.0
1523.0,1204.0,10979,18001,19467,19476,18355,18692,32767,32767,32767,32767,32767,2952.0,16900.0
1688.0,1401.0,10679,18393,19467,19928,18865,18692,32767,32767,32767,32767,32767,2952.0,16900.0
1504.0,1247.0,10227,18393,19881,19476,19885,18692,32767,32767,32767,32767,32767,2648.0,16900.0
1743.0,1401.0,10679,18784,19881,20381,19375,18692,32767,32767,32767,32767,32767,3378.0,16900.0
1431.0,1160.0,10829,19567,20295,20381,18865,18692,32767,32767,32767,32767,32767,2921.0,16900.0
1761.0,1357.0,11732,19567,21123,20834,19375,18692,32767,32767,32767,32767,32767,3774.0,16900.0
1523.0,1269.0,10979,19567,20295,20834,19375,18692,32767,32767,32767,32767,32767,2830.0,16900.0
1434.0,1125.0,10983,18111,19595,20961,18878,19224,32767,32767,32767,32767,32767,3130.0,16900.0
1811.0,1463.0,10519,18916,19595,21893,23073,19224,32767,32767,32767,32767,32767,4006.0,16900.0
1472.0,1125.0,11601,19319,21299,21427,20975,19224,32767,32767,32767,32767,32767,3349.0,16900.0
1834.0,1488.0,8122,14871,16153,16758,16826,19259,32767,32767,32767,32767,32767,2982.0,16900.0
2018.0,1641.0,8272,15653,16567,16758,17335,19259,32767,32767,32767,32767,32767,3469.0,16900.0
1834.0,1444.0,9024,16045,18224,18117,17335,19259,32767,32767,32767,32767,32767,3408.0,16900.0
1798.0,1466.0,9927,16827,18224,19023,18355,19259,32767,32767,32767,32767,32767,3439.0,16900.0
1743.0,1335.0,9325,16827,17810,18570,17845,19259,32767,32767,32767,32767,32767,3043.0,16900.0
1523.0,1182.0,10528,17219,19467,19023,18865,19259,32767,32767,32767,32767,32767,2891.0,16900.0
1706.0,1357.0,9927,17219,18638,18570,18355,19259,32767,32767,32767,32767,32767,3500.0,16900.0
1853.0,1466.0,10378,17219,18638,19023,17335,19259,32767,32767,32767,32767,32767,3743.0,16900.0
1724.0,1423.0,9626,17219,18224,18117,17845,19259,32767,32767,32767,32767,32767,2921.0,16900.0
1945.0,1510.0,10679,17610,19053,19476,18355,19259,32767,32767,32767,32767,32767,4139.0,16900.0
1486.0,1204.0,10528,18393,20295,19476,18865,19259,32767,32767,32767,32767,32767,2678.0,16900.0
2036.0,2079.0,10528,18784,20295,20381,19885,19259,32767,32767,32767,32767,32767,3226.0,16900.0
1541.0,1226.0,10829,19175,20295,20381,20395,19259,32767,32767,32767,32767,32767,2982.0,16900.0
1523.0,1291.0,10528,19567,20295,20381,21414,19259,32767,32767,32767,32767,32767,3013.0,16900.0
1578.0,1269.0,11431,19958,21952,22193,21414,19259,32767,32767,32767,32767,32767,2891.0,16900.0
1596.0,1269.0,11732,19958,21123,20834,20395,19259,32767,32767,32767,32767,32767,3743.0,16900.0
1779.0,1466.0,12183,20741,23194,23099,22944,19259,32767,32767,32767,32767,32767,3408.0,16900.0
1453.0,1170.0,11756,19721,20873,20496,20975,19807,32767,32767,32767,32767,32767,3411.0,16900.0
2321.0,2026.0,11447,20526,22151,20496,20975,19807,32767,32767,32767,32767,32767,4163.0,16900.0
1698.0,1260.0,12994,20928,22151,21893,20975,19807,32767,32767,32767,32767,32767,4413.0,16900.0
1679.0,1508.0,12220,20928,24280,23756,23597,19807,32767,32767,32767,32767,32767,3474.0,16900.0
1871.0,1510.0,9325,16827,17810,17664,17845,19825,32767,32767,32767,32767,32767,3074.0,16900.0
1945.0,1532.0,10528,17610,19053,18117,18355,19825,32767,32767,32767,32767,32767,3987.0,16900.0
1981.0,1620.0,9325,17610,18638,19023,19375,19825,32767,32767,32767,32767,32767,3013.0,16900.0
1559.0,1313.0,10378,18001,19467,19476,18865,19825,32767,32767,32767,32767,32767,2830.0,16900.0
1559.0,1291.0,9927,18393,19881,19928,19375,19825,32767,32767,32767,32767,32767,2708.0,16900.0
1504.0,1247.0,10227,18393,19881,19476,19885,19825,32767,32767,32767,32767,32767,2830.0,16900.0
1541.0,1226.0,10979,18393,20295,19928,20395,19825,32767,32767,32767,32767,32767,3013.0,16900.0
1926.0,1729.0,10528,18393,19881,19023,19375,19825,32767,32767,32767,32767,32767,3500.0,16900.0
1504.0,1226.0,10679,18393,20709,20381,19375,19825,32767,32767,32767,32767,32767,3043.0,16900.0
1633.0,1313.0,11732,19175,21538,22193,21414,19825,32767,32767,32767,32767,32767,3013.0,16900.0
1633.0,1379.0,11280,19175,20709,20834,19885,19825,32767,32767,32767,32767,32767,3256.0,16900.0
1945.0,1641.0,11431,19567,21952,21740,21924,19825,32767,32767,32767,32767,32767,3317.0,16900.0
1651.0,1488.0,11431,19567,21538,21740,21414,19825,32767,32767,32767,32767,32767,3043.0,16900.0
1706.0,1554.0,11732,19567,21952,21740,20905,19825,32767,32767,32767,32767,32767,3530.0,16900.0
1816.0,1554.0,10979,19958,21952,23099,21924,19825,32767,32767,32767,32767,32767,3408.0,16900.0
1834.0,1620.0,11732,20349,21538,21740,20395,19825,32767,32767,32767,32767,32767,3682.0,16900.0
1614.0,1444.0,12032,21523,23194,23099,22944,19825,32767,32767,32767,32767,32767,2861.0,16900.0
1679.0,1351.0,10364,19319,20873,20030,22024,20389,32767,32767,32767,32767,32767,3787.0,16900.0
1302.0,1035.0,10209,19319,20447,20496,20975,20389,32767,32767,32767,32767,32767,2754.0,16900.0
2849.0,2431.0,8508,19721,20447,20496,20451,20389,32767,32767,32767,32767,32767,3474.0,16900.0
2055.0,1663.0,8874,16827,18224,17664,18355,20392,32767,32767,32767,32767,32767,3317.0,16900.0
1945.0,1576.0,9776,17219,18638,19476,19885,20392,32767,32767,32767,32767,32767,3104.0,16900.0
1963.0,1532.0,10227,17610,19053,19023,18865,20392,32767,32767,32767,32767,32767,3378.0,16900.0
1908.0,1576.0,9927,18001,19053,19928,19375,20392,32767,32767,32767,32767,32767,3134.0,16900.0
1853.0,1466.0,9626,18001,19467,19023,18865,20392,32767,32767,32767,32767,32767,3104.0,16900.0
1853.0,1488.0,10378,18393,19881,19476,19375,20392,32767,32767,32767,32767,32767,3500.0,16900.0
1706.0,1510.0,11581,18784,21952,21287,20395,20392,32767,32767,32767,32767,32767,3348.0,16900.0
1816.0,1510.0,10528,19175,19881,20834,20395,20392,32767,32767,32767,32767,32767,3287.0,16900.0
1578.0,1313.0,10679,19175,20709,20381,21414,20392,32767,32767,32767,32767,32767,2739.0,16900.0
1651.0,1357.0,10979,19175,21952,20834,20905,20392,32767,32767,32767,32767,32767,3348.0,16900.0
1945.0,1576.0,10528,19567,21538,21740,20905,20392,32767,32767,32767,32767,32767,3317.0,16900.0
1945.0,1817.0,11431,19958,22366,21740,22434,20392,32767,32767,32767,32767,32767,3104.0,16900.0
1706.0,1576.0,12183,20741,22780,23099,21924,20392,32767,32767,32767,32767,32767,2830.0,16900.0
1743.0,1247.0,12333,20741,22780,24005,20905,20392,32767,32767,32767,32767,32767,4443.0,16900.0
1743.0,1620.0,12183,20741,22780,22646,21924,20392,32767,32767,32767,32767,32767,3287.0,16900.0
1945.0,1773.0,11431,21132,22780,21740,21924,20392,32767,32767,32767,32767,32767,3074.0,16900.0
1743.0,1401.0,12333,21132,23194,22646,21924,20392,32767,32767,32767,32767,32767,4017.0,16900.0
1926.0,1641.0,12634,22306,24023,24005,23964,20392,32767,32767,32767,32767,32767,3439.0,16900.0
1743.0,1620.0,10528,18393,21123,20834,20905,20958,32767,32767,32767,32767,32767,3074.0,16900.0
1651.0,1401.0,10227,18784,20295,20381,19375,20958,32767,32767,32767,32767,32767,2800.0,16900.0
2055.0,1663.0,10679,18784,20709,20834,20395,20958,32767,32767,32767,32767,32767,3439.0,16900.0
1743.0,1488.0,11431,19175,21952,21740,21414,20958,32767,32767,32767,32767,32767,3287.0,16900.0
1706.0,1576.0,10829,19958,21123,20381,21924,20958,32767,32767,32767,32767,32767,3013.0,16900.0
1614.0,1488.0,11732,21132,22780,22193,22434,20958,32767,32767,32767,32767,32767,2648.0,16900.0
1688.0,1466.0,12484,21132,24437,22646,22434,20958,32767,32767,32767,32767,32767,3682.0,16900.0
1908.0,1663.0,12333,21523,23609,22646,23454,20958,32767,32767,32767,32767,32767,3287.0,16900.0
1651.0,1357.0,11882,21523,23609,23552,22434,20958,32767,32767,32767,32767,32767,3134.0,16900.0
1908.0,1795.0,13236,23089,24851,24458,23454,20958,32767,32767,32767,32767,32767,3439.0,16900.0
1523.0,1291.0,13085,23480,24851,25364,24983,20958,32767,32767,32767,32767,32767,2891.0,16900.0
1943.0,1778.0,13922,22941,25558,23756,24121,20972,32767,32767,32767,32767,32767,3474.0,16900.0
2220.0,1795.0,9475,16827,18638,19476,19885,21524,32767,32767,32767,32767,32767,3530.0,16900.0
2055.0,1641.0,9325,16827,18638,19023,19375,21524,32767,32767,32767,32767,32767,3713.0,16900.0
1908.0,1751.0,9325,18001,19467,19928,20905,21524,32767,32767,32767,32767,32767,2587.0,16900.0
2018.0,1685.0,9626,18393,18638,20381,20905,21524,32767,32767,32767,32767,32767,3134.0,16900.0
2000.0,1685.0,9776,18784,20709,20834,20395,21524,32767,32767,32767,32767,32767,3195.0,16900.0
1596.0,1444.0,10979,19175,21952,22193,21924,21524,32767,32767,32767,32767,32767,2769.0,16900.0
2201.0,1838.0,9776,19175,19881,21287,21924,21524,32767,32767,32767,32767,32767,3074.0,16900.0
2055.0,1817.0,10829,19567,21952,21740,22434,21524,32767,32767,32767,32767,32767,3530.0,16900.0
1688.0,1444.0,10829,19958,21538,21740,21414,21524,32767,32767,32767,32767,32767,2861.0,16900.0
1779.0,1532.0,10979,20349,22366,21740,21924,21524,32767,32767,32767,32767,32767,2921.0,16900.0
1981.0,1685.0,10979,20741,23194,22193,22434,21524,32767,32767,32767,32767,32767,3195.0,16900.0
2220.0,1882.0,12333,21132,23609,23552,22944,21524,32767,32767,32767,32767,32767,3804.0,16900.0
1688.0,1488.0,11882,21132,24023,22646,21924,21524,32767,32767,32767,32767,32767,2921.0,16900.0
2165.0,1948.0,12634,21132,23609,22646,22434,21524,32767,32767,32767,32767,32767,3621.0,16900.0
1834.0,1663.0,12183,21523,23609,23552,23964,21524,32767,32767,32767,32767,32767,2861.0,16900.0
1669.0,1488.0,12032,21523,23194,23099,23454,21524,32767,32767,32767,32767,32767,3226.0,16900.0
1669.0,1401.0,11581,21915,23194,24005,23454,21524,32767,32767,32767,32767,32767,2374.0,16900.0
1651.0,1269.0,12784,22697,24437,27628,26003,21524,32767,32767,32767,32767,32767,2982.0,16900.0
1926.0,1641.0,12634,23089,25265,26269,26003,21524,32767,32767,32767,32767,32767,3621.0,16900.0
1798.0,1663.0,12935,23871,25265,24911,24983,21524,32767,32767,32767,32767,32767,3043.0,16900.0
2330.0,2013.0,10378,19567,20709,22193,21924,22091,32767,32767,32767,32767,32767,3561.0,16900.0
2073.0,1773.0,10528,19958,22366,22646,22434,22091,32767,32767,32767,32767,32767,3165.0,16900.0
1761.0,1510.0,11431,20349,22366,22193,20905,22091,32767,32767,32767,32767,32767,3165.0,16900.0
2000.0,1685.0,11732,20741,22780,22193,22944,22091,32767,32767,32767,32767,32767,3408.0,16900.0
1724.0,1532.0,11431,21132,22780,23099,24474,22091,32767,32767,32767,32767,32767,2708.0,16900.0
1596.0,1401.0,12183,21523,24023,24005,23454,22091,32767,32767,32767,32767,32767,3043.0,16900.0
1761.0,1685.0,12032,23089,24437,25364,24474,22091,32767,32767,32767,32767,32767,3013.0,16900.0
1773.0,1418.0,9126,20928,21725,22825,24121,22137,32767,32767,32767,32767,32767,2692.0,16900.0
2183.0,1860.0,9325,18393,20295,19476,20905,22657,32767,32767,32767,32767,32767,3013.0,16900.0
2348.0,2013.0,11130,20349,22780,22646,22944,22657,32767,32767,32767,32767,32767,3439.0,16900.0
1596.0,1401.0,11431,20741,22780,22646,22434,22657,32767,32767,32767,32767,32767,2769.0,16900.0
2146.0,1838.0,10979,20741,21952,21740,21924,22657,32767,32767,32767,32767,32767,3134.0,16900.0
2110.0,1904.0,11882,20741,22780,23552,23454,22657,32767,32767,32767,32767,32767,3561.0,16900.0
2000.0,1663.0,11732,21132,23609,22193,23454,22657,32767,32767,32767,32767,32767,3591.0,16900.0
2018.0,1817.0,11581,21132,22780,22646,23964,22657,32767,32767,32767,32767,32767,3439.0,16900.0
2000.0,1795.0,11732,21523,24437,23552,23964,22657,32767,32767,32767,32767,32767,2891.0,16900.0
1926.0,1620.0,13536,22306,24437,25816,24983,22657,32767,32767,32767,32767,32767,3469.0,16900.0
1871.0,1707.0,12183,22697,24851,24458,24474,22657,32767,32767,32767,32767,32767,2861.0,16900.0
1871.0,1685.0,12183,22697,25265,24911,24474,22657,32767,32767,32767,32767,32767,2587.0,16900.0
1779.0,1707.0,12634,23871,24851,25364,25493,22657,32767,32767,32767,32767,32767,2982.0,16900.0
1596.0,1444.0,13085,24654,26094,27628,27023,22657,32767,32767,32767,32767,32767,2891.0,16900.0
1669.0,1532.0,13837,24654,28165,27175,27533,22657,32767,32767,32767,32767,32767,3226.0,16900.0
1981.0,1838.0,13988,25045,27750,27175,26513,22657,32767,32767,32767,32767,32767,3469.0,16900.0
2220.0,1904.0,10077,19175,21123,21740,21924,23224,32767,32767,32767,32767,32767,3408.0,16900.0
2403.0,2123.0,9776,19567,21123,20834,22944,23224,32767,32767,32767,32767,32767,3256.0,16900.0
1871.0,1620.0,11431,21523,24437,24005,24474,23224,32767,32767,32767,32767,32767,3043.0,16900.0
2036.0,1817.0,11882,21915,23609,24458,24474,23224,32767,32767,32767,32767,32767,2921.0,16900.0
2036.0,1904.0,12333,21915,24851,24458,24983,23224,32767,32767,32767,32767,32767,3378.0,16900.0
2183.0,2276.0,12484,23480,25265,24911,26003,23224,32767,32767,32767,32767,32767,3256.0,16900.0
2036.0,1838.0,13386,23871,25265,26269,25493,23224,32767,32767,32767,32767,32767,3682.0,16900.0
1761.0,1817.0,12935,24263,27336,28081,28043,23224,32767,32767,32767,32767,32767,3013.0,16900.0
1834.0,1707.0,13687,25045,26922,27175,26513,23224,32767,32767,32767,32767,32767,3226.0,16900.0
2075.0,1711.0,11911,19721,23003,23756,25170,23302,32767,32767,32767,32767,32767,4789.0,16900.0
2773.0,2543.0,11911,22136,23854,25154,26743,23302,32767,32767,32767,32767,32767,4131.0,16900.0
2736.0,2318.0,12839,23746,25558,25620,27268,23302,32767,32767,32767,32767,32767,4820.0,16900.0
2311.0,2013.0,9776,19567,21952,21287,21924,23790,32767,32767,32767,32767,32767,3195.0,16900.0
2275.0,2101.0,10528,20349,22780,22646,23964,23790,32767,32767,32767,32767,32767,3226.0,16900.0
1981.0,1838.0,11581,22697,25679,25364,26513,23790,32767,32767,32767,32767,32767,2648.0,16900.0
1779.0,1466.0,12634,23871,26094,27175,26513,23790,32767,32767,32767,32767,32767,2800.0,16900.0
1926.0,1882.0,12935,24263,26094,26722,26003,23790,32767,32767,32767,32767,32767,2861.0,16900.0
2151.0,1801.0,10983,20928,23003,24688,25695,23885,32767,32767,32767,32767,32767,4350.0,16900.0
2311.0,2101.0,10378,19958,22780,22193,22434,24357,32767,32767,32767,32767,32767,3256.0,16900.0
1890.0,1838.0,11882,22697,25679,27175,27533,24357,32767,32767,32767,32767,32767,2769.0,16900.0
2201.0,2035.0,13687,23480,26922,26269,26513,24357,32767,32767,32767,32767,32767,3591.0,16900.0
1926.0,1838.0,13837,25437,26922,27628,27533,24357,32767,32767,32767,32767,32767,3469.0,16900.0
2453.0,2093.0,10828,22941,25132,22825,25695,24467,32767,32767,32767,32767,32767,3537.0,16900.0
2434.0,2161.0,14076,25356,27688,28880,29890,24467,32767,32767,32767,32767,32767,4507.0,16900.0
2201.0,2189.0,12484,23871,26094,26722,27023,24923,32767,32767,32767,32767,32767,3195.0,16900.0
2396.0,2161.0,13303,24148,27688,26551,28841,25050,32767,32767,32767,32767,32767,4006.0,16900.0
1926.0,1817.0,14890,27785,30650,31251,31612,25490,32767,32767,32767,32767,32767,3317.0,16900.0
2220.0,2517.0,15191,28567,31064,31251,31102,25490,32767,32767,32767,32767,32767,3591.0,16900.0
2509.0,2071.0,11447,23746,25984,26085,28316,25632,32767,32767,32767,32767,32767,3975.0,16900.0
2905.0,2543.0,12994,24148,26836,25154,27268,25632,32767,32767,32767,32767,32767,4413.0,16900.0
2679.0,2341.0,12529,24953,26836,27949,30414,25632,32767,32767,32767,32767,32767,3881.0,16900.0
2509.0,2116.0,11292,25356,26410,27017,28316,25632,32767,32767,32767,32767,32767,3318.0,16900.0
2073.0,2101.0,15341,28959,32306,32157,31612,26056,32767,32767,32767,32767,32767,3165.0,16900.0
2472.0,2138.0,11447,22538,25132,28414,28316,26215,32767,32767,32767,32767,32767,3599.0,16900.0
2733.0,2473.0,13085,24263,27336,27628,28043,26622,32767,32767,32767,32767,32767,3621.0,16900.0
2073.0,1970.0,11882,25045,27336,28987,30082,26622,32767,32767,32767,32767,32767,2587.0,16900.0
2311.0,2276.0,15943,29741,32767,32767,32632,26622,32767,32767,32767,32767,32767,3500.0,16900.0
2898.0,2604.0,12183,23871,28165,28987,31612,27755,32767,32767,32767,32767,32767,3408.0,16900.0
2440.0,2648.0,13085,27393,30650,31704,32767,27755,32767,32767,32767,32767,32767,3439.0,16900.0
2868.0,2521.0,10828,24148,26410,27017,29890,27963,32767,32767,32767,32767,32767,3662.0,16900.0
3132.0,2656.0,10983,24551,25984,29812,31463,27963,32767,32767,32767,32767,32767,3693.0,16900.0
2792.0,2431.0,14850,29783,32767,32767,32767,29128,32767,32767,32767,32767,32767,4413.0,16900.0
1076.0,713.0,6205,12746,11242,11310,11625,14760,32767,32767,32767,32767,32767,2577.0,17000.0
1315.0,879.0,8165,14021,13490,12785,13286,14760,32767,32767,32767,32767,32767,3502.0,17000.0
1215.0,903.0,7838,14870,15289,15244,14946,15989,32767,32767,32767,32767,32767,2478.0,17000.0
1315.0,927.0,10124,15720,16638,15736,14946,15989,32767,32767,32767,32767,32767,3634.0,17000.0
1434.0,950.0,8981,16145,16189,15736,14393,15989,32767,32767,32767,32767,32767,3734.0,17000.0
1275.0,879.0,9144,14870,15289,14260,14393,16604,32767,32767,32767,32767,32767,3568.0,17000.0
1334.0,974.0,8818,15295,15289,15244,15500,16604,32767,32767,32767,32767,32767,3271.0,17000.0
1354.0,903.0,10124,16145,16189,16227,15500,16604,32767,32767,32767,32767,32767,4064.0,17000.0
1374.0,974.0,10614,16145,17538,16719,15500,16604,32767,32767,32767,32767,32767,3568.0,17000.0
1414.0,1093.0,8981,16145,16638,17211,16607,16604,32767,32767,32767,32767,32767,2908.0,17000.0
1354.0,950.0,10614,16570,17538,16719,16053,16604,32767,32767,32767,32767,32767,3899.0,17000.0
1275.0,879.0,9308,15295,15739,15736,14946,17219,32767,32767,32767,32767,32767,3370.0,17000.0
1315.0,879.0,10124,16145,16638,15244,14946,17219,32767,32767,32767,32767,32767,3899.0,17000.0
1374.0,1022.0,8328,16570,16189,15244,16053,17219,32767,32767,32767,32767,32767,2676.0,17000.0
1295.0,879.0,10614,17420,18437,17703,16607,17219,32767,32767,32767,32767,32767,3601.0,17000.0
1374.0,974.0,10614,17420,17987,17703,16607,17219,32767,32767,32767,32767,32767,3469.0,17000.0
1334.0,927.0,10614,17420,18437,17703,17161,17834,32767,32767,32767,32767,32767,3667.0,17000.0
1394.0,974.0,11431,17420,18887,17703,17714,17834,32767,32767,32767,32767,32767,4427.0,17000.0
1434.0,1069.0,11757,17845,19336,18194,17714,17834,32767,32767,32767,32767,32767,4196.0,17000.0
1474.0,1093.0,11104,18269,19786,19670,17161,17834,32767,32767,32767,32767,32767,3734.0,17000.0
1315.0,1046.0,10451,18269,17987,19178,17161,17834,32767,32767,32767,32767,32767,3899.0,17000.0
1215.0,855.0,7838,16145,15739,15736,16053,18449,32767,32767,32767,32767,32767,2379.0,17000.0
1374.0,927.0,10614,16570,17088,16719,15500,18449,32767,32767,32767,32767,32767,3734.0,17000.0
1454.0,1093.0,11267,16995,17538,18194,17161,18449,32767,32767,32767,32767,32767,3767.0,17000.0
1593.0,1283.0,9961,17845,17538,18686,17714,18449,32767,32767,32767,32767,32767,3667.0,17000.0
1235.0,855.0,10777,18694,19336,18686,17714,18449,32767,32767,32767,32767,32767,3800.0,17000.0
1514.0,998.0,11267,19119,19786,20161,18268,18449,32767,32767,32767,32767,32767,4593.0,17000.0
1454.0,1093.0,12084,19544,19786,19670,19375,18449,32767,32767,32767,32767,32767,3998.0,17000.0
1414.0,1093.0,10777,17845,18437,17703,17714,19064,32767,32767,32767,32767,32767,3238.0,17000.0
1892.0,1544.0,9308,18269,18887,17703,17714,19064,32767,32767,32767,32767,32767,3337.0,17000.0
1633.0,1188.0,11920,18694,19786,20161,19375,19064,32767,32767,32767,32767,32767,4097.0,17000.0
1295.0,1022.0,10451,19119,18887,18686,18821,19064,32767,32767,32767,32767,32767,2610.0,17000.0
1693.0,1402.0,8491,17420,17538,19670,19928,19679,32767,32767,32767,32767,32767,2577.0,17000.0
1354.0,1022.0,11431,19544,21135,20653,19928,19679,32767,32767,32767,32767,32767,3535.0,17000.0
1534.0,1164.0,12084,19544,20685,19670,19928,19679,32767,32767,32767,32767,32767,3667.0,17000.0
1733.0,1236.0,12247,21244,22484,23112,21589,19679,32767,32767,32767,32767,32767,4824.0,17000.0
1733.0,1354.0,8328,16570,17088,17211,18821,20294,32767,32767,32767,32767,32767,2874.0,17000.0
1713.0,1354.0,7675,17420,17987,16719,17714,20294,32767,32767,32767,32767,32767,2775.0,17000.0
1633.0,1188.0,9634,19544,19786,20161,19928,20294,32767,32767,32767,32767,32767,3205.0,17000.0
1653.0,1426.0,13064,20394,21585,22620,22143,20294,32767,32767,32767,32767,32767,3800.0,17000.0
1673.0,1307.0,8818,17420,17987,17211,19375,20909,32767,32767,32767,32767,32767,3106.0,17000.0
1593.0,1307.0,13390,21244,23384,22128,22143,20909,32767,32767,32767,32767,32767,3667.0,17000.0
1773.0,1307.0,13390,21668,22484,22620,21589,20909,32767,32767,32767,32767,32767,4923.0,17000.0
1613.0,1141.0,12084,21668,22484,21636,21035,20909,32767,32767,32767,32767,32767,4460.0,17000.0
1573.0,1259.0,12574,20394,22034,22128,21035,21524,32767,32767,32767,32767,32767,3833.0,17000.0
1633.0,1117.0,12084,20819,21585,22128,21035,21524,32767,32767,32767,32767,32767,4196.0,17000.0
1912.0,1687.0,12900,21668,22934,24095,23803,21524,32767,32767,32767,32767,32767,4163.0,17000.0
1872.0,1687.0,12737,22093,23384,22620,22696,21524,32767,32767,32767,32767,32767,3866.0,17000.0
1613.0,1331.0,13227,22518,24733,23603,23803,21524,32767,32767,32767,32767,32767,3767.0,17000.0
1812.0,1402.0,13880,22943,24733,23603,22696,21524,32767,32767,32767,32767,32767,4163.0,17000.0
1713.0,1544.0,11267,21668,21585,24587,25464,22139,32767,32767,32767,32767,32767,3040.0,17000.0
1613.0,1283.0,9144,18694,20236,21636,21589,22754,32767,32767,32767,32767,32767,2908.0,17000.0
1713.0,1568.0,13390,23368,24733,24587,23803,22754,32767,32767,32767,32767,32767,3634.0,17000.0
1952.0,1711.0,9144,19544,20685,21145,21035,23369,32767,32767,32767,32767,32767,2742.0,17000.0
1952.0,1616.0,12247,21668,23833,23112,23803,23369,32767,32767,32767,32767,32767,3866.0,17000.0
1713.0,1711.0,13390,22943,24733,25570,25464,23369,32767,32767,32767,32767,32767,3304.0,17000.0
1912.0,1568.0,12737,23368,23833,24095,23803,23369,32767,32767,32767,32767,32767,3932.0,17000.0
1713.0,1402.0,12900,23368,25182,25079,24910,23369,32767,32767,32767,32767,32767,3238.0,17000.0
1952.0,1758.0,15186,23793,26531,26062,26018,23369,32767,32767,32767,32767,32767,3866.0,17000.0
1872.0,1544.0,15840,24218,26981,26062,25464,23369,32767,32767,32767,32767,32767,4659.0,17000.0
1872.0,1521.0,11920,22518,22934,22620,23803,23984,32767,32767,32767,32767,32767,3700.0,17000.0
1773.0,1711.0,14370,26342,27880,28029,28232,24599,32767,32767,32767,32767,32767,3106.0,17000.0
1613.0,1853.0,13880,28041,29229,31471,31553,24599,32767,32767,32767,32767,32767,2313.0,17000.0
1832.0,1853.0,14697,26342,28780,28521,28785,25214,32767,32767,32767,32767,32767,3535.0,17000.0
2271.0,1972.0,10614,20819,22484,24587,25464,25829,32767,32767,32767,32767,32767,3469.0,17000.0
2410.0,2067.0,13064,23793,26082,25570,27125,25829,32767,32767,32767,32767,32767,3965.0,17000.0
1852.0,1948.0,14860,26342,29229,29504,30446,25829,32767,32767,32767,32767,32767,3238.0,17000.0
1733.0,1473.0,15186,27192,29229,28521,28785,26444,32767,32767,32767,32767,32767,3568.0,17000.0
2729.0,2329.0,11594,22943,24283,23112,26571,27059,32767,32767,32767,32767,32767,3767.0,17000.0
2231.0,1877.0,13064,25067,26531,26554,27678,27059,32767,32767,32767,32767,32767,4031.0,17000.0
1633.0,1354.0,10614,22093,22934,25079,27678,27674,32767,32767,32767,32767,32767,2841.0,17000.0
2350.0,1925.0,12084,23793,25632,27537,29339,28289,32767,32767,32767,32767,32767,3833.0,17000.0
2649.0,2329.0,12900,25067,27880,29504,31000,30134,32767,32767,32767,32767,32767,3899.0,17000.0
2529.0,2257.0,13390,26767,28780,28521,29339,30134,32767,32767,32767,32767,32767,3866.0,17000.0
2988.0,2638.0,13390,26767,30129,30488,32767,31364,32767,32767,32767,32767,32767,4163.0,17000.0
2729.0,2400.0,13390,28466,31928,31471,32767,31979,32767,32767,32767,32767,32767,4295.0,17000.0
2629.0,2257.0,11431,25492,27431,29996,32660,32594,32767,32767,32767,32767,32767,3370.0,17000.0
2848.0,2471.0,13227,26767,29229,30979,32660,32767,32767,32767,32767,32767,32767,4196.0,17000.0
2629.0,2305.0,13553,26767,30578,30979,32767,32767,32767,32767,32767,32767,32767,4394.0,17000.0
2510.0,2115.0,14860,29316,32767,32767,32767,32767,32767,32767,32767,32767,32767,4427.0,17000.0
2045.0,1663.0,5639,11499,11331,10096,10332,9757,32767,32767,32767,32767,32767,2837.0,17100.0
1662.0,1239.0,8205,14098,15774,14919,14170,12244,32767,32767,32767,32767,32767,2882.0,17100.0
1114.0,788.0,5109,10876,9379,10257,9972,12827,32767,32767,32767,32767,32767,1660.0,17100.0
1152.0,798.0,4724,11102,9652,9178,9299,13200,32767,32767,32767,32767,32767,1634.0,17100.0
1039.0,698.0,5573,10473,10658,10257,11021,13410,32767,32767,32767,32767,32767,1848.0,17100.0
1245.0,887.0,8382,13878,14269,13308,13432,13774,32767,32767,32767,32767,32767,3145.0,17100.0
1283.0,909.0,8991,14671,15108,15144,13949,13774,32767,32767,32767,32767,32767,3207.0,17100.0
1473.0,991.0,9599,14501,14922,13986,13645,13993,32767,32767,32767,32767,32767,4166.0,17100.0
1073.0,687.0,6026,11442,10765,12262,11043,14108,32767,32767,32767,32767,32767,2175.0,17100.0
1510.0,995.0,5538,11866,11662,11772,11595,14108,32767,32767,32767,32767,32767,2439.0,17100.0
1172.0,806.0,6189,12714,12110,12753,11595,14108,32767,32767,32767,32767,32767,2010.0,17100.0
1041.0,732.0,4267,9913,9652,10096,10332,14348,32767,32767,32767,32767,32767,1079.0,17100.0
1097.0,776.0,7010,13085,12170,13767,12399,14348,32767,32767,32767,32767,32767,1881.0,17100.0
1245.0,865.0,8839,13481,14688,15144,13949,14348,32767,32767,32767,32767,32767,2898.0,17100.0
1245.0,865.0,8839,13878,14688,14685,13432,14348,32767,32767,32767,32767,32767,2898.0,17100.0
1264.0,887.0,8839,14274,14688,15603,13432,14348,32767,32767,32767,32767,32767,2806.0,17100.0
1283.0,865.0,8686,14274,14688,14226,13432,14348,32767,32767,32767,32767,32767,3207.0,17100.0
1320.0,998.0,9448,15067,15528,14685,13949,14348,32767,32767,32767,32767,32767,3145.0,17100.0
1397.0,991.0,9134,14098,14069,14452,14170,14576,32767,32767,32767,32767,32767,3634.0,17100.0
1416.0,946.0,9134,14098,14495,14452,14695,14576,32767,32767,32767,32767,32767,3634.0,17100.0
1435.0,991.0,10218,15710,16201,15851,14695,14576,32767,32767,32767,32767,32767,3853.0,17100.0
1152.0,853.0,5701,12714,12559,11772,11595,14722,32767,32767,32767,32767,32767,1780.0,17100.0
1132.0,735.0,6189,12714,12110,12262,12700,14722,32767,32767,32767,32767,32767,2340.0,17100.0
1311.0,877.0,7981,14409,14353,13734,13804,14722,32767,32767,32767,32767,32767,3065.0,17100.0
1232.0,948.0,7818,14833,14802,14714,14908,14722,32767,32767,32767,32767,32767,2175.0,17100.0
1311.0,877.0,9447,14833,14802,14224,13252,14722,32767,32767,32767,32767,32767,3724.0,17100.0
1190.0,887.0,6553,14274,13429,14226,14465,14922,32767,32767,32767,32767,32767,1696.0,17100.0
1190.0,865.0,8382,14671,14269,13767,13432,14922,32767,32767,32767,32767,32767,2590.0,17100.0
1301.0,931.0,9296,15860,15108,16062,14982,14922,32767,32767,32767,32767,32767,2775.0,17100.0
1394.0,1109.0,9448,16257,17206,16980,14982,14922,32767,32767,32767,32767,32767,2559.0,17100.0
1322.0,879.0,8670,13696,13643,13520,14170,15159,32767,32767,32767,32767,32767,3602.0,17100.0
1416.0,991.0,9289,14501,15348,13986,14170,15159,32767,32767,32767,32767,32767,3383.0,17100.0
1492.0,1036.0,10218,15710,15774,16317,15220,15159,32767,32767,32767,32767,32767,3884.0,17100.0
1454.0,1081.0,9908,15710,17480,16784,15745,15159,32767,32767,32767,32767,32767,3352.0,17100.0
1548.0,991.0,10992,16113,16627,15851,14695,15159,32767,32767,32767,32767,32767,4354.0,17100.0
1291.0,877.0,6678,12714,13008,12262,12147,15335,32767,32767,32767,32767,32767,2768.0,17100.0
1113.0,687.0,6189,12714,11662,12262,11595,15335,32767,32767,32767,32767,32767,2406.0,17100.0
1252.0,830.0,8470,13561,13905,15205,13252,15335,32767,32767,32767,32767,32767,3230.0,17100.0
1450.0,995.0,7655,13985,12559,13734,13252,15335,32767,32767,32767,32767,32767,4416.0,17100.0
1232.0,948.0,7004,13985,14353,14224,13252,15335,32767,32767,32767,32767,32767,1944.0,17100.0
1212.0,924.0,6352,13985,13456,14224,13804,15335,32767,32767,32767,32767,32767,2076.0,17100.0
1311.0,877.0,8633,14833,13905,14714,14356,15335,32767,32767,32767,32767,32767,3493.0,17100.0
1232.0,830.0,9284,14833,14802,15205,13804,15335,32767,32767,32767,32767,32767,3427.0,17100.0
1311.0,877.0,9447,14833,15250,14224,14908,15335,32767,32767,32767,32767,32767,3526.0,17100.0
1291.0,877.0,9936,15680,15699,14224,14356,15335,32767,32767,32767,32767,32767,3493.0,17100.0
1331.0,901.0,10261,16104,16596,15695,14908,15335,32767,32767,32767,32767,32767,3889.0,17100.0
1245.0,909.0,8534,14274,15108,15144,14982,15496,32767,32767,32767,32767,32767,2775.0,17100.0
1245.0,931.0,8991,15067,15947,16062,14465,15496,32767,32767,32767,32767,32767,2652.0,17100.0
1264.0,887.0,9448,15860,15947,16062,14982,15496,32767,32767,32767,32767,32767,2744.0,17100.0
1375.0,1042.0,9448,15860,16367,14685,14465,15496,32767,32767,32767,32767,32767,3083.0,17100.0
1413.0,1020.0,10058,15860,17626,16521,16015,15496,32767,32767,32767,32767,32767,3083.0,17100.0
1301.0,998.0,8686,15860,15947,16062,14465,15496,32767,32767,32767,32767,32767,2590.0,17100.0
1431.0,1064.0,10058,16653,16367,16062,13432,15496,32767,32767,32767,32767,32767,3423.0,17100.0
1227.0,766.0,7741,13293,13216,13986,13121,15742,32767,32767,32767,32767,32767,2694.0,17100.0
1397.0,924.0,9289,14098,15348,15385,15220,15742,32767,32767,32767,32767,32767,3790.0,17100.0
1492.0,1059.0,8360,14501,15348,14452,14695,15742,32767,32767,32767,32767,32767,3101.0,17100.0
1530.0,1014.0,10063,14904,17053,16317,15745,15742,32767,32767,32767,32767,32767,3916.0,17100.0
1473.0,1014.0,9289,14904,14922,14919,14695,15742,32767,32767,32767,32767,32767,3540.0,17100.0
1416.0,1036.0,9289,14904,15774,14919,15220,15742,32767,32767,32767,32767,32767,3540.0,17100.0
1492.0,1059.0,9444,15307,16201,14919,14695,15742,32767,32767,32767,32767,32767,3571.0,17100.0
1360.0,924.0,9753,15307,16627,15851,14695,15742,32767,32767,32767,32767,32767,3790.0,17100.0
1435.0,969.0,9753,15710,16201,15851,16270,15742,32767,32767,32767,32767,32767,3571.0,17100.0
1360.0,924.0,9753,15710,16627,15851,15745,15742,32767,32767,32767,32767,32767,3446.0,17100.0
1473.0,969.0,9753,15710,16201,15851,15745,15742,32767,32767,32767,32767,32767,3696.0,17100.0
1416.0,969.0,9599,15710,15348,15851,14695,15742,32767,32767,32767,32767,32767,3289.0,17100.0
1492.0,1036.0,10063,16113,17053,15851,15745,15742,32767,32767,32767,32767,32767,3790.0,17100.0
1454.0,969.0,9908,16113,16201,16784,15745,15742,32767,32767,32767,32767,32767,3634.0,17100.0
1416.0,969.0,10682,16113,17906,16784,16794,15742,32767,32767,32767,32767,32767,3822.0,17100.0
1548.0,1126.0,10528,17724,18333,17250,16794,15742,32767,32767,32767,32767,32767,3540.0,17100.0
1172.0,782.0,7818,13137,12559,12753,12700,15949,32767,32767,32767,32767,32767,2966.0,17100.0
1291.0,853.0,8144,14409,13905,15205,13804,15949,32767,32767,32767,32767,32767,3691.0,17100.0
1331.0,877.0,9610,14833,15250,15205,13252,15949,32767,32767,32767,32767,32767,3823.0,17100.0
1331.0,901.0,9610,15256,15699,15695,14356,15949,32767,32767,32767,32767,32767,3856.0,17100.0
1291.0,924.0,9447,15256,16147,14714,14908,15949,32767,32767,32767,32767,32767,3559.0,17100.0
1291.0,877.0,9284,15256,15699,14224,14356,15949,32767,32767,32767,32767,32767,3296.0,17100.0
1410.0,1067.0,10098,15680,16596,15695,14908,15949,32767,32767,32767,32767,32767,3823.0,17100.0
1271.0,877.0,9773,16104,16596,16676,16012,15949,32767,32767,32767,32767,32767,3329.0,17100.0
1291.0,901.0,9773,16104,16147,15695,14356,15949,32767,32767,32767,32767,32767,3592.0,17100.0
1410.0,972.0,10587,16104,16596,16676,16565,15949,32767,32767,32767,32767,32767,3922.0,17100.0
1371.0,995.0,9936,16528,17493,16676,15460,15949,32767,32767,32767,32767,32767,3098.0,17100.0
1311.0,901.0,10098,16528,16147,15205,14908,15949,32767,32767,32767,32767,32767,3757.0,17100.0
1264.0,887.0,9144,15464,15108,15603,14982,16070,32767,32767,32767,32767,32767,2960.0,17100.0
1283.0,909.0,9144,15464,15528,16062,14465,16070,32767,32767,32767,32767,32767,2898.0,17100.0
1320.0,1020.0,9144,15860,16367,15603,14982,16070,32767,32767,32767,32767,32767,2960.0,17100.0
1338.0,1020.0,9296,15860,15947,15603,14465,16070,32767,32767,32767,32767,32767,2898.0,17100.0
1394.0,1131.0,8991,15860,16367,16521,14982,16070,32767,32767,32767,32767,32767,2220.0,17100.0
1227.0,976.0,7315,16257,15528,14685,14982,16070,32767,32767,32767,32767,32767,1233.0,17100.0
1320.0,976.0,9753,16257,16787,17898,15498,16070,32767,32767,32767,32767,32767,2652.0,17100.0
1375.0,1109.0,9906,16653,17206,18357,16015,16070,32767,32767,32767,32767,32767,2683.0,17100.0
1357.0,1153.0,9753,16653,17206,16521,16015,16070,32767,32767,32767,32767,32767,2498.0,17100.0
1394.0,1064.0,10210,16653,17626,17439,16532,16070,32767,32767,32767,32767,32767,3114.0,17100.0
1320.0,1087.0,8839,16653,16787,16521,15498,16070,32767,32767,32767,32767,32767,2035.0,17100.0
1394.0,1153.0,10210,17050,18885,17898,16015,16070,32767,32767,32767,32767,32767,2559.0,17100.0
1283.0,1020.0,9601,17050,17206,16521,16015,16070,32767,32767,32767,32767,32767,2621.0,17100.0
1357.0,1087.0,10058,17050,18046,18357,17565,16070,32767,32767,32767,32767,32767,2590.0,17100.0
1394.0,1131.0,9906,17446,18465,18357,17048,16070,32767,32767,32767,32767,32767,2528.0,17100.0
1431.0,1220.0,7315,17843,15947,15603,16015,16070,32767,32767,32767,32767,32767,1542.0,17100.0
1454.0,1014.0,9753,14904,15774,15851,15220,16325,32767,32767,32767,32767,32767,3822.0,17100.0
1454.0,1081.0,9753,15307,17053,15851,15745,16325,32767,32767,32767,32767,32767,3508.0,17100.0
1416.0,991.0,9599,15307,16627,16317,16270,16325,32767,32767,32767,32767,32767,3352.0,17100.0
1378.0,946.0,9444,15307,16627,15851,15745,16325,32767,32767,32767,32767,32767,3446.0,17100.0
1416.0,1059.0,9134,15710,16627,16317,16794,16325,32767,32767,32767,32767,32767,3007.0,17100.0
1435.0,1081.0,10063,15710,17053,16784,16270,16325,32767,32767,32767,32767,32767,3508.0,17100.0
1473.0,991.0,10063,15710,17053,16784,16270,16325,32767,32767,32767,32767,32767,3822.0,17100.0
1492.0,1059.0,10528,16113,17480,16784,16270,16325,32767,32767,32767,32767,32767,3665.0,17100.0
1454.0,1036.0,9908,16113,17053,17250,16794,16325,32767,32767,32767,32767,32767,3477.0,17100.0
1454.0,1014.0,10218,16113,16627,15851,15745,16325,32767,32767,32767,32767,32767,3696.0,17100.0
1548.0,1104.0,10218,16113,17053,17250,16794,16325,32767,32767,32767,32767,32767,3602.0,17100.0
1492.0,1081.0,9908,16515,17053,17716,16794,16325,32767,32767,32767,32767,32767,3132.0,17100.0
1416.0,946.0,9908,16515,17480,16784,15745,16325,32767,32767,32767,32767,32767,3477.0,17100.0
1492.0,1036.0,10992,16515,18333,17716,16270,16325,32767,32767,32767,32767,32767,3728.0,17100.0
1416.0,1059.0,9908,16515,17480,16784,15745,16325,32767,32767,32767,32767,32767,3446.0,17100.0
1454.0,991.0,10373,16918,17480,17250,15220,16325,32767,32767,32767,32767,32767,3947.0,17100.0
1492.0,1126.0,10218,16918,17480,16784,16794,16325,32767,32767,32767,32767,32767,3383.0,17100.0
1530.0,1059.0,10992,16918,17906,17250,16270,16325,32767,32767,32767,32767,32767,4104.0,17100.0
1473.0,1036.0,10373,16918,17053,16317,16794,16325,32767,32767,32767,32767,32767,3884.0,17100.0
1473.0,1014.0,10837,16918,17480,17716,16794,16325,32767,32767,32767,32767,32767,3822.0,17100.0
1530.0,1171.0,10528,17724,19185,16784,17844,16325,32767,32767,32767,32767,32767,3383.0,17100.0
1681.0,1329.0,11921,19738,21317,21446,20468,16325,32767,32767,32767,32767,32767,3540.0,17100.0
1093.0,711.0,6026,11866,11662,12262,11043,16562,32767,32767,32767,32767,32767,2274.0,17100.0
1291.0,924.0,5701,13137,12559,11772,12700,16562,32767,32767,32767,32767,32767,2175.0,17100.0
1232.0,853.0,7329,13561,13008,13734,13252,16562,32767,32767,32767,32767,32767,2538.0,17100.0
1311.0,924.0,7981,14409,13456,15695,14356,16562,32767,32767,32767,32767,32767,2702.0,17100.0
1212.0,995.0,6026,15256,13008,14224,14908,16562,32767,32767,32767,32767,32767,1483.0,17100.0
1252.0,806.0,9773,15256,15699,15695,14908,16562,32767,32767,32767,32767,32767,3559.0,17100.0
1311.0,901.0,9284,15256,15699,15205,14908,16562,32767,32767,32767,32767,32767,3263.0,17100.0
1291.0,853.0,10098,15680,16147,15205,15460,16562,32767,32767,32767,32767,32767,3691.0,17100.0
1371.0,995.0,9773,16104,17044,15205,14908,16562,32767,32767,32767,32767,32767,3197.0,17100.0
1232.0,877.0,8144,16104,15699,14714,14908,16562,32767,32767,32767,32767,32767,2241.0,17100.0
1311.0,924.0,10098,16104,17941,16186,14356,16562,32767,32767,32767,32767,32767,3691.0,17100.0
1311.0,877.0,9773,16104,16147,16676,16565,16562,32767,32767,32767,32767,32767,3493.0,17100.0
1490.0,995.0,10098,16528,17044,16676,16012,16562,32767,32767,32767,32767,32767,3658.0,17100.0
1371.0,924.0,10098,16528,16596,16186,16012,16562,32767,32767,32767,32767,32767,3329.0,17100.0
1351.0,901.0,10424,16951,17044,16676,16012,16562,32767,32767,32767,32767,32767,3823.0,17100.0
1351.0,901.0,10750,16951,17493,17167,16012,16562,32767,32767,32767,32767,32767,4087.0,17100.0
1589.0,1090.0,10424,17799,19287,17167,16012,16562,32767,32767,32767,32767,32767,4054.0,17100.0
1375.0,1087.0,8991,15860,17206,16062,15498,16644,32767,32767,32767,32767,32767,2528.0,17100.0
1301.0,976.0,9296,16257,15947,17439,16015,16644,32767,32767,32767,32767,32767,2929.0,17100.0
1375.0,1131.0,9601,16653,18046,17898,17048,16644,32767,32767,32767,32767,32767,2652.0,17100.0
1487.0,1153.0,9906,16653,17626,17439,16015,16644,32767,32767,32767,32767,32767,3053.0,17100.0
1450.0,1264.0,9296,16653,17206,17439,17565,16644,32767,32767,32767,32767,32767,2313.0,17100.0
1375.0,1042.0,10363,17050,18046,17898,16532,16644,32767,32767,32767,32767,32767,3145.0,17100.0
1283.0,976.0,9753,17050,17626,18357,16532,16644,32767,32767,32767,32767,32767,2652.0,17100.0
1320.0,1020.0,9601,17050,18046,17898,16532,16644,32767,32767,32767,32767,32767,2806.0,17100.0
1375.0,1064.0,10058,17050,18046,18357,16532,16644,32767,32767,32767,32767,32767,2744.0,17100.0
1506.0,1175.0,10972,17843,18885,18357,17565,16644,32767,32767,32767,32767,32767,3238.0,17100.0
1506.0,1242.0,9296,17843,18046,17439,17048,16644,32767,32767,32767,32767,32767,2405.0,17100.0
1357.0,1064.0,10058,17843,18885,18357,17048,16644,32767,32767,32767,32767,32767,2621.0,17100.0
1524.0,1375.0,10210,18239,18465,17898,16532,16644,32767,32767,32767,32767,32767,2498.0,17100.0
1283.0,1020.0,10210,18636,18465,18815,17048,16644,32767,32767,32767,32767,32767,2683.0,17100.0
1431.0,1087.0,10668,19032,19305,18815,18598,16644,32767,32767,32767,32767,32767,2898.0,17100.0
1506.0,1331.0,10515,19032,20983,20192,19115,16644,32767,32767,32767,32767,32767,2282.0,17100.0
1394.0,1109.0,10058,32767,17626,17898,17565,16644,32767,32767,32767,32767,32767,2837.0,17100.0
1416.0,969.0,9599,15307,15774,15385,15220,16909,32767,32767,32767,32767,32767,3540.0,17100.0
1378.0,991.0,7896,15307,16201,13986,14695,16909,32767,32767,32767,32767,32767,2788.0,17100.0
1378.0,1014.0,9444,15307,16201,16317,16270,16909,32767,32767,32767,32767,32767,3070.0,17100.0
1492.0,1014.0,8825,15307,16627,15851,15220,16909,32767,32767,32767,32767,32767,4072.0,17100.0
1454.0,1081.0,9599,15307,16627,15851,16270,16909,32767,32767,32767,32767,32767,3571.0,17100.0
1492.0,1059.0,9599,15710,16627,14919,15745,16909,32767,32767,32767,32767,32767,3822.0,17100.0
1492.0,1014.0,9908,15710,17053,16784,16794,16909,32767,32767,32767,32767,32767,3790.0,17100.0
1530.0,1104.0,7896,15710,16201,14452,14695,16909,32767,32767,32767,32767,32767,3352.0,17100.0
1397.0,1014.0,9444,15710,16627,16317,15745,16909,32767,32767,32767,32767,32767,3414.0,17100.0
1643.0,1194.0,10682,16113,17480,17716,16270,16909,32767,32767,32767,32767,32767,4323.0,17100.0
1548.0,1194.0,10373,16113,18333,17250,16794,16909,32767,32767,32767,32767,32767,3320.0,17100.0
1492.0,1014.0,10063,16113,17480,15385,15745,16909,32767,32767,32767,32767,32767,3853.0,17100.0
1416.0,1059.0,9599,16113,16627,16784,16270,16909,32767,32767,32767,32767,32767,3132.0,17100.0
1530.0,1171.0,10218,16113,17906,17250,16270,16909,32767,32767,32767,32767,32767,3446.0,17100.0
1454.0,1059.0,9753,16515,17053,16784,16270,16909,32767,32767,32767,32767,32767,3414.0,17100.0
1378.0,924.0,10373,16918,17053,18182,17844,16909,32767,32767,32767,32767,32767,3602.0,17100.0
1548.0,1149.0,10063,16918,17053,19115,17844,16909,32767,32767,32767,32767,32767,3477.0,17100.0
1511.0,1217.0,9753,16918,17906,16784,16270,16909,32767,32767,32767,32767,32767,3195.0,17100.0
1511.0,1149.0,10373,16918,18759,17716,17319,16909,32767,32767,32767,32767,32767,3602.0,17100.0
1511.0,1059.0,10992,17321,18759,18648,17844,16909,32767,32767,32767,32767,32767,3665.0,17100.0
1492.0,1149.0,10063,17321,18333,17250,16794,16909,32767,32767,32767,32767,32767,3164.0,17100.0
1605.0,1171.0,11147,17724,17480,18182,17319,16909,32767,32767,32767,32767,32767,4072.0,17100.0
1435.0,1059.0,10218,17724,18759,18182,16794,16909,32767,32767,32767,32767,32767,3258.0,17100.0
1492.0,1104.0,10528,18127,18333,19115,17844,16909,32767,32767,32767,32767,32767,3226.0,17100.0
1391.0,948.0,9447,15256,15699,15695,15460,17175,32767,32767,32767,32767,32767,4152.0,17100.0
1430.0,972.0,9610,15256,15699,16186,14908,17175,32767,32767,32767,32767,32767,3658.0,17100.0
1391.0,1161.0,8144,15680,15699,15205,16012,17175,32767,32767,32767,32767,32767,2076.0,17100.0
1391.0,972.0,9121,15680,16147,15695,14908,17175,32767,32767,32767,32767,32767,3592.0,17100.0
1291.0,853.0,9447,16104,15699,16186,15460,17175,32767,32767,32767,32767,32767,3493.0,17100.0
1371.0,995.0,9610,16528,17493,17167,17117,17175,32767,32767,32767,32767,32767,3329.0,17100.0
1331.0,877.0,10424,16528,17044,16186,16012,17175,32767,32767,32767,32767,32767,3724.0,17100.0
1351.0,972.0,9936,16528,17044,17657,16565,17175,32767,32767,32767,32767,32767,3394.0,17100.0
1410.0,1019.0,10261,16528,17493,17167,16012,17175,32767,32767,32767,32767,32767,3592.0,17100.0
1410.0,948.0,10750,16951,17493,18148,16565,17175,32767,32767,32767,32767,32767,4548.0,17100.0
1530.0,1043.0,9936,16951,17941,17167,16565,17175,32767,32767,32767,32767,32767,3724.0,17100.0
1351.0,924.0,10587,16951,17044,17167,16012,17175,32767,32767,32767,32767,32767,3922.0,17100.0
1430.0,1067.0,10098,17375,17941,17167,16565,17175,32767,32767,32767,32767,32767,3230.0,17100.0
1450.0,1043.0,10098,17375,17941,17657,17117,17175,32767,32767,32767,32767,32767,3757.0,17100.0
1331.0,924.0,10424,17799,18838,18638,17669,17175,32767,32767,32767,32767,32767,3592.0,17100.0
1510.0,1043.0,11076,18223,19287,20110,18773,17175,32767,32767,32767,32767,32767,3625.0,17100.0
1301.0,998.0,10363,17050,17626,17898,16532,17218,32767,32767,32767,32767,32767,3083.0,17100.0
1468.0,1242.0,9906,17446,18465,18357,17565,17218,32767,32767,32767,32767,32767,2498.0,17100.0
1468.0,1197.0,10363,17446,18465,18357,17565,17218,32767,32767,32767,32767,32767,2621.0,17100.0
1413.0,1064.0,10058,17446,17206,18357,17048,17218,32767,32767,32767,32767,32767,2991.0,17100.0
1413.0,1197.0,10972,17843,19305,19274,18081,17218,32767,32767,32767,32767,32767,2929.0,17100.0
1357.0,1064.0,10820,17843,18885,18815,17565,17218,32767,32767,32767,32767,32767,3083.0,17100.0
1357.0,1042.0,10515,17843,18046,19274,17048,17218,32767,32767,32767,32767,32767,3053.0,17100.0
1506.0,1264.0,10820,17843,19305,19274,17565,17218,32767,32767,32767,32767,32767,2713.0,17100.0
1301.0,1064.0,9906,17843,18465,18357,17565,17218,32767,32767,32767,32767,32767,2374.0,17100.0
1561.0,1397.0,10515,18239,20144,18815,19115,17218,32767,32767,32767,32767,32767,2313.0,17100.0
1506.0,1242.0,10363,18239,19305,17898,16532,17218,32767,32767,32767,32767,32767,2744.0,17100.0
1394.0,1109.0,10363,18239,18885,18815,17565,17218,32767,32767,32767,32767,32767,2621.0,17100.0
1394.0,1087.0,9906,18239,18465,18357,17565,17218,32767,32767,32767,32767,32767,2621.0,17100.0
1375.0,1087.0,10820,18239,18046,19274,18081,17218,32767,32767,32767,32767,32767,3083.0,17100.0
1450.0,1220.0,10210,19032,19724,19274,18081,17218,32767,32767,32767,32767,32767,2683.0,17100.0
1506.0,1264.0,11277,19429,20564,19733,19115,17218,32767,32767,32767,32767,32767,2898.0,17100.0
1322.0,969.0,8979,15710,15774,15385,15745,17492,32767,32767,32767,32767,32767,3038.0,17100.0
1322.0,969.0,8979,15710,16627,15385,16270,17492,32767,32767,32767,32767,32767,3038.0,17100.0
1360.0,1036.0,9444,16113,16627,15851,16270,17492,32767,32767,32767,32767,32767,3258.0,17100.0
1435.0,1126.0,9599,16113,17053,16784,16794,17492,32767,32767,32767,32767,32767,3195.0,17100.0
1435.0,1059.0,9444,16515,17906,16784,17844,17492,32767,32767,32767,32767,32767,3195.0,17100.0
1492.0,1171.0,9599,16515,17906,17250,17319,17492,32767,32767,32767,32767,32767,3164.0,17100.0
1454.0,1081.0,10063,16515,17480,17250,16270,17492,32767,32767,32767,32767,32767,3320.0,17100.0
1435.0,1014.0,9908,16918,17480,16317,15745,17492,32767,32767,32767,32767,32767,3508.0,17100.0
1492.0,1081.0,10373,16918,18333,17250,16794,17492,32767,32767,32767,32767,32767,3414.0,17100.0
1492.0,1104.0,11147,17321,18333,18182,17319,17492,32767,32767,32767,32767,32767,3916.0,17100.0
1530.0,1239.0,9753,17321,18759,20047,18369,17492,32767,32767,32767,32767,32767,2882.0,17100.0
1360.0,1036.0,9289,17321,17906,16784,16270,17492,32767,32767,32767,32767,32767,3070.0,17100.0
1530.0,1194.0,10682,17724,18759,18182,17319,17492,32767,32767,32767,32767,32767,3790.0,17100.0
1548.0,1262.0,10218,17724,18759,18182,19943,17492,32767,32767,32767,32767,32767,3226.0,17100.0
1530.0,1104.0,11147,17724,19612,18648,18894,17492,32767,32767,32767,32767,32767,4010.0,17100.0
1454.0,946.0,10528,18127,19185,19581,17319,17492,32767,32767,32767,32767,32767,3634.0,17100.0
1271.0,901.0,7329,15256,15250,16186,14908,17789,32767,32767,32767,32767,32767,2340.0,17100.0
1470.0,1067.0,10587,16528,17493,17657,17117,17789,32767,32767,32767,32767,32767,3757.0,17100.0
1311.0,924.0,10261,16528,17493,16676,15460,17789,32767,32767,32767,32767,32767,3526.0,17100.0
1351.0,948.0,10587,16528,17941,17657,16565,17789,32767,32767,32767,32767,32767,3658.0,17100.0
1410.0,995.0,10424,16528,17493,16186,16565,17789,32767,32767,32767,32767,32767,3889.0,17100.0
1470.0,1019.0,10261,16951,17493,18148,17117,17789,32767,32767,32767,32767,32767,3230.0,17100.0
1410.0,1019.0,10587,17375,17941,18148,17669,17789,32767,32767,32767,32767,32767,3658.0,17100.0
1629.0,1161.0,9121,17375,17044,18638,16012,17789,32767,32767,32767,32767,32767,3856.0,17100.0
1430.0,1090.0,11076,17375,18838,18638,18221,17789,32767,32767,32767,32767,32767,3724.0,17100.0
1430.0,948.0,10750,18223,18390,18148,17117,17789,32767,32767,32767,32767,32767,4054.0,17100.0
1391.0,1138.0,11564,19918,20184,20110,19877,17789,32767,32767,32767,32767,32767,3263.0,17100.0
1338.0,1087.0,9448,17050,17626,19274,17048,17792,32767,32767,32767,32767,32767,2559.0,17100.0
1413.0,1087.0,9753,17446,17206,18815,17048,17792,32767,32767,32767,32767,32767,2713.0,17100.0
1394.0,1109.0,10363,17446,18046,17439,17048,17792,32767,32767,32767,32767,32767,2868.0,17100.0
1301.0,1042.0,8382,17446,15947,17898,15498,17792,32767,32767,32767,32767,32767,1326.0,17100.0
1320.0,1042.0,10363,17843,18046,18815,17565,17792,32767,32767,32767,32767,32767,2929.0,17100.0
1413.0,1131.0,10820,17843,18465,18815,17565,17792,32767,32767,32767,32767,32767,3145.0,17100.0
1375.0,1064.0,10668,18239,19305,18815,17565,17792,32767,32767,32767,32767,32767,2960.0,17100.0
1394.0,1064.0,10515,18636,19724,19274,18598,17792,32767,32767,32767,32767,32767,2683.0,17100.0
1338.0,1042.0,10515,18636,18885,19733,18081,17792,32767,32767,32767,32767,32767,3022.0,17100.0
1524.0,1375.0,10210,18636,19305,18815,18081,17792,32767,32767,32767,32767,32767,2189.0,17100.0
1506.0,1264.0,10820,18636,18885,19274,18081,17792,32767,32767,32767,32767,32767,2775.0,17100.0
1506.0,1308.0,10363,18636,20144,20192,18598,17792,32767,32767,32767,32767,32767,2559.0,17100.0
1431.0,1153.0,11430,18636,19724,19274,19115,17792,32767,32767,32767,32767,32767,3176.0,17100.0
1338.0,1020.0,10820,19032,19724,20192,18598,17792,32767,32767,32767,32767,32767,2559.0,17100.0
1394.0,1197.0,10668,19032,19724,19733,18081,17792,32767,32767,32767,32767,32767,2683.0,17100.0
1450.0,1242.0,10363,19826,21403,21110,19631,17792,32767,32767,32767,32767,32767,2528.0,17100.0
1431.0,1175.0,11430,20222,19724,20651,19115,17792,32767,32767,32767,32767,32767,3022.0,17100.0
1524.0,1397.0,11430,20619,21403,21569,21181,17792,32767,32767,32767,32767,32767,2652.0,17100.0
1303.0,946.0,7276,14904,14922,14452,15220,18075,32767,32767,32767,32767,32767,2099.0,17100.0
1492.0,1081.0,9599,16515,17480,15385,16794,18075,32767,32767,32767,32767,32767,3602.0,17100.0
1511.0,1059.0,10528,16515,18333,17250,16794,18075,32767,32767,32767,32767,32767,3696.0,17100.0
1718.0,1352.0,9134,16918,17053,17250,18894,18075,32767,32767,32767,32767,32767,3132.0,17100.0
1586.0,1239.0,9753,17321,18759,18182,17844,18075,32767,32767,32767,32767,32767,3320.0,17100.0
1492.0,1149.0,10528,17321,19185,18182,17844,18075,32767,32767,32767,32767,32767,3258.0,17100.0
1567.0,1217.0,11302,17321,19612,19115,18894,18075,32767,32767,32767,32767,32767,4041.0,17100.0
1624.0,1374.0,10528,18127,19612,18648,19419,18075,32767,32767,32767,32767,32767,3320.0,17100.0
1605.0,1239.0,11147,18127,20464,19581,19943,18075,32767,32767,32767,32767,32767,3320.0,17100.0
1530.0,1126.0,10528,18127,18759,18648,18894,18075,32767,32767,32767,32767,32767,3822.0,17100.0
1624.0,1217.0,10682,18127,18759,18648,18894,18075,32767,32767,32767,32767,32767,3602.0,17100.0
1586.0,1262.0,10837,18529,19185,19581,19943,18075,32767,32767,32767,32767,32767,2945.0,17100.0
1530.0,1081.0,10682,18529,19612,20047,19419,18075,32767,32767,32767,32767,32767,3634.0,17100.0
1699.0,1419.0,11302,19335,20464,20047,20993,18075,32767,32767,32767,32767,32767,3352.0,17100.0
1586.0,1104.0,13005,19738,21743,20979,18894,18075,32767,32767,32767,32767,32767,4479.0,17100.0
1320.0,1064.0,9753,18239,19724,18815,17565,18366,32767,32767,32767,32767,32767,2343.0,17100.0
1338.0,1109.0,10515,18636,18885,20192,18081,18366,32767,32767,32767,32767,32767,2806.0,17100.0
1468.0,1264.0,11125,18636,20144,20651,19115,18366,32767,32767,32767,32767,32767,3022.0,17100.0
1450.0,1197.0,10820,18636,18885,19274,18598,18366,32767,32767,32767,32767,32767,2806.0,17100.0
1394.0,1064.0,11125,18636,18885,19733,18081,18366,32767,32767,32767,32767,32767,3392.0,17100.0
1431.0,1131.0,10668,19032,20144,19274,19115,18366,32767,32767,32767,32767,32767,2528.0,17100.0
1375.0,1131.0,10668,19032,19724,20192,18598,18366,32767,32767,32767,32767,32767,2775.0,17100.0
1413.0,1220.0,10972,19429,20144,20192,19115,18366,32767,32767,32767,32767,32767,2713.0,17100.0
1468.0,1175.0,10972,19429,20564,20651,19115,18366,32767,32767,32767,32767,32767,2929.0,17100.0
1394.0,1109.0,11582,19429,21403,20651,19631,18366,32767,32767,32767,32767,32767,2929.0,17100.0
1413.0,1242.0,11582,19429,20983,21110,20148,18366,32767,32767,32767,32767,32767,2960.0,17100.0
1357.0,1064.0,10972,19826,20983,21110,20148,18366,32767,32767,32767,32767,32767,2559.0,17100.0
1580.0,1375.0,11582,21015,21403,21569,20665,18366,32767,32767,32767,32767,32767,2621.0,17100.0
1311.0,901.0,9284,16528,14802,16676,14908,18402,32767,32767,32767,32767,32767,3065.0,17100.0
1828.0,1375.0,9447,16951,18390,17167,17669,18402,32767,32767,32767,32767,32767,3856.0,17100.0
1470.0,1019.0,11239,17375,18838,18148,18221,18402,32767,32767,32767,32767,32767,3823.0,17100.0
1450.0,972.0,11239,17375,17493,17657,16565,18402,32767,32767,32767,32767,32767,4482.0,17100.0
1410.0,948.0,10261,17375,18390,18148,17669,18402,32767,32767,32767,32767,32767,3823.0,17100.0
1351.0,948.0,9936,17375,17941,17657,17669,18402,32767,32767,32767,32767,32767,3098.0,17100.0
1172.0,830.0,9773,17375,16596,18148,18221,18402,32767,32767,32767,32767,32767,2175.0,17100.0
1410.0,1185.0,10098,17799,17941,18148,17669,18402,32767,32767,32767,32767,32767,3032.0,17100.0
1569.0,1138.0,10587,17799,18390,19129,17117,18402,32767,32767,32767,32767,32767,3592.0,17100.0
1371.0,901.0,10750,17799,18390,19129,17669,18402,32767,32767,32767,32767,32767,3691.0,17100.0
1470.0,1138.0,10750,18223,19736,19129,17669,18402,32767,32767,32767,32767,32767,3329.0,17100.0
1490.0,1138.0,10750,18647,20184,18638,19325,18402,32767,32767,32767,32767,32767,3394.0,17100.0
1589.0,1209.0,11727,19070,19287,19129,18773,18402,32767,32767,32767,32767,32767,4185.0,17100.0
1470.0,1019.0,11401,19070,18390,18638,18221,18402,32767,32767,32767,32767,32767,4152.0,17100.0
1768.0,1280.0,12053,19494,21081,21091,19325,18402,32767,32767,32767,32767,32767,4284.0,17100.0
1808.0,1351.0,13193,21189,22875,22562,20982,18402,32767,32767,32767,32767,32767,4054.0,17100.0
1530.0,1171.0,9599,17724,18759,18182,18894,18658,32767,32767,32767,32767,32767,2882.0,17100.0
1681.0,1262.0,11302,17724,20464,19115,18369,18658,32767,32767,32767,32767,32767,4323.0,17100.0
1492.0,1194.0,10528,17724,18759,18648,18369,18658,32767,32767,32767,32767,32767,3352.0,17100.0
1586.0,1194.0,10837,18127,18759,17716,18894,18658,32767,32767,32767,32767,32767,3696.0,17100.0
1624.0,1284.0,10837,18932,20464,19115,19943,18658,32767,32767,32767,32767,32767,3226.0,17100.0
1511.0,1126.0,10682,18932,20038,19581,18894,18658,32767,32767,32767,32767,32767,3352.0,17100.0
1586.0,1194.0,10992,18932,20464,20047,20468,18658,32767,32767,32767,32767,32767,3007.0,17100.0
1511.0,1171.0,11302,19335,20464,20047,20993,18658,32767,32767,32767,32767,32767,3540.0,17100.0
1662.0,1284.0,11147,19335,20891,19115,19419,18658,32767,32767,32767,32767,32767,3446.0,17100.0
1487.0,1175.0,10058,17050,17206,18357,18081,18940,32767,32767,32767,32767,32767,3330.0,17100.0
1394.0,1087.0,11430,19032,20144,19733,18598,18940,32767,32767,32767,32767,32767,3145.0,17100.0
1394.0,1109.0,10972,19032,20144,20651,19115,18940,32767,32767,32767,32767,32767,2313.0,17100.0
1338.0,1064.0,11125,19032,20144,22487,19631,18940,32767,32767,32767,32767,32767,2898.0,17100.0
1617.0,1508.0,11125,19429,21403,20651,19115,18940,32767,32767,32767,32767,32767,2374.0,17100.0
1617.0,1486.0,11582,19429,21823,21110,20148,18940,32767,32767,32767,32767,32767,2744.0,17100.0
1375.0,1153.0,11125,19429,20144,20192,19115,18940,32767,32767,32767,32767,32767,2744.0,17100.0
1468.0,1286.0,10668,19429,20564,20192,20148,18940,32767,32767,32767,32767,32767,2374.0,17100.0
1394.0,1242.0,10820,19429,20144,19274,19631,18940,32767,32767,32767,32767,32767,2775.0,17100.0
1394.0,1220.0,10668,19826,20564,21110,20665,18940,32767,32767,32767,32767,32767,2713.0,17100.0
1561.0,1397.0,11125,19826,22662,21110,21181,18940,32767,32767,32767,32767,32767,2621.0,17100.0
1394.0,1175.0,10972,19826,21403,20651,20148,18940,32767,32767,32767,32767,32767,2467.0,17100.0
1487.0,1331.0,11430,19826,21823,21569,20665,18940,32767,32767,32767,32767,32767,2528.0,17100.0
1487.0,1331.0,11734,20222,20564,20192,20665,18940,32767,32767,32767,32767,32767,2898.0,17100.0
1599.0,1441.0,11430,20222,22242,22028,21698,18940,32767,32767,32767,32767,32767,2775.0,17100.0
1450.0,1308.0,11582,20619,21403,21569,20665,18940,32767,32767,32767,32767,32767,3176.0,17100.0
1654.0,1353.0,11887,20619,21823,22946,20665,18940,32767,32767,32767,32767,32767,2991.0,17100.0
1468.0,1220.0,11887,20619,21403,23405,21698,18940,32767,32767,32767,32767,32767,3083.0,17100.0
1468.0,1242.0,11734,20619,21403,21569,20148,18940,32767,32767,32767,32767,32767,3207.0,17100.0
1617.0,1375.0,10363,20619,20983,21110,19115,18940,32767,32767,32767,32767,32767,2837.0,17100.0
1413.0,1264.0,11430,20619,21403,22028,20665,18940,32767,32767,32767,32767,32767,2868.0,17100.0
1431.0,1220.0,12039,21015,21823,22487,22214,18940,32767,32767,32767,32767,32767,2898.0,17100.0
1636.0,1331.0,11887,21015,22242,21569,21698,18940,32767,32767,32767,32767,32767,3022.0,17100.0
1510.0,1185.0,7492,15680,15250,16676,17117,19016,32767,32767,32767,32767,32767,2505.0,17100.0
1669.0,1185.0,9121,16528,17044,16186,17117,19016,32767,32767,32767,32767,32767,4317.0,17100.0
1569.0,1209.0,8633,16951,17493,18148,18221,19016,32767,32767,32767,32767,32767,2834.0,17100.0
1291.0,972.0,8795,16951,17941,18638,17669,19016,32767,32767,32767,32767,32767,2043.0,17100.0
1391.0,948.0,10750,17799,18838,19619,19325,19016,32767,32767,32767,32767,32767,3922.0,17100.0
1410.0,1019.0,10587,18223,19287,18638,20430,19016,32767,32767,32767,32767,32767,3131.0,17100.0
1331.0,1019.0,11564,18223,19287,19129,18773,19016,32767,32767,32767,32767,32767,3922.0,17100.0
1569.0,1185.0,11239,18647,20184,19129,18773,19016,32767,32767,32767,32767,32767,3823.0,17100.0
1550.0,1232.0,11401,18647,20184,19129,19325,19016,32767,32767,32767,32767,32767,3823.0,17100.0
1728.0,1209.0,11076,19070,21978,19129,19325,19016,32767,32767,32767,32767,32767,4515.0,17100.0
1589.0,1256.0,12216,19494,20633,21091,19877,19016,32767,32767,32767,32767,32767,3625.0,17100.0
1649.0,1304.0,11727,19918,20633,20600,19877,19016,32767,32767,32767,32767,32767,3856.0,17100.0
1629.0,1327.0,11890,19918,20633,20600,20430,19016,32767,32767,32767,32767,32767,3691.0,17100.0
1848.0,1517.0,11564,19918,20633,20110,18773,19016,32767,32767,32767,32767,32767,3955.0,17100.0
1569.0,1209.0,11239,20342,20184,20600,20430,19016,32767,32767,32767,32767,32767,3427.0,17100.0
1794.0,1599.0,9599,16515,17053,17716,17844,19241,32767,32767,32767,32767,32767,2945.0,17100.0
1605.0,1329.0,11611,18529,20464,19581,20468,19241,32767,32767,32767,32767,32767,3320.0,17100.0
1605.0,1171.0,11456,19335,20891,20979,19943,19241,32767,32767,32767,32767,32767,3884.0,17100.0
1681.0,1284.0,11921,20543,22170,20979,20993,19241,32767,32767,32767,32767,32767,3477.0,17100.0
1756.0,1262.0,13314,20543,22170,22378,21518,19241,32767,32767,32767,32767,32767,4855.0,17100.0
2286.0,1885.0,8077,18239,17206,16062,17048,19514,32767,32767,32767,32767,32767,2621.0,17100.0
1468.0,1220.0,10972,19032,19305,20192,19631,19514,32767,32767,32767,32767,32767,2929.0,17100.0
1506.0,1308.0,11125,19032,20144,21110,20148,19514,32767,32767,32767,32767,32767,2960.0,17100.0
1524.0,1175.0,11430,19826,21823,22028,19115,19514,32767,32767,32767,32767,32767,3022.0,17100.0
1506.0,1331.0,10668,19826,20983,20192,20148,19514,32767,32767,32767,32767,32767,2590.0,17100.0
1524.0,1197.0,10972,20222,20144,20651,18598,19514,32767,32767,32767,32767,32767,3022.0,17100.0
1394.0,1220.0,10820,20619,20983,21569,20148,19514,32767,32767,32767,32767,32767,2528.0,17100.0
1803.0,1530.0,12801,21015,22662,22946,20665,19514,32767,32767,32767,32767,32767,3546.0,17100.0
1487.0,1286.0,11582,21412,21403,21569,21698,19514,32767,32767,32767,32767,32767,2621.0,17100.0
1580.0,1353.0,12496,21412,22242,23864,22214,19514,32767,32767,32767,32767,32767,3268.0,17100.0
1710.0,1574.0,12344,21412,23921,24322,22214,19514,32767,32767,32767,32767,32767,3022.0,17100.0
1599.0,1441.0,12039,21412,22242,22028,21181,19514,32767,32767,32767,32767,32767,2775.0,17100.0
1915.0,1708.0,12039,21808,22662,22946,21698,19514,32767,32767,32767,32767,32767,2775.0,17100.0
1580.0,1464.0,12496,21808,23501,24781,23248,19514,32767,32767,32767,32767,32767,3207.0,17100.0
1470.0,1067.0,10913,17799,19287,19619,18221,19629,32767,32767,32767,32767,32767,3493.0,17100.0
1430.0,1090.0,11401,18223,18838,18638,18221,19629,32767,32767,32767,32767,32767,3658.0,17100.0
1430.0,1019.0,11401,18647,19287,19129,18221,19629,32767,32767,32767,32767,32767,3790.0,17100.0
1569.0,1185.0,11727,19070,20184,20600,19877,19629,32767,32767,32767,32767,32767,3493.0,17100.0
1371.0,995.0,10750,19070,19736,19129,19877,19629,32767,32767,32767,32767,32767,3230.0,17100.0
1649.0,1375.0,12053,19494,21081,21091,20430,19629,32767,32767,32767,32767,32767,3493.0,17100.0
1351.0,1043.0,10261,19918,20633,22072,20982,19629,32767,32767,32767,32767,32767,2505.0,17100.0
1609.0,1327.0,11890,20766,20633,20110,20430,19629,32767,32767,32767,32767,32767,3988.0,17100.0
1473.0,1149.0,7431,15710,14495,17250,18369,19824,32767,32767,32767,32767,32767,2255.0,17100.0
1435.0,1104.0,10373,18932,20038,19581,20468,19824,32767,32767,32767,32767,32767,3164.0,17100.0
1530.0,1194.0,11921,19335,20891,20047,19943,19824,32767,32767,32767,32767,32767,3665.0,17100.0
1907.0,1645.0,11147,19738,20891,21446,19943,19824,32767,32767,32767,32767,32767,3289.0,17100.0
1624.0,1352.0,11456,19738,20891,20979,20993,19824,32767,32767,32767,32767,32767,3414.0,17100.0
1454.0,1104.0,11766,19738,20891,20513,20993,19824,32767,32767,32767,32767,32767,3226.0,17100.0
1775.0,1780.0,11456,20543,21743,21912,21518,19824,32767,32767,32767,32767,32767,3477.0,17100.0
1681.0,1464.0,12385,21349,23022,22378,22043,19824,32767,32767,32767,32767,32767,3477.0,17100.0
1506.0,1264.0,11125,19429,19724,19733,18598,20088,32767,32767,32767,32767,32767,2806.0,17100.0
2119.0,1907.0,11125,19429,20564,21110,20665,20088,32767,32767,32767,32767,32767,3053.0,17100.0
1561.0,1175.0,11125,19826,20564,21569,20148,20088,32767,32767,32767,32767,32767,3176.0,17100.0
1524.0,1242.0,11125,19826,21403,20192,19631,20088,32767,32767,32767,32767,32767,2806.0,17100.0
1524.0,1286.0,11582,20222,21403,20651,19631,20088,32767,32767,32767,32767,32767,2683.0,17100.0
1580.0,1353.0,11430,20222,22662,21569,22214,20088,32767,32767,32767,32767,32767,2590.0,17100.0
1543.0,1308.0,11582,20619,21403,21110,20148,20088,32767,32767,32767,32767,32767,2991.0,17100.0
1506.0,1264.0,11277,20619,21823,20192,20148,20088,32767,32767,32767,32767,32767,2498.0,17100.0
1506.0,1308.0,11277,20619,21823,21569,21181,20088,32767,32767,32767,32767,32767,2559.0,17100.0
1599.0,1397.0,11734,21015,22242,22946,22214,20088,32767,32767,32767,32767,32767,2837.0,17100.0
1450.0,1220.0,12192,21015,22242,22028,21181,20088,32767,32767,32767,32767,32767,2991.0,17100.0
1710.0,1486.0,12039,21412,23082,23405,21698,20088,32767,32767,32767,32767,32767,3207.0,17100.0
1840.0,1730.0,12192,21412,23082,23405,22731,20088,32767,32767,32767,32767,32767,2806.0,17100.0
1859.0,1641.0,12192,21412,23501,24322,21181,20088,32767,32767,32767,32767,32767,2868.0,17100.0
1617.0,1397.0,12496,21808,22662,23864,22214,20088,32767,32767,32767,32767,32767,3176.0,17100.0
1561.0,1419.0,12801,21808,24341,22946,22214,20088,32767,32767,32767,32767,32767,2960.0,17100.0
1673.0,1508.0,12344,22998,23082,22946,22214,20088,32767,32767,32767,32767,32767,2590.0,17100.0
1530.0,1375.0,8470,18223,19287,20110,20430,20243,32767,32767,32767,32767,32767,2109.0,17100.0
1768.0,1327.0,11564,18647,19736,22072,21534,20243,32767,32767,32767,32767,32767,3724.0,17100.0
1649.0,1232.0,12053,18647,20184,20110,20430,20243,32767,32767,32767,32767,32767,3625.0,17100.0
1410.0,1138.0,11401,19070,21081,20110,19325,20243,32767,32767,32767,32767,32767,2900.0,17100.0
1550.0,1185.0,8958,19070,18838,20110,19325,20243,32767,32767,32767,32767,32767,2768.0,17100.0
1649.0,1256.0,11564,19070,20633,20110,20430,20243,32767,32767,32767,32767,32767,3592.0,17100.0
1708.0,1398.0,12379,19494,21530,21581,20430,20243,32767,32767,32767,32767,32767,3460.0,17100.0
1410.0,1090.0,11076,19494,19736,20600,20982,20243,32767,32767,32767,32767,32767,3559.0,17100.0
1867.0,1469.0,11401,19494,20184,20110,20982,20243,32767,32767,32767,32767,32767,3922.0,17100.0
1649.0,1398.0,11239,19918,20633,20600,20430,20243,32767,32767,32767,32767,32767,3394.0,17100.0
1569.0,1304.0,11401,19918,20633,21091,19877,20243,32767,32767,32767,32767,32767,3460.0,17100.0
1589.0,1232.0,12542,20766,21978,22072,20982,20243,32767,32767,32767,32767,32767,3559.0,17100.0
1550.0,1256.0,12379,20766,21978,22072,22086,20243,32767,32767,32767,32767,32767,3922.0,17100.0
1605.0,1307.0,10992,19738,20891,20513,21518,20407,32767,32767,32767,32767,32767,3132.0,17100.0
1643.0,1374.0,11921,20543,23022,21912,23092,20407,32767,32767,32767,32767,32767,3226.0,17100.0
1737.0,1284.0,13159,21349,22596,22844,22043,20407,32767,32767,32767,32767,32767,4291.0,17100.0
1832.0,1487.0,13469,22155,23875,24243,24142,20407,32767,32767,32767,32767,32767,4260.0,17100.0
1794.0,1464.0,12231,22558,23875,23310,23092,20407,32767,32767,32767,32767,32767,3446.0,17100.0
1599.0,1331.0,12039,20222,21823,21569,20665,20661,32767,32767,32767,32767,32767,3022.0,17100.0
1506.0,1331.0,11277,20619,22242,22028,21181,20661,32767,32767,32767,32767,32767,2621.0,17100.0
1580.0,1397.0,11734,21015,21823,21569,20665,20661,32767,32767,32767,32767,32767,2868.0,17100.0
1599.0,1331.0,11430,21412,23082,22946,21181,20661,32767,32767,32767,32767,32767,2652.0,17100.0
1487.0,1353.0,12496,21412,24341,23864,23248,20661,32767,32767,32767,32767,32767,2744.0,17100.0
1506.0,1331.0,12496,22205,23082,24322,23248,20661,32767,32767,32767,32767,32767,2590.0,17100.0
1543.0,1375.0,12192,23394,23921,23864,22731,20661,32767,32767,32767,32767,32767,2313.0,17100.0
1561.0,1441.0,12192,24584,26439,26158,25831,20661,32767,32767,32767,32767,32767,2713.0,17100.0
1371.0,1185.0,10750,18223,19287,19619,18221,20856,32767,32767,32767,32767,32767,3724.0,17100.0
1510.0,1138.0,11564,19070,20633,20600,20430,20856,32767,32767,32767,32767,32767,3658.0,17100.0
1569.0,1304.0,11890,19494,20633,20110,20430,20856,32767,32767,32767,32767,32767,3460.0,17100.0
1708.0,1351.0,11401,19494,20184,20600,20982,20856,32767,32767,32767,32767,32767,4021.0,17100.0
1629.0,1304.0,12053,19918,21978,21581,22086,20856,32767,32767,32767,32767,32767,3526.0,17100.0
1550.0,1351.0,11564,19918,21081,21091,20982,20856,32767,32767,32767,32767,32767,3164.0,17100.0
1907.0,1398.0,12867,20342,22427,22562,21534,20856,32767,32767,32767,32767,32767,4746.0,17100.0
1470.0,1280.0,12053,20766,21978,21581,21534,20856,32767,32767,32767,32767,32767,3559.0,17100.0
1450.0,1138.0,12216,21189,22427,21091,21534,20856,32767,32767,32767,32767,32767,4021.0,17100.0
1550.0,1114.0,12704,21613,22875,22072,21534,20856,32767,32767,32767,32767,32767,3856.0,17100.0
1550.0,1209.0,12542,21613,22875,23053,23190,20856,32767,32767,32767,32767,32767,3559.0,17100.0
1708.0,1280.0,13193,22037,23772,23543,22086,20856,32767,32767,32767,32767,32767,4119.0,17100.0
1828.0,1564.0,13030,22461,23772,23053,21534,20856,32767,32767,32767,32767,32767,3592.0,17100.0
1737.0,1577.0,10218,19335,20891,21446,20468,20990,32767,32767,32767,32767,32767,2913.0,17100.0
1888.0,1577.0,11921,20946,22170,21446,23617,20990,32767,32767,32767,32767,32767,3665.0,17100.0
1548.0,1149.0,11766,20946,22596,22378,23092,20990,32767,32767,32767,32767,32767,3320.0,17100.0
1699.0,1352.0,13005,22960,25154,24243,23617,20990,32767,32767,32767,32767,32767,3634.0,17100.0
1747.0,1508.0,11582,21808,23082,23405,21698,21235,32767,32767,32767,32767,32767,2775.0,17100.0
1989.0,1796.0,13563,22205,25600,23864,23248,21235,32767,32767,32767,32767,32767,3392.0,17100.0
1580.0,1464.0,12496,22205,23921,24781,23248,21235,32767,32767,32767,32767,32767,3114.0,17100.0
1468.0,1242.0,12344,22601,23921,24781,23764,21235,32767,32767,32767,32767,32767,2343.0,17100.0
1617.0,1441.0,11887,22601,23082,24322,22214,21235,32767,32767,32767,32767,32767,2405.0,17100.0
1803.0,1774.0,13106,22601,24760,24781,24797,21235,32767,32767,32767,32767,32767,3515.0,17100.0
1673.0,1597.0,13258,22998,23921,25240,24797,21235,32767,32767,32767,32767,32767,3330.0,17100.0
1543.0,1331.0,12801,23791,24760,24781,23764,21235,32767,32767,32767,32767,32767,2683.0,17100.0
1822.0,1885.0,14173,24187,26019,27076,25314,21235,32767,32767,32767,32767,32767,3330.0,17100.0
2424.0,2015.0,7492,17375,19287,16676,18773,21469,32767,32767,32767,32767,32767,2834.0,17100.0
1450.0,1090.0,11239,20342,21978,22562,22638,21469,32767,32767,32767,32767,32767,3065.0,17100.0
1669.0,1422.0,11890,20766,22427,21581,21534,21469,32767,32767,32767,32767,32767,3493.0,17100.0
2046.0,1967.0,11564,20766,22875,23053,23190,21469,32767,32767,32767,32767,32767,3658.0,17100.0
1748.0,1469.0,9773,20766,21978,22072,22638,21469,32767,32767,32767,32767,32767,2241.0,17100.0
1947.0,1612.0,11239,20766,21081,21581,20982,21469,32767,32767,32767,32767,32767,3658.0,17100.0
1708.0,1469.0,12704,20766,22427,21581,20430,21469,32767,32767,32767,32767,32767,4021.0,17100.0
1649.0,1232.0,12216,21189,21978,22562,20982,21469,32767,32767,32767,32767,32767,3493.0,17100.0
1669.0,1351.0,12053,21613,22875,22072,22086,21469,32767,32767,32767,32767,32767,3691.0,17100.0
1768.0,1588.0,13682,22884,25118,24034,24295,21469,32767,32767,32767,32767,32767,3691.0,17100.0
2006.0,1659.0,13030,22884,24221,25015,23743,21469,32767,32767,32767,32767,32767,4185.0,17100.0
1808.0,1706.0,11564,23308,24669,23053,23190,21469,32767,32767,32767,32767,32767,3329.0,17100.0
1511.0,1284.0,10218,18529,20891,19581,20468,21573,32767,32767,32767,32767,32767,3038.0,17100.0
1681.0,1419.0,10063,18932,20891,20047,21518,21573,32767,32767,32767,32767,32767,2913.0,17100.0
1718.0,1442.0,10837,20946,23022,22378,23092,21573,32767,32767,32767,32767,32767,2882.0,17100.0
1832.0,1712.0,12385,22155,23449,24243,24142,21573,32767,32767,32767,32767,32767,3289.0,17100.0
1718.0,1532.0,13159,23363,25580,25175,25192,21573,32767,32767,32767,32767,32767,3477.0,17100.0
1710.0,1353.0,11582,20222,20564,21110,19631,21809,32767,32767,32767,32767,32767,3022.0,17100.0
1636.0,1308.0,12192,20619,22242,22487,20665,21809,32767,32767,32767,32767,32767,3299.0,17100.0
1580.0,1419.0,12344,22601,24341,24322,23764,21809,32767,32767,32767,32767,32767,2405.0,17100.0
1617.0,1464.0,12801,22601,24341,24781,23248,21809,32767,32767,32767,32767,32767,3238.0,17100.0
1654.0,1552.0,12954,23791,24760,25699,24281,21809,32767,32767,32767,32767,32767,2343.0,17100.0
1710.0,1574.0,13258,23791,24760,26158,25314,21809,32767,32767,32767,32767,32767,3268.0,17100.0
1636.0,1331.0,13411,23791,25600,26617,26347,21809,32767,32767,32767,32767,32767,2898.0,17100.0
1599.0,1552.0,13563,24187,27278,27076,26864,21809,32767,32767,32767,32767,32767,2713.0,17100.0
1561.0,1397.0,13563,24187,26439,26158,25314,21809,32767,32767,32767,32767,32767,3053.0,17100.0
2175.0,2173.0,13715,24584,25180,26158,24797,21809,32767,32767,32767,32767,32767,2837.0,17100.0
1691.0,1552.0,13563,24584,26019,27076,25314,21809,32767,32767,32767,32767,32767,3392.0,17100.0
1490.0,1138.0,11401,19494,20184,20110,20982,22083,32767,32767,32767,32767,32767,3361.0,17100.0
1669.0,1256.0,11564,19918,21081,21091,20982,22083,32767,32767,32767,32767,32767,3856.0,17100.0
1550.0,1114.0,8633,19918,19736,19129,18773,22083,32767,32767,32767,32767,32767,3296.0,17100.0
1430.0,1067.0,12216,20766,21978,21091,20430,22083,32767,32767,32767,32767,32767,3361.0,17100.0
1629.0,1327.0,12216,21189,22427,23543,22638,22083,32767,32767,32767,32767,32767,3230.0,17100.0
1788.0,1493.0,12379,21189,23324,23053,22638,22083,32767,32767,32767,32767,32767,3493.0,17100.0
1530.0,1398.0,12216,22037,23324,23543,21534,22083,32767,32767,32767,32767,32767,3164.0,17100.0
1609.0,1398.0,12704,22461,24669,25505,24847,22083,32767,32767,32767,32767,32767,2768.0,17100.0
1649.0,1493.0,13030,22461,24221,24034,24295,22083,32767,32767,32767,32767,32767,3493.0,17100.0
1609.0,1398.0,13193,22461,24221,24034,24295,22083,32767,32767,32767,32767,32767,3559.0,17100.0
1689.0,1351.0,12867,22884,23772,24524,23743,22083,32767,32767,32767,32767,32767,4614.0,17100.0
1450.0,1138.0,11401,23308,27809,21091,20982,22083,32767,32767,32767,32767,32767,2538.0,17100.0
1649.0,1280.0,13193,23308,25567,25505,23190,22083,32767,32767,32767,32767,32767,3922.0,17100.0
1473.0,1149.0,10218,19335,20038,19581,21518,22156,32767,32767,32767,32767,32767,3132.0,17100.0
1851.0,1577.0,11766,21349,23449,22844,23092,22156,32767,32767,32767,32767,32767,3414.0,17100.0
1662.0,1419.0,12385,22960,24301,24709,25192,22156,32767,32767,32767,32767,32767,3070.0,17100.0
1803.0,1841.0,13715,24584,26439,27076,27897,22383,32767,32767,32767,32767,32767,3238.0,17100.0
1877.0,1774.0,12649,24584,26019,25699,25314,22383,32767,32767,32767,32767,32767,2837.0,17100.0
1543.0,1464.0,13411,24980,26859,27535,27381,22383,32767,32767,32767,32767,32767,3022.0,17100.0
1987.0,1659.0,10424,19070,19736,21581,22086,22696,32767,32767,32767,32767,32767,3625.0,17100.0
1550.0,1304.0,13193,21613,23324,23053,23190,22696,32767,32767,32767,32767,32767,3526.0,17100.0
1788.0,1493.0,12542,21613,22875,23543,23743,22696,32767,32767,32767,32767,32767,3296.0,17100.0
1589.0,1232.0,13030,22037,23772,24524,24295,22696,32767,32767,32767,32767,32767,3526.0,17100.0
1848.0,1612.0,13356,22884,25567,24524,24295,22696,32767,32767,32767,32767,32767,3724.0,17100.0
1589.0,1351.0,13682,22884,25567,25505,24295,22696,32767,32767,32767,32767,32767,3065.0,17100.0
1828.0,1754.0,14007,23308,26015,25505,26503,22696,32767,32767,32767,32767,32767,3724.0,17100.0
2046.0,1825.0,13845,23732,26912,24524,25399,22696,32767,32767,32767,32767,32767,3790.0,17100.0
1788.0,1564.0,13030,23732,26015,25015,25399,22696,32767,32767,32767,32767,32767,3625.0,17100.0
1649.0,1446.0,13682,23732,26464,25996,27055,22696,32767,32767,32767,32767,32767,3691.0,17100.0
1689.0,1469.0,14007,24156,25567,25505,24847,22696,32767,32767,32767,32767,32767,3559.0,17100.0
1689.0,1446.0,13356,24580,26015,25505,25951,22696,32767,32767,32767,32767,32767,3361.0,17100.0
1728.0,1683.0,14496,25003,27809,26486,27055,22696,32767,32767,32767,32767,32767,3230.0,17100.0
1848.0,1422.0,14333,25427,26015,26486,25399,22696,32767,32767,32767,32767,32767,3757.0,17100.0
1681.0,1329.0,7741,16918,18333,17250,19419,22739,32767,32767,32767,32767,32767,2443.0,17100.0
2026.0,2240.0,14173,25377,28118,28912,27897,22957,32767,32767,32767,32767,32767,3114.0,17100.0
1691.0,1708.0,14020,25377,27698,28912,27897,22957,32767,32767,32767,32767,32767,3053.0,17100.0
2007.0,2018.0,14325,26170,29377,29370,29964,22957,32767,32767,32767,32767,32767,2837.0,17100.0
1748.0,1446.0,8795,18223,18838,22072,23190,23310,32767,32767,32767,32767,32767,2439.0,17100.0
2026.0,1778.0,13030,22461,25118,24034,24847,23310,32767,32767,32767,32767,32767,3790.0,17100.0
2146.0,1706.0,11239,22461,24669,22562,23743,23310,32767,32767,32767,32767,32767,3889.0,17100.0
1967.0,1778.0,12867,23308,25567,24524,24847,23310,32767,32767,32767,32767,32767,4251.0,17100.0
1768.0,1612.0,13519,23308,23772,25996,26503,23310,32767,32767,32767,32767,32767,3526.0,17100.0
1947.0,1872.0,12053,23308,24221,23543,25399,23310,32767,32767,32767,32767,32767,4185.0,17100.0
1629.0,1375.0,14170,24156,26015,25996,25951,23310,32767,32767,32767,32767,32767,3032.0,17100.0
1589.0,1351.0,14007,24580,26015,26486,25951,23310,32767,32767,32767,32767,32767,4119.0,17100.0
1748.0,1493.0,13356,25003,27361,26486,27055,23310,32767,32767,32767,32767,32767,3131.0,17100.0
1748.0,1446.0,13356,25427,26464,26977,26503,23310,32767,32767,32767,32767,32767,3263.0,17100.0
1945.0,1509.0,12231,22155,23875,23310,23617,23322,32767,32767,32767,32767,32767,4260.0,17100.0
1869.0,1554.0,12540,22558,25154,25175,24667,23322,32767,32767,32767,32767,32767,3508.0,17100.0
1775.0,1622.0,12695,22960,25154,24243,26241,23322,32767,32767,32767,32767,32767,3164.0,17100.0
2175.0,2173.0,14020,26170,27278,28912,27897,23531,32767,32767,32767,32767,32767,2683.0,17100.0
2007.0,1885.0,13106,26170,27698,28453,27381,23531,32767,32767,32767,32767,32767,2991.0,17100.0
1813.0,1645.0,10992,20946,23022,22844,24667,23905,32767,32767,32767,32767,32767,2945.0,17100.0
1756.0,1577.0,10373,21349,23022,23777,25716,23905,32767,32767,32767,32767,32767,2600.0,17100.0
2228.0,1982.0,11456,22960,24728,25175,26241,23905,32767,32767,32767,32767,32767,2945.0,17100.0
1718.0,1645.0,13005,25377,26859,27506,27291,23905,32767,32767,32767,32767,32767,3101.0,17100.0
2086.0,1683.0,12053,22884,23324,23053,24295,23923,32767,32767,32767,32767,32767,4054.0,17100.0
1748.0,1422.0,13193,23308,26015,25505,25951,23923,32767,32767,32767,32767,32767,3592.0,17100.0
1788.0,1612.0,13845,23732,26464,26486,26503,23923,32767,32767,32767,32767,32767,3790.0,17100.0
1848.0,1541.0,14985,25427,27361,28448,27055,23923,32767,32767,32767,32767,32767,3922.0,17100.0
1840.0,1663.0,14477,26963,28118,29370,28414,24105,32767,32767,32767,32767,32767,2683.0,17100.0
1822.0,1818.0,14630,29342,30216,31665,30997,24105,32767,32767,32767,32767,32767,2467.0,17100.0
2190.0,1825.0,12540,23363,26859,26108,27291,24488,32767,32767,32767,32767,32767,3853.0,17100.0
1907.0,1554.0,13159,24572,26433,25641,26241,24488,32767,32767,32767,32767,32767,4291.0,17100.0
1728.0,1446.0,9447,19070,20184,23543,26503,24536,32767,32767,32767,32767,32767,2505.0,17100.0
1768.0,1422.0,9610,22037,22875,22072,24295,24536,32767,32767,32767,32767,32767,2603.0,17100.0
2245.0,2015.0,11239,23732,24669,25015,27055,24536,32767,32767,32767,32767,32767,3296.0,17100.0
1828.0,1446.0,13356,23732,26015,26977,27055,24536,32767,32767,32767,32767,32767,4449.0,17100.0
1550.0,1422.0,13845,25427,27361,26977,27055,24536,32767,32767,32767,32767,32767,3230.0,17100.0
1689.0,1564.0,14333,25427,28258,26486,26503,24536,32767,32767,32767,32767,32767,3526.0,17100.0
2066.0,2015.0,15473,26699,29155,28938,28712,24536,32767,32767,32767,32767,32767,3724.0,17100.0
1636.0,1464.0,12192,23394,25600,25699,25314,24679,32767,32767,32767,32767,32767,2343.0,17100.0
1766.0,1619.0,14020,26170,27698,29829,27381,24679,32767,32767,32767,32767,32767,2868.0,17100.0
2285.0,1937.0,8825,19335,19612,20047,23617,25071,32767,32767,32767,32767,32767,2819.0,17100.0
1718.0,1419.0,11456,20946,23449,23310,24667,25071,32767,32767,32767,32767,32767,3038.0,17100.0
2530.0,2433.0,10682,22558,24301,23310,25716,25071,32767,32767,32767,32767,32767,2976.0,17100.0
1987.0,1991.0,14170,25003,27361,28448,28712,25150,32767,32767,32767,32767,32767,3889.0,17100.0
2463.0,2465.0,14333,25003,27809,28938,28712,25150,32767,32767,32767,32767,32767,3724.0,17100.0
2146.0,1825.0,13193,25427,27361,25996,26503,25150,32767,32767,32767,32767,32767,4152.0,17100.0
2026.0,1920.0,14170,26699,27809,28448,28712,25150,32767,32767,32767,32767,32767,3592.0,17100.0
1768.0,1564.0,15962,27122,29603,28448,28160,25150,32767,32767,32767,32767,32767,3724.0,17100.0
2268.0,2218.0,13258,26963,29377,29370,29964,25253,32767,32767,32767,32767,32767,2590.0,17100.0
2119.0,1818.0,15392,27756,29377,32124,30480,25253,32767,32767,32767,32767,32767,3762.0,17100.0
2119.0,2151.0,15087,29342,29377,32583,30997,25253,32767,32767,32767,32767,32767,2683.0,17100.0
2086.0,1730.0,13030,23308,26015,26977,28160,25763,32767,32767,32767,32767,32767,3559.0,17100.0
2165.0,2299.0,14659,26275,28258,29429,29264,25763,32767,32767,32767,32767,32767,3757.0,17100.0
2185.0,1730.0,13519,26275,29155,27467,28160,25763,32767,32767,32767,32767,32767,4383.0,17100.0
2007.0,2151.0,13868,28152,29796,29370,29447,25827,32767,32767,32767,32767,32767,2806.0,17100.0
2002.0,1554.0,11921,21752,25580,22844,25192,26237,32767,32767,32767,32767,32767,4041.0,17100.0
1945.0,1780.0,12850,25780,26859,26108,28341,26237,32767,32767,32767,32767,32767,3164.0,17100.0
2304.0,1896.0,10587,22037,23324,25505,27608,26377,32767,32767,32767,32767,32767,3460.0,17100.0
1887.0,1730.0,10913,22461,23772,26486,27608,26377,32767,32767,32767,32767,32767,2999.0,17100.0
1987.0,1493.0,12379,23308,26464,26977,27608,26377,32767,32767,32767,32767,32767,4746.0,17100.0
2225.0,1778.0,12704,24580,25567,24524,25951,26377,32767,32767,32767,32767,32767,4350.0,17100.0
1768.0,1849.0,13030,26275,29603,29919,30921,26377,32767,32767,32767,32767,32767,2439.0,17100.0
1987.0,1896.0,15148,27122,28706,29429,29816,26377,32767,32767,32767,32767,32767,4021.0,17100.0
1669.0,1612.0,16125,27970,30949,29429,29264,26377,32767,32767,32767,32767,32767,3065.0,17100.0
2126.0,1896.0,15310,27970,30052,31881,32025,26377,32767,32767,32767,32767,32767,3757.0,17100.0
1907.0,1754.0,15962,28817,30052,29919,29816,26377,32767,32767,32767,32767,32767,5009.0,17100.0
2286.0,2084.0,13258,25377,27278,26158,26347,26401,32767,32767,32767,32767,32767,3484.0,17100.0
2100.0,2306.0,14630,27756,31055,32583,32767,26401,32767,32767,32767,32767,32767,2868.0,17100.0
2379.0,2151.0,15849,29342,32734,32124,32767,26401,32767,32767,32767,32767,32767,3423.0,17100.0
1654.0,1597.0,14325,29738,32767,32583,32767,26975,32767,32767,32767,32767,32767,2837.0,17100.0
1822.0,1752.0,15392,31324,32767,32767,32767,26975,32767,32767,32767,32767,32767,2590.0,17100.0
2543.0,2275.0,15148,27970,30949,29429,30368,26990,32767,32767,32767,32767,32767,4087.0,17100.0
2119.0,2151.0,17068,30928,32767,32767,32767,27549,32767,32767,32767,32767,32767,3546.0,17100.0
2543.0,2204.0,13682,25427,28706,29429,29264,27603,32767,32767,32767,32767,32767,3988.0,17100.0
2404.0,2180.0,14659,27546,30500,29429,30921,27603,32767,32767,32767,32767,32767,3790.0,17100.0
1828.0,2038.0,15636,27970,30949,29429,29816,27603,32767,32767,32767,32767,32767,3230.0,17100.0
1887.0,1659.0,16939,28817,32767,31391,31473,27603,32767,32767,32767,32767,32767,3724.0,17100.0
1803.0,1796.0,16001,32117,32767,32767,32767,28123,32767,32767,32767,32767,32767,2621.0,17100.0
2483.0,2180.0,11401,22884,23772,27958,29816,28217,32767,32767,32767,32767,32767,3625.0,17100.0
2304.0,1943.0,11076,23308,25567,25505,28160,28217,32767,32767,32767,32767,32767,3131.0,17100.0
2563.0,2252.0,14333,28817,31397,29429,30921,28217,32767,32767,32767,32767,32767,3922.0,17100.0
2404.0,2133.0,10098,20766,23324,24524,27608,28830,32767,32767,32767,32767,32767,3197.0,17100.0
2106.0,1778.0,12379,23732,23772,27958,29264,28830,32767,32767,32767,32767,32767,3955.0,17100.0
2285.0,2038.0,13519,25851,28706,28938,30368,28830,32767,32767,32767,32767,32767,4152.0,17100.0
2106.0,1825.0,13193,26275,26912,28938,30921,28830,32767,32767,32767,32767,32767,4317.0,17100.0
2342.0,2284.0,15087,29738,32314,32767,32767,29270,32767,32767,32767,32767,32767,3145.0,17100.0
2046.0,1896.0,17265,29241,32767,32767,32767,29444,32767,32767,32767,32767,32767,3823.0,17100.0
2493.0,2163.0,10837,24974,27286,28439,29915,29736,32767,32767,32767,32767,32767,3132.0,17100.0
2077.0,1960.0,17339,32225,32767,32767,32767,29736,32767,32767,32767,32767,32767,4385.0,17100.0
1896.0,2062.0,16306,32767,32767,32767,32767,29844,32767,32767,32767,32767,32767,2868.0,17100.0
1947.0,1659.0,10750,23308,25118,25505,28160,30057,32767,32767,32767,32767,32767,2669.0,17100.0
2682.0,2323.0,11239,23732,25567,27467,30921,30057,32767,32767,32767,32767,32767,3757.0,17100.0
2563.0,2299.0,11076,24156,26464,26977,30368,30057,32767,32767,32767,32767,32767,3361.0,17100.0
2642.0,2323.0,10750,24156,26912,25996,29816,30057,32767,32767,32767,32767,32767,3493.0,17100.0
2602.0,2228.0,12542,24580,27809,28938,32577,30057,32767,32767,32767,32767,32767,4383.0,17100.0
2622.0,2346.0,12379,25003,27361,29919,32577,30057,32767,32767,32767,32767,32767,3658.0,17100.0
2026.0,2084.0,16763,32767,32767,32767,32767,30418,32767,32767,32767,32767,32767,3114.0,17100.0
2424.0,2062.0,11401,24156,26464,30410,32767,30671,32767,32767,32767,32767,32767,3757.0,17100.0
2444.0,2038.0,11727,25851,27809,26977,31473,30671,32767,32767,32767,32767,32767,3394.0,17100.0
2165.0,1849.0,14333,27546,30949,31391,32577,30671,32767,32767,32767,32767,32767,3856.0,17100.0
2474.0,2163.0,13934,28197,30270,32635,32767,30902,32767,32767,32767,32767,32767,4010.0,17100.0
1851.0,1622.0,16101,32767,32767,32767,32767,30902,32767,32767,32767,32767,32767,3508.0,17100.0
2342.0,2040.0,12954,28152,29796,31206,32767,30992,32767,32767,32767,32767,32767,2528.0,17100.0
2781.0,2394.0,12867,25851,27809,28938,32025,31284,32767,32767,32767,32767,32767,3955.0,17100.0
2503.0,2180.0,11890,25851,27809,28938,32577,31284,32767,32767,32767,32767,32767,3724.0,17100.0
2900.0,2560.0,13519,27122,29603,31391,32767,31897,32767,32767,32767,32767,32767,4185.0,17100.0
2722.0,2323.0,13845,27970,30500,30900,32767,31897,32767,32767,32767,32767,32767,4548.0,17100.0
2543.0,2252.0,13356,27546,29603,32372,32767,32767,32767,32767,32767,32767,32767,3955.0,17100.0
2583.0,2252.0,13845,30089,32767,32767,32767,32767,32767,32767,32767,32767,32767,3493.0,17100.0
2861.0,2536.0,14007,30513,32767,32372,32767,32767,32767,32767,32767,32767,32767,4383.0,17100.0
2100.0,2151.0,17678,32767,32767,32767,32767,32767,32767,32767,32767,32767,32767,3299.0,17100.0
1800.0,1577.0,10840,19978,21559,1360,2042,5103,32767,32767,32767,32767,32767,3138.0,17500.0
1322.0,920.0,8582,14102,14096,14508,14801,14742,32767,32767,32767,32767,32767,3290.0,17500.0
1341.0,986.0,8732,14102,14926,14508,14801,15309,32767,32767,32767,32767,32767,3259.0,17500.0
1304.0,964.0,8582,14494,14511,14961,14801,15309,32767,32767,32767,32767,32767,3199.0,17500.0
1414.0,1030.0,9334,15277,15340,15868,14801,15309,32767,32767,32767,32767,32767,3534.0,17500.0
1304.0,942.0,8130,14886,14511,14961,14291,15876,32767,32767,32767,32767,32767,2254.0,17500.0
1377.0,1008.0,9334,15277,15340,15868,14291,15876,32767,32767,32767,32767,32767,3534.0,17500.0
1451.0,1117.0,9033,15277,16169,15868,15822,15876,32767,32767,32767,32767,32767,3046.0,17500.0
1285.0,964.0,8883,15277,15340,15415,15311,15876,32767,32767,32767,32767,32767,3046.0,17500.0
1414.0,1030.0,9485,16061,16999,17228,16332,15876,32767,32767,32767,32767,32767,3016.0,17500.0
1451.0,1095.0,9636,16061,16999,17228,15311,15876,32767,32767,32767,32767,32767,3138.0,17500.0
1322.0,986.0,7678,14102,14096,15415,14291,16443,32767,32767,32767,32767,32767,2772.0,17500.0
1322.0,964.0,8732,14494,14926,14508,14801,16443,32767,32767,32767,32767,32767,3168.0,17500.0
1359.0,1030.0,8130,14494,14926,14961,14801,16443,32767,32767,32767,32767,32767,2924.0,17500.0
1396.0,1052.0,9334,15277,15755,15868,15311,16443,32767,32767,32767,32767,32767,3259.0,17500.0
1414.0,1052.0,9033,15277,16169,15415,15311,16443,32767,32767,32767,32767,32767,3199.0,17500.0
1304.0,1052.0,6775,15277,15340,15868,15822,16443,32767,32767,32767,32767,32767,1462.0,17500.0
1414.0,1030.0,8582,15669,15755,16322,15311,16443,32767,32767,32767,32767,32767,2772.0,17500.0
1377.0,1095.0,7979,15669,14926,15868,15311,16443,32767,32767,32767,32767,32767,2528.0,17500.0
1396.0,964.0,9636,16061,16169,16775,15822,16443,32767,32767,32767,32767,32767,3442.0,17500.0
1396.0,1008.0,9033,16061,16169,15868,16332,16443,32767,32767,32767,32767,32767,2833.0,17500.0
1414.0,1073.0,9184,16061,16584,15868,15311,16443,32767,32767,32767,32767,32767,3107.0,17500.0
1396.0,1073.0,9334,16452,16584,16775,15822,16443,32767,32767,32767,32767,32767,2894.0,17500.0
1414.0,1095.0,9786,16452,17413,17682,16332,16443,32767,32767,32767,32767,32767,2985.0,17500.0
1469.0,1008.0,10840,17236,18242,17682,16843,16443,32767,32767,32767,32767,32767,3655.0,17500.0
1359.0,986.0,7979,14102,13267,16322,14291,17010,32767,32767,32767,32767,32767,3107.0,17500.0
1359.0,1052.0,9184,15277,15755,16322,15822,17010,32767,32767,32767,32767,32767,3138.0,17500.0
1377.0,1052.0,8281,15277,14926,15868,15311,17010,32767,32767,32767,32767,32767,3046.0,17500.0
1341.0,986.0,9334,15277,15755,16775,16332,17010,32767,32767,32767,32767,32767,3229.0,17500.0
1359.0,1052.0,9033,15277,16169,17228,15311,17010,32767,32767,32767,32767,32767,3016.0,17500.0
1451.0,1117.0,9636,15669,16584,17682,16332,17010,32767,32767,32767,32767,32767,3138.0,17500.0
1469.0,1183.0,9485,16061,17413,17228,16332,17010,32767,32767,32767,32767,32767,2955.0,17500.0
1304.0,1008.0,9184,16061,16169,15868,15311,17010,32767,32767,32767,32767,32767,3016.0,17500.0
1285.0,920.0,9485,16061,16999,16775,15822,17010,32767,32767,32767,32767,32767,2772.0,17500.0
1432.0,1095.0,9334,16061,17413,17228,16332,17010,32767,32767,32767,32767,32767,2955.0,17500.0
1359.0,1030.0,8883,16061,16169,16322,15311,17010,32767,32767,32767,32767,32767,2650.0,17500.0
1414.0,1052.0,9033,16061,16584,16322,16332,17010,32767,32767,32767,32767,32767,2650.0,17500.0
1432.0,1095.0,9786,16452,17828,17682,16843,17010,32767,32767,32767,32767,32767,2772.0,17500.0
1469.0,1161.0,9184,16452,16584,17682,16332,17010,32767,32767,32767,32767,32767,2650.0,17500.0
1396.0,1095.0,9033,16452,16999,16775,15822,17010,32767,32767,32767,32767,32767,2803.0,17500.0
1377.0,1030.0,9636,16452,16999,17682,16332,17010,32767,32767,32767,32767,32767,2955.0,17500.0
1451.0,1095.0,10388,16452,18242,18135,16843,17010,32767,32767,32767,32767,32767,3229.0,17500.0
1396.0,1052.0,9786,16844,17413,16775,15822,17010,32767,32767,32767,32767,32767,3077.0,17500.0
1432.0,1052.0,9786,17236,17828,17228,16843,17010,32767,32767,32767,32767,32767,3229.0,17500.0
1451.0,1073.0,10689,17628,17828,18135,17353,17010,32767,32767,32767,32767,32767,3595.0,17500.0
1451.0,1117.0,9485,14886,16169,16322,15822,17577,32767,32767,32767,32767,32767,3290.0,17500.0
1322.0,1073.0,8883,15669,15340,16775,16332,17577,32767,32767,32767,32767,32767,2254.0,17500.0
1377.0,1073.0,8732,15669,16169,16322,16332,17577,32767,32767,32767,32767,32767,2589.0,17500.0
1487.0,1095.0,8582,15669,16999,18135,17353,17577,32767,32767,32767,32767,32767,3199.0,17500.0
1377.0,1008.0,9636,16452,16999,17228,16843,17577,32767,32767,32767,32767,32767,3290.0,17500.0
1579.0,1314.0,10087,16452,18242,18135,16843,17577,32767,32767,32767,32767,32767,3229.0,17500.0
1451.0,1117.0,9636,16844,18242,17228,16332,17577,32767,32767,32767,32767,32767,2742.0,17500.0
1469.0,1117.0,9636,16844,18242,17682,16843,17577,32767,32767,32767,32767,32767,2985.0,17500.0
1451.0,1161.0,9937,16844,18242,18135,17863,17577,32767,32767,32767,32767,32767,2772.0,17500.0
1377.0,986.0,10388,16844,16999,16775,16332,17577,32767,32767,32767,32767,32767,3320.0,17500.0
1506.0,1161.0,10087,16844,17828,18588,17353,17577,32767,32767,32767,32767,32767,3442.0,17500.0
1377.0,1073.0,8883,16844,16999,17228,17353,17577,32767,32767,32767,32767,32767,2376.0,17500.0
1414.0,1030.0,10388,17236,18657,17228,16843,17577,32767,32767,32767,32767,32767,3168.0,17500.0
1414.0,1073.0,9937,17236,17828,17228,17353,17577,32767,32767,32767,32767,32767,2803.0,17500.0
1396.0,1095.0,10087,17628,19072,18588,17863,17577,32767,32767,32767,32767,32767,2589.0,17500.0
1800.0,1402.0,10689,18019,19072,19949,18374,17577,32767,32767,32767,32767,32767,3412.0,17500.0
1487.0,1117.0,10991,20370,20730,20402,19905,17577,32767,32767,32767,32767,32767,3381.0,17500.0
1322.0,1008.0,8883,15277,16584,16322,15822,18144,32767,32767,32767,32767,32767,2742.0,17500.0
1524.0,1161.0,10238,16061,17413,18135,17353,18144,32767,32767,32767,32767,32767,3716.0,17500.0
1359.0,1008.0,9033,16061,16169,16775,16332,18144,32767,32767,32767,32767,32767,3016.0,17500.0
1451.0,1183.0,8281,16061,16999,17228,15822,18144,32767,32767,32767,32767,32767,2772.0,17500.0
1396.0,1095.0,8732,16452,16584,17228,16332,18144,32767,32767,32767,32767,32767,2407.0,17500.0
1469.0,1139.0,9485,16844,17828,17682,17353,18144,32767,32767,32767,32767,32767,2955.0,17500.0
1469.0,1139.0,9937,16844,17828,17228,16843,18144,32767,32767,32767,32767,32767,2924.0,17500.0
1396.0,1030.0,10388,16844,18242,18135,16843,18144,32767,32767,32767,32767,32767,3320.0,17500.0
1414.0,1030.0,9937,16844,17413,17682,16843,18144,32767,32767,32767,32767,32767,2863.0,17500.0
1414.0,1117.0,9786,16844,17413,18135,17353,18144,32767,32767,32767,32767,32767,3077.0,17500.0
1579.0,1249.0,10087,16844,17413,17682,17353,18144,32767,32767,32767,32767,32767,3199.0,17500.0
1561.0,1227.0,9786,16844,17828,18135,17353,18144,32767,32767,32767,32767,32767,3199.0,17500.0
1451.0,1139.0,9937,17236,17828,18135,16843,18144,32767,32767,32767,32767,32767,2955.0,17500.0
1469.0,1139.0,9636,17236,18242,18588,16843,18144,32767,32767,32767,32767,32767,2894.0,17500.0
1524.0,1205.0,10689,17628,19072,19042,18374,18144,32767,32767,32767,32767,32767,3686.0,17500.0
1469.0,1183.0,9937,17628,19072,19042,18884,18144,32767,32767,32767,32767,32767,2924.0,17500.0
1487.0,1095.0,10539,17628,17828,18135,17353,18144,32767,32767,32767,32767,32767,3138.0,17500.0
1561.0,1183.0,10840,18019,19072,19042,18374,18144,32767,32767,32767,32767,32767,3595.0,17500.0
1506.0,1227.0,10238,18019,19072,19042,18884,18144,32767,32767,32767,32767,32767,2772.0,17500.0
1396.0,1008.0,10539,18019,18657,19042,17353,18144,32767,32767,32767,32767,32767,3351.0,17500.0
1469.0,1227.0,10991,18411,19901,19495,19394,18144,32767,32767,32767,32767,32767,3077.0,17500.0
1689.0,1402.0,10991,18803,19901,19495,19394,18144,32767,32767,32767,32767,32767,3229.0,17500.0
1451.0,1117.0,10991,19586,19486,19949,18884,18144,32767,32767,32767,32767,32767,3077.0,17500.0
1432.0,1117.0,11442,19586,21145,20402,19394,18144,32767,32767,32767,32767,32767,2924.0,17500.0
1543.0,1183.0,9636,15669,16999,17682,16843,18711,32767,32767,32767,32767,32767,3381.0,17500.0
1396.0,1052.0,9033,16061,16999,17682,16843,18711,32767,32767,32767,32767,32767,3016.0,17500.0
1506.0,1183.0,8732,16061,15755,16322,15822,18711,32767,32767,32767,32767,32767,2772.0,17500.0
1689.0,1293.0,9636,16844,17413,19495,17353,18711,32767,32767,32767,32767,32767,3442.0,17500.0
1634.0,1424.0,10388,16844,17828,18588,17353,18711,32767,32767,32767,32767,32767,3716.0,17500.0
1487.0,1183.0,9334,17236,16999,18135,17353,18711,32767,32767,32767,32767,32767,2833.0,17500.0
1561.0,1227.0,9937,17236,17828,18135,17863,18711,32767,32767,32767,32767,32767,3808.0,17500.0
1432.0,1052.0,10238,17236,18242,18588,16843,18711,32767,32767,32767,32767,32767,3655.0,17500.0
1432.0,1095.0,10388,17236,18242,17682,17353,18711,32767,32767,32767,32767,32767,2955.0,17500.0
1543.0,1227.0,10388,17236,18242,19495,17863,18711,32767,32767,32767,32767,32767,3138.0,17500.0
1561.0,1139.0,10388,17628,17413,18135,17353,18711,32767,32767,32767,32767,32767,3442.0,17500.0
1487.0,1161.0,10539,17628,18657,20402,18884,18711,32767,32767,32767,32767,32767,2894.0,17500.0
1414.0,1095.0,9786,18019,18242,19042,17863,18711,32767,32767,32767,32767,32767,2711.0,17500.0
1487.0,1052.0,10991,18019,19486,19495,19394,18711,32767,32767,32767,32767,32767,3229.0,17500.0
1414.0,1052.0,10388,18019,19072,18588,17353,18711,32767,32767,32767,32767,32767,2955.0,17500.0
1469.0,1095.0,11442,18019,19486,19042,18884,18711,32767,32767,32767,32767,32767,3473.0,17500.0
1598.0,1271.0,11141,18019,19901,19949,18374,18711,32767,32767,32767,32767,32767,3412.0,17500.0
1432.0,1095.0,10087,18019,18657,18135,18374,18711,32767,32767,32767,32767,32767,3016.0,17500.0
1487.0,1161.0,10238,18411,19901,19495,18884,18711,32767,32767,32767,32767,32767,2772.0,17500.0
1506.0,1336.0,9786,19195,20315,19949,18374,18711,32767,32767,32767,32767,32767,2650.0,17500.0
1414.0,1139.0,11292,21153,21974,22669,20926,18711,32767,32767,32767,32767,32767,2924.0,17500.0
1524.0,1227.0,9334,17628,18242,19495,17863,19278,32767,32767,32767,32767,32767,2437.0,17500.0
1469.0,1139.0,10388,17628,20315,18588,17863,19278,32767,32767,32767,32767,32767,3199.0,17500.0
1506.0,1117.0,10388,17628,19072,19495,18884,19278,32767,32767,32767,32767,32767,3168.0,17500.0
1487.0,1227.0,9786,18019,18242,19042,18374,19278,32767,32767,32767,32767,32767,2589.0,17500.0
1671.0,1358.0,10087,18019,18657,19042,19394,19278,32767,32767,32767,32767,32767,3107.0,17500.0
1524.0,1183.0,10238,18019,19072,19042,18374,19278,32767,32767,32767,32767,32767,3320.0,17500.0
1506.0,1205.0,10991,18803,20315,20402,18884,19278,32767,32767,32767,32767,32767,3229.0,17500.0
1524.0,1227.0,10388,18803,19486,19042,18884,19278,32767,32767,32767,32767,32767,3229.0,17500.0
1634.0,1271.0,11141,18803,20730,20855,19905,19278,32767,32767,32767,32767,32767,3747.0,17500.0
1671.0,1424.0,10689,19195,19901,20402,20415,19278,32767,32767,32767,32767,32767,3259.0,17500.0
1800.0,1424.0,11141,19586,20730,21309,20926,19278,32767,32767,32767,32767,32767,3259.0,17500.0
1653.0,1446.0,10689,19586,19072,19949,19905,19278,32767,32767,32767,32767,32767,2924.0,17500.0
1653.0,1380.0,10991,19978,21559,21309,19905,19278,32767,32767,32767,32767,32767,3138.0,17500.0
1487.0,1161.0,11141,20370,20730,20402,19905,19278,32767,32767,32767,32767,32767,2985.0,17500.0
1487.0,1183.0,11894,20761,21559,20855,20415,19278,32767,32767,32767,32767,32767,3259.0,17500.0
1579.0,1293.0,9636,18019,17828,18135,17863,19845,32767,32767,32767,32767,32767,2863.0,17500.0
2314.0,2016.0,10388,18411,19901,18588,18884,19845,32767,32767,32767,32767,32767,3442.0,17500.0
1708.0,1336.0,10991,18411,19901,19949,19394,19845,32767,32767,32767,32767,32767,3259.0,17500.0
1708.0,1490.0,10388,18803,19486,19495,18884,19845,32767,32767,32767,32767,32767,3138.0,17500.0
1855.0,1599.0,10840,19195,19486,20402,19394,19845,32767,32767,32767,32767,32767,4143.0,17500.0
1745.0,1512.0,10689,19195,21145,21309,19905,19845,32767,32767,32767,32767,32767,2955.0,17500.0
1598.0,1293.0,10840,19195,20315,21309,20926,19845,32767,32767,32767,32767,32767,3168.0,17500.0
1653.0,1665.0,10840,19195,20315,20402,19394,19845,32767,32767,32767,32767,32767,3473.0,17500.0
1524.0,1249.0,11292,19586,21145,19949,20415,19845,32767,32767,32767,32767,32767,2985.0,17500.0
1579.0,1293.0,11141,19586,20315,20402,19905,19845,32767,32767,32767,32767,32767,3016.0,17500.0
1708.0,1468.0,11292,19978,21559,21762,20926,19845,32767,32767,32767,32767,32767,3046.0,17500.0
1543.0,1227.0,11292,20370,22388,20402,20415,19845,32767,32767,32767,32767,32767,2803.0,17500.0
1451.0,1139.0,10991,20761,21974,21762,20415,19845,32767,32767,32767,32767,32767,2407.0,17500.0
1561.0,1402.0,11141,21153,22388,21762,21436,19845,32767,32767,32767,32767,32767,2711.0,17500.0
1598.0,1380.0,12195,21545,22803,23122,21946,19845,32767,32767,32767,32767,32767,2803.0,17500.0
1653.0,1402.0,9636,18411,18657,19042,18374,20412,32767,32767,32767,32767,32767,2803.0,17500.0
1469.0,1227.0,10238,18803,18657,19042,18374,20412,32767,32767,32767,32767,32767,2863.0,17500.0
1634.0,1293.0,9937,18803,18657,20855,19394,20412,32767,32767,32767,32767,32767,3016.0,17500.0
1451.0,1227.0,10087,19586,20730,20855,21436,20412,32767,32767,32767,32767,32767,2407.0,17500.0
1634.0,1271.0,11743,19586,21559,22215,20415,20412,32767,32767,32767,32767,32767,3381.0,17500.0
1745.0,1490.0,9937,19978,20730,22215,21436,20412,32767,32767,32767,32767,32767,2894.0,17500.0
1708.0,1534.0,11442,19978,21559,22215,21436,20412,32767,32767,32767,32767,32767,3046.0,17500.0
1524.0,1293.0,10991,19978,21974,21309,20926,20412,32767,32767,32767,32767,32767,2711.0,17500.0
1487.0,1139.0,10689,20370,20730,21309,20415,20412,32767,32767,32767,32767,32767,3077.0,17500.0
1616.0,1271.0,11743,20370,21974,20855,20415,20412,32767,32767,32767,32767,32767,3290.0,17500.0
1763.0,1555.0,12346,21545,22803,23122,22457,20412,32767,32767,32767,32767,32767,3716.0,17500.0
1524.0,1205.0,11593,19586,20315,19042,19394,20979,32767,32767,32767,32767,32767,3168.0,17500.0
1689.0,1687.0,10991,19586,21559,21762,21946,20979,32767,32767,32767,32767,32767,2863.0,17500.0
1928.0,1599.0,10689,19586,20315,21762,21946,20979,32767,32767,32767,32767,32767,3381.0,17500.0
1781.0,1380.0,11292,19586,21145,21309,20926,20979,32767,32767,32767,32767,32767,3595.0,17500.0
1451.0,1183.0,11593,19978,22388,21762,21436,20979,32767,32767,32767,32767,32767,2863.0,17500.0
1763.0,1490.0,12044,20370,21974,22215,20926,20979,32767,32767,32767,32767,32767,3412.0,17500.0
1616.0,1380.0,12044,21545,23632,22669,21946,20979,32767,32767,32767,32767,32767,2863.0,17500.0
2038.0,1818.0,12195,21545,21559,25389,25519,20979,32767,32767,32767,32767,32767,3259.0,17500.0
1800.0,1490.0,12496,21545,22388,22669,22457,20979,32767,32767,32767,32767,32767,3655.0,17500.0
1543.0,1512.0,11593,21545,21559,24029,23477,20979,32767,32767,32767,32767,32767,3046.0,17500.0
1543.0,1293.0,11894,21937,24047,24029,22457,20979,32767,32767,32767,32767,32767,2955.0,17500.0
1561.0,1271.0,11743,21937,24047,22669,22967,20979,32767,32767,32767,32767,32767,2833.0,17500.0
1781.0,1424.0,13249,22720,25705,24936,25009,20979,32767,32767,32767,32767,32767,3442.0,17500.0
1543.0,1293.0,12496,23503,25705,23122,21946,20979,32767,32767,32767,32767,32767,3107.0,17500.0
1873.0,1555.0,8130,16844,18657,20402,19905,21546,32767,32767,32767,32767,32767,2224.0,17500.0
1561.0,1271.0,10840,19195,19901,20402,19905,21546,32767,32767,32767,32767,32767,3046.0,17500.0
1543.0,1358.0,11292,20761,22803,23122,21946,21546,32767,32767,32767,32767,32767,2437.0,17500.0
1653.0,1446.0,11593,20761,22388,21309,21436,21546,32767,32767,32767,32767,32767,2803.0,17500.0
1579.0,1380.0,12195,21153,23218,23122,22457,21546,32767,32767,32767,32767,32767,2803.0,17500.0
1634.0,1468.0,12195,21937,23218,24482,23988,21546,32767,32767,32767,32767,32767,2833.0,17500.0
1524.0,1271.0,12044,21937,22803,24029,22457,21546,32767,32767,32767,32767,32767,3016.0,17500.0
1689.0,1424.0,12195,22328,24047,24936,23988,21546,32767,32767,32767,32767,32767,3077.0,17500.0
1487.0,1161.0,11894,22328,22388,23576,22457,21546,32767,32767,32767,32767,32767,3046.0,17500.0
1745.0,1424.0,13399,22720,25705,26749,24498,21546,32767,32767,32767,32767,32767,3595.0,17500.0
1763.0,1665.0,11894,22720,24047,24482,23477,21546,32767,32767,32767,32767,32767,2711.0,17500.0
1598.0,1314.0,11141,20370,22803,24029,23988,22113,32767,32767,32767,32767,32767,2711.0,17500.0
1891.0,1577.0,11442,20370,21974,23576,22967,22113,32767,32767,32767,32767,32767,3199.0,17500.0
1671.0,1512.0,12195,20761,23632,22215,22967,22113,32767,32767,32767,32767,32767,2955.0,17500.0
2552.0,2213.0,10388,20761,22803,20855,21436,22113,32767,32767,32767,32767,32767,3290.0,17500.0
1561.0,1314.0,10689,20761,22388,22215,22457,22113,32767,32767,32767,32767,32767,2620.0,17500.0
1745.0,1599.0,12797,21937,23632,24936,24498,22113,32767,32767,32767,32767,32767,3381.0,17500.0
1653.0,1446.0,12647,21937,24461,24936,24498,22113,32767,32767,32767,32767,32767,3077.0,17500.0
1506.0,1227.0,12195,22328,24461,23122,22967,22113,32767,32767,32767,32767,32767,3259.0,17500.0
1818.0,1599.0,12948,22720,25291,24482,23477,22113,32767,32767,32767,32767,32767,3473.0,17500.0
1745.0,1555.0,13550,23503,26120,25842,25519,22113,32767,32767,32767,32767,32767,3077.0,17500.0
1653.0,1380.0,13249,24287,25291,26296,26540,22113,32767,32767,32767,32767,32767,3808.0,17500.0
2259.0,1950.0,11593,19978,21974,20855,22457,22680,32767,32767,32767,32767,32767,3869.0,17500.0
1487.0,1424.0,11743,20761,24047,24482,23988,22680,32767,32767,32767,32767,32767,2772.0,17500.0
1763.0,1621.0,12195,20761,23218,22669,23477,22680,32767,32767,32767,32767,32767,3168.0,17500.0
1891.0,1775.0,10539,20761,21559,22669,23477,22680,32767,32767,32767,32767,32767,2803.0,17500.0
1561.0,1336.0,10840,21545,24047,24029,23477,22680,32767,32767,32767,32767,32767,2285.0,17500.0
1891.0,1643.0,11442,21545,23218,23576,23988,22680,32767,32767,32767,32767,32767,2955.0,17500.0
1836.0,1621.0,11442,21937,24047,23576,23477,22680,32767,32767,32767,32767,32767,2742.0,17500.0
1616.0,1380.0,12496,22328,24047,26296,25009,22680,32767,32767,32767,32767,32767,2955.0,17500.0
1561.0,1358.0,12797,22720,25705,23122,22967,22680,32767,32767,32767,32767,32767,3381.0,17500.0
1689.0,1446.0,12797,23503,25291,26749,25519,22680,32767,32767,32767,32767,32767,3290.0,17500.0
1873.0,1534.0,14303,24287,27778,27203,26029,22680,32767,32767,32767,32767,32767,4082.0,17500.0
2057.0,1796.0,11141,20761,22388,22669,22967,23247,32767,32767,32767,32767,32767,3412.0,17500.0
2259.0,1928.0,11292,21545,23632,24482,22967,23247,32767,32767,32767,32767,32767,3930.0,17500.0
1745.0,1534.0,11141,21545,22803,22669,23988,23247,32767,32767,32767,32767,32767,2833.0,17500.0
2185.0,2169.0,10087,21545,20730,26296,25519,23247,32767,32767,32767,32767,32767,3077.0,17500.0
1928.0,1687.0,11894,22328,24047,26749,24498,23247,32767,32767,32767,32767,32767,3077.0,17500.0
1928.0,1906.0,12044,22328,24047,26296,25519,23247,32767,32767,32767,32767,32767,2437.0,17500.0
1855.0,1621.0,12346,22720,24876,24936,25519,23247,32767,32767,32767,32767,32767,3138.0,17500.0
2608.0,2366.0,10991,23112,23218,24482,25009,23247,32767,32767,32767,32767,32767,3199.0,17500.0
1616.0,1402.0,12044,23503,24047,25389,24498,23247,32767,32767,32767,32767,32767,3046.0,17500.0
1855.0,1621.0,13550,23895,25705,26296,27050,23247,32767,32767,32767,32767,32767,3290.0,17500.0
1561.0,1490.0,12647,24287,26534,26296,27050,23247,32767,32767,32767,32767,32767,2620.0,17500.0
1708.0,1555.0,14152,24679,27778,28109,27560,23247,32767,32767,32767,32767,32767,3168.0,17500.0
1891.0,1840.0,13701,24679,27364,27203,26029,23247,32767,32767,32767,32767,32767,2894.0,17500.0
1818.0,1753.0,14754,26246,29437,29469,29092,23247,32767,32767,32767,32767,32767,2955.0,17500.0
1322.0,942.0,12647,22720,23632,25842,25519,23814,32767,32767,32767,32767,32767,3412.0,17500.0
1983.0,1818.0,13249,23112,25291,25389,27050,23814,32767,32767,32767,32767,32767,3777.0,17500.0
1873.0,1687.0,14905,24679,27364,26749,27050,23814,32767,32767,32767,32767,32767,3534.0,17500.0
1726.0,1555.0,13550,24679,26949,28109,27560,23814,32767,32767,32767,32767,32767,3503.0,17500.0
1836.0,1906.0,14453,25070,26949,29016,28071,23814,32767,32767,32767,32767,32767,3473.0,17500.0
1506.0,1139.0,12496,25070,27364,27203,27050,23814,32767,32767,32767,32767,32767,3229.0,17500.0
1579.0,1293.0,13550,25462,27364,27203,28581,23814,32767,32767,32767,32767,32767,2742.0,17500.0
1910.0,1906.0,13851,25854,28193,28109,28071,23814,32767,32767,32767,32767,32767,3381.0,17500.0
1800.0,1796.0,12797,27029,27778,29469,28581,23814,32767,32767,32767,32767,32767,2376.0,17500.0
1891.0,1599.0,15206,28596,31924,30830,29092,23814,32767,32767,32767,32767,32767,3503.0,17500.0
1781.0,1796.0,14604,25070,28193,29016,27560,24381,32767,32767,32767,32767,32767,2924.0,17500.0
1818.0,1643.0,13851,25070,28193,27656,27050,24381,32767,32767,32767,32767,32767,3473.0,17500.0
1836.0,1775.0,14152,25462,29022,27656,27560,24381,32767,32767,32767,32767,32767,3046.0,17500.0
2865.0,2607.0,11442,22720,25705,28563,27050,24948,32767,32767,32767,32767,32767,3290.0,17500.0
2332.0,2037.0,12647,23112,24047,26749,27050,24948,32767,32767,32767,32767,32767,3351.0,17500.0
2075.0,1775.0,13098,23503,26534,26749,25519,24948,32767,32767,32767,32767,32767,3595.0,17500.0
1910.0,1796.0,13399,24679,26534,27656,27050,24948,32767,32767,32767,32767,32767,3046.0,17500.0
2259.0,2125.0,13098,24679,26949,28109,27560,24948,32767,32767,32767,32767,32767,3442.0,17500.0
1983.0,1950.0,14453,26246,28607,29469,28071,24948,32767,32767,32767,32767,32767,3168.0,17500.0
2350.0,2059.0,11593,23112,24876,27203,27050,25515,32767,32767,32767,32767,32767,3473.0,17500.0
2038.0,2103.0,14754,26246,29022,28563,28581,25515,32767,32767,32767,32767,32767,3320.0,17500.0
2075.0,2344.0,14905,27029,29851,29923,28581,25515,32767,32767,32767,32767,32767,2985.0,17500.0
2002.0,1906.0,14002,25854,28607,29016,29602,26082,32767,32767,32767,32767,32767,3290.0,17500.0
1873.0,1950.0,15959,28988,32754,32190,31133,26082,32767,32767,32767,32767,32767,2833.0,17500.0
1965.0,1796.0,14905,28204,29851,30830,32154,26649,32767,32767,32767,32767,32767,3716.0,17500.0
2406.0,2235.0,13851,26246,28193,29469,30112,27216,32767,32767,32767,32767,32767,3655.0,17500.0
1818.0,1687.0,15507,28204,30680,30376,30623,27216,32767,32767,32767,32767,32767,3503.0,17500.0
1891.0,1840.0,14152,28988,30266,32643,32767,27216,32767,32767,32767,32767,32767,3259.0,17500.0
2093.0,1862.0,15056,28988,31095,30830,30623,27783,32767,32767,32767,32767,32767,3259.0,17500.0
2277.0,2213.0,15056,29379,31095,32190,32664,27783,32767,32767,32767,32767,32767,3351.0,17500.0
2038.0,1950.0,15658,30163,32767,32767,32767,27783,32767,32767,32767,32767,32767,3259.0,17500.0
2075.0,2147.0,16862,31338,32767,32767,32154,27783,32767,32767,32767,32767,32767,3046.0,17500.0
2093.0,2103.0,16260,31730,32767,32767,32767,28350,32767,32767,32767,32767,32767,3473.0,17500.0
2699.0,2519.0,14905,28596,31510,31736,32767,28917,32767,32767,32767,32767,32767,3960.0,17500.0
2020.0,2169.0,18217,32767,32767,32767,32767,28917,32767,32767,32767,32767,32767,3259.0,17500.0
2222.0,2213.0,17013,32767,32767,32767,32767,31185,32767,32767,32767,32767,32767,3747.0,17500.0
2038.0,2147.0,16712,32767,32767,32767,32767,31752,32767,32767,32767,32767,32767,2894.0,17500.0
2552.0,2278.0,14754,32767,32767,32190,32767,32767,32767,32767,32767,32767,32767,3564.0,17500.0
1470.0,1354.0,10526,18655,19744,2297,517,575,32767,32767,32767,32767,32767,2284.0,17600.0
1879.0,1465.0,4119,9526,9242,10106,9826,10341,32767,32767,32767,32767,32767,1204.0,17600.0
2047.0,1620.0,3661,9526,8402,9647,8791,10916,32767,32767,32767,32767,32767,1049.0,17600.0
1414.0,1132.0,4271,9923,9242,9647,9826,10916,32767,32767,32767,32767,32767,1574.0,17600.0
1768.0,1598.0,5797,10320,11763,11944,10860,13214,32767,32767,32767,32767,32767,2654.0,17600.0
1321.0,1043.0,8238,14686,14703,14241,13446,14937,32767,32767,32767,32767,32767,2346.0,17600.0
1340.0,999.0,7322,15083,14703,14241,13963,15512,32767,32767,32767,32767,32767,2068.0,17600.0
1321.0,1066.0,9153,14686,16384,16078,15514,16086,32767,32767,32767,32767,32767,2408.0,17600.0
1302.0,977.0,8085,15083,15543,16078,15514,16086,32767,32767,32767,32767,32767,2006.0,17600.0
1302.0,1021.0,9458,15877,16804,16538,15514,16086,32767,32767,32767,32767,32767,2654.0,17600.0
1433.0,1132.0,9763,16670,17644,17456,17066,16661,32767,32767,32767,32767,32767,2469.0,17600.0
1433.0,1176.0,9458,16670,17644,17916,17066,16661,32767,32767,32767,32767,32767,2315.0,17600.0
1451.0,1199.0,10068,17464,18904,17916,17583,16661,32767,32767,32767,32767,32767,2901.0,17600.0
1582.0,1421.0,10221,17464,18484,20213,19651,16661,32767,32767,32767,32767,32767,2500.0,17600.0
1489.0,1287.0,9458,18655,18904,18835,18100,16661,32767,32767,32767,32767,32767,2037.0,17600.0
2047.0,1798.0,5644,14289,13023,16078,14480,17235,32767,32767,32767,32767,32767,1266.0,17600.0
1377.0,1110.0,8390,15480,15964,15619,14480,17235,32767,32767,32767,32767,32767,2130.0,17600.0
1879.0,1398.0,5644,15480,13443,16078,14997,17235,32767,32767,32767,32767,32767,1327.0,17600.0
1433.0,1199.0,9305,16273,17224,16997,16031,17235,32767,32767,32767,32767,32767,2315.0,17600.0
1395.0,1243.0,9305,17067,18064,17916,17583,17235,32767,32767,32767,32767,32767,2191.0,17600.0
1451.0,1088.0,10068,17067,17224,17456,16031,17235,32767,32767,32767,32767,32767,3210.0,17600.0
1433.0,1243.0,9153,17464,18484,18375,17066,17235,32767,32767,32767,32767,32767,2222.0,17600.0
1433.0,1176.0,9916,17861,18484,18375,17583,17235,32767,32767,32767,32767,32767,2346.0,17600.0
1489.0,1310.0,10526,18258,19324,19294,18617,17235,32767,32767,32767,32767,32767,2531.0,17600.0
1377.0,1221.0,9611,16670,17644,17916,17066,17810,32767,32767,32767,32767,32767,2315.0,17600.0
1470.0,1132.0,9916,17067,17224,17916,16031,17810,32767,32767,32767,32767,32767,3056.0,17600.0
1544.0,1421.0,9763,17067,19324,18375,18617,17810,32767,32767,32767,32767,32767,2315.0,17600.0
1489.0,1310.0,9458,18258,18064,17916,17066,17810,32767,32767,32767,32767,32767,2253.0,17600.0
1302.0,1132.0,9153,18258,18904,18375,17583,17810,32767,32767,32767,32767,32767,1852.0,17600.0
1451.0,1265.0,10831,18258,20164,19294,19651,17810,32767,32767,32767,32767,32767,2500.0,17600.0
1489.0,1354.0,10678,18655,20164,19753,19651,17810,32767,32767,32767,32767,32767,2408.0,17600.0
1563.0,1465.0,10678,19846,21005,20213,19651,17810,32767,32767,32767,32767,32767,2346.0,17600.0
1600.0,1509.0,10831,19846,20585,20213,19134,17810,32767,32767,32767,32767,32767,2346.0,17600.0
1507.0,1332.0,10373,19846,20585,20672,18617,17810,32767,32767,32767,32767,32767,2531.0,17600.0
1451.0,1287.0,9000,17067,17224,17456,17066,18384,32767,32767,32767,32767,32767,1975.0,17600.0
1786.0,1554.0,11899,17861,20585,22510,20686,18384,32767,32767,32767,32767,32767,3117.0,17600.0
1544.0,1354.0,10526,19449,20585,19294,19134,18384,32767,32767,32767,32767,32767,2315.0,17600.0
1563.0,1509.0,11289,19449,20585,20672,20168,18384,32767,32767,32767,32767,32767,2500.0,17600.0
1507.0,1199.0,11136,19449,19324,18835,18100,18384,32767,32767,32767,32767,32767,3210.0,17600.0
1768.0,1598.0,12509,20243,23525,23428,22754,18384,32767,32767,32767,32767,32767,3241.0,17600.0
1582.0,1554.0,11899,22227,23525,22510,21720,18384,32767,32767,32767,32767,32767,2191.0,17600.0
1805.0,1665.0,11899,22227,22685,23428,21203,18384,32767,32767,32767,32767,32767,3056.0,17600.0
1507.0,1265.0,9458,18258,17224,18835,18100,18959,32767,32767,32767,32767,32767,2253.0,17600.0
1582.0,1465.0,11899,19846,21425,21131,20168,18959,32767,32767,32767,32767,32767,2685.0,17600.0
1637.0,1509.0,10526,20243,21425,21131,20686,18959,32767,32767,32767,32767,32767,2284.0,17600.0
1563.0,1376.0,11136,20639,21425,21131,20168,18959,32767,32767,32767,32767,32767,2315.0,17600.0
2009.0,1931.0,12509,21830,23945,22969,22754,18959,32767,32767,32767,32767,32767,3056.0,17600.0
2419.0,2087.0,7475,17464,17644,18835,19134,19533,32767,32767,32767,32767,32767,1636.0,17600.0
1563.0,1332.0,10068,18258,18064,18375,18100,19533,32767,32767,32767,32767,32767,2685.0,17600.0
1340.0,1088.0,8543,18258,17224,18375,20686,19533,32767,32767,32767,32767,32767,1389.0,17600.0
1451.0,1310.0,10831,18655,20164,20672,19134,19533,32767,32767,32767,32767,32767,2253.0,17600.0
1507.0,1332.0,9916,19449,20164,19753,19651,19533,32767,32767,32767,32767,32767,1975.0,17600.0
1526.0,1443.0,11899,20639,22265,21591,21203,19533,32767,32767,32767,32767,32767,2438.0,17600.0
1842.0,1576.0,12509,22227,24365,25266,23271,19533,32767,32767,32767,32767,32767,3704.0,17600.0
1600.0,1310.0,11441,20243,21425,21131,19651,20108,32767,32767,32767,32767,32767,3056.0,17600.0
1544.0,1487.0,11441,20243,21845,22050,21720,20108,32767,32767,32767,32767,32767,2253.0,17600.0
1563.0,1354.0,11441,20243,21425,21591,20168,20108,32767,32767,32767,32767,32767,2654.0,17600.0
1656.0,1598.0,11441,21036,22685,21591,21720,20108,32767,32767,32767,32767,32767,2315.0,17600.0
1507.0,1421.0,10831,21433,22265,21131,21203,20108,32767,32767,32767,32767,32767,2037.0,17600.0
1693.0,1509.0,11441,21830,23525,22969,22754,20108,32767,32767,32767,32767,32767,2531.0,17600.0
1619.0,1376.0,12204,22227,23105,23888,22237,20108,32767,32767,32767,32767,32767,2809.0,17600.0
1675.0,1665.0,11746,22624,24365,22969,22237,20108,32767,32767,32767,32767,32767,2130.0,17600.0
1861.0,1509.0,12967,24609,26886,26644,25857,20108,32767,32767,32767,32767,32767,2871.0,17600.0
1582.0,1421.0,10526,20243,21845,21131,20686,20682,32767,32767,32767,32767,32767,2408.0,17600.0
1563.0,1354.0,11441,20243,20164,22510,21203,20682,32767,32767,32767,32767,32767,2809.0,17600.0
1563.0,1265.0,11441,20639,21845,22969,20168,20682,32767,32767,32767,32767,32767,2901.0,17600.0
1693.0,1643.0,11899,21036,23105,22969,21720,20682,32767,32767,32767,32767,32767,2500.0,17600.0
1786.0,1820.0,12356,21830,24785,24807,23788,20682,32767,32767,32767,32767,32767,2593.0,17600.0
1898.0,1776.0,11441,21830,23105,23888,23271,20682,32767,32767,32767,32767,32767,2500.0,17600.0
1563.0,1265.0,11899,22227,23105,23428,23271,20682,32767,32767,32767,32767,32767,2778.0,17600.0
1489.0,1465.0,11899,22624,25206,23888,24306,20682,32767,32767,32767,32767,32767,1945.0,17600.0
1675.0,1643.0,12356,22624,24365,24807,23271,20682,32767,32767,32767,32767,32767,2315.0,17600.0
1637.0,1398.0,11594,20639,22685,22510,21203,21257,32767,32767,32767,32767,32767,2809.0,17600.0
1433.0,1310.0,11136,21433,22685,22969,21203,21257,32767,32767,32767,32767,32767,2408.0,17600.0
1414.0,1243.0,11441,21830,23525,23888,22754,21257,32767,32767,32767,32767,32767,2130.0,17600.0
1637.0,1554.0,12356,21830,23525,23428,22237,21257,32767,32767,32767,32767,32767,2315.0,17600.0
1637.0,1421.0,11899,21830,23105,23428,23271,21257,32767,32767,32767,32767,32767,3056.0,17600.0
1712.0,1731.0,11899,22227,23525,22969,23271,21257,32767,32767,32767,32767,32767,2377.0,17600.0
1861.0,1665.0,12662,22624,23525,22969,21720,21257,32767,32767,32767,32767,32767,3179.0,17600.0
1805.0,1643.0,13119,23418,26046,27563,27926,21257,32767,32767,32767,32767,32767,2191.0,17600.0
1786.0,1465.0,9305,19449,18904,20672,18617,21831,32767,32767,32767,32767,32767,2531.0,17600.0
1600.0,1554.0,12204,22624,23525,25266,24306,21831,32767,32767,32767,32767,32767,2284.0,17600.0
1526.0,1465.0,11594,23021,24785,24807,23271,21831,32767,32767,32767,32767,32767,1852.0,17600.0
1935.0,1842.0,13424,25402,26886,28022,28960,21831,32767,32767,32767,32767,32767,2963.0,17600.0
1730.0,1931.0,12051,26196,27306,28941,27408,21831,32767,32767,32767,32767,32767,2222.0,17600.0
1954.0,2020.0,13729,26593,29406,30319,29477,21831,32767,32767,32767,32767,32767,2685.0,17600.0
1600.0,1332.0,11441,21830,23105,22510,21203,22406,32767,32767,32767,32767,32767,2932.0,17600.0
1507.0,1443.0,12051,22624,25206,25266,24306,22406,32767,32767,32767,32767,32767,2222.0,17600.0
1656.0,1598.0,13119,23815,26466,26185,25340,22406,32767,32767,32767,32767,32767,2284.0,17600.0
1656.0,1421.0,12204,23815,25206,23888,24306,22406,32767,32767,32767,32767,32767,2840.0,17600.0
1600.0,1487.0,12662,24609,26046,25266,24823,22406,32767,32767,32767,32767,32767,2562.0,17600.0
1619.0,1443.0,13577,24609,26886,28022,26374,22406,32767,32767,32767,32767,32767,2469.0,17600.0
1749.0,1754.0,13119,25006,27306,26185,26374,22406,32767,32767,32767,32767,32767,2315.0,17600.0
2289.0,2153.0,15560,28181,31087,32767,31028,22406,32767,32767,32767,32767,32767,3117.0,17600.0
1730.0,1576.0,12204,23021,24785,25266,24306,22980,32767,32767,32767,32767,32767,2685.0,17600.0
1842.0,1687.0,13119,25006,25626,27103,25340,22980,32767,32767,32767,32767,32767,3025.0,17600.0
1600.0,1421.0,13577,26990,28986,30319,29477,22980,32767,32767,32767,32767,32767,2562.0,17600.0
1786.0,1909.0,14492,27784,28986,31238,29477,22980,32767,32767,32767,32767,32767,2191.0,17600.0
1805.0,1842.0,13424,25006,27726,27103,27926,23555,32767,32767,32767,32767,32767,2438.0,17600.0
1842.0,1776.0,13119,25006,26466,28022,26374,23555,32767,32767,32767,32767,32767,2562.0,17600.0
1768.0,1776.0,14797,28181,29406,29860,30511,23555,32767,32767,32767,32767,32767,2253.0,17600.0
1712.0,1598.0,13577,25402,27726,28022,26891,24130,32767,32767,32767,32767,32767,2654.0,17600.0
2251.0,2042.0,12662,25402,25626,26185,26374,24130,32767,32767,32767,32767,32767,2840.0,17600.0
1675.0,1487.0,12967,25799,27726,27563,26374,24130,32767,32767,32767,32767,32767,2346.0,17600.0
1916.0,1953.0,12967,25799,27306,27103,26891,24130,32767,32767,32767,32767,32767,2994.0,17600.0
1544.0,1465.0,13272,26990,28566,27103,27408,24130,32767,32767,32767,32767,32767,2624.0,17600.0
1600.0,1687.0,13882,26990,29827,29860,27926,24130,32767,32767,32767,32767,32767,1975.0,17600.0
2344.0,2486.0,14797,27784,29827,32616,31028,24130,32767,32767,32767,32767,32767,3766.0,17600.0
1675.0,1443.0,9000,19052,19744,21591,21720,24704,32767,32767,32767,32767,32767,2099.0,17600.0
1730.0,1620.0,12509,24212,26466,25725,25340,24704,32767,32767,32767,32767,32767,2469.0,17600.0
1972.0,1754.0,13882,25006,25626,28941,27408,24704,32767,32767,32767,32767,32767,3117.0,17600.0
1712.0,1665.0,13577,25799,28146,28022,27926,24704,32767,32767,32767,32767,32767,2562.0,17600.0
1861.0,1754.0,14035,25799,28146,28482,26891,24704,32767,32767,32767,32767,32767,2840.0,17600.0
1823.0,1665.0,12814,26196,28146,28022,27926,24704,32767,32767,32767,32767,32767,2747.0,17600.0
1730.0,1776.0,13424,26196,28986,28482,29994,25279,32767,32767,32767,32767,32767,2315.0,17600.0
1675.0,1709.0,13882,27387,29406,29860,29994,25279,32767,32767,32767,32767,32767,2253.0,17600.0
1935.0,2087.0,14187,27784,30247,28941,31028,25279,32767,32767,32767,32767,32767,2469.0,17600.0
1879.0,1909.0,15102,28975,31927,32157,29994,25279,32767,32767,32767,32767,32767,2963.0,17600.0
1768.0,1998.0,13424,27784,31087,30319,32063,25853,32767,32767,32767,32767,32767,2315.0,17600.0
1954.0,1953.0,13729,27784,29406,29400,29477,25853,32767,32767,32767,32767,32767,2654.0,17600.0
1991.0,1953.0,14340,28181,29406,30319,31028,25853,32767,32767,32767,32767,32767,3179.0,17600.0
2028.0,1976.0,15255,29372,31507,32157,32580,25853,32767,32767,32767,32767,32767,2994.0,17600.0
1879.0,1754.0,16018,29372,31087,32767,32063,25853,32767,32767,32767,32767,32767,2963.0,17600.0
1879.0,1776.0,12967,24609,26046,28022,26891,26428,32767,32767,32767,32767,32767,2531.0,17600.0
1916.0,1865.0,13577,26593,28986,29400,28960,26428,32767,32767,32767,32767,32767,2685.0,17600.0
1749.0,1731.0,14492,28181,30247,31238,29994,26428,32767,32767,32767,32767,32767,2593.0,17600.0
2196.0,2242.0,14187,28181,30667,29860,31545,26428,32767,32767,32767,32767,32767,3056.0,17600.0
2009.0,1976.0,14950,27784,30247,31238,30511,27577,32767,32767,32767,32767,32767,3025.0,17600.0
2196.0,2175.0,15713,30165,32347,32767,32767,27577,32767,32767,32767,32767,32767,3642.0,17600.0
1730.0,1576.0,15102,29768,32767,32767,32580,28726,32767,32767,32767,32767,32767,2778.0,17600.0
2214.0,2175.0,16475,30959,32767,32767,32767,28726,32767,32767,32767,32767,32767,3210.0,17600.0
2196.0,1998.0,11289,24212,25626,27103,27926,29300,32767,32767,32767,32767,32767,2778.0,17600.0
2289.0,2109.0,11594,26593,28146,29400,29994,29300,32767,32767,32767,32767,32767,2438.0,17600.0
2344.0,2353.0,16170,31753,32767,32767,32767,29300,32767,32767,32767,32767,32767,3395.0,17600.0
2084.0,2198.0,16323,32547,32767,32767,32767,29300,32767,32767,32767,32767,32767,2963.0,17600.0
1954.0,1887.0,16933,32767,32767,32767,32767,29875,32767,32767,32767,32767,32767,2593.0,17600.0
2103.0,2220.0,17391,32767,32767,32767,32767,29875,32767,32767,32767,32767,32767,3148.0,17600.0
1972.0,1976.0,17543,32767,32767,32767,32767,30449,32767,32767,32767,32767,32767,2685.0,17600.0
2121.0,2042.0,16475,32767,32767,32767,32767,31024,32767,32767,32767,32767,32767,2932.0,17600.0
2140.0,2198.0,16475,32767,32767,32767,32767,31598,32767,32767,32767,32767,32767,3056.0,17600.0
2307.0,2131.0,12814,28578,31087,31697,32767,32767,32767,32767,32767,32767,32767,2809.0,17600.0
1036.0,607.0,5408,9648,8935,8375,7857,9892,32767,32767,32767,32767,32767,2282.0,17700.0
1036.0,652.0,7416,11256,10637,11167,10476,9892,32767,32767,32767,32767,32767,3283.0,17700.0
1055.0,697.0,5408,10050,9361,9771,9428,10474,32767,32767,32767,32767,32767,2251.0,17700.0
1112.0,719.0,5253,10050,8935,9306,8380,10474,32767,32767,32767,32767,32767,2970.0,17700.0
1131.0,764.0,8034,11658,12339,11632,10999,10474,32767,32767,32767,32767,32767,3283.0,17700.0
1074.0,719.0,8034,12060,11488,11167,10476,10474,32767,32767,32767,32767,32767,3157.0,17700.0
1225.0,944.0,4017,9246,7659,9306,8380,11056,32767,32767,32767,32767,32767,1188.0,17700.0
1074.0,652.0,7571,10452,11488,11167,10476,11056,32767,32767,32767,32767,32767,3376.0,17700.0
1074.0,742.0,5717,10452,9786,10236,9952,11056,32767,32767,32767,32767,32767,2188.0,17700.0
1150.0,787.0,6953,10854,10637,11167,9952,11056,32767,32767,32767,32767,32767,2376.0,17700.0
1131.0,719.0,8189,10854,11914,11632,10999,11056,32767,32767,32767,32767,32767,3845.0,17700.0
1150.0,742.0,8034,11658,11914,11167,10476,11056,32767,32767,32767,32767,32767,3251.0,17700.0
1036.0,674.0,7416,11658,11063,11167,10476,11056,32767,32767,32767,32767,32767,3032.0,17700.0
1150.0,764.0,8189,11658,12339,11632,11523,11056,32767,32767,32767,32767,32767,3595.0,17700.0
1055.0,697.0,7880,11658,11914,11632,10476,11056,32767,32767,32767,32767,32767,3345.0,17700.0
1206.0,697.0,8807,12060,12765,12097,11523,11056,32767,32767,32767,32767,32767,3845.0,17700.0
1131.0,674.0,8343,12060,11914,11632,10476,11056,32767,32767,32767,32767,32767,3470.0,17700.0
1150.0,742.0,8343,12462,12765,12097,10999,11056,32767,32767,32767,32767,32767,3564.0,17700.0
1112.0,764.0,8498,12462,12765,13028,11523,11056,32767,32767,32767,32767,32767,3220.0,17700.0
1055.0,697.0,7416,10452,11063,11632,10476,11638,32767,32767,32767,32767,32767,2939.0,17700.0
961.0,562.0,5253,10452,9361,10236,9428,11638,32767,32767,32767,32767,32767,2032.0,17700.0
1055.0,719.0,7416,10452,11488,10236,11523,11638,32767,32767,32767,32767,32767,2876.0,17700.0
1093.0,674.0,7725,10452,11488,11632,10999,11638,32767,32767,32767,32767,32767,3251.0,17700.0
942.0,607.0,5253,10854,10637,9771,8904,11638,32767,32767,32767,32767,32767,1844.0,17700.0
1112.0,674.0,7880,10854,11063,11167,10476,11638,32767,32767,32767,32767,32767,3533.0,17700.0
1055.0,697.0,7725,11256,11063,11167,9952,11638,32767,32767,32767,32767,32767,3314.0,17700.0
1131.0,697.0,7880,11256,11914,11632,10476,11638,32767,32767,32767,32767,32767,3376.0,17700.0
1112.0,697.0,7880,11256,11488,11632,10999,11638,32767,32767,32767,32767,32767,3345.0,17700.0
1055.0,719.0,7262,11256,10637,10701,10476,11638,32767,32767,32767,32767,32767,2907.0,17700.0
1093.0,652.0,7725,11256,11063,10701,9952,11638,32767,32767,32767,32767,32767,3533.0,17700.0
1112.0,697.0,8034,11256,12339,11632,10999,11638,32767,32767,32767,32767,32767,3283.0,17700.0
1074.0,674.0,7725,11256,11488,11167,10476,11638,32767,32767,32767,32767,32767,3314.0,17700.0
1338.0,809.0,7725,11658,11914,11632,10999,11638,32767,32767,32767,32767,32767,4408.0,17700.0
1150.0,742.0,8343,11658,12765,12562,11523,11638,32767,32767,32767,32767,32767,3283.0,17700.0
1074.0,697.0,7880,11658,12765,11167,10476,11638,32767,32767,32767,32767,32767,3064.0,17700.0
1112.0,742.0,7880,11658,11488,10701,11523,11638,32767,32767,32767,32767,32767,3470.0,17700.0
1093.0,652.0,7416,11658,11914,11632,10476,11638,32767,32767,32767,32767,32767,3126.0,17700.0
1150.0,697.0,8189,11658,11488,11632,11523,11638,32767,32767,32767,32767,32767,3470.0,17700.0
1131.0,742.0,7725,11658,12339,12097,10999,11638,32767,32767,32767,32767,32767,3032.0,17700.0
1112.0,697.0,7880,11658,11488,11167,9952,11638,32767,32767,32767,32767,32767,3251.0,17700.0
1112.0,697.0,8343,12060,13190,12097,10999,11638,32767,32767,32767,32767,32767,3501.0,17700.0
1131.0,764.0,7880,12060,12339,12097,11523,11638,32767,32767,32767,32767,32767,2876.0,17700.0
1093.0,652.0,8189,12060,12765,11632,11523,11638,32767,32767,32767,32767,32767,3345.0,17700.0
1131.0,719.0,8498,12060,12339,11632,10999,11638,32767,32767,32767,32767,32767,3439.0,17700.0
1168.0,742.0,8034,12060,12765,11632,12047,11638,32767,32767,32767,32767,32767,3376.0,17700.0
1150.0,719.0,8343,12060,12339,12562,10999,11638,32767,32767,32767,32767,32767,3783.0,17700.0
1281.0,854.0,8807,12060,13190,13493,12571,11638,32767,32767,32767,32767,32767,4189.0,17700.0
1187.0,742.0,7416,12462,12339,11632,11523,11638,32767,32767,32767,32767,32767,2814.0,17700.0
1093.0,697.0,8652,12864,12765,12097,11523,11638,32767,32767,32767,32767,32767,3439.0,17700.0
1093.0,719.0,8652,12864,12765,11632,11523,11638,32767,32767,32767,32767,32767,3533.0,17700.0
1150.0,742.0,8961,13266,14041,13028,12571,11638,32767,32767,32767,32767,32767,3564.0,17700.0
1206.0,742.0,9425,14070,15317,13493,13618,11638,32767,32767,32767,32767,32767,4158.0,17700.0
1131.0,742.0,8189,11256,12339,11167,10999,12220,32767,32767,32767,32767,32767,3376.0,17700.0
1150.0,764.0,8189,11256,11914,11632,10476,12220,32767,32767,32767,32767,32767,3283.0,17700.0
1112.0,674.0,8034,11658,11488,11167,9952,12220,32767,32767,32767,32767,32767,3501.0,17700.0
1112.0,719.0,8034,11658,11914,11632,10999,12220,32767,32767,32767,32767,32767,3564.0,17700.0
1225.0,764.0,8807,11658,12339,12097,11523,12220,32767,32767,32767,32767,32767,3908.0,17700.0
1150.0,742.0,8498,11658,12765,13028,11523,12220,32767,32767,32767,32767,32767,3439.0,17700.0
1112.0,719.0,8034,11658,11488,10701,10999,12220,32767,32767,32767,32767,32767,3314.0,17700.0
1112.0,697.0,8498,12060,12339,12562,10999,12220,32767,32767,32767,32767,32767,3595.0,17700.0
1112.0,719.0,8034,12060,12339,12562,10999,12220,32767,32767,32767,32767,32767,3376.0,17700.0
1112.0,719.0,8498,12060,12765,12097,10999,12220,32767,32767,32767,32767,32767,3689.0,17700.0
1112.0,742.0,8498,12060,12765,12562,11523,12220,32767,32767,32767,32767,32767,3032.0,17700.0
1131.0,742.0,8189,12060,11488,12097,10999,12220,32767,32767,32767,32767,32767,3439.0,17700.0
1150.0,764.0,8498,12060,13616,12562,11523,12220,32767,32767,32767,32767,32767,3314.0,17700.0
1168.0,787.0,7107,12060,11488,11632,11523,12220,32767,32767,32767,32767,32767,2407.0,17700.0
1225.0,809.0,8034,12060,12339,11167,10476,12220,32767,32767,32767,32767,32767,4127.0,17700.0
1074.0,697.0,8034,12060,11914,11632,10999,12220,32767,32767,32767,32767,32767,3408.0,17700.0
1150.0,742.0,8034,12060,12765,12562,10999,12220,32767,32767,32767,32767,32767,3251.0,17700.0
1112.0,742.0,8343,12060,13616,13028,12047,12220,32767,32767,32767,32767,32767,3283.0,17700.0
1206.0,764.0,8498,12060,12765,12097,11523,12220,32767,32767,32767,32767,32767,3439.0,17700.0
1225.0,787.0,8189,12462,13190,12097,12047,12220,32767,32767,32767,32767,32767,3564.0,17700.0
1187.0,877.0,7107,12462,11914,11632,11523,12220,32767,32767,32767,32767,32767,1813.0,17700.0
1281.0,832.0,8652,12462,12765,12562,10999,12220,32767,32767,32767,32767,32767,3939.0,17700.0
1131.0,742.0,8498,12462,12765,12097,11523,12220,32767,32767,32767,32767,32767,3314.0,17700.0
1263.0,764.0,8961,12462,13616,13028,12047,12220,32767,32767,32767,32767,32767,4502.0,17700.0
1300.0,787.0,8652,12462,13190,12562,12571,12220,32767,32767,32767,32767,32767,4314.0,17700.0
1187.0,832.0,8652,12462,13616,12097,12047,12220,32767,32767,32767,32767,32767,3845.0,17700.0
1112.0,719.0,8652,12462,12339,12097,11523,12220,32767,32767,32767,32767,32767,3470.0,17700.0
1187.0,764.0,7880,12462,12339,12562,12047,12220,32767,32767,32767,32767,32767,3533.0,17700.0
1150.0,764.0,8807,12864,13190,13493,12047,12220,32767,32767,32767,32767,32767,3470.0,17700.0
1225.0,787.0,8961,12864,13616,12562,12047,12220,32767,32767,32767,32767,32767,4002.0,17700.0
1225.0,742.0,9270,12864,13190,12562,10999,12220,32767,32767,32767,32767,32767,4220.0,17700.0
1244.0,787.0,9116,12864,13616,13958,12047,12220,32767,32767,32767,32767,32767,3908.0,17700.0
1150.0,742.0,8189,12864,13190,12562,12571,12220,32767,32767,32767,32767,32767,3032.0,17700.0
1206.0,742.0,8343,12864,12765,12097,12047,12220,32767,32767,32767,32767,32767,3376.0,17700.0
1168.0,764.0,8961,12864,13190,12097,11523,12220,32767,32767,32767,32767,32767,3720.0,17700.0
1131.0,697.0,8807,12864,13190,13028,12571,12220,32767,32767,32767,32767,32767,3689.0,17700.0
1112.0,742.0,8652,13266,13616,13958,12047,12220,32767,32767,32767,32767,32767,3595.0,17700.0
1150.0,742.0,8807,13266,13616,13028,12571,12220,32767,32767,32767,32767,32767,3658.0,17700.0
1300.0,809.0,8498,13266,13190,12562,12047,12220,32767,32767,32767,32767,32767,3658.0,17700.0
1300.0,809.0,8961,13266,13616,13493,12047,12220,32767,32767,32767,32767,32767,4002.0,17700.0
1451.0,854.0,10043,13668,14467,13958,13094,12220,32767,32767,32767,32767,32767,4658.0,17700.0
1206.0,742.0,5871,10452,9786,10701,9952,12802,32767,32767,32767,32767,32767,2939.0,17700.0
1036.0,674.0,8034,11256,12339,11167,12047,12802,32767,32767,32767,32767,32767,3345.0,17700.0
1150.0,742.0,8343,11658,12339,12097,11523,12802,32767,32767,32767,32767,32767,3626.0,17700.0
1131.0,719.0,8961,11658,12765,12562,12047,12802,32767,32767,32767,32767,32767,3595.0,17700.0
1093.0,719.0,8498,12060,13190,13028,10999,12802,32767,32767,32767,32767,32767,3283.0,17700.0
1112.0,697.0,8652,12060,12765,12097,12047,12802,32767,32767,32767,32767,32767,3533.0,17700.0
1074.0,697.0,8343,12060,12339,12097,11523,12802,32767,32767,32767,32767,32767,3345.0,17700.0
1112.0,697.0,7571,12060,11914,11167,10999,12802,32767,32767,32767,32767,32767,3220.0,17700.0
1131.0,719.0,8498,12462,12339,12097,12047,12802,32767,32767,32767,32767,32767,3564.0,17700.0
1168.0,764.0,8652,12462,12765,12562,10999,12802,32767,32767,32767,32767,32767,3564.0,17700.0
1131.0,742.0,6489,12462,11914,12562,12047,12802,32767,32767,32767,32767,32767,2220.0,17700.0
1131.0,719.0,8807,12462,12765,13028,12047,12802,32767,32767,32767,32767,32767,3658.0,17700.0
1112.0,697.0,8498,12462,13616,13028,11523,12802,32767,32767,32767,32767,32767,3783.0,17700.0
1168.0,719.0,8961,12462,13190,13028,12571,12802,32767,32767,32767,32767,32767,3689.0,17700.0
1150.0,742.0,8652,12462,13616,13493,12571,12802,32767,32767,32767,32767,32767,3501.0,17700.0
1225.0,854.0,8343,12864,13190,12562,12571,12802,32767,32767,32767,32767,32767,2907.0,17700.0
1206.0,787.0,8034,12864,13190,13028,12571,12802,32767,32767,32767,32767,32767,3283.0,17700.0
1187.0,764.0,8807,12864,13616,13028,12047,12802,32767,32767,32767,32767,32767,3251.0,17700.0
1112.0,719.0,8652,12864,13616,12562,12047,12802,32767,32767,32767,32767,32767,3251.0,17700.0
1206.0,809.0,8343,12864,14041,12562,12047,12802,32767,32767,32767,32767,32767,3345.0,17700.0
1244.0,877.0,8343,12864,12765,12562,12047,12802,32767,32767,32767,32767,32767,3283.0,17700.0
1244.0,809.0,9116,13266,13190,13028,12047,12802,32767,32767,32767,32767,32767,4283.0,17700.0
1206.0,742.0,9116,13266,14041,13493,13094,12802,32767,32767,32767,32767,32767,3751.0,17700.0
1168.0,764.0,8652,13266,13190,13028,12047,12802,32767,32767,32767,32767,32767,3533.0,17700.0
1150.0,787.0,7725,13266,12765,13028,12571,12802,32767,32767,32767,32767,32767,2782.0,17700.0
1131.0,764.0,8961,13668,14892,14424,13618,12802,32767,32767,32767,32767,32767,3283.0,17700.0
1206.0,764.0,8961,13668,14041,13028,12571,12802,32767,32767,32767,32767,32767,3751.0,17700.0
1357.0,922.0,8961,13668,14892,13958,12571,12802,32767,32767,32767,32767,32767,3501.0,17700.0
1187.0,809.0,9270,13668,14467,13493,13094,12802,32767,32767,32767,32767,32767,3626.0,17700.0
1319.0,899.0,8189,14070,13616,13958,12571,12802,32767,32767,32767,32767,32767,3408.0,17700.0
1376.0,922.0,9579,14070,14892,14424,13618,12802,32767,32767,32767,32767,32767,3470.0,17700.0
1489.0,944.0,9734,14472,14041,13958,12047,12802,32767,32767,32767,32767,32767,4127.0,17700.0
1376.0,809.0,9888,14874,15317,14889,14142,12802,32767,32767,32767,32767,32767,4721.0,17700.0
1244.0,854.0,8343,12462,12339,12562,12047,13383,32767,32767,32767,32767,32767,3345.0,17700.0
1112.0,742.0,8034,12462,12765,12562,11523,13383,32767,32767,32767,32767,32767,3126.0,17700.0
1093.0,742.0,8807,12864,13616,13028,12047,13383,32767,32767,32767,32767,32767,3408.0,17700.0
1338.0,877.0,8807,12864,14041,13028,12571,13383,32767,32767,32767,32767,32767,3908.0,17700.0
1074.0,652.0,7880,12864,13190,12562,12571,13383,32767,32767,32767,32767,32767,2876.0,17700.0
1187.0,764.0,8652,12864,12765,13028,12047,13383,32767,32767,32767,32767,32767,3220.0,17700.0
1093.0,697.0,8498,12864,13190,13493,11523,13383,32767,32767,32767,32767,32767,3314.0,17700.0
1187.0,809.0,8343,13266,13190,13493,12571,13383,32767,32767,32767,32767,32767,3408.0,17700.0
1376.0,832.0,8961,13266,12765,12562,12571,13383,32767,32767,32767,32767,32767,3908.0,17700.0
1187.0,787.0,10043,13668,15317,14424,14142,13383,32767,32767,32767,32767,32767,3908.0,17700.0
1168.0,787.0,9270,13668,14467,13958,13094,13383,32767,32767,32767,32767,32767,3626.0,17700.0
1338.0,877.0,8961,13668,14041,13958,13094,13383,32767,32767,32767,32767,32767,3626.0,17700.0
1187.0,787.0,9425,13668,14041,13028,12571,13383,32767,32767,32767,32767,32767,3501.0,17700.0
1131.0,787.0,8652,13668,13616,13493,12571,13383,32767,32767,32767,32767,32767,3126.0,17700.0
1150.0,764.0,8961,14070,15317,14424,13094,13383,32767,32767,32767,32767,32767,3470.0,17700.0
1244.0,809.0,9270,14070,14467,13958,12571,13383,32767,32767,32767,32767,32767,4220.0,17700.0
1263.0,832.0,9734,14070,14467,15354,13618,13383,32767,32767,32767,32767,32767,3939.0,17700.0
1489.0,967.0,9734,14070,15743,15354,14142,13383,32767,32767,32767,32767,32767,4033.0,17700.0
1244.0,787.0,9425,14070,15317,14424,14142,13383,32767,32767,32767,32767,32767,3533.0,17700.0
1357.0,877.0,9888,14070,15317,15354,14666,13383,32767,32767,32767,32767,32767,3939.0,17700.0
1395.0,899.0,9270,14070,14467,14424,14142,13383,32767,32767,32767,32767,32767,3939.0,17700.0
1545.0,1079.0,9579,14070,14467,14889,14142,13383,32767,32767,32767,32767,32767,3939.0,17700.0
1583.0,1034.0,8343,14472,14467,13958,13094,13383,32767,32767,32767,32767,32767,4064.0,17700.0
1451.0,1034.0,10198,14472,15743,15354,14142,13383,32767,32767,32767,32767,32767,3814.0,17700.0
1395.0,877.0,9734,14874,15317,15819,14142,13383,32767,32767,32767,32767,32767,3939.0,17700.0
1131.0,742.0,8652,12060,12765,12097,11523,13965,32767,32767,32767,32767,32767,3595.0,17700.0
1263.0,854.0,8498,12864,12765,13493,12571,13965,32767,32767,32767,32767,32767,3439.0,17700.0
1263.0,787.0,8807,13266,12765,13028,12047,13965,32767,32767,32767,32767,32767,4127.0,17700.0
1187.0,832.0,8652,13266,13616,13493,12571,13965,32767,32767,32767,32767,32767,3439.0,17700.0
1187.0,764.0,9116,13266,13616,13028,13618,13965,32767,32767,32767,32767,32767,3564.0,17700.0
1168.0,854.0,6798,13266,14467,12562,12047,13965,32767,32767,32767,32767,32767,2251.0,17700.0
1526.0,989.0,8498,13266,13616,14889,13094,13965,32767,32767,32767,32767,32767,3908.0,17700.0
1263.0,809.0,8961,13668,13190,13958,13094,13965,32767,32767,32767,32767,32767,3845.0,17700.0
1206.0,809.0,9116,13668,14041,13958,13094,13965,32767,32767,32767,32767,32767,3564.0,17700.0
1413.0,899.0,9734,13668,15317,13493,12571,13965,32767,32767,32767,32767,32767,4095.0,17700.0
1300.0,854.0,9425,13668,14467,14424,13094,13965,32767,32767,32767,32767,32767,3814.0,17700.0
1168.0,719.0,8961,14070,14041,14889,13094,13965,32767,32767,32767,32767,32767,3845.0,17700.0
1150.0,764.0,8498,14070,14467,13958,14142,13965,32767,32767,32767,32767,32767,2970.0,17700.0
1244.0,809.0,9579,14070,14892,14424,13094,13965,32767,32767,32767,32767,32767,3970.0,17700.0
1168.0,742.0,8652,14070,14041,13958,14142,13965,32767,32767,32767,32767,32767,3626.0,17700.0
1244.0,854.0,9579,14070,14892,14889,13618,13965,32767,32767,32767,32767,32767,3533.0,17700.0
1244.0,832.0,8807,14070,14041,14424,13618,13965,32767,32767,32767,32767,32767,3189.0,17700.0
1432.0,967.0,9425,14070,15317,14889,13618,13965,32767,32767,32767,32767,32767,3658.0,17700.0
1338.0,877.0,10198,14472,15317,14889,14666,13965,32767,32767,32767,32767,32767,4158.0,17700.0
1413.0,1034.0,9579,14472,13190,13958,13618,13965,32767,32767,32767,32767,32767,3689.0,17700.0
1319.0,854.0,9579,14472,14892,15354,14142,13965,32767,32767,32767,32767,32767,4564.0,17700.0
1150.0,764.0,9425,14472,14467,14889,14666,13965,32767,32767,32767,32767,32767,3470.0,17700.0
1206.0,922.0,9579,14472,14892,14889,15190,13965,32767,32767,32767,32767,32767,3658.0,17700.0
1244.0,877.0,10198,14472,15743,15354,14666,13965,32767,32767,32767,32767,32767,3814.0,17700.0
1206.0,899.0,9425,14874,15743,14889,13618,13965,32767,32767,32767,32767,32767,3345.0,17700.0
1338.0,877.0,9579,14874,15743,14889,13094,13965,32767,32767,32767,32767,32767,3783.0,17700.0
1432.0,967.0,9888,14874,16168,14889,13618,13965,32767,32767,32767,32767,32767,3595.0,17700.0
1319.0,922.0,8652,14874,15743,15819,14666,13965,32767,32767,32767,32767,32767,2907.0,17700.0
1451.0,1012.0,10352,15276,16168,15819,14666,13965,32767,32767,32767,32767,32767,3939.0,17700.0
1300.0,877.0,10507,15276,16168,15819,14666,13965,32767,32767,32767,32767,32767,3908.0,17700.0
1564.0,967.0,10661,15678,16168,15819,14666,13965,32767,32767,32767,32767,32767,4189.0,17700.0
1225.0,854.0,6798,12864,12339,13028,13094,14547,32767,32767,32767,32767,32767,2376.0,17700.0
1602.0,1394.0,9116,13266,14467,14889,15190,14547,32767,32767,32767,32767,32767,3470.0,17700.0
1131.0,742.0,8807,13668,14467,14424,13094,14547,32767,32767,32767,32767,32767,3126.0,17700.0
1338.0,877.0,10043,13668,14467,14889,13094,14547,32767,32767,32767,32767,32767,4721.0,17700.0
1055.0,764.0,8498,14070,14041,14424,14142,14547,32767,32767,32767,32767,32767,2720.0,17700.0
1263.0,989.0,9270,14070,14467,14889,14666,14547,32767,32767,32767,32767,32767,3220.0,17700.0
1432.0,989.0,9734,14070,15317,15354,14142,14547,32767,32767,32767,32767,32767,4033.0,17700.0
1244.0,832.0,9734,14472,15743,15354,15190,14547,32767,32767,32767,32767,32767,3533.0,17700.0
1168.0,809.0,9579,14472,14892,14889,13618,14547,32767,32767,32767,32767,32767,3470.0,17700.0
1263.0,922.0,9579,14472,15317,15354,14666,14547,32767,32767,32767,32767,32767,3626.0,17700.0
1413.0,1034.0,9425,14472,15317,14424,13618,14547,32767,32767,32767,32767,32767,3814.0,17700.0
1395.0,989.0,9425,14874,14892,15354,14666,14547,32767,32767,32767,32767,32767,3970.0,17700.0
1319.0,922.0,9579,14874,15317,15354,15190,14547,32767,32767,32767,32767,32767,3408.0,17700.0
1413.0,1057.0,9734,15276,16594,16750,14666,14547,32767,32767,32767,32767,32767,3283.0,17700.0
1376.0,989.0,9425,15276,15317,15354,14142,14547,32767,32767,32767,32767,32767,3439.0,17700.0
1413.0,1012.0,9425,15276,16168,15819,15713,14547,32767,32767,32767,32767,32767,3970.0,17700.0
1376.0,922.0,9734,15678,16594,14424,14666,14547,32767,32767,32767,32767,32767,4095.0,17700.0
1771.0,1079.0,11434,16884,17870,17681,16237,14547,32767,32767,32767,32767,32767,5440.0,17700.0
1602.0,1192.0,10816,17286,18296,17681,16761,14547,32767,32767,32767,32767,32767,4158.0,17700.0
1168.0,832.0,8961,13668,14892,14424,14666,15129,32767,32767,32767,32767,32767,3283.0,17700.0
1413.0,1147.0,9579,14472,16168,16285,16761,15129,32767,32767,32767,32767,32767,2907.0,17700.0
1263.0,877.0,9888,14472,15317,15819,15190,15129,32767,32767,32767,32767,32767,3939.0,17700.0
1413.0,1012.0,10198,14874,15743,15819,14666,15129,32767,32767,32767,32767,32767,4502.0,17700.0
1357.0,989.0,10352,14874,17019,17215,16237,15129,32767,32767,32767,32767,32767,3345.0,17700.0
1150.0,809.0,10043,15276,15743,16285,15190,15129,32767,32767,32767,32767,32767,3501.0,17700.0
1319.0,967.0,9425,15276,16168,14889,14666,15129,32767,32767,32767,32767,32767,3595.0,17700.0
1621.0,1147.0,10661,15276,17445,16750,15190,15129,32767,32767,32767,32767,32767,4220.0,17700.0
1300.0,877.0,10198,15276,16594,16750,15713,15129,32767,32767,32767,32767,32767,3970.0,17700.0
1357.0,1012.0,10198,15678,16594,17215,16237,15129,32767,32767,32767,32767,32767,3564.0,17700.0
1376.0,1012.0,9734,15678,16168,15819,16237,15129,32767,32767,32767,32767,32767,3439.0,17700.0
1489.0,1057.0,10661,16080,17445,17215,16237,15129,32767,32767,32767,32767,32767,3720.0,17700.0
1432.0,1034.0,10816,16482,17019,18611,17808,15129,32767,32767,32767,32767,32767,4158.0,17700.0
1395.0,922.0,10661,16482,17445,16750,15190,15129,32767,32767,32767,32767,32767,4002.0,17700.0
1395.0,944.0,11125,16482,17445,17215,17808,15129,32767,32767,32767,32767,32767,4408.0,17700.0
1338.0,1057.0,10198,17286,17445,17215,16237,15129,32767,32767,32767,32767,32767,3595.0,17700.0
1470.0,989.0,10970,17688,18296,19542,18856,15129,32767,32767,32767,32767,32767,3939.0,17700.0
1206.0,877.0,7571,13266,12765,14424,13618,15711,32767,32767,32767,32767,32767,2188.0,17700.0
1319.0,1079.0,7571,14070,14467,15354,15190,15711,32767,32767,32767,32767,32767,2313.0,17700.0
1357.0,877.0,9888,14472,15317,13958,14142,15711,32767,32767,32767,32767,32767,4283.0,17700.0
1413.0,989.0,9888,16080,17445,16750,16761,15711,32767,32767,32767,32767,32767,3564.0,17700.0
1376.0,967.0,10661,16080,17019,17681,15713,15711,32767,32767,32767,32767,32767,3908.0,17700.0
1677.0,1461.0,10507,16080,17019,17681,16237,15711,32767,32767,32767,32767,32767,3314.0,17700.0
1131.0,854.0,10198,16080,17019,17215,16761,15711,32767,32767,32767,32767,32767,3595.0,17700.0
1357.0,1057.0,10352,16482,17870,17681,16237,15711,32767,32767,32767,32767,32767,3095.0,17700.0
1489.0,1169.0,10507,16482,17445,17681,16761,15711,32767,32767,32767,32767,32767,3376.0,17700.0
1206.0,854.0,10507,16482,16594,17215,16761,15711,32767,32767,32767,32767,32767,3970.0,17700.0
1470.0,1079.0,11125,16482,17870,18146,16761,15711,32767,32767,32767,32767,32767,4345.0,17700.0
1658.0,1034.0,11279,16482,18296,17681,16761,15711,32767,32767,32767,32767,32767,4814.0,17700.0
1564.0,1349.0,10970,16482,17019,17215,17285,15711,32767,32767,32767,32767,32767,4689.0,17700.0
1281.0,854.0,10352,16482,17019,16750,16761,15711,32767,32767,32767,32767,32767,3783.0,17700.0
1489.0,1147.0,10507,16884,17445,17215,16237,15711,32767,32767,32767,32767,32767,3251.0,17700.0
1602.0,1079.0,11588,17688,18721,18146,17808,15711,32767,32767,32767,32767,32767,4064.0,17700.0
1545.0,1214.0,10816,17688,18296,16750,16761,15711,32767,32767,32767,32767,32767,3314.0,17700.0
1640.0,1371.0,11743,18090,19147,20007,18332,15711,32767,32767,32767,32767,32767,3751.0,17700.0
1263.0,832.0,9425,12864,13616,14424,14142,16293,32767,32767,32767,32767,32767,3751.0,17700.0
1451.0,1034.0,10043,15276,16168,17215,15713,16293,32767,32767,32767,32767,32767,3908.0,17700.0
1564.0,1394.0,9425,15276,16168,16285,17285,16293,32767,32767,32767,32767,32767,3126.0,17700.0
1281.0,832.0,7880,15276,16168,14889,14666,16293,32767,32767,32767,32767,32767,2563.0,17700.0
1489.0,1192.0,10507,15678,17019,17681,16237,16293,32767,32767,32767,32767,32767,3877.0,17700.0
1564.0,1102.0,10352,15678,17019,17215,16237,16293,32767,32767,32767,32767,32767,4533.0,17700.0
1734.0,1147.0,10970,16080,17445,17681,16237,16293,32767,32767,32767,32767,32767,4596.0,17700.0
1357.0,1304.0,9270,16080,17445,16285,17285,16293,32767,32767,32767,32767,32767,2720.0,17700.0
1470.0,1057.0,10043,16080,16594,16750,16761,16293,32767,32767,32767,32767,32767,4002.0,17700.0
1526.0,1102.0,10661,16482,17870,17681,16761,16293,32767,32767,32767,32767,32767,3970.0,17700.0
1395.0,1012.0,10970,16482,18296,17681,17285,16293,32767,32767,32767,32767,32767,3689.0,17700.0
1395.0,1057.0,10198,16884,17019,18146,17285,16293,32767,32767,32767,32767,32767,3501.0,17700.0
1432.0,1102.0,11588,18090,20423,18611,17808,16293,32767,32767,32767,32767,32767,3501.0,17700.0
1470.0,1012.0,11743,18492,20423,20007,19380,16293,32767,32767,32767,32767,32767,4252.0,17700.0
1168.0,787.0,9579,15678,17870,18146,16237,16875,32767,32767,32767,32767,32767,2876.0,17700.0
1470.0,1102.0,7725,16080,16168,15354,15190,16875,32767,32767,32767,32767,32767,2751.0,17700.0
1508.0,1192.0,8652,16080,15743,16750,16761,16875,32767,32767,32767,32767,32767,2407.0,17700.0
1263.0,922.0,9579,16080,17445,16750,16237,16875,32767,32767,32767,32767,32767,3064.0,17700.0
1319.0,1147.0,10198,16482,17445,18146,17285,16875,32767,32767,32767,32767,32767,3408.0,17700.0
1319.0,989.0,10507,17286,18296,17681,16237,16875,32767,32767,32767,32767,32767,3189.0,17700.0
1470.0,1012.0,11897,17688,18721,18611,18856,16875,32767,32767,32767,32767,32767,4470.0,17700.0
1526.0,1124.0,11434,17688,19572,18611,17808,16875,32767,32767,32767,32767,32767,3595.0,17700.0
1979.0,1529.0,10816,17688,19147,18611,19380,16875,32767,32767,32767,32767,32767,3814.0,17700.0
1451.0,967.0,11279,18090,19998,19076,19380,16875,32767,32767,32767,32767,32767,4158.0,17700.0
1545.0,1237.0,11897,18090,19998,19542,18856,16875,32767,32767,32767,32767,32767,3751.0,17700.0
1564.0,1282.0,12052,18492,19998,20007,19380,16875,32767,32767,32767,32767,32767,4220.0,17700.0
1470.0,1282.0,11743,18894,19147,20007,19904,16875,32767,32767,32767,32767,32767,3658.0,17700.0
1300.0,1012.0,6798,14874,15317,15819,17285,17457,32767,32767,32767,32767,32767,1626.0,17700.0
1658.0,1304.0,8807,14874,15743,17215,15713,17457,32767,32767,32767,32767,32767,3626.0,17700.0
1281.0,1012.0,6798,15678,16594,16285,16761,17457,32767,32767,32767,32767,32767,1657.0,17700.0
1432.0,1169.0,7107,16080,16594,17215,17285,17457,32767,32767,32767,32767,32767,1782.0,17700.0
1734.0,1506.0,10970,17286,19572,18611,18856,17457,32767,32767,32767,32767,32767,3345.0,17700.0
1715.0,1349.0,10816,17286,17870,16750,17285,17457,32767,32767,32767,32767,32767,4252.0,17700.0
1376.0,1147.0,10661,17688,19147,18611,19380,17457,32767,32767,32767,32767,32767,3314.0,17700.0
1395.0,1034.0,10970,17688,19147,19076,18332,17457,32767,32767,32767,32767,32767,3345.0,17700.0
1470.0,1214.0,11279,17688,19147,20007,19904,17457,32767,32767,32767,32767,32767,3470.0,17700.0
1545.0,1124.0,12206,18894,21274,20007,20427,17457,32767,32767,32767,32767,32767,3814.0,17700.0
1866.0,1461.0,11897,19698,20849,20472,20427,17457,32767,32767,32767,32767,32767,3845.0,17700.0
1244.0,967.0,8498,16482,17870,17215,17808,18039,32767,32767,32767,32767,32767,2188.0,17700.0
1545.0,1147.0,9888,16482,18296,15354,16761,18039,32767,32767,32767,32767,32767,4095.0,17700.0
1715.0,1416.0,10970,16884,18721,19076,18856,18039,32767,32767,32767,32767,32767,4095.0,17700.0
1771.0,1371.0,10352,16884,17445,19076,18856,18039,32767,32767,32767,32767,32767,3970.0,17700.0
1395.0,1057.0,11125,18090,19572,20007,20951,18039,32767,32767,32767,32767,32767,3064.0,17700.0
1319.0,1079.0,10970,18492,19998,20007,19380,18039,32767,32767,32767,32767,32767,3032.0,17700.0
1413.0,1124.0,11588,18894,20849,20007,19904,18039,32767,32767,32767,32767,32767,3157.0,17700.0
1451.0,1237.0,10970,18894,19572,19542,20427,18039,32767,32767,32767,32767,32767,3533.0,17700.0
1526.0,1371.0,11434,18894,20849,21403,20951,18039,32767,32767,32767,32767,32767,3314.0,17700.0
1621.0,1416.0,12670,20100,21700,21403,20951,18039,32767,32767,32767,32767,32767,3595.0,17700.0
1470.0,1147.0,11897,20502,21700,21403,20427,18039,32767,32767,32767,32767,32767,3314.0,17700.0
1508.0,1102.0,9579,17286,17870,17215,16761,18620,32767,32767,32767,32767,32767,3251.0,17700.0
1300.0,1034.0,11897,18492,21274,20472,19904,18620,32767,32767,32767,32767,32767,3064.0,17700.0
1715.0,1439.0,11125,19296,20423,20937,20427,18620,32767,32767,32767,32767,32767,3408.0,17700.0
1545.0,1304.0,12206,20100,21700,21868,22522,18620,32767,32767,32767,32767,32767,4002.0,17700.0
1828.0,1709.0,13597,21708,23827,22799,23046,18620,32767,32767,32767,32767,32767,3470.0,17700.0
1508.0,1371.0,10816,18894,20423,20937,21475,19202,32767,32767,32767,32767,32767,3001.0,17700.0
1828.0,1461.0,11125,18894,19572,19542,21475,19202,32767,32767,32767,32767,32767,3970.0,17700.0
1602.0,1619.0,11743,19296,20423,20937,20951,19202,32767,32767,32767,32767,32767,3720.0,17700.0
1545.0,1371.0,10970,19698,19998,21403,21475,19202,32767,32767,32767,32767,32767,3533.0,17700.0
1715.0,1641.0,12052,20100,21700,22333,21999,19202,32767,32767,32767,32767,32767,3157.0,17700.0
1526.0,1079.0,12052,20502,23827,24660,22522,19202,32767,32767,32767,32767,32767,4158.0,17700.0
1564.0,1282.0,12824,21306,23827,22333,21999,19202,32767,32767,32767,32767,32767,3126.0,17700.0
1715.0,1394.0,11434,19698,21700,21868,20951,19784,32767,32767,32767,32767,32767,4283.0,17700.0
2092.0,1709.0,10661,19698,21700,20937,22522,19784,32767,32767,32767,32767,32767,3439.0,17700.0
1715.0,1619.0,12361,20100,21700,23729,22522,19784,32767,32767,32767,32767,32767,3314.0,17700.0
1545.0,1237.0,11434,20502,22125,21868,21475,20366,32767,32767,32767,32767,32767,3939.0,17700.0
1621.0,1484.0,13133,22110,24253,24660,25141,20366,32767,32767,32767,32767,32767,3439.0,17700.0
1526.0,1147.0,12515,22110,23402,24194,24094,20366,32767,32767,32767,32767,32767,4252.0,17700.0
1206.0,1040.0,7148,18993,16752,17861,17529,20619,32767,32767,32767,32767,32767,1139.0,17700.0
1521.0,1217.0,10341,19785,19265,20150,19075,20619,32767,32767,32767,32767,32767,2862.0,17700.0
2299.0,1821.0,12361,22915,23827,22799,24094,20948,32767,32767,32767,32767,32767,4252.0,17700.0
1602.0,1416.0,13751,23317,25955,25590,25665,20948,32767,32767,32767,32767,32767,3126.0,17700.0
2092.0,2271.0,14524,25729,27657,26521,27236,20948,32767,32767,32767,32767,32767,4783.0,17700.0
1688.0,1660.0,10037,20180,20940,20608,19591,21191,32767,32767,32767,32767,32767,2769.0,17700.0
1465.0,1217.0,9885,20576,19684,21066,19591,21191,32767,32767,32767,32767,32767,2708.0,17700.0
2469.0,2181.0,11588,20904,22551,20937,25141,21530,32767,32767,32767,32767,32767,3939.0,17700.0
2016.0,2136.0,13133,21306,23827,24660,25141,21530,32767,32767,32767,32767,32767,3783.0,17700.0
1640.0,1394.0,12979,21708,24253,24660,23570,21530,32767,32767,32767,32767,32767,3595.0,17700.0
1885.0,1799.0,14524,23317,25104,27451,27236,21530,32767,32767,32767,32767,32767,4189.0,17700.0
1447.0,1306.0,8212,19785,19265,20150,19591,21764,32767,32767,32767,32767,32767,1415.0,17700.0
1614.0,1438.0,11102,22159,24290,23814,22168,21764,32767,32767,32767,32767,32767,2616.0,17700.0
1715.0,1282.0,10198,20100,18296,26056,24094,22112,32767,32767,32767,32767,32767,3314.0,17700.0
1470.0,1371.0,10816,21306,23827,26056,27236,22112,32767,32767,32767,32767,32767,2407.0,17700.0
1319.0,1169.0,12206,22512,25104,24194,26713,22112,32767,32767,32767,32767,32767,2563.0,17700.0
1658.0,1484.0,14060,23719,25955,26521,26189,22112,32767,32767,32767,32767,32767,3376.0,17700.0
1558.0,1416.0,11406,22159,22615,22440,23200,22337,32767,32767,32767,32767,32767,2523.0,17700.0
1595.0,1505.0,12166,22554,23453,23356,22684,22337,32767,32767,32767,32767,32767,2708.0,17700.0
1577.0,1261.0,12318,23346,25547,24272,23200,22337,32767,32767,32767,32767,32767,3077.0,17700.0
1521.0,1350.0,10798,22950,22196,22440,21137,22910,32767,32767,32767,32767,32767,2369.0,17700.0
1707.0,1483.0,13535,23346,24709,25646,24746,22910,32767,32767,32767,32767,32767,3662.0,17700.0
1632.0,1438.0,12471,23741,24709,24730,22684,22910,32767,32767,32767,32767,32767,2954.0,17700.0
1762.0,1571.0,13383,25324,26803,26562,25262,22910,32767,32767,32767,32767,32767,3416.0,17700.0
1790.0,1686.0,11279,22110,23827,24660,25665,23276,32767,32767,32767,32767,32767,3439.0,17700.0
2167.0,1731.0,12052,22512,23402,25590,26189,23276,32767,32767,32767,32767,32767,4721.0,17700.0
1922.0,1574.0,11588,22915,23402,24660,25665,23276,32767,32767,32767,32767,32767,3783.0,17700.0
2205.0,1844.0,13288,23719,25529,26056,26713,23276,32767,32767,32767,32767,32767,4658.0,17700.0
1595.0,1416.0,12166,22554,24290,24272,23200,23482,32767,32767,32767,32767,32767,2739.0,17700.0
1744.0,1527.0,12166,22950,24290,24730,24231,23482,32767,32767,32767,32767,32767,3169.0,17700.0
1595.0,1483.0,12471,23346,24290,25188,24231,23482,32767,32767,32767,32767,32767,2646.0,17700.0
1866.0,1731.0,12824,21708,26380,25590,26189,23857,32767,32767,32767,32767,32767,3783.0,17700.0
1688.0,1438.0,11558,25324,25966,27478,25262,24055,32767,32767,32767,32767,32767,2800.0,17700.0
1583.0,1529.0,13906,24121,27657,26986,27236,24439,32767,32767,32767,32767,32767,2782.0,17700.0
1744.0,1660.0,12166,25324,26384,26562,25262,24628,32767,32767,32767,32767,32767,2277.0,17700.0
1799.0,1593.0,14295,28094,30991,28852,28871,24628,32767,32767,32767,32767,32767,3446.0,17700.0
2224.0,1799.0,10043,22512,24253,24194,25141,25021,32767,32767,32767,32767,32767,3439.0,17700.0
1564.0,1934.0,14987,26131,29784,30708,31427,25021,32767,32767,32767,32767,32767,2751.0,17700.0
1688.0,1660.0,13687,25720,28478,29768,28355,25201,32767,32767,32767,32767,32767,2954.0,17700.0
1707.0,1571.0,12318,25720,26384,26562,26293,25201,32767,32767,32767,32767,32767,2708.0,17700.0
1725.0,1549.0,13383,25720,26803,27020,26293,25201,32767,32767,32767,32767,32767,3016.0,17700.0
1855.0,1881.0,13991,26907,28478,28394,27839,25201,32767,32767,32767,32767,32767,2739.0,17700.0
1632.0,1438.0,13839,26907,28897,28394,28355,25201,32767,32767,32767,32767,32767,2985.0,17700.0
1781.0,1704.0,14600,28885,30572,29768,29902,25201,32767,32767,32767,32767,32767,2954.0,17700.0
2375.0,1934.0,10816,24121,25955,24660,26189,25603,32767,32767,32767,32767,32767,3783.0,17700.0
2244.0,2124.0,10950,24533,24290,28852,27839,25773,32767,32767,32767,32767,32767,2400.0,17700.0
1781.0,1615.0,12623,25324,25547,27020,25777,25773,32767,32767,32767,32767,32767,2923.0,17700.0
1651.0,1350.0,13687,27303,27641,27936,26808,25773,32767,32767,32767,32767,32767,3108.0,17700.0
1892.0,1748.0,14904,28490,30154,30226,29386,25773,32767,32767,32767,32767,32767,3169.0,17700.0
2676.0,2406.0,9425,18894,20849,27451,27236,26185,32767,32767,32767,32767,32767,3751.0,17700.0
1725.0,1549.0,12927,24137,26384,26562,25777,26346,32767,32767,32767,32767,32767,2831.0,17700.0
1855.0,1970.0,12318,25324,27222,27478,27839,26346,32767,32767,32767,32767,32767,2708.0,17700.0
1818.0,1748.0,14295,28094,29316,29768,28871,26346,32767,32767,32767,32767,32767,2677.0,17700.0
2299.0,1889.0,13751,25327,27231,29312,29855,26767,32767,32767,32767,32767,32767,4283.0,17700.0
1621.0,1551.0,15760,28543,32337,32767,32767,26767,32767,32767,32767,32767,32767,2907.0,17700.0
2133.0,2014.0,12775,25324,27641,27478,28355,26919,32767,32767,32767,32767,32767,3108.0,17700.0
1669.0,1527.0,13991,28490,29735,30684,29902,26919,32767,32767,32767,32767,32767,2739.0,17700.0
1799.0,1726.0,15208,28490,30991,30226,28871,26919,32767,32767,32767,32767,32767,2923.0,17700.0
1966.0,1925.0,14752,28490,30991,31142,29902,26919,32767,32767,32767,32767,32767,3139.0,17700.0
1762.0,1593.0,13991,28490,29735,30684,29386,26919,32767,32767,32767,32767,32767,3077.0,17700.0
1892.0,1792.0,14752,28490,29735,31142,31448,26919,32767,32767,32767,32767,32767,3016.0,17700.0
1985.0,1947.0,15360,28885,31410,31600,30417,26919,32767,32767,32767,32767,32767,3262.0,17700.0
2059.0,2147.0,16272,29281,32666,31142,30417,26919,32767,32767,32767,32767,32767,3046.0,17700.0
1688.0,1704.0,14600,29677,32247,31142,30417,26919,32767,32767,32767,32767,32767,2215.0,17700.0
1799.0,1770.0,14904,28490,30991,30684,29902,27492,32767,32767,32767,32767,32767,2554.0,17700.0
1873.0,1903.0,15664,29281,32247,31600,29902,27492,32767,32767,32767,32767,32767,3016.0,17700.0
1744.0,1549.0,13687,29677,30991,32058,29386,27492,32767,32767,32767,32767,32767,2985.0,17700.0
1632.0,1571.0,14295,30072,32247,32767,31964,27492,32767,32767,32767,32767,32767,2646.0,17700.0
1707.0,1704.0,13839,31260,32247,32767,31964,27492,32767,32767,32767,32767,32767,2308.0,17700.0
1985.0,1947.0,13383,26907,29735,28852,28871,28064,32767,32767,32767,32767,32767,2862.0,17700.0
1929.0,1815.0,14904,28490,29735,32767,31448,28064,32767,32767,32767,32767,32767,3169.0,17700.0
1725.0,1748.0,14752,28885,31410,31142,30417,28064,32767,32767,32767,32767,32767,2431.0,17700.0
2022.0,2324.0,14904,30864,32767,32516,32479,28064,32767,32767,32767,32767,32767,2616.0,17700.0
1911.0,1859.0,15664,30864,32767,32767,32767,28064,32767,32767,32767,32767,32767,3077.0,17700.0
1781.0,1859.0,16729,31655,32767,32767,32479,28064,32767,32767,32767,32767,32767,2646.0,17700.0
2003.0,2235.0,15512,30072,32247,32516,31448,28637,32767,32767,32767,32767,32767,2831.0,17700.0
1744.0,1682.0,15512,30864,32767,32767,32767,28637,32767,32767,32767,32767,32767,2646.0,17700.0
1725.0,1837.0,14752,31260,32767,32767,32767,28637,32767,32767,32767,32767,32767,2185.0,17700.0
1781.0,1903.0,15056,31260,32767,32767,32479,28637,32767,32767,32767,32767,32767,2400.0,17700.0
2059.0,2124.0,15360,31655,32767,32767,32767,28637,32767,32767,32767,32767,32767,2800.0,17700.0
2059.0,1881.0,16120,32051,32767,32767,32767,28637,32767,32767,32767,32767,32767,3231.0,17700.0
1929.0,1992.0,15816,30072,32247,31600,31964,29210,32767,32767,32767,32767,32767,2954.0,17700.0
1855.0,1947.0,14904,30468,32767,32516,32479,29210,32767,32767,32767,32767,32767,2462.0,17700.0
1855.0,1903.0,14600,30864,32767,32516,30933,29210,32767,32767,32767,32767,32767,2062.0,17700.0
1725.0,1770.0,14752,31260,32767,32767,32479,29210,32767,32767,32767,32767,32767,2554.0,17700.0
1892.0,2014.0,15056,31260,32767,32767,32767,29210,32767,32767,32767,32767,32767,3077.0,17700.0
1966.0,1947.0,15360,31260,32767,32767,32767,29210,32767,32767,32767,32767,32767,2862.0,17700.0
1707.0,1726.0,15968,32051,32767,32767,32767,29210,32767,32767,32767,32767,32767,2585.0,17700.0
1966.0,2014.0,16120,32051,32767,32767,32767,29210,32767,32767,32767,32767,32767,2708.0,17700.0
2096.0,2279.0,16120,32767,32767,32767,32767,29210,32767,32767,32767,32767,32767,2862.0,17700.0
1985.0,2324.0,15664,30468,32767,32767,31448,29783,32767,32767,32767,32767,32767,2800.0,17700.0
2170.0,2456.0,15512,30468,31829,32767,32767,29783,32767,32767,32767,32767,32767,3385.0,17700.0
2393.0,2257.0,15360,31260,32767,32767,31964,29783,32767,32767,32767,32767,32767,3262.0,17700.0
1985.0,2124.0,15056,31260,32767,32767,32767,29783,32767,32767,32767,32767,32767,2892.0,17700.0
2022.0,2169.0,16120,32051,32767,32767,32767,29783,32767,32767,32767,32767,32767,2739.0,17700.0
2115.0,2191.0,15360,32767,32767,32767,32767,29783,32767,32767,32767,32767,32767,2862.0,17700.0
1966.0,1925.0,15968,32767,32767,32767,32767,29783,32767,32767,32767,32767,32767,3200.0,17700.0
2077.0,2169.0,17641,32767,32767,32767,32767,29783,32767,32767,32767,32767,32767,3108.0,17700.0
1892.0,1925.0,15968,32767,32767,32767,32767,29783,32767,32767,32767,32767,32767,2862.0,17700.0
2096.0,2301.0,15816,32767,32767,32767,32767,29783,32767,32767,32767,32767,32767,2739.0,17700.0
2003.0,2102.0,16120,32767,32767,32767,32767,29783,32767,32767,32767,32767,32767,2523.0,17700.0
1855.0,2036.0,17185,32767,32767,32767,32767,29783,32767,32767,32767,32767,32767,2677.0,17700.0
2846.0,2496.0,12515,27739,30209,30708,32767,30258,32767,32767,32767,32767,32767,3908.0,17700.0
2003.0,2124.0,16272,32767,32767,32767,32767,30355,32767,32767,32767,32767,32767,2923.0,17700.0
2059.0,2213.0,16729,32767,32767,32767,32767,30355,32767,32767,32767,32767,32767,3046.0,17700.0
2003.0,2124.0,17033,32767,32767,32767,32767,30355,32767,32767,32767,32767,32767,2677.0,17700.0
2133.0,2147.0,16577,32447,32767,32767,32767,30928,32767,32767,32767,32767,32767,3169.0,17700.0
2022.0,2147.0,17185,32767,32767,32767,32767,30928,32767,32767,32767,32767,32767,3077.0,17700.0
1873.0,1970.0,16881,32767,32767,32767,32767,30928,32767,32767,32767,32767,32767,2892.0,17700.0
1855.0,2036.0,16120,32767,32767,32767,32767,30928,32767,32767,32767,32767,32767,2462.0,17700.0
1929.0,2014.0,16120,32767,32767,32767,32767,30928,32767,32767,32767,32767,32767,2616.0,17700.0
1873.0,1881.0,17337,32767,32767,32767,32767,30928,32767,32767,32767,32767,32767,2616.0,17700.0
1966.0,1748.0,14752,32447,32767,32767,32767,31501,32767,32767,32767,32767,32767,3508.0,17700.0
2115.0,2213.0,16425,32767,32767,32767,32767,31501,32767,32767,32767,32767,32767,2985.0,17700.0
1985.0,2324.0,16425,32767,32767,32767,32767,31501,32767,32767,32767,32767,32767,2954.0,17700.0
2170.0,2235.0,15208,32767,32767,32767,32767,31501,32767,32767,32767,32767,32767,2708.0,17700.0
2003.0,1992.0,17337,32767,32767,32767,32767,31501,32767,32767,32767,32767,32767,3016.0,17700.0
2040.0,2257.0,16272,32767,32767,32767,32767,31501,32767,32767,32767,32767,32767,2954.0,17700.0
1966.0,1992.0,17945,32767,32767,32767,32767,31501,32767,32767,32767,32767,32767,2554.0,17700.0
1948.0,2014.0,16881,32767,32767,32767,32767,31501,32767,32767,32767,32767,32767,2677.0,17700.0
2040.0,2213.0,17641,32767,32767,32767,32767,32074,32767,32767,32767,32767,32767,3046.0,17700.0
1892.0,2058.0,17185,32767,32767,32767,32767,32074,32767,32767,32767,32767,32767,2462.0,17700.0
2040.0,2191.0,17185,32767,32767,32767,32767,32074,32767,32767,32767,32767,32767,2831.0,17700.0
2003.0,2235.0,16881,32767,32767,32767,32767,32646,32767,32767,32767,32767,32767,2769.0,17700.0
2077.0,2147.0,16881,32767,32767,32767,32767,32646,32767,32767,32767,32767,32767,2800.0,17700.0
2077.0,2191.0,16120,32767,32767,32767,32767,32646,32767,32767,32767,32767,32767,2554.0,17700.0
2077.0,2124.0,15664,32767,32767,32767,32767,32646,32767,32767,32767,32767,32767,2769.0,17700.0
1948.0,2080.0,17793,32767,32767,32767,32767,32767,32767,32767,32767,32767,32767,2831.0,17700.0
1836.0,2036.0,13535,32767,32767,32767,32767,32767,32767,32767,32767,32767,32767,2185.0,17700.0
2077.0,2257.0,16272,32767,32767,32767,32767,32767,32767,32767,32767,32767,32767,2739.0,17700.0
1966.0,2124.0,16425,32767,32767,32767,32767,32767,32767,32767,32767,32767,32767,2646.0,17700.0
1892.0,2102.0,17033,32767,32767,32767,32767,32767,32767,32767,32767,32767,32767,2492.0,17700.0
2022.0,2169.0,16881,32767,32767,32767,32767,32767,32767,32767,32767,32767,32767,2677.0,17700.0
1427.0,1172.0,8206,15420,14228,16017,14940,14308,32767,32767,32767,32767,32767,2706.0,17800.0
1260.0,929.0,9118,15816,15484,16474,14424,14308,32767,32767,32767,32767,32767,2675.0,17800.0
1260.0,995.0,9118,15816,16739,16932,14940,14880,32767,32767,32767,32767,32767,2583.0,17800.0
1297.0,929.0,8966,16211,16739,16017,15455,14880,32767,32767,32767,32767,32767,2798.0,17800.0
1279.0,929.0,9118,15816,15902,16474,14940,15452,32767,32767,32767,32767,32767,2552.0,17800.0
1279.0,885.0,8814,15816,16739,15559,15455,15452,32767,32767,32767,32767,32767,2983.0,17800.0
1297.0,907.0,9118,16211,16321,16017,14424,15452,32767,32767,32767,32767,32767,2921.0,17800.0
1335.0,1039.0,9878,16211,17158,17389,16485,15452,32767,32767,32767,32767,32767,2737.0,17800.0
1260.0,951.0,8814,16606,16321,15559,15455,15452,32767,32767,32767,32767,32767,2398.0,17800.0
1279.0,973.0,9574,16606,16739,16474,15970,15452,32767,32767,32767,32767,32767,2583.0,17800.0
1297.0,1017.0,8966,15816,16321,16474,15455,16025,32767,32767,32767,32767,32767,2521.0,17800.0
1297.0,973.0,9422,15816,16321,16017,15970,16025,32767,32767,32767,32767,32767,2644.0,17800.0
1260.0,951.0,9118,16211,16321,16474,14940,16025,32767,32767,32767,32767,32767,2798.0,17800.0
1297.0,973.0,8662,16211,16739,15101,15455,16025,32767,32767,32767,32767,32767,2675.0,17800.0
1316.0,1017.0,9726,16606,16739,16474,15455,16025,32767,32767,32767,32767,32767,2767.0,17800.0
1279.0,973.0,9574,17002,17158,16932,15455,16025,32767,32767,32767,32767,32767,2767.0,17800.0
1353.0,1061.0,9878,17002,17576,17847,15970,16025,32767,32767,32767,32767,32767,2706.0,17800.0
1335.0,1061.0,9878,17002,17576,17847,16485,16025,32767,32767,32767,32767,32767,2644.0,17800.0
1335.0,995.0,9878,17793,19250,17847,17000,16025,32767,32767,32767,32767,32767,2675.0,17800.0
1279.0,973.0,9574,16211,17158,16474,15455,16597,32767,32767,32767,32767,32767,2675.0,17800.0
1335.0,1061.0,9422,16211,16739,17389,15455,16597,32767,32767,32767,32767,32767,2614.0,17800.0
1297.0,995.0,10030,16211,17158,16932,15455,16597,32767,32767,32767,32767,32767,2952.0,17800.0
1316.0,1061.0,10030,16606,17576,17389,16485,16597,32767,32767,32767,32767,32767,2552.0,17800.0
1297.0,995.0,9878,17002,17158,16932,16485,16597,32767,32767,32767,32767,32767,2552.0,17800.0
1353.0,1084.0,9726,17002,17995,17847,16485,16597,32767,32767,32767,32767,32767,2583.0,17800.0
1297.0,973.0,9878,17002,17158,18762,17000,16597,32767,32767,32767,32767,32767,2521.0,17800.0
1372.0,1128.0,10334,17002,17995,18762,17000,16597,32767,32767,32767,32767,32767,2614.0,17800.0
1316.0,1061.0,10182,17397,17995,18762,17000,16597,32767,32767,32767,32767,32767,2491.0,17800.0
1316.0,1061.0,9878,17397,18413,18305,16485,16597,32767,32767,32767,32767,32767,2521.0,17800.0
1316.0,1039.0,10030,17397,17995,18762,17000,16597,32767,32767,32767,32767,32767,2552.0,17800.0
1297.0,1039.0,10182,17397,18832,17847,16485,16597,32767,32767,32767,32767,32767,2583.0,17800.0
1353.0,1061.0,10182,17397,19250,19678,18546,16597,32767,32767,32767,32767,32767,2398.0,17800.0
1335.0,1061.0,9726,17397,16739,17847,16485,16597,32767,32767,32767,32767,32767,2952.0,17800.0
1353.0,1039.0,10182,17793,18413,18305,17515,16597,32767,32767,32767,32767,32767,2798.0,17800.0
1390.0,1128.0,10637,17793,18832,18762,18030,16597,32767,32767,32767,32767,32767,2644.0,17800.0
1297.0,1039.0,10334,17793,17995,18762,17000,16597,32767,32767,32767,32767,32767,2614.0,17800.0
1335.0,995.0,10486,17793,18832,18305,17515,16597,32767,32767,32767,32767,32767,2860.0,17800.0
1483.0,1238.0,10789,18188,18832,19220,17515,16597,32767,32767,32767,32767,32767,3228.0,17800.0
1297.0,1017.0,9726,18188,17995,17847,17000,16597,32767,32767,32767,32767,32767,2368.0,17800.0
1316.0,1061.0,9878,18188,18413,17847,17000,16597,32767,32767,32767,32767,32767,2583.0,17800.0
1464.0,1216.0,10789,18979,19669,19220,18030,16597,32767,32767,32767,32767,32767,2583.0,17800.0
1353.0,1061.0,10030,17002,18832,18762,18030,17169,32767,32767,32767,32767,32767,2552.0,17800.0
1335.0,1061.0,10334,17002,17995,17847,16485,17169,32767,32767,32767,32767,32767,2860.0,17800.0
1260.0,951.0,9574,17002,16739,16932,15455,17169,32767,32767,32767,32767,32767,2890.0,17800.0
1297.0,1039.0,10030,17002,17995,17389,17000,17169,32767,32767,32767,32767,32767,2398.0,17800.0
1372.0,1084.0,9574,17397,17995,18305,17515,17169,32767,32767,32767,32767,32767,2491.0,17800.0
1316.0,1061.0,9878,17793,17576,17389,16485,17169,32767,32767,32767,32767,32767,2552.0,17800.0
1409.0,1172.0,10182,17793,18413,18305,17000,17169,32767,32767,32767,32767,32767,2737.0,17800.0
1335.0,1039.0,10030,17793,17995,18305,17515,17169,32767,32767,32767,32767,32767,2706.0,17800.0
1372.0,1150.0,10941,17793,18832,19220,17515,17169,32767,32767,32767,32767,32767,3136.0,17800.0
1520.0,1238.0,10182,18188,19250,19678,18546,17169,32767,32767,32767,32767,32767,3044.0,17800.0
1390.0,1106.0,9878,18188,17995,18305,17515,17169,32767,32767,32767,32767,32767,2706.0,17800.0
1353.0,995.0,9878,18188,18413,18305,17000,17169,32767,32767,32767,32767,32767,3075.0,17800.0
1353.0,1039.0,10486,18188,19250,19220,18030,17169,32767,32767,32767,32767,32767,2737.0,17800.0
1409.0,1128.0,10941,18979,23895,20135,18546,17169,32767,32767,32767,32767,32767,3105.0,17800.0
1353.0,1106.0,11093,19374,20506,19678,18546,17169,32767,32767,32767,32767,32767,3167.0,17800.0
1427.0,1194.0,10182,19374,20506,20593,19061,17169,32767,32767,32767,32767,32767,2368.0,17800.0
1372.0,1084.0,10030,19374,19669,19220,19061,17169,32767,32767,32767,32767,32767,2275.0,17800.0
1297.0,1061.0,10182,17397,18832,19220,18030,17742,32767,32767,32767,32767,32767,2860.0,17800.0
1353.0,1061.0,10637,17397,17995,18305,17000,17742,32767,32767,32767,32767,32767,3228.0,17800.0
1335.0,1039.0,9878,17793,18413,18305,17000,17742,32767,32767,32767,32767,32767,2706.0,17800.0
1335.0,1017.0,9878,17793,19250,18305,17000,17742,32767,32767,32767,32767,32767,2644.0,17800.0
1353.0,1084.0,10334,17793,19250,18762,18546,17742,32767,32767,32767,32767,32767,2675.0,17800.0
1223.0,929.0,7142,18188,17158,16017,15970,17742,32767,32767,32767,32767,32767,1691.0,17800.0
1372.0,1106.0,10334,18188,19250,18762,18030,17742,32767,32767,32767,32767,32767,2583.0,17800.0
1390.0,1172.0,10637,18583,20087,19678,18546,17742,32767,32767,32767,32767,32767,2552.0,17800.0
1557.0,1415.0,10486,18583,19250,20135,18030,17742,32767,32767,32767,32767,32767,3013.0,17800.0
1390.0,1150.0,10637,18583,19250,19220,18030,17742,32767,32767,32767,32767,32767,2798.0,17800.0
1464.0,1260.0,11093,18583,19669,19678,18546,17742,32767,32767,32767,32767,32767,3105.0,17800.0
1390.0,1172.0,10941,18583,19669,19220,18546,17742,32767,32767,32767,32767,32767,2706.0,17800.0
1427.0,1260.0,10030,18583,19250,18762,17515,17742,32767,32767,32767,32767,32767,2337.0,17800.0
1446.0,1216.0,10486,18979,20924,20135,19576,17742,32767,32767,32767,32767,32767,2306.0,17800.0
1464.0,1216.0,10637,18979,19669,19678,19061,17742,32767,32767,32767,32767,32767,2521.0,17800.0
1390.0,1106.0,10941,18979,20924,19678,18546,17742,32767,32767,32767,32767,32767,2952.0,17800.0
1316.0,1039.0,10334,18979,19250,18762,18030,17742,32767,32767,32767,32767,32767,2614.0,17800.0
1353.0,1150.0,10486,18979,19250,20135,18030,17742,32767,32767,32767,32767,32767,2767.0,17800.0
1372.0,1128.0,10486,19374,19250,19220,18030,17742,32767,32767,32767,32767,32767,2675.0,17800.0
1390.0,1150.0,10941,19374,20506,20593,19061,17742,32767,32767,32767,32767,32767,2491.0,17800.0
1335.0,1106.0,10637,19374,20506,20135,18546,17742,32767,32767,32767,32767,32767,2245.0,17800.0
1390.0,1216.0,10789,19374,20506,20135,19061,17742,32767,32767,32767,32767,32767,2521.0,17800.0
1446.0,1216.0,11245,19374,20506,21508,20091,17742,32767,32767,32767,32767,32767,2521.0,17800.0
1464.0,1260.0,11245,19374,20506,21050,19061,17742,32767,32767,32767,32767,32767,2552.0,17800.0
1372.0,1150.0,11245,19374,21343,20593,19576,17742,32767,32767,32767,32767,32767,2491.0,17800.0
1372.0,995.0,10637,19374,18832,19220,17515,17742,32767,32767,32767,32767,32767,2983.0,17800.0
1464.0,1260.0,10334,19770,20506,20135,19061,17742,32767,32767,32767,32767,32767,2521.0,17800.0
1409.0,1150.0,10334,19770,20506,20135,19061,17742,32767,32767,32767,32767,32767,2398.0,17800.0
1575.0,1283.0,10334,19770,20506,21050,19061,17742,32767,32767,32767,32767,32767,3075.0,17800.0
1557.0,1393.0,11397,20165,20506,20593,19576,17742,32767,32767,32767,32767,32767,2583.0,17800.0
1353.0,1061.0,10789,20560,20924,20593,21637,17742,32767,32767,32767,32767,32767,2706.0,17800.0
1724.0,1592.0,11701,20560,21343,21966,20606,17742,32767,32767,32767,32767,32767,3413.0,17800.0
1335.0,1150.0,10334,18188,17995,18305,18546,18314,32767,32767,32767,32767,32767,2952.0,17800.0
1446.0,1216.0,10789,18188,19250,19220,17515,18314,32767,32767,32767,32767,32767,2675.0,17800.0
1353.0,1106.0,10182,18188,19669,18762,17515,18314,32767,32767,32767,32767,32767,2737.0,17800.0
1409.0,1194.0,10486,18583,20506,20135,18546,18314,32767,32767,32767,32767,32767,2429.0,17800.0
1409.0,1150.0,10637,18583,20087,18762,18030,18314,32767,32767,32767,32767,32767,2491.0,17800.0
1520.0,1238.0,11093,18979,19669,20593,19576,18314,32767,32767,32767,32767,32767,2737.0,17800.0
1409.0,1106.0,10486,18979,18832,18762,17515,18314,32767,32767,32767,32767,32767,2952.0,17800.0
1372.0,1128.0,10334,18979,19669,19220,19061,18314,32767,32767,32767,32767,32767,2614.0,17800.0
1483.0,1194.0,11093,19374,20506,20593,20606,18314,32767,32767,32767,32767,32767,3044.0,17800.0
1372.0,1172.0,10941,19374,19250,20135,19061,18314,32767,32767,32767,32767,32767,2491.0,17800.0
1390.0,1150.0,10637,19374,20506,20135,19061,18314,32767,32767,32767,32767,32767,2460.0,17800.0
1483.0,1283.0,11397,19374,20506,21050,19576,18314,32767,32767,32767,32767,32767,3198.0,17800.0
1483.0,1238.0,11397,19770,21343,20593,20091,18314,32767,32767,32767,32767,32767,2429.0,17800.0
1501.0,1327.0,10637,19770,20924,20593,20091,18314,32767,32767,32767,32767,32767,2429.0,17800.0
1427.0,1216.0,10941,19770,20506,21050,18546,18314,32767,32767,32767,32767,32767,2552.0,17800.0
1520.0,1349.0,11245,20165,20924,21050,19061,18314,32767,32767,32767,32767,32767,2491.0,17800.0
1446.0,1216.0,10789,20165,20087,20135,19061,18314,32767,32767,32767,32767,32767,2460.0,17800.0
1427.0,1194.0,10941,20165,21761,21508,21121,18314,32767,32767,32767,32767,32767,2306.0,17800.0
1520.0,1305.0,12309,20560,22180,22881,21637,18314,32767,32767,32767,32767,32767,3659.0,17800.0
1575.0,1415.0,11853,20560,20924,22423,20091,18314,32767,32767,32767,32767,32767,2583.0,17800.0
1557.0,1349.0,11397,20560,20924,20593,19576,18314,32767,32767,32767,32767,32767,2675.0,17800.0
1668.0,1482.0,12005,20956,21761,21508,21637,18314,32767,32767,32767,32767,32767,2429.0,17800.0
1575.0,1349.0,11853,21351,21761,22881,22152,18314,32767,32767,32767,32767,32767,2798.0,17800.0
1557.0,1393.0,12005,21351,21761,21966,21637,18314,32767,32767,32767,32767,32767,2491.0,17800.0
1205.0,951.0,7750,17397,17158,18305,15970,18886,32767,32767,32767,32767,32767,1630.0,17800.0
1372.0,1172.0,10030,18188,19250,18762,17515,18886,32767,32767,32767,32767,32767,2429.0,17800.0
1390.0,1061.0,10030,18188,19250,19220,17515,18886,32767,32767,32767,32767,32767,2798.0,17800.0
1372.0,1128.0,10030,18188,18413,18762,18030,18886,32767,32767,32767,32767,32767,2890.0,17800.0
1520.0,1260.0,10941,18583,19669,21050,19061,18886,32767,32767,32767,32767,32767,2798.0,17800.0
1427.0,1172.0,10789,18583,20506,19678,18546,18886,32767,32767,32767,32767,32767,2245.0,17800.0
1335.0,1128.0,10637,18979,20087,20593,19061,18886,32767,32767,32767,32767,32767,2614.0,17800.0
1446.0,1194.0,10486,18979,20087,20135,19061,18886,32767,32767,32767,32767,32767,2460.0,17800.0
1446.0,1194.0,10637,19374,20087,20135,19576,18886,32767,32767,32767,32767,32767,2429.0,17800.0
1613.0,1459.0,11853,19374,20924,21508,21121,18886,32767,32767,32767,32767,32767,3259.0,17800.0
1427.0,1194.0,10789,19374,21343,19678,20606,18886,32767,32767,32767,32767,32767,2398.0,17800.0
1464.0,1238.0,10789,19374,20087,20135,20091,18886,32767,32767,32767,32767,32767,2521.0,17800.0
1464.0,1305.0,11549,19770,19669,20593,20091,18886,32767,32767,32767,32767,32767,2675.0,17800.0
1464.0,1128.0,10637,19770,20506,21050,19061,18886,32767,32767,32767,32767,32767,3105.0,17800.0
1501.0,1305.0,11397,19770,21343,21050,21121,18886,32767,32767,32767,32767,32767,2552.0,17800.0
1464.0,1260.0,10941,20165,21761,21508,19576,18886,32767,32767,32767,32767,32767,2675.0,17800.0
1501.0,1238.0,11245,20165,20506,20135,19061,18886,32767,32767,32767,32767,32767,2675.0,17800.0
1538.0,1327.0,11245,20165,20087,20593,19576,18886,32767,32767,32767,32767,32767,2614.0,17800.0
1483.0,1260.0,11245,20560,21343,20593,21121,18886,32767,32767,32767,32767,32767,2644.0,17800.0
1427.0,1194.0,11245,20560,21343,20593,20091,18886,32767,32767,32767,32767,32767,2583.0,17800.0
1446.0,1194.0,11093,20956,20506,21508,21637,18886,32767,32767,32767,32767,32767,2767.0,17800.0
1668.0,1459.0,11853,20956,21343,21966,21121,18886,32767,32767,32767,32767,32767,2644.0,17800.0
1538.0,1393.0,10941,21351,22180,22423,21637,18886,32767,32767,32767,32767,32767,2245.0,17800.0
1520.0,1216.0,10334,18583,20087,18762,18546,19459,32767,32767,32767,32767,32767,2860.0,17800.0
1446.0,1194.0,9878,18979,18832,18762,17515,19459,32767,32767,32767,32767,32767,2644.0,17800.0
1520.0,1238.0,10789,18979,20924,20135,19061,19459,32767,32767,32767,32767,32767,3075.0,17800.0
1409.0,1194.0,10486,19770,20506,19678,19061,19459,32767,32767,32767,32767,32767,2767.0,17800.0
1464.0,1283.0,11245,19770,21343,21050,20606,19459,32767,32767,32767,32767,32767,2429.0,17800.0
1390.0,1172.0,10941,19770,21343,20135,20091,19459,32767,32767,32767,32767,32767,2491.0,17800.0
1464.0,1238.0,11245,20165,20506,21050,20091,19459,32767,32767,32767,32767,32767,2644.0,17800.0
1409.0,1216.0,9878,20165,19669,20135,19576,19459,32767,32767,32767,32767,32767,2491.0,17800.0
1464.0,1216.0,10789,20165,21343,20593,20091,19459,32767,32767,32767,32767,32767,2644.0,17800.0
1390.0,1172.0,11245,20165,21343,20593,19576,19459,32767,32767,32767,32767,32767,2644.0,17800.0
1446.0,1216.0,10941,20165,21761,20593,20091,19459,32767,32767,32767,32767,32767,2122.0,17800.0
1464.0,1327.0,11245,20560,21761,22423,20606,19459,32767,32767,32767,32767,32767,2552.0,17800.0
1501.0,1327.0,11701,20560,21343,22423,21121,19459,32767,32767,32767,32767,32767,2890.0,17800.0
1427.0,1238.0,10637,20560,20924,21050,19576,19459,32767,32767,32767,32767,32767,2306.0,17800.0
1372.0,1106.0,10637,20560,20924,20593,20606,19459,32767,32767,32767,32767,32767,2398.0,17800.0
1427.0,1216.0,11245,20560,21761,21050,20606,19459,32767,32767,32767,32767,32767,2614.0,17800.0
1464.0,1371.0,12309,21747,23435,24254,22667,19459,32767,32767,32767,32767,32767,2983.0,17800.0
1446.0,1216.0,12157,21747,21761,23796,21637,19459,32767,32767,32767,32767,32767,3013.0,17800.0
1687.0,1570.0,12613,22142,23016,24254,22152,19459,32767,32767,32767,32767,32767,2675.0,17800.0
1446.0,1128.0,10182,18188,17158,18762,17000,20031,32767,32767,32767,32767,32767,2983.0,17800.0
1575.0,1327.0,10941,19770,20087,21050,19061,20031,32767,32767,32767,32767,32767,2829.0,17800.0
1446.0,1216.0,10789,19770,20087,20593,19576,20031,32767,32767,32767,32767,32767,2337.0,17800.0
1427.0,1393.0,11853,20165,20924,21966,21121,20031,32767,32767,32767,32767,32767,3044.0,17800.0
1427.0,1172.0,11549,20165,21343,21966,20606,20031,32767,32767,32767,32767,32767,2491.0,17800.0
1483.0,1305.0,10789,20560,21761,22423,21121,20031,32767,32767,32767,32767,32767,2337.0,17800.0
1483.0,1305.0,12157,21351,23016,23339,22667,20031,32767,32767,32767,32767,32767,2737.0,17800.0
1446.0,1238.0,12005,21351,22598,22881,21637,20031,32767,32767,32767,32767,32767,2952.0,17800.0
1520.0,1371.0,11701,21351,22180,22423,21121,20031,32767,32767,32767,32767,32767,2583.0,17800.0
1446.0,1194.0,10941,21351,21761,21508,20091,20031,32767,32767,32767,32767,32767,2368.0,17800.0
1427.0,1194.0,11245,21747,22180,22423,21121,20031,32767,32767,32767,32767,32767,3044.0,17800.0
1520.0,1437.0,11853,21747,23016,23339,22152,20031,32767,32767,32767,32767,32767,2706.0,17800.0
1631.0,1482.0,12157,21747,23016,22881,21637,20031,32767,32767,32767,32767,32767,2675.0,17800.0
1668.0,1614.0,12461,22142,22598,22881,21637,20031,32767,32767,32767,32767,32767,2644.0,17800.0
1501.0,1371.0,11549,22537,23016,23796,21637,20031,32767,32767,32767,32767,32767,2214.0,17800.0
1483.0,1371.0,12613,22537,23016,24254,22667,20031,32767,32767,32767,32767,32767,2675.0,17800.0
1538.0,1371.0,12613,22933,23853,24254,23697,20031,32767,32767,32767,32767,32767,3321.0,17800.0
1613.0,1504.0,12613,21351,23435,23796,22152,20603,32767,32767,32767,32767,32767,2890.0,17800.0
1557.0,1415.0,11549,21351,22598,22423,21121,20603,32767,32767,32767,32767,32767,2552.0,17800.0
1501.0,1349.0,11397,21747,23016,21966,21121,20603,32767,32767,32767,32767,32767,2368.0,17800.0
1446.0,1172.0,11549,21747,22598,21508,20091,20603,32767,32767,32767,32767,32767,2583.0,17800.0
1335.0,1084.0,11549,21747,22180,22881,21637,20603,32767,32767,32767,32767,32767,2398.0,17800.0
1501.0,1283.0,10941,21747,22180,22881,21121,20603,32767,32767,32767,32767,32767,2398.0,17800.0
1575.0,1327.0,10941,22142,22598,21966,21637,20603,32767,32767,32767,32767,32767,2521.0,17800.0
1557.0,1437.0,12309,22142,23016,24254,22667,20603,32767,32767,32767,32767,32767,2737.0,17800.0
1464.0,1349.0,12461,23723,25527,25169,23697,20603,32767,32767,32767,32767,32767,2737.0,17800.0
1761.0,1747.0,13677,23723,25109,26542,25243,20603,32767,32767,32767,32767,32767,2675.0,17800.0
1631.0,1526.0,13677,24119,26364,26084,23697,20603,32767,32767,32767,32767,32767,3228.0,17800.0
1538.0,1327.0,10486,20165,20924,20593,19576,21175,32767,32767,32767,32767,32767,2675.0,17800.0
1464.0,1216.0,10789,20560,21343,21966,20606,21175,32767,32767,32767,32767,32767,2675.0,17800.0
1483.0,1260.0,11245,20560,21343,21966,20091,21175,32767,32767,32767,32767,32767,2614.0,17800.0
1446.0,1238.0,10637,20560,20506,20593,19576,21175,32767,32767,32767,32767,32767,2614.0,17800.0
1798.0,1592.0,10789,21351,22598,21966,22152,21175,32767,32767,32767,32767,32767,2767.0,17800.0
1483.0,1194.0,11549,21747,22180,22423,22667,21175,32767,32767,32767,32767,32767,2706.0,17800.0
1464.0,1194.0,11549,22537,24272,23339,22152,21175,32767,32767,32767,32767,32767,2767.0,17800.0
1650.0,1703.0,12309,22537,23435,24711,23182,21175,32767,32767,32767,32767,32767,2890.0,17800.0
1742.0,1703.0,13069,22933,23435,25169,22667,21175,32767,32767,32767,32767,32767,2675.0,17800.0
1520.0,1415.0,12157,22933,24272,24254,23182,21175,32767,32767,32767,32767,32767,2368.0,17800.0
1538.0,1393.0,12917,22933,25527,25627,24727,21175,32767,32767,32767,32767,32767,2491.0,17800.0
1575.0,1415.0,12765,23328,24272,25627,24727,21175,32767,32767,32767,32767,32767,2737.0,17800.0
1557.0,1504.0,13069,23328,24272,26084,24727,21175,32767,32767,32767,32767,32767,2675.0,17800.0
1557.0,1371.0,12461,23328,24272,24711,23182,21175,32767,32767,32767,32767,32767,2460.0,17800.0
1575.0,1415.0,12157,23723,24690,25627,23697,21175,32767,32767,32767,32767,32767,2245.0,17800.0
1520.0,1327.0,12309,24119,25109,25169,24212,21175,32767,32767,32767,32767,32767,2921.0,17800.0
1501.0,1327.0,11701,21747,23435,23339,22152,21748,32767,32767,32767,32767,32767,2614.0,17800.0
1687.0,1548.0,12613,22142,23435,24254,23697,21748,32767,32767,32767,32767,32767,2890.0,17800.0
1464.0,1305.0,11549,22142,23853,24254,24212,21748,32767,32767,32767,32767,32767,1999.0,17800.0
1390.0,1128.0,12765,22537,24690,25627,24212,21748,32767,32767,32767,32767,32767,2890.0,17800.0
1501.0,1305.0,11853,22537,23435,24254,23182,21748,32767,32767,32767,32767,32767,2521.0,17800.0
1594.0,1393.0,11701,22933,24690,24711,23697,21748,32767,32767,32767,32767,32767,2214.0,17800.0
1520.0,1371.0,11853,23328,23853,24254,22667,21748,32767,32767,32767,32767,32767,2398.0,17800.0
1631.0,1415.0,12157,23328,24272,24254,23182,21748,32767,32767,32767,32767,32767,2644.0,17800.0
1594.0,1482.0,12917,24119,25527,26542,25758,21748,32767,32767,32767,32767,32767,2983.0,17800.0
1798.0,1681.0,13221,24119,25109,26542,24727,21748,32767,32767,32767,32767,32767,2737.0,17800.0
1928.0,1968.0,14741,24910,25946,27915,26273,21748,32767,32767,32767,32767,32767,2921.0,17800.0
1446.0,1305.0,12613,25305,26364,26542,23697,21748,32767,32767,32767,32767,32767,2552.0,17800.0
1928.0,1703.0,10486,21747,22180,21966,22667,22320,32767,32767,32767,32767,32767,2552.0,17800.0
1446.0,1172.0,12309,22933,23853,23796,23182,22320,32767,32767,32767,32767,32767,2583.0,17800.0
1705.0,1459.0,12157,23328,24272,24254,23182,22320,32767,32767,32767,32767,32767,2860.0,17800.0
1724.0,1592.0,12917,23723,25109,25627,25243,22320,32767,32767,32767,32767,32767,2952.0,17800.0
1557.0,1658.0,13069,24119,25946,26542,25758,22320,32767,32767,32767,32767,32767,2583.0,17800.0
1668.0,1636.0,13221,24514,24690,27457,25758,22320,32767,32767,32767,32767,32767,2767.0,17800.0
1520.0,1327.0,11701,24514,24690,24711,24212,22320,32767,32767,32767,32767,32767,2368.0,17800.0
1891.0,1813.0,14133,24910,25527,26999,25758,22320,32767,32767,32767,32767,32767,3044.0,17800.0
1594.0,1504.0,13525,24910,25527,26084,25243,22320,32767,32767,32767,32767,32767,2737.0,17800.0
1779.0,1725.0,13677,24910,25109,26084,25758,22320,32767,32767,32767,32767,32767,2706.0,17800.0
1650.0,1482.0,11549,22537,22598,23796,23697,22892,32767,32767,32767,32767,32767,2337.0,17800.0
1668.0,1526.0,12765,24119,25109,25169,25243,22892,32767,32767,32767,32767,32767,3228.0,17800.0
1687.0,1636.0,13981,24514,25946,27457,24727,22892,32767,32767,32767,32767,32767,2675.0,17800.0
1668.0,1570.0,14133,24910,27620,27915,25758,22892,32767,32767,32767,32767,32767,3105.0,17800.0
1538.0,1371.0,12461,24910,25527,26542,25758,22892,32767,32767,32767,32767,32767,2552.0,17800.0
1687.0,1681.0,13677,25700,26783,28372,26788,22892,32767,32767,32767,32767,32767,2614.0,17800.0
1687.0,1437.0,12613,23328,24272,25169,23697,23465,32767,32767,32767,32767,32767,3136.0,17800.0
1668.0,1548.0,12765,24910,25527,26084,24727,23465,32767,32767,32767,32767,32767,2552.0,17800.0
1613.0,1592.0,12917,25700,26783,26999,26788,23465,32767,32767,32767,32767,32767,2767.0,17800.0
1613.0,1504.0,14133,26096,27620,27915,26788,23465,32767,32767,32767,32767,32767,2767.0,17800.0
1538.0,1371.0,14285,26491,27620,29288,27303,23465,32767,32767,32767,32767,32767,2890.0,17800.0
1854.0,1857.0,14589,27677,28875,30203,28334,23465,32767,32767,32767,32767,32767,2706.0,17800.0
1724.0,1570.0,13373,24514,25946,26542,26273,24037,32767,32767,32767,32767,32767,2798.0,17800.0
1538.0,1349.0,13069,25700,26364,26542,25243,24037,32767,32767,32767,32767,32767,2429.0,17800.0
1538.0,1504.0,13373,26096,27620,29745,28334,24037,32767,32767,32767,32767,32767,2429.0,17800.0
1687.0,1747.0,14741,26887,28875,31118,30394,24037,32767,32767,32767,32767,32767,3044.0,17800.0
1520.0,1349.0,14285,26887,28875,30203,28849,24037,32767,32767,32767,32767,32767,2460.0,17800.0
1835.0,1835.0,14285,26887,28038,30203,28334,24037,32767,32767,32767,32767,32767,2983.0,17800.0
1613.0,1437.0,13069,26887,28457,27915,28849,24037,32767,32767,32767,32767,32767,2921.0,17800.0
1687.0,1636.0,13373,27282,28875,29745,29364,24037,32767,32767,32767,32767,32767,2675.0,17800.0
1668.0,1725.0,14892,28073,30549,30660,30394,24037,32767,32767,32767,32767,32767,2614.0,17800.0
1779.0,1725.0,15348,28073,30131,30660,30909,24037,32767,32767,32767,32767,32767,3290.0,17800.0
1798.0,1813.0,14892,29259,31386,32033,30394,24037,32767,32767,32767,32767,32767,2614.0,17800.0
1687.0,1747.0,14437,27677,29294,31576,29879,24609,32767,32767,32767,32767,32767,2614.0,17800.0
1928.0,2056.0,15956,28073,30131,31576,30909,24609,32767,32767,32767,32767,32767,3013.0,17800.0
1779.0,1791.0,14589,28073,30131,29745,29364,24609,32767,32767,32767,32767,32767,2644.0,17800.0
1631.0,1658.0,14437,28073,29294,31118,30394,24609,32767,32767,32767,32767,32767,2368.0,17800.0
1798.0,1835.0,16412,29259,31805,32767,31940,24609,32767,32767,32767,32767,32767,3167.0,17800.0
1575.0,1526.0,12765,26491,26783,27457,27303,25182,32767,32767,32767,32767,32767,2275.0,17800.0
1613.0,1570.0,13981,26887,28875,30203,28334,25182,32767,32767,32767,32767,32767,3044.0,17800.0
1779.0,1504.0,14437,26887,28038,28372,27818,25182,32767,32767,32767,32767,32767,3474.0,17800.0
1761.0,1681.0,13829,28073,29712,30660,30909,25182,32767,32767,32767,32767,32767,2767.0,17800.0
1761.0,1835.0,14741,28468,30549,30660,29364,25182,32767,32767,32767,32767,32767,2798.0,17800.0
1668.0,1636.0,15044,28864,29712,30660,29364,25182,32767,32767,32767,32767,32767,3044.0,17800.0
1761.0,1769.0,15348,28864,30968,31576,31425,25182,32767,32767,32767,32767,32767,2921.0,17800.0
1520.0,1437.0,12917,26887,26783,28830,27303,25754,32767,32767,32767,32767,32767,2429.0,17800.0
1650.0,1725.0,14892,27282,29294,32033,30394,25754,32767,32767,32767,32767,32767,2798.0,17800.0
1909.0,2189.0,14589,27282,30549,31118,30909,25754,32767,32767,32767,32767,32767,3044.0,17800.0
1798.0,1835.0,15652,28468,31805,32491,31425,25754,32767,32767,32767,32767,32767,2952.0,17800.0
1631.0,1614.0,14741,29259,30131,32033,30909,25754,32767,32767,32767,32767,32767,2245.0,17800.0
1946.0,1924.0,15500,29259,31805,32491,31940,25754,32767,32767,32767,32767,32767,2583.0,17800.0
1835.0,1791.0,12157,25305,26364,27457,25758,26326,32767,32767,32767,32767,32767,2214.0,17800.0
1835.0,1813.0,13829,28468,30549,29745,29364,26326,32767,32767,32767,32767,32767,2521.0,17800.0
1928.0,2012.0,14133,28864,28875,30660,30909,26326,32767,32767,32767,32767,32767,2921.0,17800.0
2002.0,2079.0,16564,29654,32767,32033,31940,26326,32767,32767,32767,32767,32767,2706.0,17800.0
1650.0,1415.0,15196,30050,31386,32767,32767,26326,32767,32767,32767,32767,32767,2983.0,17800.0
2039.0,2034.0,16868,30445,32767,32767,32455,26326,32767,32767,32767,32767,32767,2737.0,17800.0
1928.0,2233.0,16412,30840,30968,32767,32767,26326,32767,32767,32767,32767,32767,3013.0,17800.0
1928.0,1835.0,12765,25305,25946,28372,28334,26899,32767,32767,32767,32767,32767,2675.0,17800.0
1835.0,2056.0,15956,29259,30968,32767,32767,26899,32767,32767,32767,32767,32767,3198.0,17800.0
1946.0,2079.0,15804,30050,32223,32767,31425,26899,32767,32767,32767,32767,32767,2829.0,17800.0
2020.0,2034.0,15652,31631,32767,32767,32767,26899,32767,32767,32767,32767,32767,3013.0,17800.0
1705.0,1946.0,15196,29259,31805,32767,30909,27471,32767,32767,32767,32767,32767,2706.0,17800.0
1761.0,1990.0,15348,29654,30131,32767,32767,27471,32767,32767,32767,32767,32767,2767.0,17800.0
1575.0,1813.0,14589,30050,32642,32767,32767,27471,32767,32767,32767,32767,32767,2737.0,17800.0
1983.0,2034.0,15956,30840,32767,32767,32767,27471,32767,32767,32767,32767,32767,2921.0,17800.0
1761.0,1857.0,16260,31236,32767,32767,32767,27471,32767,32767,32767,32767,32767,2921.0,17800.0
2076.0,2278.0,15500,31631,32642,32767,32767,27471,32767,32767,32767,32767,32767,2983.0,17800.0
2354.0,2233.0,13829,27677,28875,29288,28849,28043,32767,32767,32767,32767,32767,3167.0,17800.0
2002.0,1968.0,15044,28864,31805,32767,31940,28043,32767,32767,32767,32767,32767,2737.0,17800.0
1761.0,1835.0,14285,29259,31386,32767,31425,28043,32767,32767,32767,32767,32767,2675.0,17800.0
1742.0,1813.0,15500,30445,31386,32767,32455,28043,32767,32767,32767,32767,32767,2614.0,17800.0
1983.0,2056.0,15652,32027,32767,32767,32767,28043,32767,32767,32767,32767,32767,2737.0,17800.0
2150.0,2300.0,16260,32422,32767,32767,32767,28615,32767,32767,32767,32767,32767,2952.0,17800.0
1946.0,2123.0,16260,32767,32767,32767,32767,28615,32767,32767,32767,32767,32767,2829.0,17800.0
2187.0,2167.0,16108,31236,32767,32767,32767,29188,32767,32767,32767,32767,32767,2798.0,17800.0
1928.0,1968.0,16564,32422,32767,32767,32767,29188,32767,32767,32767,32767,32767,2491.0,17800.0
2298.0,2145.0,13829,28073,29712,30203,30394,29760,32767,32767,32767,32767,32767,3044.0,17800.0
1872.0,2079.0,16716,32767,32767,32767,32767,29760,32767,32767,32767,32767,32767,2860.0,17800.0
1854.0,2079.0,17628,32767,32767,32767,32767,29760,32767,32767,32767,32767,32767,2890.0,17800.0
2335.0,2278.0,12765,28864,31386,32491,32767,32767,32767,32767,32767,32767,32767,2952.0,17800.0
1217.0,737.0,7981,11981,12258,12942,11968,11561,32767,32767,32767,32767,32767,3323.0,17900.0
1142.0,782.0,7981,13179,13103,13404,11968,11561,32767,32767,32767,32767,32767,3230.0,17900.0
1086.0,715.0,7521,11581,12258,12017,11447,12139,32767,32767,32767,32767,32767,3509.0,17900.0
1123.0,715.0,7674,11981,11835,12480,11447,12139,32767,32767,32767,32767,32767,3323.0,17900.0
1161.0,759.0,7674,11981,12258,11555,11447,12139,32767,32767,32767,32767,32767,3478.0,17900.0
1161.0,759.0,7674,11981,12680,12480,11447,12139,32767,32767,32767,32767,32767,3199.0,17900.0
1179.0,759.0,8902,12780,13949,13404,12488,12139,32767,32767,32767,32767,32767,3820.0,17900.0
1198.0,916.0,4605,9984,9299,11555,11447,12717,32767,32767,32767,32767,32767,1211.0,17900.0
1161.0,737.0,7981,11581,12680,12480,11968,12717,32767,32767,32767,32767,32767,3416.0,17900.0
1086.0,782.0,6293,11981,11835,11555,10407,12717,32767,32767,32767,32767,32767,2174.0,17900.0
1179.0,759.0,7981,11981,12258,12480,11968,12717,32767,32767,32767,32767,32767,3323.0,17900.0
1086.0,692.0,7214,11981,11835,11555,10927,12717,32767,32767,32767,32767,32767,3323.0,17900.0
1161.0,737.0,7674,12380,12258,12480,12488,12717,32767,32767,32767,32767,32767,3478.0,17900.0
1105.0,759.0,7981,12380,13103,12942,12488,12717,32767,32767,32767,32767,32767,2919.0,17900.0
1179.0,826.0,8288,12780,13526,13404,12488,12717,32767,32767,32767,32767,32767,3261.0,17900.0
1123.0,715.0,8135,12780,13103,12480,12488,12717,32767,32767,32767,32767,32767,3261.0,17900.0
1123.0,737.0,7828,12780,13103,12942,11968,12717,32767,32767,32767,32767,32767,3106.0,17900.0
1198.0,804.0,8135,12780,13103,12480,11968,12717,32767,32767,32767,32767,32767,3230.0,17900.0
1236.0,782.0,8442,12780,13103,12480,12488,12717,32767,32767,32767,32767,32767,3634.0,17900.0
1161.0,826.0,8135,13179,12680,13404,12488,12717,32767,32767,32767,32767,32767,2950.0,17900.0
1161.0,759.0,7981,13179,12258,12017,11968,12717,32767,32767,32767,32767,32767,3168.0,17900.0
1217.0,804.0,8902,13179,13526,13404,13008,12717,32767,32767,32767,32767,32767,3665.0,17900.0
1142.0,804.0,8135,13179,13103,12942,12488,12717,32767,32767,32767,32767,32767,3075.0,17900.0
1142.0,759.0,8442,13578,13526,12942,12488,12717,32767,32767,32767,32767,32767,3199.0,17900.0
1179.0,715.0,8749,13578,13103,13404,13008,12717,32767,32767,32767,32767,32767,3634.0,17900.0
1086.0,782.0,5833,11581,11412,11555,10927,13295,32767,32767,32767,32767,32767,1832.0,17900.0
2022.0,1563.0,5526,12380,11835,12017,11968,13295,32767,32767,32767,32767,32767,1398.0,17900.0
1105.0,737.0,7674,12380,12680,12942,11968,13295,32767,32767,32767,32767,32767,3199.0,17900.0
1105.0,759.0,7981,12780,13103,12480,12488,13295,32767,32767,32767,32767,32767,3043.0,17900.0
1161.0,804.0,8442,12780,13103,13404,12488,13295,32767,32767,32767,32767,32767,3354.0,17900.0
1554.0,1295.0,8135,12780,13949,13404,14049,13295,32767,32767,32767,32767,32767,3075.0,17900.0
1179.0,782.0,8288,12780,13949,13404,13008,13295,32767,32767,32767,32767,32767,3261.0,17900.0
1217.0,849.0,8902,13179,13526,13404,13008,13295,32767,32767,32767,32767,32767,3416.0,17900.0
1161.0,782.0,7981,13179,13103,12942,13008,13295,32767,32767,32767,32767,32767,3230.0,17900.0
1179.0,782.0,8749,13179,13103,12942,13008,13295,32767,32767,32767,32767,32767,3540.0,17900.0
1179.0,826.0,8135,13179,13526,13404,13008,13295,32767,32767,32767,32767,32767,3168.0,17900.0
1179.0,804.0,8595,13578,14371,13866,13008,13295,32767,32767,32767,32767,32767,3354.0,17900.0
1161.0,826.0,8135,13978,13949,14329,13008,13295,32767,32767,32767,32767,32767,2981.0,17900.0
1179.0,826.0,9363,14776,16062,15253,14569,13295,32767,32767,32767,32767,32767,3199.0,17900.0
998.0,728.0,4699,11438,9601,10956,10278,13702,32767,32767,32767,32767,32767,1166.0,17900.0
1165.0,860.0,7428,12227,13358,13695,12333,13702,32767,32767,32767,32767,32767,2791.0,17900.0
1294.0,993.0,9247,16566,15863,19550,16444,13702,32767,32767,32767,32767,32767,3190.0,17900.0
2321.0,1697.0,4298,11182,9299,11555,12488,13873,32767,32767,32767,32767,32767,1149.0,17900.0
1123.0,759.0,6447,11581,10567,11093,10407,13873,32767,32767,32767,32767,32767,2578.0,17900.0
1161.0,782.0,7981,12380,12680,12942,11968,13873,32767,32767,32767,32767,32767,3447.0,17900.0
1142.0,782.0,8135,12380,13103,12942,11968,13873,32767,32767,32767,32767,32767,3603.0,17900.0
1011.0,737.0,5679,12380,11835,12942,11447,13873,32767,32767,32767,32767,32767,1366.0,17900.0
1217.0,849.0,8135,12780,13526,12942,12488,13873,32767,32767,32767,32767,32767,3137.0,17900.0
1217.0,849.0,8595,13179,13949,13404,13528,13873,32767,32767,32767,32767,32767,3106.0,17900.0
1161.0,804.0,8288,13179,13949,13404,13008,13873,32767,32767,32767,32767,32767,3137.0,17900.0
1142.0,737.0,7981,13179,13526,13404,13528,13873,32767,32767,32767,32767,32767,3230.0,17900.0
1086.0,782.0,8135,13179,13526,12942,13528,13873,32767,32767,32767,32767,32767,2981.0,17900.0
1273.0,871.0,8749,13578,13526,14329,14049,13873,32767,32767,32767,32767,32767,3696.0,17900.0
1217.0,849.0,8595,13578,13949,13866,13528,13873,32767,32767,32767,32767,32767,3323.0,17900.0
1236.0,804.0,8595,13578,14371,12942,12488,13873,32767,32767,32767,32767,32767,3447.0,17900.0
1236.0,893.0,8442,13978,14794,13866,14049,13873,32767,32767,32767,32767,32767,3106.0,17900.0
1292.0,916.0,7828,13978,13949,14329,13528,13873,32767,32767,32767,32767,32767,2981.0,17900.0
1161.0,826.0,8135,13978,13526,12942,13008,13873,32767,32767,32767,32767,32767,2950.0,17900.0
1348.0,916.0,9363,14776,15639,15253,15089,13873,32767,32767,32767,32767,32767,3478.0,17900.0
1292.0,849.0,9209,15176,14794,15253,14049,13873,32767,32767,32767,32767,32767,3416.0,17900.0
1423.0,983.0,9977,15974,16907,17102,15089,13873,32767,32767,32767,32767,32767,3447.0,17900.0
1313.0,904.0,8186,13805,14193,14608,13875,14273,32767,32767,32767,32767,32767,2914.0,17900.0
1294.0,882.0,8489,13805,13776,13238,12333,14273,32767,32767,32767,32767,32767,3159.0,17900.0
1257.0,949.0,8034,14199,13776,13695,12333,14273,32767,32767,32767,32767,32767,2730.0,17900.0
1165.0,794.0,8489,14199,13776,13695,13361,14273,32767,32767,32767,32767,32767,3405.0,17900.0
1350.0,926.0,9095,15382,15863,15064,14389,14273,32767,32767,32767,32767,32767,3343.0,17900.0
1313.0,971.0,9399,16171,16281,16890,15417,14273,32767,32767,32767,32767,32767,3159.0,17900.0
1198.0,849.0,6293,11981,11835,12480,12488,14451,32767,32767,32767,32767,32767,2205.0,17900.0
1179.0,759.0,8135,12780,13103,12942,13008,14451,32767,32767,32767,32767,32767,3416.0,17900.0
1179.0,782.0,8288,13179,14371,13404,13008,14451,32767,32767,32767,32767,32767,3230.0,17900.0
1179.0,804.0,8442,13179,14371,13866,13008,14451,32767,32767,32767,32767,32767,3043.0,17900.0
1179.0,826.0,8288,13578,13526,14791,13008,14451,32767,32767,32767,32767,32767,3199.0,17900.0
1198.0,782.0,8288,13978,13949,14329,13528,14451,32767,32767,32767,32767,32767,3199.0,17900.0
1273.0,893.0,9209,13978,15217,14791,13008,14451,32767,32767,32767,32767,32767,3416.0,17900.0
1179.0,826.0,8442,14377,14371,14791,14049,14451,32767,32767,32767,32767,32767,3199.0,17900.0
1161.0,759.0,8595,14776,14794,14791,13528,14451,32767,32767,32767,32767,32767,3354.0,17900.0
1329.0,938.0,9363,14776,15217,15253,14569,14451,32767,32767,32767,32767,32767,3261.0,17900.0
1217.0,804.0,8749,15176,14794,14791,15089,14451,32767,32767,32767,32767,32767,3416.0,17900.0
1423.0,983.0,9977,15176,16062,16177,15610,14451,32767,32767,32767,32767,32767,3416.0,17900.0
1442.0,1027.0,9516,15575,16062,15715,16130,14451,32767,32767,32767,32767,32767,3447.0,17900.0
1183.0,794.0,7731,13016,14193,14151,13361,14843,32767,32767,32767,32767,32767,2944.0,17900.0
1183.0,860.0,7731,13410,13776,14151,12847,14843,32767,32767,32767,32767,32767,2638.0,17900.0
1239.0,926.0,8337,13805,13776,14608,13361,14843,32767,32767,32767,32767,32767,3282.0,17900.0
1294.0,904.0,8489,13805,14193,13695,13361,14843,32767,32767,32767,32767,32767,3159.0,17900.0
1313.0,949.0,8337,14199,14193,14608,13361,14843,32767,32767,32767,32767,32767,3221.0,17900.0
1294.0,926.0,8641,14199,15446,14608,13875,14843,32767,32767,32767,32767,32767,3251.0,17900.0
1331.0,993.0,8944,14199,14193,15521,13875,14843,32767,32767,32767,32767,32767,3343.0,17900.0
1239.0,949.0,7731,14199,12941,13695,13361,14843,32767,32767,32767,32767,32767,2944.0,17900.0
1202.0,882.0,7883,14199,14611,14608,13875,14843,32767,32767,32767,32767,32767,2546.0,17900.0
1257.0,993.0,7731,14199,15028,14608,13875,14843,32767,32767,32767,32767,32767,2055.0,17900.0
1239.0,882.0,8337,14593,14193,14608,13361,14843,32767,32767,32767,32767,32767,2944.0,17900.0
1331.0,1081.0,8034,14593,14611,14608,14389,14843,32767,32767,32767,32767,32767,2454.0,17900.0
1294.0,949.0,9247,14988,15028,15064,13875,14843,32767,32767,32767,32767,32767,4079.0,17900.0
1368.0,1037.0,9095,14988,15028,14608,13361,14843,32767,32767,32767,32767,32767,3374.0,17900.0
1276.0,860.0,9399,15382,15863,15977,14389,14843,32767,32767,32767,32767,32767,3313.0,17900.0
1331.0,949.0,8792,15382,15028,15521,14389,14843,32767,32767,32767,32767,32767,3251.0,17900.0
1294.0,904.0,9247,15382,15863,15521,14903,14843,32767,32767,32767,32767,32767,3159.0,17900.0
1276.0,904.0,9550,15382,15863,15521,15417,14843,32767,32767,32767,32767,32767,3343.0,17900.0
1368.0,1015.0,9095,15382,16281,15977,14389,14843,32767,32767,32767,32767,32767,2668.0,17900.0
2565.0,1921.0,4451,12380,12258,12942,13008,15029,32767,32767,32767,32767,32767,1460.0,17900.0
1123.0,782.0,8442,13578,13949,14329,13008,15029,32767,32767,32767,32767,32767,3075.0,17900.0
1217.0,893.0,8749,13978,14794,14791,14049,15029,32767,32767,32767,32767,32767,3137.0,17900.0
1329.0,960.0,7521,13978,14794,14791,15610,15029,32767,32767,32767,32767,32767,2174.0,17900.0
1254.0,938.0,8902,14776,15639,15253,15089,15029,32767,32767,32767,32767,32767,3168.0,17900.0
1479.0,1139.0,9670,14776,15217,15253,15089,15029,32767,32767,32767,32767,32767,3416.0,17900.0
1254.0,983.0,8288,14776,15217,15253,15089,15029,32767,32767,32767,32767,32767,2795.0,17900.0
1273.0,1005.0,8749,14776,15217,14329,15089,15029,32767,32767,32767,32767,32767,2733.0,17900.0
1217.0,938.0,8902,15176,15639,14329,14049,15029,32767,32767,32767,32767,32767,2826.0,17900.0
1329.0,1027.0,8749,15176,16062,16177,14569,15029,32767,32767,32767,32767,32767,2547.0,17900.0
1198.0,826.0,8749,15176,15639,15715,15610,15029,32767,32767,32767,32767,32767,3106.0,17900.0
1292.0,1005.0,9363,15176,16062,16177,16130,15029,32767,32767,32767,32767,32767,3137.0,17900.0
1236.0,871.0,8442,15176,16062,16177,15089,15029,32767,32767,32767,32767,32767,2733.0,17900.0
1292.0,871.0,9516,15176,14794,15253,14569,15029,32767,32767,32767,32767,32767,3354.0,17900.0
1292.0,938.0,9056,15176,15217,14329,14049,15029,32767,32767,32767,32767,32767,3230.0,17900.0
1179.0,893.0,9363,15575,16062,16640,15610,15029,32767,32767,32767,32767,32767,3012.0,17900.0
1254.0,871.0,9056,15974,15639,16640,15610,15029,32767,32767,32767,32767,32767,2764.0,17900.0
1292.0,916.0,9209,16374,16485,16177,14569,15029,32767,32767,32767,32767,32767,3043.0,17900.0
1292.0,916.0,9670,16773,17330,17102,15089,15029,32767,32767,32767,32767,32767,2919.0,17900.0
1273.0,871.0,9977,16773,16485,16177,16130,15029,32767,32767,32767,32767,32767,3292.0,17900.0
1313.0,993.0,8489,13805,13776,14608,14389,15414,32767,32767,32767,32767,32767,3098.0,17900.0
1146.0,860.0,8034,13805,14193,14151,13875,15414,32767,32767,32767,32767,32767,2760.0,17900.0
1313.0,993.0,8944,14199,15028,14608,13361,15414,32767,32767,32767,32767,32767,3221.0,17900.0
1331.0,971.0,8186,14199,13776,13695,12847,15414,32767,32767,32767,32767,32767,3037.0,17900.0
1220.0,904.0,7883,14199,14611,14608,14389,15414,32767,32767,32767,32767,32767,2852.0,17900.0
1183.0,816.0,8034,14199,14193,13238,14389,15414,32767,32767,32767,32767,32767,3129.0,17900.0
1313.0,949.0,8489,14199,14193,14151,13361,15414,32767,32767,32767,32767,32767,3282.0,17900.0
1294.0,926.0,7883,14199,14193,14151,13361,15414,32767,32767,32767,32767,32767,2883.0,17900.0
1257.0,860.0,8641,14199,14193,15977,13875,15414,32767,32767,32767,32767,32767,2975.0,17900.0
1257.0,904.0,8489,14593,14193,15064,13875,15414,32767,32767,32767,32767,32767,2944.0,17900.0
1257.0,904.0,8792,14593,14611,15521,14903,15414,32767,32767,32767,32767,32767,3190.0,17900.0
1331.0,993.0,8641,14593,14611,14151,13875,15414,32767,32767,32767,32767,32767,3221.0,17900.0
1276.0,926.0,8792,14593,13776,13695,13875,15414,32767,32767,32767,32767,32767,3282.0,17900.0
1331.0,993.0,9399,14593,15446,15064,13875,15414,32767,32767,32767,32767,32767,3313.0,17900.0
1257.0,949.0,8641,14988,14611,13695,13875,15414,32767,32767,32767,32767,32767,3343.0,17900.0
1331.0,1059.0,9247,14988,15028,15521,14903,15414,32767,32767,32767,32767,32767,2975.0,17900.0
1239.0,816.0,8489,15382,15028,15521,13875,15414,32767,32767,32767,32767,32767,3374.0,17900.0
1350.0,1015.0,8944,15382,15446,15977,14389,15414,32767,32767,32767,32767,32767,3006.0,17900.0
1516.0,1081.0,9853,15777,15863,15977,14903,15414,32767,32767,32767,32767,32767,4079.0,17900.0
1331.0,949.0,9550,15777,16281,15977,15931,15414,32767,32767,32767,32767,32767,3221.0,17900.0
1331.0,949.0,9550,15777,16698,16434,14389,15414,32767,32767,32767,32767,32767,3159.0,17900.0
1442.0,1015.0,9247,17354,17950,16890,16958,15414,32767,32767,32767,32767,32767,3650.0,17900.0
1142.0,871.0,8595,14377,16062,14329,15089,15607,32767,32767,32767,32767,32767,2671.0,17900.0
1329.0,1072.0,8595,14377,14794,14329,15610,15607,32767,32767,32767,32767,32767,2857.0,17900.0
1348.0,916.0,9209,14776,14794,15715,15610,15607,32767,32767,32767,32767,32767,3106.0,17900.0
1236.0,871.0,8749,14776,15639,14791,15089,15607,32767,32767,32767,32767,32767,2764.0,17900.0
1310.0,983.0,9363,15176,16907,15715,16650,15607,32767,32767,32767,32767,32767,2733.0,17900.0
1217.0,782.0,9670,15176,16907,17102,15610,15607,32767,32767,32767,32767,32767,3634.0,17900.0
1329.0,1027.0,8902,15575,16062,15253,15089,15607,32767,32767,32767,32767,32767,3075.0,17900.0
1236.0,871.0,9056,15575,15639,15253,15089,15607,32767,32767,32767,32767,32767,2733.0,17900.0
1310.0,1005.0,9516,15575,16907,16640,16130,15607,32767,32767,32767,32767,32767,3416.0,17900.0
1236.0,871.0,9363,15575,16485,16640,15610,15607,32767,32767,32767,32767,32767,2919.0,17900.0
1217.0,893.0,9209,15575,16485,16640,16130,15607,32767,32767,32767,32767,32767,2671.0,17900.0
1217.0,849.0,9209,15974,16062,16640,16130,15607,32767,32767,32767,32767,32767,3354.0,17900.0
1236.0,849.0,9363,15974,16485,15253,16130,15607,32767,32767,32767,32767,32767,2826.0,17900.0
1348.0,1072.0,9516,15974,16062,15253,16130,15607,32767,32767,32767,32767,32767,3323.0,17900.0
1273.0,893.0,9823,15974,16907,16640,16130,15607,32767,32767,32767,32767,32767,3199.0,17900.0
1460.0,1139.0,9363,16374,16907,17102,17171,15607,32767,32767,32767,32767,32767,3261.0,17900.0
1385.0,1027.0,9823,17172,17330,17102,17171,15607,32767,32767,32767,32767,32767,2950.0,17900.0
1442.0,1117.0,10284,17572,18598,18026,17171,15607,32767,32767,32767,32767,32767,3043.0,17900.0
1404.0,1072.0,10130,17971,19021,17564,17691,15607,32767,32767,32767,32767,32767,3075.0,17900.0
1646.0,1324.0,6215,13016,12524,13695,12333,15985,32767,32767,32767,32767,32767,2208.0,17900.0
1239.0,949.0,8186,13410,14611,15064,14389,15985,32767,32767,32767,32767,32767,3037.0,17900.0
1276.0,926.0,8337,13805,13776,14151,12847,15985,32767,32767,32767,32767,32767,3098.0,17900.0
1313.0,926.0,8792,14199,15028,15064,14389,15985,32767,32767,32767,32767,32767,3006.0,17900.0
1239.0,926.0,7883,14199,15028,14608,13875,15985,32767,32767,32767,32767,32767,2270.0,17900.0
1294.0,949.0,8792,14593,15446,15064,14903,15985,32767,32767,32767,32767,32767,2852.0,17900.0
1350.0,1037.0,8337,14593,15863,15521,14903,15985,32767,32767,32767,32767,32767,3006.0,17900.0
1442.0,1125.0,9702,14988,15863,16434,15417,15985,32767,32767,32767,32767,32767,3098.0,17900.0
1294.0,971.0,8792,14988,15028,15977,14389,15985,32767,32767,32767,32767,32767,2668.0,17900.0
1220.0,882.0,7731,14988,13776,14151,13875,15985,32767,32767,32767,32767,32767,2423.0,17900.0
1239.0,904.0,8944,14988,15446,16434,14389,15985,32767,32767,32767,32767,32767,3159.0,17900.0
1183.0,838.0,8337,14988,15446,15064,15931,15985,32767,32767,32767,32767,32767,2822.0,17900.0
1220.0,860.0,8337,14988,15028,15064,14389,15985,32767,32767,32767,32767,32767,2883.0,17900.0
1331.0,993.0,9247,15382,17116,16890,15417,15985,32767,32767,32767,32767,32767,2730.0,17900.0
1368.0,1059.0,9247,15382,15028,15064,14389,15985,32767,32767,32767,32767,32767,3098.0,17900.0
1331.0,971.0,9399,15382,15863,15521,14389,15985,32767,32767,32767,32767,32767,3527.0,17900.0
1387.0,1015.0,9702,15777,17116,16434,14389,15985,32767,32767,32767,32767,32767,3129.0,17900.0
1239.0,860.0,8641,15777,15446,15064,14903,15985,32767,32767,32767,32767,32767,3129.0,17900.0
1350.0,949.0,10157,15777,16698,15977,15931,15985,32767,32767,32767,32767,32767,3374.0,17900.0
1331.0,993.0,9853,16171,17116,16890,15931,15985,32767,32767,32767,32767,32767,3006.0,17900.0
1350.0,1015.0,9702,16171,16698,17347,15931,15985,32767,32767,32767,32767,32767,2914.0,17900.0
1331.0,904.0,9399,16171,15446,16434,14903,15985,32767,32767,32767,32767,32767,3343.0,17900.0
1350.0,1015.0,10005,16171,16698,16890,15931,15985,32767,32767,32767,32767,32767,3159.0,17900.0
1405.0,1081.0,8944,16171,15863,15977,14389,15985,32767,32767,32767,32767,32767,2914.0,17900.0
1350.0,993.0,9399,16171,17116,16890,15931,15985,32767,32767,32767,32767,32767,2975.0,17900.0
1313.0,949.0,9095,16566,16281,16434,15931,15985,32767,32767,32767,32767,32767,2852.0,17900.0
1331.0,1015.0,10308,17354,17533,17347,15931,15985,32767,32767,32767,32767,32767,2883.0,17900.0
1479.0,1169.0,10611,17749,18368,18716,17472,15985,32767,32767,32767,32767,32767,3159.0,17900.0
1348.0,1139.0,9056,14776,16907,15715,16130,16186,32767,32767,32767,32767,32767,3199.0,17900.0
1310.0,1005.0,9056,15974,16907,17102,16650,16186,32767,32767,32767,32767,32767,2919.0,17900.0
1273.0,893.0,9209,15974,16485,16177,15089,16186,32767,32767,32767,32767,32767,3012.0,17900.0
1179.0,759.0,9363,16374,16907,18026,17171,16186,32767,32767,32767,32767,32767,3323.0,17900.0
1367.0,1072.0,9209,16374,17330,17564,17171,16186,32767,32767,32767,32767,32767,2857.0,17900.0
1367.0,1139.0,10437,16773,17330,17564,16130,16186,32767,32767,32767,32767,32767,3137.0,17900.0
1348.0,1050.0,10437,16773,18175,18026,17691,16186,32767,32767,32767,32767,32767,3230.0,17900.0
1460.0,1161.0,10130,17172,19021,18026,18211,16186,32767,32767,32767,32767,32767,3137.0,17900.0
1254.0,916.0,9670,17172,17330,18488,17691,16186,32767,32767,32767,32767,32767,2950.0,17900.0
1217.0,916.0,9977,17172,17330,17564,16130,16186,32767,32767,32767,32767,32767,2826.0,17900.0
1202.0,860.0,8337,14593,15446,15521,15931,16556,32767,32767,32767,32767,32767,2944.0,17900.0
1257.0,926.0,8641,14593,15446,15977,14389,16556,32767,32767,32767,32767,32767,2975.0,17900.0
1239.0,971.0,9095,14988,15863,16434,15931,16556,32767,32767,32767,32767,32767,2944.0,17900.0
1294.0,993.0,8034,14988,15028,15521,14903,16556,32767,32767,32767,32767,32767,2730.0,17900.0
1183.0,882.0,8489,15382,16281,16434,15417,16556,32767,32767,32767,32767,32767,2607.0,17900.0
1368.0,1059.0,9550,15382,16698,16434,15417,16556,32767,32767,32767,32767,32767,2852.0,17900.0
1368.0,1015.0,9247,15382,16698,16434,15931,16556,32767,32767,32767,32767,32767,2699.0,17900.0
1276.0,949.0,9247,15777,14611,15521,14389,16556,32767,32767,32767,32767,32767,2852.0,17900.0
1442.0,1125.0,9247,15777,16281,15521,15931,16556,32767,32767,32767,32767,32767,3098.0,17900.0
1313.0,971.0,9550,15777,16281,15977,15931,16556,32767,32767,32767,32767,32767,3159.0,17900.0
1405.0,1037.0,9095,15777,16281,14608,14903,16556,32767,32767,32767,32767,32767,3067.0,17900.0
1350.0,993.0,9095,16171,16698,15977,14903,16556,32767,32767,32767,32767,32767,2852.0,17900.0
1405.0,1059.0,10157,16171,16698,16890,16444,16556,32767,32767,32767,32767,32767,3527.0,17900.0
1405.0,1103.0,9247,16566,15863,16434,15931,16556,32767,32767,32767,32767,32767,2791.0,17900.0
1387.0,1125.0,10157,16566,17950,17803,16958,16556,32767,32767,32767,32767,32767,2822.0,17900.0
1368.0,993.0,10308,16566,17533,17803,16444,16556,32767,32767,32767,32767,32767,3129.0,17900.0
1331.0,1015.0,8944,16566,17116,17347,15417,16556,32767,32767,32767,32767,32767,2791.0,17900.0
1368.0,1103.0,9399,16566,17533,16890,15931,16556,32767,32767,32767,32767,32767,2760.0,17900.0
1646.0,1456.0,10157,16960,17533,17803,16444,16556,32767,32767,32767,32767,32767,3313.0,17900.0
1368.0,1015.0,9853,16960,16698,17803,16444,16556,32767,32767,32767,32767,32767,3037.0,17900.0
1405.0,1037.0,10157,16960,17116,17347,15931,16556,32767,32767,32767,32767,32767,3405.0,17900.0
1368.0,993.0,10005,16960,17116,17803,15931,16556,32767,32767,32767,32767,32767,3282.0,17900.0
1368.0,1015.0,10157,17354,16698,17803,16958,16556,32767,32767,32767,32767,32767,3251.0,17900.0
1313.0,926.0,10005,17354,17116,18260,16444,16556,32767,32767,32767,32767,32767,3313.0,17900.0
1461.0,1103.0,9702,17354,17533,17347,16444,16556,32767,32767,32767,32767,32767,3435.0,17900.0
1292.0,1027.0,9209,16374,16907,16640,17171,16764,32767,32767,32767,32767,32767,2640.0,17900.0
1236.0,960.0,9056,16374,17753,16640,17691,16764,32767,32767,32767,32767,32767,2764.0,17900.0
1348.0,1005.0,10130,16374,17330,18488,18211,16764,32767,32767,32767,32767,32767,2981.0,17900.0
1498.0,1206.0,9209,16773,16907,17102,17691,16764,32767,32767,32767,32767,32767,2764.0,17900.0
1404.0,1094.0,10437,16773,18598,20337,19252,16764,32767,32767,32767,32767,32767,2950.0,17900.0
1292.0,983.0,9977,16773,17330,17564,17171,16764,32767,32767,32767,32767,32767,3199.0,17900.0
1273.0,1005.0,9823,17172,18598,18488,17691,16764,32767,32767,32767,32767,32767,2888.0,17900.0
1348.0,1027.0,9670,17572,18175,17564,19252,16764,32767,32767,32767,32767,32767,3447.0,17900.0
1310.0,983.0,10284,17971,18175,19413,17691,16764,32767,32767,32767,32767,32767,3168.0,17900.0
1292.0,983.0,10130,17971,19021,18488,17691,16764,32767,32767,32767,32767,32767,2950.0,17900.0
1385.0,1050.0,10437,18371,20289,19413,18732,16764,32767,32767,32767,32767,32767,2702.0,17900.0
1329.0,1005.0,10744,18371,18598,18026,18732,16764,32767,32767,32767,32767,32767,3075.0,17900.0
1367.0,1139.0,10744,19169,20711,20337,19772,16764,32767,32767,32767,32767,32767,2516.0,17900.0
1331.0,1037.0,8944,15382,15863,16434,14903,17127,32767,32767,32767,32767,32767,2975.0,17900.0
1313.0,1037.0,8944,16171,16281,16890,16444,17127,32767,32767,32767,32767,32767,2546.0,17900.0
1276.0,926.0,9247,16171,17116,16434,16444,17127,32767,32767,32767,32767,32767,2975.0,17900.0
1350.0,1015.0,9702,16566,16698,17803,16444,17127,32767,32767,32767,32767,32767,2975.0,17900.0
1405.0,1037.0,9853,16566,16698,17347,14903,17127,32767,32767,32767,32767,32767,3190.0,17900.0
1424.0,1147.0,9853,16960,18785,18716,16958,17127,32767,32767,32767,32767,32767,2730.0,17900.0
1405.0,1081.0,10005,16960,17533,17347,16444,17127,32767,32767,32767,32767,32767,3405.0,17900.0
1405.0,1103.0,9853,17354,17116,17347,16958,17127,32767,32767,32767,32767,32767,2944.0,17900.0
1387.0,1037.0,10460,18143,18368,18260,17986,17127,32767,32767,32767,32767,32767,3098.0,17900.0
1479.0,1235.0,10460,18932,19620,19629,17986,17127,32767,32767,32767,32767,32767,2883.0,17900.0
1405.0,1125.0,10460,18932,18785,19173,19014,17127,32767,32767,32767,32767,32767,3251.0,17900.0
1387.0,1081.0,10763,19326,19620,19629,19528,17127,32767,32767,32767,32767,32767,2914.0,17900.0
1385.0,1094.0,9670,17572,19021,18488,18211,17342,32767,32767,32767,32767,32767,2888.0,17900.0
1329.0,1027.0,10284,17572,19021,19413,18211,17342,32767,32767,32767,32767,32767,2888.0,17900.0
1554.0,1206.0,10284,18371,19021,18951,19252,17342,32767,32767,32767,32767,32767,3012.0,17900.0
1516.0,1340.0,10898,18770,20289,20800,21333,17342,32767,32767,32767,32767,32767,2826.0,17900.0
1329.0,1005.0,10591,18770,20711,19875,19252,17342,32767,32767,32767,32767,32767,2609.0,17900.0
1647.0,1385.0,11358,19968,21557,21262,21333,17342,32767,32767,32767,32767,32767,2981.0,17900.0
1294.0,1015.0,9095,15382,15863,15977,14903,17698,32767,32767,32767,32767,32767,2791.0,17900.0
1313.0,1015.0,9702,16171,16698,16890,16444,17698,32767,32767,32767,32767,32767,3098.0,17900.0
1350.0,1103.0,9853,16171,17533,17347,16444,17698,32767,32767,32767,32767,32767,2944.0,17900.0
1461.0,1235.0,9247,16960,17116,17803,15931,17698,32767,32767,32767,32767,32767,2454.0,17900.0
1331.0,971.0,9399,17354,17116,17803,16958,17698,32767,32767,32767,32767,32767,2760.0,17900.0
1405.0,1103.0,10005,17354,18785,19173,16958,17698,32767,32767,32767,32767,32767,2392.0,17900.0
1609.0,1522.0,9247,17749,18785,19173,17986,17698,32767,32767,32767,32767,32767,2638.0,17900.0
1461.0,1169.0,10157,17749,17950,18260,16958,17698,32767,32767,32767,32767,32767,2852.0,17900.0
1350.0,1103.0,10308,17749,19203,19629,17986,17698,32767,32767,32767,32767,32767,2515.0,17900.0
1387.0,1081.0,10763,17749,17950,18716,17472,17698,32767,32767,32767,32767,32767,3159.0,17900.0
1331.0,1015.0,10005,18143,17950,16890,16958,17698,32767,32767,32767,32767,32767,2852.0,17900.0
1479.0,1213.0,11218,18143,19203,19629,17986,17698,32767,32767,32767,32767,32767,3159.0,17900.0
1350.0,993.0,9853,18143,18785,19173,17986,17698,32767,32767,32767,32767,32767,2791.0,17900.0
1387.0,1235.0,10005,18538,20038,19173,17986,17698,32767,32767,32767,32767,32767,2668.0,17900.0
1461.0,1213.0,10308,18538,19203,19629,18500,17698,32767,32767,32767,32767,32767,2852.0,17900.0
1387.0,1103.0,10611,18538,20455,19629,18500,17698,32767,32767,32767,32767,32767,2822.0,17900.0
1423.0,1184.0,9363,16773,18175,19413,20293,17920,32767,32767,32767,32767,32767,2578.0,17900.0
1254.0,983.0,9516,17172,18175,18026,19252,17920,32767,32767,32767,32767,32767,2826.0,17900.0
1367.0,1050.0,10437,17971,19443,19413,19252,17920,32767,32767,32767,32767,32767,3012.0,17900.0
1647.0,1385.0,10437,17971,19021,20337,19772,17920,32767,32767,32767,32767,32767,3075.0,17900.0
1254.0,916.0,10284,19169,19443,19413,18732,17920,32767,32767,32767,32767,32767,2857.0,17900.0
1872.0,1653.0,10591,19169,22402,20800,21854,17920,32767,32767,32767,32767,32767,2950.0,17900.0
1629.0,1407.0,11358,19968,21134,22648,20813,17920,32767,32767,32767,32767,32767,2888.0,17900.0
1516.0,1257.0,10308,16960,18368,18716,18500,18269,32767,32767,32767,32767,32767,3466.0,17900.0
1442.0,1169.0,11066,17749,19203,19173,17472,18269,32767,32767,32767,32767,32767,3221.0,17900.0
1350.0,1081.0,10157,17749,19620,18716,17986,18269,32767,32767,32767,32767,32767,2760.0,17900.0
1498.0,1125.0,10005,17749,17950,18260,18500,18269,32767,32767,32767,32767,32767,3282.0,17900.0
1424.0,1125.0,10915,17749,18785,19629,18500,18269,32767,32767,32767,32767,32767,2699.0,17900.0
1368.0,1015.0,10308,17749,18368,18716,16958,18269,32767,32767,32767,32767,32767,3098.0,17900.0
1479.0,1191.0,11369,18538,20455,20086,19014,18269,32767,32767,32767,32767,32767,3129.0,17900.0
1461.0,1213.0,10915,18932,19203,19173,18500,18269,32767,32767,32767,32767,32767,3067.0,17900.0
1387.0,1125.0,10157,18932,19620,18716,17472,18269,32767,32767,32767,32767,32767,2576.0,17900.0
1405.0,1147.0,10763,18932,19620,20086,18500,18269,32767,32767,32767,32767,32767,3006.0,17900.0
1387.0,1125.0,10915,19326,19203,19173,18500,18269,32767,32767,32767,32767,32767,2822.0,17900.0
1461.0,1169.0,11066,19326,19620,20542,19014,18269,32767,32767,32767,32767,32767,2607.0,17900.0
1572.0,1279.0,11369,19326,20455,20086,20556,18269,32767,32767,32767,32767,32767,3282.0,17900.0
1609.0,1301.0,11369,19326,19620,20999,20042,18269,32767,32767,32767,32767,32767,3435.0,17900.0
1294.0,971.0,10611,19326,20038,20542,20042,18269,32767,32767,32767,32767,32767,2914.0,17900.0
1535.0,1169.0,11066,19721,20038,20542,20556,18269,32767,32767,32767,32767,32767,3282.0,17900.0
1479.0,1213.0,11369,19721,21290,21912,20042,18269,32767,32767,32767,32767,32767,2914.0,17900.0
1664.0,1301.0,11976,20904,21708,22825,22097,18269,32767,32767,32767,32767,32767,3313.0,17900.0
1393.0,997.0,5026,14266,13002,14218,13940,18354,32767,32767,32767,32767,32767,1048.0,17900.0
1479.0,1117.0,10284,18371,19021,19413,17691,18498,32767,32767,32767,32767,32767,3168.0,17900.0
1348.0,1072.0,10898,18770,20711,19875,19772,18498,32767,32767,32767,32767,32767,3043.0,17900.0
1460.0,1139.0,10744,18770,22825,20337,20813,18498,32767,32767,32767,32767,32767,3075.0,17900.0
1928.0,1541.0,8595,18770,19866,19875,19772,18498,32767,32767,32767,32767,32767,3075.0,17900.0
1367.0,1072.0,10130,19169,19021,18488,18732,18498,32767,32767,32767,32767,32767,2733.0,17900.0
1591.0,1340.0,10130,19169,19443,19875,19772,18498,32767,32767,32767,32767,32767,3199.0,17900.0
1516.0,1228.0,11205,19968,21979,22186,20293,18498,32767,32767,32767,32767,32767,3106.0,17900.0
1891.0,1452.0,11512,20767,22402,22648,21854,18498,32767,32767,32767,32767,32767,4099.0,17900.0
1535.0,1251.0,11819,21565,23670,24497,23935,18498,32767,32767,32767,32767,32767,3323.0,17900.0
2078.0,1898.0,12279,24361,24093,24497,26016,18498,32767,32767,32767,32767,32767,3323.0,17900.0
1535.0,1324.0,10915,18143,19203,20086,19014,18840,32767,32767,32767,32767,32767,3466.0,17900.0
1553.0,1213.0,9702,18538,18368,18716,17986,18840,32767,32767,32767,32767,32767,2638.0,17900.0
1368.0,1103.0,10460,18932,20038,20086,19014,18840,32767,32767,32767,32767,32767,2975.0,17900.0
1479.0,1301.0,11672,19326,21290,20542,19528,18840,32767,32767,32767,32767,32767,2914.0,17900.0
1646.0,1301.0,11369,19326,21290,20999,20556,18840,32767,32767,32767,32767,32767,3374.0,17900.0
1424.0,1147.0,9853,19326,19203,18716,17472,18840,32767,32767,32767,32767,32767,2484.0,17900.0
1387.0,1191.0,11369,20115,20873,20542,20556,18840,32767,32767,32767,32767,32767,2730.0,17900.0
1424.0,1191.0,11218,20115,20455,20999,20042,18840,32767,32767,32767,32767,32767,2852.0,17900.0
1226.0,1019.0,5635,16643,15099,14676,13940,18928,32767,32767,32767,32767,32767,1140.0,17900.0
1947.0,1496.0,9977,16773,18175,18026,18732,19076,32767,32767,32767,32767,32767,4565.0,17900.0
1348.0,1139.0,8595,18371,18175,19413,19252,19076,32767,32767,32767,32767,32767,1988.0,17900.0
1554.0,1228.0,10744,18770,20711,19875,20293,19076,32767,32767,32767,32767,32767,3012.0,17900.0
1404.0,1117.0,11051,18770,20289,19875,19772,19076,32767,32767,32767,32767,32767,3043.0,17900.0
2022.0,1630.0,10130,19169,20289,20800,20293,19076,32767,32767,32767,32767,32767,2702.0,17900.0
1498.0,1228.0,11205,19569,20711,20800,21333,19076,32767,32767,32767,32767,32767,3075.0,17900.0
1423.0,1161.0,11051,19569,20711,20800,20293,19076,32767,32767,32767,32767,32767,3323.0,17900.0
2059.0,1697.0,11051,19569,21134,18951,19252,19076,32767,32767,32767,32767,32767,3540.0,17900.0
1460.0,1228.0,11051,19569,21134,21262,21854,19076,32767,32767,32767,32767,32767,2795.0,17900.0
1573.0,1273.0,12433,22763,24516,24959,24976,19076,32767,32767,32767,32767,32767,3012.0,17900.0
1609.0,1346.0,11521,18538,20455,20999,20042,19411,32767,32767,32767,32767,32767,3895.0,17900.0
1350.0,1103.0,10005,18538,19620,19173,19528,19411,32767,32767,32767,32767,32767,2423.0,17900.0
1405.0,1081.0,9853,18932,18785,18716,17986,19411,32767,32767,32767,32767,32767,2576.0,17900.0
1424.0,1169.0,10157,18932,19620,19173,18500,19411,32767,32767,32767,32767,32767,2484.0,17900.0
1387.0,1125.0,11521,19326,21708,22368,20556,19411,32767,32767,32767,32767,32767,2914.0,17900.0
1276.0,926.0,10460,19326,21290,20542,19528,19411,32767,32767,32767,32767,32767,3037.0,17900.0
1405.0,1169.0,11369,19721,20038,20999,20042,19411,32767,32767,32767,32767,32767,3067.0,17900.0
1461.0,1257.0,10915,19721,20873,21912,20556,19411,32767,32767,32767,32767,32767,2638.0,17900.0
1886.0,1676.0,11066,19721,20455,22825,20556,19411,32767,32767,32767,32767,32767,3006.0,17900.0
1405.0,1081.0,11066,19721,20873,20542,19528,19411,32767,32767,32767,32767,32767,2607.0,17900.0
1479.0,1191.0,11369,19721,22542,21912,20042,19411,32767,32767,32767,32767,32767,3067.0,17900.0
1368.0,1147.0,10763,20115,20038,20999,20042,19411,32767,32767,32767,32767,32767,2699.0,17900.0
1590.0,1235.0,11369,20510,21290,20999,20556,19411,32767,32767,32767,32767,32767,3159.0,17900.0
1442.0,1324.0,12279,20510,22542,22825,21583,19411,32767,32767,32767,32767,32767,3098.0,17900.0
1516.0,1346.0,11672,20510,22125,22368,21069,19411,32767,32767,32767,32767,32767,2883.0,17900.0
1405.0,1169.0,10915,20904,21290,21912,21069,19411,32767,32767,32767,32767,32767,2638.0,17900.0
1461.0,1191.0,11521,20904,21290,21912,20556,19411,32767,32767,32767,32767,32767,2730.0,17900.0
1553.0,1368.0,12127,20904,22125,22368,21069,19411,32767,32767,32767,32767,32767,3435.0,17900.0
1535.0,1324.0,11824,20904,22542,22825,21069,19411,32767,32767,32767,32767,32767,2975.0,17900.0
1609.0,1368.0,12279,21299,23377,23281,22097,19411,32767,32767,32767,32767,32767,3129.0,17900.0
1867.0,1588.0,12279,21693,22542,23738,22097,19411,32767,32767,32767,32767,32767,3497.0,17900.0
1554.0,1228.0,11512,18371,20711,21724,21333,19654,32767,32767,32767,32767,32767,3137.0,17900.0
1498.0,1251.0,11358,19169,21134,20800,20813,19654,32767,32767,32767,32767,32767,3261.0,17900.0
1404.0,1184.0,10744,19169,20289,20337,20293,19654,32767,32767,32767,32767,32767,2950.0,17900.0
1460.0,1228.0,11358,19569,21557,21724,22374,19654,32767,32767,32767,32767,32767,3261.0,17900.0
1442.0,1161.0,11051,19569,19866,21262,21333,19654,32767,32767,32767,32767,32767,3106.0,17900.0
1554.0,1362.0,10898,19968,21134,20800,20813,19654,32767,32767,32767,32767,32767,2764.0,17900.0
1404.0,1228.0,11051,20367,20711,20800,20813,19654,32767,32767,32767,32767,32767,3012.0,17900.0
1479.0,1206.0,11512,20767,21557,21262,20813,19654,32767,32767,32767,32767,32767,3292.0,17900.0
1367.0,1117.0,11972,21565,23670,23573,23935,19654,32767,32767,32767,32767,32767,2702.0,17900.0
1741.0,1541.0,12126,23163,23670,24959,23935,19654,32767,32767,32767,32767,32767,2640.0,17900.0
1368.0,1147.0,9702,18932,19620,19173,19528,19982,32767,32767,32767,32767,32767,2699.0,17900.0
1442.0,1279.0,10611,18932,20038,19173,19014,19982,32767,32767,32767,32767,32767,2699.0,17900.0
1442.0,1191.0,9853,19326,20455,20086,20556,19982,32767,32767,32767,32767,32767,2607.0,17900.0
1368.0,1147.0,10611,19326,20873,19629,20042,19982,32767,32767,32767,32767,32767,2760.0,17900.0
1387.0,1169.0,11066,19326,21708,22368,20556,19982,32767,32767,32767,32767,32767,2270.0,17900.0
1572.0,1301.0,10460,19721,21290,20999,21069,19982,32767,32767,32767,32767,32767,2484.0,17900.0
1405.0,1169.0,11369,19721,21290,20999,21069,19982,32767,32767,32767,32767,32767,3006.0,17900.0
1664.0,1434.0,11218,20115,21708,21455,20556,19982,32767,32767,32767,32767,32767,3221.0,17900.0
1405.0,1169.0,10763,20115,20873,20542,20556,19982,32767,32767,32767,32767,32767,2484.0,17900.0
1498.0,1257.0,11521,20904,22542,23281,21069,19982,32767,32767,32767,32767,32767,2883.0,17900.0
1368.0,1103.0,11369,20904,22125,22368,21583,19982,32767,32767,32767,32767,32767,2760.0,17900.0
1424.0,1125.0,11824,20904,22125,22825,21583,19982,32767,32767,32767,32767,32767,3037.0,17900.0
1498.0,1346.0,11824,21299,22542,23281,22611,19982,32767,32767,32767,32767,32767,2791.0,17900.0
1646.0,1390.0,11976,21299,21708,22368,21069,19982,32767,32767,32767,32767,32767,3374.0,17900.0
1498.0,1235.0,12127,21299,22542,22368,21583,19982,32767,32767,32767,32767,32767,2944.0,17900.0
1442.0,1125.0,11521,21693,22125,22825,22097,19982,32767,32767,32767,32767,32767,3006.0,17900.0
1516.0,1301.0,12127,21693,23795,24651,23639,19982,32767,32767,32767,32767,32767,2914.0,17900.0
1479.0,1257.0,11824,21693,22542,22825,21583,19982,32767,32767,32767,32767,32767,2699.0,17900.0
1207.0,997.0,6549,16247,15937,16969,15489,20075,32767,32767,32767,32767,32767,1325.0,17900.0
1816.0,1563.0,7981,17971,18175,21724,21854,20232,32767,32767,32767,32767,32767,2329.0,17900.0
1516.0,1251.0,11205,19569,21979,21724,21854,20232,32767,32767,32767,32767,32767,2919.0,17900.0
1704.0,1541.0,10284,19968,21134,20800,21333,20232,32767,32767,32767,32767,32767,2764.0,17900.0
2172.0,2166.0,10898,20367,21557,21724,21854,20232,32767,32767,32767,32767,32767,3292.0,17900.0
1573.0,1407.0,11512,21565,22402,23111,22894,20232,32767,32767,32767,32767,32767,3075.0,17900.0
1704.0,1474.0,11358,21965,23248,23573,22374,20232,32767,32767,32767,32767,32767,3230.0,17900.0
1535.0,1390.0,10763,18932,20455,20542,21069,20552,32767,32767,32767,32767,32767,2668.0,17900.0
1387.0,1169.0,11218,19721,20873,21455,21069,20552,32767,32767,32767,32767,32767,2546.0,17900.0
1627.0,1257.0,10308,19721,20455,22368,21069,20552,32767,32767,32767,32767,32767,3067.0,17900.0
1387.0,1125.0,11369,20115,21290,22368,21069,20552,32767,32767,32767,32767,32767,2668.0,17900.0
1756.0,1522.0,11521,20510,22542,22368,20556,20552,32767,32767,32767,32767,32767,2944.0,17900.0
1701.0,1610.0,12582,20510,22960,23738,23125,20552,32767,32767,32767,32767,32767,3711.0,17900.0
1535.0,1346.0,11521,20510,22125,21455,21069,20552,32767,32767,32767,32767,32767,2699.0,17900.0
1442.0,1191.0,11218,20510,21708,21912,21069,20552,32767,32767,32767,32767,32767,3006.0,17900.0
1627.0,1434.0,11066,20904,22125,22368,22097,20552,32767,32767,32767,32767,32767,2699.0,17900.0
1442.0,1213.0,11521,20904,22125,21912,21069,20552,32767,32767,32767,32767,32767,2791.0,17900.0
1405.0,1147.0,12127,20904,21290,23738,23639,20552,32767,32767,32767,32767,32767,3497.0,17900.0
1683.0,1588.0,11976,21299,22542,23738,21069,20552,32767,32767,32767,32767,32767,3037.0,17900.0
1516.0,1257.0,11066,21299,21708,20999,21069,20552,32767,32767,32767,32767,32767,2975.0,17900.0
1516.0,1412.0,11521,21299,22960,23738,22097,20552,32767,32767,32767,32767,32767,2484.0,17900.0
1405.0,1125.0,11824,22087,23377,24651,23639,20552,32767,32767,32767,32767,32767,2576.0,17900.0
1572.0,1368.0,11672,22087,23795,23738,22097,20552,32767,32767,32767,32767,32767,2975.0,17900.0
1553.0,1368.0,12127,22482,23377,23738,22611,20552,32767,32767,32767,32767,32767,2760.0,17900.0
1498.0,1346.0,11976,23271,24630,23738,23639,20552,32767,32767,32767,32767,32767,2883.0,17900.0
1573.0,1273.0,11512,20367,21134,22186,22894,20810,32767,32767,32767,32767,32767,3075.0,17900.0
1610.0,1362.0,11358,20767,22402,22648,22894,20810,32767,32767,32767,32767,32767,3043.0,17900.0
1591.0,1385.0,12126,21565,23670,23573,23415,20810,32767,32767,32767,32767,32767,3012.0,17900.0
1722.0,1429.0,11665,22364,23248,24497,24976,20810,32767,32767,32767,32767,32767,3043.0,17900.0
1666.0,1429.0,12740,23962,26629,26346,26016,20810,32767,32767,32767,32767,32767,3075.0,17900.0
1572.0,1324.0,9853,19721,19620,21455,21583,21123,32767,32767,32767,32767,32767,2730.0,17900.0
1516.0,1191.0,11369,20904,21708,22368,21583,21123,32767,32767,32767,32767,32767,3374.0,17900.0
1590.0,1368.0,10611,20904,22542,21912,23125,21123,32767,32767,32767,32767,32767,2638.0,17900.0
1627.0,1522.0,12430,21299,23377,23281,22611,21123,32767,32767,32767,32767,32767,3098.0,17900.0
1609.0,1456.0,11976,21299,23377,24194,22611,21123,32767,32767,32767,32767,32767,2760.0,17900.0
1498.0,1324.0,12127,21693,23377,22825,23125,21123,32767,32767,32767,32767,32767,2730.0,17900.0
1701.0,1522.0,11824,22087,23795,23738,23639,21123,32767,32767,32767,32767,32767,2944.0,17900.0
1572.0,1478.0,12582,22482,24212,24651,25181,21123,32767,32767,32767,32767,32767,3251.0,17900.0
1886.0,1632.0,12279,22482,23377,22825,22611,21123,32767,32767,32767,32767,32767,3466.0,17900.0
1442.0,1324.0,11824,22482,23795,22368,22097,21123,32767,32767,32767,32767,32767,2484.0,17900.0
1590.0,1478.0,12279,22876,25465,24194,23639,21123,32767,32767,32767,32767,32767,2454.0,17900.0
1627.0,1368.0,12127,22876,23377,23738,23125,21123,32767,32767,32767,32767,32767,3251.0,17900.0
1627.0,1456.0,12582,23271,24630,23738,23125,21123,32767,32767,32767,32767,32767,2760.0,17900.0
1387.0,1235.0,11824,23665,24630,24194,24667,21123,32767,32767,32767,32767,32767,2300.0,17900.0
1683.0,1456.0,13188,24060,25465,25564,25181,21123,32767,32767,32767,32767,32767,2760.0,17900.0
1535.0,1434.0,12430,24060,25465,25107,24667,21123,32767,32767,32767,32767,32767,2760.0,17900.0
2284.0,1854.0,11665,20367,22402,23111,23415,21388,32767,32767,32767,32767,32767,4596.0,17900.0
1385.0,1005.0,11665,20367,22825,23573,22374,21388,32767,32767,32767,32767,32767,2981.0,17900.0
1666.0,1385.0,12126,21965,24093,23111,23935,21388,32767,32767,32767,32767,32767,3137.0,17900.0
1629.0,1496.0,11819,22763,24516,24035,24455,21388,32767,32767,32767,32767,32767,2981.0,17900.0
1720.0,1500.0,10005,19721,20873,22368,22611,21694,32767,32767,32767,32767,32767,2607.0,17900.0
1830.0,1610.0,11976,20904,22542,22825,22611,21694,32767,32767,32767,32767,32767,3803.0,17900.0
1609.0,1478.0,12279,21693,24212,24651,24153,21694,32767,32767,32767,32767,32767,3159.0,17900.0
1313.0,1103.0,11521,21693,24212,24194,23639,21694,32767,32767,32767,32767,32767,2362.0,17900.0
1553.0,1324.0,11066,22087,23795,23281,23125,21694,32767,32767,32767,32767,32767,2576.0,17900.0
1535.0,1434.0,12430,22482,24212,24651,23639,21694,32767,32767,32767,32767,32767,2668.0,17900.0
1701.0,1500.0,12582,22482,22542,23281,24667,21694,32767,32767,32767,32767,32767,3589.0,17900.0
1886.0,1721.0,12582,22482,23795,24194,24153,21694,32767,32767,32767,32767,32767,3619.0,17900.0
1941.0,1809.0,13492,22482,25465,25107,24153,21694,32767,32767,32767,32767,32767,3497.0,17900.0
1738.0,1500.0,12734,22876,24212,24651,23639,21694,32767,32767,32767,32767,32767,3067.0,17900.0
1553.0,1390.0,11824,22876,23795,24194,22611,21694,32767,32767,32767,32767,32767,2638.0,17900.0
1720.0,1478.0,13037,23271,26299,25564,26208,21694,32767,32767,32767,32767,32767,3221.0,17900.0
1442.0,1324.0,13795,24454,26299,27390,27236,21694,32767,32767,32767,32767,32767,3190.0,17900.0
1978.0,1765.0,14249,24848,26299,27390,26722,21694,32767,32767,32767,32767,32767,3895.0,17900.0
1319.0,1108.0,8529,20606,19712,19721,19619,21796,32767,32767,32767,32767,32767,1572.0,17900.0
1635.0,1396.0,10509,21398,21809,20638,21168,21796,32767,32767,32767,32767,32767,2743.0,17900.0
1765.0,1640.0,9899,21795,22229,23390,21168,21796,32767,32767,32767,32767,32767,3143.0,17900.0
2471.0,2077.0,11512,21166,22825,23573,23935,21966,32767,32767,32767,32767,32767,4162.0,17900.0
2134.0,1898.0,11972,21965,24516,24497,23935,21966,32767,32767,32767,32767,32767,3727.0,17900.0
1741.0,1474.0,11972,22763,25361,24497,23935,21966,32767,32767,32767,32767,32767,3137.0,17900.0
1816.0,1697.0,12126,22763,24516,25884,26016,21966,32767,32767,32767,32767,32767,3043.0,17900.0
1910.0,1854.0,12586,23562,24516,24959,24455,21966,32767,32767,32767,32767,32767,3075.0,17900.0
1741.0,1608.0,12740,23962,25361,25884,26016,21966,32767,32767,32767,32767,32767,2888.0,17900.0
1816.0,1742.0,13200,24760,27474,27733,28618,21966,32767,32767,32767,32767,32767,2826.0,17900.0
1720.0,1610.0,10763,20510,22960,21912,23125,22265,32767,32767,32767,32767,32767,2423.0,17900.0
2163.0,1831.0,11066,20510,22125,22825,23125,22265,32767,32767,32767,32767,32767,3374.0,17900.0
1793.0,1544.0,12885,22482,23795,24651,24667,22265,32767,32767,32767,32767,32767,3773.0,17900.0
1553.0,1368.0,13037,23665,25465,25564,24153,22265,32767,32767,32767,32767,32767,2791.0,17900.0
1683.0,1566.0,12582,23665,25465,25564,24153,22265,32767,32767,32767,32767,32767,2975.0,17900.0
1516.0,1279.0,12885,23665,25047,26477,24667,22265,32767,32767,32767,32767,32767,3159.0,17900.0
1738.0,1434.0,12885,24060,25882,26477,25181,22265,32767,32767,32767,32767,32767,3589.0,17900.0
1498.0,1301.0,13188,24060,25465,26020,25694,22265,32767,32767,32767,32767,32767,2852.0,17900.0
1701.0,1610.0,13340,24060,26299,26933,26208,22265,32767,32767,32767,32767,32767,2852.0,17900.0
1793.0,1698.0,13643,25243,27552,26933,27236,22265,32767,32767,32767,32767,32767,3435.0,17900.0
1560.0,1285.0,11727,21002,20970,22473,21168,22369,32767,32767,32767,32767,32767,2619.0,17900.0
1690.0,1441.0,10813,21398,21390,22473,21684,22369,32767,32767,32767,32767,32767,3082.0,17900.0
1672.0,1485.0,10204,21795,22648,22473,21168,22369,32767,32767,32767,32767,32767,2958.0,17900.0
1672.0,1441.0,10966,22587,23906,23390,22201,22369,32767,32767,32767,32767,32767,3451.0,17900.0
1704.0,1541.0,12279,21965,23670,24959,24455,22544,32767,32767,32767,32767,32767,3012.0,17900.0
1779.0,1541.0,11358,23163,24516,24035,25496,22544,32767,32767,32767,32767,32767,2888.0,17900.0
1591.0,1429.0,13047,23562,26206,26808,27057,22544,32767,32767,32767,32767,32767,3012.0,17900.0
2022.0,1876.0,13507,24361,26629,27270,27577,22544,32767,32767,32767,32767,32767,3230.0,17900.0
1760.0,1541.0,13200,25160,27897,28657,27577,22544,32767,32767,32767,32767,32767,2671.0,17900.0
1498.0,1295.0,13200,25559,28320,26808,28618,22544,32767,32767,32767,32767,32767,2919.0,17900.0
1720.0,1809.0,12582,23665,25047,24194,23639,22836,32767,32767,32767,32767,32767,2852.0,17900.0
1368.0,1169.0,12734,24060,26717,26020,25181,22836,32767,32767,32767,32767,32767,2576.0,17900.0
1627.0,1522.0,12885,24454,25882,26020,25181,22836,32767,32767,32767,32767,32767,2791.0,17900.0
1701.0,1610.0,13188,25243,25882,26933,26722,22836,32767,32767,32767,32767,32767,3159.0,17900.0
1553.0,1390.0,13492,25243,27134,26933,27236,22836,32767,32767,32767,32767,32767,2883.0,17900.0
1756.0,1632.0,13492,25243,27552,26933,26722,22836,32767,32767,32767,32767,32767,3129.0,17900.0
1756.0,1743.0,13946,25243,26717,27390,26208,22836,32767,32767,32767,32767,32767,3190.0,17900.0
1683.0,1721.0,13643,25243,27134,27846,27750,22836,32767,32767,32767,32767,32767,3067.0,17900.0
1867.0,1875.0,13795,25243,27134,27390,27236,22836,32767,32767,32767,32767,32767,3159.0,17900.0
1646.0,1632.0,13340,25243,25882,26477,25181,22836,32767,32767,32767,32767,32767,2822.0,17900.0
1775.0,1765.0,13946,25637,28387,27846,25694,22836,32767,32767,32767,32767,32767,2944.0,17900.0
1812.0,1743.0,13492,25637,27552,28303,26722,22836,32767,32767,32767,32767,32767,3037.0,17900.0
1627.0,1588.0,13795,25637,27134,27846,27236,22836,32767,32767,32767,32767,32767,2791.0,17900.0
1701.0,1676.0,14401,26426,28804,30129,29292,22836,32767,32767,32767,32767,32767,2607.0,17900.0
1646.0,1500.0,14249,26426,28387,28759,27750,22836,32767,32767,32767,32767,32767,2791.0,17900.0
1690.0,1396.0,11422,21795,21809,22473,21168,22943,32767,32767,32767,32767,32767,3205.0,17900.0
1653.0,1352.0,11422,22191,23067,24766,22201,22943,32767,32767,32767,32767,32767,3544.0,17900.0
1635.0,1396.0,12032,23380,24326,24766,22717,22943,32767,32767,32767,32767,32767,3266.0,17900.0
1746.0,1596.0,11270,24172,24326,23390,24266,22943,32767,32767,32767,32767,32767,2465.0,17900.0
1797.0,1541.0,12126,23163,24938,24959,25496,23122,32767,32767,32767,32767,32767,3043.0,17900.0
2153.0,1921.0,12279,23562,25784,27733,26537,23122,32767,32767,32767,32767,32767,3323.0,17900.0
2228.0,1921.0,12586,23562,25784,24497,25496,23122,32767,32767,32767,32767,32767,3478.0,17900.0
1722.0,1496.0,12279,23562,25784,24959,27057,23122,32767,32767,32767,32767,32767,3012.0,17900.0
1460.0,1251.0,12433,24760,25784,25884,25496,23122,32767,32767,32767,32767,32767,2764.0,17900.0
1741.0,1720.0,13968,26358,30433,29582,29659,23122,32767,32767,32767,32767,32767,2640.0,17900.0
1760.0,1429.0,10744,19169,20711,19115,21518,23322,32767,32767,32767,32767,32767,3540.0,17900.0
1664.0,1566.0,13492,24454,27134,26933,25694,23407,32767,32767,32767,32767,32767,2944.0,17900.0
1498.0,1257.0,13037,24848,26299,26933,25181,23407,32767,32767,32767,32767,32767,2914.0,17900.0
2163.0,2096.0,13946,25243,27969,28303,28778,23407,32767,32767,32767,32767,32767,3527.0,17900.0
1904.0,1919.0,12734,25243,25882,27846,28264,23407,32767,32767,32767,32767,32767,3037.0,17900.0
1535.0,1544.0,13340,25637,27552,28759,28264,23407,32767,32767,32767,32767,32767,2791.0,17900.0
1720.0,1698.0,14249,26032,27969,27846,27750,23407,32767,32767,32767,32767,32767,3098.0,17900.0
1923.0,1787.0,14553,26820,29639,29672,29292,23407,32767,32767,32767,32767,32767,3251.0,17900.0
1653.0,1507.0,11727,23380,24745,24766,23233,23517,32767,32767,32767,32767,32767,2804.0,17900.0
1913.0,1795.0,11270,23776,25164,23849,22717,23517,32767,32767,32767,32767,32767,3051.0,17900.0
1728.0,1441.0,12032,23776,25584,24307,23750,23517,32767,32767,32767,32767,32767,3421.0,17900.0
1891.0,1630.0,13200,25160,27474,28195,28098,23700,32767,32767,32767,32767,32767,3447.0,17900.0
2097.0,1988.0,13200,25160,27474,28195,28618,23700,32767,32767,32767,32767,32767,2981.0,17900.0
2041.0,1854.0,13354,27156,29588,26808,29138,23700,32767,32767,32767,32767,32767,2981.0,17900.0
1722.0,1586.0,14275,27156,29588,30506,30699,23700,32767,32767,32767,32767,32767,2578.0,17900.0
1664.0,1456.0,13643,24848,27134,27846,27236,23978,32767,32767,32767,32767,32767,3190.0,17900.0
1590.0,1456.0,13795,25637,27969,28303,28264,23978,32767,32767,32767,32767,32767,2944.0,17900.0
1646.0,1544.0,13643,25637,27552,28303,27750,23978,32767,32767,32767,32767,32767,2791.0,17900.0
1738.0,1765.0,12734,26032,28387,28759,27236,23978,32767,32767,32767,32767,32767,3343.0,17900.0
1627.0,1522.0,13946,26820,29222,29216,28778,23978,32767,32767,32767,32767,32767,2944.0,17900.0
1672.0,1596.0,10813,22191,23487,22931,22201,24090,32767,32767,32767,32767,32767,2311.0,17900.0
1765.0,1706.0,11879,23380,25164,24307,23233,24090,32767,32767,32767,32767,32767,2989.0,17900.0
1765.0,1529.0,12793,23380,23906,24307,22201,24090,32767,32767,32767,32767,32767,3513.0,17900.0
1653.0,1618.0,12945,23776,26003,25683,25815,24090,32767,32767,32767,32767,32767,2496.0,17900.0
2173.0,1928.0,12945,24568,26423,25683,24782,24090,32767,32767,32767,32767,32767,3482.0,17900.0
1816.0,1630.0,12893,24760,27474,27270,27577,24278,32767,32767,32767,32767,32767,3168.0,17900.0
2621.0,2233.0,11051,25160,27052,25422,27577,24278,32767,32767,32767,32767,32767,2919.0,17900.0
1704.0,1429.0,14428,27955,30433,30044,31220,24278,32767,32767,32767,32767,32767,2919.0,17900.0
1797.0,1831.0,15195,29553,31701,32767,31740,24278,32767,32767,32767,32767,32767,2826.0,17900.0
1627.0,1632.0,13340,26032,27552,27846,27750,24549,32767,32767,32767,32767,32767,2760.0,17900.0
1553.0,1500.0,13643,26426,27969,28303,26722,24549,32767,32767,32767,32767,32767,2362.0,17900.0
1738.0,1721.0,14553,26820,30057,29672,30833,24549,32767,32767,32767,32767,32767,2944.0,17900.0
1830.0,1941.0,14553,26820,29222,30129,29292,24549,32767,32767,32767,32767,32767,3190.0,17900.0
1904.0,1831.0,15311,28004,31309,31954,30833,24549,32767,32767,32767,32767,32767,3282.0,17900.0
1728.0,1684.0,11270,23380,24326,23390,24782,24664,32767,32767,32767,32767,32767,3112.0,17900.0
1932.0,1928.0,11118,24568,25584,25683,24782,24664,32767,32767,32767,32767,32767,2126.0,17900.0
1783.0,1551.0,12641,24568,25584,25683,25298,24664,32767,32767,32767,32767,32767,3266.0,17900.0
1765.0,1485.0,12184,24965,25584,26601,25815,24664,32767,32767,32767,32767,32767,3236.0,17900.0
1746.0,1884.0,14316,27739,29778,29352,28396,24664,32767,32767,32767,32767,32767,2897.0,17900.0
2752.0,2524.0,10591,23163,27052,25422,26016,24856,32767,32767,32767,32767,32767,3168.0,17900.0
2265.0,2055.0,13354,24760,27052,27270,28098,24856,32767,32767,32767,32767,32767,3540.0,17900.0
1816.0,1720.0,13661,25958,29165,28657,29138,24856,32767,32767,32767,32767,32767,3137.0,17900.0
1666.0,1586.0,13968,27556,29165,30968,30179,24856,32767,32767,32767,32767,32767,3199.0,17900.0
2022.0,1965.0,14581,28355,30433,30968,32767,24856,32767,32767,32767,32767,32767,2826.0,17900.0
1590.0,1478.0,13946,26032,28804,29672,28778,25120,32767,32767,32767,32767,32767,3129.0,17900.0
1627.0,1654.0,13946,26820,28804,28759,28264,25120,32767,32767,32767,32767,32767,2546.0,17900.0
1775.0,1919.0,14553,27609,30057,29672,29292,25120,32767,32767,32767,32767,32767,2760.0,17900.0
2034.0,2073.0,15311,27609,29639,30585,31347,25120,32767,32767,32767,32767,32767,3221.0,17900.0
1756.0,1809.0,13946,27609,29639,30129,30319,25120,32767,32767,32767,32767,32767,2638.0,17900.0
1783.0,1662.0,12184,25361,26423,26142,25298,25237,32767,32767,32767,32767,32767,2989.0,17900.0
1746.0,1684.0,12945,25757,27681,26601,27364,25237,32767,32767,32767,32767,32767,2989.0,17900.0
1839.0,1795.0,12945,26550,27681,27976,27880,25237,32767,32767,32767,32767,32767,3482.0,17900.0
1746.0,1684.0,14621,26946,29358,27976,28912,25237,32767,32767,32767,32767,32767,2897.0,17900.0
2490.0,2144.0,11819,22364,24938,24035,28618,25434,32767,32767,32767,32767,32767,4068.0,17900.0
1872.0,1720.0,13661,25958,26629,28657,28098,25434,32767,32767,32767,32767,32767,3261.0,17900.0
1928.0,1854.0,15656,27955,32124,32767,32260,25434,32767,32767,32767,32767,32767,3323.0,17900.0
1685.0,1474.0,13968,28754,29588,30506,32767,25434,32767,32767,32767,32767,32767,2857.0,17900.0
1704.0,1675.0,15656,29153,29165,32767,32767,25434,32767,32767,32767,32767,32767,2578.0,17900.0
2052.0,2140.0,13946,28004,28387,30129,29292,25691,32767,32767,32767,32767,32767,3190.0,17900.0
1646.0,1522.0,14704,28004,31309,31041,30319,25691,32767,32767,32767,32767,32767,2607.0,17900.0
1701.0,1721.0,14704,28398,31309,31498,30319,25691,32767,32767,32767,32767,32767,2607.0,17900.0
1627.0,1610.0,15159,28793,29639,31498,32767,25691,32767,32767,32767,32767,32767,3221.0,17900.0
2099.0,2061.0,11727,25361,26003,28435,26847,25811,32767,32767,32767,32767,32767,2681.0,17900.0
1820.0,1729.0,13555,26153,29358,27976,27364,25811,32767,32767,32767,32767,32767,2773.0,17900.0
1950.0,1950.0,13555,26946,28520,27059,25815,25811,32767,32767,32767,32767,32767,3205.0,17900.0
1932.0,2150.0,13707,28135,30197,29352,29945,25811,32767,32767,32767,32767,32767,2588.0,17900.0
2378.0,2367.0,15656,29553,31278,32767,32767,26012,32767,32767,32767,32767,32767,3571.0,17900.0
1853.0,1898.0,15963,30751,32767,32767,32767,26012,32767,32767,32767,32767,32767,2950.0,17900.0
1867.0,2206.0,14704,28398,30891,31498,31861,26261,32767,32767,32767,32767,32767,3221.0,17900.0
1867.0,1831.0,14856,28398,31309,32767,31347,26261,32767,32767,32767,32767,32767,3098.0,17900.0
1904.0,1963.0,15159,28793,30891,31954,31347,26261,32767,32767,32767,32767,32767,3067.0,17900.0
1997.0,1941.0,15462,29187,32561,32767,32767,26261,32767,32767,32767,32767,32767,2944.0,17900.0
2062.0,1884.0,12945,26153,27261,27976,28396,26384,32767,32767,32767,32767,32767,3328.0,17900.0
1802.0,1817.0,13250,26550,28520,27976,28912,26384,32767,32767,32767,32767,32767,3051.0,17900.0
2099.0,2128.0,13250,27739,28939,27518,28396,26384,32767,32767,32767,32767,32767,2743.0,17900.0
2043.0,1950.0,13707,27739,29778,30270,28912,26384,32767,32767,32767,32767,32767,3205.0,17900.0
1802.0,1795.0,14468,28135,30617,29811,28396,26384,32767,32767,32767,32767,32767,2866.0,17900.0
1932.0,1906.0,14012,28135,29778,30728,29429,26384,32767,32767,32767,32767,32767,2619.0,17900.0
2471.0,2390.0,14428,27156,30010,30968,32260,26590,32767,32767,32767,32767,32767,3354.0,17900.0
1872.0,1965.0,14735,27556,30010,32355,32260,26590,32767,32767,32767,32767,32767,3106.0,17900.0
1738.0,1654.0,13946,24848,27969,28759,28778,26832,32767,32767,32767,32767,32767,3343.0,17900.0
1553.0,1456.0,15917,30765,32767,32767,32767,26832,32767,32767,32767,32767,32767,2944.0,17900.0
1746.0,1596.0,13555,26550,28520,28894,28396,26958,32767,32767,32767,32767,32767,2619.0,17900.0
1858.0,1950.0,14012,26946,29778,29352,27880,26958,32767,32767,32767,32767,32767,2743.0,17900.0
1672.0,1507.0,14012,27342,28520,28894,27364,26958,32767,32767,32767,32767,32767,2958.0,17900.0
1820.0,1729.0,13402,27739,28520,28435,27364,26958,32767,32767,32767,32767,32767,3390.0,17900.0
2062.0,1972.0,13402,29324,31455,28435,27364,26958,32767,32767,32767,32767,32767,3174.0,17900.0
1839.0,1751.0,14621,29720,31036,31187,30461,26958,32767,32767,32767,32767,32767,3297.0,17900.0
2565.0,2434.0,13507,26757,30010,30506,30699,27169,32767,32767,32767,32767,32767,3851.0,17900.0
1910.0,1876.0,14581,28754,31278,32355,32260,27169,32767,32767,32767,32767,32767,2981.0,17900.0
2602.0,2457.0,15042,29952,32547,31430,32767,27169,32767,32767,32767,32767,32767,3447.0,17900.0
1966.0,2122.0,15502,30751,32767,32767,32767,27169,32767,32767,32767,32767,32767,2609.0,17900.0
1646.0,1676.0,15311,29581,32144,32767,32767,27403,32767,32767,32767,32767,32767,2607.0,17900.0
1923.0,1743.0,15007,30370,32561,32767,32767,27403,32767,32767,32767,32767,32767,3190.0,17900.0
1886.0,1941.0,16069,31159,32767,32767,32767,27403,32767,32767,32767,32767,32767,2791.0,17900.0
1746.0,1640.0,13555,27739,28520,29352,28912,27532,32767,32767,32767,32767,32767,2927.0,17900.0
1913.0,1884.0,14773,28135,30617,29811,28396,27532,32767,32767,32767,32767,32767,3143.0,17900.0
1839.0,1995.0,13707,28927,30617,30728,32010,27532,32767,32767,32767,32767,32767,2650.0,17900.0
1895.0,1795.0,15078,30116,31036,30728,29945,27532,32767,32767,32767,32767,32767,3390.0,17900.0
1498.0,1273.0,15809,27955,31701,32767,32767,27747,32767,32767,32767,32767,32767,3106.0,17900.0
2265.0,2233.0,15195,30351,32767,32767,32767,27747,32767,32767,32767,32767,32767,3043.0,17900.0
2034.0,2118.0,16220,29976,32767,32767,32767,27974,32767,32767,32767,32767,32767,3067.0,17900.0
1793.0,1963.0,15765,29976,32767,32767,32375,27974,32767,32767,32767,32767,32767,2760.0,17900.0
1932.0,1862.0,14316,28135,29778,28894,28912,28105,32767,32767,32767,32767,32767,3575.0,17900.0
1820.0,1729.0,13402,28531,30197,31187,29429,28105,32767,32767,32767,32767,32767,3236.0,17900.0
1728.0,1751.0,14621,28927,31036,30270,30461,28105,32767,32767,32767,32767,32767,2373.0,17900.0
1765.0,1441.0,15687,29324,31875,31645,29429,28105,32767,32767,32767,32767,32767,3544.0,17900.0
1932.0,1950.0,15230,30909,32294,32767,32767,28105,32767,32767,32767,32767,32767,3051.0,17900.0
2565.0,2345.0,12126,27156,30856,31430,32260,28325,32767,32767,32767,32767,32767,3106.0,17900.0
1802.0,1662.0,14164,28531,31036,30728,29945,28679,32767,32767,32767,32767,32767,3020.0,17900.0
2192.0,2039.0,12032,28927,30197,28894,29945,28679,32767,32767,32767,32767,32767,2342.0,17900.0
1913.0,1995.0,15078,29324,31875,31645,30461,28679,32767,32767,32767,32767,32767,2773.0,17900.0
1932.0,2017.0,14621,29720,31875,30728,29945,28679,32767,32767,32767,32767,32767,3143.0,17900.0
2526.0,2393.0,14621,29720,31875,31187,30978,28679,32767,32767,32767,32767,32767,3513.0,17900.0
1820.0,1773.0,14316,30116,32714,30270,30978,28679,32767,32767,32767,32767,32767,2527.0,17900.0
2025.0,1862.0,15382,30512,32714,32767,32767,28679,32767,32767,32767,32767,32767,3482.0,17900.0
1895.0,1773.0,14621,30512,32714,31187,30461,28679,32767,32767,32767,32767,32767,3205.0,17900.0
2006.0,2039.0,14468,30909,32714,32563,31494,28679,32767,32767,32767,32767,32767,3205.0,17900.0
1932.0,1928.0,14773,31305,32767,32767,32767,28679,32767,32767,32767,32767,32767,2650.0,17900.0
2284.0,2278.0,16116,32767,32767,32767,32767,28903,32767,32767,32767,32767,32767,3416.0,17900.0
1820.0,1817.0,14012,28135,30197,31645,30461,29252,32767,32767,32767,32767,32767,3143.0,17900.0
1839.0,1795.0,14773,30512,31875,31645,31494,29252,32767,32767,32767,32767,32767,2558.0,17900.0
1969.0,1884.0,14164,30909,32294,32104,31494,29252,32767,32767,32767,32767,32767,3051.0,17900.0
2043.0,2150.0,15535,31701,32767,32767,32010,29252,32767,32767,32767,32767,32767,2804.0,17900.0
2118.0,2349.0,16296,31701,32767,32767,32767,29252,32767,32767,32767,32767,32767,3174.0,17900.0
1858.0,1972.0,16144,32494,32767,32767,32767,29252,32767,32767,32767,32767,32767,2804.0,17900.0
2003.0,1988.0,15809,31150,32767,32767,32767,29481,32767,32767,32767,32767,32767,3230.0,17900.0
1775.0,2096.0,16220,31159,32767,32767,32767,29687,32767,32767,32767,32767,32767,2975.0,17900.0
2359.0,2283.0,14925,30909,32767,31187,31494,29826,32767,32767,32767,32767,32767,3051.0,17900.0
2211.0,2305.0,15382,31305,32767,32767,32767,29826,32767,32767,32767,32767,32767,3205.0,17900.0
1876.0,1795.0,15991,31701,32767,32767,32767,29826,32767,32767,32767,32767,32767,2835.0,17900.0
2025.0,2105.0,14773,30116,32767,32767,32767,30399,32767,32767,32767,32767,32767,3020.0,17900.0
2452.0,2349.0,15535,30512,32714,32767,32527,30399,32767,32767,32767,32767,32767,3359.0,17900.0
1950.0,1995.0,14925,30909,32767,32767,32767,30399,32767,32767,32767,32767,32767,2280.0,17900.0
2192.0,2283.0,14468,31305,32767,32767,32767,30399,32767,32767,32767,32767,32767,2897.0,17900.0
1969.0,2083.0,16448,32494,32767,32767,32767,30399,32767,32767,32767,32767,32767,3112.0,17900.0
2025.0,2061.0,16296,32494,32767,32767,32767,30399,32767,32767,32767,32767,32767,3082.0,17900.0
2041.0,1898.0,15502,30751,32767,32767,32767,30637,32767,32767,32767,32767,32767,3323.0,17900.0
2322.0,2327.0,14164,30512,31455,32767,32767,30973,32767,32767,32767,32767,32767,2650.0,17900.0
1988.0,1906.0,15230,32097,32767,32767,32767,30973,32767,32767,32767,32767,32767,2897.0,17900.0
2025.0,2216.0,15687,32494,32767,32767,32767,30973,32767,32767,32767,32767,32767,2804.0,17900.0
2211.0,2194.0,17667,32767,32767,32767,32767,30973,32767,32767,32767,32767,32767,3790.0,17900.0
2341.0,2061.0,16296,31701,32767,32767,32767,31547,32767,32767,32767,32767,32767,4098.0,17900.0
1932.0,1950.0,16601,32767,32767,32767,32767,31547,32767,32767,32767,32767,32767,2989.0,17900.0
2155.0,2216.0,16753,32767,32767,32767,32767,31547,32767,32767,32767,32767,32767,3174.0,17900.0
1858.0,1817.0,15078,32767,32767,32767,32767,32120,32767,32767,32767,32767,32767,2465.0,17900.0
1950.0,1995.0,16601,32767,32767,32767,32767,32120,32767,32767,32767,32767,32767,2773.0,17900.0
1839.0,2194.0,15535,32767,32767,32767,32767,32120,32767,32767,32767,32767,32767,2558.0,17900.0
2192.0,2128.0,16601,32767,32767,32767,32767,32694,32767,32767,32767,32767,32767,3051.0,17900.0
2136.0,2283.0,16144,32767,32767,32767,32767,32767,32767,32767,32767,32767,32767,2989.0,17900.0
1734.0,1606.0,11795,22427,23737,12295,7177,6265,32767,32767,32767,32767,32767,3152.0,25000.0
1346.0,1034.0,10077,16919,17491,7700,9687,10196,32767,32767,32767,32767,32767,2999.0,25000.0
885.0,594.0,4839,10624,9995,10929,9228,12529,32767,32767,32767,32767,32767,1255.0,25000.0
1088.0,770.0,8317,14165,14159,13662,12816,13099,32767,32767,32767,32767,32767,3090.0,25000.0
1088.0,748.0,8620,13771,13743,14117,13329,13669,32767,32767,32767,32767,32767,3366.0,25000.0
1088.0,770.0,7712,12984,12910,13206,13329,14238,32767,32767,32767,32767,32767,2968.0,25000.0
1070.0,726.0,8015,12984,13326,13206,11791,14238,32767,32767,32767,32767,32767,3213.0,25000.0
1088.0,748.0,7864,13378,13743,14572,12816,14238,32767,32767,32767,32767,32767,3121.0,25000.0
1125.0,748.0,8317,13378,14159,13662,13329,14238,32767,32767,32767,32767,32767,3090.0,25000.0
1107.0,748.0,8317,13378,14575,13662,12816,14238,32767,32767,32767,32767,32767,2937.0,25000.0
1107.0,726.0,8317,13378,13326,13206,12816,14238,32767,32767,32767,32767,32767,3090.0,25000.0
1144.0,792.0,8922,13771,14159,14117,12816,14238,32767,32767,32767,32767,32767,3305.0,25000.0
1162.0,792.0,8620,14165,13743,13662,13329,14238,32767,32767,32767,32767,32767,3090.0,25000.0
1162.0,814.0,8469,14558,14575,14117,13329,14238,32767,32767,32767,32767,32767,3121.0,25000.0
1180.0,858.0,8469,13378,14992,15483,14867,14808,32767,32767,32767,32767,32767,2937.0,25000.0
1199.0,858.0,8922,14165,14575,15028,13841,14808,32767,32767,32767,32767,32767,3213.0,25000.0
1162.0,836.0,9073,14165,14992,15483,13841,14808,32767,32767,32767,32767,32767,2999.0,25000.0
1125.0,770.0,8771,14558,14575,14572,13329,14808,32767,32767,32767,32767,32767,3305.0,25000.0
1217.0,836.0,9225,14558,15408,15028,14354,14808,32767,32767,32767,32767,32767,3335.0,25000.0
1199.0,814.0,8771,14558,15408,14572,13841,14808,32767,32767,32767,32767,32767,3274.0,25000.0
1180.0,770.0,8469,14558,14575,14572,13841,14808,32767,32767,32767,32767,32767,3366.0,25000.0
1236.0,946.0,8771,14952,15408,16394,14867,14808,32767,32767,32767,32767,32767,3060.0,25000.0
1254.0,902.0,8771,15345,15408,15028,13841,14808,32767,32767,32767,32767,32767,3060.0,25000.0
1198.0,835.0,8915,13760,14979,14560,13830,15364,32767,32767,32767,32767,32767,3118.0,25000.0
1199.0,902.0,8469,13771,14159,15028,13841,15377,32767,32767,32767,32767,32767,3335.0,25000.0
1199.0,880.0,9376,13771,15408,15483,14354,15377,32767,32767,32767,32767,32767,3060.0,25000.0
1217.0,902.0,8620,14558,14575,14572,14354,15377,32767,32767,32767,32767,32767,3060.0,25000.0
1180.0,858.0,8922,14558,14575,14117,13841,15377,32767,32767,32767,32767,32767,2815.0,25000.0
1162.0,880.0,9073,14558,15825,15483,14354,15377,32767,32767,32767,32767,32767,2846.0,25000.0
1254.0,924.0,9073,15345,14992,15483,14354,15377,32767,32767,32767,32767,32767,2815.0,25000.0
1254.0,880.0,8469,15345,14575,14572,13841,15377,32767,32767,32767,32767,32767,3060.0,25000.0
1310.0,946.0,8771,16132,15825,15028,14867,15377,32767,32767,32767,32767,32767,2815.0,25000.0
1346.0,1100.0,9678,16132,15825,15939,15379,15377,32767,32767,32767,32767,32767,3121.0,25000.0
1180.0,836.0,8922,16132,15825,15939,15379,15377,32767,32767,32767,32767,32767,3274.0,25000.0
1216.0,879.0,9519,15332,15811,15470,15366,15933,32767,32767,32767,32767,32767,3393.0,25000.0
1180.0,836.0,7712,14165,14575,14572,13841,15947,32767,32767,32767,32767,32767,2601.0,25000.0
1273.0,902.0,9225,14952,15408,15028,14867,15947,32767,32767,32767,32767,32767,3213.0,25000.0
1236.0,924.0,8469,14952,14992,15939,14354,15947,32767,32767,32767,32767,32767,2693.0,25000.0
1180.0,880.0,9678,14952,16658,16849,16405,15947,32767,32767,32767,32767,32767,2937.0,25000.0
1199.0,902.0,9073,15345,15408,15483,14867,15947,32767,32767,32767,32767,32767,2846.0,25000.0
1328.0,968.0,9527,15739,16658,16849,14867,15947,32767,32767,32767,32767,32767,2876.0,25000.0
1199.0,814.0,9830,15739,16658,17760,15379,15947,32767,32767,32767,32767,32767,3549.0,25000.0
1328.0,1012.0,9376,16526,16658,15483,15379,15947,32767,32767,32767,32767,32767,2723.0,25000.0
1328.0,1056.0,9981,16919,16658,16394,16917,15947,32767,32767,32767,32767,32767,3305.0,25000.0
1253.0,879.0,9217,15725,15395,15925,15366,16502,32767,32767,32767,32767,32767,3332.0,25000.0
1216.0,879.0,9217,16118,15811,15925,16391,16502,32767,32767,32767,32767,32767,3149.0,25000.0
1217.0,968.0,8620,14558,14575,15028,14354,16516,32767,32767,32767,32767,32767,2937.0,25000.0
1217.0,858.0,8922,14952,15408,15939,14867,16516,32767,32767,32767,32767,32767,2968.0,25000.0
1254.0,946.0,9376,14952,15825,16394,15892,16516,32767,32767,32767,32767,32767,3305.0,25000.0
1217.0,858.0,8469,14952,15408,15939,14354,16516,32767,32767,32767,32767,32767,2907.0,25000.0
1273.0,902.0,9073,15345,15825,15939,15892,16516,32767,32767,32767,32767,32767,2968.0,25000.0
1199.0,924.0,9073,15345,15825,15939,14867,16516,32767,32767,32767,32767,32767,2723.0,25000.0
1217.0,858.0,8922,15739,15825,16849,14867,16516,32767,32767,32767,32767,32767,3213.0,25000.0
1236.0,858.0,9527,15739,16241,16394,14354,16516,32767,32767,32767,32767,32767,3305.0,25000.0
1217.0,880.0,8317,15739,14992,15483,14354,16516,32767,32767,32767,32767,32767,2631.0,25000.0
1365.0,990.0,9225,16132,16658,16394,15379,16516,32767,32767,32767,32767,32767,2999.0,25000.0
1254.0,924.0,9376,16132,17074,17305,14867,16516,32767,32767,32767,32767,32767,3121.0,25000.0
1328.0,1034.0,9830,16526,16658,17305,16405,16516,32767,32767,32767,32767,32767,2876.0,25000.0
1346.0,1166.0,10132,17312,17907,17760,16405,16516,32767,32767,32767,32767,32767,3182.0,25000.0
1383.0,1034.0,9225,17312,17074,18671,16405,16516,32767,32767,32767,32767,32767,2815.0,25000.0
1382.0,945.0,8764,15332,15395,16835,15879,17071,32767,32767,32767,32767,32767,3607.0,25000.0
1216.0,901.0,9368,15725,16228,16380,14854,17071,32767,32767,32767,32767,32767,2751.0,25000.0
1401.0,1077.0,8915,15725,15811,16380,15366,17071,32767,32767,32767,32767,32767,2965.0,25000.0
1253.0,945.0,9217,16118,16228,16835,15879,17071,32767,32767,32767,32767,32767,2629.0,25000.0
1253.0,945.0,9972,16905,17892,17745,17415,17071,32767,32767,32767,32767,32767,2813.0,25000.0
1162.0,836.0,9225,14952,14992,15939,14354,17086,32767,32767,32767,32767,32767,3029.0,25000.0
1217.0,880.0,10132,16132,16658,17305,16405,17086,32767,32767,32767,32767,32767,3060.0,25000.0
1310.0,968.0,9376,16526,18323,18216,16917,17086,32767,32767,32767,32767,32767,2815.0,25000.0
1310.0,1100.0,9830,16526,17907,17305,16405,17086,32767,32767,32767,32767,32767,2601.0,25000.0
1254.0,968.0,9073,16526,17074,16849,15379,17086,32767,32767,32767,32767,32767,2601.0,25000.0
1254.0,968.0,9678,16919,17907,18216,16917,17086,32767,32767,32767,32767,32767,2601.0,25000.0
1254.0,902.0,9981,17312,17491,18671,16917,17086,32767,32767,32767,32767,32767,3305.0,25000.0
1254.0,1034.0,10132,17312,18323,17760,17430,17086,32767,32767,32767,32767,32767,2937.0,25000.0
1291.0,946.0,9981,17312,17907,17760,17430,17086,32767,32767,32767,32767,32767,2907.0,25000.0
1254.0,968.0,9830,17706,17491,16849,16405,17086,32767,32767,32767,32767,32767,2631.0,25000.0
1199.0,880.0,10132,18493,18740,16394,15892,17086,32767,32767,32767,32767,32767,3029.0,25000.0
1345.0,1033.0,5742,13760,12483,13650,13318,17640,32767,32767,32767,32767,32767,1620.0,25000.0
1235.0,967.0,9519,16512,17476,16835,16391,17640,32767,32767,32767,32767,32767,2537.0,25000.0
1216.0,945.0,9519,16905,16644,17290,16391,17640,32767,32767,32767,32767,32767,2690.0,25000.0
1290.0,1011.0,10426,18870,20388,20020,18952,17640,32767,32767,32767,32767,32767,2843.0,25000.0
1291.0,1012.0,9830,16132,17491,16849,15892,17655,32767,32767,32767,32767,32767,2876.0,25000.0
1328.0,1034.0,9225,16132,17491,16849,15892,17655,32767,32767,32767,32767,32767,2907.0,25000.0
1660.0,1606.0,9527,16526,17491,17760,16917,17655,32767,32767,32767,32767,32767,2999.0,25000.0
1310.0,990.0,9376,16919,17907,18216,15892,17655,32767,32767,32767,32767,32767,2662.0,25000.0
1291.0,1012.0,9830,17706,17491,17760,17430,17655,32767,32767,32767,32767,32767,2662.0,25000.0
1420.0,1210.0,10586,17706,18740,18671,17430,17655,32767,32767,32767,32767,32767,3641.0,25000.0
1365.0,1056.0,10283,17706,17907,18671,16917,17655,32767,32767,32767,32767,32767,3121.0,25000.0
1439.0,1232.0,10283,17706,19156,19582,18455,17655,32767,32767,32767,32767,32767,3458.0,25000.0
1310.0,1100.0,9376,18099,17907,17305,15892,17655,32767,32767,32767,32767,32767,2570.0,25000.0
1439.0,1166.0,9981,18493,19156,18216,17430,17655,32767,32767,32767,32767,32767,2876.0,25000.0
1290.0,967.0,9821,17298,17892,17745,16391,18209,32767,32767,32767,32767,32767,2813.0,25000.0
1272.0,967.0,9972,18084,19556,18200,17415,18209,32767,32767,32767,32767,32767,2599.0,25000.0
1253.0,1055.0,10879,18870,19140,19565,18952,18209,32767,32767,32767,32767,32767,2446.0,25000.0
1217.0,946.0,9376,16919,17074,15939,16405,18225,32767,32767,32767,32767,32767,2601.0,25000.0
1346.0,1056.0,9981,17312,17907,17760,17430,18225,32767,32767,32767,32767,32767,2846.0,25000.0
1199.0,902.0,9527,17312,17907,17760,16405,18225,32767,32767,32767,32767,32767,2754.0,25000.0
1291.0,968.0,9678,17312,17907,18671,16917,18225,32767,32767,32767,32767,32767,3182.0,25000.0
1310.0,990.0,9527,17706,17074,17305,16405,18225,32767,32767,32767,32767,32767,2937.0,25000.0
1383.0,1144.0,10434,17706,17907,18671,17943,18225,32767,32767,32767,32767,32767,2937.0,25000.0
1365.0,1056.0,9830,17706,18323,18671,18455,18225,32767,32767,32767,32767,32767,2754.0,25000.0
1180.0,880.0,10132,18099,17907,19126,17943,18225,32767,32767,32767,32767,32767,3090.0,25000.0
1346.0,1078.0,10283,18099,19156,18216,17943,18225,32767,32767,32767,32767,32767,2815.0,25000.0
1273.0,968.0,10586,18099,19989,19582,19993,18225,32767,32767,32767,32767,32767,3090.0,25000.0
1273.0,990.0,9376,18493,19156,19126,17943,18225,32767,32767,32767,32767,32767,2540.0,25000.0
1365.0,1034.0,10737,18886,19156,19126,17430,18225,32767,32767,32767,32767,32767,3396.0,25000.0
1383.0,1210.0,10586,18886,20822,20492,19481,18225,32767,32767,32767,32767,32767,2937.0,25000.0
1605.0,1188.0,11191,18886,19989,20037,17430,18225,32767,32767,32767,32767,32767,4069.0,25000.0
1383.0,1188.0,10888,19280,19573,20037,19481,18225,32767,32767,32767,32767,32767,3029.0,25000.0
1291.0,1034.0,10283,19673,19989,20037,18455,18225,32767,32767,32767,32767,32767,3060.0,25000.0
1345.0,1055.0,10577,17298,18724,19110,17415,18778,32767,32767,32767,32767,32767,3179.0,25000.0
1272.0,967.0,9972,18084,18308,17745,17927,18778,32767,32767,32767,32767,32767,3057.0,25000.0
1419.0,1253.0,11181,19263,20388,20020,19976,18778,32767,32767,32767,32767,32767,2782.0,25000.0
1328.0,1012.0,9981,17706,17907,18216,17430,18794,32767,32767,32767,32767,32767,3090.0,25000.0
1291.0,1012.0,9981,17706,18740,17760,18455,18794,32767,32767,32767,32767,32767,2601.0,25000.0
1365.0,1166.0,10132,17706,18740,18216,19993,18794,32767,32767,32767,32767,32767,2540.0,25000.0
1383.0,1100.0,10888,18099,18740,18671,17430,18794,32767,32767,32767,32767,32767,3182.0,25000.0
1236.0,924.0,9981,18099,18740,18216,15892,18794,32767,32767,32767,32767,32767,2999.0,25000.0
1291.0,902.0,10132,18493,18740,19126,17943,18794,32767,32767,32767,32767,32767,3305.0,25000.0
1346.0,1122.0,10586,18886,18740,20037,18968,18794,32767,32767,32767,32767,32767,2937.0,25000.0
1328.0,1122.0,10737,18886,19989,20948,19993,18794,32767,32767,32767,32767,32767,2540.0,25000.0
1291.0,1034.0,10586,18886,20406,20037,18968,18794,32767,32767,32767,32767,32767,2815.0,25000.0
1531.0,1364.0,11342,19280,20822,20492,19993,18794,32767,32767,32767,32767,32767,3305.0,25000.0
1678.0,1518.0,10888,19673,19989,20948,19481,18794,32767,32767,32767,32767,32767,3580.0,25000.0
1660.0,1342.0,11947,20460,21239,20948,19993,18794,32767,32767,32767,32767,32767,3458.0,25000.0
1457.0,1254.0,10737,20460,20822,20948,20506,18794,32767,32767,32767,32767,32767,2662.0,25000.0
1272.0,1011.0,9821,18084,18308,18200,17415,19347,32767,32767,32767,32767,32767,2476.0,25000.0
1474.0,1253.0,10577,19263,20388,19565,18952,19347,32767,32767,32767,32767,32767,3027.0,25000.0
1327.0,1033.0,10728,19263,19556,18200,17927,19347,32767,32767,32767,32767,32767,2843.0,25000.0
1437.0,1187.0,11181,20050,20388,20475,19464,19347,32767,32767,32767,32767,32767,2660.0,25000.0
1457.0,1298.0,10737,18886,19573,20037,19993,19364,32767,32767,32767,32767,32767,2662.0,25000.0
1291.0,1012.0,9830,18886,18740,18671,18455,19364,32767,32767,32767,32767,32767,2478.0,25000.0
1346.0,1298.0,11039,19280,20822,20948,19481,19364,32767,32767,32767,32767,32767,3182.0,25000.0
1383.0,1166.0,10586,19280,19989,19582,17943,19364,32767,32767,32767,32767,32767,2784.0,25000.0
1383.0,1056.0,11191,19280,19989,20948,19481,19364,32767,32767,32767,32767,32767,3274.0,25000.0
1402.0,1078.0,10283,19280,19156,20492,18968,19364,32767,32767,32767,32767,32767,3213.0,25000.0
1808.0,1430.0,11795,19280,20822,21403,19481,19364,32767,32767,32767,32767,32767,3978.0,25000.0
1881.0,2068.0,11644,19280,22071,21403,19481,19364,32767,32767,32767,32767,32767,3029.0,25000.0
1310.0,1210.0,10888,19673,20406,19582,19993,19364,32767,32767,32767,32767,32767,2907.0,25000.0
1660.0,1364.0,11493,20067,20822,21403,19481,19364,32767,32767,32767,32767,32767,3641.0,25000.0
1457.0,1342.0,10737,20067,21239,20948,19993,19364,32767,32767,32767,32767,32767,2784.0,25000.0
1402.0,1386.0,11191,20067,21239,21403,21018,19364,32767,32767,32767,32767,32767,3029.0,25000.0
1586.0,1430.0,11947,20067,22071,21403,21018,19364,32767,32767,32767,32767,32767,3488.0,25000.0
1568.0,1320.0,11947,20067,20822,21859,20506,19364,32767,32767,32767,32767,32767,3672.0,25000.0
1420.0,1276.0,11191,20460,21239,20492,21018,19364,32767,32767,32767,32767,32767,3121.0,25000.0
1808.0,1628.0,12098,20460,22071,22314,20506,19364,32767,32767,32767,32767,32767,3580.0,25000.0
1623.0,1386.0,11795,21247,20406,21403,20506,19364,32767,32767,32767,32767,32767,3519.0,25000.0
1826.0,1694.0,13005,21641,22904,22314,22044,19364,32767,32767,32767,32767,32767,3825.0,25000.0
1456.0,1231.0,11030,19263,19972,20020,18952,19916,32767,32767,32767,32767,32767,2965.0,25000.0
1549.0,1430.0,10434,19280,19573,20492,20506,19933,32767,32767,32767,32767,32767,2784.0,25000.0
1383.0,1210.0,10737,19673,20406,20948,19481,19933,32767,32767,32767,32767,32767,2784.0,25000.0
1328.0,1056.0,11493,20067,19989,20492,22044,19933,32767,32767,32767,32767,32767,3396.0,25000.0
1531.0,1474.0,10737,20067,20406,20948,19993,19933,32767,32767,32767,32767,32767,3121.0,25000.0
1420.0,1188.0,11795,20460,21239,21859,22044,19933,32767,32767,32767,32767,32767,3764.0,25000.0
1346.0,1210.0,11493,20460,21655,22314,21531,19933,32767,32767,32767,32767,32767,2784.0,25000.0
1365.0,1100.0,11191,20854,21239,21403,22044,19933,32767,32767,32767,32767,32767,2846.0,25000.0
1531.0,1386.0,11493,20854,22488,21859,19993,19933,32767,32767,32767,32767,32767,3213.0,25000.0
1476.0,1320.0,11493,20854,22071,23680,21018,19933,32767,32767,32767,32767,32767,2662.0,25000.0
1420.0,1254.0,11039,20854,21239,21403,21018,19933,32767,32767,32767,32767,32767,2631.0,25000.0
1254.0,1012.0,11947,21641,21655,22314,22556,19933,32767,32767,32767,32767,32767,3366.0,25000.0
1605.0,1430.0,11795,22034,23321,24136,23069,19933,32767,32767,32767,32767,32767,3243.0,25000.0
1881.0,1628.0,12854,22821,24570,24591,23582,19933,32767,32767,32767,32767,32767,3702.0,25000.0
1419.0,1187.0,10728,20050,20388,20475,21001,20485,32767,32767,32767,32767,32767,2599.0,25000.0
1456.0,1187.0,11634,20443,22469,22295,22025,20485,32767,32767,32767,32767,32767,3332.0,25000.0
1457.0,1342.0,10586,20460,22904,21403,21531,20503,32767,32767,32767,32767,32767,2203.0,25000.0
1476.0,1144.0,11039,20460,21655,21859,21531,20503,32767,32767,32767,32767,32767,3060.0,25000.0
1420.0,1232.0,10888,20460,22488,21403,21531,20503,32767,32767,32767,32767,32767,2356.0,25000.0
1420.0,1276.0,11039,20460,21239,20948,20506,20503,32767,32767,32767,32767,32767,2478.0,25000.0
1494.0,1276.0,12098,20854,23737,23225,23069,20503,32767,32767,32767,32767,32767,3549.0,25000.0
1623.0,1342.0,11644,20854,22488,21859,21531,20503,32767,32767,32767,32767,32767,3641.0,25000.0
1494.0,1474.0,12098,20854,22488,23225,21531,20503,32767,32767,32767,32767,32767,3213.0,25000.0
1328.0,990.0,10737,21247,23321,23225,22044,20503,32767,32767,32767,32767,32767,2723.0,25000.0
1439.0,1210.0,11039,21247,21239,20948,19993,20503,32767,32767,32767,32767,32767,2631.0,25000.0
1494.0,1254.0,11191,21247,23321,22769,22556,20503,32767,32767,32767,32767,32767,2662.0,25000.0
1642.0,1474.0,11342,21247,22904,21859,20506,20503,32767,32767,32767,32767,32767,3121.0,25000.0
1439.0,1276.0,11947,21641,23321,22769,22044,20503,32767,32767,32767,32767,32767,2999.0,25000.0
1365.0,1034.0,11493,21641,23321,23225,23069,20503,32767,32767,32767,32767,32767,3029.0,25000.0
1715.0,1716.0,11947,21641,23321,23225,22044,20503,32767,32767,32767,32767,32767,3152.0,25000.0
1660.0,1386.0,12400,22034,22904,22769,21531,20503,32767,32767,32767,32767,32767,3243.0,25000.0
1734.0,1540.0,13005,22034,24154,23680,24094,20503,32767,32767,32767,32767,32767,3641.0,25000.0
1512.0,1474.0,11947,22427,22488,23680,23069,20503,32767,32767,32767,32767,32767,2876.0,25000.0
1605.0,1496.0,13308,22821,24987,24591,24094,20503,32767,32767,32767,32767,32767,2999.0,25000.0
1586.0,1408.0,12854,22821,24570,24591,24607,20503,32767,32767,32767,32767,32767,3090.0,25000.0
1642.0,1430.0,13156,23214,24570,25957,25120,20503,32767,32767,32767,32767,32767,3672.0,25000.0
1457.0,1298.0,11191,23608,23321,22314,23069,20503,32767,32767,32767,32767,32767,2907.0,25000.0
1345.0,1143.0,11332,20050,20805,21385,19976,21054,32767,32767,32767,32767,32767,2537.0,25000.0
1327.0,1209.0,11634,20443,21221,21840,21513,21054,32767,32767,32767,32767,32767,2415.0,25000.0
1402.0,1232.0,11039,21247,22071,21859,22044,21072,32767,32767,32767,32767,32767,2570.0,25000.0
1826.0,1804.0,12400,21641,23737,23680,22044,21072,32767,32767,32767,32767,32767,3213.0,25000.0
1420.0,1254.0,10737,21641,22488,22314,21531,21072,32767,32767,32767,32767,32767,2478.0,25000.0
1549.0,1562.0,12249,21641,23321,23680,23069,21072,32767,32767,32767,32767,32767,3029.0,25000.0
1512.0,1386.0,11342,21641,23321,23225,22556,21072,32767,32767,32767,32767,32767,2846.0,25000.0
1457.0,1276.0,11039,21641,22904,22769,23069,21072,32767,32767,32767,32767,32767,2723.0,25000.0
1642.0,1474.0,12249,21641,22904,22314,21531,21072,32767,32767,32767,32767,32767,3305.0,25000.0
1568.0,1694.0,12552,22427,24154,25502,24094,21072,32767,32767,32767,32767,32767,2815.0,25000.0
1734.0,1628.0,11795,22427,23737,23680,22556,21072,32767,32767,32767,32767,32767,2784.0,25000.0
1457.0,1364.0,11644,22427,22904,24591,23069,21072,32767,32767,32767,32767,32767,2754.0,25000.0
1752.0,1694.0,12854,22427,24154,24136,23582,21072,32767,32767,32767,32767,32767,3213.0,25000.0
1549.0,1342.0,12400,22821,24154,24136,24094,21072,32767,32767,32767,32767,32767,2846.0,25000.0
1623.0,1452.0,13005,23214,24987,25046,23582,21072,32767,32767,32767,32767,32767,3488.0,25000.0
1420.0,1232.0,11342,23214,24570,24591,23582,21072,32767,32767,32767,32767,32767,2754.0,25000.0
1881.0,1848.0,12854,23214,24570,24591,23582,21072,32767,32767,32767,32767,32767,3396.0,25000.0
1734.0,1650.0,13156,23608,24987,25046,24094,21072,32767,32767,32767,32767,32767,3121.0,25000.0
1531.0,1540.0,13005,23608,25819,25046,25632,21072,32767,32767,32767,32767,32767,3182.0,25000.0
1437.0,1253.0,11181,20443,22053,23205,22537,21624,32767,32767,32767,32767,32767,2751.0,25000.0
1437.0,1253.0,12692,23981,25382,25480,26123,21624,32767,32767,32767,32767,32767,2690.0,25000.0
1365.0,1100.0,11342,21641,22071,23680,21531,21642,32767,32767,32767,32767,32767,3029.0,25000.0
1715.0,1562.0,12098,21641,23737,22314,22044,21642,32767,32767,32767,32767,32767,3213.0,25000.0
1660.0,1606.0,12098,22034,23737,23680,23069,21642,32767,32767,32767,32767,32767,2846.0,25000.0
1549.0,1518.0,13005,22427,24154,24591,23069,21642,32767,32767,32767,32767,32767,3305.0,25000.0
1660.0,1562.0,13761,22427,24987,25046,24094,21642,32767,32767,32767,32767,32767,3243.0,25000.0
1678.0,1672.0,12552,22821,24987,24591,24094,21642,32767,32767,32767,32767,32767,2907.0,25000.0
1660.0,1672.0,12854,22821,24987,24136,23582,21642,32767,32767,32767,32767,32767,3213.0,25000.0
1476.0,1364.0,11493,22821,23321,22769,23069,21642,32767,32767,32767,32767,32767,2264.0,25000.0
1568.0,1540.0,13156,22821,24570,25046,24607,21642,32767,32767,32767,32767,32767,3029.0,25000.0
1365.0,1100.0,12249,22821,24154,23225,23069,21642,32767,32767,32767,32767,32767,3335.0,25000.0
1734.0,1848.0,12854,22821,24987,25046,23069,21642,32767,32767,32767,32767,32767,2968.0,25000.0
1660.0,1650.0,12854,23214,24154,24591,23582,21642,32767,32767,32767,32767,32767,3182.0,25000.0
1623.0,1540.0,13005,23214,25819,24591,24094,21642,32767,32767,32767,32767,32767,2509.0,25000.0
1586.0,1386.0,11644,23214,23737,24136,24607,21642,32767,32767,32767,32767,32767,2754.0,25000.0
1642.0,1584.0,12703,23608,25819,25046,25632,21642,32767,32767,32767,32767,32767,2784.0,25000.0
1660.0,1694.0,12703,23608,24570,25502,25120,21642,32767,32767,32767,32767,32767,2968.0,25000.0
1918.0,1782.0,13610,23608,25819,25502,25120,21642,32767,32767,32767,32767,32767,3702.0,25000.0
1457.0,1276.0,11947,23608,24154,25046,24607,21642,32767,32767,32767,32767,32767,3213.0,25000.0
1623.0,1650.0,11947,24001,24154,24591,24607,21642,32767,32767,32767,32767,32767,2907.0,25000.0
1494.0,1342.0,12552,24001,25819,25502,25120,21642,32767,32767,32767,32767,32767,2540.0,25000.0
1568.0,1408.0,12854,24395,26236,26413,27683,21642,32767,32767,32767,32767,32767,3274.0,25000.0
1327.0,1165.0,11634,20836,21637,22295,21001,22193,32767,32767,32767,32767,32767,2660.0,25000.0
1808.0,2068.0,11947,21641,23737,24591,25120,22211,32767,32767,32767,32767,32767,3488.0,25000.0
1697.0,1628.0,13156,21641,24570,25046,25120,22211,32767,32767,32767,32767,32767,3213.0,25000.0
1494.0,1452.0,11947,22427,23737,23680,23582,22211,32767,32767,32767,32767,32767,2570.0,25000.0
1605.0,1408.0,12098,22821,24154,24136,24607,22211,32767,32767,32767,32767,32767,3060.0,25000.0
1476.0,1386.0,11342,22821,24154,23680,23069,22211,32767,32767,32767,32767,32767,2417.0,25000.0
1457.0,1298.0,12098,23214,24570,25502,24607,22211,32767,32767,32767,32767,32767,3182.0,25000.0
1549.0,1276.0,12854,23608,24987,25957,24607,22211,32767,32767,32767,32767,32767,3947.0,25000.0
1642.0,1496.0,12854,23608,23737,25046,24094,22211,32767,32767,32767,32767,32767,3029.0,25000.0
1660.0,1628.0,13156,24001,25403,24136,24607,22211,32767,32767,32767,32767,32767,3243.0,25000.0
1734.0,1782.0,13156,24001,25819,25502,25120,22211,32767,32767,32767,32767,32767,2846.0,25000.0
1826.0,1738.0,12098,24001,24154,25957,24607,22211,32767,32767,32767,32767,32767,2417.0,25000.0
1808.0,1804.0,13761,24001,26236,25046,24094,22211,32767,32767,32767,32767,32767,3366.0,25000.0
1789.0,1606.0,12854,24001,25819,25046,25632,22211,32767,32767,32767,32767,32767,3152.0,25000.0
1752.0,1694.0,13761,24788,26236,25502,25632,22211,32767,32767,32767,32767,32767,3641.0,25000.0
1419.0,1451.0,12541,22409,23717,24570,24586,22762,32767,32767,32767,32767,32767,2690.0,25000.0
1586.0,1474.0,11795,22034,24570,23225,24607,22781,32767,32767,32767,32767,32767,2601.0,25000.0
1642.0,1540.0,12400,22034,24154,24591,23582,22781,32767,32767,32767,32767,32767,3274.0,25000.0
1549.0,1430.0,12854,22821,24987,24591,23582,22781,32767,32767,32767,32767,32767,2907.0,25000.0
1549.0,1584.0,13459,23214,25403,25046,25632,22781,32767,32767,32767,32767,32767,2937.0,25000.0
1771.0,1694.0,11947,23608,25403,25046,24607,22781,32767,32767,32767,32767,32767,2846.0,25000.0
1642.0,1628.0,13308,23608,26652,26413,26145,22781,32767,32767,32767,32767,32767,2907.0,25000.0
1789.0,1760.0,13308,24001,26236,25046,25632,22781,32767,32767,32767,32767,32767,3243.0,25000.0
1697.0,1738.0,13610,24001,26652,25502,24094,22781,32767,32767,32767,32767,32767,2723.0,25000.0
1494.0,1496.0,13005,24001,25819,26868,25120,22781,32767,32767,32767,32767,32767,2784.0,25000.0
1771.0,1804.0,14215,24395,27069,27323,26658,22781,32767,32767,32767,32767,32767,3366.0,25000.0
1844.0,2002.0,13308,24395,27485,27323,26658,22781,32767,32767,32767,32767,32767,3182.0,25000.0
1439.0,1232.0,11947,24395,24987,24591,25120,22781,32767,32767,32767,32767,32767,2478.0,25000.0
1789.0,2002.0,13459,24395,25819,26868,25632,22781,32767,32767,32767,32767,32767,3060.0,25000.0
1752.0,1628.0,13005,24395,26236,26868,25632,22781,32767,32767,32767,32767,32767,2937.0,25000.0
1752.0,2002.0,14064,24395,26652,26413,26145,22781,32767,32767,32767,32767,32767,3029.0,25000.0
1992.0,2046.0,13610,24395,27485,26868,25632,22781,32767,32767,32767,32767,32767,3519.0,25000.0
1734.0,1782.0,12703,24395,26652,26413,26658,22781,32767,32767,32767,32767,32767,2631.0,25000.0
1605.0,1496.0,13156,25969,27485,27779,26658,22781,32767,32767,32767,32767,32767,3335.0,25000.0
1771.0,1870.0,14215,25969,27902,25957,25632,22781,32767,32767,32767,32767,32767,2999.0,25000.0
1659.0,1605.0,12843,22802,24965,25480,25098,23331,32767,32767,32767,32767,32767,3149.0,25000.0
1437.0,1429.0,13448,24374,26214,27300,26635,23331,32767,32767,32767,32767,32767,2935.0,25000.0
1568.0,1452.0,12400,23608,24987,25502,24607,23350,32767,32767,32767,32767,32767,2754.0,25000.0
1457.0,1188.0,11947,23608,25819,25502,26145,23350,32767,32767,32767,32767,32767,2754.0,25000.0
1660.0,1650.0,13761,24395,27069,26868,26658,23350,32767,32767,32767,32767,32767,3152.0,25000.0
1918.0,1936.0,13610,24788,27069,27323,25632,23350,32767,32767,32767,32767,32767,3335.0,25000.0
1531.0,1562.0,14215,24788,26236,28689,28196,23350,32767,32767,32767,32767,32767,3335.0,25000.0
1586.0,1584.0,13005,25182,27485,28234,27170,23350,32767,32767,32767,32767,32767,2907.0,25000.0
1512.0,1452.0,13308,25182,27902,27323,25120,23350,32767,32767,32767,32767,32767,2815.0,25000.0
1881.0,1870.0,14366,25969,28318,28689,27683,23350,32767,32767,32767,32767,32767,3274.0,25000.0
2195.0,2443.0,15576,27149,30400,29600,29221,23350,32767,32767,32767,32767,32767,3611.0,25000.0
1771.0,1782.0,14366,27936,29567,29145,28196,23350,32767,32767,32767,32767,32767,2784.0,25000.0
1935.0,2177.0,12239,22409,24965,25480,24586,23900,32767,32767,32767,32767,32767,3179.0,25000.0
1824.0,1935.0,14807,25160,27878,27300,26123,23900,32767,32767,32767,32767,32767,3516.0,25000.0
1456.0,1605.0,14354,25947,27462,28210,28172,23900,32767,32767,32767,32767,32767,2904.0,25000.0
1291.0,1056.0,11947,23608,24570,26413,25632,23920,32767,32767,32767,32767,32767,3152.0,25000.0
1734.0,1782.0,14366,24001,27485,26413,25632,23920,32767,32767,32767,32767,32767,3274.0,25000.0
1678.0,1694.0,13761,24395,27485,26868,26658,23920,32767,32767,32767,32767,32767,3090.0,25000.0
1623.0,1650.0,13156,24395,27485,27323,26658,23920,32767,32767,32767,32767,32767,2968.0,25000.0
1881.0,1936.0,12703,24788,25819,26413,25632,23920,32767,32767,32767,32767,32767,2784.0,25000.0
1789.0,1892.0,14064,25182,28318,27323,27170,23920,32767,32767,32767,32767,32767,3090.0,25000.0
1549.0,1694.0,13761,25182,27902,27779,27683,23920,32767,32767,32767,32767,32767,2907.0,25000.0
1531.0,1496.0,13610,25182,27069,26868,27683,23920,32767,32767,32767,32767,32767,2662.0,25000.0
1826.0,1760.0,13913,25182,27485,28689,27170,23920,32767,32767,32767,32767,32767,3305.0,25000.0
1918.0,2267.0,13610,25575,27069,27323,27683,23920,32767,32767,32767,32767,32767,3121.0,25000.0
1494.0,1584.0,13308,25575,27069,27779,27170,23920,32767,32767,32767,32767,32767,2754.0,25000.0
1771.0,1738.0,14366,25969,27902,27323,27170,23920,32767,32767,32767,32767,32767,3060.0,25000.0
1605.0,1628.0,13913,25969,27902,28689,27683,23920,32767,32767,32767,32767,32767,2968.0,25000.0
1844.0,2068.0,13308,25969,26652,27323,26658,23920,32767,32767,32767,32767,32767,3029.0,25000.0
1402.0,1144.0,13005,25969,27069,26868,29733,23920,32767,32767,32767,32767,32767,2509.0,25000.0
1715.0,1870.0,14064,26362,27902,27323,27170,23920,32767,32767,32767,32767,32767,2846.0,25000.0
1678.0,1650.0,14669,26362,28735,28234,27170,23920,32767,32767,32767,32767,32767,3274.0,25000.0
1566.0,1473.0,13296,26340,28294,28665,28172,24469,32767,32767,32767,32767,32767,2568.0,25000.0
1549.0,1386.0,12703,24001,25819,27779,26658,24489,32767,32767,32767,32767,32767,2693.0,25000.0
2010.0,2201.0,12400,24001,27485,28234,29221,24489,32767,32767,32767,32767,32767,3060.0,25000.0
1771.0,1672.0,12703,24001,25819,26413,26658,24489,32767,32767,32767,32767,32767,3366.0,25000.0
1881.0,1958.0,13459,24395,27069,27323,26658,24489,32767,32767,32767,32767,32767,3274.0,25000.0
1826.0,1738.0,14064,25575,27902,29600,29221,24489,32767,32767,32767,32767,32767,3519.0,25000.0
1605.0,1584.0,12703,25575,27069,28234,27683,24489,32767,32767,32767,32767,32767,2693.0,25000.0
1549.0,1474.0,12249,25969,27069,28234,27170,24489,32767,32767,32767,32767,32767,3366.0,25000.0
1789.0,1826.0,13459,25969,28735,28689,27683,24489,32767,32767,32767,32767,32767,2846.0,25000.0
1789.0,1672.0,13308,25969,27485,28234,27683,24489,32767,32767,32767,32767,32767,3090.0,25000.0
1660.0,1782.0,14820,26362,28318,29145,27683,24489,32767,32767,32767,32767,32767,2999.0,25000.0
1457.0,1166.0,13005,26362,28735,28689,28708,24489,32767,32767,32767,32767,32767,2723.0,25000.0
1881.0,1958.0,13913,26756,28318,28234,27170,24489,32767,32767,32767,32767,32767,3458.0,25000.0
1992.0,2156.0,14669,26756,28735,27779,27170,24489,32767,32767,32767,32767,32767,3396.0,25000.0
1917.0,2089.0,12291,26733,28710,26632,26423,24838,32767,32767,32767,32767,32767,2782.0,25000.0
2046.0,2089.0,13901,23588,24965,27755,26123,25038,32767,32767,32767,32767,32767,3363.0,25000.0
1530.0,1605.0,13750,25554,27878,28210,27147,25038,32767,32767,32767,32767,32767,2507.0,25000.0
1585.0,1473.0,14052,26340,28294,29120,28684,25038,32767,32767,32767,32767,32767,2721.0,25000.0
1531.0,1452.0,12552,24395,26236,27323,25632,25059,32767,32767,32767,32767,32767,3213.0,25000.0
1771.0,1716.0,13005,25969,27485,28234,28196,25059,32767,32767,32767,32767,32767,3243.0,25000.0
1863.0,1870.0,13913,26362,28318,29145,29733,25059,32767,32767,32767,32767,32767,2662.0,25000.0
2047.0,2134.0,14064,26362,28318,30056,29221,25059,32767,32767,32767,32767,32767,3825.0,25000.0
2047.0,2201.0,13913,26362,28318,28689,28196,25059,32767,32767,32767,32767,32767,3305.0,25000.0
1808.0,1804.0,14064,26362,29567,30056,29733,25059,32767,32767,32767,32767,32767,3427.0,25000.0
1863.0,2068.0,14517,26756,30400,29145,28196,25059,32767,32767,32767,32767,32767,3090.0,25000.0
2010.0,2068.0,14366,27149,27485,30056,29733,25059,32767,32767,32767,32767,32767,2631.0,25000.0
2047.0,2289.0,13913,27149,29567,29145,28708,25059,32767,32767,32767,32767,32767,3152.0,25000.0
1715.0,1672.0,14366,27936,29984,30511,29733,25059,32767,32767,32767,32767,32767,2876.0,25000.0
1566.0,1385.0,12291,23010,27878,26632,25915,25403,32767,32767,32767,32767,32767,3088.0,25000.0
1493.0,1583.0,13599,25947,28294,28665,29196,25607,32767,32767,32767,32767,32767,2660.0,25000.0
1714.0,1517.0,14354,26340,28710,29575,30221,25607,32767,32767,32767,32767,32767,3149.0,25000.0
1695.0,1825.0,14656,27126,29542,28665,28172,25607,32767,32767,32767,32767,32767,2690.0,25000.0
1677.0,1583.0,15110,27519,30375,30485,31757,25607,32767,32767,32767,32767,32767,3118.0,25000.0
1972.0,1979.0,14203,27519,30791,32767,32767,25607,32767,32767,32767,32767,32767,3699.0,25000.0
1660.0,1672.0,12400,24001,26236,26413,28196,25628,32767,32767,32767,32767,32767,2784.0,25000.0
1771.0,1892.0,13761,26362,28318,28234,28708,25628,32767,32767,32767,32767,32767,2937.0,25000.0
1918.0,1958.0,13761,26362,28318,29600,29221,25628,32767,32767,32767,32767,32767,3519.0,25000.0
1697.0,1628.0,13459,26756,28735,28689,29221,25628,32767,32767,32767,32767,32767,3029.0,25000.0
1881.0,1936.0,13610,26756,28318,30056,28708,25628,32767,32767,32767,32767,32767,3274.0,25000.0
1844.0,1958.0,14517,27149,29984,29145,27683,25628,32767,32767,32767,32767,32767,2999.0,25000.0
1974.0,2090.0,15727,27543,31233,30511,30246,25628,32767,32767,32767,32767,32767,3335.0,25000.0
1402.0,1210.0,13459,27936,29151,29145,30246,25628,32767,32767,32767,32767,32767,2570.0,25000.0
1900.0,2112.0,15122,28329,29984,29600,29221,25628,32767,32767,32767,32767,32767,3213.0,25000.0
1900.0,1980.0,14971,28329,29984,30966,30759,25628,32767,32767,32767,32767,32767,2999.0,25000.0
1937.0,2179.0,15576,28329,32066,30511,30246,25628,32767,32767,32767,32767,32767,3243.0,25000.0
1974.0,2046.0,14669,28329,31233,31422,30246,25628,32767,32767,32767,32767,32767,3549.0,25000.0
1863.0,2179.0,16181,30297,32767,32767,32297,25628,32767,32767,32767,32767,32767,2876.0,25000.0
1603.0,1605.0,14959,27519,29542,31395,29708,26176,32767,32767,32767,32767,32767,2996.0,25000.0
2009.0,2177.0,15714,28699,30791,30940,31245,26176,32767,32767,32767,32767,32767,3332.0,25000.0
1881.0,1892.0,13610,26362,28735,29600,29733,26198,32767,32767,32767,32767,32767,3458.0,25000.0
2195.0,2553.0,14971,27149,29984,31422,31271,26198,32767,32767,32767,32767,32767,3335.0,25000.0
1918.0,1782.0,14215,27543,29567,31422,30246,26198,32767,32767,32767,32767,32767,3274.0,25000.0
1715.0,1628.0,14064,27543,30400,30056,31271,26198,32767,32767,32767,32767,32767,3121.0,25000.0
1863.0,1848.0,14366,28329,30817,30511,29221,26198,32767,32767,32767,32767,32767,3029.0,25000.0
1844.0,2002.0,15727,28723,32066,31877,31784,26198,32767,32767,32767,32767,32767,2937.0,25000.0
1974.0,2090.0,14064,29510,30400,31877,31784,26198,32767,32767,32767,32767,32767,2876.0,25000.0
1992.0,2245.0,15878,29510,32066,32767,30246,26198,32767,32767,32767,32767,32767,3243.0,25000.0
1714.0,1671.0,14807,28699,31623,31850,31245,26745,32767,32767,32767,32767,32767,2751.0,25000.0
1771.0,1738.0,14669,27543,30400,31422,31271,26767,32767,32767,32767,32767,32767,2815.0,25000.0
1697.0,1650.0,14366,28723,30400,31422,31784,26767,32767,32767,32767,32767,32767,2784.0,25000.0
2010.0,2068.0,14971,29116,32483,31877,32767,26767,32767,32767,32767,32767,32767,2662.0,25000.0
1918.0,2245.0,15878,29510,32767,31877,31784,26767,32767,32767,32767,32767,32767,3060.0,25000.0
1826.0,2024.0,15878,29510,32767,31877,31271,26767,32767,32767,32767,32767,32767,2784.0,25000.0
2027.0,2331.0,15865,29092,30791,32760,32269,27314,32767,32767,32767,32767,32767,3821.0,25000.0
1863.0,2311.0,14820,27543,31650,30511,31784,27337,32767,32767,32767,32767,32767,3090.0,25000.0
1623.0,1562.0,14064,28329,31233,30966,30759,27337,32767,32767,32767,32767,32767,2907.0,25000.0
2047.0,2267.0,15425,29510,32767,32767,32297,27337,32767,32767,32767,32767,32767,2937.0,25000.0
2176.0,2399.0,15274,29510,32767,32767,32767,27337,32767,32767,32767,32767,32767,2999.0,25000.0
2047.0,2399.0,15878,29116,31650,32333,31784,27907,32767,32767,32767,32767,32767,3580.0,25000.0
1789.0,2002.0,16635,29510,32767,32767,32297,27907,32767,32767,32767,32767,32767,2968.0,25000.0
1992.0,2223.0,15878,29510,32066,32333,32767,27907,32767,32767,32767,32767,32767,3029.0,25000.0
1826.0,1958.0,14971,29903,32483,32333,32767,27907,32767,32767,32767,32767,32767,2876.0,25000.0
1732.0,1847.0,15412,29485,32039,32305,32269,28452,32767,32767,32767,32767,32767,2751.0,25000.0
1605.0,1650.0,15122,29116,30817,32767,32767,28476,32767,32767,32767,32767,32767,3182.0,25000.0
2306.0,2795.0,13761,29116,31233,32767,32297,28476,32767,32767,32767,32767,32767,3641.0,25000.0
2379.0,2685.0,15425,29510,32767,32767,32767,28476,32767,32767,32767,32767,32767,4008.0,25000.0
2250.0,2707.0,15727,30297,32767,32767,32767,28476,32767,32767,32767,32767,32767,3733.0,25000.0
2066.0,2289.0,15274,30690,32767,32767,32767,28476,32767,32767,32767,32767,32767,3243.0,25000.0
2066.0,2443.0,17088,32264,32767,32767,32767,28476,32767,32767,32767,32767,32767,3182.0,25000.0
1937.0,2156.0,17088,32264,32767,32767,32767,29046,32767,32767,32767,32767,32767,2846.0,25000.0
2047.0,2112.0,14215,30690,32767,32767,32767,29615,32767,32767,32767,32767,32767,2478.0,25000.0
2029.0,2223.0,15878,31477,32767,32767,32767,29615,32767,32767,32767,32767,32767,2968.0,25000.0
2213.0,2663.0,15878,31477,32767,32767,32767,29615,32767,32767,32767,32767,32767,3549.0,25000.0
2158.0,2377.0,15878,32264,32767,32767,32767,29615,32767,32767,32767,32767,32767,3060.0,25000.0
1880.0,2177.0,17376,31844,32767,32767,32767,30159,32767,32767,32767,32767,32767,2965.0,25000.0
1863.0,1958.0,15576,32264,32767,32767,32767,30185,32767,32767,32767,32767,32767,2815.0,25000.0
2213.0,2663.0,16786,32658,32767,32767,32767,30185,32767,32767,32767,32767,32767,3335.0,25000.0
2103.0,2355.0,17240,32767,32767,32767,32767,30185,32767,32767,32767,32767,32767,3182.0,25000.0
2211.0,2594.0,17527,32630,32767,32767,32767,30728,32767,32767,32767,32767,32767,3210.0,25000.0
2029.0,2156.0,16483,32767,32767,32767,32767,31324,32767,32767,32767,32767,32767,2968.0,25000.0
2564.0,2927.0,17240,32767,32767,32767,32767,32767,32767,32767,32767,32767,32767,3366.0,25000.0
2525.0,2660.0,17829,32767,32767,32767,32767,32767,32767,32767,32767,32767,32767,4097.0,25000.0
