B01,B02,B04,B05,B06,B07,B08,B09,B10,B11,B12,B13,B14,B3N,quality
1361.0,1065.0,2927,7139,6045,6059,6201,8955,32767,32767,32767,32767,32767,851.0,1000.0
848.0,506.0,3292,8091,7052,7161,6201,9644,32767,32767,32767,32767,32767,1036.0,1000.0
1423.0,938.0,3376,8385,8029,8318,8844,12715,32767,32767,32767,32767,32767,932.0,1000.0
1339.0,985.0,7499,12850,13096,12669,11781,13088,32767,32767,32767,32767,32767,1443.0,1000.0
2727.0,2989.0,6907,12770,14016,14232,12940,13691,32767,32767,32767,32767,32767,2170.0,15806.0
2974.0,2678.0,11961,20748,23649,22628,23393,21369,32767,32767,32767,32767,32767,3413.0,16309.0
2937.0,2673.0,13122,22092,25083,24639,24597,22093,32767,32767,32767,32767,32767,3904.0,17239.0
3257.0,2988.0,13740,24904,27633,26498,26167,22093,32767,32767,32767,32767,32767,4029.0,16539.0
3052.0,2698.0,13679,23416,25775,27101,26848,22370,32767,32767,32767,32767,32767,4042.0,16821.0
3082.0,2777.0,12724,22701,26530,26822,28345,22591,32767,32767,32767,32767,32767,3972.0,16870.0
3205.0,2855.0,13319,25757,29740,27101,28068,23047,32767,32767,32767,32767,32767,4152.0,16565.0
3030.0,2789.0,12115,22743,26605,25860,27032,23101,32767,32767,32767,32767,32767,3878.0,16203.0
2165.0,2561.0,15747,26510,28909,29753,28784,23256,32767,32767,32767,32767,32767,3186.0,17051.0
1845.0,2336.0,16518,28920,31885,32767,32447,23837,32767,32767,32767,32767,32767,2874.0,17291.0
2391.0,2673.0,15747,29724,32767,32767,32767,23837,32767,32767,32767,32767,32767,3217.0,16797.0
2432.0,3035.0,15182,27531,29983,30016,30671,24256,32767,32767,32767,32767,32767,3444.0,15431.0
2394.0,2410.0,15642,27531,30405,31402,30671,24256,32767,32767,32767,32767,32767,3103.0,16351.0
3359.0,3012.0,14219,26694,31227,29269,31729,24403,32767,32767,32767,32767,32767,4407.0,16185.0
2128.0,2673.0,15747,28117,31034,32767,32767,24419,32767,32767,32767,32767,32767,2905.0,16743.0
3148.0,2857.0,12906,25539,28032,29011,29578,24644,32767,32767,32767,32767,32767,3899.0,16669.0
3257.0,2808.0,14203,25305,29334,29753,30877,25000,32767,32767,32767,32767,32767,4342.0,16855.0
2942.0,2672.0,14579,26694,30731,30353,31729,25081,32767,32767,32767,32767,32767,3788.0,16709.0
3067.0,2968.0,12575,25137,26605,27708,29112,25411,32767,32767,32767,32767,32767,3444.0,15696.0
3741.0,3570.0,13035,25137,27027,27246,28072,25411,32767,32767,32767,32767,32767,4344.0,14682.0
2826.0,2948.0,15499,28349,32118,32767,32254,25430,32767,32767,32767,32767,32767,4068.0,16890.0
2975.0,2763.0,12196,24904,28058,26498,28784,25582,32767,32767,32767,32767,32767,3686.0,17108.0
2504.0,2696.0,15438,28519,32735,32767,32767,25582,32767,32767,32767,32767,32767,3280.0,16798.0
1902.0,2449.0,16210,30125,32767,32767,32767,25582,32767,32767,32767,32767,32767,2718.0,17047.0
2034.0,2269.0,17445,31330,32767,32767,32767,25582,32767,32767,32767,32767,32767,2999.0,17240.0
3227.0,3012.0,14939,28099,31723,30353,31729,25759,32767,32767,32767,32767,32767,4006.0,16037.0
3610.0,3414.0,14262,26733,29139,28631,30671,25989,32767,32767,32767,32767,32767,4127.0,14790.0
3329.0,3146.0,15335,27531,30828,31402,32231,25989,32767,32767,32767,32767,32767,4189.0,15170.0
2712.0,2767.0,15642,29127,31672,32767,32231,25989,32767,32767,32767,32767,32767,3692.0,15813.0
3070.0,2970.0,13044,25155,28314,28190,30173,26007,32767,32767,32767,32767,32767,3509.0,16962.0
3145.0,2988.0,13894,26912,30609,28358,31400,26163,32767,32767,32767,32767,32767,3686.0,16462.0
2278.0,2426.0,15129,31732,32767,32767,32767,26163,32767,32767,32767,32767,32767,2686.0,17154.0
2190.0,3171.0,15499,29547,32767,32767,32767,26585,32767,32767,32767,32767,32767,3416.0,16518.0
2222.0,2426.0,17445,32134,32767,32767,32767,26744,32767,32767,32767,32767,32767,3124.0,16945.0
3984.0,3771.0,12728,25935,28716,30478,32231,27144,32767,32767,32767,32767,32767,4158.0,14283.0
3238.0,3082.0,13505,28349,32118,30500,32767,27163,32767,32767,32767,32767,32767,4005.0,16806.0
2246.0,2836.0,16420,30346,32540,32767,32767,27163,32767,32767,32767,32767,32767,3198.0,16834.0
3314.0,2943.0,14203,28117,29759,32767,32767,27326,32767,32767,32767,32767,32767,3998.0,16532.0
3423.0,3280.0,13955,25137,29561,31402,32767,27721,32767,32767,32767,32767,32767,4003.0,15067.0
2770.0,2568.0,15960,29148,32767,31887,32767,27741,32767,32767,32767,32767,32767,3726.0,17403.0
2321.0,2702.0,17034,31144,32767,32767,32767,27741,32767,32767,32767,32767,32767,3167.0,16922.0
2227.0,2501.0,16420,31144,32767,32767,32767,27741,32767,32767,32767,32767,32767,3943.0,17650.0
2153.0,2367.0,16574,32741,32767,32767,32767,27741,32767,32767,32767,32767,32767,2857.0,17527.0
2900.0,2830.0,14975,28519,31034,31612,31924,27907,32767,32767,32767,32767,32767,3561.0,16615.0
3858.0,3491.0,15269,29323,32767,31748,32767,28067,32767,32767,32767,32767,32767,4671.0,15274.0
3685.0,3392.0,14108,26334,30405,30478,31711,28299,32767,32767,32767,32767,32767,4065.0,14808.0
3367.0,3124.0,15028,27930,32767,31864,32767,28299,32767,32767,32767,32767,32767,4344.0,15272.0
2375.0,2611.0,16715,29127,32767,32767,32767,28299,32767,32767,32767,32767,32767,3661.0,15988.0
2170.0,2633.0,17022,32767,32767,32767,32767,28299,32767,32767,32767,32767,32767,3444.0,15886.0
2338.0,2522.0,15948,32767,32767,32767,32767,28299,32767,32767,32767,32767,32767,2886.0,16014.0
1983.0,2477.0,17022,32767,32767,32767,32767,28299,32767,32767,32767,32767,32767,2824.0,15973.0
3126.0,3015.0,14886,27551,31695,32767,32767,28319,32767,32767,32767,32767,32767,4068.0,16784.0
4215.0,3903.0,15479,31846,32767,32767,32767,28470,32767,32767,32767,32767,32767,4334.0,14367.0
2429.0,2763.0,18371,32767,32767,32767,32767,28489,32767,32767,32767,32767,32767,3155.0,16132.0
2015.0,2269.0,17599,32767,32767,32767,32767,28489,32767,32767,32767,32767,32767,3217.0,17299.0
3924.0,3624.0,15632,29796,32537,32767,32767,28752,32767,32767,32767,32767,32767,4744.0,15016.0
3519.0,3260.0,14579,27950,32540,31887,32767,28897,32767,32767,32767,32767,32767,4005.0,16294.0
3403.0,2907.0,16559,30909,32767,32767,32767,29148,32767,32767,32767,32767,32767,4152.0,15938.0
3481.0,3095.0,13451,28377,31035,30653,32659,29436,32767,32767,32767,32767,32767,4156.0,16155.0
2357.0,2455.0,16102,28728,31250,32767,32767,29454,32767,32767,32767,32767,32767,3692.0,16392.0
2003.0,2747.0,16881,30745,32118,32767,32767,29475,32767,32767,32767,32767,32767,3416.0,17053.0
3182.0,2943.0,12505,26109,28058,28823,32447,29651,32767,32767,32767,32767,32767,3842.0,16733.0
4770.0,4686.0,15182,31122,32767,32767,32767,30032,32767,32767,32767,32767,32767,4840.0,12652.0
2394.0,2655.0,20089,32767,32767,32767,32767,30032,32767,32767,32767,32767,32767,3382.0,15159.0
3762.0,3461.0,14579,26353,30850,31887,32767,30053,32767,32767,32767,32767,32767,4502.0,16010.0
2733.0,3104.0,15193,32342,32767,32767,32767,30053,32767,32767,32767,32767,32767,3540.0,16560.0
4146.0,3809.0,14360,30269,32767,32767,32767,30121,32767,32767,32767,32767,32767,4340.0,14762.0
3769.0,3491.0,15451,32767,32767,32767,32767,30121,32767,32767,32767,32767,32767,4230.0,15190.0
3502.0,3684.0,16673,32767,32767,32767,32767,30233,32767,32767,32767,32767,32767,3748.0,14877.0
2583.0,2747.0,15806,31943,32767,32767,32767,30631,32767,32767,32767,32767,32767,3478.0,17093.0
3145.0,2898.0,13431,28117,32735,28823,32447,31396,32767,32767,32767,32767,32767,3530.0,16630.0
3947.0,3793.0,15795,28329,32767,32767,32767,31764,32767,32767,32767,32767,32767,4499.0,13993.0
3311.0,3236.0,16869,31521,32767,32767,32767,31764,32767,32767,32767,32767,32767,4189.0,14792.0
4062.0,3886.0,16113,29946,32767,32767,32767,31787,32767,32767,32767,32767,32767,4533.0,15089.0
3271.0,3012.0,14399,29036,32714,32767,32767,31860,32767,32767,32767,32767,32767,4079.0,16118.0
3145.0,2943.0,15129,30527,32767,32767,32767,31977,32767,32767,32767,32767,32767,3561.0,16328.0
3615.0,4178.0,23774,32767,32767,32767,32767,31977,32767,32767,32767,32767,32767,4498.0,13054.0
3769.0,3465.0,16178,32160,32767,32767,32767,32175,32767,32767,32767,32767,32767,4303.0,15141.0
4479.0,4112.0,17099,32767,32767,32767,32767,32538,32767,32767,32767,32767,32767,4698.0,13838.0
3928.0,3660.0,14262,30324,32767,32767,32767,32767,32767,32767,32767,32767,32767,4313.0,14356.0
3423.0,3303.0,16408,31521,32767,32767,32767,32767,32767,32767,32767,32767,32767,4034.0,14695.0
3030.0,3280.0,16255,31521,32095,32767,32767,32767,32767,32767,32767,32767,32767,4189.0,14901.0
3182.0,3059.0,15499,31943,32767,32767,32767,32767,32767,32767,32767,32767,32767,4005.0,16588.0
4035.0,3650.0,15996,32160,32767,32767,32767,32767,32767,32767,32767,32767,32767,4744.0,14893.0
3725.0,3465.0,16723,32160,32767,32767,32767,32767,32767,32767,32767,32767,32767,4634.0,15131.0
4152.0,3838.0,16255,32319,32767,32767,32767,32767,32767,32767,32767,32767,32767,4375.0,13781.0
4801.0,5391.0,19606,32767,32767,32767,32767,32767,32767,32767,32767,32767,32767,5373.0,12151.0
4770.0,5690.0,20549,32767,32767,32767,32767,32767,32767,32767,32767,32767,32767,6050.0,10833.0
5598.0,5579.0,19259,32767,32767,32767,32767,32767,32767,32767,32767,32767,32767,5426.0,11468.0
4436.0,4265.0,17341,32767,32767,32767,32767,32767,32767,32767,32767,32767,32767,4720.0,14310.0
2864.0,2680.0,16727,32767,32767,32767,32767,32767,32767,32767,32767,32767,32767,3788.0,17061.0
2432.0,3392.0,17175,32767,32767,32767,32767,32767,32767,32767,32767,32767,32767,3382.0,14526.0
4773.0,5069.0,18722,32767,32767,32767,32767,32767,32767,32767,32767,32767,32767,5185.0,13053.0
4770.0,5690.0,23769,32767,32767,32767,32767,32767,32767,32767,32767,32767,32767,6392.0,10288.0
4770.0,5065.0,19169,32767,32767,32767,32767,32767,32767,32767,32767,32767,32767,5151.0,11685.0
4102.0,3756.0,17268,32767,32767,32767,32767,32767,32767,32767,32767,32767,32767,4597.0,14503.0
4457.0,4191.0,16559,32767,32767,32767,32767,32767,32767,32767,32767,32767,32767,4407.0,13760.0
4770.0,5690.0,21469,32767,32767,32767,32767,32767,32767,32767,32767,32767,32767,6299.0,10696.0
4801.0,5594.0,20223,32767,32767,32767,32767,32767,32767,32767,32767,32767,32767,5404.0,11827.0
4544.0,4191.0,16559,32767,32767,32767,32767,32767,32767,32767,32767,32767,32767,4734.0,13795.0
4567.0,4444.0,17955,32767,32767,32767,32767,32767,32767,32767,32767,32767,32767,4689.0,13938.0
4770.0,5422.0,18709,32767,32767,32767,32767,32767,32767,32767,32767,32767,32767,5554.0,11379.0
4811.0,4417.0,17450,32767,32767,32767,32767,32767,32767,32767,32767,32767,32767,4855.0,13406.0
4770.0,4820.0,15795,32767,32767,32767,32767,32767,32767,32767,32767,32767,32767,4964.0,12428.0
4770.0,5690.0,20549,32767,32767,32767,32767,32767,32767,32767,32767,32767,32767,5585.0,10795.0
4770.0,5445.0,19782,32767,32767,32767,32767,32767,32767,32767,32767,32767,32767,5182.0,11148.0
4770.0,5512.0,18095,32767,32767,32767,32767,32767,32767,32767,32767,32767,32767,5554.0,11363.0
2995.0,2881.0,15960,32767,32767,32767,32767,32767,32767,32767,32767,32767,32767,4037.0,16874.0
3201.0,2881.0,15499,32767,32767,32767,32767,32767,32767,32767,32767,32767,32767,3912.0,16859.0
4390.0,4073.0,15451,32767,32767,32767,32767,32767,32767,32767,32767,32767,32767,4597.0,14226.0
4773.0,5605.0,20257,32767,32767,32767,32767,32767,32767,32767,32767,32767,32767,5589.0,12236.0
4368.0,4133.0,17753,32767,32767,32767,32767,32767,32767,32767,32767,32767,32767,5123.0,14103.0
4773.0,5694.0,23479,32767,32767,32767,32767,32767,32767,32767,32767,32767,32767,5620.0,11582.0
4770.0,4597.0,16715,32767,32767,32767,32767,32767,32767,32767,32767,32767,32767,5058.0,12615.0
4770.0,4954.0,21162,32767,32767,32767,32767,32767,32767,32767,32767,32767,32767,4747.0,11426.0
4801.0,5257.0,20223,32767,32767,32767,32767,32767,32767,32767,32767,32767,32767,4810.0,12132.0
4770.0,5690.0,19475,32767,32767,32767,32767,32767,32767,32767,32767,32767,32767,5833.0,10985.0
5033.0,4629.0,16541,32767,32767,32767,32767,32767,32767,32767,32767,32767,32767,4892.0,13197.0
4678.0,4206.0,16178,32767,32767,32767,32767,32767,32767,32767,32767,32767,32767,4561.0,13858.0
4770.0,5021.0,19629,32767,32767,32767,32767,32767,32767,32767,32767,32767,32767,5120.0,11661.0
4770.0,5445.0,16562,32767,32767,32767,32767,32767,32767,32767,32767,32767,32767,4685.0,11521.0
5689.0,6787.0,23413,32767,32767,32767,32767,32767,32767,32767,32767,32767,32767,6292.0,10458.0
3666.0,3593.0,17635,32767,32767,32767,32767,32767,32767,32767,32767,32767,32767,3692.0,13895.0
5654.0,5925.0,20177,32767,32767,32767,32767,32767,32767,32767,32767,32767,32767,5627.0,11047.0
4096.0,3994.0,17635,32767,32767,32767,32767,32767,32767,32767,32767,32767,32767,4437.0,13380.0
3594.0,3417.0,16574,32767,32767,32767,32767,32767,32767,32767,32767,32767,32767,3633.0,15634.0
3622.0,3274.0,15479,32767,32767,32767,32767,32767,32767,32767,32767,32767,32767,3715.0,15340.0
1029.0,736.0,4140,9177,8446,8774,8838,11551,32767,32767,32767,32767,32767,1458.0,16400.0
1328.0,982.0,6134,11571,11402,10621,10917,12706,32767,32767,32767,32767,32767,2544.0,16400.0
1347.0,1026.0,8128,13167,14358,12930,12996,13283,32767,32767,32767,32767,32767,3103.0,16400.0
1216.0,982.0,6287,11970,12247,13392,11437,13861,32767,32767,32767,32767,32767,1582.0,16400.0
1440.0,1116.0,8894,13566,14780,13854,13516,13861,32767,32767,32767,32767,32767,3196.0,16400.0
1365.0,1071.0,8434,13566,14358,13854,13516,13861,32767,32767,32767,32767,32767,3289.0,16400.0
1459.0,1093.0,9048,13965,14358,14316,14556,13861,32767,32767,32767,32767,32767,3258.0,16400.0
1459.0,1093.0,9968,14763,16470,15701,14556,13861,32767,32767,32767,32767,32767,3910.0,16400.0
1384.0,1160.0,8588,14763,15625,14777,14556,13861,32767,32767,32767,32767,32767,2699.0,16400.0
1571.0,1250.0,6134,11172,12247,11545,11957,14438,32767,32767,32767,32767,32767,2606.0,16400.0
1478.0,1093.0,9048,13566,13936,13854,13516,14438,32767,32767,32767,32767,32767,3444.0,16400.0
1403.0,1004.0,8894,13965,14780,14316,13516,14438,32767,32767,32767,32767,32767,3568.0,16400.0
1309.0,937.0,8281,14364,14780,14316,13516,14438,32767,32767,32767,32767,32767,3134.0,16400.0
1365.0,1071.0,8894,14364,15625,15701,14556,14438,32767,32767,32767,32767,32767,3258.0,16400.0
1478.0,1138.0,9354,14763,15203,14316,14556,14438,32767,32767,32767,32767,32767,3630.0,16400.0
1347.0,982.0,9201,13566,15625,13392,13516,15016,32767,32767,32767,32767,32767,3506.0,16400.0
1384.0,1049.0,8588,13566,14780,14316,14556,15016,32767,32767,32767,32767,32767,2948.0,16400.0
1422.0,1093.0,8894,13566,15203,14777,14036,15016,32767,32767,32767,32767,32767,3444.0,16400.0
1496.0,1183.0,8741,13965,14358,14777,14036,15016,32767,32767,32767,32767,32767,3506.0,16400.0
1309.0,1049.0,7207,13965,13936,14316,13516,15016,32767,32767,32767,32767,32767,2389.0,16400.0
1272.0,1116.0,6441,13965,13936,13854,13516,15016,32767,32767,32767,32767,32767,1427.0,16400.0
1515.0,1294.0,9201,14364,15203,16163,15076,15016,32767,32767,32767,32767,32767,3475.0,16400.0
1403.0,1071.0,9201,14364,15625,15239,15076,15016,32767,32767,32767,32767,32767,3382.0,16400.0
1347.0,1049.0,9354,14364,16470,15239,14556,15016,32767,32767,32767,32767,32767,3165.0,16400.0
1365.0,982.0,8588,13566,13936,15239,14036,15593,32767,32767,32767,32767,32767,3289.0,16400.0
1422.0,1093.0,9201,13965,15203,14777,14036,15593,32767,32767,32767,32767,32767,3754.0,16400.0
1478.0,1227.0,7207,14364,14780,15239,15076,15593,32767,32767,32767,32767,32767,2017.0,16400.0
1422.0,1026.0,9354,14364,16047,15701,14036,15593,32767,32767,32767,32767,32767,3692.0,16400.0
1496.0,1205.0,9508,14763,16047,15239,16115,15593,32767,32767,32767,32767,32767,3351.0,16400.0
1365.0,1026.0,9201,14763,15625,15701,15076,15593,32767,32767,32767,32767,32767,3227.0,16400.0
1403.0,1049.0,9048,15162,15625,16163,15596,15593,32767,32767,32767,32767,32767,3134.0,16400.0
1534.0,1227.0,9354,15162,16470,16163,16115,15593,32767,32767,32767,32767,32767,3351.0,16400.0
1496.0,1116.0,9661,15162,16470,16163,15596,15593,32767,32767,32767,32767,32767,3475.0,16400.0
1515.0,1205.0,9661,15561,17314,16163,15596,15593,32767,32767,32767,32767,32767,3351.0,16400.0
1440.0,1049.0,9354,15960,16470,16163,15076,15593,32767,32767,32767,32767,32767,3599.0,16400.0
1515.0,1205.0,10121,15960,16892,16163,15596,15593,32767,32767,32767,32767,32767,3382.0,16400.0
1609.0,1183.0,10581,15960,17314,17548,15076,15593,32767,32767,32767,32767,32767,4251.0,16400.0
1478.0,1205.0,9508,15960,16047,16163,15596,15593,32767,32767,32767,32767,32767,3010.0,16400.0
1440.0,1116.0,10274,16359,17314,18472,16635,15593,32767,32767,32767,32767,32767,3196.0,16400.0
1422.0,1026.0,10428,16359,16892,16625,15076,15593,32767,32767,32767,32767,32767,3972.0,16400.0
1515.0,1160.0,9508,16359,16892,16625,16115,15593,32767,32767,32767,32767,32767,3537.0,16400.0
1534.0,1294.0,9968,16758,17737,17548,17675,15593,32767,32767,32767,32767,32767,3103.0,16400.0
1440.0,1071.0,8588,13965,13936,14777,13516,16171,32767,32767,32767,32767,32767,3475.0,16400.0
1515.0,1339.0,9814,14763,16892,17086,16635,16171,32767,32767,32767,32767,32767,3568.0,16400.0
1496.0,1250.0,9661,14763,16470,16625,16635,16171,32767,32767,32767,32767,32767,3041.0,16400.0
1197.0,982.0,6134,15162,14780,15239,14556,16171,32767,32767,32767,32767,32767,1117.0,16400.0
1459.0,1138.0,9661,15162,16892,16163,16115,16171,32767,32767,32767,32767,32767,3134.0,16400.0
1496.0,1093.0,9814,15561,16470,18010,15596,16171,32767,32767,32767,32767,32767,4096.0,16400.0
1496.0,1272.0,9354,15561,16892,16163,15076,16171,32767,32767,32767,32767,32767,2699.0,16400.0
1422.0,1093.0,9508,15561,16047,16625,15596,16171,32767,32767,32767,32767,32767,3475.0,16400.0
1478.0,1093.0,9661,15561,16470,16625,15076,16171,32767,32767,32767,32767,32767,3785.0,16400.0
1534.0,1205.0,9661,15561,17314,17548,16115,16171,32767,32767,32767,32767,32767,2886.0,16400.0
1478.0,1205.0,9814,15960,17737,18472,17155,16171,32767,32767,32767,32767,32767,3041.0,16400.0
1609.0,1294.0,9814,15960,16892,16163,16115,16171,32767,32767,32767,32767,32767,3723.0,16400.0
1534.0,1183.0,9354,15960,16047,15701,15076,16171,32767,32767,32767,32767,32767,3599.0,16400.0
1440.0,1116.0,9354,15960,16892,15701,15596,16171,32767,32767,32767,32767,32767,3041.0,16400.0
1515.0,1339.0,9661,16359,18159,17548,17155,16171,32767,32767,32767,32767,32767,2637.0,16400.0
1515.0,1339.0,10121,16359,17737,17086,17155,16171,32767,32767,32767,32767,32767,2855.0,16400.0
1347.0,1026.0,9201,16359,18159,16625,15596,16171,32767,32767,32767,32767,32767,2513.0,16400.0
1552.0,1272.0,10735,17157,18159,19395,18195,16171,32767,32767,32767,32767,32767,3196.0,16400.0
1515.0,1093.0,9508,17157,16470,17548,16115,16171,32767,32767,32767,32767,32767,3475.0,16400.0
1440.0,1026.0,10581,17955,17737,17086,17155,16171,32767,32767,32767,32767,32767,3785.0,16400.0
1534.0,1227.0,6594,13566,13514,15239,14036,16748,32767,32767,32767,32767,32767,2172.0,16400.0
1515.0,1272.0,10428,15162,18159,18010,17155,16748,32767,32767,32767,32767,32767,3475.0,16400.0
1459.0,1160.0,9354,15162,16892,16625,15596,16748,32767,32767,32767,32767,32767,2948.0,16400.0
1459.0,1138.0,9968,15561,16892,17086,16115,16748,32767,32767,32767,32767,32767,3320.0,16400.0
1478.0,1227.0,7668,15561,15625,16163,16115,16748,32767,32767,32767,32767,32767,2358.0,16400.0
1403.0,1116.0,9814,15561,16892,17548,16635,16748,32767,32767,32767,32767,32767,2979.0,16400.0
1552.0,1183.0,9508,15561,16892,16163,15596,16748,32767,32767,32767,32767,32767,3289.0,16400.0
1478.0,1183.0,9661,15960,17314,17086,16115,16748,32767,32767,32767,32767,32767,2979.0,16400.0
1478.0,1183.0,9968,15960,17314,17086,16635,16748,32767,32767,32767,32767,32767,3072.0,16400.0
1515.0,1205.0,10274,15960,18159,18472,17155,16748,32767,32767,32767,32767,32767,3320.0,16400.0
1889.0,1651.0,9661,16359,17314,17548,17675,16748,32767,32767,32767,32767,32767,3351.0,16400.0
1534.0,1339.0,9968,16359,18581,18010,17675,16748,32767,32767,32767,32767,32767,2886.0,16400.0
1796.0,1584.0,10581,16758,18581,18933,17675,16748,32767,32767,32767,32767,32767,3692.0,16400.0
1683.0,1428.0,10121,16758,17737,17548,17155,16748,32767,32767,32767,32767,32767,3103.0,16400.0
1571.0,1361.0,9814,17157,18159,17548,16635,16748,32767,32767,32767,32767,32767,2855.0,16400.0
1534.0,1250.0,10735,17157,19003,19395,17675,16748,32767,32767,32767,32767,32767,3351.0,16400.0
1571.0,1294.0,10735,17157,18159,19395,17675,16748,32767,32767,32767,32767,32767,3351.0,16400.0
1590.0,1339.0,11195,17556,19003,19395,17675,16748,32767,32767,32767,32767,32767,3444.0,16400.0
1496.0,1294.0,10581,17556,18581,18933,18715,16748,32767,32767,32767,32767,32767,3258.0,16400.0
1496.0,1183.0,10274,17556,17737,17086,16115,16748,32767,32767,32767,32767,32767,3630.0,16400.0
1552.0,1227.0,6901,14364,14780,15239,14036,17326,32767,32767,32767,32767,32767,2296.0,16400.0
1609.0,1361.0,10121,15960,17314,18010,17155,17326,32767,32767,32767,32767,32767,3568.0,16400.0
1552.0,1250.0,10581,16359,18159,18933,17675,17326,32767,32767,32767,32767,32767,3320.0,16400.0
1496.0,1183.0,9814,16758,17737,18010,18195,17326,32767,32767,32767,32767,32767,2948.0,16400.0
1590.0,1406.0,10428,16758,19003,18472,18195,17326,32767,32767,32767,32767,32767,2824.0,16400.0
1665.0,1607.0,9968,16758,17737,19395,18715,17326,32767,32767,32767,32767,32767,2824.0,16400.0
1665.0,1250.0,10735,17157,19426,18933,17675,17326,32767,32767,32767,32767,32767,3661.0,16400.0
1758.0,1562.0,10274,17157,19003,18933,19235,17326,32767,32767,32767,32767,32767,3258.0,16400.0
1478.0,1160.0,11041,17556,19003,18472,18195,17326,32767,32767,32767,32767,32767,3816.0,16400.0
1683.0,1450.0,11501,17556,19848,19395,18195,17326,32767,32767,32767,32767,32767,3351.0,16400.0
1478.0,1339.0,10888,18354,19003,18933,19235,17326,32767,32767,32767,32767,32767,2886.0,16400.0
1534.0,1339.0,10888,18354,19848,19395,18715,17326,32767,32767,32767,32767,32767,2855.0,16400.0
1496.0,1250.0,11961,18753,20693,20781,20274,17326,32767,32767,32767,32767,32767,3723.0,16400.0
1590.0,1317.0,11195,18753,20693,21242,19754,17326,32767,32767,32767,32767,32767,3134.0,16400.0
1552.0,1272.0,10428,19152,19848,20319,19235,17326,32767,32767,32767,32767,32767,2761.0,16400.0
2544.0,2365.0,7821,15162,15625,15701,16115,17903,32767,32767,32767,32767,32767,2855.0,16400.0
1515.0,1272.0,9508,15561,16892,17086,16635,17903,32767,32767,32767,32767,32767,3196.0,16400.0
1927.0,1674.0,7821,16359,16470,17086,17675,17903,32767,32767,32767,32767,32767,2451.0,16400.0
1590.0,1361.0,10428,17556,19426,19857,19235,17903,32767,32767,32767,32767,32767,2824.0,16400.0
1272.0,982.0,11041,17556,19426,19857,17675,17903,32767,32767,32767,32767,32767,2699.0,16400.0
1534.0,1294.0,10428,17556,19003,18933,18715,17903,32767,32767,32767,32767,32767,3010.0,16400.0
1609.0,1406.0,10274,17955,19426,19857,19235,17903,32767,32767,32767,32767,32767,3072.0,16400.0
1384.0,1049.0,10888,17955,19003,19395,18715,17903,32767,32767,32767,32767,32767,3599.0,16400.0
1534.0,1339.0,10581,17955,19426,20319,19754,17903,32767,32767,32767,32767,32767,3227.0,16400.0
1908.0,1696.0,11041,17955,20270,21242,20274,17903,32767,32767,32767,32767,32767,3165.0,16400.0
1852.0,1674.0,10274,18354,19426,19395,19235,17903,32767,32767,32767,32767,32767,2513.0,16400.0
1496.0,1250.0,10428,18354,20693,20319,21314,17903,32767,32767,32767,32767,32767,2730.0,16400.0
1459.0,1250.0,11195,18354,20693,19857,19754,17903,32767,32767,32767,32767,32767,2948.0,16400.0
1870.0,1540.0,11041,18354,19003,19395,19754,17903,32767,32767,32767,32767,32767,3537.0,16400.0
1571.0,1450.0,11348,18354,20270,19857,19235,17903,32767,32767,32767,32767,32767,3568.0,16400.0
1609.0,1272.0,10735,18354,19426,19395,18195,17903,32767,32767,32767,32767,32767,3506.0,16400.0
1646.0,1383.0,11961,19152,21115,20781,20274,17903,32767,32767,32767,32767,32767,3785.0,16400.0
1683.0,1540.0,11195,19551,21537,20319,21834,17903,32767,32767,32767,32767,32767,3072.0,16400.0
1515.0,1116.0,10888,19551,18159,22166,20274,17903,32767,32767,32767,32767,32767,3785.0,16400.0
1758.0,1517.0,8281,16359,18581,17548,18195,18481,32767,32767,32767,32767,32767,2172.0,16400.0
1814.0,1629.0,8588,17556,18159,18933,18715,18481,32767,32767,32767,32767,32767,2203.0,16400.0
1552.0,1227.0,10428,17556,19003,19857,18715,18481,32767,32767,32767,32767,32767,2948.0,16400.0
1758.0,1473.0,11041,17955,19426,18472,18195,18481,32767,32767,32767,32767,32767,3227.0,16400.0
1571.0,1383.0,11961,18354,21115,20319,20274,18481,32767,32767,32767,32767,32767,3785.0,16400.0
1552.0,1406.0,11195,18753,20270,20781,20794,18481,32767,32767,32767,32767,32767,3413.0,16400.0
2282.0,2008.0,9354,18753,20270,18933,18715,18481,32767,32767,32767,32767,32767,3227.0,16400.0
1478.0,1294.0,11655,18753,20693,21242,20794,18481,32767,32767,32767,32767,32767,2917.0,16400.0
1590.0,1361.0,11041,18753,20270,19857,19754,18481,32767,32767,32767,32767,32767,3289.0,16400.0
2114.0,1874.0,11195,19152,21537,19857,20274,18481,32767,32767,32767,32767,32767,3692.0,16400.0
1515.0,1272.0,11501,19152,21115,20781,18715,18481,32767,32767,32767,32767,32767,3103.0,16400.0
1590.0,1361.0,11348,19551,20270,21704,20274,18481,32767,32767,32767,32767,32767,2917.0,16400.0
1609.0,1473.0,10274,17157,19426,18933,19754,19058,32767,32767,32767,32767,32767,2793.0,16400.0
2039.0,1763.0,10735,17556,19848,20319,19754,19058,32767,32767,32767,32767,32767,3382.0,16400.0
2413.0,2165.0,10428,18354,19426,19857,19754,19058,32767,32767,32767,32767,32767,3413.0,16400.0
2843.0,2544.0,11808,18753,20270,21242,20794,19058,32767,32767,32767,32767,32767,4189.0,16400.0
1627.0,1428.0,11348,19152,21115,21704,21834,19058,32767,32767,32767,32767,32767,3258.0,16400.0
1609.0,1450.0,11195,19152,21960,20781,21834,19058,32767,32767,32767,32767,32767,2917.0,16400.0
1646.0,1473.0,11655,19152,21115,23090,21834,19058,32767,32767,32767,32767,32767,3382.0,16400.0
1758.0,1718.0,12575,19551,21960,22166,21834,19058,32767,32767,32767,32767,32767,3320.0,16400.0
1646.0,1406.0,12268,19950,21115,22166,21834,19058,32767,32767,32767,32767,32767,3258.0,16400.0
1552.0,1339.0,12268,19950,22804,23090,20794,19058,32767,32767,32767,32767,32767,3320.0,16400.0
1739.0,1696.0,12881,20349,22804,23551,21834,19058,32767,32767,32767,32767,32767,3723.0,16400.0
1627.0,1317.0,12115,20349,21115,21704,21834,19058,32767,32767,32767,32767,32767,3599.0,16400.0
1571.0,1317.0,12115,20748,22382,23551,22354,19058,32767,32767,32767,32767,32767,3134.0,16400.0
1777.0,1450.0,11195,18354,19426,20781,19754,19636,32767,32767,32767,32767,32767,3661.0,16400.0
1721.0,1540.0,11808,19152,21960,21242,20794,19636,32767,32767,32767,32767,32767,2979.0,16400.0
1627.0,1383.0,11808,19950,20693,20781,20274,19636,32767,32767,32767,32767,32767,3444.0,16400.0
1665.0,1674.0,12575,19950,22382,24013,22354,19636,32767,32767,32767,32767,32767,3072.0,16400.0
1665.0,1383.0,12728,19950,21537,23090,21834,19636,32767,32767,32767,32767,32767,3754.0,16400.0
2357.0,2165.0,10888,19950,21537,21704,21314,19636,32767,32767,32767,32767,32767,3444.0,16400.0
1777.0,1562.0,12421,20349,21960,21704,21314,19636,32767,32767,32767,32767,32767,3537.0,16400.0
1721.0,1495.0,11655,20748,21960,23090,21834,19636,32767,32767,32767,32767,32767,3289.0,16400.0
1590.0,1294.0,12115,20748,23649,24013,22874,19636,32767,32767,32767,32767,32767,3754.0,16400.0
1665.0,1450.0,12268,20748,21960,22166,21314,19636,32767,32767,32767,32767,32767,3568.0,16400.0
1796.0,1540.0,12115,20748,22804,23090,21834,19636,32767,32767,32767,32767,32767,3196.0,16400.0
1609.0,1450.0,11655,20748,21115,24013,22354,19636,32767,32767,32767,32767,32767,3258.0,16400.0
1590.0,1406.0,12115,21147,22804,24013,22354,19636,32767,32767,32767,32767,32767,3041.0,16400.0
1777.0,1495.0,13035,21546,24071,24013,23393,19636,32767,32767,32767,32767,32767,3972.0,16400.0
1665.0,1473.0,13802,22344,24916,23551,23393,19636,32767,32767,32767,32767,32767,3444.0,16400.0
2282.0,2098.0,15028,23541,25760,25399,24433,19636,32767,32767,32767,32767,32767,4282.0,16400.0
1908.0,1696.0,11041,17955,18159,20781,21834,20214,32767,32767,32767,32767,32767,3816.0,16400.0
1852.0,1562.0,11348,19551,20270,22628,21314,20214,32767,32767,32767,32767,32767,3413.0,16400.0
1496.0,1339.0,10274,19551,21115,22166,21834,20214,32767,32767,32767,32767,32767,2606.0,16400.0
1721.0,1540.0,11808,20349,22804,23090,22874,20214,32767,32767,32767,32767,32767,3227.0,16400.0
1927.0,1763.0,12728,21147,23649,24475,24433,20214,32767,32767,32767,32767,32767,3413.0,16400.0
1440.0,1227.0,11655,21546,23649,22166,20794,20214,32767,32767,32767,32767,32767,2575.0,16400.0
1702.0,1517.0,13035,23142,24493,26322,23913,20214,32767,32767,32767,32767,32767,3630.0,16400.0
1796.0,2053.0,13955,23142,24916,26784,25473,20214,32767,32767,32767,32767,32767,3537.0,16400.0
1646.0,1651.0,12881,23541,24493,26784,26513,20214,32767,32767,32767,32767,32767,3289.0,16400.0
2095.0,1852.0,10121,17955,19426,21704,21834,20791,32767,32767,32767,32767,32767,2979.0,16400.0
1702.0,1562.0,11195,19551,21115,21242,23913,20791,32767,32767,32767,32767,32767,3320.0,16400.0
1646.0,1517.0,12421,20748,21960,24013,24433,20791,32767,32767,32767,32767,32767,3258.0,16400.0
1777.0,1651.0,12268,21147,23226,24475,23393,20791,32767,32767,32767,32767,32767,3537.0,16400.0
1739.0,1562.0,13495,21945,24493,23551,23393,20791,32767,32767,32767,32767,32767,3289.0,16400.0
2226.0,1964.0,12268,21945,22382,24937,24433,20791,32767,32767,32767,32767,32767,3941.0,16400.0
1739.0,1584.0,12728,22743,24916,25399,23913,20791,32767,32767,32767,32767,32767,3165.0,16400.0
1758.0,1852.0,13955,23142,25760,24937,24433,20791,32767,32767,32767,32767,32767,2824.0,16400.0
1609.0,1272.0,9661,20349,24071,19395,18715,21369,32767,32767,32767,32767,32767,2575.0,16400.0
2114.0,1986.0,11348,21147,23226,23551,22874,21369,32767,32767,32767,32767,32767,2948.0,16400.0
1665.0,1495.0,13035,21147,23226,26784,24953,21369,32767,32767,32767,32767,32767,3444.0,16400.0
1627.0,1428.0,13648,21546,24071,24937,23393,21369,32767,32767,32767,32767,32767,3537.0,16400.0
2263.0,2075.0,12881,21945,24071,24937,24433,21369,32767,32767,32767,32767,32767,3785.0,16400.0
2151.0,1718.0,11041,21945,23649,19395,21314,21369,32767,32767,32767,32767,32767,4189.0,16400.0
2282.0,2031.0,13188,22344,24493,24937,24433,21369,32767,32767,32767,32767,32767,3661.0,16400.0
2020.0,1763.0,11961,22344,23649,24013,24953,21369,32767,32767,32767,32767,32767,3382.0,16400.0
1852.0,1495.0,13648,23142,24493,23090,23913,21369,32767,32767,32767,32767,32767,4220.0,16400.0
1739.0,1696.0,13188,23142,25760,25860,24433,21369,32767,32767,32767,32767,32767,2855.0,16400.0
1758.0,1718.0,14108,23142,25338,26784,24953,21369,32767,32767,32767,32767,32767,3227.0,16400.0
2207.0,1964.0,13035,23142,25338,24937,24953,21369,32767,32767,32767,32767,32767,4096.0,16400.0
3011.0,2522.0,8588,17157,17314,21704,21834,21946,32767,32767,32767,32767,32767,3134.0,16400.0
1739.0,1607.0,11961,21546,24071,23090,23393,21946,32767,32767,32767,32767,32767,2637.0,16400.0
1814.0,1763.0,11961,21945,23649,24013,24433,21946,32767,32767,32767,32767,32767,3010.0,16400.0
2170.0,2031.0,12268,22344,24493,25399,24953,21946,32767,32767,32767,32767,32767,3506.0,16400.0
1721.0,1629.0,13035,22743,24071,26784,26513,21946,32767,32767,32767,32767,32767,3382.0,16400.0
1702.0,1897.0,12728,23142,25338,25399,24953,21946,32767,32767,32767,32767,32767,2824.0,16400.0
1777.0,1830.0,14568,23541,27872,27708,28072,21946,32767,32767,32767,32767,32767,2917.0,16400.0
1702.0,1473.0,13495,23940,26605,26784,25473,21946,32767,32767,32767,32767,32767,3506.0,16400.0
2656.0,2499.0,11961,21147,24071,24937,25473,22524,32767,32767,32767,32767,32767,3754.0,16400.0
1758.0,1495.0,12728,23541,25760,28169,25473,22524,32767,32767,32767,32767,32767,3134.0,16400.0
2001.0,1964.0,13802,23541,25760,27246,26513,22524,32767,32767,32767,32767,32767,3630.0,16400.0
1814.0,1718.0,14875,23940,26182,27708,26513,22524,32767,32767,32767,32767,32767,3444.0,16400.0
1590.0,1450.0,13802,24738,26605,29555,29112,22524,32767,32767,32767,32767,32767,3134.0,16400.0
1646.0,1607.0,13955,24738,27872,28631,27032,22524,32767,32767,32767,32767,32767,2668.0,16400.0
1590.0,1495.0,12575,25137,26182,27708,27032,22524,32767,32767,32767,32767,32767,2389.0,16400.0
2637.0,2455.0,11655,22743,24493,24937,26513,23101,32767,32767,32767,32767,32767,3165.0,16400.0
1945.0,2053.0,14722,26733,29561,29555,29632,23101,32767,32767,32767,32767,32767,2917.0,16400.0
1927.0,1540.0,8894,16758,16470,23090,23913,23679,32767,32767,32767,32767,32767,2575.0,16400.0
1870.0,1674.0,14108,23541,25338,27708,26513,23679,32767,32767,32767,32767,32767,3258.0,16400.0
1571.0,1450.0,14262,26334,29561,28631,27552,23679,32767,32767,32767,32767,32767,2451.0,16400.0
1870.0,1807.0,13955,26733,29561,29555,30152,23679,32767,32767,32767,32767,32767,2855.0,16400.0
1833.0,1897.0,14568,27531,29983,32767,31191,23679,32767,32767,32767,32767,32767,2917.0,16400.0
1814.0,1897.0,15642,28728,32767,31864,29632,23679,32767,32767,32767,32767,32767,2544.0,16400.0
2263.0,2165.0,13495,21147,24493,27246,27552,24256,32767,32767,32767,32767,32767,3568.0,16400.0
2506.0,2321.0,12575,23940,26605,26322,27552,24256,32767,32767,32767,32767,32767,3289.0,16400.0
1852.0,1897.0,15642,26334,29983,30478,29112,24256,32767,32767,32767,32767,32767,2917.0,16400.0
1889.0,1830.0,14262,26334,30405,29555,28592,24256,32767,32767,32767,32767,32767,3072.0,16400.0
1833.0,1852.0,14875,27132,30405,30940,29112,24256,32767,32767,32767,32767,32767,3258.0,16400.0
1964.0,1941.0,15795,28728,32517,32325,32751,24256,32767,32767,32767,32767,32767,2979.0,16400.0
2001.0,2053.0,14722,26334,29561,29093,28592,24834,32767,32767,32767,32767,32767,3754.0,16400.0
2076.0,2165.0,15795,28329,30828,32767,32751,24834,32767,32767,32767,32767,32767,3661.0,16400.0
2768.0,2566.0,11041,23940,26605,24937,27552,25411,32767,32767,32767,32767,32767,3072.0,16400.0
1852.0,1607.0,13495,23940,26182,26784,26513,25411,32767,32767,32767,32767,32767,3506.0,16400.0
2301.0,2098.0,13341,25137,28294,29093,29632,25411,32767,32767,32767,32767,32767,3878.0,16400.0
1702.0,1763.0,15028,27930,30405,31864,32231,25411,32767,32767,32767,32767,32767,2917.0,16400.0
2319.0,2388.0,15795,28329,30405,31864,30671,25411,32767,32767,32767,32767,32767,3196.0,16400.0
2600.0,2388.0,11348,23142,25760,29093,30671,25989,32767,32767,32767,32767,32767,3289.0,16400.0
2263.0,2031.0,13955,26334,30828,28631,29632,25989,32767,32767,32767,32767,32767,3723.0,16400.0
1814.0,1852.0,15948,29925,32767,32767,32767,25989,32767,32767,32767,32767,32767,2451.0,16400.0
2170.0,2254.0,14568,30324,32767,32767,32767,25989,32767,32767,32767,32767,32767,2761.0,16400.0
1889.0,1986.0,16562,30723,32767,32767,32767,26566,32767,32767,32767,32767,32767,2699.0,16400.0
1814.0,1919.0,16255,31521,32767,32767,32767,26566,32767,32767,32767,32767,32767,2358.0,16400.0
1945.0,2098.0,17022,32767,32767,32767,32767,26566,32767,32767,32767,32767,32767,2699.0,16400.0
1777.0,1629.0,15642,31122,32767,32767,32767,27144,32767,32767,32767,32767,32767,2886.0,16400.0
2114.0,1874.0,13495,26733,24071,31402,32767,27721,32767,32767,32767,32767,32767,2637.0,16400.0
1964.0,2120.0,17175,32767,32767,32767,32767,27721,32767,32767,32767,32767,32767,2917.0,16400.0
1852.0,1941.0,16408,32767,32767,32767,32767,30032,32767,32767,32767,32767,32767,2513.0,16400.0
966.0,602.0,3960,8430,7931,8130,7322,9490,32767,32767,32767,32767,32767,1457.0,17000.0
966.0,602.0,4680,9366,8922,8672,7932,9490,32767,32767,32767,32767,32767,1602.0,17000.0
1054.0,707.0,6120,10303,10409,9756,10373,9490,32767,32767,32767,32767,32767,2149.0,17000.0
1032.0,655.0,5040,8898,8922,9214,8542,10846,32767,32767,32767,32767,32767,2112.0,17000.0
2349.0,1755.0,6660,10771,11400,10840,10983,10846,32767,32767,32767,32767,32767,3314.0,17000.0
1076.0,733.0,8100,11240,11896,11924,10373,10846,32767,32767,32767,32767,32767,2950.0,17000.0
1142.0,733.0,7740,11240,12392,10840,10373,10846,32767,32767,32767,32767,32767,2950.0,17000.0
1142.0,733.0,8100,12176,12887,12466,11593,10846,32767,32767,32767,32767,32767,3096.0,17000.0
1120.0,707.0,8100,12176,12392,11924,10373,10846,32767,32767,32767,32767,32767,2913.0,17000.0
1164.0,760.0,8640,12645,12887,13009,11593,10846,32767,32767,32767,32767,32767,2841.0,17000.0
1251.0,891.0,7380,14050,12392,10298,7932,10846,32767,32767,32767,32767,32767,2841.0,17000.0
1054.0,681.0,5220,9835,9913,10298,9763,11524,32767,32767,32767,32767,32767,1894.0,17000.0
1142.0,760.0,8100,11240,12392,12466,10373,11524,32767,32767,32767,32767,32767,2913.0,17000.0
1164.0,786.0,8280,11240,12392,11924,11593,11524,32767,32767,32767,32767,32767,3023.0,17000.0
1164.0,733.0,7020,11240,11400,10840,10373,11524,32767,32767,32767,32767,32767,2659.0,17000.0
1120.0,733.0,7920,11240,12887,12466,10983,11524,32767,32767,32767,32767,32767,2986.0,17000.0
1164.0,733.0,7560,11708,12887,12466,10983,11524,32767,32767,32767,32767,32767,2513.0,17000.0
1164.0,786.0,7920,11708,13383,11924,10983,11524,32767,32767,32767,32767,32767,2877.0,17000.0
1142.0,786.0,7560,11708,12392,10840,10983,11524,32767,32767,32767,32767,32767,2659.0,17000.0
1120.0,733.0,7020,11708,10905,11924,10983,11524,32767,32767,32767,32767,32767,2003.0,17000.0
1251.0,891.0,7740,11708,11896,11924,10373,11524,32767,32767,32767,32767,32767,3278.0,17000.0
1142.0,733.0,7920,11708,12887,11924,11593,11524,32767,32767,32767,32767,32767,2622.0,17000.0
1185.0,812.0,8280,12176,13383,12466,12203,11524,32767,32767,32767,32767,32767,2804.0,17000.0
1164.0,760.0,8280,12176,12887,11924,10983,11524,32767,32767,32767,32767,32767,3096.0,17000.0
1207.0,812.0,8280,12176,12887,13009,11593,11524,32767,32767,32767,32767,32767,2768.0,17000.0
1120.0,760.0,7920,12176,12392,11924,10983,11524,32767,32767,32767,32767,32767,3096.0,17000.0
1164.0,786.0,8100,12176,13383,13009,12814,11524,32767,32767,32767,32767,32767,2367.0,17000.0
1164.0,786.0,8460,12176,13383,12466,11593,11524,32767,32767,32767,32767,32767,2986.0,17000.0
1142.0,760.0,9000,12176,13879,13551,12203,11524,32767,32767,32767,32767,32767,3423.0,17000.0
1185.0,812.0,8640,12176,12887,14093,12203,11524,32767,32767,32767,32767,32767,2841.0,17000.0
1251.0,891.0,8820,12176,13879,13009,11593,11524,32767,32767,32767,32767,32767,3023.0,17000.0
1207.0,812.0,8460,12645,13879,13551,12203,11524,32767,32767,32767,32767,32767,2877.0,17000.0
1273.0,786.0,9180,12645,13383,14093,12203,11524,32767,32767,32767,32767,32767,3278.0,17000.0
1207.0,812.0,8460,12645,13383,13551,12814,11524,32767,32767,32767,32767,32767,2913.0,17000.0
1207.0,812.0,8280,12645,12887,13009,10983,11524,32767,32767,32767,32767,32767,2804.0,17000.0
1185.0,786.0,9000,13113,13383,14093,12814,11524,32767,32767,32767,32767,32767,3059.0,17000.0
1317.0,943.0,9360,13113,14870,14635,13424,11524,32767,32767,32767,32767,32767,3096.0,17000.0
1207.0,812.0,8820,13113,13879,13009,11593,11524,32767,32767,32767,32767,32767,3096.0,17000.0
1251.0,812.0,8820,13113,14870,14093,13424,11524,32767,32767,32767,32767,32767,2913.0,17000.0
1164.0,786.0,8640,13581,13383,13551,12203,11524,32767,32767,32767,32767,32767,2659.0,17000.0
1142.0,760.0,8640,13581,13383,13009,11593,11524,32767,32767,32767,32767,32767,2913.0,17000.0
1185.0,838.0,7740,11708,12392,12466,12814,12202,32767,32767,32767,32767,32767,2549.0,17000.0
1229.0,891.0,6300,11708,12887,12466,12203,12202,32767,32767,32767,32767,32767,2003.0,17000.0
1120.0,760.0,7740,11708,12887,11924,10983,12202,32767,32767,32767,32767,32767,2731.0,17000.0
1142.0,733.0,8100,11708,12392,12466,11593,12202,32767,32767,32767,32767,32767,3132.0,17000.0
1142.0,786.0,8280,11708,12887,12466,12203,12202,32767,32767,32767,32767,32767,2731.0,17000.0
1207.0,864.0,8460,11708,13383,13551,11593,12202,32767,32767,32767,32767,32767,3205.0,17000.0
1142.0,760.0,7920,11708,12392,13009,11593,12202,32767,32767,32767,32767,32767,2513.0,17000.0
1229.0,864.0,7920,12176,12887,12466,10983,12202,32767,32767,32767,32767,32767,3168.0,17000.0
1142.0,760.0,8280,12176,12392,12466,11593,12202,32767,32767,32767,32767,32767,3096.0,17000.0
1142.0,760.0,8460,12176,12887,13009,11593,12202,32767,32767,32767,32767,32767,2950.0,17000.0
1207.0,891.0,8460,12176,13383,11924,12203,12202,32767,32767,32767,32767,32767,2986.0,17000.0
1251.0,864.0,8280,12176,12887,12466,11593,12202,32767,32767,32767,32767,32767,3351.0,17000.0
1164.0,733.0,8460,12176,13879,12466,10983,12202,32767,32767,32767,32767,32767,2986.0,17000.0
1142.0,760.0,8460,12176,13383,13009,11593,12202,32767,32767,32767,32767,32767,2804.0,17000.0
1207.0,838.0,8640,12176,13879,13551,11593,12202,32767,32767,32767,32767,32767,2877.0,17000.0
1164.0,812.0,8460,12645,13383,13551,12203,12202,32767,32767,32767,32767,32767,2659.0,17000.0
1251.0,838.0,8460,12645,14374,14093,12814,12202,32767,32767,32767,32767,32767,2841.0,17000.0
1185.0,812.0,8820,12645,14374,13551,11593,12202,32767,32767,32767,32767,32767,2877.0,17000.0
1229.0,864.0,8280,12645,12887,12466,12203,12202,32767,32767,32767,32767,32767,2622.0,17000.0
1142.0,760.0,8640,12645,13383,11382,11593,12202,32767,32767,32767,32767,32767,3023.0,17000.0
1207.0,838.0,8820,12645,13879,13551,12814,12202,32767,32767,32767,32767,32767,2768.0,17000.0
1185.0,786.0,8640,12645,14374,11924,12203,12202,32767,32767,32767,32767,32767,3023.0,17000.0
1273.0,864.0,9000,13113,14870,13551,11593,12202,32767,32767,32767,32767,32767,2877.0,17000.0
1207.0,891.0,8820,13113,15366,14635,13424,12202,32767,32767,32767,32767,32767,2586.0,17000.0
1273.0,943.0,8820,13113,13879,15177,14034,12202,32767,32767,32767,32767,32767,2513.0,17000.0
1273.0,969.0,8820,13113,13879,13009,12203,12202,32767,32767,32767,32767,32767,3314.0,17000.0
1273.0,891.0,8640,13113,14374,14635,13424,12202,32767,32767,32767,32767,32767,2731.0,17000.0
1207.0,812.0,8460,13113,12887,13009,12203,12202,32767,32767,32767,32767,32767,3059.0,17000.0
1229.0,864.0,8820,13113,13879,13551,12814,12202,32767,32767,32767,32767,32767,2513.0,17000.0
1207.0,838.0,9180,13113,13879,14093,12814,12202,32767,32767,32767,32767,32767,2986.0,17000.0
1295.0,838.0,9720,13113,15861,15719,14034,12202,32767,32767,32767,32767,32767,3314.0,17000.0
1251.0,864.0,8640,13113,14374,14635,12814,12202,32767,32767,32767,32767,32767,2622.0,17000.0
1251.0,864.0,9000,13581,13879,13551,13424,12202,32767,32767,32767,32767,32767,2913.0,17000.0
1273.0,891.0,9180,13581,13879,14093,13424,12202,32767,32767,32767,32767,32767,2841.0,17000.0
1273.0,943.0,8640,13581,14374,13551,14034,12202,32767,32767,32767,32767,32767,2622.0,17000.0
1339.0,969.0,9000,14050,15366,13551,12814,12202,32767,32767,32767,32767,32767,3423.0,17000.0
1207.0,812.0,9000,14050,14870,14635,12814,12202,32767,32767,32767,32767,32767,2913.0,17000.0
1581.0,995.0,9720,14050,14870,15177,12814,12202,32767,32767,32767,32767,32767,4225.0,17000.0
1317.0,786.0,9900,14518,15366,15177,14034,12202,32767,32767,32767,32767,32767,3569.0,17000.0
1317.0,838.0,9720,14518,15366,14093,12814,12202,32767,32767,32767,32767,32767,3788.0,17000.0
1273.0,812.0,9720,14518,14870,14635,13424,12202,32767,32767,32767,32767,32767,3533.0,17000.0
1295.0,917.0,9180,14518,15861,15177,14034,12202,32767,32767,32767,32767,32767,2549.0,17000.0
1383.0,969.0,9720,14986,15861,15177,14644,12202,32767,32767,32767,32767,32767,3496.0,17000.0
1207.0,838.0,7560,11240,11896,11924,10983,12879,32767,32767,32767,32767,32767,3059.0,17000.0
1098.0,733.0,7920,11708,12392,11382,10983,12879,32767,32767,32767,32767,32767,2695.0,17000.0
1339.0,995.0,7920,12176,13383,13009,12203,12879,32767,32767,32767,32767,32767,2877.0,17000.0
1229.0,812.0,7920,12176,11896,13551,12203,12879,32767,32767,32767,32767,32767,2258.0,17000.0
1164.0,786.0,8280,12176,13879,12466,11593,12879,32767,32767,32767,32767,32767,2913.0,17000.0
1251.0,864.0,8460,12176,13879,13009,12814,12879,32767,32767,32767,32767,32767,2804.0,17000.0
1120.0,733.0,8280,12176,13879,12466,11593,12879,32767,32767,32767,32767,32767,2950.0,17000.0
1229.0,838.0,8820,12645,14374,14093,12814,12879,32767,32767,32767,32767,32767,2913.0,17000.0
1185.0,786.0,8460,12645,12887,13009,12203,12879,32767,32767,32767,32767,32767,2986.0,17000.0
1185.0,760.0,8820,12645,13383,13551,11593,12879,32767,32767,32767,32767,32767,3314.0,17000.0
1229.0,891.0,8460,12645,13879,14093,12814,12879,32767,32767,32767,32767,32767,2586.0,17000.0
1120.0,786.0,7740,12645,13383,14093,14034,12879,32767,32767,32767,32767,32767,2222.0,17000.0
1185.0,838.0,8280,12645,13383,14093,12203,12879,32767,32767,32767,32767,32767,2622.0,17000.0
1207.0,812.0,9000,13113,14870,13551,12203,12879,32767,32767,32767,32767,32767,2986.0,17000.0
1142.0,812.0,8100,13113,13879,12466,12814,12879,32767,32767,32767,32767,32767,2222.0,17000.0
1251.0,891.0,9000,13113,14870,14635,12814,12879,32767,32767,32767,32767,32767,2913.0,17000.0
1317.0,943.0,9360,13113,15861,14635,14034,12879,32767,32767,32767,32767,32767,3278.0,17000.0
1229.0,864.0,8640,13113,14870,14635,13424,12879,32767,32767,32767,32767,32767,2331.0,17000.0
1273.0,943.0,8460,13113,14374,13551,12203,12879,32767,32767,32767,32767,32767,2804.0,17000.0
1229.0,917.0,9000,13113,14374,13009,12814,12879,32767,32767,32767,32767,32767,2731.0,17000.0
1207.0,838.0,8100,13113,12887,11924,11593,12879,32767,32767,32767,32767,32767,3059.0,17000.0
1229.0,891.0,8820,13113,14870,14093,13424,12879,32767,32767,32767,32767,32767,2513.0,17000.0
1229.0,864.0,8640,13113,14374,14093,14034,12879,32767,32767,32767,32767,32767,2768.0,17000.0
1164.0,812.0,8820,13113,13879,14093,12814,12879,32767,32767,32767,32767,32767,2841.0,17000.0
1229.0,864.0,8820,13113,14374,14635,13424,12879,32767,32767,32767,32767,32767,2440.0,17000.0
1207.0,838.0,8460,13113,14374,13551,12203,12879,32767,32767,32767,32767,32767,2731.0,17000.0
1273.0,917.0,8640,13113,13879,13551,12814,12879,32767,32767,32767,32767,32767,2950.0,17000.0
1164.0,760.0,8820,13581,14374,14093,13424,12879,32767,32767,32767,32767,32767,2877.0,17000.0
1273.0,838.0,8820,13581,14870,13009,12203,12879,32767,32767,32767,32767,32767,3132.0,17000.0
1295.0,969.0,8820,13581,15366,14635,13424,12879,32767,32767,32767,32767,32767,2622.0,17000.0
1142.0,760.0,8280,13581,12887,13551,11593,12879,32767,32767,32767,32767,32767,2476.0,17000.0
1295.0,969.0,8820,13581,14374,14093,13424,12879,32767,32767,32767,32767,32767,3205.0,17000.0
1251.0,891.0,9180,13581,14870,14093,12814,12879,32767,32767,32767,32767,32767,2695.0,17000.0
1229.0,943.0,8460,13581,14374,14093,13424,12879,32767,32767,32767,32767,32767,2549.0,17000.0
1273.0,838.0,8820,13581,14374,13551,12203,12879,32767,32767,32767,32767,32767,3132.0,17000.0
1251.0,917.0,9540,13581,14870,15177,14644,12879,32767,32767,32767,32767,32767,3132.0,17000.0
1251.0,891.0,8640,13581,14870,13551,12814,12879,32767,32767,32767,32767,32767,2841.0,17000.0
1185.0,786.0,8820,13581,15366,13551,12203,12879,32767,32767,32767,32767,32767,2913.0,17000.0
1712.0,1598.0,8820,13581,14870,15177,14644,12879,32767,32767,32767,32767,32767,3096.0,17000.0
1295.0,917.0,9180,14050,15366,15719,13424,12879,32767,32767,32767,32767,32767,2695.0,17000.0
1207.0,812.0,9180,14050,14374,14093,12814,12879,32767,32767,32767,32767,32767,2950.0,17000.0
1251.0,864.0,9540,14050,15366,13551,12814,12879,32767,32767,32767,32767,32767,3423.0,17000.0
1295.0,891.0,9180,14050,14374,14093,13424,12879,32767,32767,32767,32767,32767,3168.0,17000.0
1207.0,838.0,8820,14050,14870,14635,14034,12879,32767,32767,32767,32767,32767,2659.0,17000.0
1273.0,943.0,9180,14050,14870,14093,14034,12879,32767,32767,32767,32767,32767,2695.0,17000.0
1317.0,891.0,9720,14050,14870,15177,13424,12879,32767,32767,32767,32767,32767,3933.0,17000.0
1207.0,864.0,9360,14518,14870,14093,13424,12879,32767,32767,32767,32767,32767,3241.0,17000.0
1449.0,1074.0,9180,14518,15366,15719,14034,12879,32767,32767,32767,32767,32767,2950.0,17000.0
1317.0,864.0,9900,14518,15861,16261,14034,12879,32767,32767,32767,32767,32767,3678.0,17000.0
1383.0,943.0,10260,14986,17348,15719,14644,12879,32767,32767,32767,32767,32767,3168.0,17000.0
1229.0,838.0,9900,14986,16357,15177,15254,12879,32767,32767,32767,32767,32767,3205.0,17000.0
1317.0,969.0,9180,14986,15366,15719,15254,12879,32767,32767,32767,32767,32767,2549.0,17000.0
1515.0,943.0,10080,15454,15861,16261,15254,12879,32767,32767,32767,32767,32767,4079.0,17000.0
1471.0,1126.0,10620,15923,18340,17345,17085,12879,32767,32767,32767,32767,32767,2950.0,17000.0
1229.0,891.0,7380,11708,12392,11924,12203,13557,32767,32767,32767,32767,32767,2513.0,17000.0
1185.0,838.0,8820,13113,13879,13009,12203,13557,32767,32767,32767,32767,32767,2950.0,17000.0
1229.0,864.0,9180,13113,13879,14093,13424,13557,32767,32767,32767,32767,32767,2841.0,17000.0
1207.0,864.0,9000,13581,15366,14635,13424,13557,32767,32767,32767,32767,32767,2659.0,17000.0
1251.0,864.0,9180,13581,15366,15177,14644,13557,32767,32767,32767,32767,32767,2804.0,17000.0
1317.0,969.0,8640,13581,14374,14635,12814,13557,32767,32767,32767,32767,32767,2877.0,17000.0
1295.0,969.0,8100,13581,13383,13551,13424,13557,32767,32767,32767,32767,32767,2367.0,17000.0
1185.0,838.0,9720,13581,15366,15177,14034,13557,32767,32767,32767,32767,32767,3351.0,17000.0
1273.0,891.0,9000,13581,14374,14635,14034,13557,32767,32767,32767,32767,32767,2695.0,17000.0
1273.0,891.0,8640,13581,14374,13551,12203,13557,32767,32767,32767,32767,32767,3241.0,17000.0
1251.0,891.0,9000,13581,13879,14093,14034,13557,32767,32767,32767,32767,32767,2950.0,17000.0
1295.0,891.0,9000,13581,14374,14093,12814,13557,32767,32767,32767,32767,32767,3241.0,17000.0
1317.0,891.0,8640,13581,14374,15177,14034,13557,32767,32767,32767,32767,32767,2950.0,17000.0
1164.0,838.0,8640,13581,14374,13551,12814,13557,32767,32767,32767,32767,32767,2586.0,17000.0
1273.0,838.0,8640,14050,15366,13009,12203,13557,32767,32767,32767,32767,32767,2913.0,17000.0
1185.0,812.0,9540,14050,15366,15719,14644,13557,32767,32767,32767,32767,32767,3059.0,17000.0
1251.0,891.0,9000,14050,14374,15177,14034,13557,32767,32767,32767,32767,32767,2404.0,17000.0
1229.0,864.0,9360,14050,14374,14635,12814,13557,32767,32767,32767,32767,32767,2986.0,17000.0
1273.0,891.0,9180,14050,14374,15177,14034,13557,32767,32767,32767,32767,32767,2841.0,17000.0
1229.0,812.0,8640,14050,14374,14635,14034,13557,32767,32767,32767,32767,32767,2622.0,17000.0
1273.0,995.0,9360,14050,15861,15177,14644,13557,32767,32767,32767,32767,32767,2586.0,17000.0
1295.0,969.0,9180,14050,15366,15177,13424,13557,32767,32767,32767,32767,32767,2549.0,17000.0
1295.0,995.0,9180,14518,14870,15177,13424,13557,32767,32767,32767,32767,32767,2622.0,17000.0
1273.0,943.0,9540,14518,16357,15177,14644,13557,32767,32767,32767,32767,32767,2659.0,17000.0
1295.0,917.0,9540,14518,15861,14635,12814,13557,32767,32767,32767,32767,32767,3460.0,17000.0
1295.0,943.0,9000,14518,15861,15177,14034,13557,32767,32767,32767,32767,32767,2476.0,17000.0
1361.0,917.0,9900,14518,16357,16261,15254,13557,32767,32767,32767,32767,32767,4079.0,17000.0
1317.0,943.0,8640,14518,14870,15177,14644,13557,32767,32767,32767,32767,32767,2549.0,17000.0
1251.0,917.0,9540,14518,16357,15719,14644,13557,32767,32767,32767,32767,32767,2513.0,17000.0
1273.0,995.0,9180,14518,15861,15719,14644,13557,32767,32767,32767,32767,32767,2622.0,17000.0
1273.0,969.0,9180,14986,15861,16261,15254,13557,32767,32767,32767,32767,32767,2331.0,17000.0
1317.0,891.0,9540,14986,15366,14635,14034,13557,32767,32767,32767,32767,32767,2950.0,17000.0
1295.0,1021.0,9360,14986,16357,16261,15864,13557,32767,32767,32767,32767,32767,2440.0,17000.0
1229.0,838.0,9720,14986,16357,15177,14644,13557,32767,32767,32767,32767,32767,3642.0,17000.0
1405.0,1048.0,9540,14986,15366,16261,15254,13557,32767,32767,32767,32767,32767,3132.0,17000.0
1493.0,917.0,9900,14986,15366,15719,14644,13557,32767,32767,32767,32767,32767,3460.0,17000.0
1361.0,995.0,9900,14986,16357,15719,15254,13557,32767,32767,32767,32767,32767,2986.0,17000.0
1251.0,917.0,9720,14986,16357,17345,15254,13557,32767,32767,32767,32767,32767,2586.0,17000.0
1273.0,995.0,9180,15454,16357,16261,15254,13557,32767,32767,32767,32767,32767,2222.0,17000.0
1295.0,917.0,9180,15454,15366,15177,14034,13557,32767,32767,32767,32767,32767,2731.0,17000.0
1449.0,969.0,10260,15454,17348,16803,15254,13557,32767,32767,32767,32767,32767,3533.0,17000.0
1559.0,1021.0,10620,16391,17348,17345,15864,13557,32767,32767,32767,32767,32767,3715.0,17000.0
1493.0,1074.0,6300,12645,11896,11924,12203,14235,32767,32767,32767,32767,32767,2622.0,17000.0
1251.0,760.0,9180,12645,14374,14093,12814,14235,32767,32767,32767,32767,32767,3460.0,17000.0
1295.0,969.0,9000,13581,15366,14093,12814,14235,32767,32767,32767,32767,32767,3205.0,17000.0
1295.0,917.0,9360,13581,14374,15177,13424,14235,32767,32767,32767,32767,32767,3059.0,17000.0
1317.0,891.0,10080,13581,16357,15177,14644,14235,32767,32767,32767,32767,32767,3897.0,17000.0
1339.0,943.0,9900,13581,15366,15177,14644,14235,32767,32767,32767,32767,32767,3314.0,17000.0
1317.0,969.0,9540,13581,14870,15719,14644,14235,32767,32767,32767,32767,32767,2731.0,17000.0
1339.0,969.0,9180,14050,15366,13551,12814,14235,32767,32767,32767,32767,32767,3205.0,17000.0
1427.0,1100.0,8820,14050,16853,16261,14644,14235,32767,32767,32767,32767,32767,2804.0,17000.0
1229.0,917.0,9000,14050,14870,15177,14034,14235,32767,32767,32767,32767,32767,2586.0,17000.0
1471.0,1021.0,10080,14518,16853,16261,14644,14235,32767,32767,32767,32767,32767,3241.0,17000.0
1295.0,917.0,9180,14518,15366,15177,14644,14235,32767,32767,32767,32767,32767,2659.0,17000.0
1361.0,943.0,9900,14518,14870,16261,15254,14235,32767,32767,32767,32767,32767,3132.0,17000.0
1339.0,969.0,9900,14518,15861,16261,14034,14235,32767,32767,32767,32767,32767,2913.0,17000.0
1251.0,838.0,9360,14518,15366,14635,14644,14235,32767,32767,32767,32767,32767,2768.0,17000.0
1449.0,1074.0,9540,14518,15861,15177,15254,14235,32767,32767,32767,32767,32767,3642.0,17000.0
1273.0,917.0,9180,14986,15366,15719,14644,14235,32767,32767,32767,32767,32767,2804.0,17000.0
1251.0,891.0,9360,14986,16357,15719,15254,14235,32767,32767,32767,32767,32767,2695.0,17000.0
1207.0,864.0,9900,14986,16853,16803,14644,14235,32767,32767,32767,32767,32767,2731.0,17000.0
1361.0,969.0,10260,14986,16357,17345,15254,14235,32767,32767,32767,32767,32767,3533.0,17000.0
1339.0,995.0,9360,14986,16357,16803,15254,14235,32767,32767,32767,32767,32767,2659.0,17000.0
1515.0,1074.0,9360,15454,16853,15177,14644,14235,32767,32767,32767,32767,32767,3278.0,17000.0
1207.0,838.0,9720,15454,17348,16261,15254,14235,32767,32767,32767,32767,32767,2768.0,17000.0
1427.0,943.0,10620,15454,17348,17345,16475,14235,32767,32767,32767,32767,32767,3351.0,17000.0
1295.0,969.0,9720,15454,16853,16803,15864,14235,32767,32767,32767,32767,32767,3059.0,17000.0
1427.0,995.0,10800,15923,17844,18971,17085,14235,32767,32767,32767,32767,32767,3387.0,17000.0
1449.0,1074.0,10080,15923,17348,17345,15254,14235,32767,32767,32767,32767,32767,3460.0,17000.0
1273.0,864.0,10620,16391,17844,18429,17085,14235,32767,32767,32767,32767,32767,3168.0,17000.0
1493.0,1021.0,10260,16391,18340,17345,15864,14235,32767,32767,32767,32767,32767,3860.0,17000.0
1383.0,1074.0,10800,16391,17844,18429,17085,14235,32767,32767,32767,32767,32767,3751.0,17000.0
1471.0,1126.0,10080,16391,16357,17887,15254,14235,32767,32767,32767,32767,32767,2913.0,17000.0
1471.0,995.0,10260,16391,18340,16803,15254,14235,32767,32767,32767,32767,32767,3569.0,17000.0
1273.0,969.0,10800,16391,18340,17887,17695,14235,32767,32767,32767,32767,32767,3314.0,17000.0
1471.0,1100.0,7560,12645,12887,11924,12814,14913,32767,32767,32767,32767,32767,3132.0,17000.0
1317.0,943.0,9180,13581,14374,15719,14034,14913,32767,32767,32767,32767,32767,2695.0,17000.0
1866.0,1519.0,8100,14050,15366,16261,15864,14913,32767,32767,32767,32767,32767,2549.0,17000.0
1185.0,838.0,9360,14518,15861,15719,15254,14913,32767,32767,32767,32767,32767,2731.0,17000.0
1273.0,917.0,9540,14518,15366,15719,14644,14913,32767,32767,32767,32767,32767,3059.0,17000.0
1273.0,917.0,9360,14518,16357,15719,15864,14913,32767,32767,32767,32767,32767,2549.0,17000.0
1229.0,891.0,9720,14986,16357,17887,15254,14913,32767,32767,32767,32767,32767,2695.0,17000.0
1317.0,943.0,9360,14986,15861,15719,14644,14913,32767,32767,32767,32767,32767,2659.0,17000.0
1339.0,1021.0,10260,14986,16853,15177,15864,14913,32767,32767,32767,32767,32767,3023.0,17000.0
1295.0,995.0,9720,14986,17348,16803,15864,14913,32767,32767,32767,32767,32767,2804.0,17000.0
1427.0,1126.0,9900,15454,17844,16803,15864,14913,32767,32767,32767,32767,32767,2586.0,17000.0
1339.0,943.0,9720,15454,15861,16261,15254,14913,32767,32767,32767,32767,32767,3023.0,17000.0
1339.0,969.0,10620,15923,17844,16803,16475,14913,32767,32767,32767,32767,32767,3023.0,17000.0
1449.0,1100.0,10620,15923,17348,16803,15864,14913,32767,32767,32767,32767,32767,3059.0,17000.0
1317.0,917.0,9900,15923,16853,16803,15864,14913,32767,32767,32767,32767,32767,2913.0,17000.0
1405.0,995.0,9540,16391,19827,15177,14644,14913,32767,32767,32767,32767,32767,3351.0,17000.0
1515.0,1126.0,10260,16859,18340,17887,17085,14913,32767,32767,32767,32767,32767,3059.0,17000.0
1339.0,1100.0,10620,17328,19827,19513,18305,14913,32767,32767,32767,32767,32767,2294.0,17000.0
1515.0,1205.0,10620,17328,18340,18429,17085,14913,32767,32767,32767,32767,32767,2950.0,17000.0
1625.0,1152.0,11160,17796,19331,18971,18305,14913,32767,32767,32767,32767,32767,3970.0,17000.0
1427.0,1048.0,11520,17796,19331,18971,18305,14913,32767,32767,32767,32767,32767,3496.0,17000.0
1185.0,838.0,9540,14518,15861,16803,16475,15591,32767,32767,32767,32767,32767,2695.0,17000.0
1405.0,1021.0,9180,14518,15861,16261,14644,15591,32767,32767,32767,32767,32767,2877.0,17000.0
1361.0,995.0,10440,15454,17348,18429,17695,15591,32767,32767,32767,32767,32767,3351.0,17000.0
1339.0,1021.0,9900,15923,18340,17345,15864,15591,32767,32767,32767,32767,32767,2440.0,17000.0
1647.0,1310.0,8280,15923,16853,16261,16475,15591,32767,32767,32767,32767,32767,2222.0,17000.0
1449.0,1048.0,10620,15923,17348,17345,15864,15591,32767,32767,32767,32767,32767,3423.0,17000.0
1559.0,1152.0,10260,16391,17844,18429,16475,15591,32767,32767,32767,32767,32767,3314.0,17000.0
1493.0,1074.0,10440,16391,17348,17345,16475,15591,32767,32767,32767,32767,32767,3460.0,17000.0
1493.0,1152.0,10080,16391,17844,17887,15864,15591,32767,32767,32767,32767,32767,3278.0,17000.0
1625.0,1283.0,10440,16391,17844,17887,17695,15591,32767,32767,32767,32767,32767,2986.0,17000.0
1449.0,1152.0,10620,16859,18835,18429,17695,15591,32767,32767,32767,32767,32767,2440.0,17000.0
1734.0,1336.0,10620,16859,18340,18429,17085,15591,32767,32767,32767,32767,32767,3970.0,17000.0
1471.0,1074.0,10980,16859,18835,18429,17085,15591,32767,32767,32767,32767,32767,3205.0,17000.0
1383.0,1048.0,10620,16859,18835,18429,17085,15591,32767,32767,32767,32767,32767,2731.0,17000.0
1625.0,1362.0,10800,17328,19331,18971,18305,15591,32767,32767,32767,32767,32767,3569.0,17000.0
1383.0,1179.0,10620,17328,18340,18429,17695,15591,32767,32767,32767,32767,32767,2695.0,17000.0
1647.0,1283.0,11160,18264,19827,20055,18305,15591,32767,32767,32767,32767,32767,3205.0,17000.0
1559.0,1048.0,10440,15454,16853,17345,15864,16269,32767,32767,32767,32767,32767,3605.0,17000.0
1405.0,1048.0,10440,15923,18340,18429,17085,16269,32767,32767,32767,32767,32767,3278.0,17000.0
1427.0,1048.0,10080,15923,17348,16803,16475,16269,32767,32767,32767,32767,32767,3168.0,17000.0
2349.0,1912.0,10260,16391,19827,18429,17695,16269,32767,32767,32767,32767,32767,3860.0,17000.0
1383.0,1021.0,9720,16391,17844,18429,17085,16269,32767,32767,32767,32767,32767,2549.0,17000.0
1383.0,1021.0,10980,16391,18340,18971,17695,16269,32767,32767,32767,32767,32767,3205.0,17000.0
1822.0,1388.0,10620,16859,18340,18429,17085,16269,32767,32767,32767,32767,32767,3168.0,17000.0
1756.0,1598.0,10260,17328,18340,18429,17695,16269,32767,32767,32767,32767,32767,2622.0,17000.0
1405.0,1048.0,9900,17328,19331,17345,16475,16269,32767,32767,32767,32767,32767,3351.0,17000.0
1339.0,864.0,10980,17328,18835,17887,17695,16269,32767,32767,32767,32767,32767,3241.0,17000.0
1822.0,1624.0,10620,17796,19331,18429,18305,16269,32767,32767,32767,32767,32767,2913.0,17000.0
1295.0,1021.0,10980,18264,20322,19513,19525,16269,32767,32767,32767,32767,32767,2367.0,17000.0
1405.0,1021.0,10260,14986,16853,17345,16475,16947,32767,32767,32767,32767,32767,3278.0,17000.0
1888.0,1493.0,10620,17796,19827,18971,18915,16947,32767,32767,32767,32767,32767,3715.0,17000.0
1734.0,1414.0,11700,18264,20322,20055,18915,16947,32767,32767,32767,32767,32767,3278.0,17000.0
1471.0,1100.0,12060,19201,21314,21681,19525,16947,32767,32767,32767,32767,32767,3387.0,17000.0
1537.0,1205.0,12239,19201,20818,22765,20136,16947,32767,32767,32767,32767,32767,3423.0,17000.0
1690.0,1362.0,12599,19669,21809,22223,21356,16947,32767,32767,32767,32767,32767,3496.0,17000.0
1844.0,1493.0,9180,16391,16357,17887,17085,17625,32767,32767,32767,32767,32767,2768.0,17000.0
1603.0,1205.0,9540,16391,17348,17887,17695,17625,32767,32767,32767,32767,32767,3241.0,17000.0
1471.0,1100.0,11160,17328,19827,19513,17695,17625,32767,32767,32767,32767,32767,3168.0,17000.0
1559.0,1205.0,11340,17796,18835,20055,18915,17625,32767,32767,32767,32767,32767,3387.0,17000.0
1449.0,1021.0,11340,18264,19827,19513,18305,17625,32767,32767,32767,32767,32767,3460.0,17000.0
1647.0,1257.0,11700,18733,20818,20055,20136,17625,32767,32767,32767,32767,32767,3241.0,17000.0
1932.0,1545.0,12060,18733,20818,21681,20136,17625,32767,32767,32767,32767,32767,3351.0,17000.0
1910.0,1545.0,9180,17328,16853,19513,20136,18302,32767,32767,32767,32767,32767,2549.0,17000.0
1537.0,1205.0,10440,17796,18835,20055,18305,18302,32767,32767,32767,32767,32767,3023.0,17000.0
1559.0,1152.0,12060,19669,20818,22223,19525,18302,32767,32767,32767,32767,32767,3387.0,17000.0
1559.0,1179.0,10080,19669,20322,20597,19525,18302,32767,32767,32767,32767,32767,2695.0,17000.0
2437.0,2043.0,11520,20138,21809,20597,20746,18302,32767,32767,32767,32767,32767,3788.0,17000.0
1712.0,1336.0,11340,20138,22801,22223,21966,18302,32767,32767,32767,32767,32767,3496.0,17000.0
1581.0,1310.0,12419,20606,22305,23849,21966,18302,32767,32767,32767,32767,32767,2841.0,17000.0
1822.0,1467.0,13679,21543,24288,25475,24407,18302,32767,32767,32767,32767,32767,3678.0,17000.0
1954.0,1571.0,13499,22011,24288,25475,24407,18980,32767,32767,32767,32767,32767,3860.0,17000.0
2239.0,1938.0,12239,21543,23792,22765,23187,19658,32767,32767,32767,32767,32767,3460.0,17000.0
2108.0,1729.0,13319,22948,24783,23849,23187,19658,32767,32767,32767,32767,32767,3860.0,17000.0
2854.0,2488.0,13139,22011,25279,24391,24407,20336,32767,32767,32767,32767,32767,4662.0,17000.0
1778.0,1441.0,14579,23416,26270,26559,24407,20336,32767,32767,32767,32767,32767,4297.0,17000.0
2327.0,1912.0,12599,23416,24288,23849,23797,20336,32767,32767,32767,32767,32767,3605.0,17000.0
2459.0,2095.0,12239,23416,25279,27101,26848,21014,32767,32767,32767,32767,32767,3897.0,17000.0
1822.0,1362.0,8460,18733,18340,15177,18915,22370,32767,32767,32767,32767,32767,2549.0,17000.0
2195.0,1833.0,12599,22479,25775,24933,23797,22370,32767,32767,32767,32767,32767,3605.0,17000.0
2108.0,1729.0,11700,20138,22801,22223,23187,23047,32767,32767,32767,32767,32767,3496.0,17000.0
2086.0,1729.0,11340,22479,25279,26559,27458,23725,32767,32767,32767,32767,32767,2549.0,17000.0
2547.0,2200.0,14939,28567,31723,32521,32767,25759,32767,32767,32767,32767,32767,3788.0,17000.0
2744.0,2383.0,12239,23884,27262,24933,28068,28470,32767,32767,32767,32767,32767,3751.0,17000.0
3117.0,2672.0,11700,22948,24783,27643,32767,32767,32767,32767,32767,32767,32767,3933.0,17000.0
976.0,608.0,3817,8040,7508,8211,8011,10953,32767,32767,32767,32767,32767,1214.0,17100.0
1042.0,688.0,4544,8513,9010,8758,8627,10953,32767,32767,32767,32767,32767,1618.0,17100.0
1197.0,794.0,6362,9932,11012,10400,11092,10953,32767,32767,32767,32767,32767,2795.0,17100.0
1153.0,741.0,5090,8986,9010,9305,9243,11638,32767,32767,32767,32767,32767,1765.0,17100.0
1020.0,635.0,5090,9459,9511,8758,8627,11638,32767,32767,32767,32767,32767,1949.0,17100.0
1242.0,846.0,6362,10405,10512,12590,11092,11638,32767,32767,32767,32767,32767,2611.0,17100.0
1131.0,741.0,7816,10878,12514,10948,11092,11638,32767,32767,32767,32767,32767,2832.0,17100.0
1308.0,1032.0,5817,10878,10512,10948,11092,11638,32767,32767,32767,32767,32767,1912.0,17100.0
1153.0,820.0,6362,10405,11012,11495,11092,12322,32767,32767,32767,32767,32767,1986.0,17100.0
1286.0,899.0,6180,10878,10512,10948,10475,12322,32767,32767,32767,32767,32767,2391.0,17100.0
1330.0,952.0,6362,10878,11012,12042,9859,12322,32767,32767,32767,32767,32767,2722.0,17100.0
1153.0,767.0,5998,10878,11513,10948,10475,12322,32767,32767,32767,32767,32767,2243.0,17100.0
1197.0,873.0,5998,11351,12014,11495,10475,12322,32767,32767,32767,32767,32767,1692.0,17100.0
1219.0,873.0,8543,11824,13515,12590,12324,12322,32767,32767,32767,32767,32767,3053.0,17100.0
1197.0,820.0,8361,11824,12514,12590,12940,12322,32767,32767,32767,32767,32767,2979.0,17100.0
1175.0,794.0,7453,11824,12514,13137,12324,12322,32767,32767,32767,32767,32767,2317.0,17100.0
1153.0,741.0,8180,11824,13015,12590,11708,12322,32767,32767,32767,32767,32767,2795.0,17100.0
1175.0,820.0,8725,12297,13515,13137,12940,12322,32767,32767,32767,32767,32767,2869.0,17100.0
1242.0,820.0,8180,12297,13015,13684,12940,12322,32767,32767,32767,32767,32767,2758.0,17100.0
1219.0,820.0,8543,12297,13515,13684,12324,12322,32767,32767,32767,32767,32767,3053.0,17100.0
1219.0,873.0,8361,12297,13015,13684,12940,12322,32767,32767,32767,32767,32767,2942.0,17100.0
1286.0,873.0,8725,12770,13015,12590,12324,12322,32767,32767,32767,32767,32767,3273.0,17100.0
1352.0,952.0,9270,12770,14516,13684,12940,12322,32767,32767,32767,32767,32767,3531.0,17100.0
1264.0,873.0,8361,12770,13515,13137,13556,12322,32767,32767,32767,32767,32767,3053.0,17100.0
1330.0,873.0,9089,13242,13515,13137,12940,12322,32767,32767,32767,32767,32767,3494.0,17100.0
1264.0,873.0,8907,13242,14516,13137,13556,12322,32767,32767,32767,32767,32767,3200.0,17100.0
1441.0,1058.0,9089,13242,13515,13684,12940,12322,32767,32767,32767,32767,32767,3531.0,17100.0
1175.0,846.0,8907,13715,14016,14232,13556,12322,32767,32767,32767,32767,32767,2722.0,17100.0
1397.0,1058.0,9634,14188,15017,14779,14173,12322,32767,32767,32767,32767,32767,3237.0,17100.0
1352.0,926.0,9997,14661,16018,16421,14789,12322,32767,32767,32767,32767,32767,3568.0,17100.0
1219.0,820.0,7453,10878,12014,12042,11092,13007,32767,32767,32767,32767,32767,3126.0,17100.0
1219.0,794.0,7634,11351,12514,12590,11092,13007,32767,32767,32767,32767,32767,2869.0,17100.0
1197.0,820.0,7089,11351,12014,12590,11092,13007,32767,32767,32767,32767,32767,2722.0,17100.0
1286.0,846.0,7453,11824,11513,13684,11708,13007,32767,32767,32767,32767,32767,2795.0,17100.0
1286.0,873.0,7271,11824,13515,12042,12324,13007,32767,32767,32767,32767,32767,2427.0,17100.0
1264.0,899.0,8180,11824,13515,12590,11092,13007,32767,32767,32767,32767,32767,3089.0,17100.0
1375.0,952.0,8543,12297,13015,12042,11708,13007,32767,32767,32767,32767,32767,3568.0,17100.0
1264.0,846.0,8543,12297,13515,13137,12940,13007,32767,32767,32767,32767,32767,3126.0,17100.0
1286.0,873.0,7816,12297,13515,13137,12940,13007,32767,32767,32767,32767,32767,3200.0,17100.0
1330.0,926.0,8725,12297,13015,12590,12324,13007,32767,32767,32767,32767,32767,3273.0,17100.0
1153.0,767.0,7998,12297,12514,12590,12324,13007,32767,32767,32767,32767,32767,2795.0,17100.0
1242.0,820.0,8361,12297,12514,13684,12940,13007,32767,32767,32767,32767,32767,3053.0,17100.0
1197.0,846.0,8180,12770,14016,13137,12940,13007,32767,32767,32767,32767,32767,2795.0,17100.0
1286.0,873.0,8543,12770,13515,13684,12324,13007,32767,32767,32767,32767,32767,3016.0,17100.0
1197.0,820.0,8725,12770,13515,13684,12940,13007,32767,32767,32767,32767,32767,2832.0,17100.0
1264.0,873.0,8543,12770,13515,13684,12940,13007,32767,32767,32767,32767,32767,3237.0,17100.0
1219.0,794.0,8543,12770,14016,13137,11708,13007,32767,32767,32767,32767,32767,3089.0,17100.0
1352.0,899.0,8543,12770,14516,13684,13556,13007,32767,32767,32767,32767,32767,3200.0,17100.0
1330.0,926.0,8725,12770,14516,14232,12940,13007,32767,32767,32767,32767,32767,3016.0,17100.0
1175.0,846.0,8361,12770,13015,12590,12324,13007,32767,32767,32767,32767,32767,3053.0,17100.0
1419.0,979.0,8543,12770,13515,13684,13556,13007,32767,32767,32767,32767,32767,3237.0,17100.0
1219.0,846.0,8907,12770,13515,13684,12324,13007,32767,32767,32767,32767,32767,2942.0,17100.0
1219.0,820.0,8543,12770,14016,13137,12940,13007,32767,32767,32767,32767,32767,2832.0,17100.0
1485.0,979.0,9089,13242,14016,14232,13556,13007,32767,32767,32767,32767,32767,4928.0,17100.0
1242.0,899.0,8907,13242,15017,13137,13556,13007,32767,32767,32767,32767,32767,3016.0,17100.0
1286.0,926.0,8543,13242,14016,13684,13556,13007,32767,32767,32767,32767,32767,2942.0,17100.0
1264.0,899.0,9270,13242,14516,14232,12940,13007,32767,32767,32767,32767,32767,3089.0,17100.0
1264.0,926.0,8907,13242,15017,14779,14789,13007,32767,32767,32767,32767,32767,3016.0,17100.0
1308.0,873.0,8543,13242,14516,13137,12940,13007,32767,32767,32767,32767,32767,3126.0,17100.0
1264.0,846.0,8725,13242,14516,13137,12940,13007,32767,32767,32767,32767,32767,2979.0,17100.0
1308.0,899.0,9089,13242,15017,14232,13556,13007,32767,32767,32767,32767,32767,3200.0,17100.0
1286.0,899.0,9089,13715,14516,13684,12940,13007,32767,32767,32767,32767,32767,3126.0,17100.0
1264.0,873.0,8907,13715,14516,13684,13556,13007,32767,32767,32767,32767,32767,3089.0,17100.0
1330.0,926.0,8543,14188,14516,15327,12940,13007,32767,32767,32767,32767,32767,3273.0,17100.0
1286.0,899.0,8907,14188,15017,15327,14789,13007,32767,32767,32767,32767,32767,2722.0,17100.0
1308.0,952.0,9634,14188,15518,14232,14173,13007,32767,32767,32767,32767,32767,3457.0,17100.0
1330.0,873.0,9997,14188,16519,14779,14173,13007,32767,32767,32767,32767,32767,3457.0,17100.0
1375.0,979.0,9816,14661,15017,14779,13556,13007,32767,32767,32767,32767,32767,3347.0,17100.0
1197.0,820.0,5998,10878,11513,10948,11092,13691,32767,32767,32767,32767,32767,2207.0,17100.0
1286.0,873.0,8725,12297,14016,13684,13556,13691,32767,32767,32767,32767,32767,3163.0,17100.0
1330.0,926.0,9089,12297,14516,13137,12324,13691,32767,32767,32767,32767,32767,3163.0,17100.0
1419.0,952.0,8180,12297,14016,13684,12940,13691,32767,32767,32767,32767,32767,3273.0,17100.0
1242.0,873.0,7453,12297,13015,13137,12324,13691,32767,32767,32767,32767,32767,2722.0,17100.0
1397.0,979.0,7816,12297,13515,13137,12324,13691,32767,32767,32767,32767,32767,2906.0,17100.0
1308.0,899.0,7816,12297,13515,13137,12940,13691,32767,32767,32767,32767,32767,3053.0,17100.0
1197.0,794.0,7453,12770,13015,13137,12940,13691,32767,32767,32767,32767,32767,2133.0,17100.0
1286.0,846.0,9270,12770,14516,13684,12940,13691,32767,32767,32767,32767,32767,3126.0,17100.0
1330.0,952.0,8907,12770,14016,13684,12324,13691,32767,32767,32767,32767,32767,3163.0,17100.0
1308.0,899.0,8725,12770,14016,13684,12324,13691,32767,32767,32767,32767,32767,3310.0,17100.0
1397.0,1032.0,7271,12770,14516,13684,13556,13691,32767,32767,32767,32767,32767,2096.0,17100.0
1264.0,873.0,8907,13242,14516,13684,12324,13691,32767,32767,32767,32767,32767,3310.0,17100.0
1441.0,1084.0,7634,13242,14516,13137,12940,13691,32767,32767,32767,32767,32767,2979.0,17100.0
1264.0,899.0,9089,13242,14016,14232,13556,13691,32767,32767,32767,32767,32767,3016.0,17100.0
1463.0,1005.0,8725,13242,14016,14779,12940,13691,32767,32767,32767,32767,32767,3273.0,17100.0
1463.0,1032.0,9089,13242,14516,14232,13556,13691,32767,32767,32767,32767,32767,3347.0,17100.0
1264.0,846.0,9089,13242,15518,14779,14789,13691,32767,32767,32767,32767,32767,3126.0,17100.0
1397.0,979.0,9452,13715,14516,14232,14173,13691,32767,32767,32767,32767,32767,3273.0,17100.0
1352.0,952.0,9089,13715,15017,14779,14173,13691,32767,32767,32767,32767,32767,3641.0,17100.0
1330.0,952.0,9816,13715,15017,15327,14173,13691,32767,32767,32767,32767,32767,4340.0,17100.0
1330.0,926.0,9089,13715,15017,14779,13556,13691,32767,32767,32767,32767,32767,3016.0,17100.0
1375.0,952.0,9270,13715,15017,13684,13556,13691,32767,32767,32767,32767,32767,3715.0,17100.0
1286.0,899.0,9452,13715,14516,14779,13556,13691,32767,32767,32767,32767,32767,3237.0,17100.0
1286.0,899.0,9452,13715,15518,14779,14173,13691,32767,32767,32767,32767,32767,3126.0,17100.0
1397.0,952.0,9634,13715,15518,15327,14789,13691,32767,32767,32767,32767,32767,3494.0,17100.0
1508.0,1032.0,9634,13715,14516,14779,14173,13691,32767,32767,32767,32767,32767,3457.0,17100.0
1286.0,873.0,9452,14188,15518,14232,13556,13691,32767,32767,32767,32767,32767,3494.0,17100.0
1219.0,846.0,9089,14188,15017,14779,14173,13691,32767,32767,32767,32767,32767,2906.0,17100.0
1419.0,1032.0,9270,14188,16018,15874,14789,13691,32767,32767,32767,32767,32767,4082.0,17100.0
1264.0,873.0,9452,14188,14516,14779,13556,13691,32767,32767,32767,32767,32767,3310.0,17100.0
1330.0,979.0,9997,14188,17019,15874,14173,13691,32767,32767,32767,32767,32767,3200.0,17100.0
1397.0,979.0,9634,14188,15518,14779,12940,13691,32767,32767,32767,32767,32767,3347.0,17100.0
1375.0,1005.0,9816,14188,15518,14779,12940,13691,32767,32767,32767,32767,32767,3420.0,17100.0
1397.0,1005.0,9452,14188,15518,15327,14173,13691,32767,32767,32767,32767,32767,3273.0,17100.0
1219.0,873.0,9270,14661,16519,15874,14789,13691,32767,32767,32767,32767,32767,2869.0,17100.0
1375.0,1005.0,9270,14661,16018,14779,13556,13691,32767,32767,32767,32767,32767,3089.0,17100.0
1308.0,952.0,9634,14661,16018,15327,14173,13691,32767,32767,32767,32767,32767,3273.0,17100.0
1375.0,1058.0,9816,14661,16519,16421,14789,13691,32767,32767,32767,32767,32767,3273.0,17100.0
1508.0,1111.0,9997,15134,16519,15874,15405,13691,32767,32767,32767,32767,32767,3604.0,17100.0
1242.0,846.0,8180,12297,13515,13137,12940,14376,32767,32767,32767,32767,32767,2869.0,17100.0
1352.0,1032.0,6180,12297,14016,12590,12324,14376,32767,32767,32767,32767,32767,2096.0,17100.0
1308.0,926.0,8543,12297,14016,13684,12324,14376,32767,32767,32767,32767,32767,3163.0,17100.0
1330.0,899.0,8180,12297,14516,13137,14173,14376,32767,32767,32767,32767,32767,3200.0,17100.0
1308.0,899.0,8725,12770,13515,13684,12324,14376,32767,32767,32767,32767,32767,3384.0,17100.0
1286.0,873.0,7998,12770,13515,14779,13556,14376,32767,32767,32767,32767,32767,3273.0,17100.0
1375.0,979.0,9089,13242,14516,14779,14173,14376,32767,32767,32767,32767,32767,3163.0,17100.0
1219.0,820.0,8725,13242,14016,13684,12940,14376,32767,32767,32767,32767,32767,2942.0,17100.0
1352.0,979.0,7271,13242,14016,12590,12940,14376,32767,32767,32767,32767,32767,2464.0,17100.0
1330.0,952.0,9634,13242,14016,15327,14173,14376,32767,32767,32767,32767,32767,3310.0,17100.0
1352.0,952.0,9089,13242,14016,13137,12940,14376,32767,32767,32767,32767,32767,3420.0,17100.0
1375.0,979.0,9089,13242,14516,13684,12940,14376,32767,32767,32767,32767,32767,3273.0,17100.0
1286.0,926.0,8907,13715,15017,14232,12940,14376,32767,32767,32767,32767,32767,3089.0,17100.0
1264.0,873.0,8907,13715,15017,13137,13556,14376,32767,32767,32767,32767,32767,3163.0,17100.0
1264.0,899.0,9270,13715,15518,14779,14789,14376,32767,32767,32767,32767,32767,2979.0,17100.0
1530.0,1084.0,9270,13715,15017,14779,14173,14376,32767,32767,32767,32767,32767,3972.0,17100.0
1375.0,952.0,9089,13715,15017,14232,14173,14376,32767,32767,32767,32767,32767,3457.0,17100.0
1441.0,1032.0,9452,13715,15017,14779,14173,14376,32767,32767,32767,32767,32767,3310.0,17100.0
1330.0,979.0,7816,14188,14016,14232,12940,14376,32767,32767,32767,32767,32767,2354.0,17100.0
1308.0,899.0,9270,14188,15017,14232,14173,14376,32767,32767,32767,32767,32767,3384.0,17100.0
1308.0,926.0,9270,14188,15518,14779,14173,14376,32767,32767,32767,32767,32767,3089.0,17100.0
1330.0,926.0,9452,14188,15518,14779,14173,14376,32767,32767,32767,32767,32767,3053.0,17100.0
1264.0,873.0,9089,14188,15518,15327,14789,14376,32767,32767,32767,32767,32767,2869.0,17100.0
1330.0,926.0,9089,14188,15518,14232,14173,14376,32767,32767,32767,32767,32767,3200.0,17100.0
1352.0,952.0,9452,14188,15518,14779,15405,14376,32767,32767,32767,32767,32767,3053.0,17100.0
1419.0,1032.0,9452,14661,15518,15327,14173,14376,32767,32767,32767,32767,32767,3604.0,17100.0
1485.0,1058.0,9452,14661,15518,15327,14789,14376,32767,32767,32767,32767,32767,3310.0,17100.0
1485.0,1058.0,9997,14661,16519,16421,14173,14376,32767,32767,32767,32767,32767,3568.0,17100.0
1419.0,1032.0,9997,14661,16018,15874,14789,14376,32767,32767,32767,32767,32767,3604.0,17100.0
1286.0,952.0,9270,14661,16018,15327,14173,14376,32767,32767,32767,32767,32767,3016.0,17100.0
1352.0,952.0,9634,14661,16018,15874,14789,14376,32767,32767,32767,32767,32767,3788.0,17100.0
1397.0,1032.0,8543,14661,15017,14779,13556,14376,32767,32767,32767,32767,32767,2979.0,17100.0
1485.0,1084.0,9270,14661,15518,15874,14789,14376,32767,32767,32767,32767,32767,3420.0,17100.0
1552.0,1111.0,9997,14661,16519,15874,15405,14376,32767,32767,32767,32767,32767,3347.0,17100.0
1308.0,926.0,9452,14661,16018,14779,14173,14376,32767,32767,32767,32767,32767,3053.0,17100.0
1463.0,1111.0,9452,15134,16519,16421,14789,14376,32767,32767,32767,32767,32767,3384.0,17100.0
1441.0,1084.0,10179,15134,17520,15874,14789,14376,32767,32767,32767,32767,32767,3310.0,17100.0
1552.0,1190.0,9452,15134,16018,15874,15405,14376,32767,32767,32767,32767,32767,3237.0,17100.0
1419.0,1058.0,10179,15134,16519,15327,15405,14376,32767,32767,32767,32767,32767,3200.0,17100.0
1419.0,1032.0,9997,15134,16018,15874,15405,14376,32767,32767,32767,32767,32767,3347.0,17100.0
1330.0,952.0,9089,15134,15017,15327,14173,14376,32767,32767,32767,32767,32767,2942.0,17100.0
1352.0,1005.0,9634,16080,17019,16421,15405,14376,32767,32767,32767,32767,32767,2942.0,17100.0
1375.0,979.0,9270,13242,15017,14779,14173,15060,32767,32767,32767,32767,32767,3494.0,17100.0
1352.0,952.0,7816,13242,14016,13684,12940,15060,32767,32767,32767,32767,32767,2538.0,17100.0
1375.0,1005.0,9089,13242,15017,13684,14789,15060,32767,32767,32767,32767,32767,3237.0,17100.0
1441.0,1032.0,9634,13715,15017,15327,15405,15060,32767,32767,32767,32767,32767,3200.0,17100.0
1352.0,979.0,9270,13715,15017,14232,14173,15060,32767,32767,32767,32767,32767,3163.0,17100.0
1463.0,1058.0,8361,13715,14016,14779,14173,15060,32767,32767,32767,32767,32767,3273.0,17100.0
1375.0,952.0,8907,13715,14516,14779,13556,15060,32767,32767,32767,32767,32767,3384.0,17100.0
1308.0,952.0,6726,13715,14516,14232,14173,15060,32767,32767,32767,32767,32767,2317.0,17100.0
1308.0,926.0,9089,14188,15017,14232,12940,15060,32767,32767,32767,32767,32767,2979.0,17100.0
1818.0,1375.0,9816,14188,16519,16421,16021,15060,32767,32767,32767,32767,32767,4046.0,17100.0
1397.0,979.0,9634,14188,15518,15327,14789,15060,32767,32767,32767,32767,32767,3420.0,17100.0
1441.0,1058.0,9270,14188,15518,15327,14789,15060,32767,32767,32767,32767,32767,3126.0,17100.0
1508.0,1084.0,9816,14661,16018,15327,15405,15060,32767,32767,32767,32767,32767,3420.0,17100.0
1397.0,1005.0,9816,14661,15518,15874,14173,15060,32767,32767,32767,32767,32767,3273.0,17100.0
1419.0,1032.0,9816,14661,16519,15874,16021,15060,32767,32767,32767,32767,32767,2869.0,17100.0
1308.0,952.0,9634,14661,16519,15327,14789,15060,32767,32767,32767,32767,32767,3310.0,17100.0
1508.0,1084.0,9634,15134,17019,15874,15405,15060,32767,32767,32767,32767,32767,3273.0,17100.0
1397.0,1084.0,9816,15134,16018,16421,16021,15060,32767,32767,32767,32767,32767,2869.0,17100.0
1397.0,1005.0,9452,15134,16519,16421,16637,15060,32767,32767,32767,32767,32767,2832.0,17100.0
1596.0,1190.0,9270,15134,16519,16421,15405,15060,32767,32767,32767,32767,32767,2795.0,17100.0
1375.0,1032.0,9997,15134,17019,16969,16637,15060,32767,32767,32767,32767,32767,3053.0,17100.0
1530.0,1111.0,9634,15607,16519,15874,16021,15060,32767,32767,32767,32767,32767,3273.0,17100.0
1419.0,1032.0,9452,15607,17019,16969,16021,15060,32767,32767,32767,32767,32767,2906.0,17100.0
1463.0,1084.0,10361,15607,17520,16969,16637,15060,32767,32767,32767,32767,32767,3200.0,17100.0
1641.0,1243.0,9816,15607,16519,15327,15405,15060,32767,32767,32767,32767,32767,3347.0,17100.0
1441.0,1084.0,8543,15607,15518,16969,16637,15060,32767,32767,32767,32767,32767,2464.0,17100.0
1596.0,1137.0,9816,15607,15518,16969,16021,15060,32767,32767,32767,32767,32767,3273.0,17100.0
1574.0,1190.0,10361,16080,17520,16969,16637,15060,32767,32767,32767,32767,32767,3200.0,17100.0
1574.0,1164.0,9997,16080,17520,16969,16637,15060,32767,32767,32767,32767,32767,3935.0,17100.0
1463.0,1058.0,10906,16080,18020,18611,17254,15060,32767,32767,32767,32767,32767,3531.0,17100.0
1530.0,1137.0,10361,16553,18020,17516,17254,15060,32767,32767,32767,32767,32767,3126.0,17100.0
1352.0,979.0,6726,12770,13015,13684,14173,15745,32767,32767,32767,32767,32767,2096.0,17100.0
1441.0,1005.0,9816,14188,16519,15874,15405,15745,32767,32767,32767,32767,32767,3494.0,17100.0
1574.0,1137.0,9816,14661,15017,16421,14789,15745,32767,32767,32767,32767,32767,3788.0,17100.0
1596.0,1164.0,10179,14661,17520,16969,16021,15745,32767,32767,32767,32767,32767,3494.0,17100.0
1463.0,1032.0,9997,15134,16519,18064,17254,15745,32767,32767,32767,32767,32767,3457.0,17100.0
1530.0,1190.0,9816,15134,16519,17516,15405,15745,32767,32767,32767,32767,32767,3016.0,17100.0
1485.0,1084.0,10179,15607,15518,16421,16021,15745,32767,32767,32767,32767,32767,3384.0,17100.0
1375.0,1084.0,9997,15607,17520,17516,17870,15745,32767,32767,32767,32767,32767,2906.0,17100.0
1419.0,1032.0,9452,15607,17520,16421,16021,15745,32767,32767,32767,32767,32767,2832.0,17100.0
1596.0,1190.0,9634,15607,16018,16969,16021,15745,32767,32767,32767,32767,32767,3016.0,17100.0
1441.0,1005.0,9997,15607,17019,18064,17254,15745,32767,32767,32767,32767,32767,3163.0,17100.0
1441.0,1111.0,9816,15607,17019,16969,16021,15745,32767,32767,32767,32767,32767,3016.0,17100.0
1552.0,1190.0,9634,15607,17019,16421,17254,15745,32767,32767,32767,32767,32767,3237.0,17100.0
1530.0,1190.0,9997,16080,17520,17516,17254,15745,32767,32767,32767,32767,32767,3053.0,17100.0
1663.0,1243.0,10179,16080,17019,16969,16021,15745,32767,32767,32767,32767,32767,3347.0,17100.0
1485.0,1058.0,9816,16080,16519,17516,16021,15745,32767,32767,32767,32767,32767,3788.0,17100.0
1397.0,1111.0,9634,16080,17019,16421,17254,15745,32767,32767,32767,32767,32767,2685.0,17100.0
1264.0,926.0,9997,16080,17520,17516,15405,15745,32767,32767,32767,32767,32767,3237.0,17100.0
1308.0,926.0,10179,16080,18521,18064,17254,15745,32767,32767,32767,32767,32767,2758.0,17100.0
1375.0,1032.0,10543,16080,17520,17516,16637,15745,32767,32767,32767,32767,32767,3347.0,17100.0
1508.0,1164.0,9997,16553,18521,17516,17254,15745,32767,32767,32767,32767,32767,3089.0,17100.0
1352.0,1005.0,9816,16553,17520,18064,17870,15745,32767,32767,32767,32767,32767,2758.0,17100.0
1707.0,1455.0,10179,16553,19022,18611,16637,15745,32767,32767,32767,32767,32767,3163.0,17100.0
1485.0,1164.0,9997,16553,17520,17516,17254,15745,32767,32767,32767,32767,32767,3273.0,17100.0
1375.0,1032.0,9634,16553,17520,18064,17254,15745,32767,32767,32767,32767,32767,2906.0,17100.0
1508.0,1137.0,10179,17026,18020,19158,17254,15745,32767,32767,32767,32767,32767,3347.0,17100.0
1530.0,1137.0,10543,17026,18521,18611,17870,15745,32767,32767,32767,32767,32767,3420.0,17100.0
1375.0,979.0,8725,14188,15017,14779,14789,16430,32767,32767,32767,32767,32767,2427.0,17100.0
1352.0,1005.0,9452,14661,16519,16969,16021,16430,32767,32767,32767,32767,32767,2722.0,17100.0
1352.0,1005.0,9270,14661,17019,14779,14789,16430,32767,32767,32767,32767,32767,2906.0,17100.0
1641.0,1190.0,9997,15134,17019,15874,16021,16430,32767,32767,32767,32767,32767,3457.0,17100.0
1330.0,952.0,9452,15607,16519,16421,14789,16430,32767,32767,32767,32767,32767,3531.0,17100.0
1485.0,1164.0,10725,16080,17520,17516,17254,16430,32767,32767,32767,32767,32767,3604.0,17100.0
1552.0,1190.0,10543,16553,18020,17516,16637,16430,32767,32767,32767,32767,32767,3273.0,17100.0
1574.0,1217.0,9634,16553,16018,16969,16637,16430,32767,32767,32767,32767,32767,2942.0,17100.0
1419.0,1032.0,9816,16553,17520,18064,16637,16430,32767,32767,32767,32767,32767,2722.0,17100.0
1419.0,1111.0,9997,16553,18521,18064,17254,16430,32767,32767,32767,32767,32767,2795.0,17100.0
1463.0,1084.0,10543,17026,19022,18611,16637,16430,32767,32767,32767,32767,32767,2979.0,17100.0
1530.0,1164.0,10543,17026,19022,17516,16637,16430,32767,32767,32767,32767,32767,3163.0,17100.0
1862.0,1481.0,10361,17026,19522,19158,17254,16430,32767,32767,32767,32767,32767,3126.0,17100.0
1552.0,1243.0,9816,17026,18521,18064,17870,16430,32767,32767,32767,32767,32767,3089.0,17100.0
1485.0,1111.0,11088,17026,19022,18064,17254,16430,32767,32767,32767,32767,32767,3678.0,17100.0
1441.0,1058.0,10725,17972,19522,19706,18486,16430,32767,32767,32767,32767,32767,3126.0,17100.0
1618.0,1323.0,11088,17972,19022,19158,19102,16430,32767,32767,32767,32767,32767,3089.0,17100.0
1485.0,1058.0,11452,18445,20523,20800,19102,16430,32767,32767,32767,32767,32767,3715.0,17100.0
1596.0,1190.0,9816,15134,16519,17516,16637,17114,32767,32767,32767,32767,32767,3237.0,17100.0
1419.0,1058.0,10361,16080,18020,19158,18486,17114,32767,32767,32767,32767,32767,3384.0,17100.0
2173.0,1799.0,10361,16553,18020,18611,17870,17114,32767,32767,32767,32767,32767,3678.0,17100.0
1862.0,1455.0,10543,16553,18020,18611,19102,17114,32767,32767,32767,32767,32767,3494.0,17100.0
1596.0,1164.0,10361,17026,19522,17516,17870,17114,32767,32767,32767,32767,32767,3788.0,17100.0
2062.0,1613.0,10543,17026,19022,17516,17254,17114,32767,32767,32767,32767,32767,3604.0,17100.0
1729.0,1561.0,10179,17026,19022,18064,17870,17114,32767,32767,32767,32767,32767,3016.0,17100.0
2239.0,1904.0,10179,17026,19022,19158,17870,17114,32767,32767,32767,32767,32767,3678.0,17100.0
1663.0,1243.0,11088,17499,19022,19706,18486,17114,32767,32767,32767,32767,32767,3568.0,17100.0
1685.0,1349.0,11270,18445,21024,21348,20951,17114,32767,32767,32767,32767,32767,3457.0,17100.0
1596.0,1217.0,11088,18445,21024,20800,19718,17114,32767,32767,32767,32767,32767,3237.0,17100.0
2217.0,1852.0,10906,18445,20523,19158,18486,17114,32767,32767,32767,32767,32767,3494.0,17100.0
1574.0,1190.0,11088,18918,19522,21348,20335,17114,32767,32767,32767,32767,32767,3604.0,17100.0
1751.0,1349.0,11270,18918,21024,19706,19102,17114,32767,32767,32767,32767,32767,3751.0,17100.0
1596.0,1190.0,11997,19391,21024,20800,20335,17114,32767,32767,32767,32767,32767,3788.0,17100.0
1618.0,1243.0,12179,20337,21524,22990,20951,17114,32767,32767,32767,32767,32767,3494.0,17100.0
1574.0,1190.0,10179,16553,18521,17516,17870,17799,32767,32767,32767,32767,32767,3053.0,17100.0
1441.0,1111.0,10361,16553,18521,18611,18486,17799,32767,32767,32767,32767,32767,2758.0,17100.0
1596.0,1217.0,10179,16553,19022,18611,18486,17799,32767,32767,32767,32767,32767,2942.0,17100.0
1685.0,1428.0,10725,17026,18521,18611,17870,17799,32767,32767,32767,32767,32767,3310.0,17100.0
1463.0,1111.0,10543,17026,19022,18064,17254,17799,32767,32767,32767,32767,32767,3163.0,17100.0
1685.0,1243.0,10543,17972,19522,18611,18486,17799,32767,32767,32767,32767,32767,3568.0,17100.0
1508.0,1137.0,10543,17972,20023,19706,19102,17799,32767,32767,32767,32767,32767,3016.0,17100.0
1840.0,1375.0,9997,17972,18521,20253,18486,17799,32767,32767,32767,32767,32767,2832.0,17100.0
1508.0,1137.0,10906,18445,20523,21348,20335,17799,32767,32767,32767,32767,32767,3053.0,17100.0
1552.0,1323.0,10725,18918,21024,21348,20951,17799,32767,32767,32767,32767,32767,2758.0,17100.0
1929.0,1587.0,11452,19391,21524,20800,20335,17799,32767,32767,32767,32767,32767,3568.0,17100.0
1818.0,1508.0,12360,19391,21024,22990,20951,17799,32767,32767,32767,32767,32767,3494.0,17100.0
1552.0,1217.0,11270,19391,21024,20800,20335,17799,32767,32767,32767,32767,32767,3273.0,17100.0
1663.0,1243.0,10361,16080,19022,18611,19102,18483,32767,32767,32767,32767,32767,3531.0,17100.0
1685.0,1270.0,10725,17499,19022,19158,19102,18483,32767,32767,32767,32767,32767,3237.0,17100.0
2261.0,1878.0,9816,17499,18521,18611,18486,18483,32767,32767,32767,32767,32767,3126.0,17100.0
1973.0,1561.0,11633,18918,21524,21348,19718,18483,32767,32767,32767,32767,32767,3604.0,17100.0
1862.0,1481.0,11815,19391,20523,20800,19718,18483,32767,32767,32767,32767,32767,4377.0,17100.0
2483.0,2063.0,7089,16080,17520,19158,20335,19168,32767,32767,32767,32767,32767,2574.0,17100.0
1729.0,1375.0,10543,17972,20523,20253,20335,19168,32767,32767,32767,32767,32767,2758.0,17100.0
1907.0,1508.0,11452,18445,21024,18064,18486,19168,32767,32767,32767,32767,32767,3862.0,17100.0
1508.0,1190.0,11452,19391,21024,22443,20951,19168,32767,32767,32767,32767,32767,3420.0,17100.0
1907.0,1534.0,6362,13715,13515,18064,19718,19852,32767,32767,32767,32767,32767,2280.0,17100.0
1641.0,1323.0,11088,17972,21024,19706,19102,19852,32767,32767,32767,32767,32767,2611.0,17100.0
1862.0,1508.0,11815,20337,22025,22990,22183,19852,32767,32767,32767,32767,32767,3384.0,17100.0
2173.0,1719.0,11997,19391,21024,21348,20951,20537,32767,32767,32767,32767,32767,3972.0,17100.0
2439.0,2063.0,12360,20810,23026,24085,23416,20537,32767,32767,32767,32767,32767,4487.0,17100.0
2106.0,1825.0,11815,21756,23026,26822,26497,20537,32767,32767,32767,32767,32767,2832.0,17100.0
1485.0,1323.0,11997,21756,25529,26274,26497,21222,32767,32767,32767,32767,32767,2942.0,17100.0
2372.0,2037.0,12360,22228,23026,25179,25264,21906,32767,32767,32767,32767,32767,3604.0,17100.0
2838.0,2460.0,12724,22701,25028,25179,25264,21906,32767,32767,32767,32767,32767,3972.0,17100.0
2993.0,2619.0,13269,24120,27031,26274,26497,21906,32767,32767,32767,32767,32767,4119.0,17100.0
2816.0,2407.0,11633,22701,26029,25179,27729,23275,32767,32767,32767,32767,32767,3568.0,17100.0
1707.0,1428.0,12906,23174,26530,28464,28345,23275,32767,32767,32767,32767,32767,3089.0,17100.0
2417.0,2063.0,13269,25539,27031,26274,27729,23275,32767,32767,32767,32767,32767,3715.0,17100.0
3015.0,2619.0,13269,24120,28532,27916,27729,23960,32767,32767,32767,32767,32767,4009.0,17100.0
2838.0,2592.0,13451,24120,28032,27916,29578,24644,32767,32767,32767,32767,32767,3715.0,17100.0
2904.0,2539.0,13269,24120,26530,27369,28962,24644,32767,32767,32767,32767,32767,3972.0,17100.0
1243.0,921.0,5249,10042,9353,10227,9943,9884,32767,32767,32767,32767,32767,1624.0,17300.0
1393.0,1078.0,6021,11247,11478,10227,9943,11628,32767,32767,32767,32767,32767,2374.0,17300.0
1563.0,1191.0,6175,11247,11904,11157,10467,12209,32767,32767,32767,32767,32767,2655.0,17300.0
1356.0,1011.0,7101,11648,11904,11157,11513,12209,32767,32767,32767,32767,32767,2561.0,17300.0
1356.0,966.0,7410,13255,12754,13482,13083,12209,32767,32767,32767,32767,32767,2405.0,17300.0
1544.0,1146.0,8954,13255,14454,13482,13607,12209,32767,32767,32767,32767,32767,3655.0,17300.0
1488.0,1033.0,8800,13255,14454,13482,12560,12209,32767,32767,32767,32767,32767,3561.0,17300.0
1544.0,1168.0,8954,13255,14029,13947,13607,12791,32767,32767,32767,32767,32767,3686.0,17300.0
1563.0,1213.0,9108,13657,14879,13947,13607,12791,32767,32767,32767,32767,32767,3311.0,17300.0
1544.0,1146.0,9263,14058,14879,14411,13607,12791,32767,32767,32767,32767,32767,3436.0,17300.0
1563.0,1213.0,9571,14058,15730,14876,14130,12791,32767,32767,32767,32767,32767,3592.0,17300.0
1506.0,1146.0,8182,12853,14029,14876,14130,13372,32767,32767,32767,32767,32767,2999.0,17300.0
1544.0,1168.0,9263,13255,14879,14876,14653,13372,32767,32767,32767,32767,32767,3530.0,17300.0
1356.0,943.0,7873,13255,13604,12552,12560,13372,32767,32767,32767,32767,32767,2686.0,17300.0
1619.0,1213.0,9263,13657,15305,15341,14653,13372,32767,32767,32767,32767,32767,3498.0,17300.0
1619.0,1236.0,9263,14058,15305,14411,14653,13372,32767,32767,32767,32767,32767,3373.0,17300.0
1563.0,1236.0,9263,14058,15730,14876,13607,13372,32767,32767,32767,32767,32767,3280.0,17300.0
1544.0,1101.0,9880,14460,15305,15806,14130,13372,32767,32767,32767,32767,32767,3811.0,17300.0
1600.0,1236.0,9880,14460,16155,14876,14653,13372,32767,32767,32767,32767,32767,3623.0,17300.0
1657.0,1325.0,8954,14460,15305,14411,14130,13372,32767,32767,32767,32767,32767,3311.0,17300.0
1544.0,1191.0,9571,14862,15305,15341,15700,13372,32767,32767,32767,32767,32767,3280.0,17300.0
1619.0,1191.0,10035,14862,16580,15806,14130,13372,32767,32767,32767,32767,32767,3686.0,17300.0
1544.0,1213.0,9880,15263,16155,14876,14130,13372,32767,32767,32767,32767,32767,3436.0,17300.0
1205.0,876.0,5249,12050,11478,11622,10990,13954,32767,32767,32767,32767,32767,1374.0,17300.0
1582.0,1146.0,9263,13657,15305,14876,14130,13954,32767,32767,32767,32767,32767,3592.0,17300.0
1469.0,1056.0,8645,14058,14879,13017,13607,13954,32767,32767,32767,32767,32767,3342.0,17300.0
1525.0,1191.0,9108,14058,14879,13947,13607,13954,32767,32767,32767,32767,32767,3249.0,17300.0
1582.0,1191.0,9571,14460,16155,15806,14130,13954,32767,32767,32767,32767,32767,3373.0,17300.0
1563.0,1191.0,10035,14460,17005,15806,15177,13954,32767,32767,32767,32767,32767,3655.0,17300.0
1469.0,1101.0,9417,14460,15730,15341,14653,13954,32767,32767,32767,32767,32767,3405.0,17300.0
1582.0,1213.0,9880,14460,15730,15341,15177,13954,32767,32767,32767,32767,32767,3655.0,17300.0
1619.0,1213.0,9108,14460,14454,15806,13607,13954,32767,32767,32767,32767,32767,3249.0,17300.0
1544.0,1258.0,9571,14460,16155,13947,13607,13954,32767,32767,32767,32767,32767,3498.0,17300.0
1525.0,1213.0,9108,14460,16155,15806,14653,13954,32767,32767,32767,32767,32767,2967.0,17300.0
1600.0,1258.0,10035,15263,16580,15806,15700,13954,32767,32767,32767,32767,32767,3748.0,17300.0
1638.0,1213.0,10189,15665,17005,16271,15177,13954,32767,32767,32767,32767,32767,3467.0,17300.0
1638.0,1213.0,10806,15665,17430,17201,15700,13954,32767,32767,32767,32767,32767,3936.0,17300.0
1638.0,1393.0,9417,15665,17005,15806,15177,13954,32767,32767,32767,32767,32767,3092.0,17300.0
1600.0,1370.0,9880,16067,17430,17666,16747,13954,32767,32767,32767,32767,32767,2811.0,17300.0
1619.0,1258.0,9880,16468,17430,17201,16223,13954,32767,32767,32767,32767,32767,3061.0,17300.0
1582.0,1191.0,10498,16468,17005,16736,15177,13954,32767,32767,32767,32767,32767,3561.0,17300.0
1582.0,1258.0,10806,17272,18280,17666,16747,13954,32767,32767,32767,32767,32767,3342.0,17300.0
1469.0,1078.0,9571,14058,15730,15341,14653,14535,32767,32767,32767,32767,32767,3623.0,17300.0
1544.0,1191.0,9417,14460,16155,15806,15177,14535,32767,32767,32767,32767,32767,3280.0,17300.0
1676.0,1280.0,9726,14862,16155,16736,15177,14535,32767,32767,32767,32767,32767,3405.0,17300.0
1657.0,1393.0,9108,14862,16580,15341,14653,14535,32767,32767,32767,32767,32767,3124.0,17300.0
1713.0,1460.0,9571,14862,16580,15806,15700,14535,32767,32767,32767,32767,32767,3155.0,17300.0
1600.0,1236.0,9726,14862,16155,15806,16223,14535,32767,32767,32767,32767,32767,3342.0,17300.0
1676.0,1325.0,9571,14862,16580,17201,15700,14535,32767,32767,32767,32767,32767,3092.0,17300.0
1600.0,1370.0,9880,14862,16580,16271,15177,14535,32767,32767,32767,32767,32767,3186.0,17300.0
1676.0,1393.0,9880,15263,17855,16271,17270,14535,32767,32767,32767,32767,32767,3436.0,17300.0
1563.0,1146.0,9880,15263,15730,15806,15700,14535,32767,32767,32767,32767,32767,3124.0,17300.0
1619.0,1213.0,10189,15263,16155,15806,14130,14535,32767,32767,32767,32767,32767,3717.0,17300.0
1657.0,1348.0,10035,15263,16580,16736,15700,14535,32767,32767,32767,32767,32767,3342.0,17300.0
1544.0,1213.0,10189,15263,17430,16271,16223,14535,32767,32767,32767,32767,32767,3124.0,17300.0
1563.0,1236.0,9880,15665,17005,16271,16223,14535,32767,32767,32767,32767,32767,2842.0,17300.0
1676.0,1348.0,9726,15665,17005,17201,16747,14535,32767,32767,32767,32767,32767,3405.0,17300.0
1638.0,1258.0,10035,15665,17005,16271,15177,14535,32767,32767,32767,32767,32767,3748.0,17300.0
1638.0,1348.0,10189,15665,17005,16271,15177,14535,32767,32767,32767,32767,32767,3592.0,17300.0
1600.0,1303.0,10343,15665,17430,16736,16223,14535,32767,32767,32767,32767,32767,3436.0,17300.0
1563.0,1213.0,9880,15665,16155,15806,15177,14535,32767,32767,32767,32767,32767,3436.0,17300.0
1563.0,1191.0,9726,15665,17005,16271,15700,14535,32767,32767,32767,32767,32767,3217.0,17300.0
1695.0,1325.0,10343,16067,17855,17201,16747,14535,32767,32767,32767,32767,32767,3373.0,17300.0
1619.0,1213.0,10189,16468,17430,16736,15700,14535,32767,32767,32767,32767,32767,3030.0,17300.0
1657.0,1370.0,10806,16870,18280,17201,16747,14535,32767,32767,32767,32767,32767,3686.0,17300.0
1582.0,1146.0,10343,16870,18280,17201,16223,14535,32767,32767,32767,32767,32767,3249.0,17300.0
1600.0,1325.0,10189,18075,19131,18595,17793,14535,32767,32767,32767,32767,32767,2780.0,17300.0
1657.0,1280.0,9417,14460,15730,15341,14653,15116,32767,32767,32767,32767,32767,3373.0,17300.0
1695.0,1393.0,9417,14460,16155,15341,14653,15116,32767,32767,32767,32767,32767,3155.0,17300.0
1619.0,1258.0,9726,14862,16580,15341,14653,15116,32767,32767,32767,32767,32767,3717.0,17300.0
1657.0,1370.0,9726,15263,17005,16736,16223,15116,32767,32767,32767,32767,32767,3061.0,17300.0
1638.0,1258.0,9880,15263,16580,16271,15700,15116,32767,32767,32767,32767,32767,3311.0,17300.0
1582.0,1280.0,9263,15263,16155,16271,15177,15116,32767,32767,32767,32767,32767,3311.0,17300.0
1619.0,1258.0,10189,15665,17005,16736,15177,15116,32767,32767,32767,32767,32767,3530.0,17300.0
1638.0,1146.0,10035,15665,16580,16271,16223,15116,32767,32767,32767,32767,32767,3936.0,17300.0
1638.0,1258.0,10189,15665,16580,17201,15700,15116,32767,32767,32767,32767,32767,3342.0,17300.0
1713.0,1460.0,9726,15665,17005,17201,15700,15116,32767,32767,32767,32767,32767,2967.0,17300.0
1638.0,1280.0,9571,15665,17430,16736,16747,15116,32767,32767,32767,32767,32767,3030.0,17300.0
1619.0,1415.0,10343,16468,17855,17666,16747,15116,32767,32767,32767,32767,32767,3092.0,17300.0
1600.0,1168.0,10498,16468,18706,17666,16747,15116,32767,32767,32767,32767,32767,3311.0,17300.0
1808.0,1370.0,10652,16468,18706,17201,16747,15116,32767,32767,32767,32767,32767,3748.0,17300.0
1657.0,1415.0,10806,16870,18706,17201,16747,15116,32767,32767,32767,32767,32767,3373.0,17300.0
1732.0,1415.0,10806,17674,18706,19525,17270,15116,32767,32767,32767,32767,32767,3186.0,17300.0
1657.0,1415.0,10961,18075,19556,19525,18317,15116,32767,32767,32767,32767,32767,2967.0,17300.0
1808.0,1348.0,11115,18477,19131,19060,17793,15116,32767,32767,32767,32767,32767,3623.0,17300.0
1789.0,1685.0,10961,18879,19556,20920,18840,15116,32767,32767,32767,32767,32767,2249.0,17300.0
1544.0,1146.0,9880,14862,16580,15806,15177,15698,32767,32767,32767,32767,32767,3655.0,17300.0
1600.0,1303.0,10343,15665,17855,16736,16223,15698,32767,32767,32767,32767,32767,3623.0,17300.0
1525.0,1280.0,9571,15665,17430,16271,16223,15698,32767,32767,32767,32767,32767,2624.0,17300.0
1582.0,1213.0,10189,16067,17005,17201,16223,15698,32767,32767,32767,32767,32767,3373.0,17300.0
1638.0,1325.0,10189,16067,17430,17201,16747,15698,32767,32767,32767,32767,32767,3124.0,17300.0
1582.0,1236.0,9880,16067,17430,15806,15177,15698,32767,32767,32767,32767,32767,3467.0,17300.0
1695.0,1370.0,9880,16468,17855,17201,17270,15698,32767,32767,32767,32767,32767,3124.0,17300.0
1808.0,1438.0,11115,16468,18706,18131,16747,15698,32767,32767,32767,32767,32767,3561.0,17300.0
1638.0,1325.0,10498,16468,18280,17666,16223,15698,32767,32767,32767,32767,32767,3405.0,17300.0
1525.0,1258.0,10343,16468,17855,17666,16747,15698,32767,32767,32767,32767,32767,2967.0,17300.0
1676.0,1191.0,10652,16468,17005,18131,16223,15698,32767,32767,32767,32767,32767,3967.0,17300.0
1600.0,1325.0,10189,16468,18280,19060,17793,15698,32767,32767,32767,32767,32767,2842.0,17300.0
1657.0,1370.0,10652,16468,18706,18595,17793,15698,32767,32767,32767,32767,32767,3061.0,17300.0
1676.0,1415.0,10961,16870,18280,18595,17270,15698,32767,32767,32767,32767,32767,3530.0,17300.0
1695.0,1415.0,10498,16870,18280,18131,17270,15698,32767,32767,32767,32767,32767,3124.0,17300.0
1600.0,1370.0,10035,16870,17430,17666,16223,15698,32767,32767,32767,32767,32767,2967.0,17300.0
1770.0,1393.0,11270,17272,19556,19990,18317,15698,32767,32767,32767,32767,32767,3373.0,17300.0
1657.0,1348.0,11424,17272,19131,19060,18317,15698,32767,32767,32767,32767,32767,3124.0,17300.0
1770.0,1460.0,11115,17674,18280,18595,18317,15698,32767,32767,32767,32767,32767,3342.0,17300.0
1600.0,1325.0,10806,17674,19131,19060,17270,15698,32767,32767,32767,32767,32767,3217.0,17300.0
1638.0,1303.0,11115,17674,18280,18131,17270,15698,32767,32767,32767,32767,32767,3498.0,17300.0
1638.0,1303.0,10498,18075,19131,19060,17270,15698,32767,32767,32767,32767,32767,3092.0,17300.0
1676.0,1505.0,11270,18075,19981,19525,18840,15698,32767,32767,32767,32767,32767,3124.0,17300.0
1600.0,1370.0,11424,18477,19131,19990,19363,15698,32767,32767,32767,32767,32767,3311.0,17300.0
2184.0,2291.0,11578,20084,21682,21385,19887,15698,32767,32767,32767,32767,32767,3436.0,17300.0
1638.0,1348.0,8954,14862,16580,16271,16223,16279,32767,32767,32767,32767,32767,2593.0,17300.0
1563.0,1213.0,10189,15665,17430,16736,16223,16279,32767,32767,32767,32767,32767,3280.0,17300.0
1582.0,1303.0,9571,16067,17430,16736,16223,16279,32767,32767,32767,32767,32767,3249.0,17300.0
1582.0,1303.0,9571,16067,17855,17666,17270,16279,32767,32767,32767,32767,32767,2999.0,17300.0
1638.0,1415.0,8954,16067,17855,15806,16223,16279,32767,32767,32767,32767,32767,2905.0,17300.0
1638.0,1415.0,9880,16468,17855,18131,16747,16279,32767,32767,32767,32767,32767,2905.0,17300.0
1695.0,1325.0,11115,16870,18706,18595,17270,16279,32767,32767,32767,32767,32767,3655.0,17300.0
1695.0,1325.0,10806,16870,19131,18595,17793,16279,32767,32767,32767,32767,32767,3592.0,17300.0
1638.0,1325.0,10343,16870,18706,18131,16747,16279,32767,32767,32767,32767,32767,3061.0,17300.0
1638.0,1348.0,10498,16870,19131,17666,16747,16279,32767,32767,32767,32767,32767,3124.0,17300.0
1619.0,1348.0,9571,16870,17855,17666,16747,16279,32767,32767,32767,32767,32767,2749.0,17300.0
1751.0,1572.0,11115,16870,19131,18595,17793,16279,32767,32767,32767,32767,32767,3405.0,17300.0
1826.0,1528.0,9726,16870,18280,16736,15700,16279,32767,32767,32767,32767,32767,3249.0,17300.0
1600.0,1303.0,10652,17272,18706,18595,18317,16279,32767,32767,32767,32767,32767,2905.0,17300.0
1713.0,1415.0,10035,17272,18706,17666,17793,16279,32767,32767,32767,32767,32767,3092.0,17300.0
1657.0,1393.0,10961,17272,19131,18131,16747,16279,32767,32767,32767,32767,32767,3280.0,17300.0
1713.0,1595.0,10806,17272,18706,18595,18317,16279,32767,32767,32767,32767,32767,3467.0,17300.0
1695.0,1370.0,10961,17674,19556,19525,17793,16279,32767,32767,32767,32767,32767,3373.0,17300.0
1563.0,1280.0,9880,17674,17430,19060,19363,16279,32767,32767,32767,32767,32767,2374.0,17300.0
1695.0,1393.0,10806,17674,18706,18131,17270,16279,32767,32767,32767,32767,32767,3530.0,17300.0
1770.0,1393.0,11270,18075,19556,19525,18317,16279,32767,32767,32767,32767,32767,3561.0,17300.0
1789.0,1505.0,11887,18075,20831,19525,18317,16279,32767,32767,32767,32767,32767,3748.0,17300.0
1657.0,1460.0,10806,18075,19981,19060,17793,16279,32767,32767,32767,32767,32767,2999.0,17300.0
1676.0,1325.0,11270,18075,18706,18595,16747,16279,32767,32767,32767,32767,32767,3717.0,17300.0
1676.0,1280.0,11424,18075,19556,19990,18317,16279,32767,32767,32767,32767,32767,3467.0,17300.0
1695.0,1438.0,10806,18477,18706,19060,17270,16279,32767,32767,32767,32767,32767,3186.0,17300.0
1713.0,1415.0,11270,18879,20831,20455,18840,16279,32767,32767,32767,32767,32767,2999.0,17300.0
1864.0,1572.0,11578,18879,20831,19990,18317,16279,32767,32767,32767,32767,32767,3155.0,17300.0
1789.0,1460.0,12196,18879,21682,19990,19363,16279,32767,32767,32767,32767,32767,3967.0,17300.0
1732.0,1528.0,12041,19280,21682,21385,19363,16279,32767,32767,32767,32767,32767,3373.0,17300.0
1732.0,1550.0,11424,19280,21256,22315,19363,16279,32767,32767,32767,32767,32767,2655.0,17300.0
1770.0,1505.0,11424,19280,20831,19060,18317,16279,32767,32767,32767,32767,32767,3405.0,17300.0
1638.0,1280.0,10343,15665,17005,17201,16747,16861,32767,32767,32767,32767,32767,3748.0,17300.0
1600.0,1303.0,10498,16870,18280,18595,17270,16861,32767,32767,32767,32767,32767,3124.0,17300.0
1845.0,1438.0,11115,17674,19131,18595,17793,16861,32767,32767,32767,32767,32767,3936.0,17300.0
1789.0,1595.0,11270,18075,20831,20920,20934,16861,32767,32767,32767,32767,32767,2624.0,17300.0
1619.0,1303.0,11424,18075,19981,19525,18840,16861,32767,32767,32767,32767,32767,2967.0,17300.0
1619.0,1280.0,11424,18075,20406,19525,18840,16861,32767,32767,32767,32767,32767,3498.0,17300.0
1732.0,1550.0,11424,18477,20831,19990,18840,16861,32767,32767,32767,32767,32767,2967.0,17300.0
1582.0,1348.0,11270,18477,19981,19990,18840,16861,32767,32767,32767,32767,32767,3249.0,17300.0
1525.0,1236.0,10035,18477,19131,18595,18840,16861,32767,32767,32767,32767,32767,2780.0,17300.0
1751.0,1617.0,11115,18879,20831,20920,20410,16861,32767,32767,32767,32767,32767,2936.0,17300.0
1770.0,1550.0,11424,18879,20406,19525,19363,16861,32767,32767,32767,32767,32767,3061.0,17300.0
1695.0,1505.0,11424,19280,20831,20920,19887,16861,32767,32767,32767,32767,32767,2686.0,17300.0
1732.0,1483.0,12041,19682,21682,20920,19363,16861,32767,32767,32767,32767,32767,3592.0,17300.0
1789.0,1640.0,11578,20084,21256,20920,20410,16861,32767,32767,32767,32767,32767,2936.0,17300.0
1732.0,1528.0,11887,20084,22532,21385,21457,16861,32767,32767,32767,32767,32767,3030.0,17300.0
1751.0,1370.0,11115,17272,19556,19060,18840,17442,32767,32767,32767,32767,32767,3873.0,17300.0
1977.0,1550.0,11270,17272,19131,17666,17270,17442,32767,32767,32767,32767,32767,4279.0,17300.0
1676.0,1348.0,11115,17674,19981,19525,18317,17442,32767,32767,32767,32767,32767,3436.0,17300.0
1713.0,1438.0,10652,17674,19981,19060,18317,17442,32767,32767,32767,32767,32767,3124.0,17300.0
2241.0,1977.0,8954,17674,18706,19525,17793,17442,32767,32767,32767,32767,32767,2749.0,17300.0
1619.0,1460.0,10961,18075,20406,19990,20410,17442,32767,32767,32767,32767,32767,2686.0,17300.0
1883.0,1707.0,12196,18879,22107,20455,20410,17442,32767,32767,32767,32767,32767,3342.0,17300.0
1619.0,1460.0,11115,18879,20831,20920,20934,17442,32767,32767,32767,32767,32767,2593.0,17300.0
1676.0,1325.0,11578,18879,20406,19525,18317,17442,32767,32767,32767,32767,32767,3249.0,17300.0
1695.0,1505.0,11115,19280,21682,20455,19887,17442,32767,32767,32767,32767,32767,2780.0,17300.0
1657.0,1415.0,11270,19280,20831,20455,19363,17442,32767,32767,32767,32767,32767,3061.0,17300.0
1789.0,1662.0,12813,19682,21682,20920,21457,17442,32767,32767,32767,32767,32767,3311.0,17300.0
1789.0,1662.0,11887,20084,22107,20920,20410,17442,32767,32767,32767,32767,32767,2905.0,17300.0
1732.0,1617.0,12041,20084,22532,22315,20410,17442,32767,32767,32767,32767,32767,2936.0,17300.0
1958.0,1842.0,12196,20084,22532,21385,20934,17442,32767,32767,32767,32767,32767,3311.0,17300.0
1845.0,1842.0,12196,20485,22532,22779,22504,17442,32767,32767,32767,32767,32767,3092.0,17300.0
1732.0,1617.0,11270,20887,22532,22315,22504,17442,32767,32767,32767,32767,32767,2780.0,17300.0
1770.0,1550.0,10498,18879,20831,20455,19887,18023,32767,32767,32767,32767,32767,2936.0,17300.0
1939.0,1617.0,11270,18879,20831,20920,19887,18023,32767,32767,32767,32767,32767,3373.0,17300.0
1902.0,1685.0,11733,19280,20406,20455,19887,18023,32767,32767,32767,32767,32767,3280.0,17300.0
1770.0,1415.0,11578,19280,21256,21850,19363,18023,32767,32767,32767,32767,32767,3530.0,17300.0
1582.0,1325.0,11733,19682,21256,21850,20934,18023,32767,32767,32767,32767,32767,3436.0,17300.0
1695.0,1438.0,12196,19682,21256,22315,20934,18023,32767,32767,32767,32767,32767,3186.0,17300.0
1657.0,1348.0,12196,20084,22107,21385,19887,18023,32767,32767,32767,32767,32767,3686.0,17300.0
1582.0,1707.0,10498,20485,20831,22779,21980,18023,32767,32767,32767,32767,32767,2124.0,17300.0
1996.0,1752.0,9726,17272,17430,20455,20934,18605,32767,32767,32767,32767,32767,3655.0,17300.0
1789.0,1370.0,11270,18075,19131,19990,18317,18605,32767,32767,32767,32767,32767,4186.0,17300.0
2090.0,1775.0,10343,18075,19556,19990,20410,18605,32767,32767,32767,32767,32767,3967.0,17300.0
1789.0,1483.0,11115,18477,19981,20455,20934,18605,32767,32767,32767,32767,32767,3530.0,17300.0
1789.0,1662.0,11887,19280,22107,21850,20934,18605,32767,32767,32767,32767,32767,2999.0,17300.0
1808.0,1348.0,12196,19682,21256,20920,19363,18605,32767,32767,32767,32767,32767,3780.0,17300.0
1826.0,1797.0,11887,20084,22532,23244,22504,18605,32767,32767,32767,32767,32767,2999.0,17300.0
2674.0,2404.0,11115,20084,22107,19990,21457,18605,32767,32767,32767,32767,32767,3686.0,17300.0
2015.0,1707.0,12196,20485,21682,22779,20934,18605,32767,32767,32767,32767,32767,3561.0,17300.0
1826.0,1752.0,12659,20485,22957,23244,22504,18605,32767,32767,32767,32767,32767,3373.0,17300.0
1751.0,1528.0,12196,20485,21682,21850,19887,18605,32767,32767,32767,32767,32767,3373.0,17300.0
1789.0,1550.0,12196,20485,22107,22315,20934,18605,32767,32767,32767,32767,32767,2780.0,17300.0
2260.0,2112.0,12968,20887,23807,24639,23027,18605,32767,32767,32767,32767,32767,3249.0,17300.0
1864.0,1707.0,12350,22092,24232,23244,21980,18605,32767,32767,32767,32767,32767,2967.0,17300.0
1939.0,1685.0,10343,18879,20406,19525,20410,19186,32767,32767,32767,32767,32767,2780.0,17300.0
1883.0,1685.0,11887,19280,21256,21385,21457,19186,32767,32767,32767,32767,32767,3436.0,17300.0
1864.0,1572.0,11424,20084,22107,21385,21457,19186,32767,32767,32767,32767,32767,3092.0,17300.0
1939.0,1662.0,12659,20485,22107,22315,20934,19186,32767,32767,32767,32767,32767,3655.0,17300.0
2071.0,1730.0,12505,21289,22957,22315,21980,19186,32767,32767,32767,32767,32767,3686.0,17300.0
1977.0,1797.0,13276,21690,23807,24174,21980,19186,32767,32767,32767,32767,32767,3467.0,17300.0
1939.0,1662.0,13122,22092,24232,23244,22504,19186,32767,32767,32767,32767,32767,3748.0,17300.0
1845.0,1775.0,12505,22895,25083,25569,22504,19186,32767,32767,32767,32767,32767,2967.0,17300.0
2674.0,2426.0,11270,20084,23382,22315,23550,19768,32767,32767,32767,32767,32767,3717.0,17300.0
1921.0,1640.0,12041,20887,22957,24174,23550,19768,32767,32767,32767,32767,32767,2967.0,17300.0
2071.0,1865.0,12505,21289,23382,23709,21980,19768,32767,32767,32767,32767,32767,3561.0,17300.0
2165.0,2314.0,12041,21289,22957,23709,23550,19768,32767,32767,32767,32767,32767,2936.0,17300.0
1732.0,1460.0,13276,21690,25083,25104,23550,19768,32767,32767,32767,32767,32767,3311.0,17300.0
1883.0,1999.0,13585,21690,23807,26498,25644,19768,32767,32767,32767,32767,32767,3030.0,17300.0
1921.0,1797.0,12813,22092,23807,23244,22504,19768,32767,32767,32767,32767,32767,3748.0,17300.0
1713.0,1617.0,12350,22092,24232,25104,25120,19768,32767,32767,32767,32767,32767,2468.0,17300.0
2015.0,1999.0,13585,23297,26358,26498,24074,19768,32767,32767,32767,32767,32767,3186.0,17300.0
1958.0,1775.0,12659,23297,25083,23244,22504,19768,32767,32767,32767,32767,32767,3061.0,17300.0
1977.0,1775.0,13585,24100,27208,25569,25120,19768,32767,32767,32767,32767,32767,2874.0,17300.0
1864.0,1528.0,11733,20887,22107,23244,22504,20349,32767,32767,32767,32767,32767,3530.0,17300.0
1939.0,1932.0,12813,22092,25508,25104,25644,20930,32767,32767,32767,32767,32767,2936.0,17300.0
1883.0,1775.0,14048,23297,26358,26498,25644,20930,32767,32767,32767,32767,32767,3467.0,17300.0
1789.0,1820.0,13740,24100,25933,27893,26167,20930,32767,32767,32767,32767,32767,3373.0,17300.0
1826.0,1842.0,13276,24100,27208,27428,26690,20930,32767,32767,32767,32767,32767,3217.0,17300.0
1902.0,1730.0,10961,20887,22957,23244,23550,21512,32767,32767,32767,32767,32767,2655.0,17300.0
2184.0,2022.0,12505,23297,26783,26963,26690,21512,32767,32767,32767,32767,32767,2936.0,17300.0
2165.0,2291.0,14203,24904,29334,28358,27214,21512,32767,32767,32767,32767,32767,3311.0,17300.0
2090.0,2336.0,15438,25305,28484,29288,27214,21512,32767,32767,32767,32767,32767,3467.0,17300.0
2316.0,2246.0,14820,25707,28909,29288,29307,21512,32767,32767,32767,32767,32767,3842.0,17300.0
1789.0,1483.0,14048,26510,28909,31147,28784,21512,32767,32767,32767,32767,32767,3124.0,17300.0
2109.0,2022.0,11270,23699,25508,26034,25120,22093,32767,32767,32767,32767,32767,2593.0,17300.0
2128.0,2291.0,14975,25305,29759,28358,28784,22093,32767,32767,32767,32767,32767,3030.0,17300.0
1751.0,1820.0,14666,25707,28909,28358,28260,22093,32767,32767,32767,32767,32767,2593.0,17300.0
2071.0,1999.0,15438,26510,29759,29288,28784,22093,32767,32767,32767,32767,32767,3155.0,17300.0
2071.0,2089.0,15592,26510,29759,29753,28260,22093,32767,32767,32767,32767,32767,3217.0,17300.0
2015.0,2067.0,15747,26912,30609,30218,28784,22093,32767,32767,32767,32767,32767,3436.0,17300.0
1826.0,1977.0,15747,26912,29759,31147,30354,22675,32767,32767,32767,32767,32767,3030.0,17300.0
1977.0,2089.0,16055,28117,31459,31147,31400,22675,32767,32767,32767,32767,32767,2842.0,17300.0
1883.0,1820.0,15283,28117,31459,30682,29307,22675,32767,32767,32767,32767,32767,3373.0,17300.0
1600.0,1348.0,12659,26109,28484,30682,29307,23256,32767,32767,32767,32767,32767,2905.0,17300.0
1864.0,1483.0,14048,26109,29759,27428,26167,23256,32767,32767,32767,32767,32767,3686.0,17300.0
1958.0,1977.0,15901,27715,31034,31147,29307,23256,32767,32767,32767,32767,32767,2967.0,17300.0
2128.0,1977.0,15438,27715,32310,31612,29307,23256,32767,32767,32767,32767,32767,3498.0,17300.0
2128.0,2246.0,15747,28920,32310,31612,31400,23256,32767,32767,32767,32767,32767,2874.0,17300.0
1958.0,1842.0,12813,26109,28909,28823,31400,24419,32767,32767,32767,32767,32767,2655.0,17300.0
2109.0,2224.0,16055,29724,32767,32767,31400,24419,32767,32767,32767,32767,32767,2936.0,17300.0
1770.0,2089.0,16210,28920,32310,32767,32767,25582,32767,32767,32767,32767,32767,2624.0,17300.0
2824.0,2561.0,12813,25707,29334,29288,29830,26163,32767,32767,32767,32767,32767,3405.0,17300.0
2485.0,2246.0,11578,23297,25083,26034,28260,28489,32767,32767,32767,32767,32767,3342.0,17300.0
2636.0,2246.0,12196,26109,27208,27893,30877,29070,32767,32767,32767,32767,32767,3436.0,17300.0
1883.0,2044.0,17445,32767,32767,32767,32767,30233,32767,32767,32767,32767,32767,2655.0,17300.0
2881.0,2561.0,12505,27715,31885,31147,32767,32767,32767,32767,32767,32767,32767,3686.0,17300.0
1179.0,871.0,7213,10781,11833,11091,11445,12715,32767,32767,32767,32767,32767,2981.0,17700.0
1310.0,1005.0,7826,12378,13101,12477,12485,12715,32767,32767,32767,32767,32767,2981.0,17700.0
1329.0,1005.0,8440,12777,13523,12477,13006,12715,32767,32767,32767,32767,32767,3540.0,17700.0
1348.0,983.0,8594,13576,13946,13864,13526,12715,32767,32767,32767,32767,32767,3602.0,17700.0
1292.0,960.0,9054,13975,15214,14326,13526,12715,32767,32767,32767,32767,32767,3416.0,17700.0
1329.0,960.0,6906,12777,12255,12477,13006,13293,32767,32767,32767,32767,32767,2360.0,17700.0
1292.0,938.0,8133,12777,13523,12939,12485,13293,32767,32767,32767,32767,32767,3229.0,17700.0
1198.0,1027.0,6599,12777,12255,12939,12485,13293,32767,32767,32767,32767,32767,1739.0,17700.0
1273.0,983.0,7826,12777,12678,12477,11965,13293,32767,32767,32767,32767,32767,3012.0,17700.0
1273.0,960.0,8901,12777,13946,14326,14046,13293,32767,32767,32767,32767,32767,3322.0,17700.0
1366.0,1072.0,8594,13176,14791,13864,13526,13293,32767,32767,32767,32767,32767,3012.0,17700.0
1292.0,938.0,9054,13176,14368,13864,13006,13293,32767,32767,32767,32767,32767,3633.0,17700.0
1329.0,983.0,8287,13176,13946,14326,13526,13293,32767,32767,32767,32767,32767,3291.0,17700.0
1198.0,826.0,9208,13176,13946,14326,13526,13293,32767,32767,32767,32767,32767,3509.0,17700.0
1366.0,1139.0,8287,13576,14368,14326,14046,13293,32767,32767,32767,32767,32767,2919.0,17700.0
1235.0,938.0,8440,13576,14368,13864,14046,13293,32767,32767,32767,32767,32767,3291.0,17700.0
1329.0,1005.0,9208,13576,14368,14326,13526,13293,32767,32767,32767,32767,32767,4005.0,17700.0
1292.0,916.0,9821,13975,14791,15250,14566,13293,32767,32767,32767,32767,32767,3664.0,17700.0
1385.0,1050.0,9054,14374,15214,14788,14566,13293,32767,32767,32767,32767,32767,3540.0,17700.0
1142.0,782.0,7980,11979,12678,12477,12485,13871,32767,32767,32767,32767,32767,2857.0,17700.0
1310.0,983.0,5218,12777,11410,12015,11445,13871,32767,32767,32767,32767,32767,1180.0,17700.0
1292.0,938.0,8747,12777,13946,13402,13006,13871,32767,32767,32767,32767,32767,3198.0,17700.0
1254.0,938.0,8747,12777,14368,12939,13526,13871,32767,32767,32767,32767,32767,3260.0,17700.0
1460.0,1318.0,6138,12777,12255,12939,12485,13871,32767,32767,32767,32767,32767,1956.0,17700.0
1273.0,960.0,7980,13176,13101,12939,11965,13871,32767,32767,32767,32767,32767,2795.0,17700.0
1198.0,893.0,8133,13576,13523,13864,13526,13871,32767,32767,32767,32767,32767,2795.0,17700.0
1310.0,1050.0,8594,13576,15214,14788,14046,13871,32767,32767,32767,32767,32767,3260.0,17700.0
1404.0,1072.0,8747,13576,14368,13402,13006,13871,32767,32767,32767,32767,32767,3291.0,17700.0
1123.0,849.0,6906,13576,13946,12939,13006,13871,32767,32767,32767,32767,32767,1646.0,17700.0
1329.0,938.0,9208,13975,15214,14788,14046,13871,32767,32767,32767,32767,32767,3478.0,17700.0
1254.0,871.0,9515,13975,14368,14326,13006,13871,32767,32767,32767,32767,32767,3633.0,17700.0
1385.0,1072.0,8747,13975,15214,14788,14046,13871,32767,32767,32767,32767,32767,3167.0,17700.0
1235.0,893.0,9054,14374,15636,15712,13526,13871,32767,32767,32767,32767,32767,3043.0,17700.0
1441.0,1072.0,9975,14774,16059,15250,14566,13871,32767,32767,32767,32767,32767,3757.0,17700.0
1348.0,983.0,9821,14774,15636,16174,15087,13871,32767,32767,32767,32767,32767,3509.0,17700.0
1385.0,1050.0,9515,14774,16059,15250,15087,13871,32767,32767,32767,32767,32767,3416.0,17700.0
1254.0,893.0,8594,13176,13523,13864,13526,14449,32767,32767,32767,32767,32767,3322.0,17700.0
1292.0,938.0,8747,13576,15214,15250,14046,14449,32767,32767,32767,32767,32767,3353.0,17700.0
1273.0,983.0,8901,13576,14791,14326,14046,14449,32767,32767,32767,32767,32767,3012.0,17700.0
1385.0,1027.0,9054,13576,15214,14788,14046,14449,32767,32767,32767,32767,32767,3509.0,17700.0
1572.0,1362.0,9054,13975,15214,14788,15607,14449,32767,32767,32767,32767,32767,3353.0,17700.0
1348.0,1005.0,9361,13975,15636,15712,14566,14449,32767,32767,32767,32767,32767,3322.0,17700.0
1348.0,983.0,9975,13975,15636,15712,14566,14449,32767,32767,32767,32767,32767,3974.0,17700.0
1310.0,938.0,9515,14374,15636,14788,14046,14449,32767,32767,32767,32767,32767,3912.0,17700.0
1310.0,1005.0,8747,14374,15214,15712,14046,14449,32767,32767,32767,32767,32767,2950.0,17700.0
1366.0,960.0,9821,14374,15636,15250,14046,14449,32767,32767,32767,32767,32767,3602.0,17700.0
1348.0,1005.0,9668,14774,16059,15712,14566,14449,32767,32767,32767,32767,32767,3384.0,17700.0
1273.0,1027.0,9821,15173,16059,15712,16127,14449,32767,32767,32767,32767,32767,2950.0,17700.0
1572.0,1251.0,11049,17968,19440,18485,17688,14449,32767,32767,32767,32767,32767,3695.0,17700.0
1273.0,893.0,8747,13576,13946,13864,14046,15027,32767,32767,32767,32767,32767,3416.0,17700.0
1329.0,1050.0,7980,13975,15214,14326,14566,15027,32767,32767,32767,32767,32767,2701.0,17700.0
1273.0,938.0,8747,13975,15214,14788,15087,15027,32767,32767,32767,32767,32767,3291.0,17700.0
1348.0,1050.0,8901,14374,15636,14788,13526,15027,32767,32767,32767,32767,32767,3074.0,17700.0
1441.0,1206.0,8901,14374,15636,14788,14046,15027,32767,32767,32767,32767,32767,2888.0,17700.0
1254.0,938.0,9208,14774,15214,14788,14566,15027,32767,32767,32767,32767,32767,3167.0,17700.0
1329.0,1050.0,9821,14774,16481,16174,15607,15027,32767,32767,32767,32767,32767,3571.0,17700.0
1310.0,1027.0,8747,14774,15636,16636,16127,15027,32767,32767,32767,32767,32767,2639.0,17700.0
1404.0,1072.0,9668,14774,16481,16636,15087,15027,32767,32767,32767,32767,32767,3198.0,17700.0
1310.0,960.0,9821,15173,16059,16174,14566,15027,32767,32767,32767,32767,32767,3291.0,17700.0
1404.0,1094.0,9821,15173,16059,15712,15087,15027,32767,32767,32767,32767,32767,3571.0,17700.0
1385.0,983.0,9821,15173,16059,16174,14046,15027,32767,32767,32767,32767,32767,3726.0,17700.0
1235.0,960.0,8747,15572,16059,15250,15607,15027,32767,32767,32767,32767,32767,2329.0,17700.0
1366.0,1072.0,9975,15572,16904,16636,16127,15027,32767,32767,32767,32767,32767,3322.0,17700.0
1404.0,1094.0,10128,15572,16904,17561,15607,15027,32767,32767,32767,32767,32767,3322.0,17700.0
1366.0,1027.0,9361,15572,16904,17099,16647,15027,32767,32767,32767,32767,32767,2732.0,17700.0
1497.0,1094.0,10282,15971,16059,18023,16127,15027,32767,32767,32767,32767,32767,4409.0,17700.0
1479.0,1139.0,9361,16371,17327,15712,15607,15027,32767,32767,32767,32767,32767,3229.0,17700.0
1460.0,1117.0,9975,16371,17327,17099,15607,15027,32767,32767,32767,32767,32767,3384.0,17700.0
1348.0,960.0,10742,16770,17749,18485,17168,15027,32767,32767,32767,32767,32767,3509.0,17700.0
1647.0,1318.0,7673,13576,15214,16174,15087,15604,32767,32767,32767,32767,32767,2701.0,17700.0
1685.0,1384.0,8287,14774,15636,16636,15607,15604,32767,32767,32767,32767,32767,2795.0,17700.0
1404.0,1072.0,9361,14774,16481,16174,15087,15604,32767,32767,32767,32767,32767,3322.0,17700.0
1460.0,1139.0,10128,15173,16481,16636,16127,15604,32767,32767,32767,32767,32767,3633.0,17700.0
1254.0,1050.0,9515,15572,16059,16636,16127,15604,32767,32767,32767,32767,32767,2826.0,17700.0
1385.0,1050.0,9361,15572,16059,16174,15087,15604,32767,32767,32767,32767,32767,3012.0,17700.0
1404.0,1117.0,9975,15572,16904,16636,16127,15604,32767,32767,32767,32767,32767,3260.0,17700.0
1404.0,1094.0,10589,15971,18172,18023,17688,15604,32767,32767,32767,32767,32767,3571.0,17700.0
1404.0,1206.0,9208,15971,17327,16636,16647,15604,32767,32767,32767,32767,32767,2732.0,17700.0
1329.0,1072.0,10282,15971,17327,17561,16647,15604,32767,32767,32767,32767,32767,3322.0,17700.0
1685.0,1429.0,10435,16371,18594,17099,17688,15604,32767,32767,32767,32767,32767,3260.0,17700.0
1385.0,1139.0,10896,16371,18172,17099,16647,15604,32767,32767,32767,32767,32767,3416.0,17700.0
1329.0,1027.0,9975,16371,18594,17561,16647,15604,32767,32767,32767,32767,32767,2888.0,17700.0
1385.0,1117.0,10589,17169,18172,18485,17168,15604,32767,32767,32767,32767,32767,3788.0,17700.0
1292.0,960.0,8287,13576,14791,15250,14566,16182,32767,32767,32767,32767,32767,2422.0,17700.0
1441.0,1206.0,8440,13975,15214,16636,14566,16182,32767,32767,32767,32767,32767,3136.0,17700.0
1535.0,1161.0,8901,14374,15214,16636,16127,16182,32767,32767,32767,32767,32767,3974.0,17700.0
1385.0,1161.0,8747,14774,16481,15250,15607,16182,32767,32767,32767,32767,32767,2422.0,17700.0
1460.0,1161.0,8747,14774,15636,15250,15087,16182,32767,32767,32767,32767,32767,2888.0,17700.0
1348.0,1117.0,9208,14774,16904,17099,16127,16182,32767,32767,32767,32767,32767,2950.0,17700.0
1310.0,1050.0,8747,15173,15214,15712,17168,16182,32767,32767,32767,32767,32767,2639.0,17700.0
1404.0,1072.0,9668,15173,16481,16174,15087,16182,32767,32767,32767,32767,32767,3260.0,17700.0
1685.0,1496.0,9515,15971,16904,17099,16647,16182,32767,32767,32767,32767,32767,3322.0,17700.0
1460.0,1206.0,9821,15971,17749,18023,17168,16182,32767,32767,32767,32767,32767,3012.0,17700.0
1385.0,1117.0,10896,16371,18594,18485,16647,16182,32767,32767,32767,32767,32767,3384.0,17700.0
1366.0,1094.0,9208,16371,16904,17099,16127,16182,32767,32767,32767,32767,32767,2546.0,17700.0
1329.0,1184.0,10282,16371,18172,17561,16647,16182,32767,32767,32767,32767,32767,3136.0,17700.0
1292.0,960.0,10128,16371,17327,17561,16647,16182,32767,32767,32767,32767,32767,3291.0,17700.0
1423.0,1184.0,11049,16770,18172,18485,17168,16182,32767,32767,32767,32767,32767,3384.0,17700.0
1385.0,1094.0,10742,16770,18172,17561,17168,16182,32767,32767,32767,32767,32767,3509.0,17700.0
1404.0,1184.0,9668,16770,19017,18023,18728,16182,32767,32767,32767,32767,32767,2888.0,17700.0
1610.0,1429.0,10742,17169,19017,18947,18728,16182,32767,32767,32767,32767,32767,3353.0,17700.0
1441.0,1184.0,11356,17169,19017,19871,18208,16182,32767,32767,32767,32767,32767,3198.0,17700.0
1516.0,1072.0,11510,17968,19017,18947,18728,16182,32767,32767,32767,32767,32767,4192.0,17700.0
1479.0,1228.0,11049,18766,19440,20333,18728,16182,32767,32767,32767,32767,32767,3478.0,17700.0
1123.0,804.0,8594,14774,14791,17561,17168,16760,32767,32767,32767,32767,32767,2298.0,17700.0
1497.0,1228.0,9975,15971,17327,17099,16647,16760,32767,32767,32767,32767,32767,3571.0,17700.0
1441.0,1117.0,10435,16371,18172,17561,16647,16760,32767,32767,32767,32767,32767,3260.0,17700.0
1591.0,1541.0,8901,16371,17327,18485,17168,16760,32767,32767,32767,32767,32767,2111.0,17700.0
1404.0,1027.0,10128,16371,17749,18023,16647,16760,32767,32767,32767,32767,32767,3198.0,17700.0
1460.0,1117.0,10742,16770,18172,18485,16647,16760,32767,32767,32767,32767,32767,3416.0,17700.0
1460.0,1161.0,10742,16770,19017,18947,17168,16760,32767,32767,32767,32767,32767,3602.0,17700.0
1423.0,1094.0,10896,17568,19017,18485,17688,16760,32767,32767,32767,32767,32767,3788.0,17700.0
1385.0,1139.0,10742,17968,19440,19409,19248,16760,32767,32767,32767,32767,32767,2981.0,17700.0
1890.0,1965.0,10742,17968,19862,20333,18208,16760,32767,32767,32767,32767,32767,3602.0,17700.0
1385.0,1161.0,11049,18367,20285,20333,19248,16760,32767,32767,32767,32767,32767,3167.0,17700.0
1479.0,1251.0,11816,18766,20707,20333,19248,16760,32767,32767,32767,32767,32767,3105.0,17700.0
1816.0,1474.0,12123,19565,21975,21720,20289,16760,32767,32767,32767,32767,32767,3912.0,17700.0
1572.0,1451.0,9515,15971,17749,17561,17688,17338,32767,32767,32767,32767,32767,3012.0,17700.0
1423.0,1273.0,10128,16770,18594,18485,18728,17338,32767,32767,32767,32767,32767,2857.0,17700.0
1535.0,1206.0,11663,17169,19017,18947,18728,17338,32767,32767,32767,32767,32767,4161.0,17700.0
1516.0,1541.0,10282,17568,18594,18947,19248,17338,32767,32767,32767,32767,32767,2546.0,17700.0
1423.0,1117.0,11356,17568,19017,19409,18728,17338,32767,32767,32767,32767,32767,3509.0,17700.0
1404.0,1139.0,11510,17568,19862,19871,19248,17338,32767,32767,32767,32767,32767,3353.0,17700.0
1535.0,1384.0,10896,18367,19862,20333,20289,17338,32767,32767,32767,32767,32767,3105.0,17700.0
1666.0,1496.0,10896,18367,20285,19409,20809,17338,32767,32767,32767,32767,32767,3291.0,17700.0
1628.0,1429.0,10896,18367,19017,19409,18728,17338,32767,32767,32767,32767,32767,3229.0,17700.0
1310.0,1094.0,10896,18766,20285,20333,20289,17338,32767,32767,32767,32767,32767,2608.0,17700.0
1554.0,1273.0,11663,18766,20707,20333,19769,17338,32767,32767,32767,32767,32767,3757.0,17700.0
1441.0,1139.0,11356,18766,21130,20796,19248,17338,32767,32767,32767,32767,32767,3322.0,17700.0
1535.0,1318.0,11816,19166,20707,20796,19248,17338,32767,32767,32767,32767,32767,3571.0,17700.0
1741.0,1429.0,12123,19166,22820,21258,20809,17338,32767,32767,32767,32767,32767,3509.0,17700.0
1610.0,1295.0,11663,19166,21130,21258,20289,17338,32767,32767,32767,32767,32767,3726.0,17700.0
1404.0,1094.0,11510,19166,20285,20796,19248,17338,32767,32767,32767,32767,32767,3074.0,17700.0
1497.0,1362.0,7826,15173,15636,17561,17168,17916,32767,32767,32767,32767,32767,2298.0,17700.0
1778.0,1675.0,10282,17169,19440,19409,19769,17916,32767,32767,32767,32767,32767,3198.0,17700.0
1535.0,1407.0,10589,17169,19862,19409,18208,17916,32767,32767,32767,32767,32767,3447.0,17700.0
1441.0,1273.0,10742,17568,20285,19871,19248,17916,32767,32767,32767,32767,32767,2763.0,17700.0
1834.0,1496.0,11203,17568,19862,19409,19248,17916,32767,32767,32767,32767,32767,3788.0,17700.0
1516.0,1295.0,11356,18367,19862,20333,19769,17916,32767,32767,32767,32767,32767,3509.0,17700.0
1423.0,1206.0,11356,18766,19862,20333,19769,17916,32767,32767,32767,32767,32767,3478.0,17700.0
1479.0,1161.0,12123,18766,20707,20796,19769,17916,32767,32767,32767,32767,32767,3695.0,17700.0
1535.0,1362.0,11356,18766,20707,20333,19769,17916,32767,32767,32767,32767,32767,3322.0,17700.0
1591.0,1384.0,11203,19166,19862,21720,20289,17916,32767,32767,32767,32767,32767,3384.0,17700.0
1666.0,1429.0,11970,19565,21553,21720,20289,17916,32767,32767,32767,32767,32767,3664.0,17700.0
1834.0,1719.0,12123,19565,21553,22182,21850,17916,32767,32767,32767,32767,32767,3229.0,17700.0
1628.0,1362.0,11970,19565,21553,21258,21329,17916,32767,32767,32767,32767,32767,3881.0,17700.0
1628.0,1429.0,12123,20363,22398,22182,21329,17916,32767,32767,32767,32767,32767,3167.0,17700.0
1685.0,1518.0,9975,17169,19440,19409,19769,18494,32767,32767,32767,32767,32767,2795.0,17700.0
1460.0,1384.0,10282,17568,19440,18947,20289,18494,32767,32767,32767,32767,32767,2795.0,17700.0
1441.0,1206.0,11356,18367,20285,21258,20289,18494,32767,32767,32767,32767,32767,3198.0,17700.0
1610.0,1518.0,10896,18766,19862,19409,18728,18494,32767,32767,32767,32767,32767,3509.0,17700.0
1554.0,1518.0,11049,19166,21130,21258,20809,18494,32767,32767,32767,32767,32767,2732.0,17700.0
1554.0,1474.0,9361,19964,19862,21258,19769,18494,32767,32767,32767,32767,32767,2360.0,17700.0
1535.0,1451.0,11049,19964,21553,21258,19769,18494,32767,32767,32767,32767,32767,3322.0,17700.0
1816.0,1563.0,10282,19964,21553,18485,19769,18494,32767,32767,32767,32767,32767,2701.0,17700.0
1647.0,1518.0,11816,19964,21130,21720,20289,18494,32767,32767,32767,32767,32767,3664.0,17700.0
1516.0,1451.0,11970,19964,22398,22182,21850,18494,32767,32767,32767,32767,32767,3043.0,17700.0
1385.0,1139.0,11356,19964,21130,21720,20289,18494,32767,32767,32767,32767,32767,3167.0,17700.0
1554.0,1451.0,12277,19964,21975,22644,21850,18494,32767,32767,32767,32767,32767,2981.0,17700.0
1610.0,1585.0,11970,20763,21553,22644,21850,18494,32767,32767,32767,32767,32767,3229.0,17700.0
1834.0,1809.0,11816,20763,22398,22182,21329,18494,32767,32767,32767,32767,32767,3322.0,17700.0
1741.0,1474.0,12123,21561,24088,21720,21850,18494,32767,32767,32767,32767,32767,3447.0,17700.0
1348.0,1072.0,11816,17968,19862,20333,19769,19072,32767,32767,32767,32767,32767,3602.0,17700.0
1423.0,1429.0,10435,18367,19862,19871,20809,19072,32767,32767,32767,32767,32767,2639.0,17700.0
1703.0,1407.0,9515,18367,19862,19871,19769,19072,32767,32767,32767,32767,32767,2826.0,17700.0
1647.0,1541.0,11816,19166,21553,20796,20289,19072,32767,32767,32767,32767,32767,3136.0,17700.0
1741.0,1630.0,12277,19166,22398,21720,21329,19072,32767,32767,32767,32767,32767,3416.0,17700.0
1516.0,1474.0,11203,19166,21130,21258,21329,19072,32767,32767,32767,32767,32767,3012.0,17700.0
1647.0,1541.0,11816,19565,21975,21720,21329,19072,32767,32767,32767,32767,32767,3260.0,17700.0
1535.0,1295.0,11970,19964,21975,22182,21329,19072,32767,32767,32767,32767,32767,3416.0,17700.0
1722.0,1675.0,12584,20363,22398,24030,21850,19072,32767,32767,32767,32767,32767,3602.0,17700.0
1591.0,1407.0,13044,20763,23243,23568,21329,19072,32767,32767,32767,32767,32767,3229.0,17700.0
1778.0,1585.0,12430,20763,22398,24493,22890,19072,32767,32767,32767,32767,32767,3664.0,17700.0
1647.0,1563.0,12277,21162,22820,23568,22370,19072,32767,32767,32767,32767,32767,3416.0,17700.0
1554.0,1518.0,12430,21162,22820,24493,23930,19072,32767,32767,32767,32767,32767,2670.0,17700.0
1591.0,1451.0,12123,21162,22398,24030,22370,19072,32767,32767,32767,32767,32767,3478.0,17700.0
1610.0,1541.0,13044,21561,24934,24493,23930,19072,32767,32767,32767,32767,32767,2826.0,17700.0
1591.0,1541.0,13198,21961,24088,24493,23930,19072,32767,32767,32767,32767,32767,3198.0,17700.0
1423.0,1117.0,7826,16371,16481,16636,18208,19650,32767,32767,32767,32767,32767,2298.0,17700.0
1535.0,1518.0,9515,17968,18172,20333,17688,19650,32767,32767,32767,32767,32767,2577.0,17700.0
1497.0,1295.0,11970,19565,20707,21258,20809,19650,32767,32767,32767,32767,32767,3384.0,17700.0
2658.0,2434.0,12123,19964,22398,22182,22370,19650,32767,32767,32767,32767,32767,4130.0,17700.0
1647.0,1608.0,12430,20763,23666,23568,23410,19650,32767,32767,32767,32767,32767,2981.0,17700.0
1572.0,1429.0,12737,20763,24511,23568,23930,19650,32767,32767,32767,32767,32767,3012.0,17700.0
1666.0,1742.0,11970,20763,22398,23106,23410,19650,32767,32767,32767,32767,32767,3012.0,17700.0
1572.0,1585.0,13198,21561,24088,24030,23410,19650,32767,32767,32767,32767,32767,3012.0,17700.0
1479.0,1362.0,12123,21561,23243,23568,23930,19650,32767,32767,32767,32767,32767,2826.0,17700.0
1572.0,1474.0,12737,21961,22820,24955,23410,19650,32767,32767,32767,32767,32767,3105.0,17700.0
1685.0,1652.0,12737,21961,24088,25417,23930,19650,32767,32767,32767,32767,32767,3167.0,17700.0
1554.0,1474.0,13044,21961,23666,25879,24971,19650,32767,32767,32767,32767,32767,3291.0,17700.0
1947.0,1853.0,13505,23158,24511,24955,22890,19650,32767,32767,32767,32767,32767,3633.0,17700.0
1722.0,1563.0,13044,23957,24934,26803,25491,19650,32767,32767,32767,32767,32767,3447.0,17700.0
1479.0,1585.0,11970,21162,22820,24030,21850,20228,32767,32767,32767,32767,32767,2981.0,17700.0
1610.0,1585.0,13198,21561,24088,24493,23930,20228,32767,32767,32767,32767,32767,2826.0,17700.0
1685.0,1742.0,13198,21961,25779,25417,24451,20228,32767,32767,32767,32767,32767,3012.0,17700.0
1535.0,1340.0,12430,21961,23243,24493,21850,20228,32767,32767,32767,32767,32767,3384.0,17700.0
2021.0,1652.0,13351,22759,24934,24030,23410,20228,32767,32767,32767,32767,32767,4347.0,17700.0
1554.0,1496.0,13811,22759,24934,25879,24971,20228,32767,32767,32767,32767,32767,3260.0,17700.0
1497.0,1496.0,13044,20763,22820,23568,23930,20806,32767,32767,32767,32767,32767,2763.0,17700.0
1872.0,1831.0,13044,21961,25356,25879,24451,20806,32767,32767,32767,32767,32767,3850.0,17700.0
1703.0,1675.0,12737,22360,25779,26341,24971,20806,32767,32767,32767,32767,32767,3012.0,17700.0
1797.0,1652.0,12277,22360,24088,24955,25491,20806,32767,32767,32767,32767,32767,3229.0,17700.0
1797.0,1831.0,13198,22759,24511,26341,24451,20806,32767,32767,32767,32767,32767,3229.0,17700.0
1759.0,1719.0,13198,22759,25356,25879,24971,20806,32767,32767,32767,32767,32767,3105.0,17700.0
1666.0,1474.0,12737,22759,24934,24955,24451,20806,32767,32767,32767,32767,32767,3291.0,17700.0
1610.0,1563.0,13965,23158,26201,26341,25491,20806,32767,32767,32767,32767,32767,2826.0,17700.0
1816.0,1563.0,13351,23558,26201,26803,26532,20806,32767,32767,32767,32767,32767,3291.0,17700.0
1759.0,1563.0,9515,19565,19440,22644,23410,21384,32767,32767,32767,32767,32767,2329.0,17700.0
2153.0,1876.0,11970,20363,22820,23106,23410,21384,32767,32767,32767,32767,32767,3602.0,17700.0
2358.0,2054.0,12430,20763,22820,22644,23410,21384,32767,32767,32767,32767,32767,3788.0,17700.0
2546.0,2300.0,12277,21162,23666,25879,25491,21384,32767,32767,32767,32767,32767,3943.0,17700.0
2115.0,1831.0,12584,22360,24088,25417,26011,21384,32767,32767,32767,32767,32767,3943.0,17700.0
1516.0,1384.0,11970,22360,24934,24955,25491,21384,32767,32767,32767,32767,32767,2422.0,17700.0
1554.0,1496.0,13505,22360,24511,24030,24451,21384,32767,32767,32767,32767,32767,3291.0,17700.0
2209.0,2278.0,13658,22360,24511,25417,25491,21384,32767,32767,32767,32767,32767,3602.0,17700.0
1460.0,1407.0,12891,22759,24511,25879,25491,21384,32767,32767,32767,32767,32767,3105.0,17700.0
1685.0,1786.0,13965,22759,26624,25879,24971,21384,32767,32767,32767,32767,32767,3012.0,17700.0
1666.0,1786.0,13351,22759,26201,25417,25491,21384,32767,32767,32767,32767,32767,2826.0,17700.0
1816.0,1697.0,14118,23158,26201,26341,24971,21384,32767,32767,32767,32767,32767,4005.0,17700.0
1572.0,1697.0,13811,23558,26201,26341,26532,21384,32767,32767,32767,32767,32767,2981.0,17700.0
1666.0,1898.0,13198,23558,25356,26341,24971,21384,32767,32767,32767,32767,32767,2857.0,17700.0
1666.0,1697.0,13658,23957,27047,27265,27052,21384,32767,32767,32767,32767,32767,2888.0,17700.0
1853.0,1876.0,13198,24356,27047,26803,25491,21384,32767,32767,32767,32767,32767,3043.0,17700.0
1816.0,1742.0,13811,24356,27469,27265,27052,21384,32767,32767,32767,32767,32767,3043.0,17700.0
1759.0,2233.0,13658,24356,27047,27727,27052,21384,32767,32767,32767,32767,32767,3260.0,17700.0
1722.0,1853.0,14272,24356,27047,27727,27572,21384,32767,32767,32767,32767,32767,3291.0,17700.0
1965.0,1920.0,13505,24756,26201,28190,27052,21384,32767,32767,32767,32767,32767,3881.0,17700.0
1909.0,1920.0,14118,24756,28314,29576,28092,21384,32767,32767,32767,32767,32767,3788.0,17700.0
1685.0,1786.0,12430,22360,24934,25417,26532,21962,32767,32767,32767,32767,32767,3136.0,17700.0
1890.0,1853.0,13351,22360,24088,25417,24451,21962,32767,32767,32767,32767,32767,3633.0,17700.0
1666.0,1965.0,13198,22759,24511,26803,26532,21962,32767,32767,32767,32767,32767,3229.0,17700.0
2040.0,2278.0,13198,22759,25356,26803,26532,21962,32767,32767,32767,32767,32767,3384.0,17700.0
1497.0,1563.0,13658,22759,25779,25879,26011,21962,32767,32767,32767,32767,32767,2857.0,17700.0
2358.0,2389.0,11970,23158,25356,26341,24971,21962,32767,32767,32767,32767,32767,3043.0,17700.0
1890.0,1742.0,13658,23158,24934,26341,25491,21962,32767,32767,32767,32767,32767,3322.0,17700.0
1722.0,1585.0,14118,23558,25779,27265,25491,21962,32767,32767,32767,32767,32767,3788.0,17700.0
1890.0,1742.0,13965,24356,26624,26341,26011,21962,32767,32767,32767,32767,32767,3291.0,17700.0
1516.0,1384.0,14272,24356,28737,28652,27052,21962,32767,32767,32767,32767,32767,2981.0,17700.0
1928.0,1831.0,13811,24356,27047,26803,25491,21962,32767,32767,32767,32767,32767,3416.0,17700.0
1984.0,2032.0,13811,24356,27047,26803,26532,21962,32767,32767,32767,32767,32767,3322.0,17700.0
1685.0,1764.0,13965,24356,26624,28190,27052,21962,32767,32767,32767,32767,32767,3105.0,17700.0
1628.0,1451.0,13505,24356,27469,27265,26011,21962,32767,32767,32767,32767,32767,3291.0,17700.0
2040.0,2188.0,14579,25155,28314,28190,27052,21962,32767,32767,32767,32767,32767,3136.0,17700.0
1909.0,2032.0,13965,25155,27469,27727,27052,21962,32767,32767,32767,32767,32767,3074.0,17700.0
1666.0,1496.0,10896,21561,22820,24030,23410,22540,32767,32767,32767,32767,32767,2453.0,17700.0
2246.0,2144.0,13198,22759,24934,25879,27052,22540,32767,32767,32767,32767,32767,3571.0,17700.0
2489.0,2345.0,13351,23558,26624,26341,26532,22540,32767,32767,32767,32767,32767,4005.0,17700.0
1928.0,1786.0,12584,23957,26624,24955,25491,22540,32767,32767,32767,32767,32767,3571.0,17700.0
2134.0,2121.0,14732,24356,28314,28190,28613,22540,32767,32767,32767,32767,32767,4005.0,17700.0
1965.0,2054.0,14118,24756,27892,27727,28092,22540,32767,32767,32767,32767,32767,3602.0,17700.0
1759.0,1987.0,13351,25155,27469,28190,28092,22540,32767,32767,32767,32767,32767,2701.0,17700.0
1759.0,2233.0,14886,25953,28737,30962,30173,22540,32767,32767,32767,32767,32767,2950.0,17700.0
1778.0,1920.0,15960,25953,30850,29576,28613,22540,32767,32767,32767,32767,32767,3043.0,17700.0
1741.0,1853.0,13811,23158,26624,27265,26532,23118,32767,32767,32767,32767,32767,3571.0,17700.0
2153.0,1920.0,14118,24356,26624,28652,27052,23118,32767,32767,32767,32767,32767,3757.0,17700.0
1816.0,2054.0,14272,24756,27469,28190,27052,23118,32767,32767,32767,32767,32767,3384.0,17700.0
1759.0,1831.0,14272,24756,25779,27265,25491,23118,32767,32767,32767,32767,32767,3509.0,17700.0
1722.0,1675.0,13811,25155,28737,28190,27572,23118,32767,32767,32767,32767,32767,3136.0,17700.0
2059.0,2166.0,15193,25155,27892,28190,28092,23118,32767,32767,32767,32767,32767,3509.0,17700.0
2021.0,2077.0,14732,25554,29582,30038,29133,23118,32767,32767,32767,32767,32767,3260.0,17700.0
1890.0,2010.0,14579,25953,29160,30038,28613,23118,32767,32767,32767,32767,32767,2981.0,17700.0
1965.0,2077.0,15499,27151,30850,30038,29133,23118,32767,32767,32767,32767,32767,2888.0,17700.0
2939.0,2680.0,11510,22360,23666,23568,25491,23696,32767,32767,32767,32767,32767,3633.0,17700.0
1778.0,2054.0,14425,24756,27469,29576,28092,23696,32767,32767,32767,32767,32767,2826.0,17700.0
1722.0,1675.0,16420,25554,27892,31424,31214,23696,32767,32767,32767,32767,32767,3447.0,17700.0
1890.0,1898.0,14732,27151,29582,31424,31214,23696,32767,32767,32767,32767,32767,3322.0,17700.0
2415.0,2523.0,15193,27551,30005,30962,30693,23696,32767,32767,32767,32767,32767,3943.0,17700.0
2227.0,2166.0,14886,27950,30427,32349,30693,23696,32767,32767,32767,32767,32767,3695.0,17700.0
1816.0,1920.0,15193,27551,30850,30962,31214,24274,32767,32767,32767,32767,32767,2981.0,17700.0
2021.0,2389.0,15960,27950,31695,31887,31214,24274,32767,32767,32767,32767,32767,3136.0,17700.0
2059.0,2054.0,13811,25953,29160,30962,31214,24852,32767,32767,32767,32767,32767,2888.0,17700.0
1890.0,2121.0,15039,27151,30427,30962,32254,24852,32767,32767,32767,32767,32767,3012.0,17700.0
1947.0,2121.0,15499,27950,30850,30962,30173,24852,32767,32767,32767,32767,32767,3384.0,17700.0
1647.0,2188.0,14579,27551,28737,31424,32767,25430,32767,32767,32767,32767,32767,2826.0,17700.0
2096.0,2322.0,14272,28349,32118,32767,32767,25430,32767,32767,32767,32767,32767,3198.0,17700.0
2078.0,1809.0,10282,20363,21975,25417,26532,26007,32767,32767,32767,32767,32767,2950.0,17700.0
1872.0,1585.0,13351,24756,27047,29576,30173,26585,32767,32767,32767,32767,32767,3478.0,17700.0
2209.0,2389.0,14886,28748,32118,32349,32767,26585,32767,32767,32767,32767,32767,3167.0,17700.0
1872.0,1585.0,12277,23158,22820,32767,32767,27741,32767,32767,32767,32767,32767,3384.0,17700.0
2227.0,2412.0,14425,32342,32767,32767,32767,28897,32767,32767,32767,32767,32767,3509.0,17700.0
2265.0,2322.0,16113,32342,32767,32767,32767,29475,32767,32767,32767,32767,32767,3509.0,17700.0
2321.0,2233.0,13044,29148,32767,31424,32767,31209,32767,32767,32767,32767,32767,2701.0,17700.0
937.0,665.0,4756,9042,8563,8813,8681,9644,32767,32767,32767,32767,32767,1850.0,17900.0
1249.0,852.0,5122,9518,9067,9364,9301,10333,32767,32767,32767,32767,32767,2591.0,17900.0
1115.0,692.0,6036,9518,9570,9364,9301,11022,32767,32767,32767,32767,32767,2628.0,17900.0
1272.0,878.0,4756,9518,9067,8813,8681,11022,32767,32767,32767,32767,32767,2184.0,17900.0
1316.0,985.0,5122,9518,9570,8813,8681,11022,32767,32767,32767,32767,32767,1258.0,17900.0
1093.0,719.0,5853,9994,10578,9915,9921,11022,32767,32767,32767,32767,32767,2628.0,17900.0
1026.0,639.0,6951,10470,11082,11016,10541,11022,32767,32767,32767,32767,32767,2813.0,17900.0
1115.0,719.0,8048,10946,12089,11567,10541,11022,32767,32767,32767,32767,32767,3257.0,17900.0
1406.0,932.0,7865,10946,12089,11567,11161,11022,32767,32767,32767,32767,32767,3035.0,17900.0
1071.0,719.0,7865,10946,12089,11567,11161,11022,32767,32767,32767,32767,32767,2961.0,17900.0
1182.0,798.0,8414,11422,12593,12118,11161,11022,32767,32767,32767,32767,32767,2961.0,17900.0
1093.0,692.0,8048,11422,12593,12118,11161,11022,32767,32767,32767,32767,32767,3183.0,17900.0
1093.0,719.0,8048,11422,12593,11567,11781,11022,32767,32767,32767,32767,32767,2776.0,17900.0
1138.0,719.0,8048,11422,12593,12118,11161,11022,32767,32767,32767,32767,32767,3035.0,17900.0
1138.0,719.0,8231,11422,12593,12118,11161,11022,32767,32767,32767,32767,32767,2998.0,17900.0
1071.0,692.0,8231,11422,12089,11567,11781,11022,32767,32767,32767,32767,32767,2998.0,17900.0
1115.0,772.0,8048,11898,13096,12118,11161,11022,32767,32767,32767,32767,32767,2665.0,17900.0
1182.0,772.0,8231,11898,13600,12118,12401,11022,32767,32767,32767,32767,32767,2628.0,17900.0
1272.0,878.0,7682,11898,13096,12669,11781,11022,32767,32767,32767,32767,32767,3109.0,17900.0
1138.0,745.0,8231,11898,12593,12669,10541,11022,32767,32767,32767,32767,32767,2850.0,17900.0
1115.0,719.0,8231,11898,13096,12669,11161,11022,32767,32767,32767,32767,32767,2813.0,17900.0
1205.0,825.0,8414,12374,13096,12669,11781,11022,32767,32767,32767,32767,32767,2776.0,17900.0
1115.0,772.0,7865,12374,13096,12669,12401,11022,32767,32767,32767,32767,32767,2221.0,17900.0
1182.0,852.0,8048,12850,13096,13220,13022,11022,32767,32767,32767,32767,32767,2443.0,17900.0
1272.0,958.0,3292,8091,8059,7711,8061,11711,32767,32767,32767,32767,32767,1184.0,17900.0
1205.0,798.0,6219,10470,11082,11016,10541,11711,32767,32767,32767,32767,32767,2332.0,17900.0
1160.0,772.0,7865,10946,12089,11567,11781,11711,32767,32767,32767,32767,32767,3109.0,17900.0
1160.0,745.0,7865,10946,11082,11567,10541,11711,32767,32767,32767,32767,32767,3109.0,17900.0
1138.0,745.0,8048,10946,12593,11567,10541,11711,32767,32767,32767,32767,32767,3738.0,17900.0
1138.0,719.0,8231,10946,12593,12118,11161,11711,32767,32767,32767,32767,32767,3072.0,17900.0
1071.0,692.0,7865,10946,12593,11016,10541,11711,32767,32767,32767,32767,32767,2739.0,17900.0
1115.0,692.0,8231,11422,12089,12118,11161,11711,32767,32767,32767,32767,32767,2961.0,17900.0
1182.0,798.0,8231,11422,12593,12118,11161,11711,32767,32767,32767,32767,32767,2961.0,17900.0
1138.0,745.0,7499,11422,12089,12669,11161,11711,32767,32767,32767,32767,32767,2443.0,17900.0
1049.0,719.0,8231,11422,12089,11567,11161,11711,32767,32767,32767,32767,32767,2924.0,17900.0
1093.0,745.0,8231,11422,12593,12118,11781,11711,32767,32767,32767,32767,32767,2850.0,17900.0
1182.0,798.0,8780,11422,12593,13770,11781,11711,32767,32767,32767,32767,32767,3035.0,17900.0
1026.0,639.0,7134,11422,10578,11016,9921,11711,32767,32767,32767,32767,32767,3035.0,17900.0
1160.0,772.0,8231,11422,12593,12669,11161,11711,32767,32767,32767,32767,32767,3146.0,17900.0
1272.0,878.0,8231,11898,13096,12669,12401,11711,32767,32767,32767,32767,32767,3035.0,17900.0
1115.0,719.0,7865,11898,12593,12118,11161,11711,32767,32767,32767,32767,32767,2776.0,17900.0
1138.0,745.0,7865,11898,13600,13220,11781,11711,32767,32767,32767,32767,32767,2443.0,17900.0
1049.0,665.0,8048,11898,13096,12669,11161,11711,32767,32767,32767,32767,32767,2776.0,17900.0
1071.0,745.0,7682,11898,12593,13220,11781,11711,32767,32767,32767,32767,32767,2702.0,17900.0
1138.0,772.0,8414,11898,13600,12669,11161,11711,32767,32767,32767,32767,32767,2702.0,17900.0
1160.0,772.0,8780,11898,13600,13770,12401,11711,32767,32767,32767,32767,32767,3257.0,17900.0
1227.0,798.0,8231,11898,12593,12118,11781,11711,32767,32767,32767,32767,32767,3072.0,17900.0
1115.0,772.0,8048,11898,12593,12669,11161,11711,32767,32767,32767,32767,32767,2739.0,17900.0
1205.0,772.0,8048,11898,12593,12118,11781,11711,32767,32767,32767,32767,32767,3072.0,17900.0
1383.0,905.0,8597,12374,13096,13220,11781,11711,32767,32767,32767,32767,32767,3442.0,17900.0
1115.0,745.0,8231,12374,13600,13770,11781,11711,32767,32767,32767,32767,32767,2776.0,17900.0
1182.0,745.0,8231,12374,12593,12669,11781,11711,32767,32767,32767,32767,32767,3146.0,17900.0
1182.0,772.0,8414,12374,12593,12118,12401,11711,32767,32767,32767,32767,32767,3183.0,17900.0
1182.0,772.0,8048,12374,12593,11567,11781,11711,32767,32767,32767,32767,32767,2998.0,17900.0
1205.0,798.0,8231,12374,13096,12669,12401,11711,32767,32767,32767,32767,32767,2998.0,17900.0
1182.0,798.0,8231,12850,14104,14321,12401,11711,32767,32767,32767,32767,32767,2628.0,17900.0
1272.0,798.0,9329,12850,13600,12669,11161,11711,32767,32767,32767,32767,32767,4848.0,17900.0
1160.0,772.0,8597,12850,14608,13770,13642,11711,32767,32767,32767,32767,32767,2628.0,17900.0
1227.0,878.0,8048,12850,14104,13770,12401,11711,32767,32767,32767,32767,32767,2665.0,17900.0
1093.0,692.0,8231,12850,12593,12669,11781,11711,32767,32767,32767,32767,32767,2813.0,17900.0
1093.0,772.0,8231,13326,13096,13770,13022,11711,32767,32767,32767,32767,32767,2517.0,17900.0
1316.0,825.0,9511,13802,14608,13770,13022,11711,32767,32767,32767,32767,32767,4811.0,17900.0
1115.0,719.0,8048,10946,13096,12118,11161,12400,32767,32767,32767,32767,32767,2739.0,17900.0
1049.0,692.0,7865,11422,12593,12118,11781,12400,32767,32767,32767,32767,32767,2554.0,17900.0
1205.0,852.0,7682,11422,12593,12669,11161,12400,32767,32767,32767,32767,32767,2628.0,17900.0
1160.0,745.0,8048,11422,12593,12669,11781,12400,32767,32767,32767,32767,32767,2813.0,17900.0
1071.0,692.0,8048,11422,11585,11567,10541,12400,32767,32767,32767,32767,32767,3035.0,17900.0
1093.0,692.0,8048,11422,12089,12669,11781,12400,32767,32767,32767,32767,32767,2776.0,17900.0
1696.0,1464.0,7865,11422,13600,13220,12401,12400,32767,32767,32767,32767,32767,2924.0,17900.0
1093.0,719.0,8048,11898,13096,11016,11781,12400,32767,32767,32767,32767,32767,2887.0,17900.0
1115.0,745.0,7499,11898,12089,12118,11161,12400,32767,32767,32767,32767,32767,2628.0,17900.0
1227.0,852.0,8231,11898,13096,13220,12401,12400,32767,32767,32767,32767,32767,2702.0,17900.0
1115.0,772.0,8414,11898,13600,13220,11781,12400,32767,32767,32767,32767,32767,2369.0,17900.0
1294.0,905.0,8597,11898,13600,13770,13022,12400,32767,32767,32767,32767,32767,3257.0,17900.0
1160.0,772.0,7865,11898,12593,12118,10541,12400,32767,32767,32767,32767,32767,2591.0,17900.0
1227.0,825.0,8048,11898,13096,11567,11781,12400,32767,32767,32767,32767,32767,2961.0,17900.0
1138.0,745.0,8414,11898,12593,13220,12401,12400,32767,32767,32767,32767,32767,3035.0,17900.0
1138.0,772.0,8597,11898,13096,13770,12401,12400,32767,32767,32767,32767,32767,3072.0,17900.0
1249.0,852.0,8597,12374,13600,13220,12401,12400,32767,32767,32767,32767,32767,3368.0,17900.0
1138.0,719.0,8414,12374,13600,12669,12401,12400,32767,32767,32767,32767,32767,2591.0,17900.0
1160.0,772.0,8231,12374,13096,13220,13022,12400,32767,32767,32767,32767,32767,2813.0,17900.0
1182.0,825.0,8231,12374,13600,13220,12401,12400,32767,32767,32767,32767,32767,2591.0,17900.0
1138.0,745.0,8231,12374,13096,12669,11781,12400,32767,32767,32767,32767,32767,2924.0,17900.0
1138.0,798.0,8963,12374,14608,13770,12401,12400,32767,32767,32767,32767,32767,3220.0,17900.0
1160.0,772.0,8231,12374,13600,12118,11781,12400,32767,32767,32767,32767,32767,2776.0,17900.0
1138.0,745.0,8048,12374,13096,12118,11781,12400,32767,32767,32767,32767,32767,2554.0,17900.0
1249.0,825.0,8597,12374,13096,12669,12401,12400,32767,32767,32767,32767,32767,3146.0,17900.0
1138.0,798.0,8414,12374,14104,13220,12401,12400,32767,32767,32767,32767,32767,2665.0,17900.0
1115.0,745.0,8231,12374,13600,12118,11781,12400,32767,32767,32767,32767,32767,2813.0,17900.0
1160.0,745.0,8048,12374,13096,12669,11781,12400,32767,32767,32767,32767,32767,3294.0,17900.0
1227.0,825.0,8414,12374,13600,12669,11781,12400,32767,32767,32767,32767,32767,3109.0,17900.0
1160.0,798.0,8597,12850,13600,13770,12401,12400,32767,32767,32767,32767,32767,3072.0,17900.0
1249.0,932.0,9146,12850,14104,13770,11781,12400,32767,32767,32767,32767,32767,3627.0,17900.0
1138.0,772.0,8963,12850,13600,13770,12401,12400,32767,32767,32767,32767,32767,3035.0,17900.0
1249.0,852.0,8597,12850,14608,13770,13642,12400,32767,32767,32767,32767,32767,3035.0,17900.0
1227.0,825.0,9146,12850,13600,14321,11781,12400,32767,32767,32767,32767,32767,3109.0,17900.0
1160.0,798.0,8231,12850,13096,13220,11781,12400,32767,32767,32767,32767,32767,2813.0,17900.0
1093.0,772.0,8597,12850,13600,13770,13642,12400,32767,32767,32767,32767,32767,2813.0,17900.0
1138.0,719.0,8597,12850,14104,13220,12401,12400,32767,32767,32767,32767,32767,3368.0,17900.0
1249.0,852.0,8780,12850,13600,13770,12401,12400,32767,32767,32767,32767,32767,2998.0,17900.0
1182.0,772.0,8597,12850,14104,13770,12401,12400,32767,32767,32767,32767,32767,2739.0,17900.0
1093.0,745.0,8780,12850,13600,13220,11781,12400,32767,32767,32767,32767,32767,3109.0,17900.0
1249.0,932.0,8963,12850,14104,13220,11781,12400,32767,32767,32767,32767,32767,3257.0,17900.0
1115.0,772.0,8231,13326,14608,12669,13022,12400,32767,32767,32767,32767,32767,2665.0,17900.0
1138.0,852.0,8414,13326,14104,13770,13642,12400,32767,32767,32767,32767,32767,2258.0,17900.0
1316.0,878.0,9146,13326,14104,14872,13022,12400,32767,32767,32767,32767,32767,3553.0,17900.0
1227.0,852.0,8780,13326,14608,13770,13022,12400,32767,32767,32767,32767,32767,3035.0,17900.0
1272.0,878.0,8414,13326,14608,13770,13022,12400,32767,32767,32767,32767,32767,2924.0,17900.0
1115.0,798.0,8597,13326,13096,13220,13022,12400,32767,32767,32767,32767,32767,2702.0,17900.0
1160.0,772.0,8963,13326,16119,13220,12401,12400,32767,32767,32767,32767,32767,2739.0,17900.0
1272.0,852.0,8963,13326,14104,13770,12401,12400,32767,32767,32767,32767,32767,2961.0,17900.0
1138.0,772.0,8780,13326,15111,13770,13022,12400,32767,32767,32767,32767,32767,2702.0,17900.0
1339.0,932.0,8231,13802,14608,12669,12401,12400,32767,32767,32767,32767,32767,2998.0,17900.0
1138.0,719.0,8780,13802,14608,13770,13642,12400,32767,32767,32767,32767,32767,2665.0,17900.0
1562.0,1091.0,9329,13802,15111,14321,13642,12400,32767,32767,32767,32767,32767,3590.0,17900.0
1272.0,905.0,9146,13802,16622,14321,13022,12400,32767,32767,32767,32767,32767,3257.0,17900.0
1584.0,958.0,9511,14277,15111,15423,13642,12400,32767,32767,32767,32767,32767,4071.0,17900.0
1450.0,958.0,9146,14277,14608,13770,12401,12400,32767,32767,32767,32767,32767,3997.0,17900.0
1339.0,932.0,9877,14753,16119,15974,13642,12400,32767,32767,32767,32767,32767,3072.0,17900.0
1361.0,932.0,6219,9994,11082,11016,10541,13088,32767,32767,32767,32767,32767,2739.0,17900.0
1160.0,745.0,8597,11422,12593,12118,11781,13088,32767,32767,32767,32767,32767,2998.0,17900.0
1227.0,852.0,8048,11898,12593,12118,11781,13088,32767,32767,32767,32767,32767,2739.0,17900.0
1316.0,932.0,8597,11898,13096,13770,13022,13088,32767,32767,32767,32767,32767,2961.0,17900.0
1272.0,878.0,7865,12374,14608,12669,11781,13088,32767,32767,32767,32767,32767,2702.0,17900.0
1339.0,1011.0,7317,12374,13096,12669,12401,13088,32767,32767,32767,32767,32767,2850.0,17900.0
1205.0,825.0,8048,12374,13600,12669,12401,13088,32767,32767,32767,32767,32767,2813.0,17900.0
1227.0,905.0,8414,12374,14104,13770,13022,13088,32767,32767,32767,32767,32767,2924.0,17900.0
1093.0,745.0,8414,12850,13600,13220,13022,13088,32767,32767,32767,32767,32767,2591.0,17900.0
1182.0,798.0,8597,12850,14104,13220,12401,13088,32767,32767,32767,32767,32767,2591.0,17900.0
1138.0,719.0,8963,12850,13600,13770,12401,13088,32767,32767,32767,32767,32767,3146.0,17900.0
1160.0,852.0,8597,12850,13600,14872,13642,13088,32767,32767,32767,32767,32767,2443.0,17900.0
1294.0,905.0,9329,12850,14608,14321,13022,13088,32767,32767,32767,32767,32767,2998.0,17900.0
1339.0,878.0,8963,12850,14608,13220,12401,13088,32767,32767,32767,32767,32767,3035.0,17900.0
1294.0,905.0,8780,12850,14104,14872,13022,13088,32767,32767,32767,32767,32767,3109.0,17900.0
1093.0,745.0,8414,12850,14104,12669,12401,13088,32767,32767,32767,32767,32767,3109.0,17900.0
1182.0,878.0,8597,13326,14608,13770,14262,13088,32767,32767,32767,32767,32767,2591.0,17900.0
1249.0,825.0,8963,13326,15111,14321,13022,13088,32767,32767,32767,32767,32767,3220.0,17900.0
1160.0,798.0,6768,13326,13600,13220,11781,13088,32767,32767,32767,32767,32767,1776.0,17900.0
1316.0,932.0,8780,13326,15615,14321,14262,13088,32767,32767,32767,32767,32767,3035.0,17900.0
1138.0,798.0,8414,13802,14608,13220,13022,13088,32767,32767,32767,32767,32767,2332.0,17900.0
1205.0,852.0,8048,13802,14608,13770,13642,13088,32767,32767,32767,32767,32767,2517.0,17900.0
1182.0,798.0,8597,13802,15111,13770,13022,13088,32767,32767,32767,32767,32767,2406.0,17900.0
1383.0,985.0,9329,13802,15111,14321,14262,13088,32767,32767,32767,32767,32767,3146.0,17900.0
1138.0,745.0,8414,13802,14608,14321,13022,13088,32767,32767,32767,32767,32767,2739.0,17900.0
1316.0,958.0,9146,14277,14608,14321,14262,13088,32767,32767,32767,32767,32767,3183.0,17900.0
1272.0,958.0,9329,14277,15615,15423,13642,13088,32767,32767,32767,32767,32767,3035.0,17900.0
1294.0,878.0,9329,14277,14608,14872,13642,13088,32767,32767,32767,32767,32767,3257.0,17900.0
1182.0,852.0,8780,14277,14608,13220,13022,13088,32767,32767,32767,32767,32767,2850.0,17900.0
1227.0,852.0,9511,14277,16622,17075,15502,13088,32767,32767,32767,32767,32767,3627.0,17900.0
1115.0,772.0,8414,14277,15111,13770,13642,13088,32767,32767,32767,32767,32767,2184.0,17900.0
1227.0,905.0,9146,14277,15111,14872,14262,13088,32767,32767,32767,32767,32767,2517.0,17900.0
1205.0,905.0,8780,14277,14608,14872,14262,13088,32767,32767,32767,32767,32767,2480.0,17900.0
1249.0,825.0,10243,15229,17126,15974,14262,13088,32767,32767,32767,32767,32767,3331.0,17900.0
1227.0,852.0,9877,16181,17630,17626,15502,13088,32767,32767,32767,32767,32767,3072.0,17900.0
1227.0,825.0,8048,11422,13096,12669,11781,13777,32767,32767,32767,32767,32767,2850.0,17900.0
1294.0,905.0,8963,12850,15111,13770,14262,13777,32767,32767,32767,32767,32767,3257.0,17900.0
1227.0,852.0,8780,12850,14608,13770,14262,13777,32767,32767,32767,32767,32767,2480.0,17900.0
1383.0,1011.0,8231,12850,14104,13220,13642,13777,32767,32767,32767,32767,32767,2961.0,17900.0
1339.0,958.0,8414,12850,14608,12669,13022,13777,32767,32767,32767,32767,32767,3072.0,17900.0
1182.0,878.0,9146,13326,15111,13770,13642,13777,32767,32767,32767,32767,32767,2813.0,17900.0
1160.0,825.0,8780,13326,14608,13220,13022,13777,32767,32767,32767,32767,32767,2591.0,17900.0
1495.0,1091.0,9146,13326,14608,14872,13642,13777,32767,32767,32767,32767,32767,3294.0,17900.0
1383.0,985.0,9329,13326,15111,14321,13022,13777,32767,32767,32767,32767,32767,3220.0,17900.0
1160.0,772.0,8780,13326,14104,13770,13022,13777,32767,32767,32767,32767,32767,3220.0,17900.0
1272.0,878.0,8597,13326,14104,13220,12401,13777,32767,32767,32767,32767,32767,2998.0,17900.0
1316.0,932.0,8414,13326,14608,14321,13022,13777,32767,32767,32767,32767,32767,2887.0,17900.0
1361.0,1171.0,8963,13802,14608,14321,13642,13777,32767,32767,32767,32767,32767,2739.0,17900.0
1160.0,798.0,8963,13802,13600,13770,13022,13777,32767,32767,32767,32767,32767,2850.0,17900.0
1249.0,852.0,8231,13802,14104,14321,13022,13777,32767,32767,32767,32767,32767,2628.0,17900.0
1272.0,932.0,9511,13802,15111,14872,13022,13777,32767,32767,32767,32767,32767,2998.0,17900.0
1182.0,905.0,9511,14277,16119,14872,14882,13777,32767,32767,32767,32767,32767,2480.0,17900.0
1205.0,905.0,8963,14277,16119,14872,14262,13777,32767,32767,32767,32767,32767,2258.0,17900.0
1361.0,932.0,9329,14277,15615,15974,14262,13777,32767,32767,32767,32767,32767,3294.0,17900.0
1227.0,878.0,9146,14277,15615,13770,13642,13777,32767,32767,32767,32767,32767,2924.0,17900.0
1294.0,905.0,9146,14277,16119,14872,13022,13777,32767,32767,32767,32767,32767,3109.0,17900.0
1361.0,958.0,9329,14277,15111,14872,13642,13777,32767,32767,32767,32767,32767,2998.0,17900.0
1316.0,932.0,9329,14277,15615,14872,13642,13777,32767,32767,32767,32767,32767,2961.0,17900.0
1294.0,932.0,8963,14277,15615,14321,14262,13777,32767,32767,32767,32767,32767,3109.0,17900.0
1316.0,958.0,8597,14277,15111,15423,13642,13777,32767,32767,32767,32767,32767,2628.0,17900.0
1182.0,825.0,8414,14277,15111,14321,13642,13777,32767,32767,32767,32767,32767,2480.0,17900.0
1182.0,878.0,9329,14753,17126,15423,15502,13777,32767,32767,32767,32767,32767,2591.0,17900.0
1160.0,825.0,8963,14753,15615,14872,14882,13777,32767,32767,32767,32767,32767,2369.0,17900.0
1249.0,878.0,9146,14753,15111,14872,14882,13777,32767,32767,32767,32767,32767,2887.0,17900.0
1272.0,1065.0,9511,14753,17630,16524,16122,13777,32767,32767,32767,32767,32767,2887.0,17900.0
1182.0,905.0,9877,14753,17630,16524,16122,13777,32767,32767,32767,32767,32767,2776.0,17900.0
1249.0,985.0,9329,14753,16622,15423,14262,13777,32767,32767,32767,32767,32767,2517.0,17900.0
1294.0,932.0,9511,15229,16622,15423,15502,13777,32767,32767,32767,32767,32767,2739.0,17900.0
1272.0,905.0,9329,15705,16622,15974,14882,13777,32767,32767,32767,32767,32767,2961.0,17900.0
1339.0,985.0,9694,15705,15615,15974,15502,13777,32767,32767,32767,32767,32767,3257.0,17900.0
1272.0,1011.0,8963,15705,15615,15974,14882,13777,32767,32767,32767,32767,32767,2887.0,17900.0
1383.0,1065.0,9694,15705,17630,17075,16122,13777,32767,32767,32767,32767,32767,2887.0,17900.0
1249.0,1011.0,10060,16181,18637,17075,16742,13777,32767,32767,32767,32767,32767,2480.0,17900.0
1272.0,852.0,8597,12850,15111,14872,13642,14466,32767,32767,32767,32767,32767,2739.0,17900.0
1182.0,825.0,8963,13326,15615,13770,14262,14466,32767,32767,32767,32767,32767,3183.0,17900.0
1450.0,1065.0,8780,13326,15111,14321,14262,14466,32767,32767,32767,32767,32767,2887.0,17900.0
1383.0,985.0,9694,13802,16119,15423,14882,14466,32767,32767,32767,32767,32767,3405.0,17900.0
1272.0,905.0,8963,14277,15111,14872,14262,14466,32767,32767,32767,32767,32767,2776.0,17900.0
1450.0,1091.0,8963,14753,16622,15974,15502,14466,32767,32767,32767,32767,32767,2924.0,17900.0
1406.0,1038.0,9329,14753,15111,14872,14262,14466,32767,32767,32767,32767,32767,3257.0,17900.0
1227.0,905.0,8780,14753,16622,15423,15502,14466,32767,32767,32767,32767,32767,2332.0,17900.0
1294.0,905.0,9877,14753,17630,16524,16122,14466,32767,32767,32767,32767,32767,2924.0,17900.0
1606.0,1224.0,9146,14753,16119,14872,14882,14466,32767,32767,32767,32767,32767,3072.0,17900.0
1316.0,958.0,9146,15229,17126,15974,16122,14466,32767,32767,32767,32767,32767,3257.0,17900.0
1205.0,798.0,9877,15229,16622,16524,15502,14466,32767,32767,32767,32767,32767,2961.0,17900.0
1361.0,1011.0,9329,15229,15615,15974,14882,14466,32767,32767,32767,32767,32767,2924.0,17900.0
1205.0,905.0,9146,15229,16622,15974,15502,14466,32767,32767,32767,32767,32767,2332.0,17900.0
1227.0,932.0,9694,15229,17126,17075,15502,14466,32767,32767,32767,32767,32767,2517.0,17900.0
1294.0,958.0,9694,15705,17126,17626,16742,14466,32767,32767,32767,32767,32767,2517.0,17900.0
1160.0,985.0,9877,15705,17630,17075,15502,14466,32767,32767,32767,32767,32767,2369.0,17900.0
1606.0,1331.0,10426,16181,18134,17626,15502,14466,32767,32767,32767,32767,32767,3553.0,17900.0
1651.0,1331.0,10792,16657,18637,17075,16742,14466,32767,32767,32767,32767,32767,3479.0,17900.0
1182.0,878.0,9146,14277,15111,14872,14262,15155,32767,32767,32767,32767,32767,2591.0,17900.0
1472.0,1065.0,9329,14277,15111,15423,13642,15155,32767,32767,32767,32767,32767,3072.0,17900.0
1182.0,878.0,9329,14753,16119,15423,14882,15155,32767,32767,32767,32767,32767,2998.0,17900.0
1160.0,852.0,9511,14753,16622,16524,15502,15155,32767,32767,32767,32767,32767,2554.0,17900.0
1450.0,1118.0,9511,14753,17126,15974,15502,15155,32767,32767,32767,32767,32767,2702.0,17900.0
1339.0,1065.0,9877,15705,17126,16524,16742,15155,32767,32767,32767,32767,32767,3405.0,17900.0
1339.0,1038.0,9694,15705,17126,15974,15502,15155,32767,32767,32767,32767,32767,2591.0,17900.0
1472.0,1198.0,9329,15705,18134,14872,15502,15155,32767,32767,32767,32767,32767,2813.0,17900.0
1249.0,852.0,9511,15705,17126,15974,16122,15155,32767,32767,32767,32767,32767,2665.0,17900.0
1294.0,1065.0,9694,15705,17630,17075,16122,15155,32767,32767,32767,32767,32767,2591.0,17900.0
1606.0,1464.0,10060,15705,17630,18177,17362,15155,32767,32767,32767,32767,32767,3368.0,17900.0
1316.0,1038.0,10060,16181,17630,17626,16742,15155,32767,32767,32767,32767,32767,2554.0,17900.0
1450.0,1198.0,10426,16181,18637,19279,19222,15155,32767,32767,32767,32767,32767,2665.0,17900.0
1227.0,1011.0,9146,16181,16622,17075,16742,15155,32767,32767,32767,32767,32767,1999.0,17900.0
1339.0,1091.0,9877,16657,19141,18177,16742,15155,32767,32767,32767,32767,32767,2369.0,17900.0
1272.0,958.0,10060,16657,17630,17626,16742,15155,32767,32767,32767,32767,32767,2702.0,17900.0
1383.0,1198.0,10609,16657,18637,19829,17362,15155,32767,32767,32767,32767,32767,2850.0,17900.0
1249.0,1011.0,10243,16657,19141,18728,16742,15155,32767,32767,32767,32767,32767,2517.0,17900.0
1316.0,1011.0,10426,16657,18637,18177,17362,15155,32767,32767,32767,32767,32767,2998.0,17900.0
1428.0,1118.0,10792,17133,19645,18728,17362,15155,32767,32767,32767,32767,32767,2924.0,17900.0
1249.0,1011.0,10060,15705,18134,17075,16742,15844,32767,32767,32767,32767,32767,2480.0,17900.0
1339.0,1011.0,9511,15705,17126,17626,15502,15844,32767,32767,32767,32767,32767,2739.0,17900.0
1495.0,1144.0,9694,15705,16622,17075,16742,15844,32767,32767,32767,32767,32767,3109.0,17900.0
1361.0,1038.0,9329,15705,17126,16524,16122,15844,32767,32767,32767,32767,32767,2739.0,17900.0
1339.0,985.0,9329,16181,17126,17075,16122,15844,32767,32767,32767,32767,32767,2665.0,17900.0
1294.0,1011.0,9877,16181,18134,17626,17982,15844,32767,32767,32767,32767,32767,2702.0,17900.0
1294.0,985.0,9329,16181,18134,17075,16742,15844,32767,32767,32767,32767,32767,2665.0,17900.0
1428.0,1118.0,9329,16657,18134,18728,18602,15844,32767,32767,32767,32767,32767,2739.0,17900.0
1517.0,1224.0,10609,16657,18637,18177,17362,15844,32767,32767,32767,32767,32767,2887.0,17900.0
1227.0,985.0,10426,16657,18134,17626,16122,15844,32767,32767,32767,32767,32767,2702.0,17900.0
1205.0,958.0,10060,17133,17126,18177,16742,15844,32767,32767,32767,32767,32767,2295.0,17900.0
1472.0,1224.0,11889,17133,20148,19829,18602,15844,32767,32767,32767,32767,32767,4034.0,17900.0
1383.0,1011.0,10609,17609,19141,19279,17982,15844,32767,32767,32767,32767,32767,2887.0,17900.0
1383.0,1038.0,11158,18561,20652,20380,18602,15844,32767,32767,32767,32767,32767,2665.0,17900.0
1249.0,825.0,9694,13802,16119,14872,14882,16533,32767,32767,32767,32767,32767,3072.0,17900.0
1539.0,1251.0,10060,15705,18134,18177,17362,16533,32767,32767,32767,32767,32767,2776.0,17900.0
1539.0,1304.0,10243,16657,19645,18728,17982,16533,32767,32767,32767,32767,32767,2887.0,17900.0
1339.0,1038.0,11158,17133,19645,19829,17362,16533,32767,32767,32767,32767,32767,3035.0,17900.0
1562.0,1251.0,10243,17133,19645,19829,19842,16533,32767,32767,32767,32767,32767,2702.0,17900.0
1495.0,1224.0,10426,17133,19645,19279,17982,16533,32767,32767,32767,32767,32767,3294.0,17900.0
1249.0,1011.0,11341,17133,19645,19829,18602,16533,32767,32767,32767,32767,32767,2702.0,17900.0
1495.0,1065.0,11341,18561,20652,21482,19222,16533,32767,32767,32767,32767,32767,3701.0,17900.0
1406.0,985.0,10975,19037,19645,19279,17362,16533,32767,32767,32767,32767,32767,2665.0,17900.0
1450.0,1198.0,11524,19513,21660,20380,21082,16533,32767,32767,32767,32767,32767,2776.0,17900.0
1450.0,1091.0,8963,15229,16622,17075,16742,17222,32767,32767,32767,32767,32767,2665.0,17900.0
1517.0,1171.0,10243,16657,19141,17626,17362,17222,32767,32767,32767,32767,32767,3072.0,17900.0
1651.0,1677.0,10243,16657,18637,18177,17362,17222,32767,32767,32767,32767,32767,2961.0,17900.0
1294.0,1065.0,10609,17133,19645,19279,17982,17222,32767,32767,32767,32767,32767,2369.0,17900.0
1539.0,1224.0,10609,17133,19645,19279,18602,17222,32767,32767,32767,32767,32767,2739.0,17900.0
1584.0,1251.0,11706,18085,21156,19279,17362,17222,32767,32767,32767,32767,32767,3331.0,17900.0
1339.0,1118.0,10243,18085,20652,19829,21703,17222,32767,32767,32767,32767,32767,2443.0,17900.0
1472.0,1144.0,11158,18085,20148,19279,17982,17222,32767,32767,32767,32767,32767,3072.0,17900.0
1383.0,1118.0,10609,18085,20652,20931,19842,17222,32767,32767,32767,32767,32767,2406.0,17900.0
1339.0,1144.0,10975,18561,21156,20931,19222,17222,32767,32767,32767,32767,32767,2665.0,17900.0
1562.0,1278.0,11341,19037,21660,20931,21703,17222,32767,32767,32767,32767,32767,3072.0,17900.0
1406.0,1171.0,11889,19988,23171,22033,20462,17222,32767,32767,32767,32767,32767,2628.0,17900.0
1406.0,1171.0,11341,19988,21156,20931,19222,17222,32767,32767,32767,32767,32767,2591.0,17900.0
1361.0,1251.0,11341,19513,22667,22033,20462,17911,32767,32767,32767,32767,32767,2776.0,17900.0
1294.0,1091.0,11706,20940,23171,23134,22323,17911,32767,32767,32767,32767,32767,2369.0,17900.0
1584.0,1624.0,12255,21416,24178,23685,22943,17911,32767,32767,32767,32767,32767,2702.0,17900.0
1584.0,1278.0,12072,19513,21660,20931,20462,18599,32767,32767,32767,32767,32767,2850.0,17900.0
1495.0,1357.0,11706,19988,22163,21482,21703,18599,32767,32767,32767,32767,32767,2776.0,17900.0
1361.0,1144.0,11341,19988,22163,22583,22323,18599,32767,32767,32767,32767,32767,2702.0,17900.0
2566.0,2156.0,11158,18085,21156,20931,21703,19288,32767,32767,32767,32767,32767,3701.0,17900.0
1294.0,1065.0,11341,19513,22163,21482,21703,19288,32767,32767,32767,32767,32767,2517.0,17900.0
1339.0,1171.0,12438,19988,22667,23134,21082,19288,32767,32767,32767,32767,32767,2295.0,17900.0
1472.0,1464.0,12621,21416,24682,25338,23563,19288,32767,32767,32767,32767,32767,2406.0,17900.0
1986.0,1916.0,13170,21892,24178,25888,24803,19288,32767,32767,32767,32767,32767,2924.0,17900.0
1495.0,1198.0,12438,20464,23674,24236,24183,19977,32767,32767,32767,32767,32767,2850.0,17900.0
1383.0,1304.0,13353,21892,25689,24236,25423,19977,32767,32767,32767,32767,32767,2554.0,17900.0
1562.0,1411.0,12987,22368,25689,25338,24803,19977,32767,32767,32767,32767,32767,2961.0,17900.0
1718.0,1837.0,12621,22368,25689,25338,24803,19977,32767,32767,32767,32767,32767,2702.0,17900.0
1316.0,985.0,12621,21892,25185,24787,23563,20666,32767,32767,32767,32767,32767,2850.0,17900.0
1606.0,1411.0,13901,22844,26697,25888,26043,20666,32767,32767,32767,32767,32767,2813.0,17900.0
1383.0,1278.0,12987,24272,26193,26990,26663,20666,32767,32767,32767,32767,32767,2665.0,17900.0
1829.0,1916.0,14450,22368,24682,26990,26663,21355,32767,32767,32767,32767,32767,3516.0,17900.0
1919.0,1863.0,13170,22844,26697,26439,27283,22044,32767,32767,32767,32767,32767,3183.0,17900.0
1696.0,1437.0,14084,23796,28208,26990,27903,22044,32767,32767,32767,32767,32767,3257.0,17900.0
1629.0,1464.0,13718,24272,27704,26990,26043,22044,32767,32767,32767,32767,32767,2961.0,17900.0
2008.0,1703.0,12804,23320,24682,28642,29143,24110,32767,32767,32767,32767,32767,3257.0,17900.0
989.0,658.0,7353,11773,12461,11923,12783,12781,32767,32767,32767,32767,32767,2709.0,25000.0
1058.0,658.0,7730,11283,12461,11923,12144,13491,32767,32767,32767,32767,32767,3319.0,25000.0
1035.0,686.0,7353,11773,11942,11355,11505,13491,32767,32767,32767,32767,32767,2823.0,25000.0
1058.0,658.0,7730,12264,11942,11923,11505,13491,32767,32767,32767,32767,32767,2937.0,25000.0
1150.0,713.0,8107,12755,12980,13059,12783,13491,32767,32767,32767,32767,32767,3395.0,25000.0
1035.0,686.0,7353,12264,11942,12491,12144,14201,32767,32767,32767,32767,32767,2747.0,25000.0
1081.0,741.0,8861,12755,14019,13626,14061,14201,32767,32767,32767,32767,32767,3433.0,25000.0
1012.0,631.0,7730,12264,13499,12491,12783,14911,32767,32767,32767,32767,32767,2899.0,25000.0
1058.0,686.0,7353,12264,11942,11923,12144,14911,32767,32767,32767,32767,32767,2442.0,25000.0
1173.0,768.0,8484,13245,14538,13626,14061,14911,32767,32767,32767,32767,32767,3319.0,25000.0
1058.0,741.0,8673,13736,15576,15897,15340,14911,32767,32767,32767,32767,32767,2861.0,25000.0
1160.0,775.0,8372,13366,14671,14324,14190,15048,32767,32767,32767,32767,32767,2656.0,25000.0
1081.0,713.0,7730,12755,14019,13626,14061,15621,32767,32767,32767,32767,32767,2747.0,25000.0
1035.0,686.0,8484,13245,14538,13059,12783,15621,32767,32767,32767,32767,32767,3014.0,25000.0
1058.0,658.0,7730,13245,13499,13059,12783,15621,32767,32767,32767,32767,32767,2823.0,25000.0
1058.0,686.0,8296,13245,14538,14194,13422,15621,32767,32767,32767,32767,32767,3128.0,25000.0
1058.0,713.0,8107,13245,15057,13626,14701,15621,32767,32767,32767,32767,32767,2670.0,25000.0
1219.0,823.0,8673,13736,14538,13059,14061,15621,32767,32767,32767,32767,32767,3777.0,25000.0
1265.0,933.0,9239,13736,15057,14194,14701,15621,32767,32767,32767,32767,32767,3510.0,25000.0
1058.0,741.0,8484,13736,15576,14194,14701,15621,32767,32767,32767,32767,32767,2747.0,25000.0
1173.0,850.0,9239,14226,16096,14762,15340,15621,32767,32767,32767,32767,32767,3624.0,25000.0
1104.0,768.0,7919,14226,14019,14762,14061,15621,32767,32767,32767,32767,32767,2670.0,25000.0
1081.0,768.0,8673,14226,15576,14762,14701,15621,32767,32767,32767,32767,32767,2937.0,25000.0
1081.0,796.0,8296,13736,14538,14194,14701,16332,32767,32767,32767,32767,32767,2480.0,25000.0
1127.0,796.0,8296,13736,15057,14762,14701,16332,32767,32767,32767,32767,32767,2937.0,25000.0
1288.0,823.0,9239,14717,16096,15330,15340,16332,32767,32767,32767,32767,32767,3319.0,25000.0
1127.0,768.0,9050,14717,16096,14762,15340,16332,32767,32767,32767,32767,32767,2632.0,25000.0
1196.0,933.0,9239,15207,16615,15897,16618,16332,32767,32767,32767,32767,32767,3014.0,25000.0
1196.0,823.0,9050,15207,16096,15897,15979,16332,32767,32767,32767,32767,32767,2861.0,25000.0
1150.0,905.0,8673,15207,16615,15897,17257,17042,32767,32767,32767,32767,32767,2442.0,25000.0
1127.0,850.0,9050,15698,16615,16465,16618,17042,32767,32767,32767,32767,32767,2518.0,25000.0
1127.0,850.0,8673,14717,15576,15330,15979,17752,32767,32767,32767,32767,32767,2480.0,25000.0
1219.0,878.0,9993,16189,17653,17033,17257,17752,32767,32767,32767,32767,32767,2976.0,25000.0
1173.0,988.0,8673,16189,17134,15897,17257,17752,32767,32767,32767,32767,32767,2327.0,25000.0
1104.0,878.0,8861,15207,16615,16465,17257,18462,32767,32767,32767,32767,32767,2518.0,25000.0
1081.0,823.0,9050,15207,17134,15897,16618,18462,32767,32767,32767,32767,32767,2403.0,25000.0
1150.0,905.0,9239,16189,17653,17033,17896,18462,32767,32767,32767,32767,32767,2403.0,25000.0
1242.0,988.0,9427,16189,17134,16465,17896,18462,32767,32767,32767,32767,32767,2442.0,25000.0
1196.0,933.0,9239,16679,17653,17601,18535,18462,32767,32767,32767,32767,32767,2785.0,25000.0
1253.0,1024.0,9323,16337,17291,16616,17415,18631,32767,32767,32767,32767,32767,2618.0,25000.0
1230.0,969.0,8562,16337,17291,17189,18060,18631,32767,32767,32767,32767,32767,2233.0,25000.0
1173.0,933.0,10181,17660,18692,19304,19175,19172,32767,32767,32767,32767,32767,2670.0,25000.0
1219.0,1070.0,9616,18151,19730,19304,19175,19172,32767,32767,32767,32767,32767,2365.0,25000.0
1081.0,686.0,10558,18641,19211,18736,20453,19172,32767,32767,32767,32767,32767,2899.0,25000.0
1173.0,878.0,9427,16189,17653,17601,17257,19882,32767,32767,32767,32767,32767,2594.0,25000.0
1242.0,1043.0,9804,17660,19211,19872,19814,19882,32767,32767,32767,32767,32767,2823.0,25000.0
1219.0,1043.0,10935,18151,20768,19872,19814,19882,32767,32767,32767,32767,32767,2480.0,25000.0
1219.0,1070.0,10558,18151,20768,18169,19175,19882,32767,32767,32767,32767,32767,2785.0,25000.0
1288.0,1097.0,10181,17660,19730,19304,20453,20592,32767,32767,32767,32767,32767,3014.0,25000.0
1265.0,1125.0,10181,18151,19730,19872,21092,21302,32767,32767,32767,32767,32767,2480.0,25000.0
1495.0,1509.0,11124,18641,21288,21007,22370,21302,32767,32767,32767,32767,32767,2823.0,25000.0
1380.0,1207.0,11313,19622,21288,21007,22370,21302,32767,32767,32767,32767,32767,2594.0,25000.0
1265.0,1152.0,10370,18151,20249,20440,21092,22012,32767,32767,32767,32767,32767,2594.0,25000.0
1219.0,1070.0,10747,19132,22326,21575,21731,22012,32767,32767,32767,32767,32767,2251.0,25000.0
1426.0,1399.0,11124,19622,20768,20440,22370,22012,32767,32767,32767,32767,32767,3052.0,25000.0
1219.0,1043.0,10370,19622,20768,21007,22370,22722,32767,32767,32767,32767,32767,2442.0,25000.0
1518.0,1289.0,12067,20113,23364,21575,23010,23432,32767,32767,32767,32767,32767,3052.0,25000.0
1219.0,1152.0,11501,20604,23364,22711,23649,23432,32767,32767,32767,32767,32767,2289.0,25000.0
1242.0,1180.0,11124,20604,23884,23846,25566,24142,32767,32767,32767,32767,32767,2136.0,25000.0
1748.0,1893.0,11690,22566,25441,25550,28762,25562,32767,32767,32767,32767,32767,3166.0,25000.0
1587.0,1591.0,13198,23056,25961,24414,26205,25562,32767,32767,32767,32767,32767,2861.0,25000.0
