B01,B02,B04,B05,B06,B07,B08,B09,B10,B11,B12,B13,B14,B3N,quality
1366.0,1264.0,8688,19592,18609,18605,18327,20360,32767,32767,32767,32767,32767,1797.0,13600.0
2615.0,2580.0,9549,24338,24149,22887,25764,32292,32767,32767,32767,32767,32767,2405.0,16601.0
2423.0,2743.0,12769,25312,25674,28075,26796,29768,32767,32767,32767,32767,32767,3281.0,16112.0
1601.0,1630.0,12550,25620,25521,25001,26181,27631,32767,32767,32767,32767,32767,2578.0,13600.0
2665.0,2630.0,11630,25762,26401,26504,28771,31371,32767,32767,32767,32767,32767,2894.0,16919.0
2946.0,2676.0,12000,26356,27895,29096,29585,30520,32767,32767,32767,32767,32767,3405.0,16114.0
3215.0,3027.0,11328,26794,24956,29771,32767,32767,32767,32767,32767,32767,32767,3667.0,16222.0
2863.0,2627.0,12238,27144,28729,27187,29245,32767,32767,32767,32767,32767,32767,3085.0,16388.0
3038.0,2848.0,11664,27262,29398,29171,32767,32767,32767,32767,32767,32767,32767,3480.0,17219.0
2626.0,2516.0,10844,27398,27700,30763,31967,32767,32767,32767,32767,32767,32767,2449.0,16993.0
3080.0,2917.0,12942,27514,28686,28517,31567,32767,32767,32767,32767,32767,32767,3513.0,16867.0
2636.0,2677.0,11649,27519,27859,28157,28579,32767,32767,32767,32767,32767,32767,2450.0,17505.0
2388.0,2536.0,13119,28019,29656,30660,31860,31708,32767,32767,32767,32767,32767,2773.0,17757.0
3130.0,3032.0,13841,28323,29978,31844,32767,32767,32767,32767,32767,32767,32767,3619.0,16976.0
2401.0,2722.0,12472,28394,28442,29342,32767,32767,32767,32767,32767,32767,32767,2839.0,16407.0
3481.0,3286.0,12387,28559,30658,32767,32767,32767,32767,32767,32767,32767,32767,3490.0,15558.0
2358.0,2767.0,12259,28625,27700,30763,32767,32767,32767,32767,32767,32767,32767,2767.0,16623.0
2709.0,2639.0,12839,28633,30866,30684,31779,32767,32767,32767,32767,32767,32767,3175.0,14477.0
2737.0,2585.0,12156,28789,30041,32767,32767,32767,32767,32767,32767,32767,32767,2806.0,16092.0
3155.0,2789.0,13558,28789,31329,30504,32767,32767,32767,32767,32767,32767,32767,3942.0,15819.0
2814.0,2697.0,10710,28938,30628,29771,31419,32767,32767,32767,32767,32767,32767,2917.0,16725.0
3060.0,3012.0,13642,28967,30658,30220,32767,32767,32767,32767,32767,32767,32767,3395.0,15984.0
2792.0,2543.0,11755,28976,29390,29810,31460,32767,32767,32767,32767,32767,32767,2472.0,17025.0
3048.0,2973.0,13359,29034,31162,27924,30902,31963,32767,32767,32767,32767,32767,3180.0,16111.0
2034.0,2472.0,14961,29195,31758,32767,32767,32767,32767,32767,32767,32767,32767,2838.0,16139.0
3401.0,3270.0,13442,29232,30939,32020,32767,32767,32767,32767,32767,32767,32767,3653.0,15155.0
2618.0,2540.0,14244,29232,32596,32767,32767,32767,32767,32767,32767,32767,32767,3126.0,16380.0
2862.0,2641.0,11734,29308,31020,28739,32767,32767,32767,32767,32767,32767,32767,2912.0,15840.0
2310.0,2561.0,14924,29371,32140,32767,32430,30984,32767,32767,32767,32767,32767,3174.0,16641.0
2282.0,2722.0,14810,29408,32199,31689,32767,32767,32767,32767,32767,32767,32767,3115.0,16251.0
2914.0,2790.0,11630,29443,32028,30290,32767,32767,32767,32767,32767,32767,32767,2512.0,16346.0
3123.0,3139.0,13036,29476,31198,32713,32767,32767,32767,32767,32767,32767,32767,2889.0,16615.0
2991.0,2831.0,11350,29531,31814,32347,32767,32767,32767,32767,32767,32767,32767,3076.0,15840.0
2599.0,2572.0,12468,29567,29555,31368,32767,32767,32767,32767,32767,32767,32767,2427.0,17220.0
2146.0,2416.0,14827,29834,32120,32767,32767,32767,32767,32767,32767,32767,32767,2760.0,17597.0
2532.0,2992.0,15618,29834,31576,32767,32767,32759,32767,32767,32767,32767,32767,3280.0,16551.0
2637.0,2812.0,14541,29869,31086,31689,32430,30264,32767,32767,32767,32767,32767,3291.0,16197.0
2791.0,2710.0,11995,29977,29555,32767,32767,32767,32767,32767,32767,32767,32767,2587.0,17041.0
3231.0,2948.0,11221,30006,32767,30504,32767,32767,32767,32767,32767,32767,32767,3342.0,15564.0
2340.0,2650.0,14293,30057,31273,32767,32767,32767,32767,32767,32767,32767,32767,2813.0,17412.0
3867.0,3781.0,13457,30183,31094,32767,32767,32767,32767,32767,32767,32767,32767,3286.0,14783.0
2251.0,2773.0,14646,30276,31491,30207,29925,30978,32767,32767,32767,32767,32767,3004.0,15947.0
2131.0,2454.0,14102,30310,32081,31388,32767,32767,32767,32767,32767,32767,32767,2605.0,17865.0
2566.0,2585.0,13247,30411,31758,32767,32767,32767,32767,32767,32767,32767,32767,2617.0,15916.0
2054.0,2422.0,15272,30567,31273,32767,32767,32767,32767,32767,32767,32767,32767,2734.0,17726.0
2792.0,2656.0,13766,30585,32767,32767,32767,32767,32767,32767,32767,32767,32767,2973.0,16819.0
2754.0,2611.0,14075,30585,32767,32604,32767,32767,32767,32767,32767,32767,32767,3161.0,16947.0
2809.0,2580.0,13246,30754,32550,32525,32767,32767,32767,32767,32767,32767,32767,3216.0,14525.0
2883.0,2758.0,13450,30754,32767,32767,32767,32767,32767,32767,32767,32767,32767,3134.0,14114.0
2710.0,2572.0,13142,30937,32767,32036,32767,32767,32767,32767,32767,32767,32767,2469.0,15630.0
2627.0,2593.0,11748,31076,31812,32429,32767,32767,32767,32767,32767,32767,32767,2535.0,17611.0
2569.0,2539.0,12888,31078,32460,30763,31967,32767,32767,32767,32767,32767,32767,2608.0,16846.0
2412.0,2654.0,13336,31108,32767,32311,32767,32767,32767,32767,32767,32767,32767,2698.0,17560.0
2849.0,2986.0,13731,31209,32597,32767,32767,32767,32767,32767,32767,32767,32767,2874.0,16471.0
2021.0,2526.0,14678,31209,32767,32767,32767,32767,32767,32767,32767,32767,32767,2746.0,17341.0
3098.0,3175.0,15117,31222,32767,32767,32767,32767,32767,32767,32767,32767,32767,3500.0,14837.0
3149.0,2891.0,11577,31344,32767,31094,32767,32767,32767,32767,32767,32767,32767,3134.0,15389.0
3301.0,3233.0,13924,31344,32767,32767,32767,32767,32767,32767,32767,32767,32767,3039.0,14471.0
2622.0,2588.0,14075,31390,32767,32767,32767,32767,32767,32767,32767,32767,32767,2691.0,16817.0
2528.0,2678.0,14694,31390,32767,32767,32767,32621,32767,32767,32767,32767,32767,2879.0,16677.0
1981.0,2431.0,15467,31390,32767,32767,32767,32767,32767,32767,32767,32767,32767,2691.0,17075.0
3194.0,3080.0,13799,31415,32767,32767,32767,32767,32767,32767,32767,32767,32767,3236.0,15751.0
3003.0,2829.0,14112,31415,32767,32767,32767,32767,32767,32767,32767,32767,32767,3141.0,16166.0
2044.0,2524.0,15395,31436,32767,32767,32767,32767,32767,32767,32767,32767,32767,2839.0,16467.0
2875.0,2721.0,12102,31487,32028,31237,32767,32767,32767,32767,32767,32767,32767,2830.0,16607.0
3489.0,3339.0,13045,31487,32767,32767,32767,32767,32767,32767,32767,32767,32767,3275.0,15431.0
2430.0,2788.0,15022,31507,32767,31850,32767,32767,32767,32767,32767,32767,32767,2822.0,17131.0
2030.0,2393.0,15272,31585,32767,32767,32767,32767,32767,32767,32767,32767,32767,2654.0,17747.0
2149.0,2365.0,15468,31585,32352,32767,32767,32767,32767,32767,32767,32767,32767,2734.0,17774.0
2695.0,2779.0,13573,31620,32767,32767,32767,32767,32767,32767,32767,32767,32767,2555.0,16742.0
3954.0,3832.0,14649,31628,31758,32767,32767,32767,32767,32767,32767,32767,32767,4415.0,13864.0
2423.0,2507.0,14795,31640,32767,32767,32767,32767,32767,32767,32767,32767,32767,2789.0,16065.0
1978.0,2595.0,14998,31640,32767,32767,32767,32767,32767,32767,32767,32767,32767,2871.0,16034.0
2451.0,2509.0,13765,31697,32767,30492,32767,32767,32767,32767,32767,32767,32767,2465.0,17637.0
3435.0,3255.0,14080,31751,32767,32767,32767,32767,32767,32767,32767,32767,32767,3862.0,14653.0
1964.0,2521.0,15488,31814,32767,32767,32767,32767,32767,32767,32767,32767,32767,3134.0,14506.0
2000.0,2387.0,15328,31906,32767,32767,32767,32767,32767,32767,32767,32767,32767,2729.0,17896.0
2150.0,2520.0,15482,31906,32767,32767,32767,32767,32767,32767,32767,32767,32767,2884.0,17649.0
2038.0,2409.0,15482,31906,32767,32767,32767,32767,32767,32767,32767,32767,32767,2729.0,17817.0
2258.0,2439.0,14616,31943,32767,32767,32767,32767,32767,32767,32767,32767,32767,2760.0,16656.0
2464.0,2366.0,12784,32031,32767,31368,32767,32767,32767,32767,32767,32767,32767,2172.0,17465.0
2849.0,2848.0,13889,32031,32767,32767,32767,32767,32767,32767,32767,32767,32767,2682.0,16600.0
2148.0,2517.0,16052,32033,32616,32767,32767,32767,32767,32767,32767,32767,32767,2586.0,15709.0
2078.0,2422.0,14881,32095,32767,32429,32767,32767,32767,32767,32767,32767,32767,2654.0,17744.0
2161.0,2463.0,14556,32109,32767,32767,32767,32767,32767,32767,32767,32767,32767,2657.0,17794.0
2864.0,2757.0,12770,32153,32767,31631,32767,32767,32767,32767,32767,32767,32767,3250.0,16548.0
3301.0,3278.0,14393,32158,32767,32767,32767,32767,32767,32767,32767,32767,32767,3355.0,14459.0
2557.0,2664.0,15019,32158,32767,32767,32767,32767,32767,32767,32767,32767,32767,3039.0,15514.0
3264.0,3286.0,14539,32195,32767,32767,32767,32767,32767,32767,32767,32767,32767,3036.0,15515.0
2934.0,2958.0,15053,32303,32767,32767,32767,32767,32767,32767,32767,32767,32767,2889.0,16718.0
2262.0,2454.0,14409,32305,32503,32767,32767,32767,32767,32767,32767,32767,32767,2481.0,17711.0
2031.0,2335.0,16250,32364,32767,32624,32767,32767,32767,32767,32767,32767,32767,2720.0,16416.0
1859.0,2489.0,14618,32370,32767,32767,32767,32767,32767,32767,32767,32767,32767,2706.0,17847.0
2990.0,3049.0,14234,32405,32767,32767,32767,32767,32767,32767,32767,32767,32767,3160.0,16478.0
2677.0,2647.0,15815,32405,32767,32767,32767,32767,32767,32767,32767,32767,32767,3480.0,17142.0
3669.0,3764.0,14493,32439,32767,32767,32767,32767,32767,32767,32767,32767,32767,3878.0,13941.0
1997.0,2354.0,15785,32451,32767,32767,32767,32767,32767,32767,32767,32767,32767,2760.0,16696.0
2200.0,2486.0,15347,32521,32767,32767,32767,32767,32767,32767,32767,32767,32767,2625.0,17594.0
2123.0,2509.0,15980,32521,32767,32767,32767,32767,32767,32767,32767,32767,32767,2721.0,17514.0
2252.0,2732.0,16740,32565,32767,32767,32767,32767,32767,32767,32767,32767,32767,2817.0,15093.0
2717.0,2656.0,14849,32598,32767,32767,32767,32767,32767,32767,32767,32767,32767,2910.0,16654.0
2907.0,2829.0,13485,32639,32767,32767,32767,32767,32767,32767,32767,32767,32767,2887.0,16168.0
2818.0,2890.0,15403,32695,32767,32767,32767,32767,32767,32767,32767,32767,32767,2953.0,15243.0
2274.0,3008.0,16619,32695,32767,32767,32767,32767,32767,32767,32767,32767,32767,3363.0,15164.0
2150.0,2409.0,15941,32703,32767,32767,32767,32767,32767,32767,32767,32767,32767,2698.0,17688.0
2075.0,2431.0,16708,32703,32767,32767,32767,32767,32767,32767,32767,32767,32767,2915.0,17631.0
2626.0,2607.0,14774,32714,32767,32767,32767,32767,32767,32767,32767,32767,32767,2926.0,16587.0
3212.0,2903.0,13091,32767,32767,32767,32767,32767,32767,32767,32767,32767,32767,3910.0,15650.0
3056.0,2926.0,13302,32767,32767,32767,32767,32767,32767,32767,32767,32767,32767,2910.0,16286.0
3856.0,3716.0,13782,32767,32767,32767,32767,32767,32767,32767,32767,32767,32767,3486.0,14023.0
3163.0,3065.0,13831,32767,32767,32767,32767,32767,32767,32767,32767,32767,32767,3148.0,15849.0
3505.0,3173.0,13858,32767,32767,32767,32767,32767,32767,32767,32767,32767,32767,3381.0,13251.0
2889.0,2767.0,13870,32767,32767,32767,32767,32767,32767,32767,32767,32767,32767,3563.0,15791.0
2908.0,2847.0,14061,32767,32767,32767,32767,32767,32767,32767,32767,32767,32767,2845.0,13741.0
3380.0,3262.0,14061,32767,32767,32767,32767,32767,32767,32767,32767,32767,32767,3299.0,13085.0
3187.0,2960.0,14080,32767,32767,32767,32767,32767,32767,32767,32767,32767,32767,3545.0,15132.0
3523.0,3537.0,14205,32767,32767,32767,32767,32767,32767,32767,32767,32767,32767,3257.0,15470.0
3320.0,3119.0,14237,32767,32767,32767,32767,32767,32767,32767,32767,32767,32767,3735.0,14858.0
2883.0,2817.0,14265,32767,32767,32767,32767,32767,32767,32767,32767,32767,32767,3051.0,13864.0
3331.0,3232.0,14265,32767,32767,32767,32767,32767,32767,32767,32767,32767,32767,3175.0,13076.0
2329.0,2710.0,14362,32767,32767,32767,32767,32767,32767,32767,32767,32767,32767,2427.0,16789.0
2532.0,3078.0,14432,32767,32767,32767,32767,32767,32767,32767,32767,32767,32767,3160.0,16533.0
3778.0,3677.0,14469,32767,32767,32767,32767,32767,32767,32767,32767,32767,32767,3587.0,12361.0
2637.0,2871.0,14520,32767,32767,32767,32767,32767,32767,32767,32767,32767,32767,2714.0,16549.0
2560.0,2664.0,14520,32767,32767,32767,32767,32767,32767,32767,32767,32767,32767,2587.0,16874.0
2410.0,2647.0,14583,32767,32767,32767,32767,32767,32767,32767,32767,32767,32767,2919.0,16503.0
2942.0,2831.0,14593,32767,32767,32767,32767,32767,32767,32767,32767,32767,32767,3322.0,15579.0
2224.0,2653.0,14616,32767,32767,32767,32767,32767,32767,32767,32767,32767,32767,2894.0,16629.0
4258.0,4105.0,14649,32767,32767,32767,32767,32767,32767,32767,32767,32767,32767,4320.0,13360.0
3256.0,3262.0,14673,32767,32767,32767,32767,32767,32767,32767,32767,32767,32767,3381.0,13071.0
3853.0,3736.0,14673,32767,32767,32767,32767,32767,32767,32767,32767,32767,32767,3464.0,12186.0
2684.0,2669.0,14673,32767,32767,32767,32767,32767,32767,32767,32767,32767,32767,3216.0,14192.0
2169.0,2476.0,14715,32767,32767,32767,32767,32767,32767,32767,32767,32767,32767,2698.0,17765.0
2744.0,2772.0,14795,32767,32767,32767,32767,32767,32767,32767,32767,32767,32767,2871.0,15527.0
3022.0,2857.0,14805,32767,32767,32767,32767,32767,32767,32767,32767,32767,32767,3437.0,15419.0
3802.0,3492.0,14805,32767,32767,32767,32767,32767,32767,32767,32767,32767,32767,4068.0,14330.0
3617.0,3566.0,14829,32767,32767,32767,32767,32767,32767,32767,32767,32767,32767,3459.0,14791.0
2560.0,2710.0,14836,32767,32767,32767,32767,32767,32767,32767,32767,32767,32767,2587.0,16743.0
2695.0,2664.0,14836,32767,32767,32767,32767,32767,32767,32767,32767,32767,32767,2651.0,16821.0
4325.0,4122.0,14877,32767,32767,32767,32767,32767,32767,32767,32767,32767,32767,3876.0,11585.0
3306.0,3203.0,14877,32767,32767,32767,32767,32767,32767,32767,32767,32767,32767,3216.0,13066.0
3356.0,3292.0,14877,32767,32767,32767,32767,32767,32767,32767,32767,32767,32767,3505.0,13009.0
2139.0,2552.0,14898,32767,32767,32767,32767,32767,32767,32767,32767,32767,32767,2606.0,17553.0
2513.0,2729.0,14912,32767,32767,32767,32767,32767,32767,32767,32767,32767,32767,2924.0,16876.0
3872.0,3842.0,14931,32767,32767,32767,32767,32767,32767,32767,32767,32767,32767,3784.0,14489.0
3681.0,3499.0,14931,32767,32767,32767,32767,32767,32767,32767,32767,32767,32767,3593.0,15008.0
2272.0,2411.0,14994,32767,32767,32767,32767,32767,32767,32767,32767,32767,32767,2427.0,17263.0
2984.0,2963.0,14994,32767,32767,32767,32767,32767,32767,32767,32767,32767,32767,2746.0,16238.0
2211.0,2439.0,15005,32767,32767,32767,32767,32767,32767,32767,32767,32767,32767,2721.0,16587.0
2710.0,2807.0,15005,32767,32767,32767,32767,32767,32767,32767,32767,32767,32767,3115.0,15948.0
2430.0,2587.0,15022,32767,32767,32767,32767,32767,32767,32767,32767,32767,32767,2729.0,17448.0
4870.0,4700.0,15047,32767,32767,32767,32767,32767,32767,32767,32767,32767,32767,4262.0,12612.0
2400.0,2394.0,15066,32767,32767,32767,32767,32767,32767,32767,32767,32767,32767,2799.0,17447.0
2250.0,2326.0,15066,32767,32767,32767,32767,32767,32767,32767,32767,32767,32767,2488.0,17457.0
3335.0,3316.0,15088,32767,32767,32767,32767,32767,32767,32767,32767,32767,32767,3562.0,15364.0
2377.0,2378.0,15088,32767,32767,32767,32767,32767,32767,32767,32767,32767,32767,2608.0,16883.0
3345.0,3220.0,15117,32767,32767,32767,32767,32767,32767,32767,32767,32767,32767,3658.0,14741.0
3935.0,3628.0,15117,32767,32767,32767,32767,32767,32767,32767,32767,32767,32767,3942.0,14011.0
3547.0,3556.0,15158,32767,32767,32767,32767,32767,32767,32767,32767,32767,32767,3192.0,14989.0
3245.0,3286.0,15158,32767,32767,32767,32767,32767,32767,32767,32767,32767,32767,3161.0,15487.0
2487.0,2699.0,15175,32767,32767,32767,32767,32767,32767,32767,32767,32767,32767,2946.0,17307.0
2711.0,2855.0,15175,32767,32767,32767,32767,32767,32767,32767,32767,32767,32767,3008.0,16994.0
2075.0,2409.0,15175,32767,32767,32767,32767,32767,32767,32767,32767,32767,32767,2574.0,17778.0
2356.0,2610.0,15175,32767,32767,32767,32767,32767,32767,32767,32767,32767,32767,2822.0,17449.0
4293.0,3916.0,15176,32767,32767,32767,32767,32767,32767,32767,32767,32767,32767,4178.0,13330.0
2917.0,2920.0,15201,32767,32767,32767,32767,32767,32767,32767,32767,32767,32767,2871.0,15159.0
2604.0,2877.0,15222,32767,32767,32767,32767,32767,32767,32767,32767,32767,32767,3240.0,16772.0
2070.0,2721.0,15245,32767,32767,32767,32767,32767,32767,32767,32767,32767,32767,2957.0,16479.0
3206.0,3182.0,15247,32767,32767,32767,32767,32767,32767,32767,32767,32767,32767,3247.0,14987.0
2030.0,2536.0,15272,32767,32767,32767,32767,32767,32767,32767,32767,32767,32767,2932.0,17612.0
2240.0,2506.0,15306,32767,32767,32767,32767,31705,32767,32767,32767,32767,32767,3020.0,16639.0
2021.0,2411.0,15309,32767,32767,32767,32767,32767,32767,32767,32767,32767,32767,2714.0,17439.0
2075.0,2387.0,15328,32767,32767,32767,32767,32767,32767,32767,32767,32767,32767,2636.0,17827.0
2025.0,2507.0,15364,32767,32767,32767,32767,32767,32767,32767,32767,32767,32767,2606.0,17593.0
1817.0,2281.0,15364,32767,32767,32767,32767,32767,32767,32767,32767,32767,32767,2292.0,17899.0
3576.0,3445.0,15367,32767,32767,32767,32767,32767,32767,32767,32767,32767,32767,3109.0,14791.0
3117.0,3035.0,15367,32767,32767,32767,32767,32767,32767,32767,32767,32767,32767,3204.0,15622.0
1897.0,2512.0,15396,32767,32767,32767,32767,32767,32767,32767,32767,32767,32767,2643.0,17634.0
4438.0,4435.0,15396,32767,32767,32767,32767,32767,32767,32767,32767,32767,32767,3996.0,14389.0
2049.0,2399.0,15396,32767,32767,32767,32767,32767,32767,32767,32767,32767,32767,2706.0,17836.0
3144.0,2973.0,15402,32767,32767,32767,32767,32767,32767,32767,32767,32767,32767,3053.0,15752.0
2699.0,2789.0,15428,32767,32767,32767,32767,32767,32767,32767,32767,32767,32767,3027.0,15380.0
2015.0,2426.0,15428,32767,32767,32767,32767,32767,32767,32767,32767,32767,32767,2491.0,15972.0
1867.0,2320.0,15467,32767,32767,32767,32767,32767,32767,32767,32767,32767,32767,2459.0,17494.0
2349.0,2480.0,15467,32767,32767,32767,32767,32767,32767,32767,32767,32767,32767,2523.0,17087.0
2188.0,2521.0,15467,32767,32767,32767,32767,32767,32767,32767,32767,32767,32767,2723.0,16863.0
2245.0,2318.0,15467,32767,32767,32767,32767,32767,32767,32767,32767,32767,32767,2410.0,17059.0
2187.0,2476.0,15482,32767,32767,32767,32767,32767,32767,32767,32767,32767,32767,2760.0,17663.0
2470.0,2694.0,15505,32767,32767,32767,32767,32767,32767,32767,32767,32767,32767,2785.0,17193.0
2101.0,2439.0,15519,32767,32767,32767,32767,32767,32767,32767,32767,32767,32767,2543.0,17638.0
2475.0,2684.0,15527,32767,32767,32767,32767,32767,32767,32767,32767,32767,32767,2675.0,16750.0
1783.0,2399.0,15551,32767,32767,32767,32767,32767,32767,32767,32767,32767,32767,2643.0,17853.0
2306.0,2439.0,15590,32767,32767,32767,32767,32767,32767,32767,32767,32767,32767,2642.0,16421.0
2894.0,3021.0,15618,32767,32767,32767,32767,32767,32767,32767,32767,32767,32767,3680.0,16530.0
2509.0,2633.0,15622,32767,32767,32767,32767,32767,32767,32767,32767,32767,32767,2848.0,16601.0
2310.0,2618.0,15625,32767,32767,32767,32767,32767,32767,32767,32767,32767,32767,2682.0,16903.0
2075.0,2409.0,15635,32767,32767,32767,32767,32767,32767,32767,32767,32767,32767,2698.0,17764.0
2094.0,2409.0,15635,32767,32767,32767,32767,32767,32767,32767,32767,32767,32767,2946.0,17875.0
3568.0,3415.0,15645,32767,32767,32767,32767,32767,32767,32767,32767,32767,32767,3672.0,14097.0
2178.0,2452.0,15649,32767,32767,32767,32767,32767,32767,32767,32767,32767,32767,2882.0,16339.0
2875.0,2947.0,15663,32767,32767,32767,32767,32767,32767,32767,32767,32767,32767,3009.0,16714.0
2470.0,2625.0,15663,32767,32767,32767,32767,32767,32767,32767,32767,32767,32767,2817.0,17306.0
1958.0,2507.0,15664,32767,32767,32767,32767,32767,32767,32767,32767,32767,32767,2813.0,17564.0
1958.0,2365.0,15664,32767,32767,32767,32767,32767,32767,32767,32767,32767,32767,2535.0,17690.0
2063.0,2665.0,15674,32767,32767,32767,32767,32767,32767,32767,32767,32767,32767,2638.0,17259.0
4623.0,4507.0,15692,32767,32767,32767,32767,32767,32767,32767,32767,32767,32767,4165.0,10944.0
3412.0,3316.0,15717,32767,32767,32767,32767,32767,32767,32767,32767,32767,32767,3307.0,15166.0
2492.0,2721.0,15717,32767,32767,32767,32767,32767,32767,32767,32767,32767,32767,2894.0,16254.0
2264.0,2453.0,15777,32767,32767,32767,32767,32767,32767,32767,32767,32767,32767,2848.0,16974.0
2945.0,3077.0,15783,32767,32767,32767,32767,32767,32767,32767,32767,32767,32767,3034.0,16068.0
1664.0,2637.0,15785,32767,32767,32767,32767,32767,32767,32767,32767,32767,32767,2642.0,16206.0
1982.0,2275.0,15788,32767,32767,32767,32767,32767,32767,32767,32767,32767,32767,2419.0,17867.0
2094.0,2387.0,15788,32767,32767,32767,32767,32767,32767,32767,32767,32767,32767,2667.0,17758.0
2019.0,2364.0,15788,32767,32767,32767,32767,32767,32767,32767,32767,32767,32767,2636.0,17806.0
2318.0,2677.0,15788,32767,32767,32767,32767,32767,32767,32767,32767,32767,32767,2977.0,17308.0
2309.0,2800.0,15801,32767,32767,32767,32767,32767,32767,32767,32767,32767,32767,3166.0,15268.0
2194.0,2368.0,15801,32767,32767,32767,32767,32767,32767,32767,32767,32767,32767,2944.0,15994.0
2175.0,2448.0,15809,32767,32767,32767,32767,32767,32767,32767,32767,32767,32767,2871.0,16114.0
2082.0,2732.0,15829,32767,32767,32767,32767,32767,32767,32767,32767,32767,32767,2857.0,17216.0
1893.0,2461.0,15829,32767,32767,32767,32767,32767,32767,32767,32767,32767,32767,2575.0,17618.0
1988.0,2349.0,15834,32767,32767,32767,32767,32767,32767,32767,32767,32767,32767,2706.0,17472.0
1988.0,2349.0,15834,32767,32767,32767,32767,32767,32767,32767,32767,32767,32767,2644.0,17440.0
3787.0,3651.0,15837,32767,32767,32767,32767,32767,32767,32767,32767,32767,32767,3331.0,14435.0
2391.0,2533.0,15837,32767,32767,32767,32767,32767,32767,32767,32767,32767,32767,2982.0,16541.0
4999.0,4915.0,15859,32767,32767,32767,32767,32767,32767,32767,32767,32767,32767,4667.0,12686.0
1743.0,2422.0,15860,32767,32767,32767,32767,32767,32767,32767,32767,32767,32767,2734.0,17713.0
1958.0,2393.0,15860,32767,32767,32767,32767,32767,32767,32767,32767,32767,32767,2535.0,17601.0
2054.0,2336.0,15860,32767,32767,32767,32767,32767,32767,32767,32767,32767,32767,2615.0,17725.0
2166.0,2539.0,15874,32767,32767,32767,32767,32767,32767,32767,32767,32767,32767,2767.0,16589.0
1889.0,2402.0,15896,32767,32767,32767,32767,32767,32767,32767,32767,32767,32767,2845.0,14555.0
2927.0,2721.0,15896,32767,32767,32767,32767,32767,32767,32767,32767,32767,32767,3027.0,15358.0
3306.0,3292.0,15896,32767,32767,32767,32767,32767,32767,32767,32767,32767,32767,3464.0,12863.0
2132.0,2408.0,15931,32767,32767,32767,32767,32767,32767,32767,32767,32767,32767,2723.0,17009.0
3415.0,3309.0,15931,32767,32767,32767,32767,32767,32767,32767,32767,32767,32767,3536.0,15423.0
2717.0,2791.0,15931,32767,32767,32767,32767,32767,32767,32767,32767,32767,32767,2754.0,16166.0
2522.0,2618.0,15941,32767,32767,32767,32767,32767,32767,32767,32767,32767,32767,2587.0,16739.0
2000.0,2342.0,15941,32767,32767,32767,32767,32767,32767,32767,32767,32767,32767,2698.0,17858.0
2041.0,2366.0,15941,32767,32767,32767,32767,32767,32767,32767,32767,32767,32767,2459.0,17272.0
1973.0,2467.0,15980,32767,32767,32767,32767,32767,32767,32767,32767,32767,32767,2800.0,16473.0
1737.0,2532.0,15980,32767,32767,32767,32767,32767,32767,32767,32767,32767,32767,3041.0,17728.0
2115.0,2609.0,15980,32767,32767,32767,32767,32767,32767,32767,32767,32767,32767,2721.0,16135.0
2044.0,2325.0,15980,32767,32767,32767,32767,32767,32767,32767,32767,32767,32767,2721.0,16682.0
1775.0,2371.0,15980,32767,32767,32767,32767,32767,32767,32767,32767,32767,32767,2657.0,17839.0
1878.0,2354.0,15980,32767,32767,32767,32767,32767,32767,32767,32767,32767,32767,2524.0,16571.0
2025.0,2371.0,15985,32767,32767,32767,32767,32767,32767,32767,32767,32767,32767,2386.0,17614.0
2764.0,2800.0,15985,32767,32767,32767,32767,32767,32767,32767,32767,32767,32767,2920.0,16906.0
1988.0,2326.0,15988,32767,32767,32767,32767,32767,32767,32767,32767,32767,32767,2675.0,17471.0
2119.0,2416.0,15988,32767,32767,32767,32767,32767,32767,32767,32767,32767,32767,2737.0,17295.0
2025.0,2349.0,15988,32767,32767,32767,32767,32767,32767,32767,32767,32767,32767,2613.0,17385.0
4131.0,3856.0,15994,32767,32767,32767,32767,32767,32767,32767,32767,32767,32767,3839.0,14171.0
2850.0,3103.0,15994,32767,32767,32767,32767,32767,32767,32767,32767,32767,32767,3077.0,15438.0
2719.0,2861.0,16011,32767,32767,32767,32767,32767,32767,32767,32767,32767,32767,2871.0,15187.0
3737.0,3567.0,16013,32767,32767,32767,32767,32767,32767,32767,32767,32767,32767,4480.0,15554.0
1973.0,2602.0,16018,32767,32767,32767,32767,32767,32767,32767,32767,32767,32767,2863.0,17449.0
2011.0,2353.0,16018,32767,32767,32767,32767,32767,32767,32767,32767,32767,32767,2297.0,17590.0
2722.0,2721.0,16031,32767,32767,32767,32767,32767,32767,32767,32767,32767,32767,2862.0,16121.0
3193.0,3016.0,16052,32767,32767,32767,32767,32767,32767,32767,32767,32767,32767,3405.0,14897.0
4372.0,4241.0,16052,32767,32767,32767,32767,32767,32767,32767,32767,32767,32767,4194.0,12939.0
1982.0,2279.0,16056,32767,32767,32767,32767,32767,32767,32767,32767,32767,32767,2456.0,17732.0
3905.0,3871.0,16086,32767,32767,32767,32767,32767,32767,32767,32767,32767,32767,3317.0,14337.0
2225.0,2387.0,16095,32767,32767,32767,32767,32767,32767,32767,32767,32767,32767,2791.0,17727.0
2113.0,2498.0,16095,32767,32767,32767,32767,32767,32767,32767,32767,32767,32767,2698.0,17506.0
1982.0,2275.0,16095,32767,32767,32767,32767,32767,32767,32767,32767,32767,32767,2574.0,17899.0
2113.0,2431.0,16095,32767,32767,32767,32767,32767,32767,32767,32767,32767,32767,2760.0,17661.0
2038.0,2364.0,16095,32767,32767,32767,32767,32767,32767,32767,32767,32767,32767,2698.0,17777.0
1964.0,2699.0,16099,32767,32767,32767,32767,32767,32767,32767,32767,32767,32767,3134.0,14082.0
1944.0,2320.0,16099,32767,32767,32767,32767,32767,32767,32767,32767,32767,32767,2619.0,17447.0
2599.0,2710.0,16099,32767,32767,32767,32767,32767,32767,32767,32767,32767,32767,2778.0,16625.0
2214.0,2320.0,16099,32767,32767,32767,32767,32767,32767,32767,32767,32767,32767,2363.0,17224.0
3969.0,3938.0,16114,32767,32767,32767,32767,32767,32767,32767,32767,32767,32767,3767.0,13162.0
1968.0,2463.0,16138,32767,32767,32767,32767,32767,32767,32767,32767,32767,32767,2881.0,17691.0
2082.0,2326.0,16140,32767,32767,32767,32767,32767,32767,32767,32767,32767,32767,2418.0,17675.0
1912.0,2349.0,16140,32767,32767,32767,32767,32767,32767,32767,32767,32767,32767,2575.0,17770.0
1931.0,2213.0,16140,32767,32767,32767,32767,32767,32767,32767,32767,32767,32767,2292.0,17859.0
2119.0,2550.0,16142,32767,32767,32767,32767,32767,32767,32767,32767,32767,32767,2893.0,17094.0
2044.0,2304.0,16142,32767,32767,32767,32767,32767,32767,32767,32767,32767,32767,2644.0,17454.0
2754.0,2852.0,16151,32767,32767,32767,32767,32767,32767,32767,32767,32767,32767,3141.0,15884.0
1726.0,2286.0,16173,32767,32767,32767,32767,32767,32767,32767,32767,32767,32767,2423.0,17851.0
1954.0,2331.0,16173,32767,32767,32767,32767,32767,32767,32767,32767,32767,32767,2454.0,17718.0
1759.0,2382.0,16175,32767,32767,32767,32767,32767,32767,32767,32767,32767,32767,2563.0,16538.0
2163.0,2524.0,16175,32767,32767,32767,32767,32767,32767,32767,32767,32767,32767,2760.0,16261.0
3566.0,3453.0,16188,32767,32767,32767,32767,32767,32767,32767,32767,32767,32767,3307.0,14837.0
2377.0,2516.0,16188,32767,32767,32767,32767,32767,32767,32767,32767,32767,32767,2544.0,16399.0
1806.0,2245.0,16208,32767,32767,32767,32767,32767,32767,32767,32767,32767,32767,2396.0,16185.0
2652.0,2790.0,16211,32767,32767,32767,32767,32767,32767,32767,32767,32767,32767,3160.0,16717.0
1953.0,2359.0,16214,32767,32767,32767,32767,32767,32767,32767,32767,32767,32767,2625.0,16151.0
2126.0,2507.0,16214,32767,32767,32767,32767,32767,32767,32767,32767,32767,32767,2543.0,15782.0
3065.0,3126.0,16214,32767,32767,32767,32767,32767,32767,32767,32767,32767,32767,3117.0,14720.0
2509.0,2678.0,16241,32767,32767,32767,32767,32767,32767,32767,32767,32767,32767,3004.0,16485.0
1963.0,2364.0,16248,32767,32767,32767,32767,32767,32767,32767,32767,32767,32767,2822.0,17831.0
2187.0,2454.0,16248,32767,32767,32767,32767,32767,32767,32767,32767,32767,32767,2698.0,17539.0
2149.0,2650.0,16251,32767,32767,32767,32767,32767,32767,32767,32767,32767,32767,3011.0,17239.0
2030.0,2365.0,16251,32767,32767,32767,32767,32767,32767,32767,32767,32767,32767,2615.0,17607.0
1958.0,2393.0,16251,32767,32767,32767,32767,32767,32767,32767,32767,32767,32767,2575.0,17552.0
2002.0,2366.0,16256,32767,32767,32767,32767,32767,32767,32767,32767,32767,32767,2555.0,17280.0
2560.0,2710.0,16256,32767,32767,32767,32767,32767,32767,32767,32767,32767,32767,2714.0,16577.0
2156.0,2274.0,16256,32767,32767,32767,32767,32767,32767,32767,32767,32767,32767,2459.0,17357.0
2252.0,2439.0,16295,32767,32767,32767,32767,32767,32767,32767,32767,32767,32767,2512.0,17440.0
2006.0,2416.0,16296,32767,32767,32767,32767,32767,32767,32767,32767,32767,32767,2831.0,17317.0
2065.0,2509.0,16296,32767,32767,32767,32767,32767,32767,32767,32767,32767,32767,2625.0,17425.0
2081.0,2394.0,16296,32767,32767,32767,32767,32767,32767,32767,32767,32767,32767,2644.0,17245.0
1988.0,2187.0,16296,32767,32767,32767,32767,32767,32767,32767,32767,32767,32767,2273.0,17852.0
3157.0,3173.0,16303,32767,32767,32767,32767,32767,32767,32767,32767,32767,32767,3505.0,13044.0
4250.0,4181.0,16303,32767,32767,32767,32767,32767,32767,32767,32767,32767,32767,3752.0,11310.0
1859.0,2399.0,16329,32767,32767,32767,32767,32767,32767,32767,32767,32767,32767,2612.0,17676.0
2013.0,2241.0,16345,32767,32767,32767,32767,32767,32767,32767,32767,32767,32767,2353.0,16881.0
2139.0,2439.0,16369,32767,32767,32767,32767,32767,32767,32767,32767,32767,32767,2760.0,16389.0
2044.0,2524.0,16369,32767,32767,32767,32767,32767,32767,32767,32767,32767,32767,2721.0,16241.0
2020.0,2410.0,16369,32767,32767,32767,32767,32767,32767,32767,32767,32767,32767,2918.0,16549.0
2187.0,2609.0,16369,32767,32767,32767,32767,32767,32767,32767,32767,32767,32767,2878.0,16122.0
2187.0,2694.0,16369,32767,32767,32767,32767,32767,32767,32767,32767,32767,32767,2918.0,15989.0
1759.0,2325.0,16369,32767,32767,32767,32767,32767,32767,32767,32767,32767,32767,2484.0,16565.0
1997.0,2495.0,16369,32767,32767,32767,32767,32767,32767,32767,32767,32767,32767,2642.0,16266.0
1973.0,2382.0,16369,32767,32767,32767,32767,32767,32767,32767,32767,32767,32767,2681.0,16503.0
2754.0,2836.0,16395,32767,32767,32767,32767,32767,32767,32767,32767,32767,32767,2848.0,16045.0
2019.0,2342.0,16401,32767,32767,32767,32767,32767,32767,32767,32767,32767,32767,2667.0,17753.0
2449.0,2766.0,16401,32767,32767,32767,32767,32767,32767,32767,32767,32767,32767,2946.0,16996.0
2150.0,2654.0,16401,32767,32767,32767,32767,32767,32767,32767,32767,32767,32767,2915.0,17263.0
3600.0,3675.0,16414,32767,32767,32767,32767,32767,32767,32767,32767,32767,32767,3257.0,14942.0
1829.0,2251.0,16414,32767,32767,32767,32767,32767,32767,32767,32767,32767,32767,2427.0,17447.0
1944.0,2136.0,16414,32767,32767,32767,32767,32767,32767,32767,32767,32767,32767,2108.0,17430.0
2252.0,2595.0,16414,32767,32767,32767,32767,32767,32767,32767,32767,32767,32767,2874.0,16918.0
2021.0,2297.0,16414,32767,32767,32767,32767,32767,32767,32767,32767,32767,32767,2491.0,17340.0
2657.0,2779.0,16414,32767,32767,32767,32767,32767,32767,32767,32767,32767,32767,2682.0,16386.0
4573.0,4483.0,16417,32767,32767,32767,32767,32767,32767,32767,32767,32767,32767,4265.0,12622.0
2002.0,2300.0,16417,32767,32767,32767,32767,32767,32767,32767,32767,32767,32767,2707.0,16254.0
2194.0,2390.0,16427,32767,32767,32767,32767,32767,32767,32767,32767,32767,32767,2659.0,15702.0
3797.0,3756.0,16427,32767,32767,32767,32767,32767,32767,32767,32767,32767,32767,3672.0,13402.0
3320.0,3278.0,16427,32767,32767,32767,32767,32767,32767,32767,32767,32767,32767,3197.0,14102.0
1887.0,2194.0,16447,32767,32767,32767,32767,32767,32767,32767,32767,32767,32767,2337.0,17780.0
1767.0,2194.0,16447,32767,32767,32767,32767,32767,32767,32767,32767,32767,32767,2298.0,17789.0
2269.0,2507.0,16447,32767,32767,32767,32767,32767,32767,32767,32767,32767,32767,2813.0,17337.0
1743.0,2336.0,16447,32767,32767,32767,32767,32767,32767,32767,32767,32767,32767,2456.0,17618.0
2006.0,2650.0,16447,32767,32767,32767,32767,32767,32767,32767,32767,32767,32767,3011.0,17245.0
1911.0,2279.0,16447,32767,32767,32767,32767,32767,32767,32767,32767,32767,32767,2456.0,17679.0
2054.0,2393.0,16447,32767,32767,32767,32767,32767,32767,32767,32767,32767,32767,2615.0,17510.0
1600.0,2279.0,16447,32767,32767,32767,32767,32767,32767,32767,32767,32767,32767,2496.0,17791.0
2044.0,2349.0,16449,32767,32767,32767,32767,32767,32767,32767,32767,32767,32767,2675.0,17328.0
2080.0,2452.0,16451,32767,32767,32767,32767,32767,32767,32767,32767,32767,32767,2679.0,16126.0
1930.0,2233.0,16454,32767,32767,32767,32767,32767,32767,32767,32767,32767,32767,2433.0,17848.0
3291.0,3147.0,16477,32767,32767,32767,32767,32767,32767,32767,32767,32767,32767,3709.0,15382.0
1992.0,2376.0,16484,32767,32767,32767,32767,32767,32767,32767,32767,32767,32767,2486.0,17582.0
2089.0,2356.0,16502,32767,32767,32767,32767,32767,32767,32767,32767,32767,32767,2735.0,16822.0
2895.0,3156.0,16502,32767,32767,32767,32767,32767,32767,32767,32767,32767,32767,3307.0,15446.0
4275.0,4241.0,16507,32767,32767,32767,32767,32767,32767,32767,32767,32767,32767,3917.0,11239.0
1882.0,2313.0,16519,32767,32767,32767,32767,32767,32767,32767,32767,32767,32767,2460.0,16011.0
2352.0,2762.0,16531,32767,32767,32767,32767,32767,32767,32767,32767,32767,32767,2942.0,16906.0
2072.0,2361.0,16531,32767,32767,32767,32767,32767,32767,32767,32767,32767,32767,2694.0,17592.0
4358.0,4321.0,16550,32767,32767,32767,32767,32767,32767,32767,32767,32767,32767,3818.0,13673.0
3434.0,3511.0,16550,32767,32767,32767,32767,32767,32767,32767,32767,32767,32767,3192.0,14889.0
2396.0,2498.0,16550,32767,32767,32767,32767,32767,32767,32767,32767,32767,32767,2660.0,16623.0
2075.0,2320.0,16555,32767,32767,32767,32767,32767,32767,32767,32767,32767,32767,2543.0,17684.0
2094.0,2610.0,16555,32767,32767,32767,32767,32767,32767,32767,32767,32767,32767,2636.0,17195.0
2281.0,2677.0,16555,32767,32767,32767,32767,32767,32767,32767,32767,32767,32767,2946.0,17173.0
2169.0,2543.0,16555,32767,32767,32767,32767,32767,32767,32767,32767,32767,32767,2698.0,17326.0
2075.0,2342.0,16555,32767,32767,32767,32767,32767,32767,32767,32767,32767,32767,2729.0,17739.0
2318.0,2677.0,16555,32767,32767,32767,32767,32767,32767,32767,32767,32767,32767,2884.0,17134.0
2591.0,2864.0,16564,32767,32767,32767,32767,32767,32767,32767,32767,32767,32767,3194.0,15661.0
2068.0,2609.0,16564,32767,32767,32767,32767,32767,32767,32767,32767,32767,32767,2760.0,16065.0
1854.0,2382.0,16564,32767,32767,32767,32767,32767,32767,32767,32767,32767,32767,2602.0,16460.0
2020.0,2439.0,16564,32767,32767,32767,32767,32767,32767,32767,32767,32767,32767,2760.0,16388.0
2020.0,2524.0,16564,32767,32767,32767,32767,32767,32767,32767,32767,32767,32767,2642.0,16172.0
1854.0,2325.0,16564,32767,32767,32767,32767,32767,32767,32767,32767,32767,32767,2563.0,16546.0
2401.0,2977.0,16564,32767,32767,32767,32767,32767,32767,32767,32767,32767,32767,3115.0,15495.0
1902.0,2325.0,16564,32767,32767,32767,32767,32767,32767,32767,32767,32767,32767,2721.0,16615.0
2115.0,2524.0,16564,32767,32767,32767,32767,32767,32767,32767,32767,32767,32767,2800.0,16224.0
2041.0,2274.0,16572,32767,32767,32767,32767,32767,32767,32767,32767,32767,32767,2619.0,17420.0
2021.0,2503.0,16572,32767,32767,32767,32767,32767,32767,32767,32767,32767,32767,2746.0,17060.0
2079.0,2366.0,16572,32767,32767,32767,32767,32767,32767,32767,32767,32767,32767,2587.0,17217.0
4866.0,5031.0,16584,32767,32767,32767,32767,32767,32767,32767,32767,32767,32767,4843.0,11620.0
4561.0,4325.0,16584,32767,32767,32767,32767,32767,32767,32767,32767,32767,32767,4178.0,12495.0
2443.0,2982.0,16584,32767,32767,32767,32767,32767,32767,32767,32767,32767,32767,3007.0,14727.0
2194.0,2550.0,16603,32767,32767,32767,32767,32767,32767,32767,32767,32767,32767,2924.0,17004.0
2044.0,2394.0,16603,32767,32767,32767,32767,32767,32767,32767,32767,32767,32767,2768.0,17261.0
2138.0,2573.0,16603,32767,32767,32767,32767,32767,32767,32767,32767,32767,32767,2831.0,16937.0
1798.0,2461.0,16605,32767,32767,32767,32767,32767,32767,32767,32767,32767,32767,2638.0,17539.0
1779.0,2416.0,16605,32767,32767,32767,32767,32767,32767,32767,32767,32767,32767,2700.0,17661.0
2484.0,2589.0,16606,32767,32767,32767,32767,32767,32767,32767,32767,32767,32767,2840.0,16912.0
2007.0,2233.0,16613,32767,32767,32767,32767,32767,32767,32767,32767,32767,32767,2433.0,17796.0
2002.0,2389.0,16619,32767,32767,32767,32767,32767,32767,32767,32767,32767,32767,3158.0,16247.0
2276.0,2670.0,16621,32767,32767,32767,32767,32767,32767,32767,32767,32767,32767,2887.0,16148.0
1859.0,2218.0,16640,32767,32767,32767,32767,32767,32767,32767,32767,32767,32767,2328.0,17799.0
1764.0,2263.0,16640,32767,32767,32767,32767,32767,32767,32767,32767,32767,32767,2423.0,17796.0
1897.0,2331.0,16640,32767,32767,32767,32767,32767,32767,32767,32767,32767,32767,2454.0,17647.0
1935.0,2353.0,16640,32767,32767,32767,32767,32767,32767,32767,32767,32767,32767,2454.0,17594.0
1802.0,2308.0,16640,32767,32767,32767,32767,32767,32767,32767,32767,32767,32767,2580.0,17788.0
1911.0,2422.0,16643,32767,32767,32767,32767,32767,32767,32767,32767,32767,32767,2694.0,17503.0
1839.0,2222.0,16643,32767,32767,32767,32767,32767,32767,32767,32767,32767,32767,2417.0,17749.0
1887.0,2251.0,16643,32767,32767,32767,32767,32767,32767,32767,32767,32767,32767,2456.0,17704.0
1839.0,2251.0,16643,32767,32767,32767,32767,32767,32767,32767,32767,32767,32767,2417.0,17694.0
1887.0,2308.0,16643,32767,32767,32767,32767,32767,32767,32767,32767,32767,32767,2654.0,17704.0
2078.0,2479.0,16643,32767,32767,32767,32767,32767,32767,32767,32767,32767,32767,2773.0,17389.0
2125.0,2507.0,16643,32767,32767,32767,32767,32767,32767,32767,32767,32767,32767,2615.0,17243.0
1887.0,2279.0,16643,32767,32767,32767,32767,32767,32767,32767,32767,32767,32767,2575.0,17716.0
1815.0,2308.0,16643,32767,32767,32767,32767,32767,32767,32767,32767,32767,32767,2575.0,17682.0
1934.0,2479.0,16643,32767,32767,32767,32767,32767,32767,32767,32767,32767,32767,2575.0,17328.0
1982.0,2450.0,16643,32767,32767,32767,32767,32767,32767,32767,32767,32767,32767,2694.0,17430.0
2054.0,2336.0,16643,32767,32767,32767,32767,32767,32767,32767,32767,32767,32767,2615.0,17581.0
3695.0,3649.0,16652,32767,32767,32767,32767,32767,32767,32767,32767,32767,32767,3735.0,14073.0
2914.0,3019.0,16660,32767,32767,32767,32767,32767,32767,32767,32767,32767,32767,2957.0,15498.0
2166.0,2676.0,16660,32767,32767,32767,32767,32767,32767,32767,32767,32767,32767,2862.0,16250.0
3930.0,4048.0,16660,32767,32767,32767,32767,32767,32767,32767,32767,32767,32767,3752.0,13937.0
3508.0,3453.0,16660,32767,32767,32767,32767,32767,32767,32767,32767,32767,32767,3275.0,14769.0
2794.0,2948.0,16675,32767,32767,32767,32767,32767,32767,32767,32767,32767,32767,2901.0,14821.0
2376.0,2835.0,16675,32767,32767,32767,32767,32767,32767,32767,32767,32767,32767,2901.0,15131.0
1901.0,2358.0,16675,32767,32767,32767,32767,32767,32767,32767,32767,32767,32767,2428.0,15872.0
2166.0,2472.0,16684,32767,32767,32767,32767,32767,32767,32767,32767,32767,32767,2756.0,17360.0
2057.0,2610.0,16708,32767,32767,32767,32767,32767,32767,32767,32767,32767,32767,2822.0,17271.0
2019.0,2454.0,16708,32767,32767,32767,32767,32767,32767,32767,32767,32767,32767,2915.0,17606.0
2094.0,2454.0,16708,32767,32767,32767,32767,32767,32767,32767,32767,32767,32767,2822.0,17542.0
2636.0,2810.0,16708,32767,32767,32767,32767,32767,32767,32767,32767,32767,32767,3132.0,16891.0
2156.0,2526.0,16730,32767,32767,32767,32767,32767,32767,32767,32767,32767,32767,2970.0,17055.0
2214.0,2480.0,16730,32767,32767,32767,32767,32767,32767,32767,32767,32767,32767,2619.0,16953.0
2618.0,2848.0,16730,32767,32767,32767,32767,32767,32767,32767,32767,32767,32767,2874.0,16318.0
2041.0,2182.0,16730,32767,32767,32767,32767,32767,32767,32767,32767,32767,32767,2395.0,17441.0
1944.0,2274.0,16730,32767,32767,32767,32767,32767,32767,32767,32767,32767,32767,2555.0,17383.0
1985.0,2254.0,16740,32767,32767,32767,32767,32767,32767,32767,32767,32767,32767,2532.0,15895.0
2006.0,2394.0,16757,32767,32767,32767,32767,32767,32767,32767,32767,32767,32767,2831.0,17273.0
2025.0,2416.0,16757,32767,32767,32767,32767,32767,32767,32767,32767,32767,32767,2831.0,17226.0
2139.0,2552.0,16759,32767,32767,32767,32767,32767,32767,32767,32767,32767,32767,2760.0,16111.0
1925.0,2552.0,16759,32767,32767,32767,32767,32767,32767,32767,32767,32767,32767,2760.0,16172.0
2044.0,2580.0,16759,32767,32767,32767,32767,32767,32767,32767,32767,32767,32767,2760.0,16087.0
1640.0,2269.0,16759,32767,32767,32767,32767,32767,32767,32767,32767,32767,32767,2563.0,16678.0
1931.0,2371.0,16761,32767,32767,32767,32767,32767,32767,32767,32767,32767,32767,2543.0,17590.0
2025.0,2416.0,16761,32767,32767,32767,32767,32767,32767,32767,32767,32767,32767,2606.0,17513.0
1836.0,2258.0,16761,32767,32767,32767,32767,32767,32767,32767,32767,32767,32767,2418.0,17759.0
1954.0,2489.0,16795,32767,32767,32767,32767,32767,32767,32767,32767,32767,32767,2580.0,17378.0
1916.0,2286.0,16795,32767,32767,32767,32767,32767,32767,32767,32767,32767,32767,2360.0,17641.0
3510.0,3451.0,16822,32767,32767,32767,32767,32767,32767,32767,32767,32767,32767,3978.0,14262.0
2319.0,2608.0,16831,32767,32767,32767,32767,32767,32767,32767,32767,32767,32767,2901.0,15513.0
1882.0,2313.0,16831,32767,32767,32767,32767,32767,32767,32767,32767,32767,32767,2460.0,15952.0
2030.0,2279.0,16839,32767,32767,32767,32767,32767,32767,32767,32767,32767,32767,2654.0,17680.0
1887.0,2251.0,16839,32767,32767,32767,32767,32767,32767,32767,32767,32767,32767,2496.0,17689.0
2221.0,2735.0,16839,32767,32767,32767,32767,32767,32767,32767,32767,32767,32767,2892.0,16913.0
2173.0,2564.0,16839,32767,32767,32767,32767,32767,32767,32767,32767,32767,32767,2734.0,17152.0
1911.0,2308.0,16839,32767,32767,32767,32767,32767,32767,32767,32767,32767,32767,2575.0,17617.0
1982.0,2365.0,16839,32767,32767,32767,32767,32767,32767,32767,32767,32767,32767,2575.0,17489.0
1958.0,2450.0,16839,32767,32767,32767,32767,32767,32767,32767,32767,32767,32767,2773.0,17439.0
1767.0,2450.0,16839,32767,32767,32767,32767,32767,32767,32767,32767,32767,32767,2654.0,17434.0
1982.0,2422.0,16839,32767,32767,32767,32767,32767,32767,32767,32767,32767,32767,2694.0,17446.0
2054.0,2422.0,16839,32767,32767,32767,32767,32767,32767,32767,32767,32767,32767,2575.0,17363.0
1933.0,2277.0,16852,32767,32767,32767,32767,32767,32767,32767,32767,32767,32767,2598.0,16379.0
1909.0,2335.0,16852,32767,32767,32767,32767,32767,32767,32767,32767,32767,32767,2720.0,16338.0
1933.0,2481.0,16852,32767,32767,32767,32767,32767,32767,32767,32767,32767,32767,2801.0,16100.0
2002.0,2251.0,16888,32767,32767,32767,32767,32767,32767,32767,32767,32767,32767,2363.0,17268.0
2060.0,2411.0,16888,32767,32767,32767,32767,32767,32767,32767,32767,32767,32767,2619.0,17094.0
1887.0,2136.0,16888,32767,32767,32767,32767,32767,32767,32767,32767,32767,32767,2299.0,17485.0
3812.0,3927.0,16888,32767,32767,32767,32767,32767,32767,32767,32767,32767,32767,3513.0,14534.0
2156.0,2617.0,16911,32767,32767,32767,32767,32767,32767,32767,32767,32767,32767,2924.0,16839.0
2063.0,2394.0,16911,32767,32767,32767,32767,32767,32767,32767,32767,32767,32767,2799.0,17213.0
4474.0,4270.0,16915,32767,32767,32767,32767,32767,32767,32767,32767,32767,32767,4288.0,11172.0
4474.0,4330.0,16915,32767,32767,32767,32767,32767,32767,32767,32767,32767,32767,4247.0,11083.0
3455.0,3351.0,16915,32767,32767,32767,32767,32767,32767,32767,32767,32767,32767,3958.0,12711.0
2187.0,2787.0,16915,32767,32767,32767,32767,32767,32767,32767,32767,32767,32767,3216.0,13754.0
2386.0,2580.0,16915,32767,32767,32767,32767,32767,32767,32767,32767,32767,32767,2763.0,13863.0
1914.0,2402.0,16915,32767,32767,32767,32767,32767,32767,32767,32767,32767,32767,3216.0,14514.0
3126.0,3154.0,16929,32767,32767,32767,32767,32767,32767,32767,32767,32767,32767,3169.0,16161.0
1968.0,2394.0,16929,32767,32767,32767,32767,32767,32767,32767,32767,32767,32767,2945.0,17702.0
1717.0,2325.0,16929,32767,32767,32767,32767,32767,32767,32767,32767,32767,32767,2465.0,17660.0
1891.0,2302.0,16929,32767,32767,32767,32767,32767,32767,32767,32767,32767,32767,2433.0,17635.0
3512.0,3638.0,16929,32767,32767,32767,32767,32767,32767,32767,32767,32767,32767,3361.0,15381.0
2161.0,2715.0,16935,32767,32767,32767,32767,32767,32767,32767,32767,32767,32767,2951.0,16073.0
2123.0,2396.0,16935,32767,32767,32767,32767,32767,32767,32767,32767,32767,32767,2919.0,16642.0
3194.0,3103.0,16935,32767,32767,32767,32767,32767,32767,32767,32767,32767,32767,3458.0,15326.0
1916.0,2534.0,16951,32767,32767,32767,32767,32767,32767,32767,32767,32767,32767,2737.0,17360.0
1954.0,2331.0,16951,32767,32767,32767,32767,32767,32767,32767,32767,32767,32767,2423.0,17553.0
2105.0,2602.0,16951,32767,32767,32767,32767,32767,32767,32767,32767,32767,32767,2832.0,17230.0
1745.0,2240.0,16951,32767,32767,32767,32767,32767,32767,32767,32767,32767,32767,2486.0,17822.0
1973.0,2552.0,16954,32767,32767,32767,32767,32767,32767,32767,32767,32767,32767,2721.0,16103.0
2068.0,2439.0,16954,32767,32767,32767,32767,32767,32767,32767,32767,32767,32767,2839.0,16339.0
3209.0,3374.0,16954,32767,32767,32767,32767,32767,32767,32767,32767,32767,32767,3273.0,14627.0
1783.0,2410.0,16954,32767,32767,32767,32767,32767,32767,32767,32767,32767,32767,2681.0,16396.0
2044.0,2354.0,16954,32767,32767,32767,32767,32767,32767,32767,32767,32767,32767,2760.0,16466.0
2424.0,3034.0,16954,32767,32767,32767,32767,32767,32767,32767,32767,32767,32767,3273.0,15389.0
1949.0,2722.0,16954,32767,32767,32767,32767,32767,32767,32767,32767,32767,32767,2997.0,15938.0
1902.0,2580.0,16954,32767,32767,32767,32767,32767,32767,32767,32767,32767,32767,2681.0,16053.0
2550.0,2721.0,16974,32767,32767,32767,32767,32767,32767,32767,32767,32767,32767,3021.0,16075.0
1597.0,2222.0,16987,32767,32767,32767,32767,32767,32767,32767,32767,32767,32767,2396.0,16140.0
1863.0,2200.0,16987,32767,32767,32767,32767,32767,32767,32767,32767,32767,32767,2523.0,16181.0
2376.0,2426.0,16987,32767,32767,32767,32767,32767,32767,32767,32767,32767,32767,2743.0,15721.0
2094.0,2454.0,17014,32767,32767,32767,32767,32767,32767,32767,32767,32767,32767,2822.0,17485.0
3679.0,3736.0,17014,32767,32767,32767,32767,32767,32767,32767,32767,32767,32767,3349.0,14471.0
3253.0,3413.0,17014,32767,32767,32767,32767,32767,32767,32767,32767,32767,32767,3381.0,15785.0
1696.0,2194.0,17035,32767,32767,32767,32767,32767,32767,32767,32767,32767,32767,2377.0,17746.0
1887.0,2308.0,17035,32767,32767,32767,32767,32767,32767,32767,32767,32767,32767,2496.0,17542.0
2006.0,2365.0,17035,32767,32767,32767,32767,32767,32767,32767,32767,32767,32767,2615.0,17467.0
1743.0,2308.0,17035,32767,32767,32767,32767,32767,32767,32767,32767,32767,32767,2654.0,17670.0
1767.0,2194.0,17035,32767,32767,32767,32767,32767,32767,32767,32767,32767,32767,2496.0,17796.0
2102.0,2507.0,17035,32767,32767,32767,32767,32767,32767,32767,32767,32767,32767,2694.0,17219.0
2102.0,2564.0,17035,32767,32767,32767,32767,32767,32767,32767,32767,32767,32767,2694.0,17116.0
1887.0,2507.0,17035,32767,32767,32767,32767,32767,32767,32767,32767,32767,32767,2892.0,17375.0
1839.0,2393.0,17035,32767,32767,32767,32767,32767,32767,32767,32767,32767,32767,2654.0,17482.0
1719.0,2279.0,17035,32767,32767,32767,32767,32767,32767,32767,32767,32767,32767,2575.0,17689.0
1934.0,2564.0,17035,32767,32767,32767,32767,32767,32767,32767,32767,32767,32767,2773.0,17203.0
2002.0,2480.0,17045,32767,32767,32767,32767,32767,32767,32767,32767,32767,32767,2938.0,17109.0
1964.0,2297.0,17045,32767,32767,32767,32767,32767,32767,32767,32767,32767,32767,2459.0,17218.0
3311.0,3376.0,17045,32767,32767,32767,32767,32767,32767,32767,32767,32767,32767,3257.0,15375.0
1884.0,2277.0,17053,32767,32767,32767,32767,32767,32767,32767,32767,32767,32767,2598.0,16354.0
2153.0,2481.0,17053,32767,32767,32767,32767,32767,32767,32767,32767,32767,32767,2720.0,15960.0
1835.0,2248.0,17053,32767,32767,32767,32767,32767,32767,32767,32767,32767,32767,2720.0,16487.0
2129.0,2511.0,17053,32767,32767,32767,32767,32767,32767,32767,32767,32767,32767,3044.0,16062.0
2031.0,2335.0,17053,32767,32767,32767,32767,32767,32767,32767,32767,32767,32767,2720.0,16265.0
2156.0,2413.0,17053,32767,32767,32767,32767,32767,32767,32767,32767,32767,32767,2691.0,15570.0
2100.0,2416.0,17064,32767,32767,32767,32767,32767,32767,32767,32767,32767,32767,2675.0,17071.0
2213.0,2707.0,17064,32767,32767,32767,32767,32767,32767,32767,32767,32767,32767,3017.0,16679.0
2100.0,2438.0,17064,32767,32767,32767,32767,32767,32767,32767,32767,32767,32767,2706.0,17045.0
2138.0,2550.0,17064,32767,32767,32767,32767,32767,32767,32767,32767,32767,32767,2862.0,16907.0
2138.0,2461.0,17064,32767,32767,32767,32767,32767,32767,32767,32767,32767,32767,2799.0,17039.0
1817.0,2258.0,17071,32767,32767,32767,32767,32767,32767,32767,32767,32767,32767,2449.0,17723.0
1836.0,2303.0,17071,32767,32767,32767,32767,32767,32767,32767,32767,32767,32767,2481.0,17649.0
1912.0,2574.0,17071,32767,32767,32767,32767,32767,32767,32767,32767,32767,32767,2857.0,17325.0
2196.0,2620.0,17071,32767,32767,32767,32767,32767,32767,32767,32767,32767,32767,2763.0,17119.0
2277.0,2878.0,17087,32767,32767,32767,32767,32767,32767,32767,32767,32767,32767,2945.0,16734.0
2046.0,2348.0,17087,32767,32767,32767,32767,32767,32767,32767,32767,32767,32767,2625.0,17582.0
1910.0,2371.0,17087,32767,32767,32767,32767,32767,32767,32767,32767,32767,32767,2817.0,17673.0
1764.0,2240.0,17106,32767,32767,32767,32767,32767,32767,32767,32767,32767,32767,2360.0,17712.0
1650.0,2286.0,17106,32767,32767,32767,32767,32767,32767,32767,32767,32767,32767,2486.0,17733.0
1973.0,2286.0,17106,32767,32767,32767,32767,32767,32767,32767,32767,32767,32767,2423.0,17604.0
1783.0,2150.0,17106,32767,32767,32767,32767,32767,32767,32767,32767,32767,32767,2297.0,17843.0
1954.0,2308.0,17106,32767,32767,32767,32767,32767,32767,32767,32767,32767,32767,2360.0,17528.0
1935.0,2353.0,17106,32767,32767,32767,32767,32767,32767,32767,32767,32767,32767,2454.0,17505.0
1897.0,2286.0,17106,32767,32767,32767,32767,32767,32767,32767,32767,32767,32767,2423.0,17625.0
1878.0,2218.0,17106,32767,32767,32767,32767,32767,32767,32767,32767,32767,32767,2486.0,17798.0
1889.0,2254.0,17118,32767,32767,32767,32767,32767,32767,32767,32767,32767,32767,2598.0,14485.0
1821.0,2173.0,17131,32767,32767,32767,32767,32767,32767,32767,32767,32767,32767,2226.0,16835.0
1994.0,2150.0,17131,32767,32767,32767,32767,32767,32767,32767,32767,32767,32767,2258.0,16852.0
2185.0,2493.0,17131,32767,32767,32767,32767,32767,32767,32767,32767,32767,32767,2735.0,16423.0
2741.0,3339.0,17131,32767,32767,32767,32767,32767,32767,32767,32767,32767,32767,3562.0,15185.0
1977.0,2426.0,17143,32767,32767,32767,32767,32767,32767,32767,32767,32767,32767,2617.0,15741.0
1958.0,2426.0,17143,32767,32767,32767,32767,32767,32767,32767,32767,32767,32767,2617.0,15747.0
1949.0,2354.0,17149,32767,32767,32767,32767,32767,32767,32767,32767,32767,32767,2957.0,16546.0
1902.0,2439.0,17149,32767,32767,32767,32767,32767,32767,32767,32767,32767,32767,2642.0,16252.0
2092.0,2609.0,17149,32767,32767,32767,32767,32767,32767,32767,32767,32767,32767,2800.0,15971.0
2377.0,3091.0,17149,32767,32767,32767,32767,32767,32767,32767,32767,32767,32767,3194.0,15248.0
2187.0,2552.0,17149,32767,32767,32767,32767,32767,32767,32767,32767,32767,32767,2800.0,16044.0
2068.0,2467.0,17149,32767,32767,32767,32767,32767,32767,32767,32767,32767,32767,2760.0,16213.0
2187.0,2580.0,17149,32767,32767,32767,32767,32767,32767,32767,32767,32767,32767,2721.0,15955.0
2353.0,2694.0,17149,32767,32767,32767,32767,32767,32767,32767,32767,32767,32767,2918.0,15802.0
2075.0,2320.0,17168,32767,32767,32767,32767,32767,32767,32767,32767,32767,32767,2512.0,17550.0
1944.0,2159.0,17203,32767,32767,32767,32767,32767,32767,32767,32767,32767,32767,2363.0,17401.0
2118.0,2366.0,17203,32767,32767,32767,32767,32767,32767,32767,32767,32767,32767,2682.0,17136.0
2195.0,2343.0,17203,32767,32767,32767,32767,32767,32767,32767,32767,32767,32767,2651.0,17141.0
2118.0,2457.0,17203,32767,32767,32767,32767,32767,32767,32767,32767,32767,32767,2651.0,16950.0
2748.0,2664.0,17209,32767,32767,32767,32767,32767,32767,32767,32767,32767,32767,2849.0,14999.0
2004.0,2277.0,17209,32767,32767,32767,32767,32767,32767,32767,32767,32767,32767,2437.0,15700.0
2347.0,2322.0,17209,32767,32767,32767,32767,32767,32767,32767,32767,32767,32767,3419.0,15950.0
2063.0,2505.0,17218,32767,32767,32767,32767,32767,32767,32767,32767,32767,32767,2831.0,16965.0
2156.0,2438.0,17218,32767,32767,32767,32767,32767,32767,32767,32767,32767,32767,2675.0,16984.0
2175.0,2595.0,17218,32767,32767,32767,32767,32767,32767,32767,32767,32767,32767,3111.0,16895.0
2194.0,2707.0,17218,32767,32767,32767,32767,32767,32767,32767,32767,32767,32767,3048.0,16669.0
1931.0,2371.0,17218,32767,32767,32767,32767,32767,32767,32767,32767,32767,32767,3111.0,17368.0
2100.0,2505.0,17218,32767,32767,32767,32767,32767,32767,32767,32767,32767,32767,2924.0,16997.0
1913.0,2304.0,17218,32767,32767,32767,32767,32767,32767,32767,32767,32767,32767,2582.0,17254.0
2310.0,2450.0,17220,32767,32767,32767,32767,32767,32767,32767,32767,32767,32767,2787.0,16274.0
2357.0,2673.0,17220,32767,32767,32767,32767,32767,32767,32767,32767,32767,32767,2865.0,15901.0
1874.0,2168.0,17226,32767,32767,32767,32767,32767,32767,32767,32767,32767,32767,2324.0,17774.0
1987.0,2190.0,17226,32767,32767,32767,32767,32767,32767,32767,32767,32767,32767,2324.0,17698.0
1874.0,2529.0,17226,32767,32767,32767,32767,32767,32767,32767,32767,32767,32767,2669.0,17295.0
2101.0,2755.0,17226,32767,32767,32767,32767,32767,32767,32767,32767,32767,32767,2952.0,16970.0
1874.0,2371.0,17226,32767,32767,32767,32767,32767,32767,32767,32767,32767,32767,2857.0,17676.0
1887.0,2564.0,17230,32767,32767,32767,32767,32767,32767,32767,32767,32767,32767,2734.0,17161.0
1911.0,2707.0,17230,32767,32767,32767,32767,32767,32767,32767,32767,32767,32767,2932.0,16998.0
2054.0,2422.0,17230,32767,32767,32767,32767,32767,32767,32767,32767,32767,32767,2773.0,17390.0
1839.0,2450.0,17230,32767,32767,32767,32767,32767,32767,32767,32767,32767,32767,2852.0,17437.0
2102.0,2450.0,17230,32767,32767,32767,32767,32767,32767,32767,32767,32767,32767,2654.0,17265.0
2161.0,2532.0,17245,32767,32767,32767,32767,32767,32767,32767,32767,32767,32767,2561.0,17146.0
2026.0,2256.0,17245,32767,32767,32767,32767,32767,32767,32767,32767,32767,32767,2529.0,17678.0
2065.0,2233.0,17245,32767,32767,32767,32767,32767,32767,32767,32767,32767,32767,2561.0,17729.0
2505.0,2670.0,17248,32767,32767,32767,32767,32767,32767,32767,32767,32767,32767,3300.0,16135.0
1958.0,2160.0,17254,32767,32767,32767,32767,32767,32767,32767,32767,32767,32767,2517.0,16475.0
1958.0,2160.0,17254,32767,32767,32767,32767,32767,32767,32767,32767,32767,32767,2517.0,16475.0
2007.0,2335.0,17254,32767,32767,32767,32767,32767,32767,32767,32767,32767,32767,2801.0,16272.0
1802.0,2738.0,17262,32767,32767,32767,32767,32767,32767,32767,32767,32767,32767,2832.0,17023.0
2124.0,2670.0,17262,32767,32767,32767,32767,32767,32767,32767,32767,32767,32767,2769.0,17018.0
2049.0,2715.0,17262,32767,32767,32767,32767,32767,32767,32767,32767,32767,32767,2706.0,16930.0
2300.0,2653.0,17288,32767,32767,32767,32767,32767,32767,32767,32767,32767,32767,2862.0,16137.0
2070.0,2310.0,17288,32767,32767,32767,32767,32767,32767,32767,32767,32767,32767,2608.0,16698.0
2722.0,3202.0,17288,32767,32767,32767,32767,32767,32767,32767,32767,32767,32767,3180.0,15244.0
2205.0,2585.0,17298,32767,32767,32767,32767,32767,32767,32767,32767,32767,32767,2869.0,15485.0
2243.0,2631.0,17298,32767,32767,32767,32767,32767,32767,32767,32767,32767,32767,2649.0,15286.0
1844.0,2404.0,17298,32767,32767,32767,32767,32767,32767,32767,32767,32767,32767,2428.0,15685.0
1973.0,2552.0,17344,32767,32767,32767,32767,32767,32767,32767,32767,32767,32767,2839.0,16087.0
2020.0,2183.0,17344,32767,32767,32767,32767,32767,32767,32767,32767,32767,32767,2445.0,16552.0
2020.0,2524.0,17344,32767,32767,32767,32767,32767,32767,32767,32767,32767,32767,2721.0,16067.0
2187.0,2722.0,17344,32767,32767,32767,32767,32767,32767,32767,32767,32767,32767,3194.0,15879.0
3253.0,3353.0,17361,32767,32767,32767,32767,32767,32767,32767,32767,32767,32767,3353.0,15409.0
1925.0,2457.0,17361,32767,32767,32767,32767,32767,32767,32767,32767,32767,32767,2523.0,16906.0
4866.0,4849.0,17366,32767,32767,32767,32767,32767,32767,32767,32767,32767,32767,4780.0,11735.0
4293.0,4280.0,17366,32767,32767,32767,32767,32767,32767,32767,32767,32767,32767,3862.0,12442.0
2119.0,2505.0,17372,32767,32767,32767,32767,32767,32767,32767,32767,32767,32767,2862.0,16934.0
2138.0,2528.0,17372,32767,32767,32767,32767,32767,32767,32767,32767,32767,32767,3017.0,16957.0
2119.0,2550.0,17372,32767,32767,32767,32767,32767,32767,32767,32767,32767,32767,2893.0,16869.0
1950.0,2236.0,17381,32767,32767,32767,32767,32767,32767,32767,32767,32767,32767,2324.0,17590.0
1647.0,2190.0,17381,32767,32767,32767,32767,32767,32767,32767,32767,32767,32767,2261.0,17723.0
2480.0,2800.0,17381,32767,32767,32767,32767,32767,32767,32767,32767,32767,32767,2826.0,16699.0
2158.0,2303.0,17381,32767,32767,32767,32767,32767,32767,32767,32767,32767,32767,2386.0,17441.0
2123.0,2463.0,17404,32767,32767,32767,32767,32767,32767,32767,32767,32767,32767,2625.0,17286.0
2200.0,2509.0,17404,32767,32767,32767,32767,32767,32767,32767,32767,32767,32767,2657.0,17198.0
2682.0,3062.0,17404,32767,32767,32767,32767,32767,32767,32767,32767,32767,32767,3105.0,16328.0
1891.0,2302.0,17404,32767,32767,32767,32767,32767,32767,32767,32767,32767,32767,2625.0,17651.0
2147.0,2923.0,17411,32767,32767,32767,32767,32767,32767,32767,32767,32767,32767,3213.0,15648.0
2086.0,2648.0,17417,32767,32767,32767,32767,32767,32767,32767,32767,32767,32767,2800.0,17055.0
2105.0,2602.0,17417,32767,32767,32767,32767,32767,32767,32767,32767,32767,32767,2612.0,17033.0
1992.0,2444.0,17417,32767,32767,32767,32767,32767,32767,32767,32767,32767,32767,2517.0,17298.0
2105.0,2444.0,17417,32767,32767,32767,32767,32767,32767,32767,32767,32767,32767,2612.0,17317.0
2054.0,2564.0,17426,32767,32767,32767,32767,32767,32767,32767,32767,32767,32767,2773.0,17096.0
2102.0,2593.0,17426,32767,32767,32767,32767,32767,32767,32767,32767,32767,32767,2892.0,17088.0
1815.0,2479.0,17426,32767,32767,32767,32767,32767,32767,32767,32767,32767,32767,2615.0,17237.0
2006.0,2650.0,17426,32767,32767,32767,32767,32767,32767,32767,32767,32767,32767,2971.0,17050.0
2269.0,2849.0,17426,32767,32767,32767,32767,32767,32767,32767,32767,32767,32767,3011.0,16652.0
2006.0,2308.0,17426,32767,32767,32767,32767,32767,32767,32767,32767,32767,32767,2694.0,17538.0
1911.0,2621.0,17426,32767,32767,32767,32767,32767,32767,32767,32767,32767,32767,2932.0,17110.0
2147.0,2424.0,17445,32767,32767,32767,32767,32767,32767,32767,32767,32767,32767,2957.0,16602.0
2703.0,3087.0,17445,32767,32767,32767,32767,32767,32767,32767,32767,32767,32767,3466.0,15506.0
2511.0,2744.0,17445,32767,32767,32767,32767,32767,32767,32767,32767,32767,32767,2830.0,15875.0
1825.0,2381.0,17454,32767,32767,32767,32767,32767,32767,32767,32767,32767,32767,2554.0,15774.0
4845.0,4788.0,17454,32767,32767,32767,32767,32767,32767,32767,32767,32767,32767,4384.0,12234.0
2072.0,2313.0,17454,32767,32767,32767,32767,32767,32767,32767,32767,32767,32767,2460.0,15777.0
2080.0,2423.0,17454,32767,32767,32767,32767,32767,32767,32767,32767,32767,32767,2679.0,15990.0
1901.0,2200.0,17454,32767,32767,32767,32767,32767,32767,32767,32767,32767,32767,2396.0,16004.0
1806.0,2472.0,17454,32767,32767,32767,32767,32767,32767,32767,32767,32767,32767,2743.0,15712.0
1977.0,2358.0,17454,32767,32767,32767,32767,32767,32767,32767,32767,32767,32767,2649.0,15823.0
2072.0,2517.0,17454,32767,32767,32767,32767,32767,32767,32767,32767,32767,32767,2586.0,15473.0
2178.0,2190.0,17454,32767,32767,32767,32767,32767,32767,32767,32767,32767,32767,2720.0,16422.0
2505.0,2833.0,17474,32767,32767,32767,32767,32767,32767,32767,32767,32767,32767,3008.0,16702.0
2094.0,2253.0,17474,32767,32767,32767,32767,32767,32767,32767,32767,32767,32767,2481.0,17593.0
2339.0,2543.0,17478,32767,32767,32767,32767,32767,32767,32767,32767,32767,32767,2754.0,16432.0
2236.0,2697.0,17507,32767,32767,32767,32767,32767,32767,32767,32767,32767,32767,3084.0,16034.0
2110.0,2338.0,17507,32767,32767,32767,32767,32767,32767,32767,32767,32767,32767,2834.0,16605.0
2175.0,2320.0,17519,32767,32767,32767,32767,32767,32767,32767,32767,32767,32767,2619.0,17111.0
1925.0,2113.0,17519,32767,32767,32767,32767,32767,32767,32767,32767,32767,32767,2395.0,17453.0
2560.0,2710.0,17519,32767,32767,32767,32767,32767,32767,32767,32767,32767,32767,2714.0,16350.0
2522.0,3009.0,17519,32767,32767,32767,32767,32767,32767,32767,32767,32767,32767,2906.0,15954.0
1964.0,2251.0,17519,32767,32767,32767,32767,32767,32767,32767,32767,32767,32767,2491.0,17231.0
2137.0,2434.0,17519,32767,32767,32767,32767,32767,32767,32767,32767,32767,32767,2746.0,16975.0
2310.0,2641.0,17519,32767,32767,32767,32767,32767,32767,32767,32767,32767,32767,2938.0,16646.0
1944.0,2480.0,17519,32767,32767,32767,32767,32767,32767,32767,32767,32767,32767,2619.0,16881.0
2233.0,2572.0,17519,32767,32767,32767,32767,32767,32767,32767,32767,32767,32767,2555.0,16600.0
2021.0,2251.0,17519,32767,32767,32767,32767,32767,32767,32767,32767,32767,32767,2555.0,17250.0
2060.0,2297.0,17519,32767,32767,32767,32767,32767,32767,32767,32767,32767,32767,2395.0,17060.0
2156.0,2526.0,17519,32767,32767,32767,32767,32767,32767,32767,32767,32767,32767,2587.0,16721.0
2175.0,2684.0,17525,32767,32767,32767,32767,32767,32767,32767,32767,32767,32767,3173.0,16706.0
2044.0,2483.0,17525,32767,32767,32767,32767,32767,32767,32767,32767,32767,32767,2675.0,16876.0
2194.0,2595.0,17525,32767,32767,32767,32767,32767,32767,32767,32767,32767,32767,2862.0,16725.0
2156.0,2595.0,17525,32767,32767,32767,32767,32767,32767,32767,32767,32767,32767,2893.0,16750.0
2082.0,2371.0,17536,32767,32767,32767,32767,32767,32767,32767,32767,32767,32767,2386.0,17305.0
1647.0,2190.0,17536,32767,32767,32767,32767,32767,32767,32767,32767,32767,32767,2512.0,17846.0
1685.0,2394.0,17536,32767,32767,32767,32767,32767,32767,32767,32767,32767,32767,2449.0,17415.0
1685.0,2168.0,17536,32767,32767,32767,32767,32767,32767,32767,32767,32767,32767,2324.0,17766.0
1893.0,2529.0,17536,32767,32767,32767,32767,32767,32767,32767,32767,32767,32767,2732.0,17263.0
2025.0,2326.0,17536,32767,32767,32767,32767,32767,32767,32767,32767,32767,32767,2575.0,17515.0
1779.0,2078.0,17536,32767,32767,32767,32767,32767,32767,32767,32767,32767,32767,2229.0,17856.0
2044.0,2495.0,17539,32767,32767,32767,32767,32767,32767,32767,32767,32767,32767,2721.0,16074.0
1878.0,2240.0,17539,32767,32767,32767,32767,32767,32767,32767,32767,32767,32767,2405.0,16421.0
1949.0,2949.0,17539,32767,32767,32767,32767,32767,32767,32767,32767,32767,32767,3036.0,15468.0
1997.0,2637.0,17539,32767,32767,32767,32767,32767,32767,32767,32767,32767,32767,2721.0,15837.0
1949.0,2602.0,17562,32767,32767,32767,32767,32767,32767,32767,32767,32767,32767,3169.0,17306.0
4437.0,4358.0,17562,32767,32767,32767,32767,32767,32767,32767,32767,32767,32767,4156.0,13241.0
2143.0,2580.0,17573,32767,32767,32767,32767,32767,32767,32767,32767,32767,32767,2675.0,17066.0
2049.0,2625.0,17573,32767,32767,32767,32767,32767,32767,32767,32767,32767,32767,2832.0,17091.0
1973.0,2376.0,17573,32767,32767,32767,32767,32767,32767,32767,32767,32767,32767,2454.0,17361.0
2447.0,2964.0,17573,32767,32767,32767,32767,32767,32767,32767,32767,32767,32767,3115.0,16527.0
2295.0,2874.0,17573,32767,32767,32767,32767,32767,32767,32767,32767,32767,32767,2926.0,16640.0
1555.0,2150.0,17573,32767,32767,32767,32767,32767,32767,32767,32767,32767,32767,2391.0,17873.0
4888.0,4848.0,17603,32767,32767,32767,32767,32767,32767,32767,32767,32767,32767,4229.0,12592.0
2166.0,2493.0,17603,32767,32767,32767,32767,32767,32767,32767,32767,32767,32767,2894.0,16414.0
3853.0,3934.0,17603,32767,32767,32767,32767,32767,32767,32767,32767,32767,32767,3721.0,13967.0
2102.0,2336.0,17622,32767,32767,32767,32767,32767,32767,32767,32767,32767,32767,3169.0,17627.0
2102.0,2564.0,17622,32767,32767,32767,32767,32767,32767,32767,32767,32767,32767,2694.0,17006.0
2340.0,2536.0,17622,32767,32767,32767,32767,32767,32767,32767,32767,32767,32767,3090.0,17167.0
2006.0,2422.0,17622,32767,32767,32767,32767,32767,32767,32767,32767,32767,32767,2575.0,17226.0
2468.0,2743.0,17628,32767,32767,32767,32767,32767,32767,32767,32767,32767,32767,3101.0,16874.0
2175.0,2300.0,17633,32767,32767,32767,32767,32767,32767,32767,32767,32767,32767,2748.0,15990.0
1884.0,2131.0,17655,32767,32767,32767,32767,32767,32767,32767,32767,32767,32767,2476.0,16449.0
1958.0,2306.0,17655,32767,32767,32767,32767,32767,32767,32767,32767,32767,32767,2760.0,16243.0
2520.0,2949.0,17655,32767,32767,32767,32767,32767,32767,32767,32767,32767,32767,3288.0,15183.0
2227.0,2598.0,17655,32767,32767,32767,32767,32767,32767,32767,32767,32767,32767,2882.0,15694.0
1964.0,2434.0,17677,32767,32767,32767,32767,32767,32767,32767,32767,32767,32767,2523.0,16876.0
2060.0,2228.0,17677,32767,32767,32767,32767,32767,32767,32767,32767,32767,32767,2555.0,17252.0
2214.0,2434.0,17677,32767,32767,32767,32767,32767,32767,32767,32767,32767,32767,2523.0,16804.0
2213.0,2684.0,17679,32767,32767,32767,32767,32767,32767,32767,32767,32767,32767,2955.0,16577.0
2100.0,2505.0,17679,32767,32767,32767,32767,32767,32767,32767,32767,32767,32767,2924.0,16909.0
1817.0,2190.0,17692,32767,32767,32767,32767,32767,32767,32767,32767,32767,32767,2292.0,17633.0
1855.0,2236.0,17692,32767,32767,32767,32767,32767,32767,32767,32767,32767,32767,2700.0,17768.0
1722.0,2371.0,17692,32767,32767,32767,32767,32767,32767,32767,32767,32767,32767,2512.0,17452.0
1775.0,2325.0,17720,32767,32767,32767,32767,32767,32767,32767,32767,32767,32767,2721.0,17627.0
1802.0,2104.0,17728,32767,32767,32767,32767,32767,32767,32767,32767,32767,32767,2171.0,17716.0
2086.0,2534.0,17728,32767,32767,32767,32767,32767,32767,32767,32767,32767,32767,2706.0,17148.0
1916.0,2353.0,17728,32767,32767,32767,32767,32767,32767,32767,32767,32767,32767,2486.0,17407.0
1640.0,2297.0,17734,32767,32767,32767,32767,32767,32767,32767,32767,32767,32767,2484.0,16389.0
1997.0,2666.0,17734,32767,32767,32767,32767,32767,32767,32767,32767,32767,32767,2839.0,15808.0
2757.0,3034.0,17734,32767,32767,32767,32767,32767,32767,32767,32767,32767,32767,3273.0,15157.0
2971.0,3261.0,17734,32767,32767,32767,32767,32767,32767,32767,32767,32767,32767,3470.0,14807.0
4771.0,4671.0,17766,32767,32767,32767,32767,32767,32767,32767,32767,32767,32767,4383.0,12057.0
1934.0,2593.0,17818,32767,32767,32767,32767,32767,32767,32767,32767,32767,32767,2813.0,17024.0
1887.0,2450.0,17818,32767,32767,32767,32767,32767,32767,32767,32767,32767,32767,2615.0,17192.0
1958.0,2536.0,17818,32767,32767,32767,32767,32767,32767,32767,32767,32767,32767,3050.0,17223.0
2651.0,2935.0,17818,32767,32767,32767,32767,32767,32767,32767,32767,32767,32767,3169.0,16394.0
2006.0,2422.0,17818,32767,32767,32767,32767,32767,32767,32767,32767,32767,32767,2575.0,17188.0
2078.0,2422.0,17818,32767,32767,32767,32767,32767,32767,32767,32767,32767,32767,2971.0,17359.0
2138.0,2416.0,17833,32767,32767,32767,32767,32767,32767,32767,32767,32767,32767,3453.0,17228.0
2156.0,2662.0,17833,32767,32767,32767,32767,32767,32767,32767,32767,32767,32767,2986.0,16615.0
2081.0,2550.0,17833,32767,32767,32767,32767,32767,32767,32767,32767,32767,32767,2986.0,16832.0
2175.0,2528.0,17833,32767,32767,32767,32767,32767,32767,32767,32767,32767,32767,2862.0,16790.0
2438.0,2908.0,17833,32767,32767,32767,32767,32767,32767,32767,32767,32767,32767,3235.0,16221.0
1983.0,2274.0,17835,32767,32767,32767,32767,32767,32767,32767,32767,32767,32767,2491.0,17119.0
4331.0,4387.0,17835,32767,32767,32767,32767,32767,32767,32767,32767,32767,32767,3768.0,13694.0
1978.0,2300.0,17835,32767,32767,32767,32767,32767,32767,32767,32767,32767,32767,2707.0,15985.0
2791.0,3054.0,17835,32767,32767,32767,32767,32767,32767,32767,32767,32767,32767,2938.0,15761.0
1867.0,2457.0,17835,32767,32767,32767,32767,32767,32767,32767,32767,32767,32767,2746.0,16948.0
1925.0,2159.0,17835,32767,32767,32767,32767,32767,32767,32767,32767,32767,32767,2331.0,17259.0
5167.0,4984.0,17835,32767,32767,32767,32767,32767,32767,32767,32767,32767,32767,4757.0,11711.0
2042.0,2299.0,17835,32767,32767,32767,32767,32767,32767,32767,32767,32767,32767,2532.0,15577.0
2021.0,2366.0,17835,32767,32767,32767,32767,32767,32767,32767,32767,32767,32767,2587.0,16990.0
2349.0,2641.0,17835,32767,32767,32767,32767,32767,32767,32767,32767,32767,32767,2778.0,16501.0
1931.0,2281.0,17847,32767,32767,32767,32767,32767,32767,32767,32767,32767,32767,2418.0,17475.0
1912.0,2620.0,17847,32767,32767,32767,32767,32767,32767,32767,32767,32767,32767,2763.0,17054.0
1987.0,2416.0,17847,32767,32767,32767,32767,32767,32767,32767,32767,32767,32767,2700.0,17363.0
1811.0,2423.0,17855,32767,32767,32767,32767,32767,32767,32767,32767,32767,32767,2720.0,16009.0
2251.0,2949.0,17855,32767,32767,32767,32767,32767,32767,32767,32767,32767,32767,3126.0,15162.0
1958.0,2160.0,17855,32767,32767,32767,32767,32767,32767,32767,32767,32767,32767,2476.0,16330.0
1949.0,2164.0,17878,32767,32767,32767,32767,32767,32767,32767,32767,32767,32767,2433.0,17695.0
2239.0,2579.0,17878,32767,32767,32767,32767,32767,32767,32767,32767,32767,32767,3137.0,17190.0
1968.0,2348.0,17878,32767,32767,32767,32767,32767,32767,32767,32767,32767,32767,2721.0,17498.0
1949.0,2532.0,17878,32767,32767,32767,32767,32767,32767,32767,32767,32767,32767,2593.0,17103.0
2105.0,2693.0,17884,32767,32767,32767,32767,32767,32767,32767,32767,32767,32767,2863.0,16913.0
2011.0,2715.0,17884,32767,32767,32767,32767,32767,32767,32767,32767,32767,32767,2769.0,16856.0
2067.0,2421.0,17884,32767,32767,32767,32767,32767,32767,32767,32767,32767,32767,2612.0,17278.0
1973.0,2286.0,17884,32767,32767,32767,32767,32767,32767,32767,32767,32767,32767,2454.0,17468.0
1992.0,2534.0,17884,32767,32767,32767,32767,32767,32767,32767,32767,32767,32767,2643.0,17113.0
1954.0,2670.0,17884,32767,32767,32767,32767,32767,32767,32767,32767,32767,32767,2737.0,16935.0
1783.0,2693.0,17884,32767,32767,32767,32767,32767,32767,32767,32767,32767,32767,2800.0,16975.0
2011.0,2444.0,17884,32767,32767,32767,32767,32767,32767,32767,32767,32767,32767,2454.0,17165.0
2072.0,2608.0,17922,32767,32767,32767,32767,32767,32767,32767,32767,32767,32767,2617.0,15240.0
2186.0,2653.0,17922,32767,32767,32767,32767,32767,32767,32767,32767,32767,32767,2901.0,15268.0
1939.0,2381.0,17922,32767,32767,32767,32767,32767,32767,32767,32767,32767,32767,2649.0,15700.0
1920.0,2540.0,17922,32767,32767,32767,32767,32767,32767,32767,32767,32767,32767,2806.0,15498.0
2020.0,2637.0,17928,32767,32767,32767,32767,32767,32767,32767,32767,32767,32767,2839.0,15813.0
2169.0,2632.0,17934,32767,32767,32767,32767,32767,32767,32767,32767,32767,32767,3008.0,17054.0
3679.0,3714.0,17942,32767,32767,32767,32767,32767,32767,32767,32767,32767,32767,3443.0,14386.0
2119.0,2774.0,17987,32767,32767,32767,32767,32767,32767,32767,32767,32767,32767,3048.0,16433.0
2738.0,3020.0,17987,32767,32767,32767,32767,32767,32767,32767,32767,32767,32767,3173.0,15902.0
2100.0,2595.0,17987,32767,32767,32767,32767,32767,32767,32767,32767,32767,32767,2893.0,16677.0
3375.0,3848.0,17987,32767,32767,32767,32767,32767,32767,32767,32767,32767,32767,3919.0,14717.0
2288.0,2774.0,17987,32767,32767,32767,32767,32767,32767,32767,32767,32767,32767,2924.0,16331.0
1931.0,2438.0,17987,32767,32767,32767,32767,32767,32767,32767,32767,32767,32767,2924.0,17017.0
2272.0,2687.0,17992,32767,32767,32767,32767,32767,32767,32767,32767,32767,32767,2682.0,16366.0
2002.0,2251.0,17992,32767,32767,32767,32767,32767,32767,32767,32767,32767,32767,2427.0,17087.0
2252.0,2572.0,17992,32767,32767,32767,32767,32767,32767,32767,32767,32767,32767,2714.0,16587.0
2041.0,2664.0,17992,32767,32767,32767,32767,32767,32767,32767,32767,32767,32767,2906.0,16579.0
2426.0,2848.0,17992,32767,32767,32767,32767,32767,32767,32767,32767,32767,32767,2778.0,16099.0
2041.0,2549.0,17992,32767,32767,32767,32767,32767,32767,32767,32767,32767,32767,2651.0,16655.0
1867.0,2182.0,17992,32767,32767,32767,32767,32767,32767,32767,32767,32767,32767,2395.0,17238.0
1666.0,2281.0,18002,32767,32767,32767,32767,32767,32767,32767,32767,32767,32767,2512.0,17574.0
2101.0,2349.0,18002,32767,32767,32767,32767,32767,32767,32767,32767,32767,32767,2418.0,17269.0
2328.0,2484.0,18002,32767,32767,32767,32767,32767,32767,32767,32767,32767,32767,2512.0,17012.0
2271.0,2913.0,18002,32767,32767,32767,32767,32767,32767,32767,32767,32767,32767,3234.0,16629.0
1950.0,2145.0,18002,32767,32767,32767,32767,32767,32767,32767,32767,32767,32767,2292.0,17619.0
2006.0,2349.0,18002,32767,32767,32767,32767,32767,32767,32767,32767,32767,32767,2449.0,17314.0
2197.0,2735.0,18013,32767,32767,32767,32767,32767,32767,32767,32767,32767,32767,3050.0,16772.0
1863.0,2621.0,18013,32767,32767,32767,32767,32767,32767,32767,32767,32767,32767,2773.0,16938.0
1887.0,2536.0,18013,32767,32767,32767,32767,32767,32767,32767,32767,32767,32767,2694.0,17042.0
2161.0,2602.0,18036,32767,32767,32767,32767,32767,32767,32767,32767,32767,32767,3009.0,17090.0
1953.0,2330.0,18038,32767,32767,32767,32767,32767,32767,32767,32767,32767,32767,2707.0,15897.0
2101.0,2595.0,18038,32767,32767,32767,32767,32767,32767,32767,32767,32767,32767,2871.0,15456.0
1953.0,2448.0,18038,32767,32767,32767,32767,32767,32767,32767,32767,32767,32767,2789.0,15722.0
2181.0,2693.0,18039,32767,32767,32767,32767,32767,32767,32767,32767,32767,32767,2800.0,16832.0
1745.0,2172.0,18039,32767,32767,32767,32767,32767,32767,32767,32767,32767,32767,2234.0,17579.0
2049.0,2195.0,18039,32767,32767,32767,32767,32767,32767,32767,32767,32767,32767,2706.0,17723.0
1802.0,2399.0,18039,32767,32767,32767,32767,32767,32767,32767,32767,32767,32767,2612.0,17364.0
1992.0,2489.0,18039,32767,32767,32767,32767,32767,32767,32767,32767,32767,32767,3021.0,17340.0
2030.0,2444.0,18039,32767,32767,32767,32767,32767,32767,32767,32767,32767,32767,2486.0,17147.0
2153.0,2481.0,18056,32767,32767,32767,32767,32767,32767,32767,32767,32767,32767,2720.0,15767.0
1958.0,2248.0,18056,32767,32767,32767,32767,32767,32767,32767,32767,32767,32767,2639.0,16210.0
2031.0,2335.0,18056,32767,32767,32767,32767,32767,32767,32767,32767,32767,32767,2720.0,16067.0
2202.0,2657.0,18056,32767,32767,32767,32767,32767,32767,32767,32767,32767,32767,2882.0,15523.0
2398.0,2832.0,18056,32767,32767,32767,32767,32767,32767,32767,32767,32767,32767,3126.0,15275.0
4658.0,4711.0,18074,32767,32767,32767,32767,32767,32767,32767,32767,32767,32767,4134.0,12740.0
4236.0,4139.0,18074,32767,32767,32767,32767,32767,32767,32767,32767,32767,32767,3848.0,13535.0
2072.0,2653.0,18078,32767,32767,32767,32767,32767,32767,32767,32767,32767,32767,2712.0,15180.0
3132.0,3218.0,18097,32767,32767,32767,32767,32767,32767,32767,32767,32767,32767,3317.0,15210.0
2886.0,3173.0,18097,32767,32767,32767,32767,32767,32767,32767,32767,32767,32767,3192.0,15304.0
2258.0,2751.0,18123,32767,32767,32767,32767,32767,32767,32767,32767,32767,32767,2878.0,15532.0
2187.0,2864.0,18123,32767,32767,32767,32767,32767,32767,32767,32767,32767,32767,3076.0,15449.0
1902.0,2524.0,18123,32767,32767,32767,32767,32767,32767,32767,32767,32767,32767,2642.0,15910.0
2344.0,2796.0,18140,32767,32767,32767,32767,32767,32767,32767,32767,32767,32767,3204.0,16364.0
2213.0,2774.0,18140,32767,32767,32767,32767,32767,32767,32767,32767,32767,32767,3111.0,16402.0
2734.0,2986.0,18150,32767,32767,32767,32767,32767,32767,32767,32767,32767,32767,3002.0,15858.0
4043.0,4226.0,18150,32767,32767,32767,32767,32767,32767,32767,32767,32767,32767,3832.0,13958.0
2002.0,2366.0,18150,32767,32767,32767,32767,32767,32767,32767,32767,32767,32767,2523.0,16897.0
2233.0,2618.0,18150,32767,32767,32767,32767,32767,32767,32767,32767,32767,32767,2682.0,16466.0
2618.0,2871.0,18150,32767,32767,32767,32767,32767,32767,32767,32767,32767,32767,2938.0,16050.0
3869.0,3950.0,18150,32767,32767,32767,32767,32767,32767,32767,32767,32767,32767,3577.0,14307.0
3003.0,3192.0,18150,32767,32767,32767,32767,32767,32767,32767,32767,32767,32767,3066.0,15481.0
1912.0,2552.0,18157,32767,32767,32767,32767,32767,32767,32767,32767,32767,32767,2638.0,17049.0
1855.0,2461.0,18157,32767,32767,32767,32767,32767,32767,32767,32767,32767,32767,2543.0,17175.0
1950.0,2484.0,18157,32767,32767,32767,32767,32767,32767,32767,32767,32767,32767,2543.0,17107.0
1874.0,2371.0,18157,32767,32767,32767,32767,32767,32767,32767,32767,32767,32767,2512.0,17316.0
4762.0,4723.0,18189,32767,32767,32767,32767,32767,32767,32767,32767,32767,32767,4315.0,12617.0
1930.0,2325.0,18195,32767,32767,32767,32767,32767,32767,32767,32767,32767,32767,2689.0,17472.0
4921.0,5502.0,18195,32767,32767,32767,32767,32767,32767,32767,32767,32767,32767,4546.0,12677.0
2181.0,2348.0,18195,32767,32767,32767,32767,32767,32767,32767,32767,32767,32767,2657.0,17341.0
2269.0,2707.0,18209,32767,32767,32767,32767,32767,32767,32767,32767,32767,32767,2852.0,16675.0
2078.0,2621.0,18209,32767,32767,32767,32767,32767,32767,32767,32767,32767,32767,2773.0,16839.0
1958.0,2479.0,18209,32767,32767,32767,32767,32767,32767,32767,32767,32767,32767,2773.0,17123.0
2269.0,2764.0,18209,32767,32767,32767,32767,32767,32767,32767,32767,32767,32767,2971.0,16632.0
2460.0,2764.0,18209,32767,32767,32767,32767,32767,32767,32767,32767,32767,32767,2892.0,16542.0
2396.0,3545.0,18231,32767,32767,32767,32767,32767,32767,32767,32767,32767,32767,3689.0,14826.0
2072.0,2540.0,18234,32767,32767,32767,32767,32767,32767,32767,32767,32767,32767,2617.0,15298.0
2148.0,2585.0,18234,32767,32767,32767,32767,32767,32767,32767,32767,32767,32767,2743.0,15262.0
1928.0,2241.0,18241,32767,32767,32767,32767,32767,32767,32767,32767,32767,32767,2584.0,15964.0
2250.0,2949.0,18241,32767,32767,32767,32767,32767,32767,32767,32767,32767,32767,3117.0,14886.0
1953.0,2359.0,18241,32767,32767,32767,32767,32767,32767,32767,32767,32767,32767,2501.0,15692.0
4132.0,3961.0,18251,32767,32767,32767,32767,32767,32767,32767,32767,32767,32767,3849.0,13980.0
1958.0,2365.0,18257,32767,32767,32767,32767,32767,32767,32767,32767,32767,32767,2679.0,15973.0
2374.0,3094.0,18257,32767,32767,32767,32767,32767,32767,32767,32767,32767,32767,3410.0,14924.0
2398.0,2803.0,18257,32767,32767,32767,32767,32767,32767,32767,32767,32767,32767,3247.0,15332.0
2138.0,2595.0,18294,32767,32767,32767,32767,32767,32767,32767,32767,32767,32767,3142.0,16711.0
4866.0,5418.0,18305,32767,32767,32767,32767,32767,32767,32767,32767,32767,32767,5033.0,10953.0
1733.0,2228.0,18308,32767,32767,32767,32767,32767,32767,32767,32767,32767,32767,2395.0,17124.0
2888.0,3032.0,18308,32767,32767,32767,32767,32767,32767,32767,32767,32767,32767,3193.0,15789.0
1983.0,2411.0,18308,32767,32767,32767,32767,32767,32767,32767,32767,32767,32767,2523.0,16787.0
2214.0,2710.0,18308,32767,32767,32767,32767,32767,32767,32767,32767,32767,32767,2842.0,16361.0
2060.0,2366.0,18308,32767,32767,32767,32767,32767,32767,32767,32767,32767,32767,2619.0,16901.0
1925.0,2343.0,18308,32767,32767,32767,32767,32767,32767,32767,32767,32767,32767,2427.0,16874.0
3861.0,3884.0,18312,32767,32767,32767,32767,32767,32767,32767,32767,32767,32767,3454.0,14735.0
1704.0,2326.0,18312,32767,32767,32767,32767,32767,32767,32767,32767,32767,32767,2449.0,17380.0
3256.0,3516.0,18318,32767,32767,32767,32767,32767,32767,32767,32767,32767,32767,3667.0,14301.0
4278.0,4480.0,18318,32767,32767,32767,32767,32767,32767,32767,32767,32767,32767,3982.0,12769.0
2353.0,3119.0,18318,32767,32767,32767,32767,32767,32767,32767,32767,32767,32767,3233.0,15016.0
2329.0,2921.0,18318,32767,32767,32767,32767,32767,32767,32767,32767,32767,32767,3194.0,15325.0
1916.0,2512.0,18350,32767,32767,32767,32767,32767,32767,32767,32767,32767,32767,2612.0,17066.0
2238.0,2806.0,18350,32767,32767,32767,32767,32767,32767,32767,32767,32767,32767,2895.0,16609.0
1878.0,2467.0,18350,32767,32767,32767,32767,32767,32767,32767,32767,32767,32767,2737.0,17222.0
2238.0,2851.0,18350,32767,32767,32767,32767,32767,32767,32767,32767,32767,32767,2895.0,16534.0
2219.0,2648.0,18353,32767,32767,32767,32767,32767,32767,32767,32767,32767,32767,2785.0,16830.0
1968.0,2233.0,18353,32767,32767,32767,32767,32767,32767,32767,32767,32767,32767,2465.0,17479.0
2200.0,2463.0,18353,32767,32767,32767,32767,32767,32767,32767,32767,32767,32767,2593.0,17061.0
3300.0,3430.0,18353,32767,32767,32767,32767,32767,32767,32767,32767,32767,32767,3329.0,15499.0
4850.0,4826.0,18388,32767,32767,32767,32767,32767,32767,32767,32767,32767,32767,4388.0,12549.0
2281.0,2584.0,18388,32767,32767,32767,32767,32767,32767,32767,32767,32767,32767,2862.0,16051.0
2167.0,2721.0,18389,32767,32767,32767,32767,32767,32767,32767,32767,32767,32767,2806.0,15023.0
1982.0,2365.0,18405,32767,32767,32767,32767,32767,32767,32767,32767,32767,32767,2615.0,17202.0
2412.0,3077.0,18405,32767,32767,32767,32767,32767,32767,32767,32767,32767,32767,3090.0,16094.0
2770.0,3106.0,18405,32767,32767,32767,32767,32767,32767,32767,32767,32767,32767,3367.0,16051.0
2125.0,2621.0,18405,32767,32767,32767,32767,32767,32767,32767,32767,32767,32767,3209.0,16973.0
1767.0,2393.0,18405,32767,32767,32767,32767,32767,32767,32767,32767,32767,32767,3011.0,17399.0
1982.0,2593.0,18405,32767,32767,32767,32767,32767,32767,32767,32767,32767,32767,2852.0,16914.0
2438.0,3020.0,18448,32767,32767,32767,32767,32767,32767,32767,32767,32767,32767,3173.0,15902.0
2156.0,2662.0,18448,32767,32767,32767,32767,32767,32767,32767,32767,32767,32767,3079.0,16536.0
4866.0,4826.0,18461,32767,32767,32767,32767,32767,32767,32767,32767,32767,32767,4622.0,11577.0
3301.0,3438.0,18461,32767,32767,32767,32767,32767,32767,32767,32767,32767,32767,3419.0,13600.0
2368.0,2779.0,18466,32767,32767,32767,32767,32767,32767,32767,32767,32767,32767,2714.0,16108.0
2349.0,2894.0,18466,32767,32767,32767,32767,32767,32767,32767,32767,32767,32767,2970.0,16044.0
1969.0,2529.0,18468,32767,32767,32767,32767,32767,32767,32767,32767,32767,32767,2606.0,16994.0
1836.0,2213.0,18468,32767,32767,32767,32767,32767,32767,32767,32767,32767,32767,2386.0,17484.0
1722.0,2574.0,18468,32767,32767,32767,32767,32767,32767,32767,32767,32767,32767,2638.0,17002.0
2086.0,2625.0,18506,32767,32767,32767,32767,32767,32767,32767,32767,32767,32767,2706.0,16838.0
1973.0,2602.0,18506,32767,32767,32767,32767,32767,32767,32767,32767,32767,32767,2706.0,16910.0
3030.0,3246.0,18511,32767,32767,32767,32767,32767,32767,32767,32767,32767,32767,3265.0,15803.0
2163.0,2892.0,18513,32767,32767,32767,32767,32767,32767,32767,32767,32767,32767,3036.0,15319.0
1735.0,2354.0,18513,32767,32767,32767,32767,32767,32767,32767,32767,32767,32767,2602.0,16165.0
2567.0,3063.0,18513,32767,32767,32767,32767,32767,32767,32767,32767,32767,32767,3194.0,14993.0
1844.0,2404.0,18545,32767,32767,32767,32767,32767,32767,32767,32767,32767,32767,2649.0,15560.0
2110.0,2517.0,18545,32767,32767,32767,32767,32767,32767,32767,32767,32767,32767,2649.0,15282.0
1958.0,2449.0,18545,32767,32767,32767,32767,32767,32767,32767,32767,32767,32767,2838.0,15540.0
2091.0,2789.0,18545,32767,32767,32767,32767,32767,32767,32767,32767,32767,32767,2996.0,14986.0
2243.0,2721.0,18546,32767,32767,32767,32767,32767,32767,32767,32767,32767,32767,2957.0,15839.0
2380.0,2756.0,18559,32767,32767,32767,32767,32767,32767,32767,32767,32767,32767,2942.0,15532.0
4811.0,4974.0,18561,32767,32767,32767,32767,32767,32767,32767,32767,32767,32767,4381.0,12551.0
2531.0,2992.0,18601,32767,32767,32767,32767,32767,32767,32767,32767,32767,32767,3050.0,16142.0
2100.0,2841.0,18602,32767,32767,32767,32767,32767,32767,32767,32767,32767,32767,3173.0,16259.0
2044.0,2438.0,18602,32767,32767,32767,32767,32767,32767,32767,32767,32767,32767,2799.0,16805.0
2213.0,2662.0,18602,32767,32767,32767,32767,32767,32767,32767,32767,32767,32767,3173.0,16526.0
2831.0,3646.0,18602,32767,32767,32767,32767,32767,32767,32767,32767,32767,32767,3702.0,14994.0
3645.0,3870.0,18617,32767,32767,32767,32767,32767,32767,32767,32767,32767,32767,3830.0,12978.0
2385.0,2664.0,18617,32767,32767,32767,32767,32767,32767,32767,32767,32767,32767,2944.0,14877.0
2082.0,2642.0,18623,32767,32767,32767,32767,32767,32767,32767,32767,32767,32767,2669.0,16768.0
2290.0,3207.0,18623,32767,32767,32767,32767,32767,32767,32767,32767,32767,32767,3391.0,16099.0
2158.0,2507.0,18623,32767,32767,32767,32767,32767,32767,32767,32767,32767,32767,2763.0,17029.0
2082.0,2574.0,18623,32767,32767,32767,32767,32767,32767,32767,32767,32767,32767,2732.0,16917.0
2021.0,2572.0,18624,32767,32767,32767,32767,32767,32767,32767,32767,32767,32767,2682.0,16513.0
2310.0,2756.0,18624,32767,32767,32767,32767,32767,32767,32767,32767,32767,32767,2842.0,16195.0
2195.0,2526.0,18624,32767,32767,32767,32767,32767,32767,32767,32767,32767,32767,2714.0,16560.0
1906.0,2480.0,18624,32767,32767,32767,32767,32767,32767,32767,32767,32767,32767,2619.0,16674.0
1964.0,2251.0,18624,32767,32767,32767,32767,32767,32767,32767,32767,32767,32767,2682.0,17109.0
2151.0,2507.0,18646,32767,32767,32767,32767,32767,32767,32767,32767,32767,32767,2871.0,15477.0
2080.0,2365.0,18658,32767,32767,32767,32767,32767,32767,32767,32767,32767,32767,2639.0,15836.0
1884.0,1956.0,18658,32767,32767,32767,32767,32767,32767,32767,32767,32767,32767,2314.0,16490.0
2314.0,2738.0,18661,32767,32767,32767,32767,32767,32767,32767,32767,32767,32767,2832.0,16611.0
2162.0,2625.0,18661,32767,32767,32767,32767,32767,32767,32767,32767,32767,32767,2737.0,16801.0
2276.0,2897.0,18661,32767,32767,32767,32767,32767,32767,32767,32767,32767,32767,2989.0,16431.0
2026.0,2279.0,18669,32767,32767,32767,32767,32767,32767,32767,32767,32767,32767,2561.0,17364.0
2123.0,2325.0,18669,32767,32767,32767,32767,32767,32767,32767,32767,32767,32767,2561.0,17252.0
2181.0,2532.0,18669,32767,32767,32767,32767,32767,32767,32767,32767,32767,32767,2625.0,16897.0
2103.0,2555.0,18669,32767,32767,32767,32767,32767,32767,32767,32767,32767,32767,2785.0,16960.0
3358.0,3591.0,18669,32767,32767,32767,32767,32767,32767,32767,32767,32767,32767,3329.0,15190.0
2110.0,2699.0,18701,32767,32767,32767,32767,32767,32767,32767,32767,32767,32767,2775.0,15001.0
2799.0,3179.0,18703,32767,32767,32767,32767,32767,32767,32767,32767,32767,32767,3307.0,15052.0
2358.0,2950.0,18703,32767,32767,32767,32767,32767,32767,32767,32767,32767,32767,3339.0,15550.0
2115.0,2694.0,18708,32767,32767,32767,32767,32767,32767,32767,32767,32767,32767,2839.0,15537.0
4326.0,4509.0,18708,32767,32767,32767,32767,32767,32767,32767,32767,32767,32767,4180.0,12704.0
1854.0,2495.0,18708,32767,32767,32767,32767,32767,32767,32767,32767,32767,32767,2878.0,15973.0
2139.0,2722.0,18708,32767,32767,32767,32767,32767,32767,32767,32767,32767,32767,2918.0,15518.0
2794.0,3356.0,18755,32767,32767,32767,32767,32767,32767,32767,32767,32767,32767,3857.0,15447.0
2269.0,2752.0,18755,32767,32767,32767,32767,32767,32767,32767,32767,32767,32767,3577.0,16468.0
1647.0,2439.0,18778,32767,32767,32767,32767,32767,32767,32767,32767,32767,32767,2575.0,17167.0
2272.0,2802.0,18782,32767,32767,32767,32767,32767,32767,32767,32767,32767,32767,2874.0,16113.0
2291.0,2687.0,18782,32767,32767,32767,32767,32767,32767,32767,32767,32767,32767,2746.0,16239.0
2221.0,2536.0,18797,32767,32767,32767,32767,32767,32767,32767,32767,32767,32767,3645.0,17158.0
2006.0,2764.0,18797,32767,32767,32767,32767,32767,32767,32767,32767,32767,32767,2971.0,16593.0
1973.0,2534.0,18817,32767,32767,32767,32767,32767,32767,32767,32767,32767,32767,2737.0,16981.0
2049.0,2512.0,18817,32767,32767,32767,32767,32767,32767,32767,32767,32767,32767,2517.0,16883.0
1916.0,2399.0,18817,32767,32767,32767,32767,32767,32767,32767,32767,32767,32767,2517.0,17122.0
4207.0,4144.0,18828,32767,32767,32767,32767,32767,32767,32767,32767,32767,32767,4066.0,14369.0
2431.0,2924.0,18828,32767,32767,32767,32767,32767,32767,32767,32767,32767,32767,3361.0,16455.0
1988.0,2532.0,18828,32767,32767,32767,32767,32767,32767,32767,32767,32767,32767,2721.0,16970.0
2142.0,2532.0,18828,32767,32767,32767,32767,32767,32767,32767,32767,32767,32767,2913.0,17017.0
4824.0,4766.0,18828,32767,32767,32767,32767,32767,32767,32767,32767,32767,32767,4194.0,13422.0
4847.0,5647.0,18857,32767,32767,32767,32767,32767,32767,32767,32767,32767,32767,5234.0,10842.0
1958.0,2306.0,18859,32767,32767,32767,32767,32767,32767,32767,32767,32767,32767,2598.0,15915.0
1982.0,2365.0,18859,32767,32767,32767,32767,32767,32767,32767,32767,32767,32767,2679.0,15843.0
4236.0,4185.0,18860,32767,32767,32767,32767,32767,32767,32767,32767,32767,32767,3911.0,13362.0
3930.0,4025.0,18860,32767,32767,32767,32767,32767,32767,32767,32767,32767,32767,3816.0,13639.0
2282.0,2892.0,18903,32767,32767,32767,32767,32767,32767,32767,32767,32767,32767,2997.0,15193.0
2456.0,2975.0,18909,32767,32767,32767,32767,32767,32767,32767,32767,32767,32767,3142.0,15868.0
2175.0,2684.0,18909,32767,32767,32767,32767,32767,32767,32767,32767,32767,32767,3111.0,16414.0
4274.0,4234.0,18930,32767,32767,32767,32767,32767,32767,32767,32767,32767,32767,3735.0,12226.0
3988.0,4052.0,18930,32767,32767,32767,32767,32767,32767,32767,32767,32767,32767,3735.0,12550.0
1685.0,2303.0,18933,32767,32767,32767,32767,32767,32767,32767,32767,32767,32767,2669.0,17420.0
2811.0,3330.0,18939,32767,32767,32767,32767,32767,32767,32767,32767,32767,32767,3353.0,15291.0
1848.0,2205.0,18939,32767,32767,32767,32767,32767,32767,32767,32767,32767,32767,2459.0,17041.0
2329.0,2595.0,18939,32767,32767,32767,32767,32767,32767,32767,32767,32767,32767,2842.0,16400.0
3754.0,3927.0,18939,32767,32767,32767,32767,32767,32767,32767,32767,32767,32767,3545.0,14229.0
4139.0,4272.0,18939,32767,32767,32767,32767,32767,32767,32767,32767,32767,32767,3800.0,13732.0
1983.0,2503.0,18939,32767,32767,32767,32767,32767,32767,32767,32767,32767,32767,2651.0,16564.0
2587.0,3207.0,18948,32767,32767,32767,32767,32767,32767,32767,32767,32767,32767,3626.0,15029.0
4027.0,4033.0,18952,32767,32767,32767,32767,32767,32767,32767,32767,32767,32767,4247.0,11291.0
2030.0,2308.0,18972,32767,32767,32767,32767,32767,32767,32767,32767,32767,32767,2360.0,17129.0
2219.0,2851.0,18972,32767,32767,32767,32767,32767,32767,32767,32767,32767,32767,2926.0,16433.0
2257.0,2806.0,18972,32767,32767,32767,32767,32767,32767,32767,32767,32767,32767,2895.0,16483.0
1840.0,2534.0,18972,32767,32767,32767,32767,32767,32767,32767,32767,32767,32767,2612.0,16923.0
3105.0,3476.0,18992,32767,32767,32767,32767,32767,32767,32767,32767,32767,32767,3566.0,15352.0
2364.0,2963.0,18992,32767,32767,32767,32767,32767,32767,32767,32767,32767,32767,3130.0,16193.0
3463.0,3732.0,18992,32767,32767,32767,32767,32767,32767,32767,32767,32767,32767,3526.0,14868.0
2842.0,2833.0,19007,32767,32767,32767,32767,32767,32767,32767,32767,32767,32767,4745.0,16771.0
4888.0,4917.0,19017,32767,32767,32767,32767,32767,32767,32767,32767,32767,32767,4325.0,12316.0
4888.0,4917.0,19017,32767,32767,32767,32767,32767,32767,32767,32767,32767,32767,4484.0,12348.0
2055.0,2335.0,19059,32767,32767,32767,32767,32767,32767,32767,32767,32767,32767,2598.0,15791.0
2288.0,2819.0,19063,32767,32767,32767,32767,32767,32767,32767,32767,32767,32767,3359.0,16221.0
2363.0,2774.0,19063,32767,32767,32767,32767,32767,32767,32767,32767,32767,32767,3359.0,16273.0
1856.0,2148.0,19063,32767,32767,32767,32767,32767,32767,32767,32767,32767,32767,2488.0,17138.0
1855.0,2416.0,19088,32767,32767,32767,32767,32767,32767,32767,32767,32767,32767,2512.0,17049.0
4827.0,5104.0,19088,32767,32767,32767,32767,32767,32767,32767,32767,32767,32767,4239.0,12980.0
1609.0,2439.0,19088,32767,32767,32767,32767,32767,32767,32767,32767,32767,32767,2575.0,17114.0
3754.0,3973.0,19097,32767,32767,32767,32767,32767,32767,32767,32767,32767,32767,3640.0,14168.0
2175.0,2779.0,19097,32767,32767,32767,32767,32767,32767,32767,32767,32767,32767,2842.0,16102.0
2353.0,3233.0,19098,32767,32767,32767,32767,32767,32767,32767,32767,32767,32767,3549.0,14805.0
2211.0,2836.0,19098,32767,32767,32767,32767,32767,32767,32767,32767,32767,32767,3036.0,15284.0
2306.0,3034.0,19098,32767,32767,32767,32767,32767,32767,32767,32767,32767,32767,3154.0,14986.0
1897.0,2715.0,19128,32767,32767,32767,32767,32767,32767,32767,32767,32767,32767,2800.0,16661.0
3705.0,3822.0,19144,32767,32767,32767,32767,32767,32767,32767,32767,32767,32767,3521.0,14745.0
5518.0,5397.0,19156,32767,32767,32767,32767,32767,32767,32767,32767,32767,32767,4989.0,9260.0
2094.0,2654.0,19160,32767,32767,32767,32767,32767,32767,32767,32767,32767,32767,2915.0,16755.0
2357.0,3016.0,19169,32767,32767,32767,32767,32767,32767,32767,32767,32767,32767,3059.0,14448.0
2473.0,3065.0,19174,32767,32767,32767,32767,32767,32767,32767,32767,32767,32767,3562.0,15319.0
2415.0,2676.0,19174,32767,32767,32767,32767,32767,32767,32767,32767,32767,32767,3244.0,15857.0
3584.0,4456.0,19179,32767,32767,32767,32767,32767,32767,32767,32767,32767,32767,3943.0,13349.0
1958.0,2678.0,19188,32767,32767,32767,32767,32767,32767,32767,32767,32767,32767,2932.0,16655.0
2245.0,2992.0,19188,32767,32767,32767,32767,32767,32767,32767,32767,32767,32767,3249.0,16190.0
2906.0,3288.0,19217,32767,32767,32767,32767,32767,32767,32767,32767,32767,32767,3422.0,15298.0
2175.0,2480.0,19255,32767,32767,32767,32767,32767,32767,32767,32767,32767,32767,2619.0,16468.0
2252.0,2664.0,19255,32767,32767,32767,32767,32767,32767,32767,32767,32767,32767,2810.0,16225.0
2153.0,2686.0,19260,32767,32767,32767,32767,32767,32767,32767,32767,32767,32767,3085.0,15337.0
2030.0,2738.0,19283,32767,32767,32767,32767,32767,32767,32767,32767,32767,32767,2989.0,16640.0
2238.0,2897.0,19283,32767,32767,32767,32767,32767,32767,32767,32767,32767,32767,2895.0,16279.0
2162.0,2444.0,19283,32767,32767,32767,32767,32767,32767,32767,32767,32767,32767,2737.0,16991.0
3446.0,3942.0,19293,32767,32767,32767,32767,32767,32767,32767,32767,32767,32767,3982.0,13559.0
2329.0,2977.0,19293,32767,32767,32767,32767,32767,32767,32767,32767,32767,32767,3076.0,15000.0
1692.0,2472.0,19324,32767,32767,32767,32767,32767,32767,32767,32767,32767,32767,2617.0,15306.0
2357.0,3129.0,19324,32767,32767,32767,32767,32767,32767,32767,32767,32767,32767,3153.0,14279.0
2569.0,3202.0,19331,32767,32767,32767,32767,32767,32767,32767,32767,32767,32767,3403.0,14998.0
2325.0,2863.0,19370,32767,32767,32767,32767,32767,32767,32767,32767,32767,32767,3142.0,15995.0
2419.0,2998.0,19370,32767,32767,32767,32767,32767,32767,32767,32767,32767,32767,3111.0,15741.0
1722.0,2552.0,19399,32767,32767,32767,32767,32767,32767,32767,32767,32767,32767,2700.0,16885.0
2021.0,2297.0,19413,32767,32767,32767,32767,32767,32767,32767,32767,32767,32767,3353.0,17119.0
2291.0,2871.0,19413,32767,32767,32767,32767,32767,32767,32767,32767,32767,32767,3002.0,15927.0
2030.0,2625.0,19439,32767,32767,32767,32767,32767,32767,32767,32767,32767,32767,2800.0,16713.0
2599.0,3078.0,19467,32767,32767,32767,32767,32767,32767,32767,32767,32767,32767,2977.0,15889.0
1958.0,2699.0,19480,32767,32767,32767,32767,32767,32767,32767,32767,32767,32767,2806.0,14904.0
2262.0,2789.0,19480,32767,32767,32767,32767,32767,32767,32767,32767,32767,32767,2869.0,14696.0
2019.0,2566.0,19489,32767,32767,32767,32767,32767,32767,32767,32767,32767,32767,2629.0,16021.0
2585.0,3286.0,19489,32767,32767,32767,32767,32767,32767,32767,32767,32767,32767,3755.0,15146.0
2231.0,2752.0,19524,32767,32767,32767,32767,32767,32767,32767,32767,32767,32767,3173.0,16186.0
2502.0,2962.0,19592,32767,32767,32767,32767,32767,32767,32767,32767,32767,32767,3159.0,16049.0
2483.0,2918.0,19592,32767,32767,32767,32767,32767,32767,32767,32767,32767,32767,3159.0,16125.0
3640.0,4254.0,19592,32767,32767,32767,32767,32767,32767,32767,32767,32767,32767,4522.0,14252.0
2147.0,2790.0,19646,32767,32767,32767,32767,32767,32767,32767,32767,32767,32767,2926.0,15520.0
2251.0,2686.0,19661,32767,32767,32767,32767,32767,32767,32767,32767,32767,32767,3044.0,15210.0
2550.0,3087.0,19678,32767,32767,32767,32767,32767,32767,32767,32767,32767,32767,3235.0,15552.0
2662.0,3176.0,19682,32767,32767,32767,32767,32767,32767,32767,32767,32767,32767,3194.0,14567.0
2707.0,3523.0,19709,32767,32767,32767,32767,32767,32767,32767,32767,32767,32767,3580.0,15369.0
2464.0,3100.0,19729,32767,32767,32767,32767,32767,32767,32767,32767,32767,32767,3034.0,15466.0
2349.0,2848.0,19729,32767,32767,32767,32767,32767,32767,32767,32767,32767,32767,3193.0,15962.0
2233.0,2595.0,19729,32767,32767,32767,32767,32767,32767,32767,32767,32767,32767,2714.0,16204.0
2763.0,3185.0,19745,32767,32767,32767,32767,32767,32767,32767,32767,32767,32767,3314.0,15657.0
2937.0,4559.0,19776,32767,32767,32767,32767,32767,32767,32767,32767,32767,32767,4199.0,13965.0
2436.0,2821.0,19776,32767,32767,32767,32767,32767,32767,32767,32767,32767,32767,3011.0,16198.0
1791.0,2479.0,19776,32767,32767,32767,32767,32767,32767,32767,32767,32767,32767,2773.0,16850.0
4921.0,5065.0,19777,32767,32767,32767,32767,32767,32767,32767,32767,32767,32767,4482.0,12939.0
2765.0,3649.0,19862,32767,32767,32767,32767,32767,32767,32767,32767,32767,32767,3816.0,13813.0
2574.0,3365.0,19864,32767,32767,32767,32767,32767,32767,32767,32767,32767,32767,3297.0,15512.0
2187.0,3289.0,19877,32767,32767,32767,32767,32767,32767,32767,32767,32767,32767,3312.0,14538.0
4582.0,4731.0,19886,32767,32767,32767,32767,32767,32767,32767,32767,32767,32767,4247.0,12973.0
2349.0,3100.0,19886,32767,32767,32767,32767,32767,32767,32767,32767,32767,32767,3225.0,15544.0
1992.0,2783.0,19905,32767,32767,32767,32767,32767,32767,32767,32767,32767,32767,3021.0,16463.0
2151.0,2791.0,19953,32767,32767,32767,32767,32767,32767,32767,32767,32767,32767,2910.0,15648.0
2306.0,2975.0,19985,32767,32767,32767,32767,32767,32767,32767,32767,32767,32767,3235.0,15735.0
2934.0,3320.0,20019,32767,32767,32767,32767,32767,32767,32767,32767,32767,32767,3266.0,15435.0
2877.0,3162.0,20019,32767,32767,32767,32767,32767,32767,32767,32767,32767,32767,3014.0,15589.0
1760.0,2732.0,20175,32767,32767,32767,32767,32767,32767,32767,32767,32767,32767,2763.0,16440.0
2291.0,2825.0,20202,32767,32767,32767,32767,32767,32767,32767,32767,32767,32767,2874.0,15785.0
3922.0,4339.0,20267,32767,32767,32767,32767,32767,32767,32767,32767,32767,32767,4298.0,12799.0
5633.0,5785.0,20267,32767,32767,32767,32767,32767,32767,32767,32767,32767,32767,5008.0,10720.0
2419.0,3132.0,20293,32767,32767,32767,32767,32767,32767,32767,32767,32767,32767,3359.0,15444.0
2494.0,2975.0,20293,32767,32767,32767,32767,32767,32767,32767,32767,32767,32767,3328.0,15653.0
4659.0,4823.0,20360,32767,32767,32767,32767,32767,32767,32767,32767,32767,32767,4151.0,12737.0
5593.0,5545.0,20379,32767,32767,32767,32767,32767,32767,32767,32767,32767,32767,4783.0,8847.0
3647.0,3776.0,20410,32767,32767,32767,32767,32767,32767,32767,32767,32767,32767,3585.0,14614.0
2438.0,3199.0,20446,32767,32767,32767,32767,32767,32767,32767,32767,32767,32767,3390.0,15317.0
4302.0,4679.0,20462,32767,32767,32767,32767,32767,32767,32767,32767,32767,32767,4534.0,12276.0
1855.0,2732.0,20485,32767,32767,32767,32767,32767,32767,32767,32767,32767,32767,2889.0,16408.0
2063.0,2845.0,20485,32767,32767,32767,32767,32767,32767,32767,32767,32767,32767,2857.0,16151.0
4866.0,4963.0,20495,32767,32767,32767,32767,32767,32767,32767,32767,32767,32767,4368.0,11034.0
3003.0,3376.0,20518,32767,32767,32767,32767,32767,32767,32767,32767,32767,32767,3449.0,14899.0
2060.0,2366.0,20518,32767,32767,32767,32767,32767,32767,32767,32767,32767,32767,2682.0,16468.0
4216.0,4524.0,20518,32767,32767,32767,32767,32767,32767,32767,32767,32767,32767,3992.0,13165.0
2655.0,3212.0,20693,32767,32767,32767,32767,32767,32767,32767,32767,32767,32767,3412.0,15593.0
2288.0,3065.0,20754,32767,32767,32767,32767,32767,32767,32767,32767,32767,32767,3266.0,15457.0
4877.0,5339.0,20855,32767,32767,32767,32767,32767,32767,32767,32767,32767,32767,4664.0,11486.0
3010.0,3824.0,20865,32767,32767,32767,32767,32767,32767,32767,32767,32767,32767,3816.0,13310.0
4888.0,5466.0,20903,32767,32767,32767,32767,32767,32767,32767,32767,32767,32767,4865.0,11464.0
4716.0,4846.0,20991,32767,32767,32767,32767,32767,32767,32767,32767,32767,32767,4279.0,12611.0
2406.0,3100.0,20991,32767,32767,32767,32767,32767,32767,32767,32767,32767,32767,3609.0,15435.0
2676.0,3215.0,20991,32767,32767,32767,32767,32767,32767,32767,32767,32767,32767,3481.0,15145.0
4639.0,4777.0,21149,32767,32767,32767,32767,32767,32767,32767,32767,32767,32767,4151.0,12660.0
2767.0,3212.0,21153,32767,32767,32767,32767,32767,32767,32767,32767,32767,32767,3225.0,15401.0
4877.0,5659.0,21168,32767,32767,32767,32767,32767,32767,32767,32767,32767,32767,5203.0,11154.0
5087.0,5331.0,21241,32767,32767,32767,32767,32767,32767,32767,32767,32767,32767,4850.0,11200.0
5903.0,5814.0,21420,32767,32767,32767,32767,32767,32767,32767,32767,32767,32767,5334.0,10664.0
4909.0,5236.0,21465,32767,32767,32767,32767,32767,32767,32767,32767,32767,32767,4471.0,12055.0
3029.0,3476.0,21532,32767,32767,32767,32767,32767,32767,32767,32767,32767,32767,3880.0,14174.0
3218.0,3884.0,21571,32767,32767,32767,32767,32767,32767,32767,32767,32767,32767,3799.0,14429.0
4866.0,5805.0,21590,32767,32767,32767,32767,32767,32767,32767,32767,32767,32767,5318.0,10040.0
2842.0,3301.0,21613,32767,32767,32767,32767,32767,32767,32767,32767,32767,32767,3256.0,15166.0
3603.0,4299.0,21735,32767,32767,32767,32767,32767,32767,32767,32767,32767,32767,4305.0,13772.0
2869.0,3579.0,21984,32767,32767,32767,32767,32767,32767,32767,32767,32767,32767,3764.0,14452.0
2657.0,3514.0,22096,32767,32767,32767,32767,32767,32767,32767,32767,32767,32767,3640.0,14544.0
3646.0,4483.0,22226,32767,32767,32767,32767,32767,32767,32767,32767,32767,32767,4466.0,13568.0
4909.0,5627.0,22569,32767,32767,32767,32767,32767,32767,32767,32767,32767,32767,4790.0,11478.0
3328.0,3993.0,22839,32767,32767,32767,32767,32767,32767,32767,32767,32767,32767,3784.0,13998.0
6338.0,7562.0,23436,32767,32767,32767,32767,32767,32767,32767,32767,32767,32767,6639.0,6241.0
4921.0,5871.0,25314,32767,32767,32767,32767,32767,32767,32767,32767,32767,32767,5442.0,11186.0
4921.0,5871.0,25789,32767,32767,32767,32767,32767,32767,32767,32767,32767,32767,5570.0,11106.0
4888.0,5832.0,25932,32767,32767,32767,32767,32767,32767,32767,32767,32767,32767,6074.0,10269.0
2222.0,1336.0,2296,7965,5901,7375,7783,12682,32767,32767,32767,32767,32767,774.0,1000.0
2430.0,1584.0,2299,7976,6754,6001,7794,10968,32767,32767,32767,32767,32767,682.0,1000.0
2651.0,1871.0,2602,8363,7166,6914,7783,12105,32767,32767,32767,32767,32767,805.0,1000.0
2464.0,1559.0,2602,8363,7166,7836,8302,12105,32767,32767,32767,32767,32767,774.0,1000.0
2543.0,1985.0,2453,8375,6754,6462,7794,11545,32767,32767,32767,32767,32767,775.0,1000.0
2356.0,1450.0,2299,8774,7176,6001,7275,11545,32767,32767,32767,32767,32767,713.0,1000.0
2543.0,1829.0,2299,8774,7176,5539,6755,10968,32767,32767,32767,32767,32767,775.0,1000.0
2524.0,1829.0,2453,8774,7598,6462,6755,11545,32767,32767,32767,32767,32767,744.0,1000.0
2505.0,1717.0,2453,8774,7176,6462,7275,11545,32767,32767,32767,32767,32767,713.0,1000.0
2393.0,1539.0,2453,8774,6754,6924,7794,10968,32767,32767,32767,32767,32767,682.0,1000.0
2580.0,1963.0,2606,8774,8442,6924,7794,10968,32767,32767,32767,32767,32767,806.0,1000.0
2561.0,2141.0,2606,8774,8020,6462,7275,12123,32767,32767,32767,32767,32767,806.0,1000.0
2543.0,1941.0,2453,9173,7598,6924,7275,11545,32767,32767,32767,32767,32767,775.0,1000.0
2468.0,1896.0,2299,9572,8020,6462,6236,12700,32767,32767,32767,32767,32767,744.0,1000.0
2524.0,1963.0,2453,9572,8020,6924,7275,11545,32767,32767,32767,32767,32767,837.0,1000.0
2617.0,2119.0,2453,9572,7598,7385,7275,12700,32767,32767,32767,32767,32767,837.0,1000.0
2599.0,2007.0,2606,9572,7598,6462,7794,12123,32767,32767,32767,32767,32767,806.0,1000.0
2543.0,1829.0,2606,9572,8020,6462,7275,12123,32767,32767,32767,32767,32767,775.0,1000.0
980.0,629.0,2472,9646,6806,8063,9077,14738,32767,32767,32767,32767,32767,625.0,1000.0
2580.0,2186.0,2299,9971,7598,6001,6755,12123,32767,32767,32767,32767,32767,806.0,1000.0
2580.0,2097.0,2759,10768,8864,6924,7794,12123,32767,32767,32767,32767,32767,930.0,1000.0
2072.0,1448.0,3673,11151,9273,12445,11415,16140,32767,32767,32767,32767,32767,929.0,1000.0
2412.0,1963.0,2606,11167,8442,7385,7794,12700,32767,32767,32767,32767,32767,837.0,1000.0
2427.0,1693.0,4133,11549,9273,12445,12453,17293,32767,32767,32767,32767,32767,929.0,1000.0
2524.0,1762.0,2912,11566,9286,7847,8834,13277,32767,32767,32767,32767,32767,775.0,1000.0
939.0,678.0,4256,13183,10046,10376,11680,16029,32767,32767,32767,32767,32767,820.0,1000.0
2430.0,2164.0,4292,14358,11819,11078,12471,16164,32767,32767,32767,32767,32767,1054.0,1000.0
1227.0,983.0,6129,14721,13417,14198,15451,20125,32767,32767,32767,32767,32767,1177.0,1000.0
1396.0,1238.0,5414,15293,14056,14439,15206,18640,32767,32767,32767,32767,32767,1127.0,1000.0
1907.0,1517.0,5671,16352,13930,12924,13510,15586,32767,32767,32767,32767,32767,1054.0,1000.0
1158.0,990.0,6170,17701,14814,14770,15554,21451,32767,32767,32767,32767,32767,960.0,1000.0
1143.0,919.0,11005,24391,24132,23320,24870,27630,32767,32767,32767,32767,32767,866.0,1000.0
1168.0,860.0,6521,15377,14030,14728,15199,19955,32767,32767,32767,32767,32767,2103.0,14600.0
1218.0,1038.0,6929,16968,15714,16569,17271,21490,32767,32767,32767,32767,32767,1814.0,14600.0
1317.0,1008.0,8559,16968,16275,17797,17271,20722,32767,32767,32767,32767,32767,2886.0,14600.0
1317.0,1186.0,8559,18028,18520,18411,19344,23025,32767,32767,32767,32767,32767,2103.0,14600.0
1342.0,1097.0,9374,18028,19081,18411,18653,23025,32767,32767,32767,32767,32767,2350.0,14600.0
1367.0,1127.0,9171,18558,18520,17797,17962,20722,32767,32767,32767,32767,32767,2350.0,14600.0
1293.0,1068.0,9374,18558,17397,17797,18653,20722,32767,32767,32767,32767,32767,2639.0,14600.0
1168.0,1068.0,7948,19088,19081,19024,19344,23025,32767,32767,32767,32767,32767,1361.0,14600.0
1193.0,1127.0,8355,19088,18520,20252,21416,24560,32767,32767,32767,32767,32767,1691.0,14600.0
1342.0,1334.0,9578,19088,20764,18411,21416,24560,32767,32767,32767,32767,32767,2062.0,14600.0
1342.0,1157.0,9578,19619,19642,18411,19344,24560,32767,32767,32767,32767,32767,2227.0,14600.0
1442.0,1275.0,10189,19619,20764,19638,20725,23025,32767,32767,32767,32767,32767,2515.0,14600.0
1342.0,1216.0,9986,20149,20203,20252,21416,24560,32767,32767,32767,32767,32767,2144.0,14600.0
1293.0,1068.0,10393,20149,20764,20252,22107,24560,32767,32767,32767,32767,32767,2268.0,14600.0
1491.0,1186.0,10597,20149,21326,20865,22107,25327,32767,32767,32767,32767,32767,2969.0,14600.0
1243.0,1097.0,9374,20679,21887,20865,21416,23792,32767,32767,32767,32767,32767,1567.0,14600.0
1293.0,1245.0,9374,20679,21326,21479,22107,26095,32767,32767,32767,32767,32767,1649.0,14600.0
1392.0,1275.0,9782,20679,21887,19638,22107,24560,32767,32767,32767,32767,32767,1856.0,14600.0
1367.0,1157.0,9986,20679,20764,19638,21416,24560,32767,32767,32767,32767,32767,2556.0,14600.0
1914.0,1690.0,10189,21209,23009,21479,23489,27630,32767,32767,32767,32767,32767,3051.0,14600.0
1367.0,1216.0,10189,21209,21887,21479,23489,25327,32767,32767,32767,32767,32767,2556.0,14600.0
1491.0,1364.0,10801,21209,23009,21479,22798,26095,32767,32767,32767,32767,32767,2309.0,14600.0
1367.0,1305.0,10189,21740,23009,20252,23489,26862,32767,32767,32767,32767,32767,1773.0,14600.0
1392.0,1305.0,10597,21740,21887,20865,22107,25327,32767,32767,32767,32767,32767,2515.0,14600.0
1442.0,1453.0,10801,21740,23009,21479,22107,26862,32767,32767,32767,32767,32767,2309.0,14600.0
1541.0,1453.0,11208,21740,23009,21479,23489,26095,32767,32767,32767,32767,32767,2309.0,14600.0
1392.0,1394.0,11820,22270,23570,22706,23489,25327,32767,32767,32767,32767,32767,2515.0,14600.0
2063.0,1839.0,10801,22800,24132,24547,25561,29165,32767,32767,32767,32767,32767,3010.0,14600.0
1491.0,1483.0,11208,22800,22448,23320,23489,28397,32767,32767,32767,32767,32767,2639.0,14600.0
1342.0,1275.0,10393,23330,24693,23320,25561,27630,32767,32767,32767,32767,32767,1691.0,14600.0
1392.0,1394.0,10597,23330,22448,22093,22798,26095,32767,32767,32767,32767,32767,1814.0,14600.0
1491.0,1334.0,11005,23330,24693,23320,25561,28397,32767,32767,32767,32767,32767,2350.0,14600.0
1641.0,1572.0,11208,23330,23009,22706,23489,26862,32767,32767,32767,32767,32767,2763.0,14600.0
1491.0,1453.0,11820,23330,24132,23320,25561,28397,32767,32767,32767,32767,32767,2474.0,14600.0
1293.0,1245.0,12024,23330,25254,24547,24870,26095,32767,32767,32767,32767,32767,1979.0,14600.0
1293.0,1275.0,10597,23861,25254,23934,24870,27630,32767,32767,32767,32767,32767,1649.0,14600.0
1467.0,1364.0,12227,23861,25254,24547,25561,26862,32767,32767,32767,32767,32767,2598.0,14600.0
1417.0,1394.0,12431,23861,24132,25161,24180,26095,32767,32767,32767,32767,32767,2639.0,14600.0
1317.0,1245.0,10801,24391,24132,24547,26252,29932,32767,32767,32767,32767,32767,1773.0,14600.0
1864.0,1631.0,11412,24921,26376,24547,27634,30700,32767,32767,32767,32767,32767,3299.0,14600.0
1591.0,1453.0,11616,24921,26938,25775,27634,29932,32767,32767,32767,32767,32767,2268.0,14600.0
1392.0,1453.0,11820,24921,25815,25161,26252,29165,32767,32767,32767,32767,32767,2020.0,14600.0
1541.0,1394.0,12431,24921,24132,24547,26252,28397,32767,32767,32767,32767,32767,3299.0,14600.0
1964.0,1868.0,11820,25451,26376,28229,28325,31467,32767,32767,32767,32767,32767,2639.0,14600.0
1516.0,1690.0,12839,25451,27499,27616,27634,29932,32767,32767,32767,32767,32767,2309.0,14600.0
1467.0,1483.0,12839,25451,26376,26388,26943,28397,32767,32767,32767,32767,32767,2350.0,14600.0
1392.0,1334.0,12024,25981,28060,27616,29015,31467,32767,32767,32767,32767,32767,1938.0,14600.0
1541.0,1334.0,12024,25981,26938,25775,26943,31467,32767,32767,32767,32767,32767,2474.0,14600.0
1467.0,1512.0,12024,25981,26938,25775,27634,30700,32767,32767,32767,32767,32767,2144.0,14600.0
1491.0,1898.0,12431,25981,26938,27616,28325,28397,32767,32767,32767,32767,32767,2639.0,14600.0
1690.0,1957.0,12839,25981,28060,27002,29015,31467,32767,32767,32767,32767,32767,2515.0,14600.0
1467.0,1601.0,12024,26512,27499,26388,29015,27630,32767,32767,32767,32767,32767,2474.0,14600.0
1665.0,1690.0,13246,26512,26938,27002,27634,27630,32767,32767,32767,32767,32767,2515.0,14600.0
2336.0,2165.0,11005,27042,29182,28843,31779,32767,32767,32767,32767,32767,32767,2598.0,14600.0
2560.0,2521.0,11616,27042,27499,29457,32767,32767,32767,32767,32767,32767,32767,2721.0,14600.0
1665.0,1779.0,12839,27042,28060,27616,29015,29932,32767,32767,32767,32767,32767,2350.0,14600.0
1367.0,1394.0,12839,27042,28060,27616,27634,29165,32767,32767,32767,32767,32767,1814.0,14600.0
1864.0,1809.0,13043,27042,29182,30071,31088,32235,32767,32767,32767,32767,32767,2433.0,14600.0
1616.0,1839.0,13043,27042,27499,27002,29706,30700,32767,32767,32767,32767,32767,2392.0,14600.0
1491.0,1661.0,13858,27042,28060,30071,30397,32767,32767,32767,32767,32767,32767,2268.0,14600.0
1665.0,1839.0,14265,27042,29744,29457,30397,30700,32767,32767,32767,32767,32767,2928.0,14600.0
2635.0,2343.0,10597,27572,26938,25775,30397,32767,32767,32767,32767,32767,32767,2969.0,14600.0
2212.0,1957.0,12227,27572,28621,27002,29706,31467,32767,32767,32767,32767,32767,3340.0,14600.0
1392.0,1750.0,12635,27572,28060,28229,32767,31467,32767,32767,32767,32767,32767,2144.0,14600.0
1491.0,1661.0,12839,27572,28060,28843,30397,32235,32767,32767,32767,32767,32767,2185.0,14600.0
1566.0,1572.0,13450,27572,29744,27616,28325,29932,32767,32767,32767,32767,32767,2268.0,14600.0
1616.0,1720.0,14061,27572,30305,28843,30397,32235,32767,32767,32767,32767,32767,2556.0,14600.0
1914.0,1809.0,12635,28102,30305,30071,32470,32767,32767,32767,32767,32767,32767,2392.0,14600.0
2038.0,1898.0,12839,28102,29744,28229,32470,32767,32767,32767,32767,32767,32767,3010.0,14600.0
2088.0,2046.0,13654,28102,29182,28843,31088,29932,32767,32767,32767,32767,32767,3051.0,14600.0
1641.0,2016.0,13858,28102,28621,29457,31088,32235,32767,32767,32767,32767,32767,2392.0,14600.0
1740.0,2016.0,14061,28102,31988,30071,31779,31467,32767,32767,32767,32767,32767,2556.0,14600.0
1690.0,2076.0,14469,28102,29182,30684,31779,32235,32767,32767,32767,32767,32767,2928.0,14600.0
2063.0,2165.0,13654,28633,29182,31298,32767,32767,32767,32767,32767,32767,32767,2556.0,14600.0
1740.0,2165.0,14061,28633,29182,29457,29706,32235,32767,32767,32767,32767,32767,2598.0,14600.0
1641.0,1779.0,12839,29163,29744,31298,32470,32767,32767,32767,32767,32767,32767,3010.0,14600.0
1914.0,2372.0,14265,29163,31427,31298,31779,32767,32767,32767,32767,32767,32767,2804.0,14600.0
1988.0,2283.0,14265,29163,29182,28843,30397,31467,32767,32767,32767,32767,32767,3216.0,14600.0
1690.0,1661.0,13246,29693,30305,30684,32470,32767,32767,32767,32767,32767,32767,2350.0,14600.0
2088.0,2046.0,13858,29693,31427,30684,32767,32767,32767,32767,32767,32767,32767,2639.0,14600.0
1641.0,1957.0,13858,29693,29744,32525,32767,32767,32767,32767,32767,32767,32767,3093.0,14600.0
1516.0,1720.0,14061,29693,30305,28229,31088,29932,32767,32767,32767,32767,32767,2350.0,14600.0
2237.0,2254.0,14061,29693,31427,31298,32767,32767,32767,32767,32767,32767,32767,2680.0,14600.0
1491.0,1720.0,14469,29693,30866,32525,32470,32767,32767,32767,32767,32767,32767,2185.0,14600.0
1591.0,1690.0,14877,29693,32550,30071,31088,31467,32767,32767,32767,32767,32767,2062.0,14600.0
1591.0,1661.0,15080,29693,31988,31298,31779,32767,32767,32767,32767,32767,32767,2392.0,14600.0
1690.0,2046.0,14877,30223,31988,31912,32470,32767,32767,32767,32767,32767,32767,2639.0,14600.0
1790.0,1868.0,15080,30223,32767,32525,32767,32767,32767,32767,32767,32767,32767,2515.0,14600.0
2287.0,2402.0,14061,30754,32767,32767,32767,32767,32767,32767,32767,32767,32767,2556.0,14600.0
1839.0,2343.0,14265,30754,31988,30684,32470,32767,32767,32767,32767,32767,32767,3093.0,14600.0
1715.0,2046.0,14469,30754,31988,32525,32767,32767,32767,32767,32767,32767,32767,2598.0,14600.0
1790.0,2224.0,14877,30754,31988,32525,32767,32767,32767,32767,32767,32767,32767,2515.0,14600.0
1914.0,2283.0,14877,30754,32767,32767,32767,32767,32767,32767,32767,32767,32767,2639.0,14600.0
2038.0,2165.0,15896,30754,32767,32767,32767,32767,32767,32767,32767,32767,32767,2969.0,14600.0
2063.0,2283.0,12839,31284,31427,31912,32767,32767,32767,32767,32767,32767,32767,2845.0,14600.0
2486.0,2254.0,15080,31814,32767,32767,32767,32767,32767,32767,32767,32767,32767,3505.0,14600.0
1864.0,2224.0,15080,31814,32767,32767,32767,32767,32767,32767,32767,32767,32767,2515.0,14600.0
1665.0,1987.0,14061,32344,31427,30071,31779,32767,32767,32767,32767,32767,32767,2515.0,14600.0
2013.0,2461.0,15692,32344,32767,32767,32767,32767,32767,32767,32767,32767,32767,3257.0,14600.0
1591.0,2283.0,15896,32344,32550,32767,32767,32767,32767,32767,32767,32767,32767,2474.0,14600.0
1889.0,2076.0,15080,32767,32767,32767,32767,32767,32767,32767,32767,32767,32767,2392.0,14600.0
1988.0,2402.0,15284,32767,32767,32767,32767,32767,32767,32767,32767,32767,32767,2845.0,14600.0
1889.0,2165.0,15692,32767,32767,32767,32767,32767,32767,32767,32767,32767,32767,2928.0,14600.0
1715.0,1868.0,17118,32767,32767,32767,32767,32767,32767,32767,32767,32767,32767,2680.0,14600.0
1488.0,1207.0,6884,15061,14217,15547,15380,18854,32767,32767,32767,32767,32767,2279.0,16000.0
1469.0,1138.0,6884,15468,13787,14605,14850,18854,32767,32767,32767,32767,32767,2722.0,16000.0
1527.0,1184.0,7353,15875,14648,14605,16441,20033,32767,32767,32767,32767,32767,3007.0,16000.0
1546.0,1184.0,5789,16282,13787,16018,15911,21211,32767,32767,32767,32767,32767,2184.0,16000.0
1546.0,1207.0,7979,16690,16372,16489,16972,21800,32767,32767,32767,32767,32767,3007.0,16000.0
1488.0,1138.0,8448,16690,15510,16018,15911,18854,32767,32767,32767,32767,32767,3450.0,16000.0
1584.0,1207.0,9074,17097,17233,18374,16972,21211,32767,32767,32767,32767,32767,3324.0,16000.0
1488.0,1320.0,6102,17504,16802,16489,17502,20622,32767,32767,32767,32767,32767,1393.0,16000.0
1870.0,1457.0,7666,17504,15941,18374,18563,21800,32767,32767,32767,32767,32767,2659.0,16000.0
1565.0,1298.0,7822,17504,17233,19316,19623,22390,32767,32767,32767,32767,32767,2501.0,16000.0
1546.0,1138.0,8135,17504,15510,18845,16972,21800,32767,32767,32767,32767,32767,3071.0,16000.0
1431.0,1229.0,8135,17504,18526,17432,18563,22979,32767,32767,32767,32767,32767,2406.0,16000.0
1527.0,1252.0,8292,17504,18095,17432,18032,21800,32767,32767,32767,32767,32767,2501.0,16000.0
1374.0,1207.0,6414,17911,15941,17432,18563,21800,32767,32767,32767,32767,32767,1235.0,16000.0
1527.0,1252.0,8605,17911,17233,17903,18032,21800,32767,32767,32767,32767,32767,2564.0,16000.0
1584.0,1298.0,8761,17911,18095,17903,18032,21211,32767,32767,32767,32767,32767,2944.0,16000.0
1679.0,1320.0,7040,18318,16372,18374,18032,24746,32767,32767,32767,32767,32767,2216.0,16000.0
1488.0,1229.0,8135,18318,17233,18845,18032,23568,32767,32767,32767,32767,32767,2722.0,16000.0
1298.0,1047.0,8292,18318,17233,16961,18032,20033,32767,32767,32767,32767,32767,2311.0,16000.0
1546.0,1275.0,8448,18318,18095,18374,19623,22979,32767,32767,32767,32767,32767,2374.0,16000.0
1584.0,1298.0,9074,18318,18095,18374,19093,20622,32767,32767,32767,32767,32767,2881.0,16000.0
1717.0,1434.0,9231,18318,18095,19787,19093,21800,32767,32767,32767,32767,32767,3102.0,16000.0
1584.0,1343.0,6727,18725,18526,17432,18563,22390,32767,32767,32767,32767,32767,1646.0,16000.0
1908.0,1525.0,6884,18725,16802,18374,18032,22390,32767,32767,32767,32767,32767,2596.0,16000.0
1488.0,1320.0,8292,18725,18526,18845,18563,21211,32767,32767,32767,32767,32767,2216.0,16000.0
1794.0,1366.0,8605,18725,17664,17903,18032,21800,32767,32767,32767,32767,32767,2976.0,16000.0
1393.0,1184.0,9074,18725,18957,18845,19093,22390,32767,32767,32767,32767,32767,2184.0,16000.0
1736.0,1298.0,7197,19132,18957,20258,20154,25336,32767,32767,32767,32767,32767,2374.0,16000.0
1527.0,1275.0,8292,19132,18526,18845,18563,21211,32767,32767,32767,32767,32767,2691.0,16000.0
1393.0,1229.0,8605,19539,18957,18374,20154,22390,32767,32767,32767,32767,32767,1899.0,16000.0
1488.0,1320.0,9231,19539,19818,19316,20154,23568,32767,32767,32767,32767,32767,2184.0,16000.0
1870.0,1776.0,9856,19539,18957,20730,21214,24157,32767,32767,32767,32767,32767,2501.0,16000.0
1660.0,1411.0,10013,19539,18957,19787,20154,22979,32767,32767,32767,32767,32767,3134.0,16000.0
1336.0,1229.0,8918,19946,20680,19787,21745,24746,32767,32767,32767,32767,32767,1741.0,16000.0
1736.0,1434.0,9231,19946,19818,20730,20684,24157,32767,32767,32767,32767,32767,2691.0,16000.0
2137.0,1958.0,9856,19946,20249,23556,22806,24746,32767,32767,32767,32767,32767,3166.0,16000.0
1488.0,1252.0,7353,20353,18957,19787,20154,24157,32767,32767,32767,32767,32767,1361.0,16000.0
1736.0,1389.0,8918,20353,19818,18845,19623,23568,32767,32767,32767,32767,32767,3102.0,16000.0
1622.0,1434.0,9231,20353,19818,19787,20154,22979,32767,32767,32767,32767,32767,2311.0,16000.0
1622.0,1411.0,9543,20353,21542,21201,22806,25925,32767,32767,32767,32767,32767,2437.0,16000.0
1412.0,1161.0,9543,20353,20249,19316,18563,22979,32767,32767,32767,32767,32767,2311.0,16000.0
1488.0,1184.0,9543,20353,21111,21201,21745,25336,32767,32767,32767,32767,32767,2564.0,16000.0
1622.0,1343.0,10013,20353,21111,20730,20684,24157,32767,32767,32767,32767,32767,2722.0,16000.0
1679.0,1434.0,10639,20353,21111,21672,20684,24746,32767,32767,32767,32767,32767,3102.0,16000.0
1507.0,1275.0,9231,20760,19818,19787,20154,24746,32767,32767,32767,32767,32767,2311.0,16000.0
1603.0,1457.0,9856,20760,21542,20258,21745,24157,32767,32767,32767,32767,32767,2279.0,16000.0
1565.0,1411.0,9543,21167,22403,21201,24397,24746,32767,32767,32767,32767,32767,2248.0,16000.0
1412.0,1252.0,9543,21167,21111,21672,21745,22979,32767,32767,32767,32767,32767,1994.0,16000.0
1527.0,1320.0,9543,21167,21542,21201,22275,24157,32767,32767,32767,32767,32767,2121.0,16000.0
1355.0,1184.0,9543,21167,21542,20258,21214,22979,32767,32767,32767,32767,32767,2248.0,16000.0
1660.0,1366.0,10326,21167,21972,21201,22275,25336,32767,32767,32767,32767,32767,3102.0,16000.0
1717.0,1389.0,10482,21167,21542,21672,21745,24157,32767,32767,32767,32767,32767,3007.0,16000.0
1622.0,1434.0,10639,21167,23265,22143,23866,25336,32767,32767,32767,32767,32767,2501.0,16000.0
1469.0,1343.0,10013,21574,22403,21201,22806,24746,32767,32767,32767,32767,32767,2089.0,16000.0
1488.0,1366.0,10639,21574,22834,21672,22275,25336,32767,32767,32767,32767,32767,2469.0,16000.0
1736.0,1525.0,10639,21981,23265,22143,23336,25925,32767,32767,32767,32767,32767,3007.0,16000.0
2767.0,2481.0,9387,22388,22834,21672,24397,28282,32767,32767,32767,32767,32767,3166.0,16000.0
1584.0,1434.0,9700,22388,22403,22143,24397,26514,32767,32767,32767,32767,32767,2153.0,16000.0
2099.0,1730.0,10326,22388,23696,24027,24927,25925,32767,32767,32767,32767,32767,3324.0,16000.0
1507.0,1366.0,10326,22388,22834,23085,23336,25925,32767,32767,32767,32767,32767,1963.0,16000.0
1717.0,1457.0,10482,22388,23696,24970,25457,27692,32767,32767,32767,32767,32767,2627.0,16000.0
1603.0,1434.0,10639,22388,21972,21672,22806,25925,32767,32767,32767,32767,32767,2342.0,16000.0
2233.0,1958.0,10795,22388,23265,23085,24927,25925,32767,32767,32767,32767,32767,3229.0,16000.0
1603.0,1275.0,11108,22388,22834,22143,21745,24746,32767,32767,32767,32767,32767,3387.0,16000.0
1908.0,1798.0,10013,22795,22403,22143,24397,25925,32767,32767,32767,32767,32767,1868.0,16000.0
1603.0,1366.0,10013,22795,23265,24499,24927,27692,32767,32767,32767,32767,32767,2406.0,16000.0
1870.0,1571.0,10482,22795,23696,23556,23336,25925,32767,32767,32767,32767,32767,2912.0,16000.0
1469.0,1320.0,10795,22795,22403,22143,23336,25925,32767,32767,32767,32767,32767,2342.0,16000.0
1756.0,1480.0,10951,22795,23696,23556,23866,25336,32767,32767,32767,32767,32767,2976.0,16000.0
1679.0,1662.0,10951,22795,22834,23085,24397,27103,32767,32767,32767,32767,32767,2311.0,16000.0
1374.0,1275.0,10639,23202,24127,22143,23866,26514,32767,32767,32767,32767,32767,1868.0,16000.0
1813.0,1548.0,10951,23202,24988,23556,24397,26514,32767,32767,32767,32767,32767,3039.0,16000.0
1698.0,1525.0,10951,23202,23265,23556,24927,24746,32767,32767,32767,32767,32767,2881.0,16000.0
1641.0,1457.0,11264,23202,23265,23556,23336,25336,32767,32767,32767,32767,32767,2627.0,16000.0
1469.0,1320.0,11264,23202,22403,22143,23336,26514,32767,32767,32767,32767,32767,2532.0,16000.0
2023.0,1958.0,11421,23202,24557,25912,25988,30049,32767,32767,32767,32767,32767,3229.0,16000.0
1660.0,1616.0,10169,23610,23696,23085,25988,27692,32767,32767,32767,32767,32767,2121.0,16000.0
1622.0,1503.0,10639,23610,24557,23556,24927,25925,32767,32767,32767,32767,32767,2216.0,16000.0
1603.0,1480.0,10795,23610,23265,23085,23866,26514,32767,32767,32767,32767,32767,2311.0,16000.0
1717.0,1434.0,10951,23610,24557,22614,23866,25925,32767,32767,32767,32767,32767,3134.0,16000.0
1813.0,1753.0,11264,23610,23696,23556,25988,27103,32767,32767,32767,32767,32767,2754.0,16000.0
1641.0,1616.0,11264,23610,24557,24970,24927,27692,32767,32767,32767,32767,32767,2342.0,16000.0
1756.0,1685.0,11421,23610,24127,24027,24927,27692,32767,32767,32767,32767,32767,2311.0,16000.0
1851.0,1616.0,11734,23610,24557,25912,25457,26514,32767,32767,32767,32767,32767,3134.0,16000.0
2328.0,2072.0,9387,24017,25419,24970,26518,31228,32767,32767,32767,32767,32767,2532.0,16000.0
1527.0,1366.0,10639,24017,24127,24027,25457,27692,32767,32767,32767,32767,32767,2279.0,16000.0
1507.0,1503.0,10639,24017,24557,24027,24397,27692,32767,32767,32767,32767,32767,2153.0,16000.0
1507.0,1389.0,11108,24017,24127,23556,25457,27103,32767,32767,32767,32767,32767,1994.0,16000.0
1507.0,1503.0,11264,24017,24127,24027,24927,27692,32767,32767,32767,32767,32767,2153.0,16000.0
1698.0,1503.0,11577,24017,24988,25441,25457,26514,32767,32767,32767,32767,32767,2786.0,16000.0
1717.0,1639.0,12047,24017,25850,24970,25457,25925,32767,32767,32767,32767,32767,2469.0,16000.0
1622.0,1548.0,10951,24424,24988,24970,26518,27103,32767,32767,32767,32767,32767,2342.0,16000.0
1546.0,1411.0,11108,24424,24557,26383,24927,27103,32767,32767,32767,32767,32767,1836.0,16000.0
1507.0,1434.0,11264,24424,25419,24970,25457,28282,32767,32767,32767,32767,32767,1868.0,16000.0
1527.0,1457.0,11421,24424,24988,23085,25457,26514,32767,32767,32767,32767,32767,2184.0,16000.0
1488.0,1298.0,11577,24424,24557,24027,25457,27103,32767,32767,32767,32767,32767,2311.0,16000.0
1908.0,1525.0,11890,24424,25419,27325,26518,28282,32767,32767,32767,32767,32767,2691.0,16000.0
2099.0,1776.0,10326,24831,25850,28739,30231,32406,32767,32767,32767,32767,32767,2342.0,16000.0
1851.0,1753.0,10951,24831,25419,26383,27579,29460,32767,32767,32767,32767,32767,2754.0,16000.0
1527.0,1548.0,11264,24831,25419,26383,25988,26514,32767,32767,32767,32767,32767,2121.0,16000.0
1488.0,1389.0,11421,24831,24988,24970,25988,27692,32767,32767,32767,32767,32767,1899.0,16000.0
1527.0,1411.0,10951,25238,26712,24499,27048,29460,32767,32767,32767,32767,32767,2279.0,16000.0
1546.0,1525.0,11264,25238,25419,25441,26518,28282,32767,32767,32767,32767,32767,1994.0,16000.0
1603.0,1480.0,11264,25238,26712,26383,28109,30049,32767,32767,32767,32767,32767,2153.0,16000.0
2023.0,1753.0,11577,25238,26712,27796,27579,27692,32767,32767,32767,32767,32767,3229.0,16000.0
1488.0,1457.0,11577,25238,27142,25441,27579,28871,32767,32767,32767,32767,32767,1868.0,16000.0
1469.0,1411.0,11577,25238,25850,25441,27048,28871,32767,32767,32767,32767,32767,2121.0,16000.0
1584.0,1616.0,12047,25238,27142,25912,27048,29460,32767,32767,32767,32767,32767,2058.0,16000.0
1641.0,1639.0,12047,25238,26712,26383,26518,28282,32767,32767,32767,32767,32767,2153.0,16000.0
1507.0,1503.0,12203,25238,26712,26854,27579,30049,32767,32767,32767,32767,32767,2279.0,16000.0
1927.0,1685.0,10795,25645,26712,22614,24927,27103,32767,32767,32767,32767,32767,2817.0,16000.0
1622.0,1457.0,10795,25645,27142,25441,28109,28871,32767,32767,32767,32767,32767,2279.0,16000.0
2366.0,2390.0,10951,25645,27142,28739,29170,30049,32767,32767,32767,32767,32767,2976.0,16000.0
1641.0,1457.0,11577,25645,27142,25441,25988,26514,32767,32767,32767,32767,32767,2374.0,16000.0
1660.0,1594.0,12985,25645,27573,28739,31822,30638,32767,32767,32767,32767,32767,2311.0,16000.0
1908.0,1639.0,11734,26052,27573,27325,26518,29460,32767,32767,32767,32767,32767,2786.0,16000.0
2519.0,2459.0,11890,26052,26712,27796,27048,27103,32767,32767,32767,32767,32767,2881.0,16000.0
1832.0,1958.0,12360,26052,25850,27796,27579,28871,32767,32767,32767,32767,32767,2564.0,16000.0
2137.0,1890.0,12203,26459,28004,28739,29170,31228,32767,32767,32767,32767,32767,3007.0,16000.0
1641.0,1616.0,12829,26459,28435,26854,28639,30638,32767,32767,32767,32767,32767,2184.0,16000.0
2423.0,2231.0,13455,26459,28435,31565,31291,30638,32767,32767,32767,32767,32767,4020.0,16000.0
1565.0,1366.0,11734,26866,28435,27796,30231,30049,32767,32767,32767,32767,32767,2374.0,16000.0
1717.0,1753.0,12360,26866,26712,25912,27579,29460,32767,32767,32767,32767,32767,2216.0,16000.0
1717.0,1776.0,12672,26866,28866,27796,29700,28871,32767,32767,32767,32767,32767,2184.0,16000.0
1698.0,1616.0,12985,26866,28004,29681,29170,28871,32767,32767,32767,32767,32767,3292.0,16000.0
2404.0,2003.0,9074,27273,24557,25912,20154,24746,32767,32767,32767,32767,32767,2342.0,16000.0
1717.0,1685.0,12360,27273,28435,27325,28639,28871,32767,32767,32767,32767,32767,2121.0,16000.0
1622.0,1639.0,12829,27273,28866,27796,28109,29460,32767,32767,32767,32767,32767,1994.0,16000.0
1641.0,1639.0,12829,27273,28435,26854,28109,30638,32767,32767,32767,32767,32767,1994.0,16000.0
1775.0,1958.0,12985,27273,29727,29210,30231,30638,32767,32767,32767,32767,32767,2248.0,16000.0
2023.0,2003.0,11577,27680,28004,26383,29700,30049,32767,32767,32767,32767,32767,2058.0,16000.0
1660.0,1616.0,12829,27680,29297,27796,29700,31228,32767,32767,32767,32767,32767,2121.0,16000.0
1622.0,1594.0,12672,28087,28866,29210,31291,31817,32767,32767,32767,32767,32767,1994.0,16000.0
1965.0,1844.0,13455,28087,31020,29681,31291,31817,32767,32767,32767,32767,32767,2501.0,16000.0
1507.0,1548.0,12985,28494,28866,29210,30761,32406,32767,32767,32767,32767,32767,2026.0,16000.0
1660.0,1639.0,13455,28494,29297,29210,30761,30638,32767,32767,32767,32767,32767,2089.0,16000.0
1717.0,1639.0,12360,28901,28435,27325,28639,28871,32767,32767,32767,32767,32767,2311.0,16000.0
1507.0,1457.0,12985,28901,31020,32036,32352,32767,32767,32767,32767,32767,32767,2153.0,16000.0
1717.0,1707.0,13298,28901,30158,29210,31291,32406,32767,32767,32767,32767,32767,2153.0,16000.0
2557.0,2436.0,13611,28901,30589,32036,32767,32767,32767,32767,32767,32767,32767,3071.0,16000.0
2061.0,2094.0,14393,28901,29297,31565,32767,31817,32767,32767,32767,32767,32767,2596.0,16000.0
1813.0,2049.0,13455,29308,30589,32508,32767,32767,32767,32767,32767,32767,32767,2564.0,16000.0
1698.0,1707.0,13611,29308,30589,30152,29700,30638,32767,32767,32767,32767,32767,2374.0,16000.0
2194.0,2140.0,13455,29715,32767,30152,32767,32767,32767,32767,32767,32767,32767,2279.0,16000.0
1756.0,1958.0,13611,29715,30589,31565,32352,32767,32767,32767,32767,32767,32767,2184.0,16000.0
1622.0,1844.0,14237,29715,31451,31094,32352,32767,32767,32767,32767,32767,32767,2216.0,16000.0
1927.0,2185.0,14237,29715,31020,31565,32767,32767,32767,32767,32767,32767,32767,2564.0,16000.0
1870.0,1981.0,14550,29715,32312,31565,32352,32767,32767,32767,32767,32767,32767,2311.0,16000.0
1889.0,1821.0,13455,30123,31882,31094,32767,32406,32767,32767,32767,32767,32767,2121.0,16000.0
1641.0,1730.0,13924,30123,32312,31565,32767,32767,32767,32767,32767,32767,32767,2026.0,16000.0
1698.0,1798.0,13924,30123,31882,30152,32352,32767,32767,32767,32767,32767,32767,2342.0,16000.0
1756.0,1844.0,14237,30123,32312,29681,32767,32767,32767,32767,32767,32767,32767,2311.0,16000.0
1736.0,1912.0,14550,30123,30589,32036,32767,32767,32767,32767,32767,32767,32767,2437.0,16000.0
2061.0,1958.0,13611,30530,31451,32508,32767,32767,32767,32767,32767,32767,32767,2817.0,16000.0
1527.0,1594.0,14080,30530,32743,32036,32767,32767,32767,32767,32767,32767,32767,1868.0,16000.0
1794.0,1798.0,14863,30530,32312,32767,32767,32406,32767,32767,32767,32767,32767,2248.0,16000.0
2252.0,2208.0,14080,30937,32743,32767,32767,32767,32767,32767,32767,32767,32767,2406.0,16000.0
1832.0,2072.0,14550,30937,32767,32767,32767,32767,32767,32767,32767,32767,32767,2374.0,16000.0
1756.0,1958.0,15176,30937,32312,32767,32767,32767,32767,32767,32767,32767,32767,2532.0,16000.0
1717.0,1685.0,14550,31344,32767,32767,32767,32767,32767,32767,32767,32767,32767,2184.0,16000.0
1965.0,2049.0,15645,31344,31020,32767,32767,32767,32767,32767,32767,32767,32767,2627.0,16000.0
1641.0,1730.0,15176,31751,32767,32767,32767,32767,32767,32767,32767,32767,32767,1994.0,16000.0
1775.0,1821.0,14393,32158,32767,32767,32767,32767,32767,32767,32767,32767,32767,2121.0,16000.0
1660.0,1707.0,14393,32158,32312,32767,32767,32767,32767,32767,32767,32767,32767,2089.0,16000.0
1756.0,1844.0,14706,32158,32767,32767,32767,32767,32767,32767,32767,32767,32767,2216.0,16000.0
1813.0,1844.0,14237,32767,32767,32767,32767,32767,32767,32767,32767,32767,32767,1994.0,16000.0
1908.0,2094.0,14550,32767,32767,32767,32767,32767,32767,32767,32767,32767,32767,2279.0,16000.0
1794.0,1958.0,14863,32767,32767,32767,32767,32767,32767,32767,32767,32767,32767,2216.0,16000.0
1813.0,1867.0,15176,32767,32767,32767,32767,32767,32767,32767,32767,32767,32767,2153.0,16000.0
1832.0,2003.0,15176,32767,32767,32767,32767,32767,32767,32767,32767,32767,32767,2279.0,16000.0
1889.0,2049.0,15488,32767,32767,32767,32767,32767,32767,32767,32767,32767,32767,2374.0,16000.0
1851.0,2003.0,15645,32767,32767,32767,32767,32767,32767,32767,32767,32767,32767,2184.0,16000.0
1832.0,2094.0,15801,32767,32767,32767,32767,32767,32767,32767,32767,32767,32767,2342.0,16000.0
1736.0,2049.0,15958,32767,32767,32767,32767,32767,32767,32767,32767,32767,32767,2216.0,16000.0
1698.0,1844.0,16271,32767,32767,32767,32767,32767,32767,32767,32767,32767,32767,2374.0,16000.0
2061.0,2185.0,17209,32767,32767,32767,32767,32767,32767,32767,32767,32767,32767,2912.0,16000.0
1973.0,2495.0,18123,32767,32767,32767,32767,32767,32767,32767,32767,32767,32767,2760.0,16000.0
1654.0,1247.0,5299,15814,14162,15017,13736,21716,32767,32767,32767,32767,32767,2081.0,16200.0
1445.0,1270.0,6545,16625,15450,15487,16377,19955,32767,32767,32767,32767,32767,1482.0,16200.0
1597.0,1247.0,7169,16625,15021,15487,15849,20542,32767,32767,32767,32767,32767,3027.0,16200.0
1616.0,1247.0,8104,17030,16308,18303,16906,22303,32767,32767,32767,32767,32767,3185.0,16200.0
1673.0,1270.0,8104,17030,16737,17364,16906,21716,32767,32767,32767,32767,32767,3279.0,16200.0
1749.0,1542.0,6857,17841,16308,17364,17434,23477,32767,32767,32767,32767,32767,1671.0,16200.0
1768.0,1587.0,6857,18247,18025,17364,17434,22890,32767,32767,32767,32767,32767,2018.0,16200.0
1882.0,1519.0,7792,18247,17166,19710,20076,22303,32767,32767,32767,32767,32767,2869.0,16200.0
1787.0,1361.0,7948,18247,16737,17364,16906,23477,32767,32767,32767,32767,32767,3311.0,16200.0
1369.0,1293.0,7169,18652,18025,18772,19019,23477,32767,32767,32767,32767,32767,1356.0,16200.0
1502.0,1293.0,7325,18652,16737,17364,16906,22890,32767,32767,32767,32767,32767,1577.0,16200.0
1502.0,1225.0,7792,18652,18025,17364,18491,22303,32767,32767,32767,32767,32767,1797.0,16200.0
1635.0,1497.0,8415,18652,19312,18772,19019,24064,32767,32767,32767,32767,32767,2460.0,16200.0
1521.0,1338.0,7948,19058,18454,18772,19547,22890,32767,32767,32767,32767,32767,2113.0,16200.0
1654.0,1429.0,9974,19463,21029,19710,22717,24650,32767,32767,32767,32767,32767,2586.0,16200.0
1825.0,1429.0,8571,19869,18025,18772,19019,24650,32767,32767,32767,32767,32767,3721.0,16200.0
1369.0,1157.0,8727,19869,19312,19710,19547,23477,32767,32767,32767,32767,32767,2239.0,16200.0
1806.0,1474.0,9039,19869,19312,19241,19547,24650,32767,32767,32767,32767,32767,3248.0,16200.0
1939.0,1655.0,9195,19869,20600,19241,18491,23477,32767,32767,32767,32767,32767,3059.0,16200.0
1730.0,1429.0,8883,20274,20171,21118,21660,24650,32767,32767,32767,32767,32767,2743.0,16200.0
1806.0,1451.0,10286,20274,21887,21118,21660,25237,32767,32767,32767,32767,32767,3532.0,16200.0
1616.0,1383.0,9351,20680,21029,20180,21132,24650,32767,32767,32767,32767,32767,2554.0,16200.0
1711.0,1451.0,9974,20680,21029,21118,21132,23477,32767,32767,32767,32767,32767,2680.0,16200.0
1654.0,1338.0,10130,20680,19741,21118,21660,24650,32767,32767,32767,32767,32767,3090.0,16200.0
1673.0,1338.0,10286,20680,20600,20649,21132,26411,32767,32767,32767,32767,32767,3248.0,16200.0
1597.0,1451.0,8883,21085,20600,20180,22189,25237,32767,32767,32767,32767,32767,2081.0,16200.0
1787.0,1610.0,9662,21085,21458,21588,22717,24650,32767,32767,32767,32767,32767,2365.0,16200.0
1654.0,1474.0,9974,21085,21887,21588,22189,24650,32767,32767,32767,32767,32767,2270.0,16200.0
2319.0,1973.0,8104,21491,21458,22057,21660,26411,32767,32767,32767,32767,32767,2207.0,16200.0
1597.0,1451.0,9818,21491,21458,21588,22717,24650,32767,32767,32767,32767,32767,2302.0,16200.0
1673.0,1406.0,10441,21491,21458,22057,23245,24064,32767,32767,32767,32767,32767,3027.0,16200.0
1616.0,1451.0,9195,21896,21887,21118,22717,25824,32767,32767,32767,32767,32767,2081.0,16200.0
2224.0,2064.0,9351,21896,21029,22996,24302,26411,32767,32767,32767,32767,32767,2333.0,16200.0
1825.0,1678.0,9974,21896,23175,22996,24830,26411,32767,32767,32767,32767,32767,2176.0,16200.0
1730.0,1406.0,10130,22301,22316,21588,21132,25237,32767,32767,32767,32767,32767,2617.0,16200.0
1882.0,1610.0,11065,22301,23175,22996,24302,28172,32767,32767,32767,32767,32767,3342.0,16200.0
1673.0,1429.0,11221,22301,23175,23465,23245,26411,32767,32767,32767,32767,32767,2964.0,16200.0
1863.0,1610.0,10286,22707,21887,22526,21660,26998,32767,32767,32767,32767,32767,2964.0,16200.0
2148.0,1837.0,10441,22707,23604,25811,26415,26998,32767,32767,32767,32767,32767,2869.0,16200.0
1692.0,1565.0,10286,23112,24033,22526,24302,26411,32767,32767,32767,32767,32767,2113.0,16200.0
2015.0,1746.0,10597,23112,25321,25342,27472,29933,32767,32767,32767,32767,32767,2365.0,16200.0
1616.0,1587.0,10909,23112,24033,23465,25359,26998,32767,32767,32767,32767,32767,2113.0,16200.0
1673.0,1565.0,10909,23112,23604,23465,24302,27585,32767,32767,32767,32767,32767,2302.0,16200.0
1806.0,1519.0,11065,23112,22746,25342,24830,28172,32767,32767,32767,32767,32767,2775.0,16200.0
1901.0,1633.0,9506,23518,21887,19710,21660,25824,32767,32767,32767,32767,32767,2996.0,16200.0
1654.0,1542.0,9974,23518,23604,22996,24830,26998,32767,32767,32767,32767,32767,2050.0,16200.0
1445.0,1202.0,10130,23518,22746,24403,24830,27585,32767,32767,32767,32767,32767,2428.0,16200.0
1692.0,1678.0,11065,23518,24033,23465,24830,26998,32767,32767,32767,32767,32767,2176.0,16200.0
1540.0,1746.0,11065,23518,24033,26750,26415,26998,32767,32767,32767,32767,32767,2207.0,16200.0
1920.0,1791.0,9039,23923,24462,22057,23774,25237,32767,32767,32767,32767,32767,1955.0,16200.0
1635.0,1587.0,10286,23923,24462,24873,25359,28172,32767,32767,32767,32767,32767,1829.0,16200.0
1711.0,1587.0,10286,23923,24033,22996,24302,27585,32767,32767,32767,32767,32767,2113.0,16200.0
1768.0,1723.0,10597,23923,24462,22996,24830,26998,32767,32767,32767,32767,32767,2239.0,16200.0
1673.0,1610.0,10753,23923,24462,24403,25887,26411,32767,32767,32767,32767,32767,2144.0,16200.0
1749.0,1814.0,10753,23923,26179,25342,28000,28759,32767,32767,32767,32767,32767,2333.0,16200.0
1407.0,1497.0,10909,23923,24462,26750,28000,28759,32767,32767,32767,32767,32767,1766.0,16200.0
2110.0,1928.0,11065,23923,24891,24873,26415,27585,32767,32767,32767,32767,32767,2869.0,16200.0
2034.0,1882.0,12935,23923,26608,25811,25359,26998,32767,32767,32767,32767,32767,3626.0,16200.0
1692.0,1633.0,10909,24329,24891,24403,25359,26998,32767,32767,32767,32767,32767,2207.0,16200.0
1673.0,1678.0,11065,24329,25750,25811,26943,27585,32767,32767,32767,32767,32767,1987.0,16200.0
1673.0,1633.0,11065,24329,25750,24873,27472,27585,32767,32767,32767,32767,32767,2207.0,16200.0
1996.0,1723.0,12000,24329,24462,24873,25887,27585,32767,32767,32767,32767,32767,3595.0,16200.0
1597.0,1542.0,9662,24734,23604,23934,23774,27585,32767,32767,32767,32767,32767,2460.0,16200.0
1730.0,1701.0,10597,24734,25321,24873,26415,28759,32767,32767,32767,32767,32767,2050.0,16200.0
1749.0,1678.0,11532,24734,24891,25342,25887,28759,32767,32767,32767,32767,32767,2239.0,16200.0
1730.0,1678.0,11688,24734,26179,26281,26415,28759,32767,32767,32767,32767,32767,2144.0,16200.0
1673.0,1497.0,12000,24734,24462,26750,26415,28172,32767,32767,32767,32767,32767,2554.0,16200.0
1616.0,1542.0,10753,25140,26179,25811,27472,28759,32767,32767,32767,32767,32767,1797.0,16200.0
1711.0,1655.0,11376,25140,25321,25342,25887,27585,32767,32767,32767,32767,32767,2239.0,16200.0
1635.0,1610.0,12000,25140,25750,25811,26415,28759,32767,32767,32767,32767,32767,2018.0,16200.0
2832.0,2449.0,9974,25545,23604,29566,31698,31693,32767,32767,32767,32767,32767,2932.0,16200.0
1597.0,1587.0,11065,25545,26608,27219,27472,28172,32767,32767,32767,32767,32767,1860.0,16200.0
1882.0,1746.0,12000,25545,27037,26281,27472,29346,32767,32767,32767,32767,32767,2586.0,16200.0
1806.0,1701.0,12000,25545,27466,26281,27472,28172,32767,32767,32767,32767,32767,2396.0,16200.0
1825.0,1655.0,11221,25951,25321,25342,28000,28759,32767,32767,32767,32767,32767,2333.0,16200.0
1616.0,1610.0,11065,26356,27466,27219,29057,30520,32767,32767,32767,32767,32767,1955.0,16200.0
1654.0,1633.0,11221,26356,27037,27219,28000,29933,32767,32767,32767,32767,32767,1892.0,16200.0
1711.0,1769.0,10130,26762,25750,28627,28528,31106,32767,32767,32767,32767,32767,2838.0,16200.0
1616.0,1610.0,11688,26762,27037,26281,28528,29933,32767,32767,32767,32767,32767,1829.0,16200.0
1787.0,1769.0,12156,26762,27037,28158,29057,29933,32767,32767,32767,32767,32767,2302.0,16200.0
1597.0,1610.0,12000,27167,28754,28158,29057,31693,32767,32767,32767,32767,32767,1860.0,16200.0
2414.0,2381.0,12312,27167,28325,29566,32755,31693,32767,32767,32767,32767,32767,2554.0,16200.0
1958.0,1678.0,12467,27167,27037,26281,28000,28172,32767,32767,32767,32767,32767,3216.0,16200.0
2642.0,2381.0,9974,27573,28325,26750,29057,32280,32767,32767,32767,32767,32767,3122.0,16200.0
1578.0,1655.0,12000,27573,29183,29566,29585,32280,32767,32767,32767,32767,32767,1955.0,16200.0
1692.0,1701.0,12000,27573,29612,29096,29585,31693,32767,32767,32767,32767,32767,2050.0,16200.0
1578.0,1678.0,12156,27573,28754,29096,29585,30520,32767,32767,32767,32767,32767,1955.0,16200.0
1825.0,1655.0,12312,27573,28754,29566,30642,31693,32767,32767,32767,32767,32767,2932.0,16200.0
2718.0,2494.0,12779,27573,28754,29566,31698,32767,32767,32767,32767,32767,32767,3532.0,16200.0
1692.0,1633.0,12156,27978,29612,30035,32755,32280,32767,32767,32767,32767,32767,2333.0,16200.0
2034.0,1837.0,13247,27978,29612,28627,30113,31693,32767,32767,32767,32767,32767,2554.0,16200.0
1711.0,1814.0,13714,27978,29183,30035,30642,32767,32767,32767,32767,32767,32767,2144.0,16200.0
2528.0,2132.0,9506,28384,29612,27219,28000,32767,32767,32767,32767,32767,32767,2586.0,16200.0
1711.0,1814.0,12623,28384,27037,30974,32767,31693,32767,32767,32767,32767,32767,2144.0,16200.0
1597.0,1610.0,12623,28384,30041,28627,30113,29933,32767,32767,32767,32767,32767,2018.0,16200.0
1996.0,2018.0,13091,28384,29183,30504,32226,31106,32767,32767,32767,32767,32767,2554.0,16200.0
1597.0,1542.0,13402,28384,30470,30974,32226,32280,32767,32767,32767,32767,32767,1955.0,16200.0
1711.0,1814.0,13402,28384,30041,30504,30642,32280,32767,32767,32767,32767,32767,2081.0,16200.0
1692.0,1565.0,11688,28789,29183,30974,31698,32767,32767,32767,32767,32767,32767,2302.0,16200.0
1958.0,2222.0,12467,28789,30041,31912,32767,32280,32767,32767,32767,32767,32767,2806.0,16200.0
1768.0,1791.0,13714,28789,29612,32381,32226,32280,32767,32767,32767,32767,32767,2365.0,16200.0
2243.0,2290.0,15428,28789,30041,32381,32767,32280,32767,32767,32767,32767,32767,3059.0,16200.0
1635.0,1678.0,12467,29195,29612,30504,32755,32767,32767,32767,32767,32767,32767,1860.0,16200.0
1806.0,1882.0,12623,29195,31758,30974,32767,32767,32767,32767,32767,32767,32767,2302.0,16200.0
1654.0,1746.0,12935,29195,29612,31912,32226,32767,32767,32767,32767,32767,32767,2050.0,16200.0
1559.0,1746.0,13714,29195,30470,32381,32767,32767,32767,32767,32767,32767,32767,2144.0,16200.0
1787.0,1701.0,12623,29600,31329,32381,32767,31693,32767,32767,32767,32767,32767,2365.0,16200.0
1806.0,1950.0,13091,30006,32616,30504,31698,32767,32767,32767,32767,32767,32767,2176.0,16200.0
1711.0,1928.0,13714,30006,31329,31443,32767,32767,32767,32767,32767,32767,32767,2113.0,16200.0
1958.0,1950.0,13558,30411,32767,32381,32767,32767,32767,32767,32767,32767,32767,3027.0,16200.0
1958.0,1928.0,13870,30411,32767,31443,32755,32767,32767,32767,32767,32767,32767,2207.0,16200.0
1635.0,2086.0,14026,30411,30900,32767,32767,32767,32767,32767,32767,32767,32767,2270.0,16200.0
1882.0,2268.0,13091,30817,32616,32767,32767,32767,32767,32767,32767,32767,32767,2460.0,16200.0
1635.0,1769.0,13870,30817,31329,31912,32767,32767,32767,32767,32767,32767,32767,1987.0,16200.0
1730.0,1905.0,13714,31222,31758,32381,32767,32767,32767,32767,32767,32767,32767,2176.0,16200.0
1692.0,1791.0,13714,31222,32767,32767,32767,32767,32767,32767,32767,32767,32767,2050.0,16200.0
1616.0,1769.0,13714,31222,31758,32767,32767,32767,32767,32767,32767,32767,32767,2207.0,16200.0
1806.0,1950.0,14493,31628,32767,32767,32767,32767,32767,32767,32767,32767,32767,2302.0,16200.0
1597.0,2018.0,14649,32033,32767,32767,32767,32767,32767,32767,32767,32767,32767,2270.0,16200.0
1521.0,1791.0,14805,32033,32616,32767,32767,32767,32767,32767,32767,32767,32767,2176.0,16200.0
1768.0,2132.0,15584,32033,32767,32767,32767,32767,32767,32767,32767,32767,32767,2270.0,16200.0
1616.0,1882.0,14493,32439,32767,32767,32767,32767,32767,32767,32767,32767,32767,2113.0,16200.0
1616.0,1814.0,14649,32767,32767,32767,32767,32767,32767,32767,32767,32767,32767,1923.0,16200.0
1768.0,1996.0,15117,32767,32767,32767,32767,32767,32767,32767,32767,32767,32767,2239.0,16200.0
1711.0,2041.0,15117,32767,32767,32767,32767,32767,32767,32767,32767,32767,32767,2491.0,16200.0
2034.0,2200.0,15273,32767,32767,32767,32767,32767,32767,32767,32767,32767,32767,2554.0,16200.0
1768.0,1996.0,15273,32767,32767,32767,32767,32767,32767,32767,32767,32767,32767,2113.0,16200.0
1749.0,1996.0,15428,32767,32767,32767,32767,32767,32767,32767,32767,32767,32767,2649.0,16200.0
1635.0,2018.0,15428,32767,32767,32767,32767,32767,32767,32767,32767,32767,32767,2176.0,16200.0
1749.0,2109.0,15584,32767,32767,32767,32767,32767,32767,32767,32767,32767,32767,2302.0,16200.0
1825.0,2109.0,15740,32767,32767,32767,32767,32767,32767,32767,32767,32767,32767,2365.0,16200.0
1787.0,2132.0,15896,32767,32767,32767,32767,32767,32767,32767,32767,32767,32767,2428.0,16200.0
1673.0,1791.0,15896,32767,32767,32767,32767,32767,32767,32767,32767,32767,32767,2081.0,16200.0
1806.0,2064.0,16052,32767,32767,32767,32767,32767,32767,32767,32767,32767,32767,2239.0,16200.0
1673.0,1928.0,16052,32767,32767,32767,32767,32767,32767,32767,32767,32767,32767,2176.0,16200.0
1825.0,2132.0,16052,32767,32767,32767,32767,32767,32767,32767,32767,32767,32767,2302.0,16200.0
2053.0,2200.0,16208,32767,32767,32767,32767,32767,32767,32767,32767,32767,32767,2775.0,16200.0
1863.0,1905.0,16675,32767,32767,32767,32767,32767,32767,32767,32767,32767,32767,2333.0,16200.0
1038.0,796.0,5472,14765,13953,15258,13741,18319,32767,32767,32767,32767,32767,1107.0,16300.0
1211.0,973.0,7702,15820,15628,15258,15115,19846,32767,32767,32767,32767,32767,2460.0,16300.0
1162.0,914.0,6486,17402,15070,15258,15115,19846,32767,32767,32767,32767,32767,1394.0,16300.0
1236.0,1003.0,8310,17929,17860,17089,17177,19846,32767,32767,32767,32767,32767,2214.0,16300.0
1360.0,1121.0,8512,18457,17860,17089,18551,22136,32767,32767,32767,32767,32767,2501.0,16300.0
1285.0,1062.0,9120,18457,18418,17700,18551,22136,32767,32767,32767,32767,32767,2296.0,16300.0
1261.0,1062.0,8310,18984,19535,19531,19238,21372,32767,32767,32767,32767,32767,1681.0,16300.0
1261.0,1150.0,8715,18984,18418,18920,18551,20609,32767,32767,32767,32767,32767,1599.0,16300.0
1261.0,1091.0,9323,19511,20093,20141,20612,22899,32767,32767,32767,32767,32767,1804.0,16300.0
1310.0,1180.0,9526,19511,20093,18920,20612,22136,32767,32767,32767,32767,32767,2173.0,16300.0
1310.0,1209.0,9728,19511,20093,19531,20612,22899,32767,32767,32767,32767,32767,2091.0,16300.0
1335.0,1150.0,9931,19511,21209,18920,19925,22899,32767,32767,32767,32767,32767,2214.0,16300.0
1310.0,1121.0,9120,20039,18976,19531,21299,23662,32767,32767,32767,32767,32767,2009.0,16300.0
1335.0,1150.0,9728,20039,20651,19531,20612,25189,32767,32767,32767,32767,32767,1968.0,16300.0
1360.0,1298.0,10134,20039,20651,20141,20612,22899,32767,32767,32767,32767,32767,1968.0,16300.0
1236.0,1121.0,9323,20566,20651,19531,21299,23662,32767,32767,32767,32767,32767,1927.0,16300.0
1285.0,1121.0,9526,20566,19535,20141,20612,23662,32767,32767,32767,32767,32767,1886.0,16300.0
1236.0,1121.0,9526,20566,21209,19531,20612,24425,32767,32767,32767,32767,32767,1681.0,16300.0
1310.0,1180.0,9728,20566,20093,19531,20612,22899,32767,32767,32767,32767,32767,1804.0,16300.0
1335.0,1239.0,9931,21093,21209,20751,21986,25189,32767,32767,32767,32767,32767,1722.0,16300.0
1310.0,1180.0,9931,21093,21209,19531,21299,24425,32767,32767,32767,32767,32767,1845.0,16300.0
1285.0,1298.0,10134,21093,21767,20751,22673,25189,32767,32767,32767,32767,32767,1804.0,16300.0
1335.0,1268.0,10134,21093,21209,21362,22673,24425,32767,32767,32767,32767,32767,1886.0,16300.0
1360.0,1209.0,10336,21093,21767,20141,21299,23662,32767,32767,32767,32767,32767,2091.0,16300.0
1384.0,1209.0,10944,21093,22325,20751,22673,23662,32767,32767,32767,32767,32767,2132.0,16300.0
1409.0,1298.0,10944,21093,22883,21972,24047,26715,32767,32767,32767,32767,32767,2214.0,16300.0
1409.0,1386.0,10944,21093,22325,21362,23360,25189,32767,32767,32767,32767,32767,2173.0,16300.0
1285.0,1268.0,9323,21621,22325,20751,21299,24425,32767,32767,32767,32767,32767,1886.0,16300.0
1261.0,1121.0,9323,21621,21209,20751,22673,22899,32767,32767,32767,32767,32767,1722.0,16300.0
1261.0,1121.0,9526,21621,21767,21362,21299,25189,32767,32767,32767,32767,32767,1558.0,16300.0
1335.0,1150.0,9728,21621,22325,21972,21986,25189,32767,32767,32767,32767,32767,2009.0,16300.0
1730.0,1622.0,9931,21621,21767,22582,24047,25189,32767,32767,32767,32767,32767,2337.0,16300.0
1310.0,1180.0,9931,21621,21209,21362,23360,23662,32767,32767,32767,32767,32767,1804.0,16300.0
1508.0,1475.0,10134,21621,22325,21972,22673,25189,32767,32767,32767,32767,32767,1968.0,16300.0
1310.0,1150.0,10539,21621,21767,20751,21986,25189,32767,32767,32767,32767,32767,1968.0,16300.0
1335.0,1268.0,10539,21621,22325,21362,21986,25189,32767,32767,32767,32767,32767,1845.0,16300.0
1285.0,1180.0,10134,22148,22325,21972,22673,25189,32767,32767,32767,32767,32767,1681.0,16300.0
1360.0,1239.0,10742,22148,23442,21972,23360,25952,32767,32767,32767,32767,32767,1927.0,16300.0
1533.0,1563.0,10742,22148,22883,22582,23360,25952,32767,32767,32767,32767,32767,2214.0,16300.0
1310.0,1239.0,10944,22148,22883,22582,23360,25952,32767,32767,32767,32767,32767,1886.0,16300.0
1360.0,1357.0,9931,22675,22883,21972,22673,25189,32767,32767,32767,32767,32767,1886.0,16300.0
1335.0,1239.0,10539,22675,23442,21972,21986,25952,32767,32767,32767,32767,32767,1927.0,16300.0
1458.0,1239.0,10742,22675,22883,21972,24734,26715,32767,32767,32767,32767,32767,1968.0,16300.0
1335.0,1121.0,10742,22675,22883,23803,24047,25189,32767,32767,32767,32767,32767,2050.0,16300.0
1483.0,1357.0,10742,22675,22325,21972,22673,25189,32767,32767,32767,32767,32767,2214.0,16300.0
1384.0,1327.0,10944,22675,24558,21972,24047,25189,32767,32767,32767,32767,32767,2009.0,16300.0
1360.0,1268.0,10944,22675,22325,21362,22673,25952,32767,32767,32767,32767,32767,1886.0,16300.0
1409.0,1239.0,11147,22675,24000,20751,22673,25189,32767,32767,32767,32767,32767,2296.0,16300.0
1335.0,1180.0,10539,23203,23442,21972,24047,26715,32767,32767,32767,32767,32767,1845.0,16300.0
1335.0,1327.0,10742,23203,24000,21972,23360,25952,32767,32767,32767,32767,32767,1681.0,16300.0
1384.0,1327.0,10944,23203,24000,22582,23360,25952,32767,32767,32767,32767,32767,2050.0,16300.0
1360.0,1298.0,10944,23203,23442,21972,22673,25189,32767,32767,32767,32767,32767,2009.0,16300.0
1360.0,1416.0,10944,23203,23442,22582,24734,27479,32767,32767,32767,32767,32767,1927.0,16300.0
1360.0,1298.0,10944,23203,23442,23193,24734,26715,32767,32767,32767,32767,32767,1886.0,16300.0
1434.0,1416.0,11147,23203,24000,24413,24047,28242,32767,32767,32767,32767,32767,1968.0,16300.0
1384.0,1327.0,11350,23203,24558,23803,25422,27479,32767,32767,32767,32767,32767,2050.0,16300.0
1483.0,1504.0,11350,23203,22883,23193,25422,26715,32767,32767,32767,32767,32767,2050.0,16300.0
1360.0,1239.0,11350,23203,23442,23803,23360,25189,32767,32767,32767,32767,32767,2132.0,16300.0
1360.0,1357.0,11553,23203,24000,23193,24047,25952,32767,32767,32767,32767,32767,2009.0,16300.0
1409.0,1416.0,11755,23203,24000,23193,25422,26715,32767,32767,32767,32767,32767,2337.0,16300.0
1409.0,1504.0,10539,23730,22883,22582,24047,25952,32767,32767,32767,32767,32767,2009.0,16300.0
1508.0,1504.0,10944,23730,24558,23803,24047,26715,32767,32767,32767,32767,32767,2173.0,16300.0
1310.0,1239.0,10944,23730,24000,22582,24047,25952,32767,32767,32767,32767,32767,1804.0,16300.0
1335.0,1268.0,11147,23730,25674,25023,26109,27479,32767,32767,32767,32767,32767,1845.0,16300.0
1384.0,1327.0,11350,23730,25674,23803,24734,27479,32767,32767,32767,32767,32767,1845.0,16300.0
1335.0,1239.0,11350,23730,24000,24413,24734,27479,32767,32767,32767,32767,32767,1804.0,16300.0
1360.0,1357.0,11553,23730,23442,23193,24734,26715,32767,32767,32767,32767,32767,2091.0,16300.0
1335.0,1445.0,11553,23730,24558,22582,24047,27479,32767,32767,32767,32767,32767,2173.0,16300.0
1434.0,1416.0,11755,23730,25674,24413,26109,27479,32767,32767,32767,32767,32767,1968.0,16300.0
1409.0,1416.0,11958,23730,24558,25023,26109,27479,32767,32767,32767,32767,32767,2132.0,16300.0
1360.0,1327.0,11553,24257,25116,25023,25422,27479,32767,32767,32767,32767,32767,1886.0,16300.0
1384.0,1386.0,11553,24257,25116,22582,23360,25189,32767,32767,32767,32767,32767,2173.0,16300.0
1285.0,1357.0,11755,24257,25674,23803,24734,25952,32767,32767,32767,32767,32767,1968.0,16300.0
1557.0,1681.0,11147,24785,24558,23803,24734,28242,32767,32767,32767,32767,32767,2296.0,16300.0
1409.0,1357.0,11147,24785,25116,22582,25422,27479,32767,32767,32767,32767,32767,1968.0,16300.0
1434.0,1445.0,11958,24785,25674,24413,26109,28242,32767,32767,32767,32767,32767,1968.0,16300.0
1557.0,1563.0,12363,24785,25116,25634,27483,29005,32767,32767,32767,32767,32767,2378.0,16300.0
1656.0,1711.0,11553,25312,26790,26244,29544,29768,32767,32767,32767,32767,32767,2173.0,16300.0
1384.0,1357.0,11958,25312,25674,25634,26109,28242,32767,32767,32767,32767,32767,1927.0,16300.0
1384.0,1357.0,11958,25312,26232,25634,26796,29768,32767,32767,32767,32767,32767,1968.0,16300.0
1409.0,1475.0,12161,25312,25674,25023,25422,26715,32767,32767,32767,32767,32767,1886.0,16300.0
1384.0,1357.0,12363,25312,27348,25023,26796,28242,32767,32767,32767,32767,32767,2009.0,16300.0
2299.0,2005.0,9120,25839,25674,23193,26109,31295,32767,32767,32767,32767,32767,2543.0,16300.0
1409.0,1416.0,11958,25839,26790,27465,27483,28242,32767,32767,32767,32767,32767,1722.0,16300.0
1632.0,1829.0,12769,25839,26790,27465,28170,29768,32767,32767,32767,32767,32767,2378.0,16300.0
1261.0,1327.0,12769,25839,28465,26244,27483,30532,32767,32767,32767,32767,32767,1845.0,16300.0
1508.0,1622.0,11958,26367,28465,26854,27483,30532,32767,32767,32767,32767,32767,1968.0,16300.0
1409.0,1416.0,11958,26367,26790,25634,27483,29005,32767,32767,32767,32767,32767,1968.0,16300.0
1458.0,1504.0,12161,26367,26232,26244,26796,29005,32767,32767,32767,32767,32767,2009.0,16300.0
2151.0,2035.0,12363,26367,27348,27465,28857,29768,32767,32767,32767,32767,32767,2707.0,16300.0
1409.0,1386.0,12363,26367,26232,26854,28857,29005,32767,32767,32767,32767,32767,1968.0,16300.0
1335.0,1327.0,12566,26367,27348,27465,28857,29768,32767,32767,32767,32767,32767,2050.0,16300.0
1508.0,1445.0,12566,26367,25674,26244,28857,31295,32767,32767,32767,32767,32767,2009.0,16300.0
1434.0,1534.0,13174,26367,27348,25023,26109,29768,32767,32767,32767,32767,32767,2132.0,16300.0
1434.0,1622.0,13174,26367,26790,28075,30231,30532,32767,32767,32767,32767,32767,2255.0,16300.0
1434.0,1416.0,13579,26367,27907,27465,28857,31295,32767,32767,32767,32767,32767,2009.0,16300.0
2250.0,2271.0,13579,26367,27907,27465,29544,32058,32767,32767,32767,32767,32767,2994.0,16300.0
1582.0,1622.0,12769,26894,27907,26854,28857,32058,32767,32767,32767,32767,32767,2132.0,16300.0
1508.0,1504.0,12769,26894,27907,28685,28857,31295,32767,32767,32767,32767,32767,2296.0,16300.0
1582.0,1563.0,12971,26894,27348,28685,29544,31295,32767,32767,32767,32767,32767,2173.0,16300.0
1582.0,1681.0,12971,26894,29023,28075,30918,31295,32767,32767,32767,32767,32767,2214.0,16300.0
1533.0,1740.0,12971,26894,27907,27465,28857,29768,32767,32767,32767,32767,32767,2337.0,16300.0
1829.0,2153.0,13174,26894,25674,27465,29544,29768,32767,32767,32767,32767,32767,2789.0,16300.0
1903.0,2389.0,13174,26894,28465,28685,32767,32767,32767,32767,32767,32767,32767,2953.0,16300.0
1533.0,1770.0,13377,26894,27907,29296,30231,30532,32767,32767,32767,32767,32767,2214.0,16300.0
1903.0,2330.0,13377,26894,27348,28075,28857,29768,32767,32767,32767,32767,32767,2789.0,16300.0
1483.0,1681.0,13579,26894,29023,29296,30918,30532,32767,32767,32767,32767,32767,2337.0,16300.0
2423.0,2330.0,13377,27421,29581,29296,31605,32767,32767,32767,32767,32767,32767,3322.0,16300.0
1384.0,1534.0,13579,27421,27907,28685,30918,32058,32767,32767,32767,32767,32767,1968.0,16300.0
1780.0,1946.0,13985,27421,30139,28075,28857,29768,32767,32767,32767,32767,32767,2419.0,16300.0
1458.0,1563.0,13377,27949,28465,32347,29544,29768,32767,32767,32767,32767,32767,2173.0,16300.0
1632.0,1770.0,13579,27949,27907,28685,28857,29005,32767,32767,32767,32767,32767,2214.0,16300.0
1533.0,1563.0,13579,27949,29581,29906,31605,31295,32767,32767,32767,32767,32767,2091.0,16300.0
1533.0,1622.0,13782,27949,29023,29906,32292,32058,32767,32767,32767,32767,32767,2173.0,16300.0
2373.0,2005.0,11147,28476,30139,29296,32767,32767,32767,32767,32767,32767,32767,2501.0,16300.0
1607.0,1770.0,13377,28476,30139,29296,30918,31295,32767,32767,32767,32767,32767,2173.0,16300.0
1978.0,2300.0,13377,28476,31255,30516,32767,32767,32767,32767,32767,32767,32767,2337.0,16300.0
1854.0,2094.0,13377,28476,29023,29296,29544,29768,32767,32767,32767,32767,32767,2419.0,16300.0
1557.0,1652.0,13579,28476,30697,28075,30231,32058,32767,32767,32767,32767,32767,2091.0,16300.0
1805.0,2123.0,13782,28476,31814,28685,32292,31295,32767,32767,32767,32767,32767,2625.0,16300.0
1533.0,1563.0,13782,28476,29581,29906,31605,32767,32767,32767,32767,32767,32767,2255.0,16300.0
1854.0,1976.0,14187,28476,31255,29906,32292,32767,32767,32767,32767,32767,32767,2337.0,16300.0
1434.0,1416.0,14593,28476,31255,29906,32292,32767,32767,32767,32767,32767,32767,2173.0,16300.0
1458.0,1445.0,13377,29003,29023,28685,29544,32058,32767,32767,32767,32767,32767,2009.0,16300.0
1607.0,1681.0,13782,29003,30139,30516,30231,31295,32767,32767,32767,32767,32767,2337.0,16300.0
1607.0,1711.0,13782,29003,29023,28685,30231,28242,32767,32767,32767,32767,32767,2132.0,16300.0
1483.0,1534.0,13782,29003,31255,30516,30918,32767,32767,32767,32767,32767,32767,1968.0,16300.0
1557.0,1652.0,13985,29003,30697,30516,32767,32767,32767,32767,32767,32767,32767,2337.0,16300.0
1755.0,2005.0,14187,29003,31255,31127,32767,32767,32767,32767,32767,32767,32767,2460.0,16300.0
1483.0,1652.0,14593,29003,32767,32767,31605,32767,32767,32767,32767,32767,32767,2132.0,16300.0
1632.0,1858.0,14593,29003,31255,32347,32767,32767,32767,32767,32767,32767,32767,2173.0,16300.0
1582.0,1917.0,15403,29531,29581,32767,32767,32767,32767,32767,32767,32767,32767,2789.0,16300.0
1508.0,1593.0,14593,30058,30697,31737,32292,32767,32767,32767,32767,32767,32767,2214.0,16300.0
1557.0,1829.0,14795,30058,31255,31737,31605,32767,32767,32767,32767,32767,32767,2460.0,16300.0
1681.0,1740.0,13377,30585,30697,30516,30918,29768,32767,32767,32767,32767,32767,2009.0,16300.0
2077.0,2418.0,13782,30585,32372,32767,32767,32767,32767,32767,32767,32767,32767,2666.0,16300.0
2299.0,2359.0,13782,30585,32372,32767,32767,32767,32767,32767,32767,32767,32767,2543.0,16300.0
1335.0,1386.0,14187,30585,32372,32347,32767,32767,32767,32767,32767,32767,32767,1886.0,16300.0
1903.0,1917.0,14390,30585,32767,32767,32767,32058,32767,32767,32767,32767,32767,2255.0,16300.0
1483.0,1770.0,14593,30585,32767,31737,32767,31295,32767,32767,32767,32767,32767,2337.0,16300.0
1755.0,1887.0,14593,30585,32767,32347,32767,32058,32767,32767,32767,32767,32767,2296.0,16300.0
1632.0,1770.0,15201,30585,31814,32347,32767,32767,32767,32767,32767,32767,32767,2214.0,16300.0
2027.0,2094.0,13782,31113,32767,32767,32767,32767,32767,32767,32767,32767,32767,2337.0,16300.0
1829.0,2123.0,13985,31113,32767,31737,32767,32767,32767,32767,32767,32767,32767,2419.0,16300.0
1978.0,2212.0,14795,31113,32372,32767,32767,32767,32767,32767,32767,32767,32767,2501.0,16300.0
1409.0,1445.0,14998,31113,32767,31737,32767,32767,32767,32767,32767,32767,32767,1886.0,16300.0
1706.0,2005.0,14998,31113,32767,32767,32767,32767,32767,32767,32767,32767,32767,2584.0,16300.0
1829.0,2153.0,15403,31113,32767,32767,32767,32767,32767,32767,32767,32767,32767,2419.0,16300.0
1829.0,2005.0,16011,31113,32767,31737,32292,32767,32767,32767,32767,32767,32767,2460.0,16300.0
1656.0,1799.0,14593,31640,32767,32767,32767,32767,32767,32767,32767,32767,32767,2091.0,16300.0
1582.0,1681.0,14998,31640,32372,32767,32292,32767,32767,32767,32767,32767,32767,2255.0,16300.0
1582.0,1770.0,15403,32167,32767,32347,32767,32767,32767,32767,32767,32767,32767,2173.0,16300.0
2101.0,2035.0,14593,32695,32767,32767,32767,32767,32767,32767,32767,32767,32767,2543.0,16300.0
1656.0,1799.0,15606,32695,32767,32767,32767,32767,32767,32767,32767,32767,32767,2296.0,16300.0
1706.0,1946.0,15809,32695,32767,32767,32767,32767,32767,32767,32767,32767,32767,2419.0,16300.0
1730.0,1887.0,16214,32695,32767,32767,32767,32767,32767,32767,32767,32767,32767,2255.0,16300.0
1755.0,2035.0,16619,32695,32767,32767,32767,32767,32767,32767,32767,32767,32767,2501.0,16300.0
2299.0,2271.0,14998,32767,32767,32767,32767,32767,32767,32767,32767,32767,32767,2707.0,16300.0
1953.0,2241.0,15809,32767,32767,32767,32767,32767,32767,32767,32767,32767,32767,2584.0,16300.0
1607.0,1681.0,15809,32767,32767,32767,32767,32767,32767,32767,32767,32767,32767,2255.0,16300.0
1829.0,2123.0,16011,32767,32767,32767,32767,32767,32767,32767,32767,32767,32767,2419.0,16300.0
1632.0,1917.0,16011,32767,32767,32767,32767,32767,32767,32767,32767,32767,32767,2337.0,16300.0
1854.0,2005.0,16214,32767,32767,32767,32767,32767,32767,32767,32767,32767,32767,2584.0,16300.0
1953.0,2035.0,16417,32767,32767,32767,32767,32767,32767,32767,32767,32767,32767,2666.0,16300.0
2052.0,2271.0,16822,32767,32767,32767,32767,32767,32767,32767,32767,32767,32767,2912.0,16300.0
1150.0,963.0,6420,15138,14917,13291,14282,18889,32767,32767,32767,32767,32767,1421.0,16500.0
1248.0,963.0,8627,16182,16574,16312,16323,19645,32767,32767,32767,32767,32767,2354.0,16500.0
1199.0,905.0,8226,17748,18232,17520,18363,19645,32767,32767,32767,32767,32767,1908.0,16500.0
1419.0,1401.0,8226,18270,17679,16916,18363,19645,32767,32767,32767,32767,32767,2151.0,16500.0
1444.0,1285.0,9429,18270,18784,17520,18363,21156,32767,32767,32767,32767,32767,2720.0,16500.0
1419.0,1343.0,9229,18792,19889,18729,18363,22667,32767,32767,32767,32767,32767,2192.0,16500.0
1346.0,1139.0,9429,19314,19337,17520,18363,19645,32767,32767,32767,32767,32767,2679.0,16500.0
1321.0,1168.0,9028,19836,18784,17520,19043,21911,32767,32767,32767,32767,32767,2273.0,16500.0
1419.0,1401.0,9630,19836,18784,19333,20403,22667,32767,32767,32767,32767,32767,2395.0,16500.0
1468.0,1401.0,9831,20358,19889,19333,20403,23422,32767,32767,32767,32767,32767,1989.0,16500.0
1272.0,1226.0,9831,20880,20994,20541,21083,24178,32767,32767,32767,32767,32767,1745.0,16500.0
1395.0,1343.0,10031,20880,20994,18729,21083,24178,32767,32767,32767,32767,32767,2151.0,16500.0
1517.0,1576.0,10633,20880,20994,20541,21764,23422,32767,32767,32767,32767,32767,2395.0,16500.0
1370.0,1401.0,10633,21402,23204,21749,23124,24178,32767,32767,32767,32767,32767,1989.0,16500.0
1444.0,1489.0,10834,21402,23204,21749,22444,23422,32767,32767,32767,32767,32767,2233.0,16500.0
1419.0,1343.0,11436,21924,23757,22353,21764,25689,32767,32767,32767,32767,32767,2273.0,16500.0
1223.0,1139.0,9831,22446,21547,21145,21083,23422,32767,32767,32767,32767,32767,1786.0,16500.0
1370.0,1343.0,10633,22446,22652,21145,22444,24178,32767,32767,32767,32767,32767,1989.0,16500.0
1419.0,1372.0,11034,22446,23757,21145,23124,25689,32767,32767,32767,32767,32767,2030.0,16500.0
1566.0,1576.0,11235,22446,23757,22958,24484,27200,32767,32767,32767,32767,32767,2192.0,16500.0
1566.0,1547.0,11636,22446,22652,22353,23124,23422,32767,32767,32767,32767,32767,2395.0,16500.0
1811.0,1693.0,11235,22968,23204,22958,24484,28711,32767,32767,32767,32767,32767,2801.0,16500.0
1493.0,1518.0,11436,22968,24309,22353,23804,25689,32767,32767,32767,32767,32767,2517.0,16500.0
1419.0,1518.0,11436,22968,24309,23562,23124,25689,32767,32767,32767,32767,32767,1948.0,16500.0
1297.0,1314.0,11235,23490,24309,23562,23804,27200,32767,32767,32767,32767,32767,1867.0,16500.0
1884.0,1752.0,11235,23490,24309,26583,27885,29467,32767,32767,32767,32767,32767,2598.0,16500.0
1639.0,1489.0,11837,23490,23757,24770,25164,25689,32767,32767,32767,32767,32767,2517.0,16500.0
1566.0,1635.0,13041,23490,25967,24166,24484,26445,32767,32767,32767,32767,32767,2639.0,16500.0
1321.0,1314.0,10834,24012,23757,24166,25164,27200,32767,32767,32767,32767,32767,1705.0,16500.0
1321.0,1255.0,11235,24012,24309,23562,24484,27200,32767,32767,32767,32767,32767,1908.0,16500.0
1346.0,1430.0,11235,24012,25414,24166,23804,27956,32767,32767,32767,32767,32767,1948.0,16500.0
1444.0,1430.0,11235,24012,25414,24770,24484,27200,32767,32767,32767,32767,32767,1867.0,16500.0
1517.0,1489.0,12037,24012,26519,24770,25844,27956,32767,32767,32767,32767,32767,2354.0,16500.0
1370.0,1197.0,12238,24012,24862,23562,23124,24178,32767,32767,32767,32767,32767,2598.0,16500.0
2349.0,2131.0,10633,24534,24862,25374,27885,31734,32767,32767,32767,32767,32767,2436.0,16500.0
1346.0,1343.0,10834,24534,25414,25374,25844,29467,32767,32767,32767,32767,32767,1705.0,16500.0
1444.0,1430.0,11436,24534,25414,24166,25844,25689,32767,32767,32767,32767,32767,1786.0,16500.0
1346.0,1285.0,11636,24534,24309,24166,25164,27200,32767,32767,32767,32767,32767,1867.0,16500.0
1493.0,1489.0,11837,24534,25967,24770,24484,26445,32767,32767,32767,32767,32767,2273.0,16500.0
1884.0,1868.0,11837,24534,25967,25978,27885,30223,32767,32767,32767,32767,32767,2679.0,16500.0
1395.0,1489.0,11837,24534,24862,23562,24484,27956,32767,32767,32767,32767,32767,1989.0,16500.0
1517.0,1606.0,11837,24534,25967,23562,26524,26445,32767,32767,32767,32767,32767,2233.0,16500.0
1493.0,1518.0,12037,24534,24309,23562,25164,26445,32767,32767,32767,32767,32767,2111.0,16500.0
1419.0,1343.0,11837,25056,25414,24770,25164,27956,32767,32767,32767,32767,32767,1867.0,16500.0
1419.0,1460.0,12037,25056,24309,24166,24484,27200,32767,32767,32767,32767,32767,2070.0,16500.0
1395.0,1401.0,12037,25056,25967,24770,25844,29467,32767,32767,32767,32767,32767,1786.0,16500.0
1688.0,1839.0,12238,25056,26519,24166,25164,27200,32767,32767,32767,32767,32767,2314.0,16500.0
1395.0,1518.0,12238,25056,25414,24166,25844,27956,32767,32767,32767,32767,32767,2030.0,16500.0
1688.0,1606.0,12439,25056,25414,24166,25164,27200,32767,32767,32767,32767,32767,2476.0,16500.0
1370.0,1430.0,12439,25056,25967,24770,25164,27956,32767,32767,32767,32767,32767,1948.0,16500.0
1566.0,1430.0,12639,25056,26519,24770,25164,29467,32767,32767,32767,32767,32767,2557.0,16500.0
1493.0,1547.0,12037,25578,25414,24166,23124,25689,32767,32767,32767,32767,32767,2314.0,16500.0
1395.0,1489.0,12238,25578,27624,25978,27204,27956,32767,32767,32767,32767,32767,2070.0,16500.0
1419.0,1430.0,12238,25578,26519,25374,25844,28711,32767,32767,32767,32767,32767,1908.0,16500.0
1639.0,1635.0,13642,25578,27072,27187,27204,27200,32767,32767,32767,32767,32767,2720.0,16500.0
1419.0,1460.0,11636,26100,25967,25374,26524,28711,32767,32767,32767,32767,32767,1786.0,16500.0
1517.0,1635.0,12439,26100,26519,24770,25844,27200,32767,32767,32767,32767,32767,2070.0,16500.0
1688.0,1868.0,13442,26100,28177,25374,27885,27956,32767,32767,32767,32767,32767,2639.0,16500.0
1860.0,1985.0,14244,26100,28729,27187,27204,26445,32767,32767,32767,32767,32767,3126.0,16500.0
1542.0,1547.0,12439,26622,27072,26583,26524,27200,32767,32767,32767,32767,32767,2111.0,16500.0
1688.0,1752.0,13041,26622,28177,27187,28565,30223,32767,32767,32767,32767,32767,2314.0,16500.0
1419.0,1518.0,13041,26622,27072,26583,27885,29467,32767,32767,32767,32767,32767,1989.0,16500.0
1713.0,1927.0,13442,26622,28729,26583,27885,27956,32767,32767,32767,32767,32767,2679.0,16500.0
1860.0,2044.0,13442,26622,29281,27791,28565,28711,32767,32767,32767,32767,32767,2598.0,16500.0
1419.0,1460.0,12439,27144,28177,26583,28565,29467,32767,32767,32767,32767,32767,1867.0,16500.0
1884.0,1722.0,12639,27144,27072,27791,29925,32767,32767,32767,32767,32767,32767,2842.0,16500.0
1542.0,1606.0,12840,27144,27624,27791,28565,30223,32767,32767,32767,32767,32767,1908.0,16500.0
1395.0,1460.0,13241,27144,28729,27791,27885,29467,32767,32767,32767,32767,32767,1948.0,16500.0
1566.0,1635.0,13442,27144,28729,27187,28565,27956,32767,32767,32767,32767,32767,2070.0,16500.0
1664.0,1576.0,13843,27144,29281,28999,30605,30223,32767,32767,32767,32767,32767,2598.0,16500.0
1468.0,1489.0,12840,27666,27072,27187,28565,29467,32767,32767,32767,32767,32767,1948.0,16500.0
1419.0,1430.0,13041,27666,28729,17520,19723,21156,32767,32767,32767,32767,32767,1989.0,16500.0
1933.0,1956.0,13442,27666,29281,28999,31965,32489,32767,32767,32767,32767,32767,2557.0,16500.0
1639.0,1752.0,13642,27666,30386,29603,29925,29467,32767,32767,32767,32767,32767,2151.0,16500.0
1419.0,1372.0,12840,28188,29281,28999,29245,30223,32767,32767,32767,32767,32767,1827.0,16500.0
1860.0,1839.0,13241,28188,29281,28395,29245,29467,32767,32767,32767,32767,32767,2679.0,16500.0
1468.0,1576.0,13442,28188,29834,29603,29925,31734,32767,32767,32767,32767,32767,1948.0,16500.0
1566.0,1664.0,13442,28188,29834,28999,29925,32767,32767,32767,32767,32767,32767,1989.0,16500.0
1493.0,1226.0,13642,28188,28177,27791,28565,30223,32767,32767,32767,32767,32767,3207.0,16500.0
1835.0,2131.0,13642,28188,29834,28999,30605,30978,32767,32767,32767,32767,32767,2557.0,16500.0
1542.0,1693.0,13241,28710,28729,29603,29925,31734,32767,32767,32767,32767,32767,2233.0,16500.0
1566.0,1635.0,13442,28710,29281,28395,30605,29467,32767,32767,32767,32767,32767,2273.0,16500.0
2031.0,2219.0,13642,28710,30386,31416,31965,30978,32767,32767,32767,32767,32767,2720.0,16500.0
1835.0,2014.0,13843,28710,29281,28999,31285,30978,32767,32767,32767,32767,32767,3207.0,16500.0
1639.0,1752.0,14044,28710,30386,29603,30605,32489,32767,32767,32767,32767,32767,2233.0,16500.0
1688.0,1898.0,14445,28710,30939,28395,29925,28711,32767,32767,32767,32767,32767,2436.0,16500.0
1615.0,1752.0,14445,28710,32044,30207,32645,32767,32767,32767,32767,32767,32767,2192.0,16500.0
1542.0,1781.0,14646,28710,30386,28999,30605,30978,32767,32767,32767,32767,32767,2314.0,16500.0
1664.0,1810.0,14646,28710,32044,30207,31285,30223,32767,32767,32767,32767,32767,2233.0,16500.0
1493.0,1489.0,13241,29232,29281,28999,29925,32489,32767,32767,32767,32767,32767,1908.0,16500.0
1688.0,1752.0,13843,29232,30939,30812,31285,32489,32767,32767,32767,32767,32767,2151.0,16500.0
1566.0,1781.0,14044,29232,30386,30812,30605,31734,32767,32767,32767,32767,32767,2273.0,16500.0
1958.0,2190.0,14044,29232,30939,29603,31965,29467,32767,32767,32767,32767,32767,2517.0,16500.0
1811.0,2219.0,15047,29232,31491,30812,32645,32489,32767,32767,32767,32767,32767,2639.0,16500.0
2055.0,2365.0,15247,29232,32596,32020,32767,32489,32767,32767,32767,32767,32767,2760.0,16500.0
1566.0,1576.0,13843,29754,30939,30812,30605,32489,32767,32767,32767,32767,32767,1989.0,16500.0
1639.0,1956.0,14445,30276,32596,30207,32645,32489,32767,32767,32767,32767,32767,2598.0,16500.0
1615.0,2044.0,14445,30276,32044,31416,32767,32767,32767,32767,32767,32767,32767,2354.0,16500.0
1835.0,1927.0,14646,30276,32596,30812,31965,32767,32767,32767,32767,32767,32767,2476.0,16500.0
1493.0,1547.0,14646,30276,30939,32020,32645,32767,32767,32767,32767,32767,32767,2030.0,16500.0
2153.0,2190.0,14846,30276,32596,30812,32767,32767,32767,32767,32767,32767,32767,2923.0,16500.0
1444.0,1430.0,15047,30276,32596,32624,32767,30978,32767,32767,32767,32767,32767,2233.0,16500.0
1835.0,2014.0,15448,30276,31491,32624,32767,31734,32767,32767,32767,32767,32767,2639.0,16500.0
1933.0,2219.0,15649,30276,32767,32020,31965,32489,32767,32767,32767,32767,32767,2598.0,16500.0
1395.0,1401.0,14244,30798,31491,30207,32767,32767,32767,32767,32767,32767,32767,1908.0,16500.0
1786.0,1927.0,14445,30798,32767,32020,32767,32767,32767,32767,32767,32767,32767,2354.0,16500.0
1737.0,1898.0,14846,30798,32596,32020,32645,32489,32767,32767,32767,32767,32767,2192.0,16500.0
1786.0,1927.0,14846,30798,32767,32767,32767,32767,32767,32767,32767,32767,32767,2233.0,16500.0
1688.0,1839.0,14846,30798,32596,32020,31965,31734,32767,32767,32767,32767,32767,2233.0,16500.0
1639.0,1722.0,14846,30798,32767,31416,32645,32489,32767,32767,32767,32767,32767,2314.0,16500.0
1884.0,2160.0,15247,30798,32596,32624,32767,31734,32767,32767,32767,32767,32767,2557.0,16500.0
1639.0,1810.0,15448,30798,32767,32624,32767,31734,32767,32767,32767,32767,32767,2436.0,16500.0
1762.0,2248.0,16250,30798,32596,32020,32767,32767,32767,32767,32767,32767,32767,3044.0,16500.0
1566.0,1927.0,15047,31320,32767,32767,32767,32767,32767,32767,32767,32767,32767,2314.0,16500.0
1835.0,2131.0,15247,31320,32767,32020,32767,32489,32767,32767,32767,32767,32767,2801.0,16500.0
1835.0,2160.0,15247,31320,32596,30207,30605,32489,32767,32767,32767,32767,32767,2476.0,16500.0
1542.0,1664.0,15448,31320,32767,32624,32767,32767,32767,32767,32767,32767,32767,2192.0,16500.0
1713.0,2044.0,15448,31320,32767,31416,32767,32767,32767,32767,32767,32767,32767,2598.0,16500.0
1639.0,1898.0,15649,31320,32767,32767,32767,32767,32767,32767,32767,32767,32767,2395.0,16500.0
1713.0,1956.0,15849,31320,32767,32767,32767,32489,32767,32767,32767,32767,32767,2436.0,16500.0
2325.0,2365.0,14846,31842,32767,32767,32767,32767,32767,32767,32767,32767,32767,3166.0,16500.0
1958.0,2190.0,14846,31842,32767,32767,32767,32767,32767,32767,32767,32767,32767,2963.0,16500.0
1737.0,2044.0,15247,31842,32767,32624,32767,32767,32767,32767,32767,32767,32767,2557.0,16500.0
1664.0,1781.0,15649,31842,32767,32767,32767,32767,32767,32767,32767,32767,32767,2070.0,16500.0
1860.0,2131.0,16050,31842,32767,32767,32767,32767,32767,32767,32767,32767,32767,2517.0,16500.0
1591.0,1927.0,16250,31842,32767,32767,32767,32489,32767,32767,32767,32767,32767,2517.0,16500.0
1664.0,1839.0,14846,32364,32767,32767,32767,32767,32767,32767,32767,32767,32767,2436.0,16500.0
1566.0,1898.0,15247,32364,32767,32767,32767,32767,32767,32767,32767,32767,32767,2354.0,16500.0
1688.0,2044.0,15849,32364,32767,32624,32767,32489,32767,32767,32767,32767,32767,2314.0,16500.0
1639.0,1810.0,16050,32364,32767,32624,32767,32767,32767,32767,32767,32767,32767,2273.0,16500.0
1884.0,2102.0,17053,32364,32767,32767,32767,32767,32767,32767,32767,32767,32767,2598.0,16500.0
1639.0,1839.0,15247,32767,32767,32767,32767,32767,32767,32767,32767,32767,32767,2233.0,16500.0
1762.0,1898.0,15247,32767,32767,32767,32767,32767,32767,32767,32767,32767,32767,2598.0,16500.0
2080.0,2365.0,15649,32767,32767,32767,32767,32767,32767,32767,32767,32767,32767,2842.0,16500.0
1713.0,1810.0,15849,32767,32767,32767,32767,32767,32767,32767,32767,32767,32767,2192.0,16500.0
1713.0,2044.0,16050,32767,32767,32767,32767,32767,32767,32767,32767,32767,32767,2436.0,16500.0
1737.0,2073.0,16050,32767,32767,32767,32767,32767,32767,32767,32767,32767,32767,2598.0,16500.0
1639.0,1810.0,16250,32767,32767,32767,32767,32767,32767,32767,32767,32767,32767,2233.0,16500.0
1688.0,1956.0,16250,32767,32767,32767,32767,32767,32767,32767,32767,32767,32767,2273.0,16500.0
1737.0,1839.0,16250,32767,32767,32767,32767,32767,32767,32767,32767,32767,32767,2192.0,16500.0
1933.0,2219.0,16451,32767,32767,32767,32767,32767,32767,32767,32767,32767,32767,2639.0,16500.0
1958.0,2190.0,16451,32767,32767,32767,32767,32767,32767,32767,32767,32767,32767,2639.0,16500.0
1493.0,1547.0,16451,32767,32767,32767,32767,32767,32767,32767,32767,32767,32767,2030.0,16500.0
1811.0,2131.0,16652,32767,32767,32767,32767,32767,32767,32767,32767,32767,32767,2476.0,16500.0
1688.0,2044.0,16652,32767,32767,32767,32767,32767,32767,32767,32767,32767,32767,2517.0,16500.0
1811.0,2190.0,16852,32767,32767,32767,32767,32767,32767,32767,32767,32767,32767,2517.0,16500.0
1909.0,2190.0,16852,32767,32767,32767,32767,32767,32767,32767,32767,32767,32767,2801.0,16500.0
1786.0,2160.0,16852,32767,32767,32767,32767,32767,32767,32767,32767,32767,32767,2720.0,16500.0
1713.0,1956.0,17053,32767,32767,32767,32767,32767,32767,32767,32767,32767,32767,2882.0,16500.0
1737.0,1868.0,17053,32767,32767,32767,32767,32767,32767,32767,32767,32767,32767,2476.0,16500.0
1860.0,2160.0,17254,32767,32767,32767,32767,32767,32767,32767,32767,32767,32767,2801.0,16500.0
1786.0,1985.0,17454,32767,32767,32767,32767,32767,32767,32767,32767,32767,32767,2517.0,16500.0
1884.0,2160.0,17454,32767,32767,32767,32767,32767,32767,32767,32767,32767,32767,2639.0,16500.0
1688.0,1956.0,17655,32767,32767,32767,32767,32767,32767,32767,32767,32767,32767,2354.0,16500.0
1355.0,1276.0,8185,19775,18783,19366,20479,23485,32767,32767,32767,32767,32767,1341.0,16700.0
1260.0,1163.0,7600,20789,19856,18779,19819,25687,32767,32767,32767,32767,32767,1301.0,16700.0
1450.0,1475.0,8964,21803,20393,20539,22461,26421,32767,32767,32767,32767,32767,1538.0,16700.0
1545.0,1475.0,9939,23324,22003,24060,23782,27889,32767,32767,32767,32767,32767,2326.0,16700.0
1830.0,1957.0,11108,24338,25759,23474,25104,30091,32767,32767,32767,32767,32767,2563.0,16700.0
1569.0,1701.0,10718,24845,24686,26408,26425,28623,32767,32767,32767,32767,32767,1893.0,16700.0
1616.0,1673.0,11498,24845,23613,28168,28407,30091,32767,32767,32767,32767,32767,2090.0,16700.0
1735.0,1730.0,10523,25352,26833,25234,27746,29357,32767,32767,32767,32767,32767,1932.0,16700.0
1640.0,1701.0,11692,25352,25759,25821,27086,29357,32767,32767,32767,32767,32767,2169.0,16700.0
1497.0,1531.0,11887,25859,27906,26408,29067,30824,32767,32767,32767,32767,32767,1774.0,16700.0
1474.0,1503.0,11498,26366,26833,27581,28407,30824,32767,32767,32767,32767,32767,1932.0,16700.0
1521.0,1560.0,11887,26366,27369,26408,28407,29357,32767,32767,32767,32767,32767,1932.0,16700.0
1545.0,1531.0,12082,26366,27369,25821,27746,30824,32767,32767,32767,32767,32767,1814.0,16700.0
1616.0,1616.0,12277,26366,27906,27581,28407,30091,32767,32767,32767,32767,32767,1932.0,16700.0
1640.0,1701.0,12082,26873,27906,27581,29067,29357,32767,32767,32767,32767,32767,2208.0,16700.0
1569.0,1645.0,12277,26873,27906,26408,27746,31558,32767,32767,32767,32767,32767,2050.0,16700.0
1497.0,1531.0,12472,26873,27906,28168,28407,30824,32767,32767,32767,32767,32767,1814.0,16700.0
1688.0,1701.0,13251,26873,27906,26408,28407,30091,32767,32767,32767,32767,32767,2445.0,16700.0
2163.0,2240.0,10718,27380,26833,26408,29728,32292,32767,32767,32767,32767,32767,2247.0,16700.0
1521.0,1560.0,11887,27380,27906,26995,29728,31558,32767,32767,32767,32767,32767,1814.0,16700.0
1854.0,1957.0,12082,27380,26833,25821,27746,30824,32767,32767,32767,32767,32767,2247.0,16700.0
1759.0,1843.0,12277,27380,27906,27581,28407,30824,32767,32767,32767,32767,32767,2247.0,16700.0
1521.0,1588.0,12472,27380,28442,28168,29728,32767,32767,32767,32767,32767,32767,1932.0,16700.0
1640.0,1758.0,12667,27380,28979,28755,29728,30824,32767,32767,32767,32767,32767,2247.0,16700.0
1545.0,1616.0,12862,27380,30052,28168,29067,30824,32767,32767,32767,32767,32767,2011.0,16700.0
1711.0,1786.0,12277,27887,27369,27581,29728,31558,32767,32767,32767,32767,32767,2090.0,16700.0
1545.0,1560.0,12277,27887,28442,26995,29067,31558,32767,32767,32767,32767,32767,1814.0,16700.0
1569.0,1645.0,12472,27887,28442,28168,29728,32292,32767,32767,32767,32767,32767,2011.0,16700.0
1997.0,2098.0,13057,27887,29516,29342,28407,32292,32767,32767,32767,32767,32767,2524.0,16700.0
1616.0,1673.0,13057,27887,28979,28755,30389,31558,32767,32767,32767,32767,32767,2169.0,16700.0
1664.0,1843.0,13057,28394,28442,28168,29067,31558,32767,32767,32767,32767,32767,2247.0,16700.0
1593.0,1616.0,13251,28901,30052,29929,31710,32767,32767,32767,32767,32767,32767,2287.0,16700.0
1664.0,1758.0,13446,28901,30052,29342,30389,32292,32767,32767,32767,32767,32767,2247.0,16700.0
1593.0,1815.0,13641,28901,30052,30516,30389,32767,32767,32767,32767,32767,32767,2169.0,16700.0
1521.0,1475.0,13446,29408,32199,30516,31710,32767,32767,32767,32767,32767,32767,2129.0,16700.0
2163.0,2212.0,13641,29408,32199,30516,32371,32292,32767,32767,32767,32767,32767,2642.0,16700.0
1806.0,2070.0,14226,29408,32199,29929,32371,32767,32767,32767,32767,32767,32767,2445.0,16700.0
1759.0,1985.0,13057,29915,30589,32767,32767,32767,32767,32767,32767,32767,32767,2169.0,16700.0
1664.0,1730.0,13057,29915,30589,29929,31710,32767,32767,32767,32767,32767,32767,2011.0,16700.0
1688.0,2070.0,13836,29915,31126,31102,32767,32767,32767,32767,32767,32767,32767,2366.0,16700.0
1521.0,1701.0,14226,30422,31662,32767,32767,32767,32767,32767,32767,32767,32767,2287.0,16700.0
1830.0,2127.0,13251,30929,31126,32767,32767,32767,32767,32767,32767,32767,32767,2287.0,16700.0
1569.0,1701.0,14031,30929,32736,32767,32767,32767,32767,32767,32767,32767,32767,2090.0,16700.0
1593.0,1843.0,14226,30929,29516,32767,32767,32767,32767,32767,32767,32767,32767,2169.0,16700.0
1759.0,1730.0,14421,30929,31662,31102,32767,32767,32767,32767,32767,32767,32767,3076.0,16700.0
1711.0,1928.0,14810,30929,32767,32767,32767,32767,32767,32767,32767,32767,32767,2287.0,16700.0
1688.0,2070.0,14226,31436,32736,32767,32767,32767,32767,32767,32767,32767,32767,2287.0,16700.0
1759.0,2240.0,14421,31436,32767,32767,32767,32767,32767,32767,32767,32767,32767,2445.0,16700.0
1783.0,1985.0,14616,31436,32736,32767,32767,32767,32767,32767,32767,32767,32767,2247.0,16700.0
1593.0,1701.0,14810,31436,32736,32767,32767,32767,32767,32767,32767,32767,32767,2169.0,16700.0
1806.0,2155.0,15200,31436,32767,32767,32767,32767,32767,32767,32767,32767,32767,2563.0,16700.0
1735.0,2183.0,15395,31436,32767,32767,32767,32767,32767,32767,32767,32767,32767,2839.0,16700.0
1830.0,2127.0,15590,31436,32767,32767,32767,32767,32767,32767,32767,32767,32767,2997.0,16700.0
1711.0,1843.0,14421,31943,32767,32767,32767,32767,32767,32767,32767,32767,32767,2169.0,16700.0
1854.0,1928.0,14810,31943,32767,32767,32767,32767,32767,32767,32767,32767,32767,2129.0,16700.0
1640.0,1843.0,15005,31943,32767,32767,32767,32767,32767,32767,32767,32767,32767,2208.0,16700.0
1688.0,1928.0,15200,31943,32767,32767,32767,32767,32767,32767,32767,32767,32767,2405.0,16700.0
2092.0,2382.0,15785,31943,32767,32767,32767,32767,32767,32767,32767,32767,32767,2957.0,16700.0
1711.0,1900.0,14810,32451,32767,32767,32767,32767,32767,32767,32767,32767,32767,2247.0,16700.0
1806.0,2042.0,15200,32451,32767,32767,32767,32767,32767,32767,32767,32767,32767,2287.0,16700.0
1854.0,2042.0,15395,32451,32767,32767,32767,32767,32767,32767,32767,32767,32767,2524.0,16700.0
1688.0,1957.0,15590,32451,32767,32767,32767,32767,32767,32767,32767,32767,32767,2169.0,16700.0
1711.0,1815.0,15785,32451,32767,32767,32767,32767,32767,32767,32767,32767,32767,2484.0,16700.0
1830.0,2354.0,15980,32451,32767,32767,32767,32767,32767,32767,32767,32767,32767,3036.0,16700.0
1902.0,2070.0,15980,32451,32767,32767,32767,32767,32767,32767,32767,32767,32767,2602.0,16700.0
1640.0,1843.0,14421,32767,32767,32767,32767,32767,32767,32767,32767,32767,32767,2129.0,16700.0
1830.0,2098.0,14810,32767,32736,32767,32767,32767,32767,32767,32767,32767,32767,2445.0,16700.0
1711.0,1786.0,14810,32767,32767,32767,32767,32767,32767,32767,32767,32767,32767,2050.0,16700.0
1830.0,1985.0,15005,32767,32767,32767,32767,32767,32767,32767,32767,32767,32767,2366.0,16700.0
1973.0,2269.0,15005,32767,32767,32767,32767,32767,32767,32767,32767,32767,32767,2563.0,16700.0
1997.0,2382.0,15200,32767,32767,32767,32767,32767,32767,32767,32767,32767,32767,2800.0,16700.0
1925.0,2240.0,15395,32767,32767,32767,32767,32767,32767,32767,32767,32767,32767,2484.0,16700.0
1759.0,2098.0,15395,32767,32767,32767,32767,32767,32767,32767,32767,32767,32767,2326.0,16700.0
1759.0,2070.0,15395,32767,32767,32767,32767,32767,32767,32767,32767,32767,32767,2326.0,16700.0
1830.0,2183.0,15395,32767,32767,32767,32767,32767,32767,32767,32767,32767,32767,2524.0,16700.0
1783.0,2042.0,15590,32767,32767,32767,32767,32767,32767,32767,32767,32767,32767,2642.0,16700.0
1902.0,2098.0,15785,32767,32767,32767,32767,32767,32767,32767,32767,32767,32767,2287.0,16700.0
1759.0,2013.0,15980,32767,32767,32767,32767,32767,32767,32767,32767,32767,32767,2484.0,16700.0
1830.0,2042.0,15980,32767,32767,32767,32767,32767,32767,32767,32767,32767,32767,2405.0,16700.0
1854.0,2183.0,15980,32767,32767,32767,32767,32767,32767,32767,32767,32767,32767,2405.0,16700.0
1854.0,2155.0,16175,32767,32767,32767,32767,32767,32767,32767,32767,32767,32767,2524.0,16700.0
1759.0,2127.0,16175,32767,32767,32767,32767,32767,32767,32767,32767,32767,32767,2405.0,16700.0
2115.0,2354.0,17539,32767,32767,32767,32767,32767,32767,32767,32767,32767,32767,4180.0,16700.0
1447.0,1197.0,9566,18917,18968,18437,18161,21617,32767,32767,32767,32767,32767,2478.0,16800.0
1564.0,1336.0,10523,19415,20022,20166,20107,23058,32767,32767,32767,32767,32767,2749.0,16800.0
1657.0,1559.0,11097,21406,23710,23046,24647,25940,32767,32767,32767,32767,32767,2478.0,16800.0
1564.0,1698.0,11097,21904,22129,21894,22052,23778,32767,32767,32767,32767,32767,2168.0,16800.0
1470.0,1364.0,10523,22402,23183,21318,22701,25220,32767,32767,32767,32767,32767,1974.0,16800.0
1657.0,1503.0,10714,23895,23183,24775,25295,27381,32767,32767,32767,32767,32767,2245.0,16800.0
2124.0,2005.0,11862,24393,25290,25927,27241,27381,32767,32767,32767,32767,32767,2865.0,16800.0
1727.0,1670.0,12054,24891,25817,25351,25295,28822,32767,32767,32767,32767,32767,2323.0,16800.0
1564.0,1559.0,11862,25388,26344,25351,26593,26661,32767,32767,32767,32767,32767,2323.0,16800.0
1610.0,1587.0,12436,25388,25290,25351,25295,25220,32767,32767,32767,32767,32767,2168.0,16800.0
1890.0,2060.0,13010,25388,27925,27079,27241,27381,32767,32767,32767,32767,32767,2710.0,16800.0
1517.0,1531.0,12245,25886,26871,25927,27890,28102,32767,32767,32767,32767,32767,2090.0,16800.0
1797.0,1865.0,12245,26384,26871,27079,27241,28102,32767,32767,32767,32767,32767,2284.0,16800.0
1774.0,1810.0,12628,26384,27925,28232,28538,28822,32767,32767,32767,32767,32767,2323.0,16800.0
1680.0,1559.0,12628,26384,26871,26503,27241,26661,32767,32767,32767,32767,32767,2749.0,16800.0
1727.0,1837.0,13010,26384,27398,27079,27890,28822,32767,32767,32767,32767,32767,2361.0,16800.0
1820.0,1921.0,13202,28873,30032,28808,32430,30264,32767,32767,32767,32767,32767,2361.0,16800.0
1820.0,2032.0,14158,28873,31086,29384,31133,30264,32767,32767,32767,32767,32767,2400.0,16800.0
2077.0,2060.0,13967,29371,30559,29960,31781,30984,32767,32767,32767,32767,32767,2942.0,16800.0
2007.0,2227.0,14158,29371,30032,31113,32430,30264,32767,32767,32767,32767,32767,2787.0,16800.0
1867.0,2144.0,14541,29371,30559,30536,31781,30984,32767,32767,32767,32767,32767,2671.0,16800.0
1657.0,1615.0,14541,29869,31086,30536,32430,30984,32767,32767,32767,32767,32767,2400.0,16800.0
2264.0,2394.0,15306,29869,32667,32265,32767,30264,32767,32767,32767,32767,32767,3136.0,16800.0
1960.0,2172.0,15115,31362,32767,32265,32767,32425,32767,32767,32767,32767,32767,2749.0,16800.0
1984.0,2366.0,15498,31860,32767,32767,32767,32767,32767,32767,32767,32767,32767,2942.0,16800.0
2007.0,2172.0,15689,31860,32767,32767,32767,32767,32767,32767,32767,32767,32767,2632.0,16800.0
1301.0,1095.0,5802,15911,15113,13221,13289,18897,32767,32767,32767,32767,32767,1682.0,16900.0
1339.0,1072.0,7527,15911,15113,13694,14884,19488,32767,32767,32767,32767,32767,2792.0,16900.0
1231.0,929.0,8650,16077,14747,15506,16059,18616,32767,32767,32767,32767,32767,2625.0,16900.0
1339.0,1118.0,7527,16319,15545,15110,15947,18897,32767,32767,32767,32767,32767,2570.0,16900.0
1130.0,839.0,8650,16612,16448,17366,16757,22494,32767,32767,32767,32767,32767,2625.0,16900.0
1262.0,1004.0,7683,16727,15113,16054,16478,21259,32767,32767,32767,32767,32767,2633.0,16900.0
1454.0,1301.0,6586,17135,16409,15582,16478,20669,32767,32767,32767,32767,32767,1777.0,16900.0
1415.0,1209.0,8311,17135,17272,16999,18073,21850,32767,32767,32767,32767,32767,2538.0,16900.0
1306.0,1049.0,9474,17148,18150,17986,17455,20943,32767,32767,32767,32767,32767,2917.0,16900.0
1331.0,1049.0,9680,17684,17583,17366,16757,20167,32767,32767,32767,32767,32767,3084.0,16900.0
1301.0,1050.0,8154,17951,17272,17471,17541,21259,32767,32767,32767,32767,32767,2284.0,16900.0
1206.0,1019.0,8238,18220,16448,17986,17455,18616,32767,32767,32767,32767,32767,1875.0,16900.0
1432.0,1259.0,9474,18220,17583,16746,18153,20167,32767,32767,32767,32767,32767,2667.0,16900.0
1530.0,1301.0,7683,18359,16409,17471,18073,21259,32767,32767,32767,32767,32767,2221.0,16900.0
1415.0,1186.0,8311,18359,17704,17943,18073,22440,32767,32767,32767,32767,32767,2633.0,16900.0
1256.0,1169.0,9886,18756,20418,19847,20248,21719,32767,32767,32767,32767,32767,2042.0,16900.0
1224.0,1004.0,7840,18767,18136,17471,20731,22440,32767,32767,32767,32767,32767,1713.0,16900.0
1281.0,1141.0,7997,18767,18136,18415,19136,22440,32767,32767,32767,32767,32767,1713.0,16900.0
1301.0,1072.0,8624,18767,17704,18415,19136,21850,32767,32767,32767,32767,32767,2411.0,16900.0
1339.0,1141.0,8624,18767,18136,18415,20199,21850,32767,32767,32767,32767,32767,2411.0,16900.0
1492.0,1278.0,8781,18767,18136,18888,19136,21850,32767,32767,32767,32767,32767,2665.0,16900.0
1473.0,1278.0,8938,18767,18568,17471,19136,22440,32767,32767,32767,32767,32767,2475.0,16900.0
1779.0,1552.0,7213,19175,19431,19360,21262,25983,32767,32767,32767,32767,32767,1840.0,16900.0
1339.0,1186.0,8467,19175,18568,18888,20199,23031,32767,32767,32767,32767,32767,1935.0,16900.0
1339.0,1209.0,8781,19175,17704,17943,18605,21259,32767,32767,32767,32767,32767,2316.0,16900.0
1320.0,1186.0,8781,19583,18568,19360,19668,21850,32767,32767,32767,32767,32767,1999.0,16900.0
1664.0,1437.0,10035,19583,20727,19832,20199,24212,32767,32767,32767,32767,32767,3014.0,16900.0
1382.0,1229.0,10298,19828,19851,20467,20946,23270,32767,32767,32767,32767,32767,2584.0,16900.0
1432.0,1349.0,10298,19828,20418,21088,20946,24046,32767,32767,32767,32767,32767,2209.0,16900.0
1568.0,1392.0,9095,19991,19000,18888,19668,23621,32767,32767,32767,32767,32767,2284.0,16900.0
1358.0,1209.0,9408,19991,19000,19360,20731,23621,32767,32767,32767,32767,32767,2284.0,16900.0
1454.0,1323.0,10192,19991,20727,20304,21794,24212,32767,32767,32767,32767,32767,2443.0,16900.0
1281.0,1289.0,9268,20364,19284,19847,20248,24046,32767,32767,32767,32767,32767,1834.0,16900.0
1357.0,1169.0,9474,20364,19284,18607,19550,21719,32767,32767,32767,32767,32767,2459.0,16900.0
1432.0,1229.0,10916,20364,22120,20467,20248,21719,32767,32767,32767,32767,32767,2667.0,16900.0
1396.0,1255.0,8467,20399,20295,19832,21794,24802,32767,32767,32767,32767,32767,1840.0,16900.0
1320.0,1186.0,8624,20399,19000,19832,20731,24212,32767,32767,32767,32767,32767,1904.0,16900.0
1396.0,1232.0,8781,20399,18568,20304,19668,23031,32767,32767,32767,32767,32767,1999.0,16900.0
1396.0,1255.0,8938,20399,21159,20304,22857,24802,32767,32767,32767,32767,32767,1808.0,16900.0
1530.0,1301.0,9251,20399,20295,20304,21262,24802,32767,32767,32767,32767,32767,2506.0,16900.0
1339.0,1118.0,9251,20399,19863,19360,20199,23621,32767,32767,32767,32767,32767,2348.0,16900.0
1626.0,1346.0,9879,20399,20727,21249,20731,25393,32767,32767,32767,32767,32767,2475.0,16900.0
1415.0,1255.0,9879,20399,21590,19832,21794,23621,32767,32767,32767,32767,32767,2031.0,16900.0
1664.0,1483.0,8311,20807,21159,20304,21794,26574,32767,32767,32767,32767,32767,2284.0,16900.0
1320.0,1141.0,9095,20807,21590,21721,22857,25393,32767,32767,32767,32767,32767,1650.0,16900.0
1358.0,1232.0,9722,20807,20727,20304,21794,23031,32767,32767,32767,32767,32767,1840.0,16900.0
1377.0,1141.0,10192,20807,21159,20304,20731,24802,32767,32767,32767,32767,32767,2284.0,16900.0
1626.0,1666.0,10349,20807,22886,20304,23389,25983,32767,32767,32767,32767,32767,2792.0,16900.0
1415.0,1232.0,10349,20807,20727,20304,20731,25393,32767,32767,32767,32767,32767,2570.0,16900.0
1758.0,1588.0,10298,20899,22120,21088,21644,24046,32767,32767,32767,32767,32767,2625.0,16900.0
1645.0,1437.0,8624,21215,21590,20304,20731,27165,32767,32767,32767,32767,32767,1935.0,16900.0
1358.0,1232.0,9251,21215,21590,22193,23389,27165,32767,32767,32767,32767,32767,1618.0,16900.0
1415.0,1278.0,9408,21215,22022,22193,23920,26574,32767,32767,32767,32767,32767,1935.0,16900.0
1396.0,1232.0,9722,21215,21159,21721,23389,24802,32767,32767,32767,32767,32767,1967.0,16900.0
1454.0,1369.0,10035,21215,22454,21249,23389,24802,32767,32767,32767,32767,32767,1840.0,16900.0
1454.0,1323.0,10192,21215,22022,21721,21794,26574,32767,32767,32767,32767,32767,2189.0,16900.0
1607.0,1483.0,10349,21215,21590,21249,23389,25393,32767,32767,32767,32767,32767,2284.0,16900.0
1532.0,1409.0,10504,21435,23254,21088,23739,24821,32767,32767,32767,32767,32767,2334.0,16900.0
1683.0,1768.0,10710,21435,21553,21088,21644,24046,32767,32767,32767,32767,32767,2625.0,16900.0
1301.0,1164.0,9408,21623,22022,22193,23389,25983,32767,32767,32767,32767,32767,1713.0,16900.0
1377.0,1278.0,9565,21623,20727,20304,21794,24212,32767,32767,32767,32767,32767,2253.0,16900.0
1740.0,1529.0,9879,21623,21590,22193,22857,24802,32767,32767,32767,32767,32767,2697.0,16900.0
1415.0,1232.0,10349,21623,21590,22193,22857,25393,32767,32767,32767,32767,32767,2411.0,16900.0
1607.0,1437.0,10349,21623,22022,20304,22326,24802,32767,32767,32767,32767,32767,2760.0,16900.0
1532.0,1379.0,10504,21971,22120,21708,23041,24821,32767,32767,32767,32767,32767,2625.0,16900.0
1432.0,1469.0,10916,21971,24389,22328,24437,25597,32767,32767,32767,32767,32767,2250.0,16900.0
1683.0,1618.0,11122,21971,22687,22328,23739,27924,32767,32767,32767,32767,32767,2625.0,16900.0
1358.0,1209.0,9565,22031,22886,23137,24452,27165,32767,32767,32767,32767,32767,1904.0,16900.0
1587.0,1483.0,9722,22031,22454,23137,24452,25983,32767,32767,32767,32767,32767,1935.0,16900.0
1396.0,1323.0,9879,22031,22022,22665,22857,25983,32767,32767,32767,32767,32767,1935.0,16900.0
1396.0,1278.0,10192,22031,22022,21721,23389,27165,32767,32767,32767,32767,32767,2031.0,16900.0
1377.0,1255.0,10192,22031,22454,23137,24452,27165,32767,32767,32767,32767,32767,1840.0,16900.0
1415.0,1369.0,10349,22031,22886,23137,24452,27165,32767,32767,32767,32767,32767,1935.0,16900.0
1377.0,1323.0,10349,22031,22022,21721,23920,25983,32767,32767,32767,32767,32767,2189.0,16900.0
1549.0,1506.0,10506,22031,23318,21721,23920,25983,32767,32767,32767,32767,32767,2316.0,16900.0
1549.0,1460.0,10506,22031,22454,21249,22857,26574,32767,32767,32767,32767,32767,2157.0,16900.0
1779.0,1688.0,11290,22031,23318,22665,24452,25983,32767,32767,32767,32767,32767,2538.0,16900.0
1798.0,1643.0,9565,22439,20727,21721,24452,27755,32767,32767,32767,32767,32767,2062.0,16900.0
1454.0,1346.0,10192,22439,22886,22665,23389,27165,32767,32767,32767,32767,32767,1967.0,16900.0
1721.0,1529.0,10349,22439,22454,21721,23920,25983,32767,32767,32767,32767,32767,3204.0,16900.0
1377.0,1301.0,10349,22439,22886,23610,24983,27755,32767,32767,32767,32767,32767,2031.0,16900.0
1702.0,1483.0,10663,22439,22886,22665,24452,26574,32767,32767,32767,32767,32767,3077.0,16900.0
1664.0,1506.0,10819,22439,22886,23610,24452,26574,32767,32767,32767,32767,32767,2633.0,16900.0
1306.0,1289.0,10298,22507,22687,21708,23041,25597,32767,32767,32767,32767,32767,1959.0,16900.0
1407.0,1558.0,10504,22507,22687,22948,23739,26373,32767,32767,32767,32767,32767,1959.0,16900.0
1532.0,1708.0,10710,22507,23254,22948,23041,24821,32767,32767,32767,32767,32767,2375.0,16900.0
1708.0,1588.0,10710,22507,23254,21708,24437,24821,32767,32767,32767,32767,32767,2375.0,16900.0
1457.0,1229.0,11946,22507,23822,22948,23739,25597,32767,32767,32767,32767,32767,2625.0,16900.0
1358.0,1255.0,9565,22847,21590,21249,22326,25983,32767,32767,32767,32767,32767,1935.0,16900.0
1664.0,1460.0,9722,22847,22886,22665,23920,27755,32767,32767,32767,32767,32767,2253.0,16900.0
1836.0,1460.0,10035,22847,22886,23137,23389,27165,32767,32767,32767,32767,32767,3077.0,16900.0
2046.0,1894.0,10192,22847,23318,23610,26046,27755,32767,32767,32767,32767,32767,2348.0,16900.0
1396.0,1369.0,10506,22847,23318,22665,22857,25393,32767,32767,32767,32767,32767,1967.0,16900.0
1473.0,1392.0,10663,22847,22454,22665,24452,27165,32767,32767,32767,32767,32767,2126.0,16900.0
1396.0,1323.0,10819,22847,23318,23137,24452,27165,32767,32767,32767,32767,32767,2031.0,16900.0
1587.0,1529.0,10976,22847,24613,23610,26046,27755,32767,32767,32767,32767,32767,2253.0,16900.0
1702.0,1666.0,11133,22847,24181,24082,24983,27165,32767,32767,32767,32767,32767,2602.0,16900.0
1721.0,1666.0,11290,22847,24181,22193,24452,27755,32767,32767,32767,32767,32767,2284.0,16900.0
1473.0,1415.0,11447,22847,23749,23610,23389,27165,32767,32767,32767,32767,32767,2189.0,16900.0
1415.0,1323.0,9722,23255,23318,24554,26046,28936,32767,32767,32767,32767,32767,1808.0,16900.0
1377.0,1278.0,10349,23255,21590,22193,23920,25983,32767,32767,32767,32767,32767,1904.0,16900.0
1473.0,1437.0,10349,23255,23318,21249,23389,27165,32767,32767,32767,32767,32767,1999.0,16900.0
1454.0,1460.0,10976,23255,24181,22665,23389,24802,32767,32767,32767,32767,32767,1935.0,16900.0
1626.0,1620.0,11133,23255,23749,24082,23920,26574,32767,32767,32767,32767,32767,2379.0,16900.0
1511.0,1483.0,11133,23255,24181,24554,26046,26574,32767,32767,32767,32767,32767,2221.0,16900.0
1932.0,1962.0,12074,23255,23749,24082,25515,27165,32767,32767,32767,32767,32767,2475.0,16900.0
1482.0,1618.0,11534,23579,24389,24809,26532,27148,32767,32767,32767,32767,32767,2209.0,16900.0
2238.0,2076.0,10663,23663,23749,24082,25515,28346,32767,32767,32767,32767,32767,2570.0,16900.0
1626.0,1643.0,10819,23663,24181,23610,23920,27165,32767,32767,32767,32767,32767,2189.0,16900.0
1626.0,1620.0,10976,23663,24181,23137,24983,26574,32767,32767,32767,32767,32767,2348.0,16900.0
1607.0,1506.0,11133,23663,24181,22665,24983,26574,32767,32767,32767,32767,32767,2221.0,16900.0
1377.0,1232.0,11133,23663,25045,25026,26046,27165,32767,32767,32767,32767,32767,2919.0,16900.0
1511.0,1506.0,11290,23663,25045,23610,24983,27755,32767,32767,32767,32767,32767,2031.0,16900.0
1683.0,1574.0,11603,23663,25477,24554,24452,27755,32767,32767,32767,32767,32767,2697.0,16900.0
1492.0,1392.0,11603,23663,23749,23610,24452,26574,32767,32767,32767,32767,32767,2760.0,16900.0
1855.0,1620.0,10192,24071,25045,23137,24983,28936,32767,32767,32767,32767,32767,2538.0,16900.0
1434.0,1323.0,10506,24071,25477,24554,26578,29527,32767,32767,32767,32767,32767,1840.0,16900.0
1473.0,1392.0,10819,24071,23749,25498,24983,25983,32767,32767,32767,32767,32767,2316.0,16900.0
1492.0,1460.0,10976,24071,24613,24082,26046,27755,32767,32767,32767,32767,32767,2126.0,16900.0
1434.0,1278.0,10976,24071,24613,24554,26578,29527,32767,32767,32767,32767,32767,1840.0,16900.0
1492.0,1529.0,11133,24071,24613,23610,23920,26574,32767,32767,32767,32767,32767,1935.0,16900.0
1511.0,1483.0,11133,24071,25045,22665,24983,27165,32767,32767,32767,32767,32767,2126.0,16900.0
2085.0,1985.0,11447,24071,25908,25026,25515,27165,32767,32767,32767,32767,32767,2633.0,16900.0
1492.0,1346.0,11447,24071,25908,25026,26046,28936,32767,32767,32767,32767,32767,2887.0,16900.0
1530.0,1506.0,11603,24071,25477,24554,24452,28346,32767,32767,32767,32767,32767,2126.0,16900.0
1568.0,1552.0,11917,24071,25908,24082,26578,28346,32767,32767,32767,32767,32767,2126.0,16900.0
1951.0,1734.0,12387,24071,24613,24554,24983,26574,32767,32767,32767,32767,32767,3617.0,16900.0
1407.0,1439.0,11122,24115,25523,24809,25135,28700,32767,32767,32767,32767,32767,2000.0,16900.0
1432.0,1349.0,11328,24115,23254,22948,23739,28700,32767,32767,32767,32767,32767,2292.0,16900.0
1407.0,1469.0,11534,24115,25523,24189,25834,27148,32767,32767,32767,32767,32767,2084.0,16900.0
1454.0,1323.0,10506,24479,25045,24082,26046,27755,32767,32767,32767,32767,32767,1935.0,16900.0
1587.0,1574.0,10976,24479,24613,25970,26578,28346,32767,32767,32767,32767,32767,2157.0,16900.0
1549.0,1483.0,10976,24479,25477,25026,27110,29527,32767,32767,32767,32767,32767,2475.0,16900.0
1721.0,1666.0,11133,24479,24181,25498,26046,28346,32767,32767,32767,32767,32767,2316.0,16900.0
1473.0,1460.0,11133,24479,25477,25498,27110,28936,32767,32767,32767,32767,32767,1840.0,16900.0
1454.0,1346.0,11133,24479,25477,25498,27641,27755,32767,32767,32767,32767,32767,1999.0,16900.0
1492.0,1506.0,11447,24479,25908,24554,26046,28936,32767,32767,32767,32767,32767,2031.0,16900.0
1664.0,1643.0,11447,24479,25045,24554,26578,29527,32767,32767,32767,32767,32767,2506.0,16900.0
2372.0,2305.0,11447,24479,25908,25026,27641,29527,32767,32767,32767,32767,32767,2982.0,16900.0
1492.0,1506.0,11917,24479,25908,23610,26046,27755,32767,32767,32767,32767,32767,2062.0,16900.0
1492.0,1415.0,12074,24479,25477,25026,27110,28936,32767,32767,32767,32767,32767,2284.0,16900.0
1492.0,1460.0,12074,24479,25477,24554,27110,27165,32767,32767,32767,32767,32767,2094.0,16900.0
1893.0,1871.0,12074,24479,25477,25026,26578,28936,32767,32767,32767,32767,32767,2665.0,16900.0
1530.0,1460.0,12231,24479,25477,24554,26578,27165,32767,32767,32767,32767,32767,2855.0,16900.0
2035.0,1768.0,11740,24651,26090,26670,27928,30251,32767,32767,32767,32767,32767,3000.0,16900.0
1482.0,1648.0,11946,24651,24956,23568,25834,29475,32767,32767,32767,32767,32767,2250.0,16900.0
1708.0,1768.0,12564,24651,24956,25429,26532,27148,32767,32767,32767,32767,32767,2750.0,16900.0
2027.0,2076.0,10976,24887,26772,24554,28173,31298,32767,32767,32767,32767,32767,2348.0,16900.0
1415.0,1301.0,11290,24887,25908,25498,27110,29527,32767,32767,32767,32767,32767,2062.0,16900.0
1568.0,1529.0,11290,24887,26772,24554,26046,27755,32767,32767,32767,32767,32767,1935.0,16900.0
1740.0,1666.0,11290,24887,25045,25026,26578,27755,32767,32767,32767,32767,32767,2506.0,16900.0
1626.0,1552.0,11447,24887,25477,25498,27641,28936,32767,32767,32767,32767,32767,2506.0,16900.0
2066.0,1711.0,11603,24887,26340,26915,25515,29527,32767,32767,32767,32767,32767,3680.0,16900.0
1645.0,1552.0,11603,24887,25045,24082,26046,27755,32767,32767,32767,32767,32767,2443.0,16900.0
1530.0,1574.0,11917,24887,26772,25498,26578,29527,32767,32767,32767,32767,32767,2031.0,16900.0
1530.0,1460.0,12074,24887,25908,25026,26578,28346,32767,32767,32767,32767,32767,2316.0,16900.0
1721.0,1688.0,12231,24887,26772,25970,27641,30117,32767,32767,32767,32767,32767,2633.0,16900.0
1357.0,1379.0,12976,25187,27792,26049,27928,26373,32767,32767,32767,32767,32767,2084.0,16900.0
1530.0,1346.0,11133,25295,26772,25498,27641,28346,32767,32767,32767,32767,32767,2475.0,16900.0
1645.0,1688.0,11447,25295,26772,25498,29236,30117,32767,32767,32767,32767,32767,2379.0,16900.0
1645.0,1643.0,11603,25295,26340,25498,27641,29527,32767,32767,32767,32767,32767,2094.0,16900.0
1702.0,1620.0,11760,25295,26340,26443,27641,30117,32767,32767,32767,32767,32767,2348.0,16900.0
1702.0,1711.0,11917,25295,26340,25026,27110,28936,32767,32767,32767,32767,32767,2284.0,16900.0
1511.0,1437.0,11917,25295,25477,25498,28173,28346,32767,32767,32767,32767,32767,2253.0,16900.0
1568.0,1552.0,12074,25295,25908,25026,27110,28936,32767,32767,32767,32767,32767,2062.0,16900.0
1760.0,1688.0,12074,25295,26340,25970,28173,29527,32767,32767,32767,32767,32767,2443.0,16900.0
1913.0,1848.0,12231,25295,26772,25970,27641,30708,32767,32767,32767,32767,32767,2633.0,16900.0
2219.0,1848.0,9408,25703,24181,27387,30299,32767,32767,32767,32767,32767,32767,2728.0,16900.0
1492.0,1529.0,11290,25703,25908,25498,26578,28346,32767,32767,32767,32767,32767,2475.0,16900.0
1626.0,1574.0,11447,25703,27636,26443,29767,30708,32767,32767,32767,32767,32767,2031.0,16900.0
1492.0,1392.0,11603,25703,27204,25970,26578,28936,32767,32767,32767,32767,32767,2031.0,16900.0
2180.0,2076.0,11760,25703,27204,27387,28704,31298,32767,32767,32767,32767,32767,2602.0,16900.0
1607.0,1871.0,11917,25703,26772,26915,30830,29527,32767,32767,32767,32767,32767,2728.0,16900.0
1530.0,1552.0,12231,25703,26772,25970,27110,28936,32767,32767,32767,32767,32767,2157.0,16900.0
1664.0,1803.0,12544,25703,26772,26915,28173,29527,32767,32767,32767,32767,32767,2253.0,16900.0
1607.0,1643.0,12544,25703,27636,26443,27641,30117,32767,32767,32767,32767,32767,2221.0,16900.0
1432.0,1528.0,12358,25722,26657,25429,26532,29475,32767,32767,32767,32767,32767,2167.0,16900.0
1583.0,1828.0,12770,25722,26657,26670,25834,29475,32767,32767,32767,32767,32767,2500.0,16900.0
2448.0,2373.0,10976,26111,26772,27859,29767,31889,32767,32767,32767,32767,32767,2633.0,16900.0
1779.0,1734.0,11133,26111,27204,26443,28173,31298,32767,32767,32767,32767,32767,2443.0,16900.0
1530.0,1574.0,12231,26111,28499,26915,28704,30708,32767,32767,32767,32767,32767,1999.0,16900.0
1607.0,1734.0,12544,26111,28499,27387,28704,30708,32767,32767,32767,32767,32767,2094.0,16900.0
1970.0,1894.0,12701,26111,27204,26443,28173,30708,32767,32767,32767,32767,32767,2602.0,16900.0
1530.0,1574.0,13015,26111,28067,28331,29767,30708,32767,32767,32767,32767,32767,1999.0,16900.0
1683.0,1558.0,11740,26258,27792,25429,27230,27924,32767,32767,32767,32767,32767,2792.0,16900.0
1708.0,1948.0,12770,26258,26657,27290,29325,28700,32767,32767,32767,32767,32767,2500.0,16900.0
1532.0,1499.0,13593,26258,27225,27910,28626,27924,32767,32767,32767,32767,32767,2250.0,16900.0
1473.0,1346.0,11917,26519,27636,26915,30299,31889,32767,32767,32767,32767,32767,2157.0,16900.0
1683.0,1483.0,12231,26519,28499,28804,31362,29527,32767,32767,32767,32767,32767,2728.0,16900.0
1607.0,1552.0,12387,26519,27204,25970,28704,30117,32767,32767,32767,32767,32767,2094.0,16900.0
2314.0,2145.0,12387,26519,27204,27859,28704,31889,32767,32767,32767,32767,32767,2824.0,16900.0
1530.0,1506.0,12387,26519,28067,27859,29767,31889,32767,32767,32767,32767,32767,1935.0,16900.0
1530.0,1437.0,12387,26519,27204,26915,28704,30117,32767,32767,32767,32767,32767,2157.0,16900.0
1779.0,1848.0,12544,26519,26772,25498,27641,30117,32767,32767,32767,32767,32767,2411.0,16900.0
1817.0,1939.0,13015,26519,27204,27859,30830,31298,32767,32767,32767,32767,32767,2570.0,16900.0
2336.0,2158.0,10504,26794,28926,29771,32117,32767,32767,32767,32767,32767,32767,2542.0,16900.0
1758.0,1678.0,12770,26794,27792,26049,25834,27148,32767,32767,32767,32767,32767,2625.0,16900.0
1457.0,1678.0,12770,26794,27792,27910,28626,29475,32767,32767,32767,32767,32767,2209.0,16900.0
1708.0,2038.0,13387,26794,30061,29150,30023,30251,32767,32767,32767,32767,32767,2500.0,16900.0
1664.0,1734.0,10506,26927,27636,28331,32767,32767,32767,32767,32767,32767,32767,1840.0,16900.0
1702.0,1734.0,11917,26927,28499,27387,29236,30708,32767,32767,32767,32767,32767,2157.0,16900.0
1568.0,1620.0,12074,26927,27636,28331,29767,31298,32767,32767,32767,32767,32767,2475.0,16900.0
1626.0,1734.0,12387,26927,28067,28331,29236,31889,32767,32767,32767,32767,32767,2253.0,16900.0
2295.0,2259.0,12387,26927,27636,28331,30830,31298,32767,32767,32767,32767,32767,2633.0,16900.0
1721.0,1848.0,12387,26927,27204,26915,28704,30117,32767,32767,32767,32767,32767,2348.0,16900.0
1855.0,1894.0,12858,26927,28931,27387,29767,31298,32767,32767,32767,32767,32767,2475.0,16900.0
1664.0,1688.0,13015,26927,30227,30220,32767,32767,32767,32767,32767,32767,32767,2189.0,16900.0
1758.0,2038.0,12976,27330,28359,27290,29325,30251,32767,32767,32767,32767,32767,2625.0,16900.0
1633.0,2008.0,13182,27330,28359,27290,27230,29475,32767,32767,32767,32767,32767,2542.0,16900.0
1482.0,1409.0,13387,27330,27225,29150,27230,29475,32767,32767,32767,32767,32767,3876.0,16900.0
1492.0,1460.0,10976,27335,28931,28331,31362,32767,32767,32767,32767,32767,32767,1967.0,16900.0
1760.0,1848.0,12387,27335,28931,28331,30299,31298,32767,32767,32767,32767,32767,2157.0,16900.0
1664.0,1757.0,12544,27335,30227,28804,31362,32479,32767,32767,32767,32767,32767,2411.0,16900.0
1932.0,1871.0,12858,27335,28499,28804,30299,30708,32767,32767,32767,32767,32767,2728.0,16900.0
1702.0,1848.0,12858,27335,27636,25498,29236,30117,32767,32767,32767,32767,32767,2348.0,16900.0
1760.0,1894.0,12858,27335,29363,28331,30299,30708,32767,32767,32767,32767,32767,2348.0,16900.0
1874.0,1803.0,12858,27335,28067,27859,27110,31298,32767,32767,32767,32767,32767,2665.0,16900.0
1798.0,1688.0,13015,27335,28499,30220,31362,31889,32767,32767,32767,32767,32767,2443.0,16900.0
1587.0,1620.0,13015,27335,28499,27387,30299,31298,32767,32767,32767,32767,32767,2094.0,16900.0
1568.0,1597.0,13171,27335,28499,27387,30299,30708,32767,32767,32767,32767,32767,2126.0,16900.0
1779.0,1803.0,13328,27335,29795,28331,30830,31298,32767,32767,32767,32767,32767,2253.0,16900.0
1454.0,1369.0,12231,27743,28931,29276,32425,31889,32767,32767,32767,32767,32767,1999.0,16900.0
1568.0,1552.0,12544,27743,28067,27859,30299,31889,32767,32767,32767,32767,32767,1999.0,16900.0
1664.0,1688.0,12701,27743,28067,27859,29767,31298,32767,32767,32767,32767,32767,2126.0,16900.0
1683.0,1871.0,13015,27743,28931,29276,31362,32479,32767,32767,32767,32767,32767,2253.0,16900.0
2486.0,2441.0,13328,27743,28931,31165,32767,32767,32767,32767,32767,32767,32767,3046.0,16900.0
2008.0,2031.0,13799,27743,28499,28331,30830,31889,32767,32767,32767,32767,32767,2760.0,16900.0
2236.0,2188.0,12976,27866,29493,28530,30023,32767,32767,32767,32767,32767,32767,3209.0,16900.0
1532.0,1618.0,13387,27866,29493,27910,29325,31802,32767,32767,32767,32767,32767,2042.0,16900.0
1532.0,1738.0,13593,27866,30061,29150,30721,32767,32767,32767,32767,32767,32767,2209.0,16900.0
1568.0,1574.0,11917,28151,29363,28804,31894,32767,32767,32767,32767,32767,32767,2062.0,16900.0
1702.0,1871.0,12074,28151,28499,27859,30830,31298,32767,32767,32767,32767,32767,2284.0,16900.0
1568.0,1666.0,12387,28151,31090,30220,32767,32767,32767,32767,32767,32767,32767,2221.0,16900.0
1740.0,1688.0,12701,28151,28067,28331,31362,31889,32767,32767,32767,32767,32767,2951.0,16900.0
1607.0,1688.0,12701,28151,28931,29276,30299,29527,32767,32767,32767,32767,32767,2157.0,16900.0
1568.0,1597.0,13328,28151,30227,28804,31362,32767,32767,32767,32767,32767,32767,1935.0,16900.0
1683.0,1597.0,13328,28151,31522,28804,30299,31298,32767,32767,32767,32767,32767,2157.0,16900.0
2257.0,2236.0,13485,28151,29363,28804,30299,30117,32767,32767,32767,32767,32767,2824.0,16900.0
1817.0,1871.0,13799,28151,29795,30220,32425,32767,32767,32767,32767,32767,32767,2443.0,16900.0
1798.0,1962.0,13799,28151,30227,29276,32767,32479,32767,32767,32767,32767,32767,2538.0,16900.0
1558.0,1798.0,13799,28402,30628,29771,31419,32578,32767,32767,32767,32767,32767,2250.0,16900.0
1702.0,1757.0,12701,28559,29363,29748,32425,32479,32767,32767,32767,32767,32767,2411.0,16900.0
1511.0,1803.0,13015,28559,30227,30692,32767,32767,32767,32767,32767,32767,32767,2284.0,16900.0
1913.0,1917.0,13328,28559,30658,28804,30299,32767,32767,32767,32767,32767,32767,2506.0,16900.0
1587.0,1597.0,13328,28559,30227,29748,29767,31889,32767,32767,32767,32767,32767,1999.0,16900.0
1932.0,2031.0,13799,28559,28931,29748,31362,32767,32767,32767,32767,32767,32767,2728.0,16900.0
1989.0,2054.0,14112,28559,31522,31165,32767,32767,32767,32767,32767,32767,32767,2506.0,16900.0
2448.0,2396.0,14269,28559,30658,31165,32767,32767,32767,32767,32767,32767,32767,2887.0,16900.0
1608.0,1918.0,14623,28938,30628,30391,31419,32767,32767,32767,32767,32767,32767,2542.0,16900.0
1708.0,2008.0,14829,28938,30628,30391,30721,32578,32767,32767,32767,32767,32767,2959.0,16900.0
1733.0,2218.0,15035,28938,30628,30391,31419,32767,32767,32767,32767,32767,32767,3084.0,16900.0
1568.0,1620.0,13328,28967,29795,30220,32767,32767,32767,32767,32767,32767,32767,2189.0,16900.0
2142.0,2054.0,13328,28967,31090,29748,30830,32767,32767,32767,32767,32767,32767,2602.0,16900.0
1932.0,1917.0,13642,28967,30658,29748,31362,32479,32767,32767,32767,32767,32767,2443.0,16900.0
1740.0,1825.0,13955,28967,31522,31165,32425,32767,32767,32767,32767,32767,32767,2189.0,16900.0
1913.0,1825.0,13955,28967,31954,29748,31362,32767,32767,32767,32767,32767,32767,2316.0,16900.0
1893.0,1939.0,14112,28967,31522,30692,32767,32767,32767,32767,32767,32767,32767,2538.0,16900.0
1913.0,1803.0,12858,29375,31522,30220,32767,32767,32767,32767,32767,32767,32767,2792.0,16900.0
1740.0,1803.0,13328,29375,31090,30220,32425,32767,32767,32767,32767,32767,32767,2221.0,16900.0
1664.0,1734.0,13485,29375,30227,30692,32767,32767,32767,32767,32767,32767,32767,2316.0,16900.0
1587.0,1711.0,13955,29375,31090,31165,32425,32767,32767,32767,32767,32767,32767,2157.0,16900.0
1855.0,1917.0,14112,29375,31954,31637,32767,32767,32767,32767,32767,32767,32767,2697.0,16900.0
1721.0,1734.0,14269,29375,30658,32109,32767,32767,32767,32767,32767,32767,32767,2379.0,16900.0
1583.0,1678.0,14623,29474,31195,30391,32117,32767,32767,32767,32767,32767,32767,2167.0,16900.0
2060.0,2158.0,14829,29474,32329,31631,32767,31027,32767,32767,32767,32767,32767,3000.0,16900.0
1859.0,2158.0,14829,29474,31195,30391,31419,31802,32767,32767,32767,32767,32767,3042.0,16900.0
1683.0,1848.0,10192,29783,31522,32767,32767,32767,32767,32767,32767,32767,32767,1872.0,16900.0
1779.0,2031.0,13015,29783,31522,29748,31894,32767,32767,32767,32767,32767,32767,2348.0,16900.0
1664.0,1803.0,13328,29783,31954,29748,31362,30708,32767,32767,32767,32767,32767,2221.0,16900.0
1779.0,1825.0,14112,29783,31954,30692,32767,32767,32767,32767,32767,32767,32767,2284.0,16900.0
2161.0,2305.0,14269,29783,30658,32581,32767,32767,32767,32767,32767,32767,32767,2855.0,16900.0
1913.0,1894.0,14583,29783,32386,31165,32767,32767,32767,32767,32767,32767,32767,2602.0,16900.0
1758.0,2188.0,14829,30010,31762,31011,32767,32767,32767,32767,32767,32767,32767,2750.0,16900.0
1959.0,2218.0,14829,30010,31762,31011,32767,32767,32767,32767,32767,32767,32767,2667.0,16900.0
1884.0,2188.0,15241,30010,31762,32252,32767,32767,32767,32767,32767,32767,32767,2667.0,16900.0
1951.0,1985.0,13642,30191,32767,32109,32767,32767,32767,32767,32767,32767,32767,2760.0,16900.0
1758.0,2038.0,15241,30545,32767,32767,32767,32767,32767,32767,32767,32767,32767,2584.0,16900.0
2008.0,1985.0,13328,30599,32386,30220,32425,32479,32767,32767,32767,32767,32767,2316.0,16900.0
1913.0,2031.0,13799,30599,31954,32109,32767,32767,32767,32767,32767,32767,32767,2506.0,16900.0
1951.0,1985.0,14583,30599,32386,31637,32767,32767,32767,32767,32767,32767,32767,2570.0,16900.0
1760.0,2054.0,15367,30599,32767,31637,32767,32767,32767,32767,32767,32767,32767,2570.0,16900.0
1798.0,1848.0,14269,31007,32767,31637,32767,32767,32767,32767,32767,32767,32767,2126.0,16900.0
1798.0,1917.0,14426,31007,32767,32581,32767,32767,32767,32767,32767,32767,32767,2411.0,16900.0
2487.0,2278.0,12976,31081,32329,32767,32767,32767,32767,32767,32767,32767,32767,3334.0,16900.0
2160.0,2188.0,14829,31081,32767,32767,32767,32767,32767,32767,32767,32767,32767,2917.0,16900.0
1859.0,2188.0,15447,31081,32767,31631,32767,32767,32767,32767,32767,32767,32767,2625.0,16900.0
1633.0,2218.0,15653,31081,31762,32767,32767,32767,32767,32767,32767,32767,32767,2709.0,16900.0
1817.0,1871.0,14583,31415,32767,32767,32767,32767,32767,32767,32767,32767,32767,2379.0,16900.0
1708.0,2128.0,15653,31617,32767,32767,32767,32767,32767,32767,32767,32767,32767,2709.0,16900.0
2180.0,2236.0,14896,32231,32767,32767,32767,32767,32767,32767,32767,32767,32767,2855.0,16900.0
1951.0,2213.0,15367,32231,32767,32767,32767,32767,32767,32767,32767,32767,32767,2633.0,16900.0
1932.0,2305.0,15837,32231,32767,32767,32767,32767,32767,32767,32767,32767,32767,2824.0,16900.0
2286.0,2038.0,13387,32767,32767,32767,32767,32767,32767,32767,32767,32767,32767,2375.0,16900.0
2104.0,2396.0,13485,32767,32767,32767,32767,32767,32767,32767,32767,32767,32767,2443.0,16900.0
1798.0,1894.0,14269,32767,32767,32767,32767,32767,32767,32767,32767,32767,32767,1967.0,16900.0
2104.0,2327.0,14426,32767,32767,32767,32767,32767,32767,32767,32767,32767,32767,2538.0,16900.0
1683.0,1666.0,15053,32767,32767,32767,32767,32767,32767,32767,32767,32767,32767,2126.0,16900.0
1893.0,2259.0,15367,32767,32767,32767,32767,32767,32767,32767,32767,32767,32767,2697.0,16900.0
1855.0,2099.0,15837,32767,32767,32767,32767,32767,32767,32767,32767,32767,32767,2570.0,16900.0
1970.0,2076.0,16151,32767,32767,32767,32767,32767,32767,32767,32767,32767,32767,2570.0,16900.0
1893.0,2122.0,16308,32767,32767,32767,32767,32767,32767,32767,32767,32767,32767,2506.0,16900.0
1836.0,1939.0,16308,32767,32767,32767,32767,32767,32767,32767,32767,32767,32767,2475.0,16900.0
1246.0,1006.0,6287,15948,13850,14198,17049,19533,32767,32767,32767,32767,32767,1590.0,17000.0
1419.0,1212.0,5815,16357,14715,15618,15451,20716,32767,32767,32767,32767,32767,1654.0,17000.0
1208.0,1006.0,7072,16766,16447,16565,16516,20125,32767,32767,32767,32767,32767,2353.0,17000.0
1457.0,1281.0,6444,17175,16447,17511,18115,22492,32767,32767,32767,32767,32767,1590.0,17000.0
1284.0,1006.0,7230,17175,16447,15618,15984,20716,32767,32767,32767,32767,32767,2449.0,17000.0
1438.0,1189.0,6287,17584,16447,18458,15984,21900,32767,32767,32767,32767,32767,1367.0,17000.0
1284.0,1052.0,8015,17993,19043,17985,20246,23676,32767,32767,32767,32767,32767,2067.0,17000.0
1304.0,1075.0,8330,17993,16879,17985,18648,22492,32767,32767,32767,32767,32767,2099.0,17000.0
1553.0,1372.0,8958,18402,18611,18458,19180,21308,32767,32767,32767,32767,32767,2385.0,17000.0
1725.0,1464.0,6444,18811,18611,19405,20246,23084,32767,32767,32767,32767,32767,1367.0,17000.0
1265.0,1121.0,8487,18811,19043,18458,19713,21900,32767,32767,32767,32767,32767,1876.0,17000.0
1227.0,1075.0,7858,19219,18611,18931,19713,24860,32767,32767,32767,32767,32767,1781.0,17000.0
1284.0,1166.0,8487,19219,19043,18931,21312,24268,32767,32767,32767,32767,32767,1876.0,17000.0
1380.0,1121.0,8958,19219,19043,18931,19180,21308,32767,32767,32767,32767,32767,2194.0,17000.0
1304.0,1143.0,7701,19628,18611,18458,19713,21900,32767,32767,32767,32767,32767,1844.0,17000.0
1265.0,1052.0,7858,19628,17745,17511,18115,21900,32767,32767,32767,32767,32767,1654.0,17000.0
1591.0,1349.0,7544,20037,19476,17511,19713,24860,32767,32767,32767,32767,32767,1431.0,17000.0
1361.0,1143.0,9116,20037,19909,19405,20246,23676,32767,32767,32767,32767,32767,1940.0,17000.0
1189.0,1052.0,8173,20446,20775,20351,21312,26635,32767,32767,32767,32767,32767,1495.0,17000.0
1284.0,1189.0,8644,20446,20775,20351,22910,24860,32767,32767,32767,32767,32767,1813.0,17000.0
1284.0,1143.0,9273,20446,20775,19878,22377,24860,32767,32767,32767,32767,32767,1717.0,17000.0
1361.0,1143.0,9587,20446,20775,19878,21312,23676,32767,32767,32767,32767,32767,2480.0,17000.0
1591.0,1372.0,9744,20446,20342,19878,19180,23676,32767,32767,32767,32767,32767,2735.0,17000.0
1380.0,1349.0,9273,20855,20775,21771,22377,24268,32767,32767,32767,32767,32767,1908.0,17000.0
1342.0,1235.0,9430,20855,21207,19405,21312,24268,32767,32767,32767,32767,32767,1749.0,17000.0
1361.0,1281.0,9430,20855,21207,20351,21312,26044,32767,32767,32767,32767,32767,1908.0,17000.0
1361.0,1212.0,9587,20855,20342,20351,22910,26044,32767,32767,32767,32767,32767,2385.0,17000.0
1361.0,1258.0,9587,20855,21207,21298,21844,24268,32767,32767,32767,32767,32767,1908.0,17000.0
1534.0,1464.0,9744,20855,21207,20824,22910,24860,32767,32767,32767,32767,32767,2067.0,17000.0
1419.0,1189.0,8958,21264,20775,18931,19713,22492,32767,32767,32767,32767,32767,2480.0,17000.0
1323.0,1098.0,8958,21673,20775,20824,22910,26044,32767,32767,32767,32767,32767,1590.0,17000.0
1438.0,1372.0,9901,21673,22073,21771,22910,26635,32767,32767,32767,32767,32767,2162.0,17000.0
1342.0,1166.0,10059,21673,21640,20824,22377,25452,32767,32767,32767,32767,32767,1940.0,17000.0
1495.0,1372.0,10059,21673,22506,21298,23443,27227,32767,32767,32767,32767,32767,2226.0,17000.0
1476.0,1304.0,10059,21673,21207,20351,22377,24860,32767,32767,32767,32767,32767,2608.0,17000.0
1438.0,1326.0,10059,21673,21640,20351,21844,24268,32767,32767,32767,32767,32767,2226.0,17000.0
1342.0,1258.0,10059,21673,22073,21771,23443,26635,32767,32767,32767,32767,32767,1749.0,17000.0
1457.0,1441.0,10373,21673,22073,22244,23443,27227,32767,32767,32767,32767,32767,2258.0,17000.0
1323.0,1166.0,9587,22082,22073,22244,23443,27227,32767,32767,32767,32767,32767,2003.0,17000.0
1438.0,1395.0,10216,22082,22073,22244,22910,26635,32767,32767,32767,32767,32767,2162.0,17000.0
1380.0,1304.0,10373,22082,22073,21771,22910,26635,32767,32767,32767,32767,32767,2226.0,17000.0
1610.0,1372.0,10530,22082,22506,22718,23976,28411,32767,32767,32767,32767,32767,2767.0,17000.0
1706.0,1509.0,10530,22082,22073,22244,22910,26635,32767,32767,32767,32767,32767,2894.0,17000.0
1457.0,1349.0,9273,22491,22506,21298,23976,26635,32767,32767,32767,32767,32767,1685.0,17000.0
1380.0,1326.0,10059,22491,22073,22718,24508,27819,32767,32767,32767,32767,32767,1844.0,17000.0
1591.0,1441.0,10373,22491,22939,21771,23443,27227,32767,32767,32767,32767,32767,2226.0,17000.0
1591.0,1509.0,10530,22491,22939,21298,23443,25452,32767,32767,32767,32767,32767,2290.0,17000.0
1323.0,1189.0,8958,22900,22939,22718,25574,29003,32767,32767,32767,32767,32767,1654.0,17000.0
1361.0,1281.0,9587,22900,24237,23191,26639,29003,32767,32767,32767,32767,32767,1844.0,17000.0
1936.0,1875.0,9744,22900,23804,23191,23443,27227,32767,32767,32767,32767,32767,2131.0,17000.0
1706.0,1532.0,10059,22900,22506,22244,23443,26635,32767,32767,32767,32767,32767,2321.0,17000.0
1534.0,1418.0,10059,22900,23372,22244,25574,27819,32767,32767,32767,32767,32767,2226.0,17000.0
1399.0,1326.0,10216,22900,24237,23664,26107,29003,32767,32767,32767,32767,32767,1749.0,17000.0
1380.0,1235.0,9273,23309,23804,23664,26107,28411,32767,32767,32767,32767,32767,1813.0,17000.0
1304.0,1189.0,9430,23309,23372,23191,25574,29003,32767,32767,32767,32767,32767,1654.0,17000.0
1380.0,1281.0,9901,23309,24670,23191,26107,29595,32767,32767,32767,32767,32767,2099.0,17000.0
1457.0,1395.0,10373,23309,23804,22718,26107,27227,32767,32767,32767,32767,32767,1844.0,17000.0
1534.0,1349.0,10687,23309,23372,23664,24508,27227,32767,32767,32767,32767,32767,2449.0,17000.0
1783.0,1578.0,10687,23309,23372,23664,23443,28411,32767,32767,32767,32767,32767,2417.0,17000.0
1572.0,1487.0,9116,23718,23372,20351,21312,24860,32767,32767,32767,32767,32767,1622.0,17000.0
1553.0,1418.0,9430,23718,23804,25557,27705,29003,32767,32767,32767,32767,32767,1908.0,17000.0
1380.0,1258.0,10530,23718,25103,24137,26107,30187,32767,32767,32767,32767,32767,2194.0,17000.0
1629.0,1509.0,10687,23718,24237,24137,23976,28411,32767,32767,32767,32767,32767,2162.0,17000.0
1898.0,1830.0,10844,23718,23804,23664,25041,29003,32767,32767,32767,32767,32767,2576.0,17000.0
1668.0,1601.0,11002,23718,24237,22718,24508,27227,32767,32767,32767,32767,32767,2353.0,17000.0
1706.0,1624.0,11002,23718,23804,24137,25041,27227,32767,32767,32767,32767,32767,2131.0,17000.0
1572.0,1464.0,11473,23718,25103,25084,26639,28411,32767,32767,32767,32767,32767,2258.0,17000.0
1323.0,1166.0,10059,24127,24237,23664,26639,29595,32767,32767,32767,32767,32767,1876.0,17000.0
1323.0,1189.0,10373,24127,24670,24137,26107,29595,32767,32767,32767,32767,32767,1717.0,17000.0
1342.0,1189.0,10373,24127,25536,25084,27705,28411,32767,32767,32767,32767,32767,1717.0,17000.0
1534.0,1509.0,10687,24127,24237,24611,25574,27227,32767,32767,32767,32767,32767,2480.0,17000.0
1495.0,1372.0,11159,24127,24670,24611,26107,28411,32767,32767,32767,32767,32767,2035.0,17000.0
1668.0,1578.0,11316,24127,24237,23191,25041,26635,32767,32767,32767,32767,32767,2258.0,17000.0
1457.0,1304.0,11473,24127,24237,25084,25574,27819,32767,32767,32767,32767,32767,2480.0,17000.0
1649.0,1601.0,11630,24127,25536,25084,27705,27819,32767,32767,32767,32767,32767,2321.0,17000.0
1495.0,1441.0,11945,24127,24670,24137,26107,27227,32767,32767,32767,32767,32767,2353.0,17000.0
1342.0,1143.0,10530,24536,26401,26504,27705,32554,32767,32767,32767,32767,32767,2162.0,17000.0
1399.0,1326.0,10687,24536,25536,25557,26639,29595,32767,32767,32767,32767,32767,2099.0,17000.0
1399.0,1304.0,11002,24536,25103,25084,27172,28411,32767,32767,32767,32767,32767,2162.0,17000.0
1591.0,1532.0,11630,24536,25536,25557,27705,26635,32767,32767,32767,32767,32767,2544.0,17000.0
1629.0,1509.0,11630,24536,25536,25084,26107,27819,32767,32767,32767,32767,32767,2162.0,17000.0
1649.0,1601.0,10844,24944,25536,24137,25574,27819,32767,32767,32767,32767,32767,2131.0,17000.0
1380.0,1281.0,10844,24944,26401,26977,29303,32554,32767,32767,32767,32767,32767,1908.0,17000.0
1457.0,1441.0,10844,24944,25536,24137,25041,27227,32767,32767,32767,32767,32767,1972.0,17000.0
1591.0,1532.0,11159,24944,25536,25084,26639,27819,32767,32767,32767,32767,32767,1940.0,17000.0
1553.0,1418.0,11316,24944,25103,25084,26107,27819,32767,32767,32767,32767,32767,2767.0,17000.0
1802.0,1669.0,11316,24944,25968,24611,26107,27819,32767,32767,32767,32767,32767,2639.0,17000.0
1629.0,1532.0,11630,24944,25968,26031,27705,29595,32767,32767,32767,32767,32767,2131.0,17000.0
1649.0,1647.0,11787,24944,26401,25084,26639,27819,32767,32767,32767,32767,32767,2226.0,17000.0
1591.0,1578.0,11945,24944,26834,26504,27172,29003,32767,32767,32767,32767,32767,2385.0,17000.0
1495.0,1372.0,10373,25353,26401,26031,29303,30779,32767,32767,32767,32767,32767,1876.0,17000.0
1476.0,1395.0,11159,25353,25103,24611,27705,30187,32767,32767,32767,32767,32767,1972.0,17000.0
1534.0,1418.0,11473,25353,26401,25557,28771,29595,32767,32767,32767,32767,32767,2194.0,17000.0
1457.0,1418.0,11630,25353,26401,25557,25574,27227,32767,32767,32767,32767,32767,1908.0,17000.0
1591.0,1555.0,11630,25353,26401,25557,27705,30187,32767,32767,32767,32767,32767,2194.0,17000.0
1994.0,1967.0,10530,25762,25968,26031,26639,30187,32767,32767,32767,32767,32767,2099.0,17000.0
1476.0,1372.0,10687,25762,27700,26977,30369,31963,32767,32767,32767,32767,32767,2003.0,17000.0
1514.0,1418.0,10844,25762,26401,26977,28771,30187,32767,32767,32767,32767,32767,1908.0,17000.0
1936.0,1830.0,11002,25762,25536,26504,28771,30187,32767,32767,32767,32767,32767,2417.0,17000.0
1534.0,1532.0,11316,25762,27267,27450,29303,31963,32767,32767,32767,32767,32767,2194.0,17000.0
1553.0,1464.0,11630,25762,26834,26504,28238,30187,32767,32767,32767,32767,32767,2131.0,17000.0
1419.0,1418.0,11630,25762,25968,25557,28238,28411,32767,32767,32767,32767,32767,1781.0,17000.0
1629.0,1487.0,11630,25762,25536,25557,26639,27227,32767,32767,32767,32767,32767,3085.0,17000.0
1438.0,1372.0,11787,25762,26401,26504,27705,29003,32767,32767,32767,32767,32767,2035.0,17000.0
1457.0,1532.0,11945,25762,25968,26031,27705,29595,32767,32767,32767,32767,32767,2003.0,17000.0
1802.0,1624.0,11945,25762,25968,25084,27172,29003,32767,32767,32767,32767,32767,2449.0,17000.0
2128.0,1990.0,12730,25762,25968,26504,28238,27819,32767,32767,32767,32767,32767,3880.0,17000.0
2243.0,2035.0,9273,26171,25536,26031,27705,32767,32767,32767,32767,32767,32767,2003.0,17000.0
1304.0,1166.0,10216,26171,26401,25557,31435,32767,32767,32767,32767,32767,32767,1685.0,17000.0
2166.0,1990.0,11002,26171,25536,27450,27172,30779,32767,32767,32767,32767,32767,2067.0,17000.0
1399.0,1395.0,11002,26171,26834,27924,30369,32767,32767,32767,32767,32767,32767,2067.0,17000.0
1591.0,1487.0,11316,26171,28132,26031,28771,30779,32767,32767,32767,32767,32767,1876.0,17000.0
1629.0,1692.0,11787,26171,27267,26977,27705,29595,32767,32767,32767,32767,32767,2099.0,17000.0
1591.0,1601.0,12416,26171,26401,25557,27172,29595,32767,32767,32767,32767,32767,2703.0,17000.0
1495.0,1487.0,12573,26171,26834,25557,28238,28411,32767,32767,32767,32767,32767,2321.0,17000.0
1744.0,1852.0,12730,26171,27267,26977,28771,29595,32767,32767,32767,32767,32767,2608.0,17000.0
1342.0,1212.0,10844,26580,26834,26504,30902,32767,32767,32767,32767,32767,32767,1622.0,17000.0
1687.0,1647.0,11316,26580,28132,26031,26639,29595,32767,32767,32767,32767,32767,1940.0,17000.0
2396.0,2264.0,11316,26580,28132,25557,25574,30779,32767,32767,32767,32767,32767,2671.0,17000.0
1936.0,1647.0,11473,26580,25968,27450,30369,30779,32767,32767,32767,32767,32767,3466.0,17000.0
1591.0,1578.0,11630,26580,26834,26504,27172,30779,32767,32767,32767,32767,32767,1876.0,17000.0
1783.0,1692.0,11945,26580,27700,27450,28238,30779,32767,32767,32767,32767,32767,2258.0,17000.0
1380.0,1281.0,12259,26580,27267,27450,30902,29595,32767,32767,32767,32767,32767,2671.0,17000.0
1553.0,1555.0,12573,26580,28132,27924,29836,30779,32767,32767,32767,32767,32767,2035.0,17000.0
2013.0,2058.0,12573,26580,27700,27924,28771,28411,32767,32767,32767,32767,32767,3403.0,17000.0
1687.0,1692.0,12730,26580,28132,26977,29303,30779,32767,32767,32767,32767,32767,2321.0,17000.0
1840.0,1807.0,12730,26580,27267,26977,28771,30779,32767,32767,32767,32767,32767,2544.0,17000.0
1399.0,1235.0,10844,26989,28132,27924,30369,32767,32767,32767,32767,32767,32767,1813.0,17000.0
1476.0,1372.0,11473,26989,27267,29343,30902,31371,32767,32767,32767,32767,32767,1908.0,17000.0
1936.0,1921.0,11945,26989,27700,27450,29303,29595,32767,32767,32767,32767,32767,2131.0,17000.0
1706.0,1784.0,11945,26989,28132,26504,28238,30779,32767,32767,32767,32767,32767,2131.0,17000.0
1534.0,1509.0,12259,26989,27267,26031,29303,31371,32767,32767,32767,32767,32767,2162.0,17000.0
1687.0,1624.0,12259,26989,28132,27450,28238,31371,32767,32767,32767,32767,32767,2131.0,17000.0
1821.0,1807.0,13045,26989,28565,27924,29303,30187,32767,32767,32767,32767,32767,2385.0,17000.0
1438.0,1555.0,11787,27398,28132,27450,30902,31963,32767,32767,32767,32767,32767,1908.0,17000.0
1725.0,1830.0,12259,27398,28565,26977,28238,29003,32767,32767,32767,32767,32767,2226.0,17000.0
1649.0,1578.0,12730,27398,29864,27924,31435,31371,32767,32767,32767,32767,32767,2353.0,17000.0
2051.0,1921.0,13045,27398,28998,28397,30369,31963,32767,32767,32767,32767,32767,2798.0,17000.0
1936.0,1784.0,11159,27807,29431,28397,28238,31963,32767,32767,32767,32767,32767,1844.0,17000.0
1572.0,1624.0,11316,27807,28565,29343,32767,32767,32767,32767,32767,32767,32767,2003.0,17000.0
1514.0,1418.0,11630,27807,29431,27924,30369,32767,32767,32767,32767,32767,32767,2003.0,17000.0
1610.0,1555.0,12259,27807,29431,29343,31435,32554,32767,32767,32767,32767,32767,1940.0,17000.0
2089.0,1898.0,12416,27807,29864,28870,30902,32767,32767,32767,32767,32767,32767,2830.0,17000.0
1725.0,1807.0,12573,27807,28132,28397,30902,32767,32767,32767,32767,32767,32767,2226.0,17000.0
1859.0,1990.0,12730,27807,29864,27450,30369,31963,32767,32767,32767,32767,32767,2321.0,17000.0
1649.0,1601.0,12888,27807,28132,27450,29836,31371,32767,32767,32767,32767,32767,2162.0,17000.0
1629.0,1738.0,13202,27807,28565,29817,30902,30779,32767,32767,32767,32767,32767,2544.0,17000.0
1994.0,2058.0,13359,27807,28998,28397,29303,29595,32767,32767,32767,32767,32767,3657.0,17000.0
1591.0,1487.0,11316,28216,28565,27924,32500,32767,32767,32767,32767,32767,32767,2035.0,17000.0
1668.0,1532.0,11630,28216,28565,26504,26639,28411,32767,32767,32767,32767,32767,2417.0,17000.0
1821.0,1784.0,12259,28216,28565,28397,29303,32554,32767,32767,32767,32767,32767,2131.0,17000.0
1629.0,1669.0,12259,28216,29431,27450,28771,29595,32767,32767,32767,32767,32767,1972.0,17000.0
1725.0,1852.0,12416,28216,28998,27450,30369,30187,32767,32767,32767,32767,32767,2131.0,17000.0
1572.0,1509.0,12888,28216,29864,29343,32767,32554,32767,32767,32767,32767,32767,2321.0,17000.0
2089.0,2150.0,12416,28625,28998,27924,30369,32767,32767,32767,32767,32767,32767,2194.0,17000.0
2243.0,2058.0,12573,28625,29431,29817,31967,32767,32767,32767,32767,32767,32767,2767.0,17000.0
1744.0,1807.0,12573,28625,29864,28870,29303,31963,32767,32767,32767,32767,32767,2131.0,17000.0
1994.0,1852.0,11945,29034,29864,27924,30369,32554,32767,32767,32767,32767,32767,2480.0,17000.0
1668.0,1578.0,12888,29034,30296,29817,31967,32767,32767,32767,32767,32767,32767,2226.0,17000.0
1534.0,1601.0,13045,29034,29864,30763,30902,30779,32767,32767,32767,32767,32767,2035.0,17000.0
1764.0,1830.0,13202,29034,31595,30763,32767,32767,32767,32767,32767,32767,32767,2449.0,17000.0
1744.0,1692.0,13202,29034,30729,30290,31967,32767,32767,32767,32767,32767,32767,2290.0,17000.0
1821.0,1852.0,13516,29034,31595,30763,31967,32554,32767,32767,32767,32767,32767,2449.0,17000.0
2147.0,1898.0,14616,29034,29864,29343,29836,31371,32767,32767,32767,32767,32767,4070.0,17000.0
2185.0,2447.0,11787,29443,31595,29817,31435,32767,32767,32767,32767,32767,32767,2512.0,17000.0
1668.0,1669.0,11945,29443,32028,31237,32767,32767,32767,32767,32767,32767,32767,1940.0,17000.0
1629.0,1624.0,12573,29443,30296,29343,30369,32767,32767,32767,32767,32767,32767,2035.0,17000.0
1610.0,1692.0,12888,29443,30729,29343,31435,32767,32767,32767,32767,32767,32767,2067.0,17000.0
1687.0,1761.0,13045,29443,28998,27924,30369,30779,32767,32767,32767,32767,32767,2194.0,17000.0
1687.0,1738.0,13202,29443,30296,29817,32767,30779,32767,32767,32767,32767,32767,2162.0,17000.0
1936.0,1990.0,13202,29443,31162,30763,30902,32554,32767,32767,32767,32767,32767,2385.0,17000.0
1859.0,1875.0,13359,29443,31162,30290,32500,32767,32767,32767,32767,32767,32767,2321.0,17000.0
1955.0,1990.0,13673,29443,31595,29817,31967,32767,32767,32767,32767,32767,32767,2544.0,17000.0
2051.0,2127.0,13831,29443,30729,30763,31967,32767,32767,32767,32767,32767,32767,2576.0,17000.0
1917.0,1921.0,13831,29443,31595,30763,32500,32554,32767,32767,32767,32767,32767,2290.0,17000.0
2166.0,2058.0,13988,29443,31162,30763,31435,30187,32767,32767,32767,32767,32767,3593.0,17000.0
1955.0,2035.0,12888,29852,31595,30290,32767,32767,32767,32767,32767,32767,32767,2576.0,17000.0
1898.0,1807.0,13359,29852,30729,30763,30902,32767,32767,32767,32767,32767,32767,2290.0,17000.0
1706.0,1715.0,13673,29852,32028,31237,32767,32767,32767,32767,32767,32767,32767,2290.0,17000.0
1955.0,1944.0,13202,30260,31162,30763,30902,32554,32767,32767,32767,32767,32767,2290.0,17000.0
1879.0,1921.0,13516,30260,31162,30763,32500,30187,32767,32767,32767,32767,32767,2258.0,17000.0
1764.0,1852.0,14145,30260,32460,31237,32767,32767,32767,32767,32767,32767,32767,2067.0,17000.0
2089.0,2127.0,14302,30260,32028,32183,31967,32767,32767,32767,32767,32767,32767,2544.0,17000.0
1955.0,2013.0,14616,30260,32028,30290,31967,32767,32767,32767,32767,32767,32767,2576.0,17000.0
1955.0,1921.0,14774,30260,31162,30763,31967,31371,32767,32767,32767,32767,32767,3593.0,17000.0
1572.0,1578.0,12888,30669,32028,30290,32767,32554,32767,32767,32767,32767,32767,1813.0,17000.0
1955.0,1921.0,13202,30669,32767,30290,30902,32767,32767,32767,32767,32767,32767,2162.0,17000.0
1553.0,1304.0,13516,30669,28998,32767,32767,30187,32767,32767,32767,32767,32767,2703.0,17000.0
1974.0,1852.0,13673,30669,28998,30763,30902,30779,32767,32767,32767,32767,32767,3593.0,17000.0
1725.0,1784.0,13673,30669,30729,29817,32767,32767,32767,32767,32767,32767,32767,2131.0,17000.0
1821.0,1875.0,14145,30669,32028,31710,31967,32554,32767,32767,32767,32767,32767,2353.0,17000.0
2412.0,2878.0,14293,31076,31273,32767,32767,32767,32767,32767,32767,32767,32767,2852.0,17000.0
1764.0,1669.0,12416,31078,31595,32183,32767,32767,32767,32767,32767,32767,32767,2099.0,17000.0
1725.0,1875.0,14145,31078,32028,26854,30902,32554,32767,32767,32767,32767,32767,2194.0,17000.0
1783.0,1807.0,14459,31078,32767,32183,32767,32767,32767,32767,32767,32767,32767,2258.0,17000.0
1840.0,2127.0,14459,31078,32460,32656,32767,32767,32767,32767,32767,32767,32767,2449.0,17000.0
2109.0,2150.0,14616,31078,32767,32767,32767,32767,32767,32767,32767,32767,32767,2703.0,17000.0
1917.0,2035.0,14774,31078,32767,32656,32767,32767,32767,32767,32767,32767,32767,2512.0,17000.0
1668.0,1692.0,13831,31487,32460,32656,32500,32767,32767,32767,32767,32767,32767,1876.0,17000.0
1706.0,1715.0,13831,31487,32767,32656,32767,32767,32767,32767,32767,32767,32767,2258.0,17000.0
1840.0,1967.0,13988,31487,32767,31710,32767,32767,32767,32767,32767,32767,32767,2544.0,17000.0
1936.0,1944.0,14616,31487,32767,32656,32767,32767,32767,32767,32767,32767,32767,2608.0,17000.0
2013.0,2104.0,15088,31487,32767,32767,32767,32767,32767,32767,32767,32767,32767,2639.0,17000.0
1859.0,1921.0,13988,31896,32767,32183,32767,32767,32767,32767,32767,32767,32767,2290.0,17000.0
2185.0,2264.0,13045,32305,32767,32767,32767,32767,32767,32767,32767,32767,32767,2512.0,17000.0
1783.0,1830.0,13988,32305,32767,32767,32767,32767,32767,32767,32767,32767,32767,2226.0,17000.0
1821.0,1898.0,14145,32305,32767,32767,32767,32767,32767,32767,32767,32767,32767,2067.0,17000.0
1859.0,1807.0,14302,32305,32460,32767,32767,32767,32767,32767,32767,32767,32767,2798.0,17000.0
1936.0,2150.0,14774,32305,32767,32767,32767,32554,32767,32767,32767,32767,32767,2417.0,17000.0
1879.0,1967.0,14616,32714,32767,32767,32767,32767,32767,32767,32767,32767,32767,2321.0,17000.0
1840.0,1898.0,15088,32714,32767,32767,32767,32767,32767,32767,32767,32767,32767,2321.0,17000.0
1840.0,1967.0,13988,32767,32767,32767,32767,32767,32767,32767,32767,32767,32767,2671.0,17000.0
2243.0,2310.0,14302,32767,32767,32767,32767,32767,32767,32767,32767,32767,32767,2385.0,17000.0
1649.0,1692.0,14774,32767,32767,32767,32767,32767,32767,32767,32767,32767,32767,1940.0,17000.0
2243.0,2241.0,14931,32767,32767,32767,32767,32767,32767,32767,32767,32767,32767,2576.0,17000.0
1764.0,2173.0,14931,32767,32767,32767,32767,32767,32767,32767,32767,32767,32767,2321.0,17000.0
1649.0,1647.0,15088,32767,32767,32767,32767,32767,32767,32767,32767,32767,32767,2067.0,17000.0
1821.0,2127.0,15088,32767,32767,32767,32767,32767,32767,32767,32767,32767,32767,2258.0,17000.0
2032.0,2150.0,15245,32767,32767,32767,32767,32767,32767,32767,32767,32767,32767,2544.0,17000.0
1629.0,1852.0,15245,32767,32767,32767,32767,32767,32767,32767,32767,32767,32767,2417.0,17000.0
2185.0,2241.0,15245,32767,32767,32767,32767,32767,32767,32767,32767,32767,32767,2608.0,17000.0
1744.0,1875.0,15402,32767,32767,32767,32767,32767,32767,32767,32767,32767,32767,2194.0,17000.0
2051.0,2195.0,15559,32767,32767,32767,32767,32767,32767,32767,32767,32767,32767,2512.0,17000.0
2070.0,2195.0,15717,32767,32767,32767,32767,32767,32767,32767,32767,32767,32767,2544.0,17000.0
2185.0,2333.0,15717,32767,32767,32767,32767,32767,32767,32767,32767,32767,32767,3116.0,17000.0
1994.0,2127.0,15717,32767,32767,32767,32767,32767,32767,32767,32767,32767,32767,2512.0,17000.0
1744.0,2058.0,16188,32767,32767,32767,32767,32767,32767,32767,32767,32767,32767,2480.0,17000.0
2051.0,2195.0,16345,32767,32767,32767,32767,32767,32767,32767,32767,32767,32767,2608.0,17000.0
1936.0,2058.0,17288,32767,32767,32767,32767,32767,32767,32767,32767,32767,32767,2290.0,17000.0
1207.0,990.0,5259,14890,13204,13042,14681,17475,32767,32767,32767,32767,32767,1158.0,17200.0
1283.0,1058.0,6187,15695,14482,15836,16255,19223,32767,32767,32767,32767,32767,1440.0,17200.0
1189.0,900.0,7270,15695,14056,14905,15730,18058,32767,32767,32767,32767,32767,2723.0,17200.0
1264.0,1058.0,6806,16902,17038,16302,16255,22135,32767,32767,32767,32767,32767,1064.0,17200.0
1339.0,1170.0,7115,16902,15760,17699,16779,19805,32767,32767,32767,32767,32767,1471.0,17200.0
1434.0,1260.0,6496,18110,16612,17699,18352,22135,32767,32767,32767,32767,32767,1283.0,17200.0
1358.0,1238.0,7579,18110,17038,17234,17828,20388,32767,32767,32767,32767,32767,1533.0,17200.0
1245.0,1013.0,6187,18512,17890,19097,19925,22718,32767,32767,32767,32767,32767,1221.0,17200.0
1339.0,1148.0,8352,18512,17464,18631,18876,20970,32767,32767,32767,32767,32767,2003.0,17200.0
1321.0,1125.0,8507,18915,18741,18631,19925,22135,32767,32767,32767,32767,32767,2034.0,17200.0
1339.0,1193.0,8507,18915,19167,18631,19401,21553,32767,32767,32767,32767,32767,1846.0,17200.0
1434.0,1395.0,8507,20122,21297,20494,22022,23883,32767,32767,32767,32767,32767,1502.0,17200.0
1339.0,1193.0,8662,20524,21297,21426,22022,23883,32767,32767,32767,32767,32767,1440.0,17200.0
1434.0,1328.0,9435,20524,20871,20494,21498,22135,32767,32767,32767,32767,32767,1815.0,17200.0
1396.0,1305.0,9590,20524,20019,20494,20974,22718,32767,32767,32767,32767,32767,2034.0,17200.0
1434.0,1328.0,9744,20524,20871,20960,22022,24465,32767,32767,32767,32767,32767,1972.0,17200.0
1490.0,1350.0,10054,20524,20445,20960,20449,22718,32767,32767,32767,32767,32767,2253.0,17200.0
1509.0,1350.0,10208,20524,22149,21426,22547,23300,32767,32767,32767,32767,32767,2253.0,17200.0
1415.0,1170.0,10518,20524,20871,20960,21498,22135,32767,32767,32767,32767,32767,3004.0,17200.0
1415.0,1260.0,8816,20927,20871,20494,21498,22718,32767,32767,32767,32767,32767,1440.0,17200.0
1302.0,1080.0,9590,20927,20871,21426,22022,23883,32767,32767,32767,32767,32767,2191.0,17200.0
1434.0,1350.0,10208,20927,21723,20960,21498,23883,32767,32767,32767,32767,32767,2066.0,17200.0
1434.0,1373.0,9435,21329,20871,22357,23071,25048,32767,32767,32767,32767,32767,1721.0,17200.0
1415.0,1238.0,9899,21329,21297,20960,20974,23300,32767,32767,32767,32767,32767,2066.0,17200.0
1434.0,1328.0,10054,21329,21723,20960,22022,24465,32767,32767,32767,32767,32767,1878.0,17200.0
1472.0,1328.0,10054,21329,22575,22357,23595,25630,32767,32767,32767,32767,32767,2097.0,17200.0
1434.0,1328.0,10363,21329,21723,21426,22547,24465,32767,32767,32767,32767,32767,2285.0,17200.0
1377.0,1418.0,9126,21732,20445,21891,21498,22718,32767,32767,32767,32767,32767,1690.0,17200.0
1396.0,1193.0,9435,21732,21723,21891,22547,25048,32767,32767,32767,32767,32767,1753.0,17200.0
1377.0,1260.0,9899,21732,23001,22357,24120,26213,32767,32767,32767,32767,32767,1627.0,17200.0
1377.0,1238.0,10054,21732,22149,21891,23071,25048,32767,32767,32767,32767,32767,2253.0,17200.0
1472.0,1305.0,10518,21732,22575,21426,23071,23883,32767,32767,32767,32767,32767,2066.0,17200.0
1396.0,1260.0,10827,21732,23427,22823,23071,24465,32767,32767,32767,32767,32767,2191.0,17200.0
1717.0,1688.0,9744,22134,21723,24220,23595,25630,32767,32767,32767,32767,32767,1753.0,17200.0
1339.0,1215.0,9899,22134,22575,20960,22547,24465,32767,32767,32767,32767,32767,1909.0,17200.0
1453.0,1305.0,10208,22134,22575,21891,22022,23883,32767,32767,32767,32767,32767,2066.0,17200.0
1472.0,1283.0,10208,22134,23427,22357,23595,25630,32767,32767,32767,32767,32767,2034.0,17200.0
1415.0,1260.0,10518,22134,23427,23289,24120,25048,32767,32767,32767,32767,32767,2034.0,17200.0
1434.0,1350.0,9899,22537,23001,22823,23071,24465,32767,32767,32767,32767,32767,1659.0,17200.0
1472.0,1328.0,10518,22537,23427,22823,23595,25630,32767,32767,32767,32767,32767,1940.0,17200.0
1472.0,1373.0,10054,22939,23001,21891,22547,24465,32767,32767,32767,32767,32767,1721.0,17200.0
1490.0,1440.0,10363,22939,23853,22823,24120,26796,32767,32767,32767,32767,32767,1909.0,17200.0
1698.0,1621.0,10518,22939,23001,23289,23595,25048,32767,32767,32767,32767,32767,2097.0,17200.0
1396.0,1260.0,10672,22939,23427,22357,23595,25630,32767,32767,32767,32767,32767,1878.0,17200.0
1490.0,1395.0,10982,22939,23001,22357,24120,25630,32767,32767,32767,32767,32767,2253.0,17200.0
1490.0,1418.0,10982,22939,23853,24220,24644,26213,32767,32767,32767,32767,32767,2097.0,17200.0
1453.0,1373.0,11136,22939,24705,23289,24120,25048,32767,32767,32767,32767,32767,2159.0,17200.0
1509.0,1463.0,9590,23341,23427,23289,24644,26796,32767,32767,32767,32767,32767,1659.0,17200.0
1453.0,1418.0,10054,23341,23853,21426,23071,25048,32767,32767,32767,32767,32767,1753.0,17200.0
1453.0,1418.0,10054,23341,25131,24686,25168,26796,32767,32767,32767,32767,32767,1565.0,17200.0
1453.0,1463.0,10208,23341,24279,23289,24644,26213,32767,32767,32767,32767,32767,1721.0,17200.0
1490.0,1418.0,10208,23341,24705,24686,25693,26213,32767,32767,32767,32767,32767,1627.0,17200.0
1358.0,1260.0,10518,23341,24279,23755,26217,26213,32767,32767,32767,32767,32767,1846.0,17200.0
1453.0,1418.0,10518,23341,23853,24686,25693,26796,32767,32767,32767,32767,32767,1753.0,17200.0
1434.0,1328.0,10518,23341,24705,22823,25168,25630,32767,32767,32767,32767,32767,1784.0,17200.0
1453.0,1395.0,10672,23341,25556,23755,25693,26213,32767,32767,32767,32767,32767,2034.0,17200.0
1434.0,1350.0,10672,23341,23853,23289,24644,26213,32767,32767,32767,32767,32767,2097.0,17200.0
1566.0,1553.0,10827,23341,24279,23289,23595,24465,32767,32767,32767,32767,32767,1940.0,17200.0
1434.0,1305.0,10827,23341,23427,21891,23071,25630,32767,32767,32767,32767,32767,2097.0,17200.0
1434.0,1350.0,10827,23341,24279,25152,26217,26796,32767,32767,32767,32767,32767,1909.0,17200.0
1509.0,1395.0,10827,23341,24705,24686,26217,25630,32767,32767,32767,32767,32767,1471.0,17200.0
1490.0,1418.0,10982,23341,24705,23289,25168,26213,32767,32767,32767,32767,32767,1846.0,17200.0
1472.0,1395.0,11291,23341,24705,24686,26217,26213,32767,32767,32767,32767,32767,2128.0,17200.0
1547.0,1575.0,10363,23744,23853,24220,25168,26213,32767,32767,32767,32767,32767,1784.0,17200.0
1415.0,1350.0,10363,23744,25556,24220,25168,25630,32767,32767,32767,32767,32767,1533.0,17200.0
1528.0,1418.0,10827,23744,24279,23755,24644,26213,32767,32767,32767,32767,32767,1878.0,17200.0
1472.0,1373.0,10827,23744,24279,23755,24120,25048,32767,32767,32767,32767,32767,1753.0,17200.0
1528.0,1463.0,10982,23744,24279,23755,25168,26213,32767,32767,32767,32767,32767,2034.0,17200.0
1585.0,1485.0,11136,23744,24279,22823,24644,25630,32767,32767,32767,32767,32767,1972.0,17200.0
2207.0,2048.0,11291,23744,25556,23755,24120,27378,32767,32767,32767,32767,32767,2660.0,17200.0
1453.0,1395.0,10208,24146,25131,24220,26217,27961,32767,32767,32767,32767,32767,1596.0,17200.0
1453.0,1440.0,10208,24146,24705,22823,25168,26796,32767,32767,32767,32767,32767,1627.0,17200.0
1434.0,1283.0,10518,24146,23427,23755,25168,26213,32767,32767,32767,32767,32767,2128.0,17200.0
1962.0,1981.0,10518,24146,24279,25618,25693,27378,32767,32767,32767,32767,32767,2097.0,17200.0
1472.0,1395.0,10672,24146,25131,23755,25168,26796,32767,32767,32767,32767,32767,1815.0,17200.0
1472.0,1440.0,10672,24146,24705,23755,25693,26796,32767,32767,32767,32767,32767,1753.0,17200.0
1434.0,1283.0,10672,24146,25556,24686,26217,27378,32767,32767,32767,32767,32767,2034.0,17200.0
1547.0,1283.0,10672,24146,25556,25618,26741,26796,32767,32767,32767,32767,32767,2316.0,17200.0
1453.0,1418.0,10827,24146,25556,24220,26741,27378,32767,32767,32767,32767,32767,1659.0,17200.0
1490.0,1440.0,10827,24146,26408,25152,26741,27961,32767,32767,32767,32767,32767,1659.0,17200.0
1434.0,1395.0,11291,24146,25131,24686,25693,26796,32767,32767,32767,32767,32767,1627.0,17200.0
1604.0,1530.0,11600,24146,24705,24686,25168,27378,32767,32767,32767,32767,32767,2285.0,17200.0
1434.0,1350.0,10363,24549,25131,25618,25693,26796,32767,32767,32767,32767,32767,1596.0,17200.0
1415.0,1373.0,10672,24549,25556,24686,25168,26796,32767,32767,32767,32767,32767,1565.0,17200.0
1585.0,1621.0,10827,24549,25556,25618,27266,27961,32767,32767,32767,32767,32767,1972.0,17200.0
1434.0,1350.0,10982,24549,25556,24686,25693,27378,32767,32767,32767,32767,32767,1690.0,17200.0
1434.0,1440.0,11136,24549,25131,24220,25693,27378,32767,32767,32767,32767,32767,1753.0,17200.0
1509.0,1508.0,11910,24549,25982,25152,26741,27961,32767,32767,32767,32767,32767,2066.0,17200.0
1566.0,1666.0,11136,24951,25131,23755,26741,26213,32767,32767,32767,32767,32767,1878.0,17200.0
1453.0,1373.0,11291,24951,25556,24686,26741,27961,32767,32767,32767,32767,32767,1846.0,17200.0
1509.0,1485.0,11446,24951,25556,25152,25693,26796,32767,32767,32767,32767,32767,1878.0,17200.0
1490.0,1508.0,11446,24951,25556,26549,27266,27961,32767,32767,32767,32767,32767,1878.0,17200.0
2320.0,2273.0,11446,24951,25556,25152,26217,27378,32767,32767,32767,32767,32767,2316.0,17200.0
1453.0,1463.0,11446,24951,25982,24220,26217,27378,32767,32767,32767,32767,32767,1753.0,17200.0
1547.0,1485.0,11910,24951,26834,26549,28314,28543,32767,32767,32767,32767,32767,1972.0,17200.0
1717.0,1666.0,10054,25354,25131,25618,26741,27961,32767,32767,32767,32767,32767,3098.0,17200.0
1509.0,1350.0,10982,25354,26834,27481,28314,29126,32767,32767,32767,32767,32767,2097.0,17200.0
1453.0,1373.0,10982,25354,25131,24686,26217,27378,32767,32767,32767,32767,32767,1815.0,17200.0
1547.0,1575.0,10982,25354,26408,26549,27790,27961,32767,32767,32767,32767,32767,1721.0,17200.0
1528.0,1508.0,10982,25354,25982,25152,26217,27961,32767,32767,32767,32767,32767,1815.0,17200.0
1547.0,1621.0,11136,25354,25982,26083,26217,27378,32767,32767,32767,32767,32767,1940.0,17200.0
1509.0,1463.0,11291,25354,26408,25618,27790,27378,32767,32767,32767,32767,32767,1815.0,17200.0
1528.0,1508.0,11446,25354,26834,26083,27266,28543,32767,32767,32767,32767,32767,1846.0,17200.0
1509.0,1508.0,11910,25354,25982,25152,27266,26796,32767,32767,32767,32767,32767,1909.0,17200.0
1622.0,1621.0,12374,25354,27260,25152,26741,27961,32767,32767,32767,32767,32767,2128.0,17200.0
2396.0,2093.0,10363,25756,26834,30741,29887,31456,32767,32767,32767,32767,32767,2097.0,17200.0
1622.0,1733.0,11446,25756,26834,26549,28314,27961,32767,32767,32767,32767,32767,1940.0,17200.0
1509.0,1485.0,11446,25756,26408,25152,27266,27378,32767,32767,32767,32767,32767,1690.0,17200.0
1679.0,1575.0,11446,25756,26408,26549,29887,30291,32767,32767,32767,32767,32767,2003.0,17200.0
1528.0,1575.0,11600,25756,27260,27481,27790,29126,32767,32767,32767,32767,32767,1784.0,17200.0
1528.0,1621.0,11600,25756,27260,26549,28314,29126,32767,32767,32767,32767,32767,1846.0,17200.0
1472.0,1418.0,11600,25756,26408,26083,27790,28543,32767,32767,32767,32767,32767,1753.0,17200.0
1490.0,1530.0,11755,25756,25982,25618,26741,28543,32767,32767,32767,32767,32767,1815.0,17200.0
1604.0,1508.0,11755,25756,25556,25618,25693,26796,32767,32767,32767,32767,32767,2222.0,17200.0
1754.0,1621.0,11910,25756,25982,27015,26741,27378,32767,32767,32767,32767,32767,2660.0,17200.0
1566.0,1575.0,12064,25756,27260,26083,26217,26796,32767,32767,32767,32767,32767,2034.0,17200.0
1698.0,1801.0,12374,25756,26408,27947,28314,27961,32767,32767,32767,32767,32767,2066.0,17200.0
1585.0,1440.0,11755,26159,28112,27947,28839,29126,32767,32767,32767,32767,32767,2222.0,17200.0
1490.0,1395.0,11755,26159,27260,26549,28314,26796,32767,32767,32767,32767,32767,1878.0,17200.0
1622.0,1530.0,12374,26159,28538,27947,29887,30291,32767,32767,32767,32767,32767,2378.0,17200.0
1924.0,1891.0,10672,26561,25131,28878,28314,30291,32767,32767,32767,32767,32767,1846.0,17200.0
2188.0,1981.0,10672,26561,26834,29344,29363,29708,32767,32767,32767,32767,32767,1909.0,17200.0
2000.0,1958.0,11291,26561,28964,25618,26741,27961,32767,32767,32767,32767,32767,1972.0,17200.0
1736.0,1688.0,11446,26963,27686,27947,30412,30873,32767,32767,32767,32767,32767,1690.0,17200.0
1660.0,1621.0,12838,26963,28112,26549,28314,28543,32767,32767,32767,32767,32767,2066.0,17200.0
2245.0,2026.0,10518,27366,28112,27015,30412,31456,32767,32767,32767,32767,32767,1940.0,17200.0
1604.0,1575.0,11446,27366,29390,28878,30412,30873,32767,32767,32767,32767,32767,2034.0,17200.0
1736.0,1778.0,12683,27366,29390,28412,29363,28543,32767,32767,32767,32767,32767,2191.0,17200.0
2453.0,2363.0,11446,27768,30668,27015,28839,30873,32767,32767,32767,32767,32767,2316.0,17200.0
1547.0,1553.0,12064,27768,29816,27481,29887,30291,32767,32767,32767,32767,32767,1878.0,17200.0
1792.0,1823.0,12529,27768,29390,28412,29887,29708,32767,32767,32767,32767,32767,2222.0,17200.0
1792.0,1801.0,12838,27768,28964,27947,27790,29126,32767,32767,32767,32767,32767,2159.0,17200.0
1849.0,1846.0,12838,27768,28538,28878,29363,29126,32767,32767,32767,32767,32767,2347.0,17200.0
1868.0,1981.0,13302,27768,29816,28412,30412,29708,32767,32767,32767,32767,32767,2159.0,17200.0
2207.0,1913.0,10363,28171,28112,27481,28314,30873,32767,32767,32767,32767,32767,2066.0,17200.0
2019.0,2048.0,11755,28171,28538,28878,31985,32038,32767,32767,32767,32767,32767,2191.0,17200.0
1905.0,1958.0,12683,28171,27686,30275,30412,30291,32767,32767,32767,32767,32767,2191.0,17200.0
1660.0,1688.0,12993,28171,29390,28878,29363,30291,32767,32767,32767,32767,32767,2003.0,17200.0
1641.0,1598.0,12838,28573,31946,32604,32767,32767,32767,32767,32767,32767,32767,2191.0,17200.0
1773.0,1891.0,13921,28573,29816,30275,30936,30291,32767,32767,32767,32767,32767,2316.0,17200.0
1868.0,1711.0,11755,28976,31094,30275,32767,32767,32767,32767,32767,32767,32767,2253.0,17200.0
1717.0,1666.0,12374,28976,30242,30275,29887,30873,32767,32767,32767,32767,32767,2128.0,17200.0
1924.0,1846.0,12683,28976,32372,31673,32767,32767,32767,32767,32767,32767,32767,2159.0,17200.0
1585.0,1688.0,12838,28976,31520,29810,31460,30291,32767,32767,32767,32767,32767,1972.0,17200.0
2019.0,2003.0,12838,28976,30668,28412,29887,29708,32767,32767,32767,32767,32767,2066.0,17200.0
2000.0,1733.0,11446,29378,31520,30741,32509,32767,32767,32767,32767,32767,32767,1784.0,17200.0
1717.0,1846.0,13302,29378,30668,29344,31985,29126,32767,32767,32767,32767,32767,2504.0,17200.0
1717.0,1598.0,12529,29780,32372,31207,32767,32767,32767,32767,32767,32767,32767,2066.0,17200.0
1962.0,1891.0,12529,30183,31946,30741,32767,32621,32767,32767,32767,32767,32767,2316.0,17200.0
1604.0,1575.0,13766,30183,30668,32767,32767,32767,32767,32767,32767,32767,32767,2472.0,17200.0
1887.0,1868.0,13921,30183,31946,30275,32509,32767,32767,32767,32767,32767,32767,2159.0,17200.0
1622.0,1756.0,14230,30183,31520,32604,32767,30873,32767,32767,32767,32767,32767,2034.0,17200.0
2000.0,2206.0,13147,30585,31520,32767,32767,30873,32767,32767,32767,32767,32767,2504.0,17200.0
1849.0,1981.0,13766,30988,32372,31207,32767,31456,32767,32767,32767,32767,32767,2441.0,17200.0
1924.0,1958.0,14230,30988,32372,31207,32509,32038,32767,32767,32767,32767,32767,2472.0,17200.0
1924.0,2003.0,14694,30988,32372,32767,32767,32767,32767,32767,32767,32767,32767,2285.0,17200.0
1849.0,1913.0,14385,31390,32767,32767,32767,32767,32767,32767,32767,32767,32767,2285.0,17200.0
1849.0,2116.0,14539,31390,32767,32139,32767,32621,32767,32767,32767,32767,32767,2598.0,17200.0
1830.0,1981.0,15622,31390,32767,32767,32767,32767,32767,32767,32767,32767,32767,2472.0,17200.0
2283.0,2206.0,12683,31793,32767,32139,32767,32767,32767,32767,32767,32767,32767,2128.0,17200.0
1736.0,2183.0,13302,31793,32372,32767,32767,32038,32767,32767,32767,32767,32767,2566.0,17200.0
2207.0,2251.0,13457,31793,32767,32767,32767,32767,32767,32767,32767,32767,32767,2378.0,17200.0
1849.0,1936.0,13921,31793,32767,32767,32767,32767,32767,32767,32767,32767,32767,2159.0,17200.0
1905.0,2048.0,14849,31793,32767,32767,32767,32621,32767,32767,32767,32767,32767,2566.0,17200.0
1981.0,2003.0,14694,32598,32767,32767,32767,32767,32767,32767,32767,32767,32767,2441.0,17200.0
2019.0,2273.0,15158,32598,32767,32767,32767,32621,32767,32767,32767,32767,32767,2723.0,17200.0
2245.0,2183.0,13457,32767,32767,32767,32767,32767,32767,32767,32767,32767,32767,2253.0,17200.0
1887.0,1981.0,13921,32767,32767,32767,32767,32767,32767,32767,32767,32767,32767,2285.0,17200.0
1754.0,1891.0,14849,32767,32767,32767,32767,32621,32767,32767,32767,32767,32767,2034.0,17200.0
1849.0,1868.0,15313,32767,32767,32767,32767,32767,32767,32767,32767,32767,32767,1878.0,17200.0
1830.0,2161.0,15622,32767,32767,32767,32767,32767,32767,32767,32767,32767,32767,2285.0,17200.0
1887.0,1958.0,15777,32767,32767,32767,32767,32767,32767,32767,32767,32767,32767,2191.0,17200.0
1887.0,2183.0,15931,32767,32767,32767,32767,32767,32767,32767,32767,32767,32767,2754.0,17200.0
1849.0,1958.0,16550,32767,32767,32767,32767,32767,32767,32767,32767,32767,32767,2253.0,17200.0
1981.0,2138.0,16550,32767,32767,32767,32767,32767,32767,32767,32767,32767,32767,2472.0,17200.0
1924.0,2161.0,17942,32767,32767,32767,32767,32767,32767,32767,32767,32767,32767,3286.0,17200.0
1386.0,1148.0,8365,18890,19124,19486,18726,24370,32767,32767,32767,32767,32767,2172.0,17500.0
1425.0,1171.0,8365,18890,18255,18536,18726,22587,32767,32767,32767,32767,32767,2427.0,17500.0
1369.0,1253.0,7687,19200,17781,19444,19283,24317,32767,32767,32767,32767,32767,1306.0,17500.0
1636.0,1355.0,9154,19301,18689,19486,20331,24370,32767,32767,32767,32767,32767,2906.0,17500.0
1309.0,1171.0,7576,20122,20428,18061,18726,24965,32767,32767,32767,32767,32767,1245.0,17500.0
1463.0,1409.0,8148,21600,20321,19907,20325,26054,32767,32767,32767,32767,32767,1586.0,17500.0
1559.0,1699.0,8365,21764,19993,24714,24077,26748,32767,32767,32767,32767,32767,2012.0,17500.0
1386.0,1286.0,8838,21764,20862,21388,22472,25559,32767,32767,32767,32767,32767,1629.0,17500.0
1579.0,1837.0,9312,21764,19124,22813,23542,26748,32767,32767,32767,32767,32767,1948.0,17500.0
1725.0,1544.0,9378,22399,23708,22684,23452,29527,32767,32767,32767,32767,32767,1960.0,17500.0
1444.0,1378.0,9628,23407,24774,23764,25682,29125,32767,32767,32767,32767,32767,1501.0,17500.0
1556.0,1454.0,11222,23599,23708,23147,25015,29527,32767,32767,32767,32767,32767,2457.0,17500.0
1519.0,1454.0,10608,23999,24554,23610,24494,30106,32767,32767,32767,32767,32767,1991.0,17500.0
1613.0,1454.0,10761,23999,23708,23147,23973,29527,32767,32767,32767,32767,32767,2240.0,17500.0
1538.0,1320.0,10761,24399,24131,23610,25015,28948,32767,32767,32767,32767,32767,2488.0,17500.0
2291.0,2136.0,9628,24639,25643,26140,27822,30909,32767,32767,32767,32767,32767,2427.0,17500.0
1540.0,1470.0,10101,24639,23905,24239,26217,27937,32767,32767,32767,32767,32767,1629.0,17500.0
1482.0,1470.0,10575,24639,24774,24239,25147,27342,32767,32767,32767,32767,32767,1724.0,17500.0
1521.0,1470.0,10417,25050,26078,25190,26217,29125,32767,32767,32767,32767,32767,1693.0,17500.0
1763.0,1678.0,11991,25199,24978,24536,26579,30685,32767,32767,32767,32767,32767,2551.0,17500.0
1925.0,1998.0,10101,25460,24774,25665,26752,27342,32767,32767,32767,32767,32767,2012.0,17500.0
1444.0,1378.0,10417,25460,24774,24714,27287,29720,32767,32767,32767,32767,32767,1501.0,17500.0
1848.0,1745.0,10732,25460,26513,26140,26752,29125,32767,32767,32767,32767,32767,2235.0,17500.0
1800.0,1722.0,12606,25599,27518,25925,28142,31843,32767,32767,32767,32767,32767,2551.0,17500.0
2021.0,2274.0,10890,25871,26513,27091,27822,30314,32767,32767,32767,32767,32767,2267.0,17500.0
1594.0,1655.0,11530,25999,25824,25462,27621,30106,32767,32767,32767,32767,32767,1991.0,17500.0
1781.0,1722.0,12452,25999,27518,25925,28663,32767,32767,32767,32767,32767,32767,2333.0,17500.0
1819.0,1969.0,11991,26399,26248,25462,27621,30106,32767,32767,32767,32767,32767,2457.0,17500.0
1650.0,1700.0,12299,26399,27941,26388,27621,31264,32767,32767,32767,32767,32767,2115.0,17500.0
1906.0,1860.0,10575,26692,26078,25665,26217,29720,32767,32767,32767,32767,32767,1820.0,17500.0
1656.0,1631.0,10575,26692,26947,26616,27287,28531,32767,32767,32767,32767,32767,1565.0,17500.0
1521.0,1516.0,11364,26692,26947,27091,27822,30314,32767,32767,32767,32767,32767,1788.0,17500.0
1540.0,1608.0,11521,26692,27382,26616,27822,29125,32767,32767,32767,32767,32767,1820.0,17500.0
1631.0,1655.0,11684,26799,26671,25925,27621,30685,32767,32767,32767,32767,32767,2240.0,17500.0
1669.0,1767.0,11991,26799,26671,26388,27100,31264,32767,32767,32767,32767,32767,2208.0,17500.0
1706.0,1790.0,12145,26799,27518,25462,28142,31264,32767,32767,32767,32767,32767,2333.0,17500.0
1650.0,1633.0,12145,26799,27518,26388,28663,32767,32767,32767,32767,32767,32767,1960.0,17500.0
1631.0,1521.0,12145,26799,26671,25462,28663,31843,32767,32767,32767,32767,32767,2395.0,17500.0
1763.0,1812.0,12760,26799,28788,26851,29706,32767,32767,32767,32767,32767,32767,2208.0,17500.0
1579.0,1539.0,11364,27103,26078,26616,27287,30314,32767,32767,32767,32767,32767,1788.0,17500.0
1725.0,1879.0,11991,27199,27518,26851,29184,31843,32767,32767,32767,32767,32767,2177.0,17500.0
1781.0,1924.0,12452,27199,27941,26851,27621,32422,32767,32767,32767,32767,32767,2395.0,17500.0
1763.0,1924.0,12452,27199,28364,26851,28142,31264,32767,32767,32767,32767,32767,2395.0,17500.0
1669.0,1633.0,12452,27199,28364,27314,30227,32767,32767,32767,32767,32767,32767,2271.0,17500.0
1706.0,1700.0,12452,27199,27941,27314,30227,32422,32767,32767,32767,32767,32767,2551.0,17500.0
1725.0,1655.0,12606,27199,28364,27777,29706,32767,32767,32767,32767,32767,32767,2208.0,17500.0
1763.0,1924.0,13221,27199,29635,27777,29706,32422,32767,32767,32767,32767,32767,2302.0,17500.0
1502.0,1562.0,12153,27514,29555,28041,28892,30314,32767,32767,32767,32767,32767,1693.0,17500.0
1559.0,1585.0,12311,27514,28251,29467,28892,30909,32767,32767,32767,32767,32767,1916.0,17500.0
1540.0,1608.0,12784,27514,27816,28517,30497,31503,32767,32767,32767,32767,32767,1948.0,17500.0
1675.0,1814.0,13100,27514,30424,30893,32102,32767,32767,32767,32767,32767,32767,2140.0,17500.0
1763.0,1790.0,12606,27599,29635,27314,30227,32767,32767,32767,32767,32767,32767,2177.0,17500.0
1669.0,1700.0,12914,27599,29635,27777,30748,32767,32767,32767,32767,32767,32767,2115.0,17500.0
1725.0,1857.0,12914,27599,29211,28702,29706,31843,32767,32767,32767,32767,32767,2333.0,17500.0
1725.0,1790.0,13221,27599,30058,27777,30748,32767,32767,32767,32767,32767,32767,2240.0,17500.0
1763.0,1946.0,13221,27599,28788,27777,30227,32422,32767,32767,32767,32767,32767,2302.0,17500.0
1819.0,1991.0,13375,27599,28788,27777,30227,32422,32767,32767,32767,32767,32767,2488.0,17500.0
1482.0,1516.0,11679,27924,29555,28041,31032,32097,32767,32767,32767,32767,32767,1724.0,17500.0
1540.0,1539.0,11837,27924,27816,27566,28892,32097,32767,32767,32767,32767,32767,1724.0,17500.0
1964.0,1906.0,11995,27924,27816,28041,29427,32692,32767,32767,32767,32767,32767,2363.0,17500.0
1521.0,1516.0,12153,27924,28686,28041,29427,32097,32767,32767,32767,32767,32767,1724.0,17500.0
1800.0,1879.0,12452,27999,27941,28239,29706,31264,32767,32767,32767,32767,32767,2302.0,17500.0
1669.0,1767.0,12452,27999,29635,26388,29706,31843,32767,32767,32767,32767,32767,2208.0,17500.0
1763.0,1790.0,12606,27999,29211,28239,31269,32767,32767,32767,32767,32767,32767,2208.0,17500.0
1688.0,1812.0,12760,27999,29211,28239,29184,31843,32767,32767,32767,32767,32767,2271.0,17500.0
1838.0,1991.0,12760,27999,29211,27777,31269,32767,32767,32767,32767,32767,32767,2333.0,17500.0
1875.0,1767.0,12760,27999,27518,26388,29184,32767,32767,32767,32767,32767,32767,2613.0,17500.0
1744.0,1924.0,12914,27999,28364,27314,28142,31264,32767,32767,32767,32767,32767,2457.0,17500.0
1744.0,1901.0,13067,27999,28364,27777,30227,32767,32767,32767,32767,32767,32767,2364.0,17500.0
1744.0,1790.0,13067,27999,29635,28702,31269,32767,32767,32767,32767,32767,32767,2271.0,17500.0
1725.0,1857.0,13067,27999,28788,27777,30227,32767,32767,32767,32767,32767,32767,2395.0,17500.0
2025.0,2237.0,13067,27999,27518,31017,32767,32767,32767,32767,32767,32767,32767,2644.0,17500.0
1838.0,1946.0,13221,27999,29635,27314,31269,32767,32767,32767,32767,32767,32767,2364.0,17500.0
1594.0,1678.0,12606,28399,29211,27777,30227,32767,32767,32767,32767,32767,32767,1991.0,17500.0
1800.0,1969.0,13067,28399,28788,28239,30748,32767,32767,32767,32767,32767,32767,2333.0,17500.0
1744.0,1812.0,13067,28399,28788,28702,29706,31264,32767,32767,32767,32767,32767,2395.0,17500.0
1800.0,1991.0,13221,28399,29211,28702,30748,32767,32767,32767,32767,32767,32767,2333.0,17500.0
1838.0,2080.0,13375,28399,29635,28702,30227,32767,32767,32767,32767,32767,32767,2582.0,17500.0
1763.0,1946.0,13375,28399,29211,28702,29706,32767,32767,32767,32767,32767,32767,2426.0,17500.0
1763.0,1834.0,13375,28399,30058,28702,30227,32767,32767,32767,32767,32767,32767,2240.0,17500.0
1706.0,1924.0,13528,28399,30481,29165,31790,32767,32767,32767,32767,32767,32767,2457.0,17500.0
1763.0,1879.0,13682,28399,29635,27777,31269,32767,32767,32767,32767,32767,32767,2395.0,17500.0
1800.0,1924.0,13682,28399,30481,29165,31269,32767,32767,32767,32767,32767,32767,2302.0,17500.0
1463.0,1493.0,12784,28745,28686,29467,28892,29720,32767,32767,32767,32767,32767,1788.0,17500.0
1656.0,1631.0,12942,28745,29990,29467,30497,32692,32767,32767,32767,32767,32767,2012.0,17500.0
1502.0,1493.0,12942,28745,29555,29467,31032,30314,32767,32767,32767,32767,32767,1884.0,17500.0
1694.0,1722.0,13415,28745,29990,28992,31032,32767,32767,32767,32767,32767,32767,2172.0,17500.0
1875.0,1879.0,12914,28799,29635,28239,31269,32767,32767,32767,32767,32767,32767,2333.0,17500.0
1763.0,1745.0,12914,28799,30058,29165,31790,32767,32767,32767,32767,32767,32767,2115.0,17500.0
1706.0,1812.0,12914,28799,30058,28239,31790,32767,32767,32767,32767,32767,32767,2084.0,17500.0
1631.0,1790.0,13221,28799,29211,27777,31269,32767,32767,32767,32767,32767,32767,2240.0,17500.0
1763.0,1901.0,13375,28799,30481,27777,30748,32767,32767,32767,32767,32767,32767,2302.0,17500.0
1856.0,2080.0,13528,28799,30058,28702,32311,32767,32767,32767,32767,32767,32767,2488.0,17500.0
1856.0,1879.0,13528,28799,31328,28702,32311,32767,32767,32767,32767,32767,32767,2364.0,17500.0
1763.0,1969.0,13682,28799,29635,27777,30748,32767,32767,32767,32767,32767,32767,2395.0,17500.0
1800.0,2036.0,13682,28799,30481,28702,31790,32767,32767,32767,32767,32767,32767,2551.0,17500.0
1744.0,1946.0,13682,28799,29635,29165,31269,32767,32767,32767,32767,32767,32767,2333.0,17500.0
1894.0,2013.0,13836,28799,31328,29165,32311,32767,32767,32767,32767,32767,32767,2582.0,17500.0
1617.0,1699.0,12784,29156,30424,29943,31567,32767,32767,32767,32767,32767,32767,1916.0,17500.0
1848.0,1883.0,12942,29156,30424,31844,32637,32767,32767,32767,32767,32767,32767,2076.0,17500.0
2522.0,2434.0,13100,29156,30859,31368,32767,32767,32767,32767,32767,32767,32767,2682.0,17500.0
1752.0,1929.0,13573,29156,30859,31368,31032,32097,32767,32767,32767,32767,32767,2172.0,17500.0
1856.0,2013.0,12914,29199,30481,28702,32311,32767,32767,32767,32767,32767,32767,2333.0,17500.0
2081.0,1991.0,12914,29199,32598,32406,32767,32767,32767,32767,32767,32767,32767,2551.0,17500.0
1575.0,1566.0,12914,29199,29635,30554,32311,32767,32767,32767,32767,32767,32767,1586.0,17500.0
1706.0,1655.0,12914,29199,30481,28702,31790,32767,32767,32767,32767,32767,32767,2302.0,17500.0
1875.0,1969.0,13067,29199,30058,29165,31269,32767,32767,32767,32767,32767,32767,2395.0,17500.0
1763.0,1722.0,13221,29199,30481,28239,31790,32767,32767,32767,32767,32767,32767,2115.0,17500.0
1763.0,1946.0,13221,29199,29635,28702,31790,32767,32767,32767,32767,32767,32767,2302.0,17500.0
1688.0,1812.0,13375,29199,31751,30091,32767,32767,32767,32767,32767,32767,32767,2208.0,17500.0
1706.0,1722.0,13375,29199,30481,29628,31790,32767,32767,32767,32767,32767,32767,2146.0,17500.0
1800.0,2036.0,13836,29199,30058,30091,31790,32767,32767,32767,32767,32767,32767,2520.0,17500.0
1763.0,2013.0,13836,29199,30481,29165,31790,32767,32767,32767,32767,32767,32767,2426.0,17500.0
1763.0,2013.0,13836,29199,31751,30554,32767,32767,32767,32767,32767,32767,32767,2364.0,17500.0
1725.0,1812.0,13836,29199,30905,28702,31790,32767,32767,32767,32767,32767,32767,2240.0,17500.0
1800.0,2103.0,13990,29199,30058,28702,32311,32767,32767,32767,32767,32767,32767,2488.0,17500.0
1521.0,1585.0,13258,29567,30424,29943,30497,32097,32767,32767,32767,32767,32767,1948.0,17500.0
1810.0,1906.0,13573,29567,32597,30893,32767,32097,32767,32767,32767,32767,32767,2172.0,17500.0
1944.0,2228.0,13731,29567,29555,32767,32767,32767,32767,32767,32767,32767,32767,2459.0,17500.0
1763.0,1745.0,12914,29599,30058,28702,31269,32767,32767,32767,32767,32767,32767,2084.0,17500.0
1744.0,1678.0,13221,29599,31328,30554,32767,32767,32767,32767,32767,32767,32767,2457.0,17500.0
1781.0,1924.0,13221,29599,30481,29165,30748,32767,32767,32767,32767,32767,32767,2333.0,17500.0
1763.0,1857.0,13528,29599,30481,29165,30227,32767,32767,32767,32767,32767,32767,2644.0,17500.0
1894.0,1991.0,13682,29599,30481,32767,32767,32767,32767,32767,32767,32767,32767,2146.0,17500.0
1800.0,1946.0,13682,29599,30481,30091,32311,32767,32767,32767,32767,32767,32767,2240.0,17500.0
1688.0,1790.0,13682,29599,31328,30554,32311,32767,32767,32767,32767,32767,32767,2240.0,17500.0
1725.0,1924.0,13682,29599,31751,30554,32767,32767,32767,32767,32767,32767,32767,2240.0,17500.0
1838.0,1834.0,13682,29599,31751,31017,32767,32767,32767,32767,32767,32767,32767,2240.0,17500.0
1781.0,1790.0,13682,29599,31328,31017,32767,32767,32767,32767,32767,32767,32767,2146.0,17500.0
1669.0,1857.0,13836,29599,30905,29165,31790,32767,32767,32767,32767,32767,32767,2271.0,17500.0
1763.0,1991.0,13836,29599,30058,29165,31269,32767,32767,32767,32767,32767,32767,2520.0,17500.0
1763.0,1834.0,13836,29599,30905,28702,32311,32767,32767,32767,32767,32767,32767,2115.0,17500.0
1744.0,1767.0,13836,29599,31751,30554,32767,32767,32767,32767,32767,32767,32767,2146.0,17500.0
1856.0,2080.0,13990,29599,31328,30091,32311,32767,32767,32767,32767,32767,32767,2551.0,17500.0
2006.0,2304.0,14143,29599,31328,29628,32311,32767,32767,32767,32767,32767,32767,2737.0,17500.0
1656.0,1654.0,12942,29977,30859,31368,32102,32097,32767,32767,32767,32767,32767,1852.0,17500.0
1617.0,1699.0,13100,29977,30424,29943,30497,32692,32767,32767,32767,32767,32767,1852.0,17500.0
1579.0,1585.0,13258,29977,31293,31368,32102,32767,32767,32767,32767,32767,32767,1788.0,17500.0
1694.0,1791.0,13415,29977,30859,29943,31567,32767,32767,32767,32767,32767,32767,2203.0,17500.0
1771.0,1906.0,14047,29977,32163,31844,32767,32767,32767,32767,32767,32767,32767,2203.0,17500.0
1744.0,1857.0,13528,29999,31751,31480,32767,32767,32767,32767,32767,32767,32767,2208.0,17500.0
1800.0,1901.0,13836,29999,32175,30554,32767,32767,32767,32767,32767,32767,32767,2457.0,17500.0
1669.0,1812.0,13836,29999,32598,31943,32767,32767,32767,32767,32767,32767,32767,2146.0,17500.0
1856.0,1946.0,13836,29999,32175,30091,32767,32767,32767,32767,32767,32767,32767,2302.0,17500.0
1669.0,1901.0,13836,29999,32598,30554,32767,32767,32767,32767,32767,32767,32767,2240.0,17500.0
1800.0,1834.0,13990,29999,32175,29628,32767,32767,32767,32767,32767,32767,32767,2426.0,17500.0
1838.0,1857.0,13990,29999,31751,30091,32767,32767,32767,32767,32767,32767,32767,2551.0,17500.0
1763.0,1969.0,14143,29999,31328,30091,32311,32767,32767,32767,32767,32767,32767,2426.0,17500.0
1781.0,1857.0,14143,29999,31751,29165,32311,32767,32767,32767,32767,32767,32767,2395.0,17500.0
1875.0,2103.0,14143,29999,31328,30091,32767,32767,32767,32767,32767,32767,32767,2457.0,17500.0
1819.0,2036.0,14605,29999,30481,29628,32311,32767,32767,32767,32767,32767,32767,2520.0,17500.0
1579.0,1493.0,12626,30388,31293,31844,32637,32767,32767,32767,32767,32767,32767,1629.0,17500.0
1733.0,1768.0,12784,30388,30424,29943,31032,32692,32767,32767,32767,32767,32767,2044.0,17500.0
1656.0,1699.0,13889,30388,32597,31844,32637,32692,32767,32767,32767,32767,32767,2076.0,17500.0
1925.0,1998.0,14205,30388,31728,30893,32637,32767,32767,32767,32767,32767,32767,2395.0,17500.0
1867.0,2044.0,14678,30388,32597,32767,32767,32767,32767,32767,32767,32767,32767,2140.0,17500.0
1800.0,1857.0,13682,30399,30905,30554,32311,32767,32767,32767,32767,32767,32767,2240.0,17500.0
1838.0,1857.0,13990,30399,31751,30554,32767,32767,32767,32767,32767,32767,32767,2271.0,17500.0
1781.0,1969.0,14143,30399,30905,30091,32311,32767,32767,32767,32767,32767,32767,2488.0,17500.0
1725.0,1834.0,14297,30399,31751,29628,32767,32767,32767,32767,32767,32767,32767,2240.0,17500.0
2025.0,2304.0,14451,30399,31751,31017,32767,32767,32767,32767,32767,32767,32767,2551.0,17500.0
1838.0,1924.0,14451,30399,32175,30091,32311,32767,32767,32767,32767,32767,32767,2768.0,17500.0
1838.0,2148.0,14912,30399,32767,31480,32767,32767,32767,32767,32767,32767,32767,2613.0,17500.0
2175.0,2251.0,12311,30799,32597,26616,30497,32692,32767,32767,32767,32767,32767,2140.0,17500.0
2041.0,2113.0,12942,30799,32597,30418,31567,32767,32767,32767,32767,32767,32767,2140.0,17500.0
1969.0,1924.0,13067,30799,32598,31017,32767,32767,32767,32767,32767,32767,32767,2395.0,17500.0
1781.0,1767.0,13375,30799,32767,31943,32767,32767,32767,32767,32767,32767,32767,2364.0,17500.0
1636.0,1699.0,13415,30799,31728,31844,32767,32767,32767,32767,32767,32767,32767,1948.0,17500.0
1744.0,1879.0,13836,30799,32175,30554,32767,32767,32767,32767,32767,32767,32767,2271.0,17500.0
2063.0,2192.0,13990,30799,32175,32406,32767,32767,32767,32767,32767,32767,32767,2302.0,17500.0
2044.0,1991.0,13990,30799,32767,31943,32767,32767,32767,32767,32767,32767,32767,2426.0,17500.0
1656.0,1883.0,14047,30799,32767,32767,32767,32767,32767,32767,32767,32767,32767,2076.0,17500.0
1713.0,1837.0,14205,30799,30859,30893,32637,32767,32767,32767,32767,32767,32767,2172.0,17500.0
1763.0,1901.0,14297,30799,31751,30554,32767,32767,32767,32767,32767,32767,32767,2302.0,17500.0
1819.0,1924.0,14297,30799,32598,31017,32767,32767,32767,32767,32767,32767,32767,2333.0,17500.0
1688.0,1946.0,14451,30799,32767,31480,32767,32767,32767,32767,32767,32767,32767,2271.0,17500.0
1725.0,1924.0,14451,30799,31328,30554,32311,32767,32767,32767,32767,32767,32767,2426.0,17500.0
1763.0,1946.0,14451,30799,32767,32406,32767,32767,32767,32767,32767,32767,32767,2271.0,17500.0
1988.0,2259.0,14451,30799,32175,30554,32767,32767,32767,32767,32767,32767,32767,2675.0,17500.0
1838.0,2080.0,14451,30799,30905,30554,32767,32767,32767,32767,32767,32767,32767,2613.0,17500.0
1713.0,1883.0,14520,30799,32163,32767,32767,32767,32767,32767,32767,32767,32767,2076.0,17500.0
1894.0,2013.0,14605,30799,32598,31943,32767,32767,32767,32767,32767,32767,32767,2395.0,17500.0
1856.0,2125.0,14758,30799,31751,30554,32767,32767,32767,32767,32767,32767,32767,2488.0,17500.0
1969.0,2192.0,15066,30799,32767,31943,32767,32767,32767,32767,32767,32767,32767,2644.0,17500.0
1819.0,1834.0,13836,31199,32767,31480,32767,32767,32767,32767,32767,32767,32767,2115.0,17500.0
1819.0,1901.0,13990,31199,32767,31017,32767,32767,32767,32767,32767,32767,32767,2271.0,17500.0
1838.0,1991.0,14297,31199,31751,31480,32767,32767,32767,32767,32767,32767,32767,2271.0,17500.0
1744.0,1879.0,14451,31199,32767,31943,32767,32767,32767,32767,32767,32767,32767,2177.0,17500.0
1856.0,1969.0,14605,31199,32598,31943,32767,32767,32767,32767,32767,32767,32767,2457.0,17500.0
1875.0,2058.0,14605,31199,32767,31480,32767,32767,32767,32767,32767,32767,32767,2488.0,17500.0
1856.0,2148.0,14758,31199,32175,30554,32767,32767,32767,32767,32767,32767,32767,2488.0,17500.0
1913.0,2170.0,14758,31199,32598,31943,32767,32767,32767,32767,32767,32767,32767,2582.0,17500.0
1950.0,2237.0,15066,31199,32598,31943,32767,32767,32767,32767,32767,32767,32767,2675.0,17500.0
2118.0,1998.0,11679,31209,31293,28992,29427,32767,32767,32767,32767,32767,32767,2076.0,17500.0
1771.0,1837.0,13731,31209,32767,32767,32767,32767,32767,32767,32767,32767,32767,2203.0,17500.0
1656.0,1768.0,13731,31209,32597,32767,32767,32767,32767,32767,32767,32767,32767,2012.0,17500.0
1771.0,1975.0,14205,31209,32767,31844,32767,32767,32767,32767,32767,32767,32767,2203.0,17500.0
1944.0,1952.0,14362,31209,32767,32767,32767,32767,32767,32767,32767,32767,32767,2395.0,17500.0
1733.0,1952.0,15152,31209,32767,32319,32767,32767,32767,32767,32767,32767,32767,2235.0,17500.0
2231.0,2192.0,13836,31599,32767,32767,32767,32767,32767,32767,32767,32767,32767,2675.0,17500.0
1819.0,1857.0,13990,31599,32598,32406,32767,32767,32767,32767,32767,32767,32767,2271.0,17500.0
1931.0,2013.0,13990,31599,32767,32767,32767,32767,32767,32767,32767,32767,32767,2240.0,17500.0
1763.0,1924.0,14143,31599,32767,32767,32767,32767,32767,32767,32767,32767,32767,2271.0,17500.0
1894.0,2103.0,14605,31599,32175,32406,32767,32767,32767,32767,32767,32767,32767,2551.0,17500.0
1913.0,2103.0,14605,31599,32175,31943,32767,32767,32767,32767,32767,32767,32767,2488.0,17500.0
1848.0,2044.0,13100,31620,28686,32767,32767,32767,32767,32767,32767,32767,32767,2491.0,17500.0
1559.0,1539.0,13731,31620,32163,31844,32767,32767,32767,32767,32767,32767,32767,1724.0,17500.0
1694.0,1814.0,14047,31620,32597,32767,32767,32767,32767,32767,32767,32767,32767,1948.0,17500.0
1617.0,1631.0,14047,31620,32767,32767,32767,32767,32767,32767,32767,32767,32767,1916.0,17500.0
1656.0,1906.0,14047,31620,32163,31368,32767,32767,32767,32767,32767,32767,32767,2108.0,17500.0
1636.0,1768.0,14362,31620,32163,31368,32767,32767,32767,32767,32767,32767,32767,2108.0,17500.0
2118.0,2205.0,14362,31620,32767,32767,32767,32767,32767,32767,32767,32767,32767,2172.0,17500.0
1636.0,1768.0,14520,31620,32597,32767,32767,32767,32767,32767,32767,32767,32767,2044.0,17500.0
1931.0,2170.0,14143,31999,32767,31943,32767,32767,32767,32767,32767,32767,32767,2551.0,17500.0
1931.0,2192.0,14758,31999,32767,31943,32767,32767,32767,32767,32767,32767,32767,2613.0,17500.0
1988.0,2170.0,14758,31999,32767,32406,32767,32767,32767,32767,32767,32767,32767,2613.0,17500.0
1819.0,2125.0,14912,31999,32767,31943,32767,32767,32767,32767,32767,32767,32767,2582.0,17500.0
1790.0,1814.0,13415,32031,32597,32767,32767,32767,32767,32767,32767,32767,32767,2076.0,17500.0
1598.0,1883.0,13731,32031,32767,32767,32767,32767,32767,32767,32767,32767,32767,2267.0,17500.0
1675.0,1952.0,14678,32031,32597,32767,32767,32767,32767,32767,32767,32767,32767,2044.0,17500.0
1752.0,1998.0,14836,32031,32767,32767,32767,32767,32767,32767,32767,32767,32767,2140.0,17500.0
1675.0,1791.0,15152,32031,32597,32767,32767,32767,32767,32767,32767,32767,32767,2044.0,17500.0
1771.0,1929.0,15309,32031,32767,32767,32767,32767,32767,32767,32767,32767,32767,2108.0,17500.0
1838.0,1700.0,13836,32399,32767,32767,32767,32767,32767,32767,32767,32767,32767,2488.0,17500.0
1838.0,1924.0,13836,32399,32767,32767,32767,32767,32767,32767,32767,32767,32767,2302.0,17500.0
1781.0,1901.0,14451,32399,32767,32767,32767,32767,32767,32767,32767,32767,32767,2177.0,17500.0
1931.0,2103.0,14605,32399,32767,32767,32767,32767,32767,32767,32767,32767,32767,2395.0,17500.0
1950.0,2215.0,14758,32399,32767,32767,32767,32767,32767,32767,32767,32767,32767,2582.0,17500.0
1856.0,2058.0,15219,32399,32767,32767,32767,32767,32767,32767,32767,32767,32767,2426.0,17500.0
1848.0,1906.0,13573,32441,32597,32767,32767,32767,32767,32767,32767,32767,32767,2140.0,17500.0
1694.0,1791.0,14205,32441,32767,32767,32767,32767,32767,32767,32767,32767,32767,2044.0,17500.0
1983.0,2113.0,14205,32441,32767,32767,32767,32767,32767,32767,32767,32767,32767,2108.0,17500.0
1694.0,1814.0,14520,32441,32767,32319,32767,32767,32767,32767,32767,32767,32767,2076.0,17500.0
1675.0,1906.0,14678,32441,32767,32767,32767,32767,32767,32767,32767,32767,32767,2172.0,17500.0
1810.0,1975.0,14678,32441,32767,32767,32767,32767,32767,32767,32767,32767,32767,2267.0,17500.0
1790.0,1883.0,14836,32441,32767,32767,32767,32767,32767,32767,32767,32767,32767,2108.0,17500.0
1771.0,2090.0,14836,32441,32767,32767,32767,32767,32767,32767,32767,32767,32767,2331.0,17500.0
1867.0,2021.0,15309,32441,32767,32767,32767,32767,32767,32767,32767,32767,32767,2331.0,17500.0
1848.0,2021.0,15625,32441,32767,32767,32767,32767,32767,32767,32767,32767,32767,2395.0,17500.0
1713.0,1998.0,13889,32767,32767,32767,32767,32767,32767,32767,32767,32767,32767,2140.0,17500.0
1950.0,1901.0,13990,32767,32767,32767,32767,32767,32767,32767,32767,32767,32767,2488.0,17500.0
2175.0,2304.0,14605,32767,32767,32767,32767,32767,32767,32767,32767,32767,32767,2613.0,17500.0
1829.0,1906.0,14678,32767,32767,32767,32767,32767,32767,32767,32767,32767,32767,2203.0,17500.0
1931.0,2170.0,14758,32767,32767,32406,32767,32767,32767,32767,32767,32767,32767,2613.0,17500.0
1502.0,1447.0,15152,32767,32767,32767,32767,32767,32767,32767,32767,32767,32767,1852.0,17500.0
1838.0,2192.0,15219,32767,32767,32767,32767,32767,32767,32767,32767,32767,32767,2551.0,17500.0
1838.0,2103.0,15219,32767,32767,32767,32767,32767,32767,32767,32767,32767,32767,2395.0,17500.0
1771.0,1860.0,15309,32767,32767,32767,32767,32767,32767,32767,32767,32767,32767,2172.0,17500.0
1829.0,1998.0,15309,32767,32767,32767,32767,32767,32767,32767,32767,32767,32767,2108.0,17500.0
1906.0,2182.0,15309,32767,32767,32767,32767,32767,32767,32767,32767,32767,32767,2427.0,17500.0
2021.0,2182.0,15309,32767,32767,32767,32767,32767,32767,32767,32767,32767,32767,2363.0,17500.0
1894.0,2215.0,15373,32767,32767,32767,32767,32767,32767,32767,32767,32767,32767,2737.0,17500.0
1969.0,2259.0,15373,32767,32767,32767,32767,32767,32767,32767,32767,32767,32767,2520.0,17500.0
1856.0,2080.0,15373,32767,32767,32767,32767,32767,32767,32767,32767,32767,32767,2675.0,17500.0
2021.0,2113.0,15467,32767,32767,32767,32767,32767,32767,32767,32767,32767,32767,2363.0,17500.0
1867.0,2113.0,15467,32767,32767,32767,32767,32767,32767,32767,32767,32767,32767,2363.0,17500.0
1969.0,2304.0,15527,32767,32767,32406,32767,32767,32767,32767,32767,32767,32767,2582.0,17500.0
1969.0,2192.0,15527,32767,32767,32767,32767,32767,32767,32767,32767,32767,32767,2675.0,17500.0
1913.0,2080.0,15527,32767,32767,32767,32767,32767,32767,32767,32767,32767,32767,2364.0,17500.0
1925.0,1952.0,15625,32767,32767,32767,32767,32767,32767,32767,32767,32767,32767,2427.0,17500.0
2021.0,2159.0,15625,32767,32767,32767,32767,32767,32767,32767,32767,32767,32767,2267.0,17500.0
1964.0,2136.0,15625,32767,32767,32767,32767,32767,32767,32767,32767,32767,32767,2427.0,17500.0
1752.0,1906.0,15625,32767,32767,32767,32767,32767,32767,32767,32767,32767,32767,2395.0,17500.0
1790.0,1860.0,15625,32767,32767,32767,32767,32767,32767,32767,32767,32767,32767,2108.0,17500.0
2025.0,2326.0,15681,32767,32767,32767,32767,32767,32767,32767,32767,32767,32767,2768.0,17500.0
2006.0,2170.0,15681,32767,32767,32767,32767,32767,32767,32767,32767,32767,32767,2520.0,17500.0
1875.0,2148.0,15681,32767,32767,32767,32767,32767,32767,32767,32767,32767,32767,2706.0,17500.0
1829.0,1998.0,15783,32767,32767,32767,32767,32767,32767,32767,32767,32767,32767,2140.0,17500.0
1694.0,2021.0,15783,32767,32767,32767,32767,32767,32767,32767,32767,32767,32767,2235.0,17500.0
1931.0,2259.0,15834,32767,32767,32767,32767,32767,32767,32767,32767,32767,32767,2831.0,17500.0
1913.0,2125.0,15834,32767,32767,32767,32767,32767,32767,32767,32767,32767,32767,2520.0,17500.0
2079.0,2159.0,15941,32767,32767,32767,32767,32767,32767,32767,32767,32767,32767,2523.0,17500.0
1617.0,1791.0,15941,32767,32767,32767,32767,32767,32767,32767,32767,32767,32767,2140.0,17500.0
1733.0,1860.0,15941,32767,32767,32767,32767,32767,32767,32767,32767,32767,32767,2044.0,17500.0
2021.0,2136.0,15941,32767,32767,32767,32767,32767,32767,32767,32767,32767,32767,2267.0,17500.0
1964.0,2021.0,15941,32767,32767,32767,32767,32767,32767,32767,32767,32767,32767,2810.0,17500.0
1950.0,2237.0,15988,32767,32767,32767,32767,32767,32767,32767,32767,32767,32767,2551.0,17500.0
1875.0,2192.0,15988,32767,32767,32767,32767,32767,32767,32767,32767,32767,32767,2613.0,17500.0
1988.0,2349.0,15988,32767,32767,32767,32767,32767,32767,32767,32767,32767,32767,2831.0,17500.0
1875.0,2103.0,15988,32767,32767,32767,32767,32767,32767,32767,32767,32767,32767,2457.0,17500.0
1969.0,2192.0,15988,32767,32767,32767,32767,32767,32767,32767,32767,32767,32767,2768.0,17500.0
2063.0,2304.0,15988,32767,32767,32767,32767,32767,32767,32767,32767,32767,32767,2737.0,17500.0
1810.0,1906.0,16099,32767,32767,32767,32767,32767,32767,32767,32767,32767,32767,2172.0,17500.0
1913.0,2215.0,16142,32767,32767,32767,32767,32767,32767,32767,32767,32767,32767,2644.0,17500.0
2025.0,2304.0,16142,32767,32767,32767,32767,32767,32767,32767,32767,32767,32767,2737.0,17500.0
1950.0,2237.0,16142,32767,32767,32767,32767,32767,32767,32767,32767,32767,32767,2582.0,17500.0
1913.0,2259.0,16142,32767,32767,32767,32767,32767,32767,32767,32767,32767,32767,2613.0,17500.0
1771.0,1929.0,16256,32767,32767,32767,32767,32767,32767,32767,32767,32767,32767,2267.0,17500.0
1694.0,1883.0,16256,32767,32767,32767,32767,32767,32767,32767,32767,32767,32767,2267.0,17500.0
2041.0,2182.0,16256,32767,32767,32767,32767,32767,32767,32767,32767,32767,32767,2459.0,17500.0
1752.0,2113.0,16256,32767,32767,32767,32767,32767,32767,32767,32767,32767,32767,2267.0,17500.0
1867.0,1952.0,16256,32767,32767,32767,32767,32767,32767,32767,32767,32767,32767,2427.0,17500.0
1931.0,2192.0,16296,32767,32767,32767,32767,32767,32767,32767,32767,32767,32767,2675.0,17500.0
1752.0,2090.0,16414,32767,32767,32767,32767,32767,32767,32767,32767,32767,32767,2331.0,17500.0
1906.0,2136.0,16414,32767,32767,32767,32767,32767,32767,32767,32767,32767,32767,2299.0,17500.0
2231.0,2259.0,16449,32767,32767,32767,32767,32767,32767,32767,32767,32767,32767,3577.0,17500.0
1771.0,1929.0,16572,32767,32767,32767,32767,32767,32767,32767,32767,32767,32767,2076.0,17500.0
1950.0,2237.0,16603,32767,32767,32767,32767,32767,32767,32767,32767,32767,32767,2737.0,17500.0
1950.0,2215.0,16603,32767,32767,32767,32767,32767,32767,32767,32767,32767,32767,2613.0,17500.0
1913.0,2215.0,16603,32767,32767,32767,32767,32767,32767,32767,32767,32767,32767,2675.0,17500.0
1983.0,2067.0,16730,32767,32767,32767,32767,32767,32767,32767,32767,32767,32767,2172.0,17500.0
1771.0,2044.0,16730,32767,32767,32767,32767,32767,32767,32767,32767,32767,32767,2235.0,17500.0
2079.0,2182.0,16888,32767,32767,32767,32767,32767,32767,32767,32767,32767,32767,2714.0,17500.0
1983.0,2090.0,16888,32767,32767,32767,32767,32767,32767,32767,32767,32767,32767,2587.0,17500.0
1713.0,2067.0,16888,32767,32767,32767,32767,32767,32767,32767,32767,32767,32767,2331.0,17500.0
1733.0,1952.0,17045,32767,32767,32767,32767,32767,32767,32767,32767,32767,32767,2587.0,17500.0
1829.0,2136.0,17203,32767,32767,32767,32767,32767,32767,32767,32767,32767,32767,2427.0,17500.0
1913.0,2125.0,17218,32767,32767,32767,32767,32767,32767,32767,32767,32767,32767,2520.0,17500.0
1906.0,1975.0,17519,32767,32767,32767,32767,32767,32767,32767,32767,32767,32767,2076.0,17500.0
1133.0,834.0,7117,14402,14155,13097,14074,16380,32767,32767,32767,32767,32767,2320.0,17600.0
1278.0,978.0,7315,14402,14155,13692,14744,17869,32767,32767,32767,32767,32767,2600.0,17600.0
1157.0,863.0,7512,14402,14155,13692,14744,18613,32767,32767,32767,32767,32767,2680.0,17600.0
1157.0,892.0,7315,14917,14699,14288,15414,20102,32767,32767,32767,32767,32767,2280.0,17600.0
1350.0,1093.0,7512,14917,14155,14288,14074,17869,32767,32767,32767,32767,32767,2720.0,17600.0
1495.0,1208.0,7710,14917,14155,14288,14074,17124,32767,32767,32767,32767,32767,2880.0,17600.0
1399.0,1093.0,7710,14917,13610,13692,14074,17869,32767,32767,32767,32767,32767,3200.0,17600.0
1133.0,834.0,7710,14917,14155,13692,16084,18613,32767,32767,32767,32767,32767,2560.0,17600.0
1206.0,892.0,7908,14917,14699,14288,15414,17869,32767,32767,32767,32767,32767,2800.0,17600.0
1495.0,1151.0,8501,14917,15788,15478,14744,18613,32767,32767,32767,32767,32767,3320.0,17600.0
1109.0,777.0,6919,15431,15244,14288,14074,18613,32767,32767,32767,32767,32767,1800.0,17600.0
1278.0,1007.0,7908,15431,15788,15478,15414,19358,32767,32767,32767,32767,32767,2480.0,17600.0
1230.0,921.0,7908,15431,14699,14883,15414,19358,32767,32767,32767,32767,32767,2480.0,17600.0
1495.0,1208.0,7908,15431,15244,15478,14744,17869,32767,32767,32767,32767,32767,3080.0,17600.0
1326.0,1093.0,8105,15431,15244,14883,15414,20102,32767,32767,32767,32767,32767,2400.0,17600.0
1471.0,1151.0,8105,15431,15788,14883,15414,17869,32767,32767,32767,32767,32767,3000.0,17600.0
1326.0,978.0,8105,15431,15244,14288,15414,17124,32767,32767,32767,32767,32767,3120.0,17600.0
1278.0,1036.0,8303,15431,14699,14883,14744,17869,32767,32767,32767,32767,32767,2840.0,17600.0
1495.0,1208.0,8303,15431,15788,15478,15414,18613,32767,32767,32767,32767,32767,2960.0,17600.0
1326.0,1064.0,8699,15431,16332,15478,16754,19358,32767,32767,32767,32767,32767,2800.0,17600.0
1254.0,1036.0,7512,15946,15788,14883,16084,19358,32767,32767,32767,32767,32767,2080.0,17600.0
1350.0,1093.0,7710,15946,16332,15478,16084,19358,32767,32767,32767,32767,32767,2600.0,17600.0
1254.0,921.0,7710,15946,15788,16074,15414,18613,32767,32767,32767,32767,32767,2280.0,17600.0
1182.0,892.0,8105,15946,15788,16074,16084,19358,32767,32767,32767,32767,32767,2240.0,17600.0
1206.0,921.0,8105,15946,15244,13692,13404,17869,32767,32767,32767,32767,32767,2760.0,17600.0
1350.0,1064.0,8105,15946,15244,14883,16084,17869,32767,32767,32767,32767,32767,2680.0,17600.0
1206.0,834.0,8303,15946,15788,14288,14744,19358,32767,32767,32767,32767,32767,2800.0,17600.0
1278.0,1036.0,8303,15946,15788,16074,16084,18613,32767,32767,32767,32767,32767,2520.0,17600.0
1519.0,1208.0,8699,15946,15244,15478,16084,20102,32767,32767,32767,32767,32767,3280.0,17600.0
1302.0,1122.0,8699,15946,16877,16669,16754,20847,32767,32767,32767,32767,32767,2440.0,17600.0
1254.0,978.0,6722,16460,15244,14288,14744,19358,32767,32767,32767,32767,32767,2040.0,17600.0
1254.0,1007.0,7710,16460,15788,15478,17425,20847,32767,32767,32767,32767,32767,2080.0,17600.0
1206.0,834.0,7908,16460,16877,14288,14744,18613,32767,32767,32767,32767,32767,3120.0,17600.0
1423.0,1179.0,8303,16460,16332,16074,16754,19358,32767,32767,32767,32767,32767,2200.0,17600.0
1206.0,921.0,8501,16460,15788,16074,16754,20102,32767,32767,32767,32767,32767,2600.0,17600.0
1495.0,1237.0,8896,16460,16332,16669,16084,19358,32767,32767,32767,32767,32767,3080.0,17600.0
1230.0,978.0,8896,16460,16877,16669,16084,20847,32767,32767,32767,32767,32767,2720.0,17600.0
1157.0,863.0,8896,16460,16332,16669,18095,19358,32767,32767,32767,32767,32767,2640.0,17600.0
1350.0,1093.0,8896,16460,17421,16669,17425,20847,32767,32767,32767,32767,32767,2720.0,17600.0
1326.0,1007.0,9292,16460,16332,17264,16754,20102,32767,32767,32767,32767,32767,2840.0,17600.0
1567.0,1237.0,9687,16460,16877,17264,17425,20102,32767,32767,32767,32767,32767,3560.0,17600.0
1230.0,949.0,7512,16974,16332,16669,17425,20847,32767,32767,32767,32767,32767,1880.0,17600.0
1182.0,892.0,7908,16974,15788,15478,16084,20102,32767,32767,32767,32767,32767,2280.0,17600.0
1206.0,921.0,8303,16974,16332,14883,15414,19358,32767,32767,32767,32767,32767,2520.0,17600.0
1423.0,1179.0,8501,16974,16332,16074,18095,20847,32767,32767,32767,32767,32767,2800.0,17600.0
1302.0,1036.0,8699,16974,17421,16074,17425,20847,32767,32767,32767,32767,32767,2400.0,17600.0
1278.0,978.0,8699,16974,16877,15478,16754,19358,32767,32767,32767,32767,32767,2840.0,17600.0
1374.0,1122.0,8896,16974,15788,15478,16084,19358,32767,32767,32767,32767,32767,3000.0,17600.0
1447.0,1266.0,8896,16974,16332,17860,18095,20847,32767,32767,32767,32767,32767,2640.0,17600.0
1254.0,1036.0,9292,16974,16877,17264,18095,21591,32767,32767,32767,32767,32767,2360.0,17600.0
1471.0,1208.0,9489,16974,17421,17264,18765,20102,32767,32767,32767,32767,32767,2880.0,17600.0
1254.0,978.0,8699,17489,17966,18455,17425,21591,32767,32767,32767,32767,32767,2360.0,17600.0
1399.0,1179.0,8699,17489,16877,17264,16754,20847,32767,32767,32767,32767,32767,2600.0,17600.0
1326.0,1093.0,8699,17489,17421,17264,16754,20847,32767,32767,32767,32767,32767,2160.0,17600.0
1278.0,978.0,8896,17489,18510,16669,18765,21591,32767,32767,32767,32767,32767,2480.0,17600.0
1447.0,1179.0,9094,17489,17421,17264,18765,21591,32767,32767,32767,32767,32767,2640.0,17600.0
1206.0,1007.0,9094,17489,18510,17264,18095,20847,32767,32767,32767,32767,32767,2560.0,17600.0
1423.0,1237.0,9094,17489,18510,19050,20105,21591,32767,32767,32767,32767,32767,2520.0,17600.0
1543.0,1295.0,9292,17489,17421,17860,18095,20847,32767,32767,32767,32767,32767,2640.0,17600.0
1447.0,1266.0,9885,17489,17966,17264,18765,22336,32767,32767,32767,32767,32767,3120.0,17600.0
1664.0,1525.0,7710,18003,19054,17860,20105,23080,32767,32767,32767,32767,32767,1960.0,17600.0
1157.0,805.0,7908,18003,18510,17264,20105,23080,32767,32767,32767,32767,32767,2200.0,17600.0
1447.0,1208.0,8303,18003,17966,17860,18765,21591,32767,32767,32767,32767,32767,2640.0,17600.0
1350.0,1179.0,8896,18003,17966,17264,18095,21591,32767,32767,32767,32767,32767,2320.0,17600.0
1278.0,1151.0,8896,18003,17966,17264,17425,23080,32767,32767,32767,32767,32767,2160.0,17600.0
1254.0,1122.0,8896,18003,17966,17264,17425,23080,32767,32767,32767,32767,32767,2400.0,17600.0
1471.0,1266.0,9094,18003,17421,16669,18095,21591,32767,32767,32767,32767,32767,2640.0,17600.0
1302.0,1036.0,9489,18003,17421,17860,18765,22336,32767,32767,32767,32767,32767,2480.0,17600.0
1616.0,1467.0,9489,18003,18510,19050,20776,23080,32767,32767,32767,32767,32767,2640.0,17600.0
1447.0,1266.0,9687,18003,18510,18455,19435,21591,32767,32767,32767,32767,32767,2720.0,17600.0
1230.0,949.0,10082,18003,18510,17860,16754,20102,32767,32767,32767,32767,32767,2960.0,17600.0
1399.0,1122.0,10280,18003,17966,17264,18095,21591,32767,32767,32767,32767,32767,2920.0,17600.0
1133.0,949.0,7710,18517,16877,18455,18095,21591,32767,32767,32767,32767,32767,1320.0,17600.0
1254.0,1036.0,8896,18517,17966,17264,16754,20102,32767,32767,32767,32767,32767,2400.0,17600.0
1399.0,1179.0,9094,18517,19054,17860,19435,22336,32767,32767,32767,32767,32767,2280.0,17600.0
1447.0,1266.0,9292,18517,17966,17264,18765,22336,32767,32767,32767,32767,32767,2360.0,17600.0
1447.0,1237.0,9292,18517,19599,18455,18765,20847,32767,32767,32767,32767,32767,2440.0,17600.0
1254.0,1064.0,9292,18517,19054,17860,18765,23080,32767,32767,32767,32767,32767,2400.0,17600.0
1278.0,1007.0,9489,18517,17966,17264,19435,22336,32767,32767,32767,32767,32767,2880.0,17600.0
1471.0,1323.0,9687,18517,19054,18455,20105,23080,32767,32767,32767,32767,32767,2320.0,17600.0
1447.0,1179.0,9687,18517,19599,17860,19435,23080,32767,32767,32767,32767,32767,2360.0,17600.0
1326.0,1093.0,9687,18517,20143,18455,18765,20847,32767,32767,32767,32767,32767,2360.0,17600.0
1519.0,1237.0,9687,18517,19054,19050,19435,22336,32767,32767,32767,32767,32767,2640.0,17600.0
1471.0,1266.0,9687,18517,18510,19050,20105,22336,32767,32767,32767,32767,32767,2720.0,17600.0
1591.0,1323.0,9885,18517,19599,19050,19435,22336,32767,32767,32767,32767,32767,2880.0,17600.0
1399.0,1179.0,10082,18517,19599,19050,18765,21591,32767,32767,32767,32767,32767,2760.0,17600.0
1350.0,1064.0,8896,19032,18510,19050,20776,24569,32767,32767,32767,32767,32767,2400.0,17600.0
1326.0,1122.0,9094,19032,17966,16669,18095,21591,32767,32767,32767,32767,32767,2480.0,17600.0
1133.0,978.0,9094,19032,19599,19646,20776,23080,32767,32767,32767,32767,32767,1440.0,17600.0
1423.0,1266.0,9292,19032,19599,19646,20105,23825,32767,32767,32767,32767,32767,2200.0,17600.0
1230.0,1036.0,9292,19032,18510,18455,18095,22336,32767,32767,32767,32767,32767,2520.0,17600.0
1326.0,1064.0,9292,19032,19054,18455,18765,22336,32767,32767,32767,32767,32767,2280.0,17600.0
1350.0,1122.0,9489,19032,20143,18455,18765,21591,32767,32767,32767,32767,32767,2680.0,17600.0
1447.0,1352.0,9489,19032,20143,19646,20776,21591,32767,32767,32767,32767,32767,2360.0,17600.0
1423.0,1151.0,9687,19032,19599,17860,18095,22336,32767,32767,32767,32767,32767,2600.0,17600.0
1471.0,1323.0,9687,19032,19599,18455,19435,22336,32767,32767,32767,32767,32767,2640.0,17600.0
1302.0,1266.0,9885,19032,19054,19050,18765,21591,32767,32767,32767,32767,32767,2480.0,17600.0
1278.0,1122.0,9885,19032,19599,19050,19435,23825,32767,32767,32767,32767,32767,2280.0,17600.0
1519.0,1295.0,9885,19032,19054,19646,20105,21591,32767,32767,32767,32767,32767,2760.0,17600.0
1447.0,1237.0,9885,19032,20688,19050,20776,23080,32767,32767,32767,32767,32767,2800.0,17600.0
1447.0,1266.0,9885,19032,19599,18455,20105,23080,32767,32767,32767,32767,32767,2760.0,17600.0
1447.0,1179.0,10082,19032,19054,17860,19435,21591,32767,32767,32767,32767,32767,3000.0,17600.0
1495.0,1237.0,10082,19032,19054,18455,20776,22336,32767,32767,32767,32767,32767,3240.0,17600.0
1374.0,1295.0,10082,19032,20688,19646,20776,23825,32767,32767,32767,32767,32767,2120.0,17600.0
1350.0,1093.0,8501,19546,19599,17264,19435,21591,32767,32767,32767,32767,32767,2160.0,17600.0
1302.0,1208.0,9094,19546,19054,19646,20776,25314,32767,32767,32767,32767,32767,1960.0,17600.0
1399.0,1237.0,9094,19546,19599,19050,20105,22336,32767,32767,32767,32767,32767,2200.0,17600.0
1278.0,1093.0,9489,19546,19599,19646,20105,23825,32767,32767,32767,32767,32767,2080.0,17600.0
1350.0,1237.0,9489,19546,19599,18455,20105,23080,32767,32767,32767,32767,32767,2480.0,17600.0
1302.0,1237.0,9489,19546,19599,19646,20105,23080,32767,32767,32767,32767,32767,2080.0,17600.0
1423.0,1295.0,9687,19546,20143,19646,19435,22336,32767,32767,32767,32767,32767,2640.0,17600.0
1302.0,1122.0,9687,19546,21232,19050,20776,25314,32767,32767,32767,32767,32767,2280.0,17600.0
1374.0,1151.0,9885,19546,19599,18455,19435,23080,32767,32767,32767,32767,32767,2520.0,17600.0
1471.0,1237.0,9885,19546,19599,19050,20776,23080,32767,32767,32767,32767,32767,2480.0,17600.0
1447.0,1352.0,10082,19546,20143,19646,20105,23825,32767,32767,32767,32767,32767,2320.0,17600.0
1350.0,1151.0,10082,19546,19599,19646,20105,23080,32767,32767,32767,32767,32767,2640.0,17600.0
1374.0,1237.0,10280,19546,20688,19646,20776,24569,32767,32767,32767,32767,32767,2160.0,17600.0
1374.0,1266.0,10280,19546,20143,19646,20776,23080,32767,32767,32767,32767,32767,2640.0,17600.0
1471.0,1295.0,10478,19546,20688,19646,19435,23080,32767,32767,32767,32767,32767,2480.0,17600.0
1302.0,1093.0,10478,19546,20143,19050,19435,20847,32767,32767,32767,32767,32767,2480.0,17600.0
1567.0,1410.0,10675,19546,20688,19050,20776,23825,32767,32767,32767,32767,32767,2680.0,17600.0
1712.0,1582.0,10873,19546,21232,20836,22116,23080,32767,32767,32767,32767,32767,2680.0,17600.0
1447.0,1295.0,11269,19546,21232,20241,20776,22336,32767,32767,32767,32767,32767,2800.0,17600.0
1374.0,1036.0,9292,20061,20143,19050,21446,23080,32767,32767,32767,32767,32767,2400.0,17600.0
1567.0,1438.0,9687,20061,21232,21432,21446,23825,32767,32767,32767,32767,32767,2320.0,17600.0
1471.0,1295.0,9687,20061,21232,20241,20776,23825,32767,32767,32767,32767,32767,2400.0,17600.0
1302.0,1208.0,9687,20061,20688,19646,21446,25314,32767,32767,32767,32767,32767,1920.0,17600.0
1399.0,1237.0,9687,20061,20143,19646,20105,23825,32767,32767,32767,32767,32767,2040.0,17600.0
1471.0,1410.0,9885,20061,20688,20836,20776,24569,32767,32767,32767,32767,32767,2120.0,17600.0
1399.0,1237.0,9885,20061,20688,19050,20776,23080,32767,32767,32767,32767,32767,2240.0,17600.0
1519.0,1438.0,10082,20061,20688,20241,22116,23080,32767,32767,32767,32767,32767,2280.0,17600.0
1447.0,1323.0,10082,20061,21776,20241,24126,23825,32767,32767,32767,32767,32767,2320.0,17600.0
1447.0,1266.0,10082,20061,20688,19646,20105,23080,32767,32767,32767,32767,32767,2480.0,17600.0
1495.0,1122.0,10280,20061,19599,21432,21446,23080,32767,32767,32767,32767,32767,2760.0,17600.0
1640.0,1438.0,10280,20061,21776,21432,22116,24569,32767,32767,32767,32767,32767,2360.0,17600.0
1374.0,1122.0,10280,20061,20143,20241,19435,24569,32767,32767,32767,32767,32767,2280.0,17600.0
1254.0,1064.0,10478,20061,20688,19050,20776,23825,32767,32767,32767,32767,32767,2440.0,17600.0
1591.0,1410.0,10478,20061,21776,20241,22786,25314,32767,32767,32767,32767,32767,2560.0,17600.0
1374.0,1323.0,10478,20061,21776,20241,22786,26059,32767,32767,32767,32767,32767,2240.0,17600.0
1399.0,1266.0,9885,20575,21776,21432,24797,24569,32767,32767,32767,32767,32767,2440.0,17600.0
1374.0,1208.0,10082,20575,21776,19646,22116,25314,32767,32767,32767,32767,32767,2240.0,17600.0
1447.0,1295.0,10082,20575,21232,20241,21446,22336,32767,32767,32767,32767,32767,2440.0,17600.0
1302.0,1122.0,10082,20575,20688,19646,20105,22336,32767,32767,32767,32767,32767,2240.0,17600.0
1350.0,1295.0,10280,20575,20688,20241,21446,24569,32767,32767,32767,32767,32767,2320.0,17600.0
1326.0,1093.0,10280,20575,20688,20241,20105,23825,32767,32767,32767,32767,32767,2160.0,17600.0
1230.0,978.0,10675,20575,19599,20241,22786,23825,32767,32767,32767,32767,32767,2320.0,17600.0
1326.0,1237.0,10675,20575,20688,20241,20776,24569,32767,32767,32767,32767,32767,2320.0,17600.0
1374.0,1208.0,10675,20575,20688,20241,22786,25314,32767,32767,32767,32767,32767,2240.0,17600.0
1519.0,1381.0,10675,20575,21232,20836,21446,24569,32767,32767,32767,32767,32767,2520.0,17600.0
1399.0,1237.0,11466,20575,22321,20836,21446,23825,32767,32767,32767,32767,32767,2760.0,17600.0
1326.0,1093.0,11664,20575,22865,21432,24126,23825,32767,32767,32767,32767,32767,2960.0,17600.0
1471.0,1266.0,8896,21089,21232,20836,23456,28292,32767,32767,32767,32767,32767,1960.0,17600.0
1616.0,1467.0,9292,21089,21232,21432,22786,25314,32767,32767,32767,32767,32767,2400.0,17600.0
1519.0,1352.0,9687,21089,20688,20241,22786,24569,32767,32767,32767,32767,32767,2680.0,17600.0
1399.0,1151.0,9885,21089,21776,20241,23456,25314,32767,32767,32767,32767,32767,2320.0,17600.0
1326.0,1179.0,9885,21089,21232,20241,22786,26059,32767,32767,32767,32767,32767,2360.0,17600.0
1350.0,1237.0,10082,21089,20688,20241,22116,25314,32767,32767,32767,32767,32767,2320.0,17600.0
1447.0,1352.0,10082,21089,22321,20836,21446,25314,32767,32767,32767,32767,32767,2040.0,17600.0
1374.0,1237.0,10082,21089,21232,20241,21446,22336,32767,32767,32767,32767,32767,2320.0,17600.0
1374.0,1352.0,10478,21089,21776,21432,22786,24569,32767,32767,32767,32767,32767,2080.0,17600.0
1302.0,1122.0,10478,21089,21776,21432,22786,26059,32767,32767,32767,32767,32767,2480.0,17600.0
1350.0,1266.0,10478,21089,21776,21432,22116,26059,32767,32767,32767,32767,32767,2360.0,17600.0
1326.0,1151.0,10478,21089,22321,20836,21446,26059,32767,32767,32767,32767,32767,2520.0,17600.0
1423.0,1179.0,10675,21089,22321,22027,23456,24569,32767,32767,32767,32767,32767,2160.0,17600.0
1495.0,1438.0,10675,21089,21232,21432,22786,25314,32767,32767,32767,32767,32767,2480.0,17600.0
1350.0,1093.0,10675,21089,20688,21432,22116,22336,32767,32767,32767,32767,32767,3000.0,17600.0
1567.0,1496.0,10873,21089,22321,21432,23456,25314,32767,32767,32767,32767,32767,2680.0,17600.0
1519.0,1410.0,10873,21089,22321,22622,22116,23080,32767,32767,32767,32767,32767,2360.0,17600.0
1278.0,1093.0,10873,21089,21232,20241,21446,25314,32767,32767,32767,32767,32767,2400.0,17600.0
1423.0,1295.0,10873,21089,22321,21432,23456,24569,32767,32767,32767,32767,32767,2520.0,17600.0
1591.0,1496.0,11269,21089,20688,22027,22116,24569,32767,32767,32767,32767,32767,2680.0,17600.0
1350.0,1179.0,11269,21089,22321,21432,22786,26059,32767,32767,32767,32767,32767,2200.0,17600.0
1423.0,1208.0,8896,21604,20688,20836,22786,26803,32767,32767,32767,32767,32767,2240.0,17600.0
1881.0,1755.0,9292,21604,21232,21432,22116,26803,32767,32767,32767,32767,32767,2200.0,17600.0
1640.0,1467.0,9885,21604,22321,21432,24126,26059,32767,32767,32767,32767,32767,2440.0,17600.0
1254.0,1093.0,10280,21604,22321,20836,22786,25314,32767,32767,32767,32767,32767,2160.0,17600.0
1495.0,1352.0,10280,21604,21776,21432,23456,24569,32767,32767,32767,32767,32767,2080.0,17600.0
1447.0,1352.0,10873,21604,22321,21432,23456,25314,32767,32767,32767,32767,32767,2080.0,17600.0
1519.0,1381.0,10873,21604,21776,22622,22786,25314,32767,32767,32767,32767,32767,2720.0,17600.0
1399.0,1323.0,10873,21604,20688,20836,22786,26803,32767,32767,32767,32767,32767,2480.0,17600.0
1543.0,1438.0,10873,21604,21232,21432,22786,24569,32767,32767,32767,32767,32767,2600.0,17600.0
1567.0,1553.0,10873,21604,21776,20241,22786,26059,32767,32767,32767,32767,32767,2560.0,17600.0
1326.0,1237.0,11071,21604,22321,21432,24126,27548,32767,32767,32767,32767,32767,2200.0,17600.0
1374.0,1381.0,11071,21604,22321,22027,23456,25314,32767,32767,32767,32767,32767,2120.0,17600.0
1423.0,1323.0,11071,21604,22321,21432,22786,25314,32767,32767,32767,32767,32767,2200.0,17600.0
1278.0,1036.0,11071,21604,21232,20836,22116,25314,32767,32767,32767,32767,32767,2760.0,17600.0
1591.0,1467.0,11269,21604,22865,20836,22116,23825,32767,32767,32767,32767,32767,2760.0,17600.0
1495.0,1323.0,11269,21604,23410,22027,23456,25314,32767,32767,32767,32767,32767,2320.0,17600.0
1929.0,2042.0,11466,21604,22321,23218,22786,26803,32767,32767,32767,32767,32767,3160.0,17600.0
1567.0,1381.0,11664,21604,22321,20836,22786,24569,32767,32767,32767,32767,32767,2600.0,17600.0
1591.0,1525.0,10280,22118,22865,21432,22786,24569,32767,32767,32767,32767,32767,2440.0,17600.0
1664.0,1640.0,10478,22118,22321,22622,22116,26803,32767,32767,32767,32767,32767,2560.0,17600.0
1423.0,1438.0,11071,22118,23954,22622,24797,26803,32767,32767,32767,32767,32767,2320.0,17600.0
1519.0,1582.0,11071,22118,22321,21432,23456,27548,32767,32767,32767,32767,32767,2440.0,17600.0
1471.0,1295.0,11071,22118,22865,22622,23456,26803,32767,32767,32767,32767,32767,2320.0,17600.0
1350.0,1179.0,11071,22118,22321,20836,22786,24569,32767,32767,32767,32767,32767,2280.0,17600.0
1423.0,1208.0,11071,22118,22321,22027,23456,26059,32767,32767,32767,32767,32767,2640.0,17600.0
1616.0,1467.0,11269,22118,22321,21432,23456,24569,32767,32767,32767,32767,32767,2720.0,17600.0
1567.0,1496.0,11466,22118,22865,22027,23456,26059,32767,32767,32767,32767,32767,2840.0,17600.0
1471.0,1381.0,11466,22118,24499,22622,24126,26803,32767,32767,32767,32767,32767,2120.0,17600.0
1495.0,1438.0,11466,22118,24499,23218,23456,25314,32767,32767,32767,32767,32767,2720.0,17600.0
1760.0,1755.0,11862,22118,22321,22622,23456,23825,32767,32767,32767,32767,32767,3000.0,17600.0
2701.0,2388.0,9094,22632,23954,22622,28147,29781,32767,32767,32767,32767,32767,2960.0,17600.0
1567.0,1381.0,10873,22632,23410,23218,24797,26803,32767,32767,32767,32767,32767,2760.0,17600.0
1374.0,1381.0,10873,22632,23410,22027,24126,26803,32767,32767,32767,32767,32767,2000.0,17600.0
1447.0,1352.0,11071,22632,22865,21432,26137,27548,32767,32767,32767,32767,32767,2400.0,17600.0
1447.0,1467.0,11269,22632,23954,21432,23456,27548,32767,32767,32767,32767,32767,2360.0,17600.0
1374.0,1237.0,11269,22632,22321,21432,24126,28292,32767,32767,32767,32767,32767,2480.0,17600.0
1567.0,1525.0,11269,22632,23954,23218,24797,26803,32767,32767,32767,32767,32767,2800.0,17600.0
1399.0,1381.0,11269,22632,23954,24408,26137,26803,32767,32767,32767,32767,32767,2440.0,17600.0
1616.0,1496.0,11466,22632,22865,22027,24797,26059,32767,32767,32767,32767,32767,2440.0,17600.0
2267.0,2042.0,11466,22632,23410,24408,26137,29037,32767,32767,32767,32767,32767,3440.0,17600.0
1471.0,1467.0,11466,22632,24499,23218,25467,28292,32767,32767,32767,32767,32767,2200.0,17600.0
1495.0,1352.0,11664,22632,23954,23813,22786,27548,32767,32767,32767,32767,32767,2760.0,17600.0
1399.0,1295.0,11664,22632,24499,23218,24126,29037,32767,32767,32767,32767,32767,2480.0,17600.0
1471.0,1381.0,11862,22632,24499,23218,25467,30526,32767,32767,32767,32767,32767,2480.0,17600.0
1664.0,1784.0,12455,22632,24499,23218,25467,27548,32767,32767,32767,32767,32767,2640.0,17600.0
2267.0,2042.0,9885,23147,25043,26194,27477,31270,32767,32767,32767,32767,32767,2320.0,17600.0
1495.0,1323.0,10873,23147,23410,22027,24126,28292,32767,32767,32767,32767,32767,2680.0,17600.0
1326.0,1295.0,11466,23147,23954,23813,25467,26803,32767,32767,32767,32767,32767,2320.0,17600.0
1399.0,1352.0,11466,23147,24499,22622,24126,26059,32767,32767,32767,32767,32767,2160.0,17600.0
2532.0,2244.0,11862,23147,23954,24408,26807,29037,32767,32767,32767,32767,32767,3680.0,17600.0
1760.0,1611.0,11862,23147,23954,24408,26137,26059,32767,32767,32767,32767,32767,2600.0,17600.0
1664.0,1611.0,12059,23147,24499,23813,25467,27548,32767,32767,32767,32767,32767,2480.0,17600.0
1423.0,1438.0,10873,23661,23954,24408,24126,26803,32767,32767,32767,32767,32767,1800.0,17600.0
1495.0,1553.0,11071,23661,23954,24408,26807,27548,32767,32767,32767,32767,32767,2640.0,17600.0
1784.0,1870.0,11269,23661,26676,28576,31498,32015,32767,32767,32767,32767,32767,2240.0,17600.0
1495.0,1438.0,11466,23661,23954,23218,24797,26803,32767,32767,32767,32767,32767,2480.0,17600.0
1423.0,1438.0,11466,23661,25587,23813,26137,29781,32767,32767,32767,32767,32767,2360.0,17600.0
1471.0,1410.0,11664,23661,24499,23813,26137,26803,32767,32767,32767,32767,32767,3080.0,17600.0
1953.0,1755.0,11664,23661,25043,25004,25467,27548,32767,32767,32767,32767,32767,3080.0,17600.0
1399.0,1208.0,11862,23661,24499,22622,23456,25314,32767,32767,32767,32767,32767,2680.0,17600.0
1519.0,1410.0,12257,23661,23954,23813,25467,30526,32767,32767,32767,32767,32767,2480.0,17600.0
1471.0,1467.0,12455,23661,25043,23813,24797,26803,32767,32767,32767,32767,32767,2280.0,17600.0
1519.0,1295.0,11269,24176,24499,24408,27477,30526,32767,32767,32767,32767,32767,2480.0,17600.0
1399.0,1438.0,11269,24176,24499,22622,24797,26803,32767,32767,32767,32767,32767,2000.0,17600.0
1712.0,1697.0,11466,24176,26132,25004,28147,29781,32767,32767,32767,32767,32767,2480.0,17600.0
1374.0,1323.0,11664,24176,25043,23813,24797,28292,32767,32767,32767,32767,32767,1960.0,17600.0
1591.0,1640.0,11664,24176,26132,25004,28147,29781,32767,32767,32767,32767,32767,2720.0,17600.0
1374.0,1323.0,12059,24176,25043,23218,25467,29037,32767,32767,32767,32767,32767,2280.0,17600.0
1567.0,1438.0,12455,24176,26132,24408,28147,32015,32767,32767,32767,32767,32767,2400.0,17600.0
1591.0,1553.0,11862,24690,26132,25599,26807,29037,32767,32767,32767,32767,32767,2960.0,17600.0
1519.0,1381.0,12059,24690,24499,23813,25467,31270,32767,32767,32767,32767,32767,2400.0,17600.0
1736.0,1956.0,12059,24690,25043,24408,27477,27548,32767,32767,32767,32767,32767,2560.0,17600.0
1423.0,1237.0,12059,24690,25587,25004,26137,28292,32767,32767,32767,32767,32767,2200.0,17600.0
1567.0,1467.0,12257,24690,25587,24408,26807,26059,32767,32767,32767,32767,32767,2520.0,17600.0
1616.0,1668.0,12455,24690,27221,27385,28147,29781,32767,32767,32767,32767,32767,2680.0,17600.0
1374.0,1266.0,12652,24690,25043,26194,27477,30526,32767,32767,32767,32767,32767,2560.0,17600.0
1712.0,1410.0,13048,24690,27221,27385,28147,29037,32767,32767,32767,32767,32767,3200.0,17600.0
1881.0,1812.0,13245,24690,26132,27980,28147,29037,32767,32767,32767,32767,32767,3040.0,17600.0
1447.0,1237.0,10280,25204,25587,22027,24797,26803,32767,32767,32767,32767,32767,2360.0,17600.0
1567.0,1582.0,12059,25204,25043,25599,29488,29781,32767,32767,32767,32767,32767,2640.0,17600.0
1374.0,1208.0,12257,25204,26676,25599,26137,28292,32767,32767,32767,32767,32767,2400.0,17600.0
1326.0,1266.0,12257,25204,26676,25004,26137,30526,32767,32767,32767,32767,32767,2400.0,17600.0
1640.0,1697.0,12455,25204,26676,26790,28818,29781,32767,32767,32767,32767,32767,2920.0,17600.0
1688.0,1726.0,12652,25204,27221,25599,28818,30526,32767,32767,32767,32767,32767,2560.0,17600.0
1616.0,1697.0,12850,25204,26132,26194,26807,29037,32767,32767,32767,32767,32767,2360.0,17600.0
1616.0,1668.0,13245,25204,28309,27385,28818,28292,32767,32767,32767,32767,32767,2520.0,17600.0
1423.0,1467.0,11862,25719,25587,26194,28147,29037,32767,32767,32767,32767,32767,1960.0,17600.0
1688.0,1668.0,12455,25719,29398,28576,29488,29781,32767,32767,32767,32767,32767,2280.0,17600.0
1447.0,1352.0,13048,25719,26676,27980,28818,29781,32767,32767,32767,32767,32767,2320.0,17600.0
1519.0,1467.0,13048,25719,26676,25004,28147,31270,32767,32767,32767,32767,32767,2440.0,17600.0
1519.0,1553.0,12652,26233,26132,25004,26807,29781,32767,32767,32767,32767,32767,2320.0,17600.0
1399.0,1323.0,12652,26233,27765,26790,28818,30526,32767,32767,32767,32767,32767,2400.0,17600.0
1640.0,1553.0,12850,26233,26676,26194,27477,30526,32767,32767,32767,32767,32767,2440.0,17600.0
1833.0,1985.0,13048,26233,27765,28576,30158,32759,32767,32767,32767,32767,32767,2440.0,17600.0
1447.0,1553.0,13443,26233,28309,27385,29488,29781,32767,32767,32767,32767,32767,2400.0,17600.0
1688.0,1726.0,13839,26233,28854,26790,29488,32015,32767,32767,32767,32767,32767,2560.0,17600.0
1784.0,1870.0,12257,26747,28309,26194,28818,32015,32767,32767,32767,32767,32767,2960.0,17600.0
1640.0,1812.0,13245,26747,28854,26790,29488,32015,32767,32767,32767,32767,32767,2360.0,17600.0
1616.0,1611.0,13443,26747,29943,29766,30158,31270,32767,32767,32767,32767,32767,2200.0,17600.0
1833.0,1899.0,13641,26747,28309,1786,6032,745,32767,32767,32767,32767,32767,2600.0,17600.0
1543.0,1525.0,12850,27262,32120,30957,32767,32767,32767,32767,32767,32767,32767,1920.0,17600.0
1905.0,1841.0,12850,27262,28854,30362,30828,31270,32767,32767,32767,32767,32767,2560.0,17600.0
1784.0,1841.0,13048,27262,28309,27385,30828,29781,32767,32767,32767,32767,32767,2640.0,17600.0
1857.0,2215.0,14036,27262,28309,30362,32767,32767,32767,32767,32767,32767,32767,2800.0,17600.0
1977.0,2186.0,13443,27776,26676,26790,28818,30526,32767,32767,32767,32767,32767,3360.0,17600.0
1591.0,1640.0,13641,27776,29943,29171,30828,32759,32767,32767,32767,32767,32767,2360.0,17600.0
1881.0,2158.0,13641,27776,29943,28576,31498,32767,32767,32767,32767,32767,32767,2720.0,17600.0
1447.0,1467.0,12850,28291,29398,30362,31498,31270,32767,32767,32767,32767,32767,2000.0,17600.0
1977.0,2014.0,13443,28291,32665,30362,32767,32759,32767,32767,32767,32767,32767,3080.0,17600.0
1688.0,1697.0,13839,28291,29943,28576,31498,32767,32767,32767,32767,32767,32767,2400.0,17600.0
1953.0,2158.0,13839,28805,31031,30362,32767,32767,32767,32767,32767,32767,32767,2640.0,17600.0
1953.0,2158.0,14432,28805,32120,32148,32767,32767,32767,32767,32767,32767,32767,2680.0,17600.0
1591.0,1668.0,12850,29319,30487,32743,32767,32759,32767,32767,32767,32767,32767,1960.0,17600.0
1929.0,1812.0,13048,29319,30487,29766,32767,32767,32767,32767,32767,32767,32767,2720.0,17600.0
1688.0,1611.0,13245,29319,30487,31552,32767,32767,32767,32767,32767,32767,32767,2560.0,17600.0
1664.0,1812.0,14036,29319,29943,30957,32767,32767,32767,32767,32767,32767,32767,2480.0,17600.0
1905.0,2042.0,14827,29834,32120,31552,32767,32767,32767,32767,32767,32767,32767,2520.0,17600.0
1857.0,2071.0,15420,29834,31576,32743,32767,32767,32767,32767,32767,32767,32767,2600.0,17600.0
1688.0,1812.0,14432,30348,32120,32767,32767,32767,32767,32767,32767,32767,32767,2720.0,17600.0
1784.0,2042.0,14629,30348,32767,32767,32767,32767,32767,32767,32767,32767,32767,2440.0,17600.0
2025.0,1985.0,14629,30348,32120,32767,32767,32767,32767,32767,32767,32767,32767,3160.0,17600.0
2074.0,2100.0,15025,30348,31576,31552,32767,32767,32767,32767,32767,32767,32767,2600.0,17600.0
1664.0,1812.0,13245,30862,32120,32767,32767,32767,32767,32767,32767,32767,32767,2160.0,17600.0
2218.0,2330.0,14432,30862,32120,32743,32767,32767,32767,32767,32767,32767,32767,2800.0,17600.0
2098.0,2071.0,15025,30862,32767,32767,32767,32767,32767,32767,32767,32767,32767,2440.0,17600.0
1688.0,2244.0,15420,30862,32767,32767,32767,32767,32767,32767,32767,32767,32767,2480.0,17600.0
1760.0,1697.0,14827,31377,32767,32767,32767,32767,32767,32767,32767,32767,32767,2400.0,17600.0
1808.0,1985.0,15025,31377,32767,32767,32767,32767,32767,32767,32767,32767,32767,2400.0,17600.0
1664.0,1784.0,15222,31377,32767,32767,32767,32767,32767,32767,32767,32767,32767,2200.0,17600.0
1712.0,1582.0,15222,31377,32665,32767,32767,32767,32767,32767,32767,32767,32767,2880.0,17600.0
1977.0,2186.0,16013,31377,32767,32767,32767,32767,32767,32767,32767,32767,32767,2680.0,17600.0
1857.0,1841.0,14234,31891,32665,30957,32767,32767,32767,32767,32767,32767,32767,2320.0,17600.0
1760.0,1985.0,15025,31891,32120,32767,32767,32767,32767,32767,32767,32767,32767,2560.0,17600.0
1833.0,2014.0,15025,31891,32767,32767,32767,32767,32767,32767,32767,32767,32767,2320.0,17600.0
1857.0,2042.0,16013,31891,32767,32743,32767,32767,32767,32767,32767,32767,32767,2600.0,17600.0
2315.0,2215.0,15025,32405,32767,32767,32767,32767,32767,32767,32767,32767,32767,3040.0,17600.0
1905.0,2215.0,15420,32767,32767,32767,32767,32767,32767,32767,32767,32767,32767,2560.0,17600.0
1664.0,2129.0,16013,32767,32767,32767,32767,32767,32767,32767,32767,32767,32767,2800.0,17600.0
1337.0,1168.0,8811,17321,17793,17689,18585,22122,32767,32767,32767,32767,32767,2417.0,17800.0
1337.0,1168.0,8811,17831,18333,18278,17921,22122,32767,32767,32767,32767,32767,2337.0,17800.0
1290.0,1111.0,9007,18340,18872,18278,19249,22122,32767,32767,32767,32767,32767,2219.0,17800.0
1337.0,1197.0,9594,18849,18872,18868,19913,23597,32767,32767,32767,32767,32767,2219.0,17800.0
1848.0,1737.0,9490,19514,18125,21663,19198,23634,32767,32767,32767,32767,32767,2787.0,17800.0
1361.0,1140.0,10182,19868,20489,18868,19913,23597,32767,32767,32767,32767,32767,2615.0,17800.0
1290.0,1140.0,10182,20378,21029,15330,17921,11798,32767,32767,32767,32767,32767,2179.0,17800.0
1385.0,1197.0,10573,20887,21029,20637,22568,25071,32767,32767,32767,32767,32767,2615.0,17800.0
1409.0,1140.0,9007,21397,20489,21226,20576,25809,32767,32767,32767,32767,32767,2694.0,17800.0
1290.0,1197.0,10573,22925,23185,23585,24559,28758,32767,32767,32767,32767,32767,1902.0,17800.0
1409.0,1368.0,11356,23434,25342,25354,26550,29496,32767,32767,32767,32767,32767,1981.0,17800.0
1385.0,1425.0,10769,24453,23725,24174,24559,26546,32767,32767,32767,32767,32767,2219.0,17800.0
1337.0,1168.0,10965,24453,24264,25354,25886,28758,32767,32767,32767,32767,32767,2100.0,17800.0
1409.0,1339.0,11161,24453,24803,24174,24559,28021,32767,32767,32767,32767,32767,1902.0,17800.0
1337.0,1282.0,11552,24453,26960,25943,27214,29496,32767,32767,32767,32767,32767,2060.0,17800.0
1385.0,1339.0,11552,24453,25342,25354,25886,29496,32767,32767,32767,32767,32767,2100.0,17800.0
1600.0,1709.0,11748,24453,24803,24764,25886,29496,32767,32767,32767,32767,32767,2377.0,17800.0
1337.0,1311.0,11356,24963,25342,24174,25886,28758,32767,32767,32767,32767,32767,1862.0,17800.0
1481.0,1339.0,11552,24963,25342,25354,26550,28758,32767,32767,32767,32767,32767,2298.0,17800.0
1361.0,1339.0,11748,24963,26960,25943,27214,30233,32767,32767,32767,32767,32767,1783.0,17800.0
1433.0,1510.0,12140,24963,25881,25354,26550,30233,32767,32767,32767,32767,32767,2100.0,17800.0
1409.0,1368.0,11748,25472,25881,27123,27878,28758,32767,32767,32767,32767,32767,2139.0,17800.0
1313.0,1225.0,11944,25472,26960,27123,27878,30971,32767,32767,32767,32767,32767,1862.0,17800.0
2102.0,2137.0,11356,25982,26421,28302,29205,30971,32767,32767,32767,32767,32767,2258.0,17800.0
1266.0,1111.0,11944,25982,26421,27123,28541,30233,32767,32767,32767,32767,32767,1941.0,17800.0
1433.0,1339.0,13119,25982,28038,28891,29869,30233,32767,32767,32767,32767,32767,2456.0,17800.0
1743.0,1652.0,10965,26491,26421,25943,27214,30233,32767,32767,32767,32767,32767,1981.0,17800.0
1481.0,1510.0,11356,26491,27499,26533,27214,30971,32767,32767,32767,32767,32767,1981.0,17800.0
1361.0,1311.0,11552,26491,26421,25943,27214,30233,32767,32767,32767,32767,32767,1704.0,17800.0
1409.0,1425.0,11944,26491,26421,27123,28541,30233,32767,32767,32767,32767,32767,1822.0,17800.0
1505.0,1510.0,12140,26491,26960,27123,28541,30233,32767,32767,32767,32767,32767,2337.0,17800.0
1361.0,1368.0,12335,26491,28577,28302,29205,32445,32767,32767,32767,32767,32767,1783.0,17800.0
1409.0,1453.0,11944,27000,28038,27123,29205,32445,32767,32767,32767,32767,32767,1981.0,17800.0
1600.0,1624.0,12140,27000,29656,29481,30533,30971,32767,32767,32767,32767,32767,2258.0,17800.0
1457.0,1482.0,12335,27000,27499,28302,28541,31708,32767,32767,32767,32767,32767,1981.0,17800.0
1600.0,1624.0,12727,27000,29117,28891,29205,30971,32767,32767,32767,32767,32767,2219.0,17800.0
1552.0,1539.0,12727,27510,28038,28891,29869,30971,32767,32767,32767,32767,32767,1941.0,17800.0
1815.0,1909.0,13119,27510,28577,29481,30533,29496,32767,32767,32767,32767,32767,2971.0,17800.0
1528.0,1709.0,13314,27510,29117,28891,31196,32767,32767,32767,32767,32767,32767,2417.0,17800.0
1457.0,1567.0,12727,28019,27499,28302,29869,32445,32767,32767,32767,32767,32767,2219.0,17800.0
1911.0,1795.0,12727,28019,29656,30071,31196,32445,32767,32767,32767,32767,32767,3367.0,17800.0
1815.0,1880.0,12923,28019,28038,30660,32524,32767,32767,32767,32767,32767,32767,2298.0,17800.0
1505.0,1510.0,12923,28019,29117,28891,30533,32445,32767,32767,32767,32767,32767,1981.0,17800.0
1719.0,1766.0,12923,28019,28577,27712,29869,31708,32767,32767,32767,32767,32767,2337.0,17800.0
1528.0,1510.0,13119,28019,29117,29481,30533,32767,32767,32767,32767,32767,32767,2020.0,17800.0
1552.0,1709.0,13314,28019,29117,30071,31860,32767,32767,32767,32767,32767,32767,2337.0,17800.0
1552.0,1482.0,13119,28529,30734,29481,30533,32445,32767,32767,32767,32767,32767,2417.0,17800.0
1576.0,1652.0,13314,28529,30734,29481,31196,32445,32767,32767,32767,32767,32767,2139.0,17800.0
2006.0,2251.0,13510,28529,29656,30660,32524,32767,32767,32767,32767,32767,32767,2615.0,17800.0
1767.0,1937.0,13119,29038,30195,31250,31860,31708,32767,32767,32767,32767,32767,2734.0,17800.0
1624.0,1652.0,13119,29548,29656,30660,32767,32767,32767,32767,32767,32767,32767,2060.0,17800.0
1672.0,1709.0,13314,29548,30734,30660,32767,32767,32767,32767,32767,32767,32767,1981.0,17800.0
1433.0,1339.0,13314,29548,29656,30071,32524,32767,32767,32767,32767,32767,32767,2179.0,17800.0
1528.0,1624.0,13314,29548,30734,30071,32524,32767,32767,32767,32767,32767,32767,2139.0,17800.0
1552.0,1567.0,13314,29548,31812,30071,31860,32767,32767,32767,32767,32767,32767,1941.0,17800.0
1696.0,1880.0,13902,29548,30734,29481,31196,32767,32767,32767,32767,32767,32767,2258.0,17800.0
1934.0,2279.0,14293,29548,30195,31250,31196,32767,32767,32767,32767,32767,32767,2496.0,17800.0
1815.0,2051.0,14293,30057,32767,32429,32767,32767,32767,32767,32767,32767,32767,2298.0,17800.0
1576.0,1795.0,14293,30057,31273,32767,32767,32767,32767,32767,32767,32767,32767,2496.0,17800.0
1887.0,2108.0,15272,30057,32352,32767,32767,32767,32767,32767,32767,32767,32767,2615.0,17800.0
1982.0,1994.0,15664,30057,31812,31839,32767,32767,32767,32767,32767,32767,32767,2575.0,17800.0
1505.0,1596.0,13706,30567,31812,31839,32767,32767,32767,32767,32767,32767,32767,2100.0,17800.0
1457.0,1539.0,13902,30567,31812,31250,32767,32767,32767,32767,32767,32767,32767,1981.0,17800.0
1433.0,1539.0,14098,30567,30734,32767,32767,32767,32767,32767,32767,32767,32767,2139.0,17800.0
1696.0,1937.0,14489,30567,32352,32767,32767,32767,32767,32767,32767,32767,32767,2694.0,17800.0
1719.0,1880.0,14489,30567,30734,32429,32767,32767,32767,32767,32767,32767,32767,2496.0,17800.0
1863.0,1966.0,14489,30567,31812,32429,32767,32767,32767,32767,32767,32767,32767,2258.0,17800.0
1719.0,1766.0,14881,30567,30734,32767,32767,32767,32767,32767,32767,32767,32767,2179.0,17800.0
1696.0,1709.0,14881,30567,32767,32767,32767,32767,32767,32767,32767,32767,32767,2020.0,17800.0
1528.0,1596.0,15272,30567,31812,31250,32767,32767,32767,32767,32767,32767,32767,2100.0,17800.0
1719.0,1766.0,12923,31076,30734,32767,32767,32767,32767,32767,32767,32767,32767,2179.0,17800.0
1672.0,1909.0,13902,31076,32767,32767,32767,32767,32767,32767,32767,32767,32767,2258.0,17800.0
1624.0,1823.0,14098,31076,32767,32767,32767,32767,32767,32767,32767,32767,32767,2179.0,17800.0
1719.0,1766.0,14098,31076,32767,32767,32767,32767,32767,32767,32767,32767,32767,1981.0,17800.0
1528.0,1709.0,14685,31076,32767,32767,32767,32767,32767,32767,32767,32767,32767,2417.0,17800.0
1576.0,1823.0,14685,31076,32352,32767,32767,32767,32767,32767,32767,32767,32767,2337.0,17800.0
1576.0,1652.0,14685,31076,32767,32767,32767,32767,32767,32767,32767,32767,32767,2020.0,17800.0
1743.0,2279.0,14881,31076,31812,32767,32767,32767,32767,32767,32767,32767,32767,2575.0,17800.0
2006.0,2422.0,13902,31585,32352,32767,32767,32767,32767,32767,32767,32767,32767,2496.0,17800.0
1719.0,1795.0,13902,31585,32352,32767,32767,32767,32767,32767,32767,32767,32767,2060.0,17800.0
1934.0,2222.0,14098,31585,32352,31839,32767,32767,32767,32767,32767,32767,32767,2456.0,17800.0
1791.0,1994.0,14293,31585,31273,32767,32767,32767,32767,32767,32767,32767,32767,2219.0,17800.0
1528.0,1937.0,14489,31585,32767,32767,32767,32767,32767,32767,32767,32767,32767,2377.0,17800.0
1528.0,1823.0,14685,31585,32767,32767,32767,32767,32767,32767,32767,32767,32767,2179.0,17800.0
1839.0,1966.0,14685,31585,32767,32767,32767,32767,32767,32767,32767,32767,32767,2377.0,17800.0
1815.0,2051.0,14881,31585,32767,32767,32767,32767,32767,32767,32767,32767,32767,2813.0,17800.0
1743.0,2080.0,16056,31585,32767,32767,32767,32767,32767,32767,32767,32767,32767,2575.0,17800.0
1911.0,2165.0,16447,31585,31812,32767,32767,32767,32767,32767,32767,32767,32767,2535.0,17800.0
1576.0,1624.0,13706,32095,32767,32767,32767,32767,32767,32767,32767,32767,32767,2060.0,17800.0
1719.0,1766.0,13902,32095,32767,32767,32767,32767,32767,32767,32767,32767,32767,2060.0,17800.0
1481.0,1681.0,14098,32095,32767,31839,32767,32767,32767,32767,32767,32767,32767,2139.0,17800.0
1648.0,1909.0,14293,32095,32767,32767,32767,32767,32767,32767,32767,32767,32767,2377.0,17800.0
1648.0,1709.0,14293,32095,32767,32767,32767,32767,32767,32767,32767,32767,32767,1981.0,17800.0
1863.0,1937.0,14489,32095,32352,32429,32767,32767,32767,32767,32767,32767,32767,2337.0,17800.0
1696.0,1937.0,14881,32095,32767,32767,32767,32767,32767,32767,32767,32767,32767,2139.0,17800.0
1719.0,1966.0,14881,32095,32767,32767,32767,32767,32767,32767,32767,32767,32767,2377.0,17800.0
1719.0,1795.0,15077,32095,32767,32767,32767,32767,32767,32767,32767,32767,32767,2219.0,17800.0
1719.0,1909.0,15272,32095,32767,32767,32767,32767,32767,32767,32767,32767,32767,2535.0,17800.0
1719.0,1966.0,15272,32095,32767,32767,32767,32767,32767,32767,32767,32767,32767,2496.0,17800.0
1624.0,1738.0,15468,32095,32767,32767,32767,32767,32767,32767,32767,32767,32767,2179.0,17800.0
1815.0,2108.0,15664,32095,32767,32767,32767,32767,32767,32767,32767,32767,32767,2298.0,17800.0
1767.0,2051.0,15664,32095,32767,32767,32767,32767,32767,32767,32767,32767,32767,2575.0,17800.0
1743.0,2051.0,15664,32095,32352,32767,32767,32767,32767,32767,32767,32767,32767,2258.0,17800.0
1481.0,1709.0,14489,32604,32767,32767,32767,32767,32767,32767,32767,32767,32767,2100.0,17800.0
1887.0,2023.0,14489,32604,32767,32767,32767,32767,32767,32767,32767,32767,32767,2337.0,17800.0
1911.0,2080.0,14881,32604,32767,32767,32767,32767,32767,32767,32767,32767,32767,2337.0,17800.0
1672.0,1852.0,14881,32604,32767,32767,32767,32767,32767,32767,32767,32767,32767,2179.0,17800.0
1791.0,2365.0,15077,32604,32767,32767,32767,32767,32767,32767,32767,32767,32767,2734.0,17800.0
1743.0,1880.0,15077,32604,32767,32767,32767,32767,32767,32767,32767,32767,32767,2179.0,17800.0
1696.0,1823.0,15272,32604,32767,32767,32767,32767,32767,32767,32767,32767,32767,2060.0,17800.0
1815.0,2023.0,15272,32604,32767,32767,32767,32767,32767,32767,32767,32767,32767,2377.0,17800.0
1815.0,2194.0,15272,32604,32767,32767,32767,32767,32767,32767,32767,32767,32767,2615.0,17800.0
1672.0,1994.0,15272,32604,32767,32767,32767,32767,32767,32767,32767,32767,32767,2337.0,17800.0
1887.0,2251.0,15468,32604,32767,32767,32767,32767,32767,32767,32767,32767,32767,2773.0,17800.0
1767.0,2023.0,15468,32604,32352,32767,32767,32767,32767,32767,32767,32767,32767,2852.0,17800.0
1887.0,2251.0,15468,32604,32767,32767,32767,32767,32767,32767,32767,32767,32767,2456.0,17800.0
1911.0,2080.0,15664,32604,32767,32767,32767,32767,32767,32767,32767,32767,32767,2337.0,17800.0
1743.0,1966.0,15860,32604,32767,32767,32767,32767,32767,32767,32767,32767,32767,2535.0,17800.0
1791.0,2108.0,16056,32604,32767,32767,32767,32767,32767,32767,32767,32767,32767,2694.0,17800.0
1767.0,2108.0,16056,32604,32767,32767,32767,32767,32767,32767,32767,32767,32767,2694.0,17800.0
1791.0,2023.0,16056,32604,32767,32767,32767,32767,32767,32767,32767,32767,32767,2219.0,17800.0
1743.0,2051.0,16056,32604,32767,32767,32767,32767,32767,32767,32767,32767,32767,2377.0,17800.0
1863.0,2194.0,16839,32604,32767,32767,32767,32767,32767,32767,32767,32767,32767,2615.0,17800.0
1791.0,2023.0,14685,32767,32767,32767,32767,32767,32767,32767,32767,32767,32767,2496.0,17800.0
1696.0,1823.0,14685,32767,32767,32767,32767,32767,32767,32767,32767,32767,32767,2100.0,17800.0
1528.0,1766.0,14881,32767,32767,32767,32767,32767,32767,32767,32767,32767,32767,2060.0,17800.0
1743.0,1880.0,14881,32767,32767,32767,32767,32767,32767,32767,32767,32767,32767,2694.0,17800.0
1791.0,2137.0,14881,32767,32767,32767,32767,32767,32767,32767,32767,32767,32767,2298.0,17800.0
1743.0,1937.0,14881,32767,32767,32767,32767,32767,32767,32767,32767,32767,32767,2139.0,17800.0
1576.0,1795.0,15077,32767,32767,32767,32767,32767,32767,32767,32767,32767,32767,2417.0,17800.0
1863.0,2336.0,15077,32767,32767,32767,32767,32767,32767,32767,32767,32767,32767,2535.0,17800.0
1719.0,2023.0,15272,32767,32767,32767,32767,32767,32767,32767,32767,32767,32767,2615.0,17800.0
1696.0,1852.0,15272,32767,32767,32767,32767,32767,32767,32767,32767,32767,32767,2258.0,17800.0
1672.0,1994.0,15272,32767,32767,32767,32767,32767,32767,32767,32767,32767,32767,2337.0,17800.0
1719.0,2108.0,15272,32767,32767,32767,32767,32767,32767,32767,32767,32767,32767,2535.0,17800.0
1648.0,1880.0,15272,32767,32767,32767,32767,32767,32767,32767,32767,32767,32767,2219.0,17800.0
1672.0,2051.0,15272,32767,32767,32767,32767,32767,32767,32767,32767,32767,32767,2337.0,17800.0
1839.0,2080.0,15468,32767,32767,32767,32767,32767,32767,32767,32767,32767,32767,2377.0,17800.0
1958.0,2222.0,15468,32767,32767,32767,32767,32767,32767,32767,32767,32767,32767,2417.0,17800.0
1911.0,2165.0,15468,32767,32767,32767,32767,32767,32767,32767,32767,32767,32767,2337.0,17800.0
1911.0,2080.0,15468,32767,32767,32767,32767,32767,32767,32767,32767,32767,32767,2456.0,17800.0
1696.0,2194.0,15468,32767,32767,32767,32767,32767,32767,32767,32767,32767,32767,2417.0,17800.0
1719.0,2251.0,15468,32767,32767,32767,32767,32767,32767,32767,32767,32767,32767,2496.0,17800.0
1887.0,2080.0,15664,32767,32767,32767,32767,32767,32767,32767,32767,32767,32767,2417.0,17800.0
1696.0,2080.0,15664,32767,32767,32767,32767,32767,32767,32767,32767,32767,32767,2417.0,17800.0
1648.0,2165.0,15860,32767,32767,32767,32767,32767,32767,32767,32767,32767,32767,2417.0,17800.0
1887.0,2108.0,15860,32767,32767,32767,32767,32767,32767,32767,32767,32767,32767,2377.0,17800.0
1648.0,2023.0,15860,32767,32767,32767,32767,32767,32767,32767,32767,32767,32767,2258.0,17800.0
1958.0,2222.0,15860,32767,32767,32767,32767,32767,32767,32767,32767,32767,32767,2456.0,17800.0
1767.0,2137.0,15860,32767,32767,32767,32767,32767,32767,32767,32767,32767,32767,2377.0,17800.0
1648.0,1852.0,16056,32767,32767,32767,32767,32767,32767,32767,32767,32767,32767,2258.0,17800.0
1767.0,2251.0,16056,32767,32767,32767,32767,32767,32767,32767,32767,32767,32767,2456.0,17800.0
1934.0,2222.0,16056,32767,32767,32767,32767,32767,32767,32767,32767,32767,32767,2694.0,17800.0
1839.0,2194.0,16056,32767,32767,32767,32767,32767,32767,32767,32767,32767,32767,2615.0,17800.0
1791.0,2137.0,16056,32767,32767,32767,32767,32767,32767,32767,32767,32767,32767,2417.0,17800.0
1960.0,2160.0,16225,32767,32767,32767,32767,32767,32767,32767,32767,32767,32767,2509.0,17800.0
1911.0,2080.0,16251,32767,32767,32767,32767,32767,32767,32767,32767,32767,32767,2496.0,17800.0
1887.0,2194.0,16251,32767,32767,32767,32767,32767,32767,32767,32767,32767,32767,2496.0,17800.0
1696.0,1994.0,16251,32767,32767,32767,32767,32767,32767,32767,32767,32767,32767,2258.0,17800.0
2035.0,2227.0,16378,32767,32767,32767,32767,32767,32767,32767,32767,32767,32767,2570.0,17800.0
1743.0,2194.0,16447,32767,32767,32767,32767,32767,32767,32767,32767,32767,32767,2694.0,17800.0
1672.0,2080.0,16447,32767,32767,32767,32767,32767,32767,32767,32767,32767,32767,2456.0,17800.0
1863.0,2222.0,16447,32767,32767,32767,32767,32767,32767,32767,32767,32767,32767,2496.0,17800.0
1719.0,1966.0,16447,32767,32767,32767,32767,32767,32767,32767,32767,32767,32767,2417.0,17800.0
1791.0,2194.0,16447,32767,32767,32767,32767,32767,32767,32767,32767,32767,32767,2575.0,17800.0
1719.0,2051.0,16447,32767,32767,32767,32767,32767,32767,32767,32767,32767,32767,2377.0,17800.0
1887.0,2194.0,16447,32767,32767,32767,32767,32767,32767,32767,32767,32767,32767,2496.0,17800.0
1982.0,2308.0,16447,32767,32767,32767,32767,32767,32767,32767,32767,32767,32767,2971.0,17800.0
1863.0,2194.0,16447,32767,32767,32767,32767,32767,32767,32767,32767,32767,32767,2734.0,17800.0
1696.0,2108.0,16447,32767,32767,32767,32767,32767,32767,32767,32767,32767,32767,2377.0,17800.0
1696.0,2080.0,16643,32767,32767,32767,32767,32767,32767,32767,32767,32767,32767,2298.0,17800.0
1672.0,2165.0,16643,32767,32767,32767,32767,32767,32767,32767,32767,32767,32767,2813.0,17800.0
1887.0,2023.0,16839,32767,32767,32767,32767,32767,32767,32767,32767,32767,32767,2496.0,17800.0
1887.0,2251.0,17622,32767,32767,32767,32767,32767,32767,32767,32767,32767,32767,3209.0,17800.0
1481.0,2023.0,17622,32767,32767,32767,32767,32767,32767,32767,32767,32767,32767,2377.0,17800.0
1982.0,1941.0,5671,15554,13930,11540,13510,16741,32767,32767,32767,32767,32767,1954.0,17900.0
1271.0,1182.0,7204,17149,16462,17540,16628,21936,32767,32767,32767,32767,32767,1303.0,17900.0
1216.0,1128.0,6961,17701,16556,16199,17699,20855,32767,32767,32767,32767,32767,1216.0,17900.0
1254.0,1197.0,7278,17701,16121,16199,18236,22642,32767,32767,32767,32767,32767,1377.0,17900.0
1461.0,1199.0,8553,18208,17558,17327,20033,22255,32767,32767,32767,32767,32767,2360.0,17900.0
1385.0,1131.0,8864,18208,17987,17327,17924,20498,32767,32767,32767,32767,32767,2643.0,17900.0
1461.0,1222.0,9020,18613,17558,17795,18979,21670,32767,32767,32767,32767,32767,2643.0,17900.0
2057.0,1896.0,6898,18745,15618,17079,16628,19050,32767,32767,32767,32767,32767,1706.0,17900.0
1533.0,1423.0,7759,18978,18804,19161,19991,22794,32767,32767,32767,32767,32767,1444.0,17900.0
1461.0,1199.0,8864,19017,18415,18264,18451,21670,32767,32767,32767,32767,32767,2580.0,17900.0
1404.0,1199.0,8864,19017,18415,19200,18451,22255,32767,32767,32767,32767,32767,2328.0,17900.0
1461.0,1222.0,9642,19017,19271,19669,20560,23427,32767,32767,32767,32767,32767,2580.0,17900.0
1344.0,1174.0,8535,19382,19231,18226,18939,21040,32767,32767,32767,32767,32767,2135.0,17900.0
1514.0,1378.0,9467,19382,20086,20095,19991,22209,32767,32767,32767,32767,32767,2418.0,17900.0
1439.0,1242.0,9467,19382,20514,20095,20518,21625,32767,32767,32767,32767,32767,2167.0,17900.0
1177.0,990.0,8385,19759,19606,21916,21990,23834,32767,32767,32767,32767,32767,1088.0,17900.0
1287.0,1107.0,8846,19785,19231,18693,18939,21625,32767,32767,32767,32767,32767,1664.0,17900.0
1420.0,1265.0,9311,19785,20514,19628,20518,21625,32767,32767,32767,32767,32767,1947.0,17900.0
1593.0,1494.0,9331,19826,20556,19669,20560,23427,32767,32767,32767,32767,32767,2234.0,17900.0
2038.0,2119.0,9350,19941,18995,18464,18707,19050,32767,32767,32767,32767,32767,2264.0,17900.0
1332.0,1197.0,9335,20171,19606,20011,20381,23238,32767,32767,32767,32767,32767,2017.0,17900.0
1476.0,1355.0,7449,20189,18377,19161,19465,23378,32767,32767,32767,32767,32767,1350.0,17900.0
1514.0,1265.0,9467,20189,20086,19161,19465,21625,32767,32767,32767,32767,32767,2386.0,17900.0
1420.0,1219.0,9467,20189,20086,20563,20518,22794,32767,32767,32767,32767,32767,2167.0,17900.0
1457.0,1310.0,9777,20189,20514,19161,20518,23963,32767,32767,32767,32767,32767,2229.0,17900.0
1476.0,1332.0,9932,20189,21796,21030,19991,23378,32767,32767,32767,32767,32767,2198.0,17900.0
1439.0,1332.0,9622,20593,21368,20563,21570,22794,32767,32767,32767,32767,32767,2010.0,17900.0
1420.0,1242.0,9622,20593,21368,20095,21044,21625,32767,32767,32767,32767,32767,2198.0,17900.0
1401.0,1242.0,9622,20593,20514,19628,19991,22794,32767,32767,32767,32767,32767,2229.0,17900.0
1476.0,1310.0,10087,20593,21368,21030,21044,23963,32767,32767,32767,32767,32767,2229.0,17900.0
1366.0,1358.0,8242,20636,20556,20137,20560,25184,32767,32767,32767,32767,32767,1447.0,17900.0
1555.0,1403.0,9020,20636,20984,19669,20560,21670,32767,32767,32767,32767,32767,2108.0,17900.0
1517.0,1335.0,9486,20636,20556,20605,22669,24012,32767,32767,32767,32767,32767,2203.0,17900.0
1385.0,1222.0,9797,20636,21413,21074,22142,24598,32767,32767,32767,32767,32767,2140.0,17900.0
1571.0,1603.0,9001,21401,21368,21497,22096,24547,32767,32767,32767,32767,32767,1664.0,17900.0
1457.0,1287.0,9622,21401,21368,20563,21044,22794,32767,32767,32767,32767,32767,2229.0,17900.0
1476.0,1355.0,9777,21401,21796,22899,23674,25716,32767,32767,32767,32767,32767,2010.0,17900.0
1351.0,1289.0,10442,21406,22656,21440,23599,26813,32767,32767,32767,32767,32767,1953.0,17900.0
1536.0,1335.0,9953,21445,20984,21542,22669,24598,32767,32767,32767,32767,32767,2203.0,17900.0
1479.0,1312.0,10108,21445,22269,21542,22142,25769,32767,32767,32767,32767,32767,2045.0,17900.0
1536.0,1358.0,10108,21445,23126,22010,22669,24598,32767,32767,32767,32767,32767,2391.0,17900.0
1612.0,1494.0,10108,21445,21413,20605,22669,24012,32767,32767,32767,32767,32767,2328.0,17900.0
1476.0,1445.0,9311,21804,20086,21965,21044,23378,32767,32767,32767,32767,32767,1507.0,17900.0
1439.0,1310.0,10087,21804,22223,21497,22096,24547,32767,32767,32767,32767,32767,2010.0,17900.0
1514.0,1378.0,10087,21804,21796,21030,22096,23963,32767,32767,32767,32767,32767,2041.0,17900.0
1439.0,1400.0,10553,21804,23078,21965,22622,24547,32767,32767,32767,32767,32767,2010.0,17900.0
1351.0,1266.0,8702,21818,22656,20487,21454,25026,32767,32767,32767,32767,32767,1569.0,17900.0
1235.0,1128.0,9018,21818,23092,22393,22527,26813,32767,32767,32767,32767,32767,1248.0,17900.0
1461.0,1245.0,9331,21850,21841,21542,21614,24598,32767,32767,32767,32767,32767,2265.0,17900.0
1593.0,1471.0,9642,21850,22697,22010,23723,25184,32767,32767,32767,32767,32767,2140.0,17900.0
1612.0,1448.0,9953,21850,22269,21074,22142,24598,32767,32767,32767,32767,32767,2486.0,17900.0
1593.0,1539.0,10108,21850,22697,22478,25305,25769,32767,32767,32767,32767,32767,2612.0,17900.0
1479.0,1358.0,10108,21850,23126,21542,22142,26355,32767,32767,32767,32767,32767,2140.0,17900.0
1439.0,1355.0,10087,22208,21368,20563,23148,22794,32767,32767,32767,32767,32767,1915.0,17900.0
1457.0,1355.0,10243,22208,22223,21497,23148,25132,32767,32767,32767,32767,32767,1978.0,17900.0
1457.0,1400.0,10398,22208,23078,21965,22622,24547,32767,32767,32767,32767,32767,1978.0,17900.0
1457.0,1332.0,10398,22208,21796,21497,22096,23963,32767,32767,32767,32767,32767,2072.0,17900.0
1439.0,1310.0,10398,22208,21796,20563,22096,24547,32767,32767,32767,32767,32767,2135.0,17900.0
1514.0,1445.0,10553,22208,23078,22899,23674,24547,32767,32767,32767,32767,32767,1884.0,17900.0
1476.0,1332.0,10553,22208,22650,21965,23148,23963,32767,32767,32767,32767,32767,2135.0,17900.0
1514.0,1445.0,10553,22208,23078,22432,23148,25132,32767,32767,32767,32767,32767,2104.0,17900.0
1442.0,1290.0,10108,22254,23126,22478,23723,26355,32767,32767,32767,32767,32767,2014.0,17900.0
1479.0,1380.0,10108,22254,22697,22478,24250,25769,32767,32767,32767,32767,32767,2077.0,17900.0
1555.0,1448.0,10108,22254,22697,22478,23723,26941,32767,32767,32767,32767,32767,2014.0,17900.0
1479.0,1380.0,10264,22254,24839,23883,25305,27526,32767,32767,32767,32767,32767,1982.0,17900.0
1631.0,1561.0,10264,22254,23126,22947,24778,26355,32767,32767,32767,32767,32767,2171.0,17900.0
1517.0,1380.0,10264,22254,23554,22010,25305,25769,32767,32767,32767,32767,32767,2203.0,17900.0
1404.0,1199.0,10264,22254,23126,22947,23723,26355,32767,32767,32767,32767,32767,2171.0,17900.0
1439.0,1310.0,9156,22612,22223,21497,22096,24547,32767,32767,32767,32767,32767,1853.0,17900.0
1495.0,1423.0,10243,22612,23078,21030,22096,25716,32767,32767,32767,32767,32767,1664.0,17900.0
1457.0,1378.0,10708,22612,24787,22432,23674,25716,32767,32767,32767,32767,32767,1915.0,17900.0
1533.0,1468.0,10708,22612,24360,22432,24200,25132,32767,32767,32767,32767,32767,2072.0,17900.0
1332.0,1289.0,10126,22641,22220,22393,23063,25622,32767,32767,32767,32767,32767,1697.0,17900.0
1517.0,1448.0,10108,22659,23554,23883,24250,26355,32767,32767,32767,32767,32767,1888.0,17900.0
1688.0,1675.0,10108,22659,21413,22010,21614,24598,32767,32767,32767,32767,32767,3587.0,17900.0
1385.0,1358.0,10264,22659,23982,22947,24250,25184,32767,32767,32767,32767,32767,1636.0,17900.0
1536.0,1335.0,11197,22659,23982,23415,24778,25184,32767,32767,32767,32767,32767,2391.0,17900.0
1514.0,1445.0,9622,23016,23078,21965,23148,24547,32767,32767,32767,32767,32767,1853.0,17900.0
1420.0,1332.0,9932,23016,22650,22432,23148,24547,32767,32767,32767,32767,32767,1539.0,17900.0
1495.0,1445.0,9932,23016,23505,23367,24200,26301,32767,32767,32767,32767,32767,1758.0,17900.0
1476.0,1445.0,10398,23016,23078,23367,25252,26885,32767,32767,32767,32767,32767,1790.0,17900.0
1476.0,1378.0,10398,23016,23505,23367,24726,26301,32767,32767,32767,32767,32767,1947.0,17900.0
1514.0,1400.0,10553,23016,23505,21965,23674,24547,32767,32767,32767,32767,32767,2041.0,17900.0
1495.0,1355.0,10553,23016,23505,23834,25252,26301,32767,32767,32767,32767,32767,2229.0,17900.0
1533.0,1468.0,10553,23016,23932,22432,23674,26301,32767,32767,32767,32767,32767,2010.0,17900.0
1571.0,1513.0,10553,23016,23078,22899,23674,25132,32767,32767,32767,32767,32767,2072.0,17900.0
1467.0,1427.0,10442,23053,22656,22393,24136,26217,32767,32767,32767,32767,32767,1921.0,17900.0
1428.0,1404.0,10442,23053,23092,22869,24672,26813,32767,32767,32767,32767,32767,1953.0,17900.0
1447.0,1427.0,10917,23053,25270,24775,25745,27409,32767,32767,32767,32767,32767,1857.0,17900.0
1536.0,1448.0,9953,23063,23554,23415,23196,24598,32767,32767,32767,32767,32767,1888.0,17900.0
1517.0,1471.0,9953,23063,23982,22478,24250,26355,32767,32767,32767,32767,32767,1825.0,17900.0
1517.0,1516.0,10108,23063,23126,22478,22669,25184,32767,32767,32767,32767,32767,1888.0,17900.0
1536.0,1403.0,10264,23063,23554,22947,23723,26941,32767,32767,32767,32767,32767,2014.0,17900.0
1498.0,1358.0,10575,23063,23982,23883,25305,26941,32767,32767,32767,32767,32767,1856.0,17900.0
1574.0,1494.0,10730,23063,23554,23883,24778,25769,32767,32767,32767,32767,32767,2203.0,17900.0
1423.0,1290.0,10730,23063,24839,24352,24778,26355,32767,32767,32767,32767,32767,2045.0,17900.0
1517.0,1471.0,10730,23063,23126,22010,24778,26941,32767,32767,32767,32767,32767,1982.0,17900.0
1498.0,1267.0,11197,23063,26123,24820,27941,28112,32767,32767,32767,32767,32767,2297.0,17900.0
1776.0,1762.0,11649,23132,24483,23541,24942,23668,32767,32767,32767,32767,32767,2078.0,17900.0
1495.0,1400.0,10243,23419,24787,23367,24726,26885,32767,32767,32767,32767,32767,1758.0,17900.0
1457.0,1378.0,10243,23419,23932,22432,23674,25716,32767,32767,32767,32767,32767,1696.0,17900.0
1495.0,1400.0,10243,23419,23078,22899,24726,25716,32767,32767,32767,32767,32767,1884.0,17900.0
1495.0,1423.0,10553,23419,23932,23367,25778,26301,32767,32767,32767,32767,32767,1947.0,17900.0
1514.0,1490.0,10863,23419,24360,23834,24200,26301,32767,32767,32767,32767,32767,2010.0,17900.0
1457.0,1378.0,11018,23419,24787,23834,24726,25716,32767,32767,32767,32767,32767,1884.0,17900.0
1486.0,1681.0,10126,23464,21785,21916,20917,25622,32767,32767,32767,32767,32767,1985.0,17900.0
1555.0,1312.0,9953,23468,23982,23883,25305,26941,32767,32767,32767,32767,32767,2171.0,17900.0
1574.0,1516.0,10419,23468,25267,24352,25832,27526,32767,32767,32767,32767,32767,1888.0,17900.0
1479.0,1403.0,10419,23468,24839,24820,26886,27526,32767,32767,32767,32767,32767,1951.0,17900.0
1461.0,1448.0,10575,23468,24839,23883,25832,27526,32767,32767,32767,32767,32767,1794.0,17900.0
1612.0,1516.0,10730,23468,23982,23415,25305,25769,32767,32767,32767,32767,32767,2203.0,17900.0
1421.0,1383.0,10270,23530,23216,21695,23903,27709,32767,32767,32767,32767,32767,1737.0,17900.0
1382.0,1332.0,9932,23823,23505,21965,23674,26301,32767,32767,32767,32767,32767,1821.0,17900.0
1552.0,1513.0,10708,23823,24787,23834,24726,26301,32767,32767,32767,32767,32767,2041.0,17900.0
1552.0,1490.0,11018,23823,25215,23834,24726,25716,32767,32767,32767,32767,32767,2010.0,17900.0
1552.0,1490.0,11174,23823,25642,25703,26305,26885,32767,32767,32767,32767,32767,1978.0,17900.0
1552.0,1490.0,11484,23823,24787,23367,24726,25132,32767,32767,32767,32767,32767,2104.0,17900.0
1688.0,1335.0,10264,23873,22697,22478,22142,26941,32767,32767,32767,32767,32767,2800.0,17900.0
1802.0,1901.0,10264,23873,24410,25757,24778,26355,32767,32767,32767,32767,32767,1731.0,17900.0
1517.0,1516.0,10419,23873,23982,22947,25305,26941,32767,32767,32767,32767,32767,1731.0,17900.0
1517.0,1516.0,10419,23873,24839,24352,25305,26355,32767,32767,32767,32767,32767,1731.0,17900.0
1442.0,1380.0,10575,23873,23982,23883,25832,27526,32767,32767,32767,32767,32767,1731.0,17900.0
1536.0,1494.0,10730,23873,23554,23883,25305,26355,32767,32767,32767,32767,32767,1919.0,17900.0
1764.0,1539.0,10886,23873,24410,23883,24778,27526,32767,32767,32767,32767,32767,2423.0,17900.0
1536.0,1403.0,10886,23873,25267,24352,25305,26941,32767,32767,32767,32767,32767,2014.0,17900.0
1517.0,1471.0,11197,23873,25267,24820,26359,28112,32767,32767,32767,32767,32767,1919.0,17900.0
1669.0,1561.0,11197,23873,25267,23415,23196,26941,32767,32767,32767,32767,32767,3430.0,17900.0
1389.0,1358.0,10759,23876,22656,23346,24136,25026,32767,32767,32767,32767,32767,1793.0,17900.0
1447.0,1450.0,10917,23876,24399,23346,24672,27409,32767,32767,32767,32767,32767,1889.0,17900.0
1332.0,1335.0,10917,23876,25270,24299,24136,27409,32767,32767,32767,32767,32767,1889.0,17900.0
1496.0,1494.0,10270,23929,24483,24464,25981,28864,32767,32767,32767,32767,32767,1737.0,17900.0
1813.0,1918.0,10730,23929,24905,23079,25462,29441,32767,32767,32767,32767,32767,2233.0,17900.0
1609.0,1445.0,9467,24227,24360,25703,25778,26301,32767,32767,32767,32767,32767,2700.0,17900.0
1476.0,1423.0,10708,24227,25215,25236,25252,27470,32767,32767,32767,32767,32767,1633.0,17900.0
1476.0,1378.0,10863,24227,25642,25703,26831,27470,32767,32767,32767,32767,32767,1853.0,17900.0
1476.0,1445.0,10863,24227,24360,23367,25778,25132,32767,32767,32767,32767,32767,1853.0,17900.0
1514.0,1490.0,10863,24227,25642,26171,25778,28054,32767,32767,32767,32767,32767,1821.0,17900.0
1533.0,1468.0,11174,24227,25642,25703,26831,27470,32767,32767,32767,32767,32767,2010.0,17900.0
1457.0,1490.0,11329,24227,25215,25703,24726,25716,32767,32767,32767,32767,32767,1853.0,17900.0
1514.0,1581.0,11329,24227,25642,23834,25252,25716,32767,32767,32767,32767,32767,2010.0,17900.0
1476.0,1490.0,11794,24227,26069,24301,25778,26885,32767,32767,32767,32767,32767,1978.0,17900.0
1495.0,1536.0,11950,24227,25642,24301,25778,26885,32767,32767,32767,32767,32767,2010.0,17900.0
1631.0,1426.0,9953,24277,24839,23883,27413,26941,32767,32767,32767,32767,32767,2077.0,17900.0
1442.0,1380.0,10419,24277,25267,24352,26359,28112,32767,32767,32767,32767,32767,1731.0,17900.0
1498.0,1516.0,10575,24277,25267,25288,26886,28698,32767,32767,32767,32767,32767,1731.0,17900.0
1536.0,1448.0,10886,24277,24410,24352,25832,27526,32767,32767,32767,32767,32767,1888.0,17900.0
1479.0,1471.0,11041,24277,25695,25757,26886,28112,32767,32767,32767,32767,32767,1731.0,17900.0
1517.0,1471.0,11041,24277,25267,24352,25305,28112,32767,32767,32767,32767,32767,1888.0,17900.0
1498.0,1471.0,11197,24277,24839,24820,26359,26941,32767,32767,32767,32767,32767,1888.0,17900.0
1486.0,1473.0,11075,24288,23963,23346,25208,28005,32767,32767,32767,32767,32767,1985.0,17900.0
1447.0,1450.0,11075,24288,24399,23822,25745,29197,32767,32767,32767,32767,32767,1985.0,17900.0
1524.0,1404.0,11708,24288,25706,25251,26817,28601,32767,32767,32767,32767,32767,2209.0,17900.0
1420.0,1355.0,11018,24631,26497,25236,26831,28054,32767,32767,32767,32767,32767,1884.0,17900.0
1533.0,1513.0,11018,24631,26069,25703,27357,28638,32767,32767,32767,32767,32767,1821.0,17900.0
1495.0,1490.0,11018,24631,25642,24301,25778,26885,32767,32767,32767,32767,32767,1853.0,17900.0
1514.0,1536.0,11174,24631,26069,24769,26831,28054,32767,32767,32767,32767,32767,1853.0,17900.0
1571.0,1513.0,11174,24631,26069,24301,25778,27470,32767,32767,32767,32767,32767,1915.0,17900.0
1590.0,1536.0,11329,24631,25215,24769,26831,26885,32767,32767,32767,32767,32767,1978.0,17900.0
2347.0,2190.0,11484,24631,25642,26171,27357,26885,32767,32767,32767,32767,32767,2512.0,17900.0
1514.0,1536.0,11639,24631,26497,24301,26305,27470,32767,32767,32767,32767,32767,1978.0,17900.0
1476.0,1490.0,11639,24631,24360,23834,25252,26885,32767,32767,32767,32767,32767,1978.0,17900.0
1571.0,1581.0,11794,24631,25642,25236,26305,27470,32767,32767,32767,32767,32767,1978.0,17900.0
1476.0,1513.0,11950,24631,25215,25236,26305,27470,32767,32767,32767,32767,32767,1947.0,17900.0
1495.0,1468.0,12105,24631,26924,26638,27883,26301,32767,32767,32767,32767,32767,2041.0,17900.0
1612.0,1494.0,10730,24682,24410,25288,26886,29283,32767,32767,32767,32767,32767,2140.0,17900.0
1555.0,1471.0,10730,24682,25695,24820,25305,28112,32767,32767,32767,32767,32767,1762.0,17900.0
1574.0,1494.0,10730,24682,25695,24352,25305,27526,32767,32767,32767,32767,32767,1919.0,17900.0
1479.0,1403.0,11197,24682,25695,25288,25832,26941,32767,32767,32767,32767,32767,1856.0,17900.0
1555.0,1584.0,11352,24682,24839,26225,26359,27526,32767,32767,32767,32767,32767,1919.0,17900.0
1536.0,1561.0,11508,24682,25695,25288,25832,28112,32767,32767,32767,32767,32767,1919.0,17900.0
1479.0,1448.0,11508,24682,25695,25288,25832,26941,32767,32767,32767,32767,32767,1919.0,17900.0
1555.0,1516.0,11663,24682,26123,25288,25832,26941,32767,32767,32767,32767,32767,2108.0,17900.0
1479.0,1290.0,11663,24682,27408,26225,28468,28698,32767,32767,32767,32767,32767,2203.0,17900.0
1517.0,1380.0,11663,24682,26123,27161,27413,28112,32767,32767,32767,32767,32767,1982.0,17900.0
1517.0,1471.0,11819,24682,26980,26225,28468,28112,32767,32767,32767,32767,32767,1982.0,17900.0
1467.0,1427.0,11233,24699,24835,24775,25745,28601,32767,32767,32767,32767,32767,1857.0,17900.0
1370.0,1358.0,11233,24699,24835,24775,26281,28601,32767,32767,32767,32767,32767,1825.0,17900.0
1851.0,1985.0,11190,24727,24905,24464,26501,29441,32767,32767,32767,32767,32767,2295.0,17900.0
1457.0,1400.0,10708,25035,25642,25703,26305,26301,32767,32767,32767,32767,32767,1633.0,17900.0
1476.0,1400.0,10863,25035,25642,23834,25778,26301,32767,32767,32767,32767,32767,1727.0,17900.0
1476.0,1536.0,10863,25035,24787,25236,26305,27470,32767,32767,32767,32767,32767,1947.0,17900.0
1514.0,1445.0,10863,25035,25642,23367,25252,26301,32767,32767,32767,32767,32767,1915.0,17900.0
1420.0,1378.0,11018,25035,26069,25703,26831,28054,32767,32767,32767,32767,32767,1664.0,17900.0
1571.0,1490.0,11018,25035,25642,25236,26305,27470,32767,32767,32767,32767,32767,1853.0,17900.0
1533.0,1423.0,11174,25035,25642,24301,25252,26885,32767,32767,32767,32767,32767,1978.0,17900.0
1514.0,1468.0,11484,25035,27351,25703,26305,28054,32767,32767,32767,32767,32767,1758.0,17900.0
1552.0,1490.0,11484,25035,26924,25236,26831,28638,32767,32767,32767,32767,32767,1884.0,17900.0
1590.0,1558.0,11639,25035,26924,26638,27357,28054,32767,32767,32767,32767,32767,1884.0,17900.0
1495.0,1513.0,11794,25035,26069,25236,26305,28054,32767,32767,32767,32767,32767,1853.0,17900.0
1461.0,1471.0,10575,25086,26123,25288,26886,27526,32767,32767,32767,32767,32767,1699.0,17900.0
1536.0,1516.0,10575,25086,24839,24820,26886,27526,32767,32767,32767,32767,32767,1731.0,17900.0
1555.0,1539.0,10575,25086,26123,25757,26359,28698,32767,32767,32767,32767,32767,1794.0,17900.0
1631.0,1494.0,10730,25086,26980,26225,29522,30455,32767,32767,32767,32767,32767,2297.0,17900.0
1517.0,1539.0,10886,25086,25267,24352,25832,27526,32767,32767,32767,32767,32767,1825.0,17900.0
1517.0,1494.0,11508,25086,26552,25757,26359,30455,32767,32767,32767,32767,32767,1856.0,17900.0
1536.0,1539.0,11819,25086,27408,27161,27413,29283,32767,32767,32767,32767,32767,1982.0,17900.0
1517.0,1561.0,11974,25086,26980,26225,26886,27526,32767,32767,32767,32767,32767,2108.0,17900.0
1544.0,1589.0,11708,25111,26142,24299,26281,30388,32767,32767,32767,32767,32767,2113.0,17900.0
1505.0,1496.0,11866,25111,25706,25251,26817,28601,32767,32767,32767,32767,32767,2049.0,17900.0
1524.0,1589.0,12341,25111,25706,26204,26281,29197,32767,32767,32767,32767,32767,2369.0,17900.0
1563.0,1450.0,12499,25111,26577,27157,27890,29793,32767,32767,32767,32767,32767,2849.0,17900.0
1645.0,1628.0,10577,25126,25327,23541,25981,30018,32767,32767,32767,32767,32767,1954.0,17900.0
1457.0,1355.0,11018,25438,25642,25703,25252,26301,32767,32767,32767,32767,32767,1853.0,17900.0
1514.0,1603.0,11174,25438,26069,25703,27357,28054,32767,32767,32767,32767,32767,1915.0,17900.0
1533.0,1490.0,11174,25438,26069,25236,26305,28054,32767,32767,32767,32767,32767,1696.0,17900.0
1514.0,1513.0,11484,25438,27779,26638,27357,28638,32767,32767,32767,32767,32767,1884.0,17900.0
1590.0,1558.0,11484,25438,26924,25236,27357,28054,32767,32767,32767,32767,32767,1978.0,17900.0
1514.0,1603.0,11484,25438,26069,26171,26305,28638,32767,32767,32767,32767,32767,1947.0,17900.0
1495.0,1513.0,11639,25438,26497,25236,26831,28054,32767,32767,32767,32767,32767,1884.0,17900.0
1609.0,1626.0,11794,25438,27351,26171,28409,29223,32767,32767,32767,32767,32767,1915.0,17900.0
1514.0,1558.0,11950,25438,26497,26171,26305,27470,32767,32767,32767,32767,32767,1947.0,17900.0
1628.0,1603.0,11950,25438,26497,24301,25252,25716,32767,32767,32767,32767,32767,2167.0,17900.0
1666.0,1671.0,12415,25438,26497,28040,28935,28638,32767,32767,32767,32767,32767,1884.0,17900.0
1495.0,1536.0,12415,25438,28206,25703,27357,28054,32767,32767,32767,32767,32767,1853.0,17900.0
1783.0,1675.0,10730,25491,26980,27161,30049,29869,32767,32767,32767,32767,32767,2171.0,17900.0
1536.0,1516.0,10886,25491,26980,26693,26886,28112,32767,32767,32767,32767,32767,1856.0,17900.0
1574.0,1584.0,11041,25491,26980,25288,26886,29283,32767,32767,32767,32767,32767,1856.0,17900.0
1517.0,1494.0,11508,25491,26123,25757,26886,28112,32767,32767,32767,32767,32767,1888.0,17900.0
1498.0,1494.0,11974,25491,26980,25757,25832,28112,32767,32767,32767,32767,32767,2014.0,17900.0
1555.0,1539.0,11974,25491,26980,26693,27413,28112,32767,32767,32767,32767,32767,2014.0,17900.0
1467.0,1450.0,11233,25523,24835,24299,25745,28005,32767,32767,32767,32767,32767,1857.0,17900.0
1563.0,1589.0,11550,25523,26142,25251,26817,28601,32767,32767,32767,32767,32767,2049.0,17900.0
1428.0,1427.0,11550,25523,26142,25251,26817,28601,32767,32767,32767,32767,32767,1857.0,17900.0
1467.0,1496.0,11550,25523,26142,25251,26281,28601,32767,32767,32767,32767,32767,1921.0,17900.0
1544.0,1450.0,11708,25523,26142,25728,26281,29197,32767,32767,32767,32767,32767,2081.0,17900.0
1524.0,1450.0,12024,25523,27449,27157,28963,29197,32767,32767,32767,32767,32767,2081.0,17900.0
1505.0,1566.0,12183,25523,26577,26204,27890,29793,32767,32767,32767,32767,32767,2081.0,17900.0
1679.0,2026.0,12341,25523,27013,26681,28963,29197,32767,32767,32767,32767,32767,2337.0,17900.0
1608.0,1539.0,11036,25525,26171,25387,28060,31750,32767,32767,32767,32767,32767,1861.0,17900.0
1664.0,1717.0,11190,25525,25327,24003,25981,28864,32767,32767,32767,32767,32767,1985.0,17900.0
1645.0,1717.0,11343,25525,26171,24464,26501,29441,32767,32767,32767,32767,32767,2078.0,17900.0
1720.0,1807.0,11649,25525,27015,25387,28060,30596,32767,32767,32767,32767,32767,2109.0,17900.0
1664.0,1851.0,11956,25525,26593,25849,28060,29441,32767,32767,32767,32767,32767,2264.0,17900.0
1645.0,1695.0,11956,25525,24905,24926,26501,29441,32767,32767,32767,32767,32767,2202.0,17900.0
1457.0,1400.0,11018,25842,26497,25236,26831,26885,32767,32767,32767,32767,32767,1601.0,17900.0
1495.0,1513.0,11174,25842,25215,25703,26305,27470,32767,32767,32767,32767,32767,1853.0,17900.0
1571.0,1558.0,11329,25842,26069,25703,26831,28054,32767,32767,32767,32767,32767,1790.0,17900.0
1533.0,1513.0,11329,25842,26497,25236,24726,26885,32767,32767,32767,32767,32767,1884.0,17900.0
1495.0,1513.0,11950,25842,27351,25703,27357,27470,32767,32767,32767,32767,32767,1853.0,17900.0
1628.0,1626.0,11950,25842,28206,27105,28935,29223,32767,32767,32767,32767,32767,2041.0,17900.0
1555.0,1584.0,11508,25896,27408,27161,27413,28698,32767,32767,32767,32767,32767,1856.0,17900.0
1517.0,1403.0,11508,25896,26123,28098,28995,29869,32767,32767,32767,32767,32767,2360.0,17900.0
1745.0,1742.0,11663,25896,27408,27630,30049,30455,32767,32767,32767,32767,32767,2234.0,17900.0
1498.0,1539.0,11663,25896,26552,26693,27941,29283,32767,32767,32767,32767,32767,1825.0,17900.0
1574.0,1539.0,11819,25896,28265,27161,28995,29869,32767,32767,32767,32767,32767,1919.0,17900.0
1479.0,1471.0,11819,25896,27836,27630,29522,29283,32767,32767,32767,32767,32767,1825.0,17900.0
1555.0,1561.0,11819,25896,26980,26693,27413,28112,32767,32767,32767,32767,32767,2108.0,17900.0
1536.0,1494.0,11974,25896,27408,26225,27941,28112,32767,32767,32767,32767,32767,1825.0,17900.0
1536.0,1607.0,12285,25896,27836,26225,27941,29283,32767,32767,32767,32767,32767,2171.0,17900.0
1683.0,1851.0,11496,25923,26593,25387,27540,29441,32767,32767,32767,32767,32767,2109.0,17900.0
1757.0,1874.0,12109,25923,26593,25387,28579,30596,32767,32767,32767,32767,32767,2419.0,17900.0
1645.0,1762.0,12263,25923,27437,25849,29099,32327,32767,32767,32767,32767,32767,2078.0,17900.0
1589.0,1606.0,12569,25923,27015,26772,28060,30018,32767,32767,32767,32767,32767,2388.0,17900.0
1389.0,1335.0,11075,25934,25706,26204,27890,29197,32767,32767,32767,32767,32767,1505.0,17900.0
1409.0,1404.0,11550,25934,26577,26204,27890,30984,32767,32767,32767,32767,32767,1921.0,17900.0
1467.0,1427.0,11708,25934,26142,26204,27354,30388,32767,32767,32767,32767,32767,2081.0,17900.0
1679.0,1750.0,11866,25934,27449,26681,28426,30388,32767,32767,32767,32767,32767,2241.0,17900.0
1505.0,1589.0,12024,25934,27449,26681,26817,29793,32767,32767,32767,32767,32767,2113.0,17900.0
1602.0,1658.0,12024,25934,27013,27157,27890,30388,32767,32767,32767,32767,32767,2081.0,17900.0
1544.0,1589.0,12183,25934,27449,27157,28963,30984,32767,32767,32767,32767,32767,2433.0,17900.0
1409.0,1381.0,12183,25934,26577,27157,27890,30388,32767,32767,32767,32767,32767,1921.0,17900.0
1814.0,1865.0,12499,25934,27449,26204,28963,30388,32767,32767,32767,32767,32767,2241.0,17900.0
1457.0,1423.0,11174,26246,25642,24769,25252,25716,32767,32767,32767,32767,32767,1664.0,17900.0
2177.0,2010.0,11484,26246,26497,26171,27883,28054,32767,32767,32767,32767,32767,2355.0,17900.0
1571.0,1626.0,11639,26246,26924,27105,27883,29223,32767,32767,32767,32767,32767,1978.0,17900.0
1590.0,1581.0,11794,26246,26069,26171,26831,27470,32767,32767,32767,32767,32767,1853.0,17900.0
1495.0,1558.0,11950,26246,27779,27105,27883,29223,32767,32767,32767,32767,32767,1727.0,17900.0
1571.0,1626.0,11950,26246,27351,26171,27883,28054,32767,32767,32767,32767,32767,1884.0,17900.0
1571.0,1558.0,11950,26246,26924,26638,27357,28638,32767,32767,32767,32767,32767,1915.0,17900.0
1571.0,1581.0,11950,26246,26497,25703,27357,29223,32767,32767,32767,32767,32767,2104.0,17900.0
1514.0,1513.0,12105,26246,27779,26638,28409,29223,32767,32767,32767,32767,32767,1978.0,17900.0
1533.0,1558.0,12260,26246,27351,25703,26831,28638,32767,32767,32767,32767,32767,1915.0,17900.0
1533.0,1581.0,12260,26246,27779,27105,28409,29223,32767,32767,32767,32767,32767,1884.0,17900.0
1571.0,1648.0,12415,26246,27779,27573,28935,28638,32767,32767,32767,32767,32767,1947.0,17900.0
1628.0,1626.0,12415,26246,27351,27573,27883,28054,32767,32767,32767,32767,32767,2167.0,17900.0
1533.0,1536.0,12570,26246,28206,26171,27883,27470,32767,32767,32767,32767,32767,2041.0,17900.0
1628.0,1671.0,12881,26246,27779,27105,28409,28054,32767,32767,32767,32767,32767,2229.0,17900.0
2200.0,1923.0,10264,26300,26980,25757,24778,28698,32767,32767,32767,32767,32767,2391.0,17900.0
1821.0,1765.0,11041,26300,27836,28566,31104,31626,32767,32767,32767,32767,32767,2297.0,17900.0
1612.0,1607.0,11352,26300,27408,27630,28995,29283,32767,32767,32767,32767,32767,1825.0,17900.0
1517.0,1516.0,11352,26300,27408,26225,28468,29283,32767,32767,32767,32767,32767,1825.0,17900.0
1517.0,1539.0,11508,26300,27408,26225,26886,28112,32767,32767,32767,32767,32767,1825.0,17900.0
2219.0,2150.0,11974,26300,27836,25757,26359,29283,32767,32767,32767,32767,32767,2549.0,17900.0
2086.0,2127.0,12907,26300,27836,27161,28995,30455,32767,32767,32767,32767,32767,2737.0,17900.0
2000.0,1985.0,10883,26322,27015,28157,29619,32767,32767,32767,32767,32767,32767,2078.0,17900.0
1608.0,1651.0,11649,26322,27859,25849,28579,31173,32767,32767,32767,32767,32767,2047.0,17900.0
1608.0,1651.0,11956,26322,25749,26311,28060,31750,32767,32767,32767,32767,32767,2140.0,17900.0
1645.0,1628.0,11956,26322,27859,26772,28579,31750,32767,32767,32767,32767,32767,2078.0,17900.0
1627.0,1762.0,12263,26322,26171,26311,28579,31750,32767,32767,32767,32767,32767,2171.0,17900.0
1795.0,1851.0,12569,26322,27859,27234,29099,32767,32767,32767,32767,32767,32767,2450.0,17900.0
1968.0,1865.0,11708,26346,27013,25728,28426,29197,32767,32767,32767,32767,32767,2113.0,17900.0
1428.0,1496.0,12024,26346,27013,25251,27354,29197,32767,32767,32767,32767,32767,1953.0,17900.0
1505.0,1519.0,12024,26346,27449,26681,27890,29197,32767,32767,32767,32767,32767,1985.0,17900.0
1486.0,1589.0,12024,26346,27013,25728,27890,29793,32767,32767,32767,32767,32767,1953.0,17900.0
1505.0,1496.0,12024,26346,27013,27157,27354,29793,32767,32767,32767,32767,32767,1921.0,17900.0
1505.0,1681.0,12499,26346,27884,27634,30572,30984,32767,32767,32767,32767,32767,2081.0,17900.0
1524.0,1566.0,12815,26346,27884,26681,28426,29793,32767,32767,32767,32767,32767,2145.0,17900.0
1666.0,1648.0,10863,26650,26924,28040,27883,28054,32767,32767,32767,32767,32767,2481.0,17900.0
1590.0,1626.0,11639,26650,27779,27105,27883,28638,32767,32767,32767,32767,32767,1884.0,17900.0
1571.0,1671.0,11794,26650,26924,26638,27357,28054,32767,32767,32767,32767,32767,2010.0,17900.0
1457.0,1513.0,11950,26650,26497,26171,26831,26301,32767,32767,32767,32767,32767,1790.0,17900.0
1609.0,1694.0,11950,26650,27351,28040,27357,29223,32767,32767,32767,32767,32767,2010.0,17900.0
1495.0,1581.0,11950,26650,26497,26171,27883,28054,32767,32767,32767,32767,32767,1978.0,17900.0
1533.0,1513.0,12105,26650,28206,28040,27883,29223,32767,32767,32767,32767,32767,1696.0,17900.0
1495.0,1513.0,12105,26650,27779,27105,27883,28638,32767,32767,32767,32767,32767,1947.0,17900.0
1514.0,1558.0,12415,26650,29061,26638,29987,29807,32767,32767,32767,32767,32767,2010.0,17900.0
1916.0,1833.0,11819,26705,29121,28566,31104,31040,32767,32767,32767,32767,32767,2171.0,17900.0
1555.0,1607.0,11819,26705,27836,26225,27941,29869,32767,32767,32767,32767,32767,1888.0,17900.0
1555.0,1607.0,11974,26705,27408,26693,27941,29869,32767,32767,32767,32767,32767,1825.0,17900.0
1593.0,1697.0,12130,26705,27836,27161,27941,28698,32767,32767,32767,32767,32767,1951.0,17900.0
1536.0,1561.0,12285,26705,27408,27630,28995,29869,32767,32767,32767,32767,32767,1919.0,17900.0
1669.0,1856.0,12441,26705,27836,27161,28995,29283,32767,32767,32767,32767,32767,2203.0,17900.0
1821.0,1742.0,12752,26705,26980,29035,30577,31040,32767,32767,32767,32767,32767,2989.0,17900.0
1907.0,2030.0,11343,26721,27015,26772,29099,32767,32767,32767,32767,32767,32767,2481.0,17900.0
1926.0,1963.0,11956,26721,25749,27695,30138,32767,32767,32767,32767,32767,32767,2233.0,17900.0
1739.0,1807.0,11956,26721,27437,26311,28060,30018,32767,32767,32767,32767,32767,2295.0,17900.0
1739.0,1807.0,12109,26721,28282,26311,28579,32327,32767,32767,32767,32767,32767,2233.0,17900.0
1664.0,1807.0,12416,26721,27015,26311,28579,31750,32767,32767,32767,32767,32767,2171.0,17900.0
1739.0,1874.0,12416,26721,28282,26772,29099,31750,32767,32767,32767,32767,32767,2233.0,17900.0
1589.0,1651.0,12876,26721,27859,27695,28579,31173,32767,32767,32767,32767,32767,2326.0,17900.0
1409.0,1427.0,11708,26758,27013,26681,28426,30984,32767,32767,32767,32767,32767,1697.0,17900.0
1409.0,1450.0,11866,26758,27449,26681,27354,29793,32767,32767,32767,32767,32767,1825.0,17900.0
1563.0,1589.0,11866,26758,28320,27157,28963,30984,32767,32767,32767,32767,32767,1889.0,17900.0
1640.0,1542.0,11866,26758,28320,28110,30572,32176,32767,32767,32767,32767,32767,2561.0,17900.0
1428.0,1496.0,12024,26758,27884,27634,27890,30984,32767,32767,32767,32767,32767,1761.0,17900.0
1563.0,1612.0,12341,26758,27884,28586,30035,31580,32767,32767,32767,32767,32767,1953.0,17900.0
1544.0,1681.0,12499,26758,27884,27157,28426,29793,32767,32767,32767,32767,32767,2177.0,17900.0
1640.0,1727.0,12499,26758,27013,26681,27354,30388,32767,32767,32767,32767,32767,2209.0,17900.0
1582.0,1681.0,12657,26758,27449,26681,29499,30984,32767,32767,32767,32767,32767,2241.0,17900.0
1505.0,1612.0,12657,26758,28756,28110,29499,31580,32767,32767,32767,32767,32767,2145.0,17900.0
1602.0,1750.0,12974,26758,27449,26681,28963,29793,32767,32767,32767,32767,32767,2241.0,17900.0
1524.0,1635.0,13132,26758,27013,27157,28963,30388,32767,32767,32767,32767,32767,2465.0,17900.0
1476.0,1400.0,11329,27054,28206,28975,29461,30976,32767,32767,32767,32767,32767,1696.0,17900.0
1571.0,1694.0,11639,27054,27351,27105,28935,30392,32767,32767,32767,32767,32767,1915.0,17900.0
1590.0,1626.0,11794,27054,27779,26171,27883,28054,32767,32767,32767,32767,32767,1947.0,17900.0
1552.0,1513.0,11950,27054,27779,27573,29461,29807,32767,32767,32767,32767,32767,1758.0,17900.0
1533.0,1490.0,12105,27054,27351,27573,28935,29223,32767,32767,32767,32767,32767,1727.0,17900.0
1552.0,1648.0,12570,27054,27351,27573,28935,28054,32767,32767,32767,32767,32767,2229.0,17900.0
1802.0,1697.0,11197,27110,28693,28098,31104,32212,32767,32767,32767,32767,32767,2517.0,17900.0
1555.0,1516.0,11819,27110,27836,27630,29522,29869,32767,32767,32767,32767,32767,1888.0,17900.0
1631.0,1652.0,11819,27110,28265,27161,28468,30455,32767,32767,32767,32767,32767,1888.0,17900.0
1650.0,1652.0,11974,27110,28693,29503,30577,30455,32767,32767,32767,32767,32767,1982.0,17900.0
1739.0,1829.0,11956,27120,28704,26772,29619,31750,32767,32767,32767,32767,32767,2140.0,17900.0
1664.0,1829.0,12263,27120,28282,26772,28579,31750,32767,32767,32767,32767,32767,2140.0,17900.0
1664.0,1762.0,12263,27120,27437,27234,29099,32327,32767,32767,32767,32767,32767,2109.0,17900.0
1776.0,1963.0,12416,27120,29126,27234,29619,31750,32767,32767,32767,32767,32767,2388.0,17900.0
1664.0,1717.0,12416,27120,28282,27695,30138,32767,32767,32767,32767,32767,32767,2047.0,17900.0
1683.0,1762.0,12569,27120,27859,27234,29619,31750,32767,32767,32767,32767,32767,2295.0,17900.0
1813.0,1985.0,12569,27120,28282,26772,29619,32767,32767,32767,32767,32767,32767,2388.0,17900.0
1664.0,1807.0,12569,27120,28282,26311,29099,31750,32767,32767,32767,32767,32767,2171.0,17900.0
1776.0,1941.0,12722,27120,28704,28618,31178,32767,32767,32767,32767,32767,32767,2357.0,17900.0
1645.0,1807.0,12722,27120,28282,26772,28060,31173,32767,32767,32767,32767,32767,2264.0,17900.0
1757.0,1896.0,12876,27120,29126,26772,29099,32327,32767,32767,32767,32767,32767,2264.0,17900.0
1645.0,1762.0,13029,27120,29548,27234,29619,32327,32767,32767,32767,32767,32767,2202.0,17900.0
1486.0,1473.0,12183,27169,27449,27634,28426,29793,32767,32767,32767,32767,32767,1793.0,17900.0
1486.0,1496.0,12499,27169,28320,28586,30035,31580,32767,32767,32767,32767,32767,1889.0,17900.0
1602.0,1681.0,12657,27169,28320,27157,28426,30984,32767,32767,32767,32767,32767,2401.0,17900.0
1467.0,1566.0,12657,27169,27884,27634,28963,30388,32767,32767,32767,32767,32767,2081.0,17900.0
1409.0,1381.0,12657,27169,27449,26204,27890,30388,32767,32767,32767,32767,32767,1921.0,17900.0
1563.0,1727.0,12815,27169,29627,27634,29499,30984,32767,32767,32767,32767,32767,2113.0,17900.0
1428.0,1358.0,12974,27169,28320,28586,29499,31580,32767,32767,32767,32767,32767,2305.0,17900.0
2252.0,2055.0,11329,27457,28206,26171,29987,29807,32767,32767,32767,32767,32767,2072.0,17900.0
1439.0,1423.0,11794,27457,29061,28040,27883,28638,32767,32767,32767,32767,32767,1664.0,17900.0
1590.0,1626.0,11950,27457,28206,28040,28409,28638,32767,32767,32767,32767,32767,1853.0,17900.0
1571.0,1626.0,12260,27457,29061,26638,27357,28638,32767,32767,32767,32767,32767,1884.0,17900.0
1552.0,1603.0,12570,27457,27779,28040,28935,28638,32767,32767,32767,32767,32767,1978.0,17900.0
1609.0,1671.0,12726,27457,28633,28040,29987,29807,32767,32767,32767,32767,32767,1947.0,17900.0
1552.0,1468.0,12881,27457,29488,29909,29987,30976,32767,32767,32767,32767,32767,2104.0,17900.0
1514.0,1558.0,12881,27457,28633,28507,28409,28054,32767,32767,32767,32767,32767,1915.0,17900.0
1609.0,1694.0,13036,27457,28633,28507,29987,29807,32767,32767,32767,32767,32767,2104.0,17900.0
1574.0,1607.0,11819,27514,28693,29035,30049,31626,32767,32767,32767,32767,32767,1888.0,17900.0
1612.0,1652.0,11819,27514,28693,28098,29522,29283,32767,32767,32767,32767,32767,1919.0,17900.0
1574.0,1584.0,11974,27514,28265,27161,29522,31040,32767,32767,32767,32767,32767,1762.0,17900.0
1612.0,1652.0,12285,27514,29549,28566,30577,30455,32767,32767,32767,32767,32767,1888.0,17900.0
1536.0,1561.0,12441,27514,28693,29503,30049,29869,32767,32767,32767,32767,32767,2014.0,17900.0
2257.0,2172.0,12441,27514,30406,30440,32767,32767,32767,32767,32767,32767,32767,2989.0,17900.0
1612.0,1652.0,12441,27514,29549,29035,30577,29869,32767,32767,32767,32767,32767,1919.0,17900.0
1574.0,1675.0,12596,27514,27408,28098,29522,30455,32767,32767,32767,32767,32767,1888.0,17900.0
1612.0,1629.0,13218,27514,28693,29035,30049,29869,32767,32767,32767,32767,32767,2077.0,17900.0
1683.0,1829.0,12263,27519,27437,26772,28579,29441,32767,32767,32767,32767,32767,2171.0,17900.0
1608.0,1740.0,12416,27519,29126,27695,29099,32767,32767,32767,32767,32767,32767,2109.0,17900.0
1608.0,1717.0,12416,27519,28704,26772,30138,32767,32767,32767,32767,32767,32767,2047.0,17900.0
1627.0,1651.0,12416,27519,28282,26772,30138,32767,32767,32767,32767,32767,32767,1954.0,17900.0
1627.0,1740.0,12416,27519,28282,27695,30138,31750,32767,32767,32767,32767,32767,2047.0,17900.0
1757.0,1985.0,12569,27519,28282,27695,30658,32327,32767,32767,32767,32767,32767,2295.0,17900.0
1739.0,1851.0,12876,27519,28282,26311,29099,31750,32767,32767,32767,32767,32767,2543.0,17900.0
1720.0,1896.0,13029,27519,28704,27234,30138,32767,32767,32767,32767,32767,32767,2140.0,17900.0
1627.0,1740.0,13029,27519,28704,26772,29619,32767,32767,32767,32767,32767,32767,2171.0,17900.0
1982.0,2141.0,13029,27519,28282,29080,30138,31750,32767,32767,32767,32767,32767,2233.0,17900.0
1683.0,1784.0,13336,27519,27859,27695,29099,31750,32767,32767,32767,32767,32767,2295.0,17900.0
1739.0,1829.0,13336,27519,29126,28157,30658,32767,32767,32767,32767,32767,32767,2295.0,17900.0
1428.0,1473.0,12024,27581,27884,28110,28963,30984,32767,32767,32767,32767,32767,1825.0,17900.0
1698.0,1842.0,12024,27581,27449,26681,27890,30388,32767,32767,32767,32767,32767,2113.0,17900.0
1717.0,1773.0,12183,27581,28320,28586,28963,31580,32767,32767,32767,32767,32767,2177.0,17900.0
1602.0,1612.0,12341,27581,27884,28586,28963,30984,32767,32767,32767,32767,32767,1985.0,17900.0
1505.0,1589.0,12499,27581,28756,26681,28963,29793,32767,32767,32767,32767,32767,1825.0,17900.0
1544.0,1612.0,12815,27581,29627,29539,30572,32176,32767,32767,32767,32767,32767,1889.0,17900.0
1447.0,1335.0,12974,27581,29192,29063,30035,30984,32767,32767,32767,32767,32767,2625.0,17900.0
1679.0,1842.0,13765,27581,30063,29063,31108,32767,32767,32767,32767,32767,32767,2625.0,17900.0
1647.0,1694.0,11950,27861,29061,25236,27883,28638,32767,32767,32767,32767,32767,1947.0,17900.0
1571.0,1536.0,12105,27861,28633,28507,28409,29807,32767,32767,32767,32767,32767,1696.0,17900.0
1552.0,1490.0,12260,27861,28206,27105,28935,28638,32767,32767,32767,32767,32767,1758.0,17900.0
1533.0,1536.0,12260,27861,28206,27105,28409,30976,32767,32767,32767,32767,32767,1853.0,17900.0
1571.0,1558.0,12260,27861,29488,28040,28935,29807,32767,32767,32767,32767,32767,1758.0,17900.0
1552.0,1603.0,12415,27861,27351,26171,27357,28638,32767,32767,32767,32767,32767,1947.0,17900.0
1628.0,1648.0,12570,27861,28206,29442,29987,29807,32767,32767,32767,32767,32767,1947.0,17900.0
1552.0,1558.0,12570,27861,29916,28040,28935,29807,32767,32767,32767,32767,32767,1790.0,17900.0
1647.0,1671.0,13036,27861,28633,28975,29461,29223,32767,32767,32767,32767,32767,1947.0,17900.0
1647.0,1648.0,13191,27861,29916,28507,28935,28638,32767,32767,32767,32767,32767,2072.0,17900.0
1832.0,1829.0,12416,27918,29548,28618,31178,32767,32767,32767,32767,32767,32767,2574.0,17900.0
1720.0,1807.0,12569,27918,29970,28157,31178,32767,32767,32767,32767,32767,32767,2078.0,17900.0
1720.0,1784.0,12569,27918,28704,27695,29619,32767,32767,32767,32767,32767,32767,2109.0,17900.0
1739.0,1829.0,12722,27918,29126,27695,30138,32767,32767,32767,32767,32767,32767,2171.0,17900.0
1720.0,1829.0,12722,27918,28704,28157,29099,31173,32767,32767,32767,32767,32767,2264.0,17900.0
1627.0,1829.0,12722,27918,28704,28618,29099,32767,32767,32767,32767,32767,32767,2357.0,17900.0
1701.0,1762.0,12876,27918,28704,28157,30138,32767,32767,32767,32767,32767,32767,2264.0,17900.0
1739.0,1874.0,12876,27918,28282,26772,28579,32327,32767,32767,32767,32767,32767,2450.0,17900.0
1757.0,1762.0,13029,27918,29970,28618,30138,32767,32767,32767,32767,32767,32767,2078.0,17900.0
1776.0,1896.0,13182,27918,29126,28157,31178,32767,32767,32767,32767,32767,32767,2450.0,17900.0
1832.0,2074.0,13182,27918,29548,28618,31178,32767,32767,32767,32767,32767,32767,2419.0,17900.0
1739.0,1896.0,13182,27918,29126,27695,30138,30596,32767,32767,32767,32767,32767,2450.0,17900.0
1745.0,1607.0,11663,27919,29978,29503,31104,32767,32767,32767,32767,32767,32767,2234.0,17900.0
1555.0,1584.0,11819,27919,28265,28098,27941,29869,32767,32767,32767,32767,32767,1856.0,17900.0
1498.0,1584.0,11819,27919,29549,28566,30049,31626,32767,32767,32767,32767,32767,1762.0,17900.0
1631.0,1652.0,11974,27919,27408,28566,29522,31040,32767,32767,32767,32767,32767,1919.0,17900.0
1536.0,1629.0,12130,27919,29121,29503,31104,31626,32767,32767,32767,32767,32767,1982.0,17900.0
1536.0,1539.0,12130,27919,29121,28566,29522,31040,32767,32767,32767,32767,32767,1888.0,17900.0
1555.0,1561.0,12285,27919,28265,30440,30049,31040,32767,32767,32767,32767,32767,1825.0,17900.0
1631.0,1742.0,12441,27919,27836,27630,29522,31040,32767,32767,32767,32767,32767,2014.0,17900.0
1631.0,1697.0,12441,27919,28693,29035,30049,31040,32767,32767,32767,32767,32767,2014.0,17900.0
1631.0,1788.0,12596,27919,29978,29503,31104,31040,32767,32767,32767,32767,32767,2014.0,17900.0
1517.0,1561.0,12596,27919,28693,29503,31631,31040,32767,32767,32767,32767,32767,1856.0,17900.0
1593.0,1607.0,12752,27919,29549,29035,29522,31040,32767,32767,32767,32767,32767,2077.0,17900.0
1505.0,1473.0,12183,27993,28756,28110,28963,30388,32767,32767,32767,32767,32767,1729.0,17900.0
1409.0,1427.0,12815,27993,28756,28586,30572,32767,32767,32767,32767,32767,32767,1857.0,17900.0
1582.0,1681.0,12974,27993,28756,27157,28963,30984,32767,32767,32767,32767,32767,2049.0,17900.0
1563.0,1727.0,13448,27993,28756,29539,31108,32176,32767,32767,32767,32767,32767,2177.0,17900.0
1621.0,1681.0,13606,27993,30063,30016,32181,32767,32767,32767,32767,32767,32767,2465.0,17900.0
1647.0,1648.0,11794,28265,28206,29442,30513,29223,32767,32767,32767,32767,32767,2355.0,17900.0
1666.0,1739.0,12726,28265,29916,29909,29987,31561,32767,32767,32767,32767,32767,1978.0,17900.0
1552.0,1558.0,12881,28265,29488,28975,29461,30976,32767,32767,32767,32767,32767,1790.0,17900.0
1926.0,2007.0,12263,28316,29126,28157,31697,32767,32767,32767,32767,32767,32767,2388.0,17900.0
1795.0,1963.0,12722,28316,29126,28618,29619,32327,32767,32767,32767,32767,32767,2295.0,17900.0
1608.0,1606.0,12722,28316,29548,28618,31697,32767,32767,32767,32767,32767,32767,1923.0,17900.0
1851.0,1941.0,12876,28316,30392,29080,30658,32767,32767,32767,32767,32767,32767,2202.0,17900.0
1739.0,1941.0,13029,28316,29126,28157,31178,31750,32767,32767,32767,32767,32767,2326.0,17900.0
1683.0,1829.0,13029,28316,29126,28618,30658,32767,32767,32767,32767,32767,32767,2109.0,17900.0
1701.0,1874.0,13029,28316,29548,28618,29099,32767,32767,32767,32767,32767,32767,2357.0,17900.0
1627.0,1673.0,13182,28316,29970,29080,30658,32767,32767,32767,32767,32767,32767,2047.0,17900.0
1776.0,1918.0,13336,28316,29548,29080,31178,32767,32767,32767,32767,32767,32767,2295.0,17900.0
1832.0,2030.0,13336,28316,30392,29542,31178,31750,32767,32767,32767,32767,32767,2543.0,17900.0
1739.0,1851.0,13642,28316,31236,29542,31178,32767,32767,32767,32767,32767,32767,2326.0,17900.0
1757.0,1918.0,13795,28316,31236,29080,32217,32767,32767,32767,32767,32767,32767,2419.0,17900.0
1555.0,1675.0,12130,28323,29549,29035,30049,31626,32767,32767,32767,32767,32767,1951.0,17900.0
1650.0,1652.0,12441,28323,29549,29035,30577,31040,32767,32767,32767,32767,32767,2328.0,17900.0
1555.0,1607.0,12596,28323,29549,29035,30577,30455,32767,32767,32767,32767,32767,1825.0,17900.0
1612.0,1810.0,12752,28323,30834,29503,31631,31040,32767,32767,32767,32767,32767,2014.0,17900.0
1544.0,1473.0,12341,28404,30063,26681,30035,30388,32767,32767,32767,32767,32767,2209.0,17900.0
1505.0,1542.0,12499,28404,28756,28586,28963,30984,32767,32767,32767,32767,32767,1825.0,17900.0
1505.0,1358.0,12499,28404,28320,30492,31644,31580,32767,32767,32767,32767,32767,2081.0,17900.0
1505.0,1519.0,12657,28404,29627,29539,30035,32176,32767,32767,32767,32767,32767,1825.0,17900.0
1524.0,1612.0,12815,28404,30063,29063,30572,32767,32767,32767,32767,32767,32767,1921.0,17900.0
1467.0,1519.0,12974,28404,31370,30492,32181,32767,32767,32767,32767,32767,32767,1761.0,17900.0
1640.0,1773.0,12974,28404,30063,30016,31644,32176,32767,32767,32767,32767,32767,2049.0,17900.0
1524.0,1612.0,13132,28404,28756,30492,30572,32767,32767,32767,32767,32767,32767,1921.0,17900.0
1505.0,1658.0,13132,28404,29192,30016,31644,32176,32767,32767,32767,32767,32767,2145.0,17900.0
1505.0,1542.0,13448,28404,29627,30016,32717,32767,32767,32767,32767,32767,32767,2017.0,17900.0
1582.0,1658.0,13606,28404,28756,30492,32181,32767,32767,32767,32767,32767,32767,2401.0,17900.0
1737.0,2026.0,13923,28404,30499,30016,32181,32767,32767,32767,32767,32767,32767,2497.0,17900.0
1717.0,1865.0,13923,28404,29627,29539,30572,32176,32767,32767,32767,32767,32767,2497.0,17900.0
1698.0,1934.0,14239,28404,29627,30016,31108,32176,32767,32767,32767,32767,32767,2401.0,17900.0
1552.0,1558.0,12570,28669,30343,29442,29461,30976,32767,32767,32767,32767,32767,1758.0,17900.0
1533.0,1671.0,12570,28669,29916,29909,32092,31561,32767,32767,32767,32767,32767,1884.0,17900.0
1628.0,1694.0,12726,28669,30343,29442,29461,31561,32767,32767,32767,32767,32767,1915.0,17900.0
1514.0,1536.0,12726,28669,29488,29442,29987,30976,32767,32767,32767,32767,32767,1758.0,17900.0
1628.0,1671.0,13036,28669,29488,28507,29987,31561,32767,32767,32767,32767,32767,1947.0,17900.0
1571.0,1671.0,13036,28669,29061,28975,30513,30392,32767,32767,32767,32767,32767,1884.0,17900.0
1685.0,1852.0,13346,28669,30343,29909,32092,31561,32767,32767,32767,32767,32767,2198.0,17900.0
2328.0,2326.0,13502,28669,30343,29909,31039,31561,32767,32767,32767,32767,32767,2543.0,17900.0
1647.0,1694.0,13812,28669,30770,29909,31039,29223,32767,32767,32767,32767,32767,2041.0,17900.0
1779.0,2055.0,14277,28669,29916,31311,32092,30976,32767,32767,32767,32767,32767,2386.0,17900.0
1813.0,1896.0,12416,28715,30392,29542,31697,32767,32767,32767,32767,32767,32767,2171.0,17900.0
1739.0,1784.0,12569,28715,28704,29080,31178,32767,32767,32767,32767,32767,32767,2140.0,17900.0
1720.0,1829.0,12876,28715,29126,29080,30138,32767,32767,32767,32767,32767,32767,2078.0,17900.0
1888.0,2052.0,12876,28715,29548,28618,31178,32767,32767,32767,32767,32767,32767,2326.0,17900.0
1701.0,1717.0,13029,28715,29126,28157,30658,32767,32767,32767,32767,32767,32767,2047.0,17900.0
1570.0,1673.0,13029,28715,29970,29080,31178,32767,32767,32767,32767,32767,32767,2016.0,17900.0
1832.0,1985.0,13029,28715,30814,29542,32767,32767,32767,32767,32767,32767,32767,2357.0,17900.0
1795.0,1918.0,13029,28715,29548,28618,32217,32767,32767,32767,32767,32767,32767,2326.0,17900.0
1514.0,1584.0,13029,28715,30814,29542,31697,32767,32767,32767,32767,32767,32767,2109.0,17900.0
1813.0,1963.0,13029,28715,29970,29542,30658,32767,32767,32767,32767,32767,32767,2140.0,17900.0
1757.0,1851.0,13029,28715,30392,30003,32217,32767,32767,32767,32767,32767,32767,2140.0,17900.0
1757.0,1829.0,13182,28715,29970,29542,31697,32767,32767,32767,32767,32767,32767,2171.0,17900.0
1851.0,1985.0,13182,28715,29970,28618,31178,32767,32767,32767,32767,32767,32767,2419.0,17900.0
1926.0,2119.0,13182,28715,29548,29542,31697,32767,32767,32767,32767,32767,32767,2512.0,17900.0
1795.0,1941.0,13336,28715,30392,28157,30658,32767,32767,32767,32767,32767,32767,2295.0,17900.0
1851.0,2074.0,13336,28715,29126,27695,29099,31750,32767,32767,32767,32767,32767,2450.0,17900.0
1683.0,1762.0,13336,28715,30814,30926,31697,32767,32767,32767,32767,32767,32767,2202.0,17900.0
1795.0,1941.0,13949,28715,29970,29080,31697,32767,32767,32767,32767,32767,32767,2388.0,17900.0
1870.0,2119.0,14102,28715,29970,27234,31697,32327,32767,32767,32767,32767,32767,2419.0,17900.0
1720.0,1941.0,14409,28715,30392,27695,30138,32767,32767,32767,32767,32767,32767,2512.0,17900.0
1555.0,1561.0,12130,28728,29121,29503,30049,31040,32767,32767,32767,32767,32767,1951.0,17900.0
1707.0,1810.0,12285,28728,29121,29503,31631,31626,32767,32767,32767,32767,32767,2549.0,17900.0
1612.0,1584.0,12285,28728,30406,29971,32685,32212,32767,32767,32767,32767,32767,1951.0,17900.0
1524.0,1635.0,12815,28816,30063,29539,31108,32767,32767,32767,32767,32767,32767,1825.0,17900.0
1602.0,1635.0,12974,28816,30934,30016,31644,32767,32767,32767,32767,32767,32767,1921.0,17900.0
1582.0,1773.0,13132,28816,30934,30016,32717,32767,32767,32767,32767,32767,32767,2017.0,17900.0
1640.0,1681.0,13132,28816,29627,29539,30572,32767,32767,32767,32767,32767,32767,1985.0,17900.0
2007.0,2026.0,13448,28816,30499,29539,31108,32767,32767,32767,32767,32767,32767,2529.0,17900.0
1582.0,1612.0,13448,28816,29627,29539,31644,32767,32767,32767,32767,32767,32767,2049.0,17900.0
1717.0,1819.0,13765,28816,30499,30016,32717,32767,32767,32767,32767,32767,32767,2529.0,17900.0
1447.0,1473.0,13765,28816,30063,29063,30572,32767,32767,32767,32767,32767,32767,2017.0,17900.0
1698.0,1842.0,13923,28816,30499,29539,32767,32767,32767,32767,32767,32767,32767,2209.0,17900.0
1590.0,1603.0,12260,29072,31198,29909,31039,31561,32767,32767,32767,32767,32767,1821.0,17900.0
1590.0,1648.0,12726,29072,31198,30377,32092,30392,32767,32767,32767,32767,32767,1821.0,17900.0
1552.0,1626.0,12881,29072,29916,29442,31039,30976,32767,32767,32767,32767,32767,1915.0,17900.0
1685.0,1536.0,13191,29072,29488,29442,28935,29807,32767,32767,32767,32767,32767,2857.0,17900.0
1685.0,1694.0,13657,29072,32480,31779,32618,31561,32767,32767,32767,32767,32767,1884.0,17900.0
1944.0,2253.0,12109,29114,28282,29080,31697,32767,32767,32767,32767,32767,32767,2326.0,17900.0
2019.0,2230.0,13029,29114,31236,29542,32217,32767,32767,32767,32767,32767,32767,2388.0,17900.0
1795.0,1941.0,13182,29114,29548,28618,30138,32767,32767,32767,32767,32767,32767,2233.0,17900.0
1926.0,2164.0,13336,29114,29970,30003,31178,32767,32767,32767,32767,32767,32767,2574.0,17900.0
2206.0,2275.0,13336,29114,30392,30003,32736,32767,32767,32767,32767,32767,32767,2574.0,17900.0
1757.0,1896.0,13489,29114,30814,29080,31178,32767,32767,32767,32767,32767,32767,2140.0,17900.0
1926.0,2208.0,13642,29114,29548,29542,31178,32767,32767,32767,32767,32767,32767,2450.0,17900.0
1720.0,1807.0,13642,29114,30814,29542,31178,32767,32767,32767,32767,32767,32767,2264.0,17900.0
2000.0,2275.0,13642,29114,30392,30003,32736,32767,32767,32767,32767,32767,32767,2481.0,17900.0
1944.0,2208.0,13795,29114,29970,29080,31697,32767,32767,32767,32767,32767,32767,2574.0,17900.0
1982.0,2253.0,14102,29114,31236,30003,31697,32767,32767,32767,32767,32767,32767,2729.0,17900.0
1926.0,2164.0,14102,29114,30392,28618,30138,31750,32767,32767,32767,32767,32767,2636.0,17900.0
1669.0,1720.0,12285,29133,30406,29035,30577,31626,32767,32767,32767,32767,32767,2108.0,17900.0
1650.0,1675.0,12285,29133,28265,28098,29522,31040,32767,32767,32767,32767,32767,2171.0,17900.0
1859.0,1901.0,12752,29133,31262,29503,32685,32767,32767,32767,32767,32767,32767,2077.0,17900.0
1612.0,1720.0,12907,29133,29549,30440,31631,31626,32767,32767,32767,32767,32767,1982.0,17900.0
1612.0,1765.0,12907,29133,30834,29503,30577,32212,32767,32767,32767,32767,32767,1982.0,17900.0
1764.0,1969.0,13063,29133,29549,29971,32685,31040,32767,32767,32767,32767,32767,2171.0,17900.0
1631.0,1720.0,13218,29133,30834,29971,32158,31626,32767,32767,32767,32767,32767,1982.0,17900.0
1486.0,1450.0,12815,29227,30063,29063,30572,32176,32767,32767,32767,32767,32767,1697.0,17900.0
1660.0,1750.0,12974,29227,30063,29063,31108,32176,32767,32767,32767,32767,32767,1953.0,17900.0
1563.0,1658.0,12974,29227,30063,30492,31108,32176,32767,32767,32767,32767,32767,1985.0,17900.0
1467.0,1519.0,13132,29227,29627,30492,31644,32176,32767,32767,32767,32767,32767,1793.0,17900.0
1428.0,1519.0,13290,29227,30934,30969,32767,32767,32767,32767,32767,32767,32767,1857.0,17900.0
1544.0,1589.0,13290,29227,30934,29539,31108,32767,32767,32767,32767,32767,32767,1953.0,17900.0
1698.0,1934.0,13606,29227,30934,30492,31644,32767,32767,32767,32767,32767,32767,2273.0,17900.0
1505.0,1542.0,13765,29227,30499,30969,32767,32176,32767,32767,32767,32767,32767,1857.0,17900.0
1505.0,1750.0,13765,29227,30499,30016,30572,32767,32767,32767,32767,32767,32767,2145.0,17900.0
1621.0,1681.0,13923,29227,31370,29539,31644,32767,32767,32767,32767,32767,32767,1921.0,17900.0
1660.0,1681.0,15030,29227,30499,30492,32767,32767,32767,32767,32767,32767,32767,2657.0,17900.0
1571.0,1581.0,12881,29476,31625,29909,30513,32145,32767,32767,32767,32767,32767,1790.0,17900.0
1590.0,1603.0,12881,29476,32052,30377,31565,31561,32767,32767,32767,32767,32767,1790.0,17900.0
1798.0,1739.0,13191,29476,30770,29909,31565,30392,32767,32767,32767,32767,32767,2261.0,17900.0
1666.0,1761.0,13346,29476,30770,31779,32767,32730,32767,32767,32767,32767,32767,2104.0,17900.0
1741.0,1919.0,13657,29476,31198,30377,32092,31561,32767,32767,32767,32767,32767,2229.0,17900.0
1874.0,2032.0,14588,29476,32052,30844,32767,32145,32767,32767,32767,32767,32767,2386.0,17900.0
2094.0,2097.0,12876,29513,30392,30003,32736,32767,32767,32767,32767,32767,32767,2388.0,17900.0
1813.0,2007.0,13489,29513,29126,28157,30658,31750,32767,32767,32767,32767,32767,2295.0,17900.0
1944.0,2141.0,13489,29513,30392,30003,32217,32767,32767,32767,32767,32767,32767,2388.0,17900.0
1813.0,2007.0,13949,29513,31236,30003,32217,32767,32767,32767,32767,32767,32767,2419.0,17900.0
1926.0,2186.0,13949,29513,30392,30003,31697,32327,32767,32767,32767,32767,32767,2357.0,17900.0
1683.0,1740.0,14102,29513,32081,30465,32767,32767,32767,32767,32767,32767,32767,2233.0,17900.0
1944.0,2052.0,14102,29513,30814,30003,31178,32767,32767,32767,32767,32767,32767,2419.0,17900.0
1870.0,2119.0,14102,29513,31236,29080,32736,32767,32767,32767,32767,32767,32767,2450.0,17900.0
1813.0,1941.0,14102,29513,31658,31850,32767,32767,32767,32767,32767,32767,32767,2481.0,17900.0
1795.0,2007.0,14255,29513,31658,28618,31178,32767,32767,32767,32767,32767,32767,2605.0,17900.0
1498.0,1358.0,12907,29537,32119,31844,32767,32767,32767,32767,32767,32767,32767,2203.0,17900.0
1707.0,1878.0,13685,29537,31262,30908,31631,32212,32767,32767,32767,32767,32767,2045.0,17900.0
1840.0,2104.0,13685,29537,31691,30440,32767,32767,32767,32767,32767,32767,32767,2328.0,17900.0
1679.0,1750.0,13448,29639,30063,30969,32181,32767,32767,32767,32767,32767,32767,2305.0,17900.0
1621.0,1865.0,13448,29639,30499,30492,32181,32176,32767,32767,32767,32767,32767,2209.0,17900.0
1524.0,1658.0,13606,29639,30934,29539,31108,32176,32767,32767,32767,32767,32767,1953.0,17900.0
1563.0,1750.0,13765,29639,30934,31922,31108,32767,32767,32767,32767,32767,32767,2113.0,17900.0
1640.0,1773.0,14239,29639,31370,31922,32717,32767,32767,32767,32767,32767,32767,2177.0,17900.0
1737.0,1934.0,14239,29639,31806,32767,32767,32767,32767,32767,32767,32767,32767,2305.0,17900.0
1602.0,1865.0,14398,29639,31370,30969,32717,32767,32767,32767,32767,32767,32767,2273.0,17900.0
1640.0,1727.0,14556,29639,32677,32398,32767,32767,32767,32767,32767,32767,32767,2049.0,17900.0
1621.0,1796.0,14714,29639,30934,30969,32717,32767,32767,32767,32767,32767,32767,2369.0,17900.0
1855.0,1852.0,13036,29880,32480,32246,32618,31561,32767,32767,32767,32767,32767,2449.0,17900.0
1647.0,1694.0,13502,29880,31625,30844,31565,29807,32767,32767,32767,32767,32767,2010.0,17900.0
1685.0,1739.0,13812,29880,32052,31311,32767,30976,32767,32767,32767,32767,32767,2229.0,17900.0
1704.0,1829.0,13812,29880,32052,30844,32767,30976,32767,32767,32767,32767,32767,2198.0,17900.0
1722.0,1874.0,13967,29880,32052,30844,32618,32730,32767,32767,32767,32767,32767,2167.0,17900.0
1741.0,1807.0,14122,29880,32767,32713,32618,32145,32767,32767,32767,32767,32767,2292.0,17900.0
1912.0,2213.0,14122,29880,32052,31311,32767,32730,32767,32767,32767,32767,32767,2386.0,17900.0
1926.0,2074.0,13795,29912,30814,28157,29099,32327,32767,32767,32767,32767,32767,2264.0,17900.0
1795.0,1941.0,13795,29912,30392,30003,32217,32767,32767,32767,32767,32767,32767,2357.0,17900.0
2000.0,2342.0,13795,29912,31236,30003,32217,32767,32767,32767,32767,32767,32767,2636.0,17900.0
1870.0,2097.0,13949,29912,31236,30465,32736,32767,32767,32767,32767,32767,32767,2450.0,17900.0
1870.0,2007.0,14102,29912,30814,29080,32217,32767,32767,32767,32767,32767,32767,2450.0,17900.0
2057.0,2208.0,14102,29912,30814,30003,32217,32767,32767,32767,32767,32767,32767,2760.0,17900.0
1776.0,1963.0,14102,29912,31236,29542,31178,32767,32767,32767,32767,32767,32767,2543.0,17900.0
1870.0,2074.0,14255,29912,31236,29080,29619,32327,32767,32767,32767,32767,32767,2574.0,17900.0
1870.0,2164.0,14868,29912,31658,29542,32217,32767,32767,32767,32767,32767,32767,2667.0,17900.0
1669.0,1516.0,12285,29942,31262,32767,32767,32767,32767,32767,32767,32767,32767,2454.0,17900.0
1650.0,1765.0,12907,29942,31262,30440,32685,32212,32767,32767,32767,32767,32767,1982.0,17900.0
1574.0,1697.0,13374,29942,30834,30908,32158,32767,32767,32767,32767,32767,32767,1951.0,17900.0
1707.0,1788.0,13685,29942,30406,30908,32767,32212,32767,32767,32767,32767,32767,2171.0,17900.0
1930.0,1796.0,13290,30051,32241,30016,32767,32767,32767,32767,32767,32767,32767,2625.0,17900.0
1486.0,1658.0,13448,30051,30499,32398,32767,32767,32767,32767,32767,32767,32767,1825.0,17900.0
1602.0,1612.0,13606,30051,30499,31445,32181,32767,32767,32767,32767,32767,32767,1953.0,17900.0
1660.0,1796.0,13765,30051,30934,30969,32717,32767,32767,32767,32767,32767,32767,2145.0,17900.0
1814.0,1980.0,13765,30051,30934,30016,32717,32767,32767,32767,32767,32767,32767,2177.0,17900.0
1795.0,1934.0,13765,30051,31293,30969,32181,32767,32767,32767,32767,32767,32767,2145.0,17900.0
2123.0,2233.0,14081,30051,31806,30016,31108,32767,32767,32767,32767,32767,32767,2561.0,17900.0
1891.0,2003.0,14239,30051,31370,32398,32767,32767,32767,32767,32767,32767,32767,2657.0,17900.0
1602.0,1911.0,14556,30051,32241,31445,32767,32767,32767,32767,32767,32767,32767,2177.0,17900.0
1514.0,1558.0,13191,30284,30770,32767,30513,29807,32767,32767,32767,32767,32767,1727.0,17900.0
1741.0,1987.0,13967,30284,31625,31311,32618,31561,32767,32767,32767,32767,32767,2229.0,17900.0
1685.0,1761.0,14122,30284,32767,32713,32767,30976,32767,32767,32767,32767,32767,2292.0,17900.0
2019.0,1963.0,13336,30310,32767,32311,32767,32767,32767,32767,32767,32767,32767,2512.0,17900.0
2150.0,2208.0,13489,30310,30392,31850,32767,32767,32767,32767,32767,32767,32767,2667.0,17900.0
2075.0,2208.0,13489,30310,32503,31388,32767,32767,32767,32767,32767,32767,32767,2450.0,17900.0
2000.0,2164.0,13642,30310,30392,30003,31178,32767,32767,32767,32767,32767,32767,2481.0,17900.0
1944.0,2164.0,13795,30310,32081,30926,32767,32767,32767,32767,32767,32767,32767,2481.0,17900.0
1926.0,2253.0,14102,30310,31658,30465,32736,32767,32767,32767,32767,32767,32767,2481.0,17900.0
1888.0,2074.0,14102,30310,31658,31388,32217,32767,32767,32767,32767,32767,32767,2636.0,17900.0
1851.0,2007.0,14102,30310,32081,30926,32736,32767,32767,32767,32767,32767,32767,2481.0,17900.0
1870.0,2119.0,14255,30310,32503,30926,32736,32767,32767,32767,32767,32767,32767,2512.0,17900.0
2038.0,2186.0,14255,30310,30392,30003,32736,32767,32767,32767,32767,32767,32767,2636.0,17900.0
1851.0,2030.0,14409,30310,32503,30926,32767,32767,32767,32767,32767,32767,32767,2295.0,17900.0
1813.0,2030.0,14409,30310,31658,31388,32736,32767,32767,32767,32767,32767,32767,2574.0,17900.0
1944.0,2119.0,14715,30310,31658,31850,32767,32767,32767,32767,32767,32767,32767,2450.0,17900.0
1813.0,2007.0,14715,30310,32503,31850,32767,32767,32767,32767,32767,32767,32767,2419.0,17900.0
2038.0,2387.0,14868,30310,32081,31388,32767,32767,32767,32767,32767,32767,32767,2946.0,17900.0
2038.0,2342.0,14868,30310,31658,31850,32767,32767,32767,32767,32767,32767,32767,2698.0,17900.0
1783.0,1675.0,12441,30347,32767,32767,32767,32767,32767,32767,32767,32767,32767,2171.0,17900.0
1764.0,1833.0,13218,30347,31691,32313,32767,32767,32767,32767,32767,32767,32767,2108.0,17900.0
1745.0,1923.0,13685,30347,31691,31844,32685,32767,32767,32767,32767,32767,32767,2297.0,17900.0
1935.0,1946.0,14618,30347,30406,31844,32767,32767,32767,32767,32767,32767,32767,2675.0,17900.0
1949.0,2210.0,13290,30462,30499,31922,32767,32767,32767,32767,32767,32767,32767,2433.0,17900.0
1544.0,1681.0,13606,30462,30934,31445,32767,32767,32767,32767,32767,32767,32767,2049.0,17900.0
1756.0,2049.0,13765,30462,32767,31445,32717,32767,32767,32767,32767,32767,32767,2177.0,17900.0
1660.0,1773.0,13923,30462,31370,30492,31644,32767,32767,32767,32767,32767,32767,2337.0,17900.0
1582.0,1819.0,14081,30462,31370,32398,32767,32767,32767,32767,32767,32767,32767,2241.0,17900.0
1679.0,1773.0,14239,30462,32767,30969,32717,32767,32767,32767,32767,32767,32767,2145.0,17900.0
1640.0,1980.0,14556,30462,31370,32767,32767,32767,32767,32767,32767,32767,32767,2273.0,17900.0
1660.0,1888.0,14872,30462,32241,30969,32767,32767,32767,32767,32767,32767,32767,2305.0,17900.0
1795.0,2095.0,15347,30462,32767,32767,32767,32767,32767,32767,32767,32767,32767,2497.0,17900.0
1704.0,1807.0,13502,30688,32767,31311,32767,32767,32767,32767,32767,32767,32767,2135.0,17900.0
1779.0,1987.0,13812,30688,30770,31311,32618,30392,32767,32767,32767,32767,32767,2229.0,17900.0
1798.0,1942.0,14122,30688,32480,31779,32767,30976,32767,32767,32767,32767,32767,2292.0,17900.0
1647.0,1739.0,14277,30688,32767,32767,32767,32730,32767,32767,32767,32767,32767,2072.0,17900.0
1832.0,2030.0,13642,30709,32081,30926,32767,32767,32767,32767,32767,32767,32767,2357.0,17900.0
1888.0,2052.0,13642,30709,32503,32311,32767,32767,32767,32767,32767,32767,32767,2357.0,17900.0
1813.0,1918.0,13949,30709,32081,31388,32767,32767,32767,32767,32767,32767,32767,2202.0,17900.0
1982.0,2141.0,14102,30709,32767,32311,32767,32767,32767,32767,32767,32767,32767,2605.0,17900.0
1963.0,2186.0,14102,30709,31236,30003,32767,32767,32767,32767,32767,32767,32767,2605.0,17900.0
1757.0,1941.0,14102,30709,32503,31388,32767,32767,32767,32767,32767,32767,32767,2512.0,17900.0
2075.0,2119.0,14255,30709,32503,31850,32767,32767,32767,32767,32767,32767,32767,2543.0,17900.0
1795.0,1985.0,14255,30709,31658,30926,32767,32767,32767,32767,32767,32767,32767,2419.0,17900.0
1963.0,2164.0,14409,30709,32081,30926,32767,32767,32767,32767,32767,32767,32767,2636.0,17900.0
1813.0,2030.0,14409,30709,32081,30003,32736,32767,32767,32767,32767,32767,32767,2450.0,17900.0
1907.0,2253.0,14562,30709,32767,32311,32767,32767,32767,32767,32767,32767,32767,2667.0,17900.0
1963.0,2119.0,14715,30709,32081,30926,32736,32767,32767,32767,32767,32767,32767,2419.0,17900.0
2094.0,2275.0,14715,30709,31236,30465,31178,32327,32767,32767,32767,32767,32767,2388.0,17900.0
1982.0,2275.0,14868,30709,32503,30926,32767,32767,32767,32767,32767,32767,32767,2605.0,17900.0
1574.0,1629.0,12907,30751,30834,29971,32158,31626,32767,32767,32767,32767,32767,1888.0,17900.0
1612.0,1720.0,13063,30751,32547,32313,32767,32767,32767,32767,32767,32767,32767,2045.0,17900.0
1650.0,1833.0,13529,30751,32119,32313,32685,32767,32767,32767,32767,32767,32767,2108.0,17900.0
1726.0,1946.0,13685,30751,32119,31376,32685,32767,32767,32767,32767,32767,32767,2045.0,17900.0
1756.0,1888.0,13132,30874,30934,30969,32181,32767,32767,32767,32767,32767,32767,2273.0,17900.0
1544.0,1566.0,13448,30874,32241,32398,32767,32767,32767,32767,32767,32767,32767,1825.0,17900.0
1968.0,2141.0,13606,30874,32677,32767,32767,32767,32767,32767,32767,32767,32767,2433.0,17900.0
1660.0,1796.0,14398,30874,32241,31922,32717,32767,32767,32767,32767,32767,32767,2081.0,17900.0
1621.0,1888.0,14556,30874,32241,32767,32767,32767,32767,32767,32767,32767,32767,2049.0,17900.0
1795.0,2026.0,14556,30874,32767,32767,32767,32767,32767,32767,32767,32767,32767,2209.0,17900.0
1775.0,2072.0,14556,30874,32767,32767,32767,32767,32767,32767,32767,32767,32767,2241.0,17900.0
1872.0,2026.0,14872,30874,32767,30492,32181,32767,32767,32767,32767,32767,32767,2305.0,17900.0
1872.0,2233.0,15030,30874,32767,32767,32767,32767,32767,32767,32767,32767,32767,2369.0,17900.0
1666.0,1919.0,12881,31091,32052,32767,32767,32767,32767,32767,32767,32767,32767,2606.0,17900.0
1495.0,1581.0,13191,31091,32767,32713,32767,31561,32767,32767,32767,32767,32767,1853.0,17900.0
1628.0,1739.0,13812,31091,32767,32246,32618,32145,32767,32767,32767,32767,32767,2135.0,17900.0
2038.0,2186.0,14868,31108,32767,31388,32217,31750,32767,32767,32767,32767,32767,2295.0,17900.0
1982.0,2230.0,15022,31108,32767,32311,32767,32767,32767,32767,32767,32767,32767,2512.0,17900.0
1795.0,2141.0,15328,31108,32767,31850,32767,32767,32767,32767,32767,32767,32767,2543.0,17900.0
1888.0,2297.0,15788,31108,32767,32311,32767,32767,32767,32767,32767,32767,32767,2853.0,17900.0
1650.0,1742.0,13529,31156,30834,30908,32767,32767,32767,32767,32767,32767,32767,1951.0,17900.0
2011.0,1923.0,14929,31156,32767,32767,32767,32767,32767,32767,32767,32767,32767,2769.0,17900.0
1544.0,1819.0,13606,31286,32241,31922,32767,32767,32767,32767,32767,32767,32767,2049.0,17900.0
1814.0,1911.0,13923,31286,32767,31445,32767,32767,32767,32767,32767,32767,32767,2241.0,17900.0
1872.0,2003.0,14556,31286,32241,31922,32767,32767,32767,32767,32767,32767,32767,2337.0,17900.0
1524.0,1727.0,14714,31286,32767,32767,32767,32767,32767,32767,32767,32767,32767,2049.0,17900.0
1795.0,1934.0,14714,31286,32767,32767,32767,32767,32767,32767,32767,32767,32767,2177.0,17900.0
1524.0,1658.0,14714,31286,32767,32767,32767,32767,32767,32767,32767,32767,32767,1985.0,17900.0
1563.0,1888.0,15030,31286,32767,32398,32767,32767,32767,32767,32767,32767,32767,2305.0,17900.0
1833.0,1911.0,15189,31286,32767,32767,32767,32767,32767,32767,32767,32767,32767,2593.0,17900.0
1698.0,1842.0,15347,31286,32767,32767,32767,32767,32767,32767,32767,32767,32767,2337.0,17900.0
1698.0,1957.0,15347,31286,32767,32767,32767,32767,32767,32767,32767,32767,32767,2369.0,17900.0
1679.0,2003.0,15347,31286,32767,32767,32767,32767,32767,32767,32767,32767,32767,2369.0,17900.0
1552.0,1739.0,14122,31495,32767,32767,32767,32767,32767,32767,32767,32767,32767,2041.0,17900.0
1870.0,2074.0,13949,31507,32767,32767,32767,32767,32767,32767,32767,32767,32767,2295.0,17900.0
1832.0,1963.0,14255,31507,32767,32311,32767,32767,32767,32767,32767,32767,32767,2357.0,17900.0
1870.0,2164.0,14409,31507,32767,31388,32767,32767,32767,32767,32767,32767,32767,2574.0,17900.0
1851.0,2052.0,14409,31507,32767,31850,32767,32767,32767,32767,32767,32767,32767,2388.0,17900.0
2057.0,2387.0,14409,31507,32767,31850,32767,32767,32767,32767,32767,32767,32767,2512.0,17900.0
2281.0,2320.0,14562,31507,32081,30003,32736,31750,32767,32767,32767,32767,32767,3350.0,17900.0
1870.0,1985.0,14562,31507,32767,32767,32767,32767,32767,32767,32767,32767,32767,2388.0,17900.0
1982.0,2208.0,14715,31507,32767,32767,32767,32767,32767,32767,32767,32767,32767,2543.0,17900.0
1888.0,2164.0,14715,31507,32767,32767,32767,32767,32767,32767,32767,32767,32767,2574.0,17900.0
1757.0,1896.0,14715,31507,32767,31850,32767,32767,32767,32767,32767,32767,32767,2326.0,17900.0
2075.0,2409.0,14868,31507,32767,32767,32767,32767,32767,32767,32767,32767,32767,2822.0,17900.0
1888.0,2230.0,15022,31507,32503,31388,32767,32767,32767,32767,32767,32767,32767,2636.0,17900.0
1776.0,2074.0,15175,31507,32767,31850,32767,32767,32767,32767,32767,32767,32767,2605.0,17900.0
1813.0,2074.0,15482,31507,32767,32767,32767,32767,32767,32767,32767,32767,32767,2512.0,17900.0
2356.0,2364.0,16248,31507,32767,32767,32767,31173,32767,32767,32767,32767,32767,3381.0,17900.0
1612.0,1833.0,13063,31560,32119,31844,32767,32767,32767,32767,32767,32767,32767,2108.0,17900.0
1764.0,1833.0,13529,31560,32767,32767,32767,32767,32767,32767,32767,32767,32767,2360.0,17900.0
1650.0,1765.0,13529,31560,32547,31844,32767,32767,32767,32767,32767,32767,32767,2328.0,17900.0
1764.0,1856.0,14618,31560,32767,32767,32767,32767,32767,32767,32767,32767,32767,2265.0,17900.0
1764.0,1969.0,15240,31560,32767,32767,32767,32767,32767,32767,32767,32767,32767,2360.0,17900.0
1582.0,1704.0,13923,31697,32677,30969,32767,32767,32767,32767,32767,32767,32767,2017.0,17900.0
1756.0,2187.0,14398,31697,32767,32767,32767,32767,32767,32767,32767,32767,32767,2465.0,17900.0
1524.0,1496.0,14872,31697,32767,32398,32767,32767,32767,32767,32767,32767,32767,2017.0,17900.0
1775.0,1957.0,14872,31697,32767,32767,32767,32767,32767,32767,32767,32767,32767,2177.0,17900.0
1872.0,2072.0,14872,31697,32767,32398,32767,32767,32767,32767,32767,32767,32767,2305.0,17900.0
1756.0,1980.0,15347,31697,32767,32767,32767,32767,32767,32767,32767,32767,32767,2241.0,17900.0
1717.0,1934.0,15505,31697,32767,32767,32767,32767,32767,32767,32767,32767,32767,2241.0,17900.0
1756.0,2049.0,15663,31697,32767,32767,32767,32767,32767,32767,32767,32767,32767,2497.0,17900.0
1704.0,1852.0,13812,31899,32767,32246,32767,32767,32767,32767,32767,32767,32767,2104.0,17900.0
1704.0,1852.0,14122,31899,32767,32246,32767,32730,32767,32767,32767,32767,32767,2543.0,17900.0
1533.0,1648.0,14122,31899,32767,32767,32767,32767,32767,32767,32767,32767,32767,1884.0,17900.0
1779.0,1829.0,14122,31899,32767,32767,32767,32145,32767,32767,32767,32767,32767,2135.0,17900.0
1722.0,1965.0,14277,31899,32767,32713,32767,32730,32767,32767,32767,32767,32767,2324.0,17900.0
1779.0,1897.0,14433,31899,32767,32767,32767,32767,32767,32767,32767,32767,32767,2324.0,17900.0
1779.0,1852.0,15209,31899,32767,32767,32767,32767,32767,32767,32767,32767,32767,2449.0,17900.0
2150.0,2364.0,14102,31906,32767,31850,32767,32767,32767,32767,32767,32767,32767,2667.0,17900.0
1944.0,2431.0,14255,31906,32767,32767,32767,32767,32767,32767,32767,32767,32767,2605.0,17900.0
1757.0,2007.0,14562,31906,32767,32767,32767,32767,32767,32767,32767,32767,32767,2357.0,17900.0
1832.0,2007.0,14715,31906,32767,32311,32767,32767,32767,32767,32767,32767,32767,2419.0,17900.0
2019.0,2297.0,14715,31906,32767,32311,32767,32767,32767,32767,32767,32767,32767,2636.0,17900.0
2000.0,2253.0,14868,31906,32767,32767,32767,32767,32767,32767,32767,32767,32767,2698.0,17900.0
1795.0,1963.0,14868,31906,32767,32767,32767,32767,32767,32767,32767,32767,32767,2388.0,17900.0
2075.0,2275.0,15022,31906,32767,32767,32767,32767,32767,32767,32767,32767,32767,2450.0,17900.0
2019.0,2320.0,15328,31906,32767,32767,32767,32767,32767,32767,32767,32767,32767,2636.0,17900.0
1757.0,2007.0,15328,31906,32767,32767,32767,32767,32767,32767,32767,32767,32767,2481.0,17900.0
1926.0,2253.0,15635,31906,32767,32767,32767,32767,32767,32767,32767,32767,32767,2729.0,17900.0
1963.0,2297.0,15788,31906,32767,32767,32767,32767,32767,32767,32767,32767,32767,2791.0,17900.0
2000.0,2320.0,15941,31906,32767,32767,32767,32767,32767,32767,32767,32767,32767,2698.0,17900.0
1926.0,2320.0,16095,31906,32767,32767,32767,32767,32767,32767,32767,32767,32767,2884.0,17900.0
1688.0,1629.0,13063,31965,32767,32767,32767,32767,32767,32767,32767,32767,32767,2045.0,17900.0
2200.0,2421.0,13374,31965,32767,32767,32767,32767,32767,32767,32767,32767,32767,2832.0,17900.0
1707.0,1856.0,13529,31965,32767,32313,32767,32767,32767,32767,32767,32767,32767,2045.0,17900.0
2371.0,2286.0,13996,31965,32767,32767,32767,32767,32767,32767,32767,32767,32767,2926.0,17900.0
1688.0,1901.0,15085,31965,32767,32767,32767,32767,32767,32767,32767,32767,32767,2140.0,17900.0
1563.0,1934.0,14081,32109,32767,32767,32767,32767,32767,32767,32767,32767,32767,2177.0,17900.0
1544.0,1473.0,14239,32109,32767,32767,32767,32767,32767,32767,32767,32767,32767,1793.0,17900.0
1717.0,1842.0,14556,32109,32767,32767,32767,32767,32767,32767,32767,32767,32767,2081.0,17900.0
1717.0,1773.0,14714,32109,32767,32767,32767,32767,32767,32767,32767,32767,32767,2593.0,17900.0
1717.0,2049.0,15189,32109,32767,32767,32767,32767,32767,32767,32767,32767,32767,2337.0,17900.0
2142.0,2302.0,15189,32109,32767,32767,32767,32767,32767,32767,32767,32767,32767,2465.0,17900.0
2006.0,2326.0,14277,32303,32767,32767,32767,32767,32767,32767,32767,32767,32767,2481.0,17900.0
1647.0,1852.0,14277,32303,32767,31311,32767,32767,32767,32767,32767,32767,32767,2135.0,17900.0
1722.0,1829.0,14433,32303,32767,32713,32767,32730,32767,32767,32767,32767,32767,2010.0,17900.0
1836.0,2123.0,14588,32303,32767,31779,32767,32767,32767,32767,32767,32767,32767,2355.0,17900.0
1851.0,1985.0,14562,32305,32767,32767,32767,32767,32767,32767,32767,32767,32767,2388.0,17900.0
1832.0,2030.0,14562,32305,32767,32767,32767,32767,32767,32767,32767,32767,32767,2357.0,17900.0
1870.0,2119.0,15022,32305,32767,32767,32767,32767,32767,32767,32767,32767,32767,2512.0,17900.0
1944.0,2119.0,15175,32305,32767,32767,32767,32767,32767,32767,32767,32767,32767,2605.0,17900.0
1776.0,2030.0,15175,32305,32767,32767,32767,32767,32767,32767,32767,32767,32767,2450.0,17900.0
1907.0,2186.0,15328,32305,32767,31850,32767,32767,32767,32767,32767,32767,32767,2636.0,17900.0
2655.0,2467.0,14307,32370,32767,32767,32767,32767,32767,32767,32767,32767,32767,3304.0,17900.0
1859.0,2037.0,14774,32370,32767,32767,32767,32767,32767,32767,32767,32767,32767,2391.0,17900.0
1745.0,1833.0,14929,32370,32767,32767,32767,32767,32767,32767,32767,32767,32767,1856.0,17900.0
1859.0,2195.0,15551,32370,32767,32767,32767,32767,32767,32767,32767,32767,32767,2737.0,17900.0
1988.0,2141.0,14872,32521,32767,32767,32767,32767,32767,32767,32767,32767,32767,2529.0,17900.0
1814.0,2026.0,15030,32521,32767,32767,32767,32767,32767,32767,32767,32767,32767,2369.0,17900.0
1602.0,1727.0,15189,32521,32767,32767,32767,32767,32767,32767,32767,32767,32767,1985.0,17900.0
1968.0,2233.0,15347,32521,32767,32767,32767,32767,32767,32767,32767,32767,32767,2657.0,17900.0
1582.0,1911.0,15347,32521,32767,32767,32767,32767,32767,32767,32767,32767,32767,2305.0,17900.0
1660.0,1796.0,15663,32521,32767,32767,32767,32767,32767,32767,32767,32767,32767,2401.0,17900.0
1660.0,2026.0,15663,32521,32767,32767,32767,32767,32767,32767,32767,32767,32767,2369.0,17900.0
1737.0,1980.0,15821,32521,32767,32767,32767,32767,32767,32767,32767,32767,32767,2305.0,17900.0
1833.0,2233.0,15980,32521,32767,32767,32767,32767,32767,32767,32767,32767,32767,2625.0,17900.0
2094.0,2230.0,13795,32703,32767,32767,32767,32767,32767,32767,32767,32767,32767,2605.0,17900.0
2075.0,2208.0,14409,32703,32767,32767,32767,32767,32767,32767,32767,32767,32767,2388.0,17900.0
1907.0,2097.0,14868,32703,32767,32767,32767,32767,32767,32767,32767,32767,32767,2326.0,17900.0
1926.0,2141.0,15328,32703,32767,32767,32767,32767,32767,32767,32767,32767,32767,2636.0,17900.0
1832.0,2052.0,15482,32703,32767,32767,32767,32767,32767,32767,32767,32767,32767,2574.0,17900.0
2094.0,2230.0,15635,32703,32767,32311,32767,32767,32767,32767,32767,32767,32767,2667.0,17900.0
1926.0,2208.0,15941,32703,32767,32767,32767,32767,32767,32767,32767,32767,32767,2760.0,17900.0
2225.0,2052.0,17014,32703,32767,32767,32767,31750,32767,32767,32767,32767,32767,4001.0,17900.0
1779.0,2145.0,13812,32707,32767,32767,32767,32767,32767,32767,32767,32767,32767,2606.0,17900.0
1685.0,1897.0,14277,32707,32767,32767,32767,32767,32767,32767,32767,32767,32767,2135.0,17900.0
1571.0,1603.0,14588,32707,32767,32767,32767,32767,32767,32767,32767,32767,32767,2229.0,17900.0
1685.0,1784.0,14743,32707,32767,32767,32767,32767,32767,32767,32767,32767,32767,1978.0,17900.0
1988.0,2026.0,13765,32767,32767,32767,32767,32767,32767,32767,32767,32767,32767,2049.0,17900.0
1612.0,2037.0,13841,32767,32767,32767,32767,32767,32767,32767,32767,32767,32767,2045.0,17900.0
2067.0,2127.0,13996,32767,32767,32767,32767,32767,32767,32767,32767,32767,32767,2454.0,17900.0
1593.0,1471.0,14463,32767,32767,32767,32767,32767,32767,32767,32767,32767,32767,2140.0,17900.0
1609.0,1694.0,14588,32767,32767,32767,32767,32767,32767,32767,32767,32767,32767,1884.0,17900.0
1628.0,1852.0,14588,32767,32767,32767,32767,32767,32767,32767,32767,32767,32767,2041.0,17900.0
1666.0,1852.0,14588,32767,32767,32767,32767,32767,32767,32767,32767,32767,32767,1978.0,17900.0
1821.0,2082.0,14618,32767,32767,32767,32767,32767,32767,32767,32767,32767,32767,2549.0,17900.0
2011.0,2218.0,14618,32767,32767,32767,32767,32767,32767,32767,32767,32767,32767,2391.0,17900.0
1775.0,2003.0,14714,32767,32767,32767,32767,32767,32767,32767,32767,32767,32767,2241.0,17900.0
1698.0,1865.0,14714,32767,32767,32767,32767,32767,32767,32767,32767,32767,32767,2081.0,17900.0
1931.0,2145.0,14743,32767,32767,32767,32767,32767,32767,32767,32767,32767,32767,2261.0,17900.0
1798.0,2032.0,14743,32767,32767,32767,32767,32767,32767,32767,32767,32767,32767,2167.0,17900.0
1707.0,1946.0,14774,32767,32767,32767,32767,32767,32767,32767,32767,32767,32767,2203.0,17900.0
1707.0,1765.0,14929,32767,32767,32767,32767,32767,32767,32767,32767,32767,32767,2328.0,17900.0
2049.0,2376.0,14929,32767,32767,32767,32767,32767,32767,32767,32767,32767,32767,2675.0,17900.0
1650.0,1584.0,14929,32767,32767,32767,32767,32767,32767,32767,32767,32767,32767,2958.0,17900.0
1783.0,1833.0,14929,32767,32767,32767,32767,32767,32767,32767,32767,32767,32767,1982.0,17900.0
1707.0,2037.0,14929,32767,32767,32767,32767,32767,32767,32767,32767,32767,32767,2265.0,17900.0
1891.0,2072.0,15030,32767,32767,32767,32767,32767,32767,32767,32767,32767,32767,2305.0,17900.0
1722.0,1874.0,15053,32767,32767,32767,32767,32767,32767,32767,32767,32767,32767,2072.0,17900.0
1666.0,1874.0,15053,32767,32767,32767,32767,32767,32767,32767,32767,32767,32767,2104.0,17900.0
1912.0,2190.0,15053,32767,32767,32767,32767,32767,32767,32767,32767,32767,32767,2418.0,17900.0
1783.0,1765.0,15085,32767,32767,32767,32767,32767,32767,32767,32767,32767,32767,2171.0,17900.0
1726.0,1991.0,15085,32767,32767,32767,32767,32767,32767,32767,32767,32767,32767,2140.0,17900.0
1669.0,1923.0,15085,32767,32767,32767,32767,32767,32767,32767,32767,32767,32767,2108.0,17900.0
1776.0,1918.0,15175,32767,32767,32767,32767,32767,32767,32767,32767,32767,32767,2419.0,17900.0
1872.0,2118.0,15189,32767,32767,32767,32767,32767,32767,32767,32767,32767,32767,2305.0,17900.0
1756.0,1934.0,15189,32767,32767,32767,32767,32767,32767,32767,32767,32767,32767,2913.0,17900.0
1891.0,2210.0,15189,32767,32767,32767,32767,32767,32767,32767,32767,32767,32767,2369.0,17900.0
1582.0,1635.0,15189,32767,32767,32767,32767,32767,32767,32767,32767,32767,32767,2113.0,17900.0
1544.0,1658.0,15189,32767,32767,32767,32767,32767,32767,32767,32767,32767,32767,2049.0,17900.0
1704.0,1829.0,15209,32767,32767,32767,32767,32767,32767,32767,32767,32767,32767,2010.0,17900.0
1631.0,1878.0,15240,32767,32767,32767,32767,32767,32767,32767,32767,32767,32767,2077.0,17900.0
1821.0,1946.0,15240,32767,32767,32767,32767,32767,32767,32767,32767,32767,32767,2171.0,17900.0
1726.0,2037.0,15240,32767,32767,32767,32767,32767,32767,32767,32767,32767,32767,2077.0,17900.0
1926.0,2164.0,15328,32767,32767,32767,32767,32767,32767,32767,32767,32767,32767,2512.0,17900.0
1870.0,2074.0,15328,32767,32767,32767,32767,32767,32767,32767,32767,32767,32767,2574.0,17900.0
1698.0,1842.0,15347,32767,32767,32767,32767,32767,32767,32767,32767,32767,32767,2177.0,17900.0
1855.0,2010.0,15364,32767,32767,32767,32767,32767,32767,32767,32767,32767,32767,2104.0,17900.0
1741.0,2123.0,15364,32767,32767,32767,32767,32767,32767,32767,32767,32767,32767,2324.0,17900.0
1855.0,2190.0,15364,32767,32767,32767,32767,32767,32767,32767,32767,32767,32767,2261.0,17900.0
1855.0,1987.0,15364,32767,32767,32767,32767,32767,32767,32767,32767,32767,32767,2229.0,17900.0
1878.0,2195.0,15396,32767,32767,32767,32767,32767,32767,32767,32767,32767,32767,2391.0,17900.0
1897.0,2082.0,15396,32767,32767,32767,32767,32767,32767,32767,32767,32767,32767,2297.0,17900.0
1764.0,2104.0,15396,32767,32767,32767,32767,32767,32767,32767,32767,32767,32767,2328.0,17900.0
1813.0,2052.0,15482,32767,32767,32767,32767,32767,32767,32767,32767,32767,32767,2326.0,17900.0
1832.0,2074.0,15482,32767,32767,32767,32767,32767,32767,32767,32767,32767,32767,2450.0,17900.0
1982.0,2230.0,15482,32767,32767,32767,32767,32767,32767,32767,32767,32767,32767,2450.0,17900.0
2094.0,2275.0,15482,32767,32767,32767,32767,32767,32767,32767,32767,32767,32767,2605.0,17900.0
1737.0,1934.0,15505,32767,32767,32767,32767,32767,32767,32767,32767,32767,32767,2113.0,17900.0
1949.0,2233.0,15505,32767,32767,32767,32767,32767,32767,32767,32767,32767,32767,2849.0,17900.0
1833.0,2072.0,15505,32767,32767,32767,32767,32767,32767,32767,32767,32767,32767,2337.0,17900.0
1602.0,1911.0,15505,32767,32767,32767,32767,32767,32767,32767,32767,32767,32767,2337.0,17900.0
1836.0,1942.0,15519,32767,32767,32767,32767,32767,32767,32767,32767,32767,32767,2104.0,17900.0
1760.0,1897.0,15519,32767,32767,32767,32767,32767,32767,32767,32767,32767,32767,2072.0,17900.0
1628.0,1761.0,15519,32767,32767,32767,32767,32767,32767,32767,32767,32767,32767,2010.0,17900.0
1628.0,1852.0,15519,32767,32767,32767,32767,32767,32767,32767,32767,32767,32767,2041.0,17900.0
1931.0,2032.0,15519,32767,32767,32767,32767,32767,32767,32767,32767,32767,32767,2512.0,17900.0
1954.0,2172.0,15551,32767,32767,32767,32767,32767,32767,32767,32767,32767,32767,2297.0,17900.0
2049.0,2195.0,15551,32767,32767,32767,32767,32767,32767,32767,32767,32767,32767,2454.0,17900.0
1897.0,2195.0,15551,32767,32767,32767,32767,32767,32767,32767,32767,32767,32767,2454.0,17900.0
1669.0,1946.0,15551,32767,32767,32767,32767,32767,32767,32767,32767,32767,32767,2203.0,17900.0
1764.0,2014.0,15551,32767,32767,32767,32767,32767,32767,32767,32767,32767,32767,2045.0,17900.0
1926.0,2208.0,15635,32767,32767,32767,32767,32767,32767,32767,32767,32767,32767,2729.0,17900.0
1888.0,2164.0,15635,32767,32767,32767,32767,32767,32767,32767,32767,32767,32767,2667.0,17900.0
1926.0,2230.0,15635,32767,32767,32767,32767,32767,32767,32767,32767,32767,32767,2667.0,17900.0
2057.0,2253.0,15635,32767,32767,32767,32767,32767,32767,32767,32767,32767,32767,2481.0,17900.0
1930.0,2095.0,15663,32767,32767,32767,32767,32767,32767,32767,32767,32767,32767,2657.0,17900.0
1836.0,2100.0,15674,32767,32767,32767,32767,32767,32767,32767,32767,32767,32767,2261.0,17900.0
1878.0,2263.0,15707,32767,32767,32767,32767,32767,32767,32767,32767,32767,32767,2675.0,17900.0
1870.0,2164.0,15788,32767,32767,32767,32767,32767,32767,32767,32767,32767,32767,2605.0,17900.0
1870.0,2074.0,15788,32767,32767,32767,32767,32767,32767,32767,32767,32767,32767,2574.0,17900.0
1795.0,1957.0,15821,32767,32767,31922,32767,32767,32767,32767,32767,32767,32767,2369.0,17900.0
1775.0,2003.0,15821,32767,32767,32767,32767,32767,32767,32767,32767,32767,32767,2401.0,17900.0
1660.0,1980.0,15821,32767,32767,32767,32767,32767,32767,32767,32767,32767,32767,2305.0,17900.0
1698.0,2256.0,15821,32767,32767,32767,32767,32767,32767,32767,32767,32767,32767,2849.0,17900.0
1814.0,1980.0,15821,32767,32767,32767,32767,32767,32767,32767,32767,32767,32767,2177.0,17900.0
1836.0,2010.0,15829,32767,32767,32767,32767,32767,32767,32767,32767,32767,32767,2135.0,17900.0
1685.0,2123.0,15829,32767,32767,32767,32767,32767,32767,32767,32767,32767,32767,2292.0,17900.0
1855.0,2078.0,15829,32767,32767,32767,32767,32767,32767,32767,32767,32767,32767,2324.0,17900.0
1779.0,2213.0,15829,32767,32767,32767,32767,32767,32767,32767,32767,32767,32767,2292.0,17900.0
1764.0,2014.0,15862,32767,32767,32767,32767,32767,32767,32767,32767,32767,32767,2580.0,17900.0
1745.0,1946.0,15862,32767,32767,32767,32767,32767,32767,32767,32767,32767,32767,2171.0,17900.0
1783.0,2037.0,15862,32767,32767,32767,32767,32767,32767,32767,32767,32767,32767,2171.0,17900.0
1935.0,2150.0,15862,32767,32767,32767,32767,32767,32767,32767,32767,32767,32767,2203.0,17900.0
1916.0,2240.0,15862,32767,32767,32767,32767,32767,32767,32767,32767,32767,32767,2423.0,17900.0
1926.0,2253.0,15941,32767,32767,32767,32767,32767,32767,32767,32767,32767,32767,2729.0,17900.0
1870.0,2119.0,15941,32767,32767,32767,32767,32767,32767,32767,32767,32767,32767,2605.0,17900.0
1813.0,2097.0,15941,32767,32767,32767,32767,32767,32767,32767,32767,32767,32767,2450.0,17900.0
1926.0,2208.0,15941,32767,32767,32767,32767,32767,32767,32767,32767,32767,32767,2419.0,17900.0
1833.0,2026.0,15980,32767,32767,32767,32767,32767,32767,32767,32767,32767,32767,2305.0,17900.0
1666.0,1852.0,15985,32767,32767,32767,32767,32767,32767,32767,32767,32767,32767,1947.0,17900.0
1647.0,1874.0,15985,32767,32767,32767,32767,32767,32767,32767,32767,32767,32767,2261.0,17900.0
1916.0,2195.0,16018,32767,32767,32767,32767,32767,32767,32767,32767,32767,32767,2391.0,17900.0
1764.0,2037.0,16018,32767,32767,32767,32767,32767,32767,32767,32767,32767,32767,2171.0,17900.0
1802.0,2104.0,16018,32767,32767,32767,32767,32767,32767,32767,32767,32767,32767,2203.0,17900.0
1897.0,2172.0,16018,32767,32767,32767,32767,32767,32767,32767,32767,32767,32767,2328.0,17900.0
1944.0,2186.0,16095,32767,32767,32767,32767,32767,32767,32767,32767,32767,32767,2574.0,17900.0
1930.0,2187.0,16138,32767,32767,32767,32767,32767,32767,32767,32767,32767,32767,2465.0,17900.0
1775.0,1980.0,16138,32767,32767,32767,32767,32767,32767,32767,32767,32767,32767,2209.0,17900.0
1853.0,2118.0,16138,32767,32767,32767,32767,32767,32767,32767,32767,32767,32767,2497.0,17900.0
1722.0,2010.0,16140,32767,32767,32767,32767,32767,32767,32767,32767,32767,32767,2386.0,17900.0
1950.0,2123.0,16140,32767,32767,32767,32767,32767,32767,32767,32767,32767,32767,2292.0,17900.0
1745.0,2104.0,16173,32767,32767,32767,32767,32767,32767,32767,32767,32767,32767,2360.0,17900.0
1669.0,1833.0,16173,32767,32767,32767,32767,32767,32767,32767,32767,32767,32767,2014.0,17900.0
1802.0,2104.0,16173,32767,32767,32767,32767,32767,32767,32767,32767,32767,32767,2203.0,17900.0
1821.0,2082.0,16173,32767,32767,32767,32767,32767,32767,32767,32767,32767,32767,2391.0,17900.0
1840.0,2104.0,16173,32767,32767,32767,32767,32767,32767,32767,32767,32767,32767,2297.0,17900.0
1745.0,2127.0,16173,32767,32767,32767,32767,32767,32767,32767,32767,32767,32767,2549.0,17900.0
1840.0,2104.0,16173,32767,32767,32767,32767,32767,32767,32767,32767,32767,32767,2203.0,17900.0
1859.0,2082.0,16173,32767,32767,32767,32767,32767,32767,32767,32767,32767,32767,2297.0,17900.0
2075.0,2275.0,16248,32767,32767,32767,32767,32767,32767,32767,32767,32767,32767,2884.0,17900.0
1963.0,2230.0,16248,32767,32767,32767,32767,32767,32767,32767,32767,32767,32767,2760.0,17900.0
1704.0,2010.0,16295,32767,32767,32767,32767,32767,32767,32767,32767,32767,32767,2104.0,17900.0
1609.0,1874.0,16295,32767,32767,32767,32767,32767,32767,32767,32767,32767,32767,2481.0,17900.0
1874.0,2078.0,16295,32767,32767,32767,32767,32767,32767,32767,32767,32767,32767,2167.0,17900.0
1741.0,2010.0,16295,32767,32767,32767,32767,32767,32767,32767,32767,32767,32767,2198.0,17900.0
1779.0,2055.0,16295,32767,32767,32767,32767,32767,32767,32767,32767,32767,32767,2261.0,17900.0
1628.0,1852.0,16295,32767,32767,32767,32767,32767,32767,32767,32767,32767,32767,2135.0,17900.0
2046.0,2233.0,16296,32767,32767,32767,32767,32767,32767,32767,32767,32767,32767,2593.0,17900.0
1891.0,2141.0,16296,32767,32767,32767,32767,32767,32767,32767,32767,32767,32767,2337.0,17900.0
1737.0,2164.0,16296,32767,32767,32767,32767,32767,32767,32767,32767,32767,32767,2433.0,17900.0
1910.0,1980.0,16296,32767,32767,32767,32767,32767,32767,32767,32767,32767,32767,2305.0,17900.0
1795.0,2141.0,16296,32767,32767,32398,32767,32767,32767,32767,32767,32767,32767,2497.0,17900.0
1802.0,2172.0,16329,32767,32767,32767,32767,32767,32767,32767,32767,32767,32767,2391.0,17900.0
1783.0,1946.0,16329,32767,32767,32767,32767,32767,32767,32767,32767,32767,32767,2580.0,17900.0
1669.0,1901.0,16329,32767,32767,32767,32767,32767,32767,32767,32767,32767,32767,2140.0,17900.0
1779.0,2010.0,16450,32767,32767,32767,32767,32767,32767,32767,32767,32767,32767,2072.0,17900.0
1704.0,2078.0,16450,32767,32767,32767,32767,32767,32767,32767,32767,32767,32767,2355.0,17900.0
1685.0,1965.0,16450,32767,32767,32767,32767,32767,32767,32767,32767,32767,32767,2072.0,17900.0
1836.0,2123.0,16450,32767,32767,32767,32767,32767,32767,32767,32767,32767,32767,2324.0,17900.0
1779.0,2236.0,16450,32767,32767,32767,32767,32767,32767,32767,32767,32767,32767,2543.0,17900.0
1775.0,2072.0,16454,32767,32767,32767,32767,32767,32767,32767,32767,32767,32767,2241.0,17900.0
1853.0,1957.0,16454,32767,32767,32767,32767,32767,32767,32767,32767,32767,32767,2529.0,17900.0
1859.0,2127.0,16484,32767,32767,32767,32767,32767,32767,32767,32767,32767,32767,2328.0,17900.0
1726.0,2082.0,16484,32767,32767,32767,32767,32767,32767,32767,32767,32767,32767,2297.0,17900.0
1669.0,1969.0,16484,32767,32767,32767,32767,32767,32767,32767,32767,32767,32767,2297.0,17900.0
1666.0,2032.0,16605,32767,32767,32767,32767,32767,32767,32767,32767,32767,32767,2135.0,17900.0
1872.0,2141.0,16613,32767,32767,32767,32767,32767,32767,32767,32767,32767,32767,2433.0,17900.0
1756.0,1934.0,16613,32767,32767,32767,32767,32767,32767,32767,32767,32767,32767,2433.0,17900.0
1814.0,2164.0,16613,32767,32767,32767,32767,32767,32767,32767,32767,32767,32767,2401.0,17900.0
2007.0,2187.0,16613,32767,32767,32767,32767,32767,32767,32767,32767,32767,32767,2497.0,17900.0
1717.0,2072.0,16613,32767,32767,32767,32767,32767,32767,32767,32767,32767,32767,2273.0,17900.0
1872.0,2072.0,16613,32767,32767,32767,32767,32767,32767,32767,32767,32767,32767,2465.0,17900.0
1726.0,2104.0,16640,32767,32767,32767,32767,32767,32767,32767,32767,32767,32767,2360.0,17900.0
1745.0,2218.0,16640,32767,32767,32767,32767,32767,32767,32767,32767,32767,32767,2486.0,17900.0
1783.0,2082.0,16640,32767,32767,32767,32767,32767,32767,32767,32767,32767,32767,2077.0,17900.0
1698.0,2164.0,16771,32767,32767,32767,32767,32767,32767,32767,32767,32767,32767,2529.0,17900.0
1602.0,1773.0,16771,32767,32767,32767,32767,32767,32767,32767,32767,32767,32767,2209.0,17900.0
1779.0,2123.0,16916,32767,32767,32767,32767,32767,32767,32767,32767,32767,32767,2261.0,17900.0
1893.0,2055.0,16916,32767,32767,32767,32767,32767,32767,32767,32767,32767,32767,2167.0,17900.0
1795.0,2118.0,16929,32767,32767,32767,32767,32767,32767,32767,32767,32767,32767,2401.0,17900.0
1764.0,2014.0,16951,32767,32767,32767,32767,32767,32767,32767,32767,32767,32767,2297.0,17900.0
2131.0,2186.0,17014,32767,32767,32767,32767,32767,32767,32767,32767,32767,32767,3194.0,17900.0
1679.0,1911.0,17087,32767,32767,32767,32767,32767,32767,32767,32767,32767,32767,2433.0,17900.0
1707.0,2127.0,17262,32767,32767,32767,32767,32767,32767,32767,32767,32767,32767,2737.0,17900.0
1814.0,2118.0,17404,32767,32767,32767,32767,32767,32767,32767,32767,32767,32767,2401.0,17900.0
1832.0,2097.0,17474,32767,32767,32767,32767,32767,32767,32767,32767,32767,32767,2636.0,17900.0
1836.0,1897.0,17536,32767,32767,32767,32767,32767,32767,32767,32767,32767,32767,2167.0,17900.0
1717.0,1750.0,17720,32767,32767,32767,32767,32767,32767,32767,32767,32767,32767,2305.0,17900.0
1411.0,745.0,1518,5430,4179,4570,4502,7859,32767,32767,32767,32767,32767,499.0,25000.0
1388.0,745.0,1518,5430,4179,5142,5145,8574,32767,32767,32767,32767,32767,499.0,25000.0
1388.0,690.0,1518,5430,4702,3999,4502,7859,32767,32767,32767,32767,32767,384.0,25000.0
1226.0,635.0,1707,5430,4179,4570,5145,7859,32767,32767,32767,32767,32767,499.0,25000.0
1319.0,718.0,1707,5430,4179,5713,6431,10003,32767,32767,32767,32767,32767,576.0,25000.0
1342.0,690.0,1707,5430,3657,5713,5145,7859,32767,32767,32767,32767,32767,537.0,25000.0
1203.0,607.0,1707,5430,4179,5142,5145,8574,32767,32767,32767,32767,32767,422.0,25000.0
1250.0,663.0,1518,5923,3657,5713,5145,8574,32767,32767,32767,32767,32767,499.0,25000.0
1319.0,745.0,1518,5923,4702,5713,5145,8574,32767,32767,32767,32767,32767,499.0,25000.0
1157.0,607.0,1518,5923,3657,4570,5145,9288,32767,32767,32767,32767,32767,384.0,25000.0
1435.0,773.0,1518,5923,4179,4570,4502,7859,32767,32767,32767,32767,32767,422.0,25000.0
1319.0,663.0,1518,5923,4702,3428,5145,7859,32767,32767,32767,32767,32767,384.0,25000.0
1319.0,690.0,1518,5923,5224,4570,5788,8574,32767,32767,32767,32767,32767,461.0,25000.0
1411.0,690.0,1518,5923,3657,3428,5788,8574,32767,32767,32767,32767,32767,422.0,25000.0
1388.0,745.0,1518,5923,4179,4570,5145,7859,32767,32767,32767,32767,32767,422.0,25000.0
1365.0,718.0,1518,5923,4179,3999,5145,8574,32767,32767,32767,32767,32767,499.0,25000.0
1365.0,690.0,1518,5923,4179,4570,5145,7859,32767,32767,32767,32767,32767,461.0,25000.0
1411.0,718.0,1518,5923,4702,4570,4502,9288,32767,32767,32767,32767,32767,384.0,25000.0
1342.0,718.0,1518,5923,6269,4570,5145,8574,32767,32767,32767,32767,32767,461.0,25000.0
1388.0,745.0,1707,5923,3135,4570,4502,8574,32767,32767,32767,32767,32767,461.0,25000.0
1411.0,773.0,1707,5923,4179,4570,5788,9288,32767,32767,32767,32767,32767,499.0,25000.0
1250.0,745.0,1707,5923,5747,4570,5788,8574,32767,32767,32767,32767,32767,537.0,25000.0
1273.0,663.0,1138,6417,4702,3428,3859,6430,32767,32767,32767,32767,32767,384.0,25000.0
1319.0,663.0,1328,6417,4179,3999,5145,7859,32767,32767,32767,32767,32767,384.0,25000.0
1342.0,718.0,1518,6417,5224,3999,4502,8574,32767,32767,32767,32767,32767,461.0,25000.0
1226.0,663.0,1518,6417,4179,6284,5788,10003,32767,32767,32767,32767,32767,499.0,25000.0
1319.0,718.0,1518,6417,4179,4570,5145,8574,32767,32767,32767,32767,32767,422.0,25000.0
1296.0,718.0,1518,6417,6269,3999,5145,9288,32767,32767,32767,32767,32767,499.0,25000.0
1458.0,745.0,1518,6417,4702,4570,5145,7859,32767,32767,32767,32767,32767,422.0,25000.0
1226.0,801.0,1707,6417,5224,5142,5788,9288,32767,32767,32767,32767,32767,653.0,25000.0
1319.0,745.0,1707,6417,4702,3999,5145,8574,32767,32767,32767,32767,32767,576.0,25000.0
1226.0,745.0,1707,6417,4179,5713,5788,9288,32767,32767,32767,32767,32767,614.0,25000.0
1319.0,745.0,1707,6417,5224,5713,6431,11431,32767,32767,32767,32767,32767,537.0,25000.0
1296.0,773.0,1707,6417,4702,6284,7074,10717,32767,32767,32767,32767,32767,614.0,25000.0
1319.0,773.0,1707,6417,4702,6855,6431,12146,32767,32767,32767,32767,32767,614.0,25000.0
1342.0,745.0,1707,6417,4702,4570,5788,9288,32767,32767,32767,32767,32767,461.0,25000.0
1319.0,745.0,1707,6417,4702,4570,4502,10003,32767,32767,32767,32767,32767,537.0,25000.0
1296.0,690.0,1707,6417,5224,6855,5788,11431,32767,32767,32767,32767,32767,537.0,25000.0
1250.0,718.0,1707,6417,3657,6284,6431,12146,32767,32767,32767,32767,32767,576.0,25000.0
1226.0,663.0,1897,6417,4702,6855,7074,9288,32767,32767,32767,32767,32767,537.0,25000.0
1296.0,801.0,2087,6417,4702,6284,7074,12860,32767,32767,32767,32767,32767,653.0,25000.0
1250.0,828.0,1707,6910,5224,6284,6431,10003,32767,32767,32767,32767,32767,691.0,25000.0
1319.0,828.0,1707,6910,4179,6855,7074,12146,32767,32767,32767,32767,32767,653.0,25000.0
1250.0,773.0,1707,6910,6269,5142,5145,9288,32767,32767,32767,32767,32767,653.0,25000.0
1226.0,773.0,1707,6910,5747,4570,5788,10003,32767,32767,32767,32767,32767,614.0,25000.0
1250.0,801.0,1707,6910,5224,5713,6431,8574,32767,32767,32767,32767,32767,729.0,25000.0
1273.0,690.0,1707,6910,4179,5713,5788,11431,32767,32767,32767,32767,32767,499.0,25000.0
1273.0,828.0,1707,6910,4702,6284,6431,10003,32767,32767,32767,32767,32767,691.0,25000.0
1365.0,856.0,1707,6910,4702,7427,6431,11431,32767,32767,32767,32767,32767,614.0,25000.0
1527.0,773.0,1897,6910,4702,6855,7074,12146,32767,32767,32767,32767,32767,499.0,25000.0
1365.0,883.0,1897,6910,4702,6855,7717,12146,32767,32767,32767,32767,32767,768.0,25000.0
1342.0,745.0,2087,6910,4702,8569,7074,12146,32767,32767,32767,32767,32767,537.0,25000.0
1250.0,745.0,2466,6910,5747,7998,7717,14289,32767,32767,32767,32767,32767,537.0,25000.0
1296.0,690.0,1518,7404,6269,5142,5145,9288,32767,32767,32767,32767,32767,422.0,25000.0
1180.0,745.0,1707,7404,5224,5142,5145,9288,32767,32767,32767,32767,32767,653.0,25000.0
1203.0,801.0,1707,7404,4702,5713,5145,9288,32767,32767,32767,32767,32767,653.0,25000.0
1250.0,773.0,1707,7404,6269,6855,7074,12146,32767,32767,32767,32767,32767,576.0,25000.0
1226.0,801.0,1707,7404,5224,5142,6431,9288,32767,32767,32767,32767,32767,691.0,25000.0
1226.0,773.0,1707,7404,5224,5713,6431,10003,32767,32767,32767,32767,32767,691.0,25000.0
1273.0,801.0,1707,7404,4702,6284,6431,10003,32767,32767,32767,32767,32767,691.0,25000.0
1296.0,828.0,1897,7404,5747,7427,8361,12146,32767,32767,32767,32767,32767,729.0,25000.0
1180.0,745.0,1707,7898,6269,5713,5788,10717,32767,32767,32767,32767,32767,614.0,25000.0
1250.0,773.0,1897,7898,5224,6284,7717,12146,32767,32767,32767,32767,32767,576.0,25000.0
1365.0,856.0,1897,7898,6792,7427,7717,12146,32767,32767,32767,32767,32767,653.0,25000.0
1319.0,883.0,1897,7898,6269,6855,6431,11431,32767,32767,32767,32767,32767,691.0,25000.0
1296.0,773.0,2087,7898,5747,6284,7074,12146,32767,32767,32767,32767,32767,614.0,25000.0
1273.0,773.0,2277,7898,6792,6855,8361,12860,32767,32767,32767,32767,32767,614.0,25000.0
1296.0,635.0,1518,8391,6792,4570,5145,9288,32767,32767,32767,32767,32767,422.0,25000.0
1296.0,801.0,1897,8391,6269,5713,7074,11431,32767,32767,32767,32767,32767,653.0,25000.0
1458.0,939.0,1897,8391,6269,5713,6431,10003,32767,32767,32767,32767,32767,614.0,25000.0
1226.0,773.0,1897,8391,6792,5142,5788,10003,32767,32767,32767,32767,32767,653.0,25000.0
1388.0,911.0,2087,8391,5747,7998,7717,13575,32767,32767,32767,32767,32767,729.0,25000.0
1296.0,883.0,2277,8391,5747,7998,8361,13575,32767,32767,32767,32767,32767,768.0,25000.0
1388.0,939.0,2277,8391,6792,7427,9004,13575,32767,32767,32767,32767,32767,806.0,25000.0
1296.0,635.0,2602,8761,6744,7836,8821,14411,32767,32767,32767,32767,32767,345.0,25000.0
1550.0,1021.0,1707,8885,6792,5142,5788,8574,32767,32767,32767,32767,32767,537.0,25000.0
1342.0,911.0,3035,8885,6792,8569,9004,14289,32767,32767,32767,32767,32767,691.0,25000.0
1435.0,966.0,2277,9378,7314,7427,7717,13575,32767,32767,32767,32767,32767,768.0,25000.0
1157.0,745.0,2466,9378,6269,7998,9647,13575,32767,32767,32767,32767,32767,576.0,25000.0
1388.0,911.0,2846,9378,7836,9141,9004,13575,32767,32767,32767,32767,32767,768.0,25000.0
1157.0,801.0,17296,9872,7836,32767,32767,32767,32767,32767,32767,32767,32767,614.0,25000.0
1388.0,911.0,2466,10859,8881,6855,7717,10717,32767,32767,32767,32767,32767,729.0,25000.0
1411.0,1049.0,3035,11353,9404,10283,9004,15004,32767,32767,32767,32767,32767,844.0,25000.0
1435.0,994.0,3035,11353,9404,9712,9647,15718,32767,32767,32767,32767,32767,883.0,25000.0
1878.0,1345.0,3850,12823,12299,11594,12008,16240,32767,32767,32767,32767,32767,997.0,25000.0
1935.0,1345.0,3850,13624,12723,11594,13052,16240,32767,32767,32767,32767,32767,1028.0,25000.0
2029.0,1434.0,4158,14025,13147,11594,13574,16820,32767,32767,32767,32767,32767,1028.0,25000.0
1972.0,1479.0,4158,14425,13147,12058,13574,17400,32767,32767,32767,32767,32767,1059.0,25000.0
1766.0,1322.0,4466,14826,13147,12986,13052,15660,32767,32767,32767,32767,32767,1028.0,25000.0
2047.0,1501.0,4620,14826,13996,12986,14618,17980,32767,32767,32767,32767,32767,1091.0,25000.0
1954.0,1457.0,4466,15227,13996,12522,14096,18560,32767,32767,32767,32767,32767,1122.0,25000.0
2254.0,1703.0,5544,16028,15268,13913,16707,19140,32767,32767,32767,32767,32767,1215.0,25000.0
1371.0,1098.0,6006,17230,15268,16232,15140,20300,32767,32767,32767,32767,32767,1340.0,25000.0
1342.0,1159.0,7209,17770,17763,18852,17364,20720,32767,32767,32767,32767,32767,1190.0,25000.0
1550.0,1435.0,8537,18757,17763,19995,19937,22148,32767,32767,32767,32767,32767,1881.0,25000.0
1643.0,1491.0,8727,18757,18285,19424,19937,20720,32767,32767,32767,32767,32767,1996.0,25000.0
2179.0,1636.0,6160,19234,17388,16696,18273,22040,32767,32767,32767,32767,32767,1246.0,25000.0
1411.0,1159.0,9296,19251,18285,20566,19293,17862,32767,32767,32767,32767,32767,3109.0,25000.0
1666.0,1574.0,8916,21225,21942,21138,21866,24292,32767,32767,32767,32767,32767,1804.0,25000.0
1759.0,1794.0,11003,21719,23509,22851,23152,24292,32767,32767,32767,32767,32767,2226.0,25000.0
1527.0,1491.0,10055,22212,22987,22851,24438,25006,32767,32767,32767,32767,32767,1651.0,25000.0
1643.0,1546.0,10814,22212,23509,22851,23152,22148,32767,32767,32767,32767,32767,2150.0,25000.0
1805.0,1822.0,11572,22212,24032,22851,24438,24292,32767,32767,32767,32767,32767,2687.0,25000.0
1643.0,1656.0,11193,23199,24032,23423,24438,27150,32767,32767,32767,32767,32767,1996.0,25000.0
1874.0,1767.0,11193,23199,23509,25137,24438,25006,32767,32767,32767,32767,32767,2956.0,25000.0
2013.0,2015.0,12521,23199,24554,25137,27654,23577,32767,32767,32767,32767,32767,2533.0,25000.0
1458.0,1380.0,11572,23693,25599,24565,25082,25721,32767,32767,32767,32767,32767,2034.0,25000.0
1921.0,1794.0,11952,23693,22987,27422,27654,25006,32767,32767,32767,32767,32767,4069.0,25000.0
1597.0,1546.0,11952,23693,25077,23994,25082,27150,32767,32767,32767,32767,32767,2303.0,25000.0
1735.0,1850.0,11952,24187,25599,24565,25725,25721,32767,32767,32767,32767,32767,2226.0,25000.0
1550.0,1601.0,11952,24187,25077,24565,25725,26435,32767,32767,32767,32767,32767,2380.0,25000.0
1828.0,1822.0,13090,24187,26121,27422,28940,27864,32767,32767,32767,32767,32767,2457.0,25000.0
1759.0,1767.0,11572,24680,25077,25137,25725,25721,32767,32767,32767,32767,32767,2303.0,25000.0
1851.0,1905.0,12141,24680,26121,26850,27011,27864,32767,32767,32767,32767,32767,2303.0,25000.0
1874.0,1629.0,10434,25174,27689,31421,32767,30008,32767,32767,32767,32767,32767,1152.0,25000.0
1527.0,1546.0,12331,25174,26121,25708,26368,27864,32767,32767,32767,32767,32767,1881.0,25000.0
1620.0,1629.0,12521,25174,27166,26279,27011,29293,32767,32767,32767,32767,32767,2303.0,25000.0
1666.0,1712.0,12521,25174,27166,26279,26368,29293,32767,32767,32767,32767,32767,2265.0,25000.0
1666.0,1712.0,12141,25667,26644,26850,27011,27864,32767,32767,32767,32767,32767,2265.0,25000.0
1643.0,1767.0,12141,25667,26644,26279,27654,28579,32767,32767,32767,32767,32767,2111.0,25000.0
1759.0,1684.0,12331,25667,26644,27422,27011,28579,32767,32767,32767,32767,32767,2341.0,25000.0
1782.0,1822.0,12521,25667,27689,27993,28297,28579,32767,32767,32767,32767,32767,2457.0,25000.0
1689.0,1712.0,12711,25667,28211,27422,28940,30008,32767,32767,32767,32767,32767,2226.0,25000.0
1712.0,1601.0,12900,25667,27689,26850,28297,29293,32767,32767,32767,32767,32767,2380.0,25000.0
1527.0,1601.0,12900,25667,28734,26850,28940,29293,32767,32767,32767,32767,32767,2073.0,25000.0
1967.0,1988.0,13090,25667,29256,29136,29583,29293,32767,32767,32767,32767,32767,2610.0,25000.0
1759.0,1850.0,12521,26161,27689,26279,26368,27150,32767,32767,32767,32767,32767,2341.0,25000.0
1712.0,1656.0,12521,26161,28211,27993,28297,28579,32767,32767,32767,32767,32767,2341.0,25000.0
1874.0,1850.0,12521,26161,29256,27993,28297,29293,32767,32767,32767,32767,32767,2303.0,25000.0
1597.0,1684.0,12711,26161,27689,26279,28297,28579,32767,32767,32767,32767,32767,2265.0,25000.0
1735.0,1739.0,12900,26161,27689,26850,27654,30008,32767,32767,32767,32767,32767,2418.0,25000.0
2013.0,2098.0,13280,26161,28211,28564,30870,27864,32767,32767,32767,32767,32767,2572.0,25000.0
1990.0,1988.0,13659,26655,28734,29707,30870,30722,32767,32767,32767,32767,32767,2457.0,25000.0
2013.0,1905.0,12331,27148,28211,27993,28297,27864,32767,32767,32767,32767,32767,2572.0,25000.0
1550.0,1656.0,12711,27148,27689,27422,28297,30008,32767,32767,32767,32767,32767,2034.0,25000.0
1597.0,1656.0,13090,27148,28211,27422,27654,28579,32767,32767,32767,32767,32767,2073.0,25000.0
1967.0,1960.0,13090,27148,30301,29136,29583,28579,32767,32767,32767,32767,32767,2418.0,25000.0
1921.0,1822.0,13090,27148,29256,29136,30226,28579,32767,32767,32767,32767,32767,2610.0,25000.0
1828.0,2043.0,13469,27148,29256,29136,30870,30008,32767,32767,32767,32767,32767,2572.0,25000.0
1735.0,1822.0,13659,27148,27689,29707,31513,31437,32767,32767,32767,32767,32767,2380.0,25000.0
2360.0,2540.0,15556,27148,30301,32767,32767,32767,32767,32767,32767,32767,32767,3378.0,25000.0
1990.0,2015.0,12900,27642,28211,28564,29583,30008,32767,32767,32767,32767,32767,2649.0,25000.0
1573.0,1629.0,13090,27642,29256,28564,29583,30722,32767,32767,32767,32767,32767,2188.0,25000.0
1759.0,1712.0,13280,27642,28734,27422,28940,30008,32767,32767,32767,32767,32767,2341.0,25000.0
1944.0,2015.0,13280,27642,28734,28564,29583,30008,32767,32767,32767,32767,32767,2418.0,25000.0
1759.0,1739.0,13280,27642,29256,28564,30226,30722,32767,32767,32767,32767,32767,2265.0,25000.0
1897.0,1932.0,13280,27642,29778,28564,29583,30722,32767,32767,32767,32767,32767,2495.0,25000.0
1805.0,1905.0,13469,27642,28734,571,1286,2143,32767,32767,32767,32767,32767,2265.0,25000.0
1735.0,1932.0,13849,27642,28211,29707,31513,32767,32767,32767,32767,32767,32767,2380.0,25000.0
1666.0,1794.0,14039,27642,30823,29136,30226,30008,32767,32767,32767,32767,32767,2265.0,25000.0
2013.0,2291.0,14418,27642,29778,30849,31513,31437,32767,32767,32767,32767,32767,2610.0,25000.0
1785.0,1860.0,11551,27649,27567,27826,29237,30160,32767,32767,32767,32767,32767,1870.0,25000.0
1782.0,1712.0,13280,28135,29778,28564,30226,30722,32767,32767,32767,32767,32767,2572.0,25000.0
2268.0,2346.0,13659,28135,29778,30849,32156,30008,32767,32767,32767,32767,32767,3186.0,25000.0
1897.0,2098.0,13849,28135,29778,29136,29583,30008,32767,32767,32767,32767,32767,2418.0,25000.0
1990.0,2043.0,14418,28135,29778,31421,32156,32151,32767,32767,32767,32767,32767,2495.0,25000.0
1634.0,1748.0,12321,28450,29263,30609,31847,28420,32767,32767,32767,32767,32767,1838.0,25000.0
1691.0,1681.0,12475,28450,30112,29681,30281,27260,32767,32767,32767,32767,32767,1838.0,25000.0
1643.0,1684.0,13469,28629,29778,29136,31513,31437,32767,32767,32767,32767,32767,2226.0,25000.0
2083.0,2043.0,13659,28629,31346,30849,32767,30722,32767,32767,32767,32767,32767,2764.0,25000.0
1643.0,1712.0,13849,28629,30823,28564,31513,30722,32767,32767,32767,32767,32767,2188.0,25000.0
2013.0,2153.0,14418,28629,32391,32563,32767,32767,32767,32767,32767,32767,32767,2649.0,25000.0
2545.0,2374.0,13469,29123,32391,31421,32767,31437,32767,32767,32767,32767,32767,3301.0,25000.0
1921.0,1877.0,13659,29123,30301,30278,30870,30722,32767,32767,32767,32767,32767,2572.0,25000.0
1805.0,1794.0,13849,29123,30823,30849,31513,30008,32767,32767,32767,32767,32767,2380.0,25000.0
2175.0,2484.0,15177,29123,31868,30849,32767,30722,32767,32767,32767,32767,32767,2610.0,25000.0
1759.0,1794.0,15177,29123,31346,31421,32767,32767,32767,32767,32767,32767,32767,2610.0,25000.0
3216.0,3754.0,21058,29123,32767,2856,5788,714,32767,32767,32767,32767,32767,3608.0,25000.0
1874.0,1850.0,13659,29616,31346,30849,32767,30008,32767,32767,32767,32767,32767,2495.0,25000.0
1689.0,1794.0,14039,29616,31346,30849,32156,32767,32767,32767,32767,32767,32767,2150.0,25000.0
1759.0,1960.0,14228,29616,31868,30278,31513,32151,32767,32767,32767,32767,32767,2303.0,25000.0
2360.0,2512.0,13469,30110,30823,31421,32767,32767,32767,32767,32767,32767,32767,2994.0,25000.0
2013.0,2181.0,14039,30110,32391,31421,32767,32151,32767,32767,32767,32767,32767,2725.0,25000.0
1759.0,1960.0,14228,30110,31868,30278,32767,32151,32767,32767,32767,32767,32767,2265.0,25000.0
2036.0,2208.0,14418,30110,32767,31992,32767,30722,32767,32767,32767,32767,32767,2341.0,25000.0
1805.0,1932.0,14608,30110,30301,31992,32767,32767,32767,32767,32767,32767,32767,2380.0,25000.0
1822.0,1927.0,13245,30454,32656,31073,32767,31320,32767,32767,32767,32767,32767,2057.0,25000.0
2036.0,2126.0,14418,30603,32767,32563,32767,32767,32767,32767,32767,32767,32767,2572.0,25000.0
2083.0,2208.0,14418,30603,32391,31992,32767,32767,32767,32767,32767,32767,32767,2687.0,25000.0
2568.0,2761.0,15936,30603,32767,32767,32767,32767,32767,32767,32767,32767,32767,2840.0,25000.0
1972.0,2151.0,14939,30854,32767,32767,32767,31320,32767,32767,32767,32767,32767,2275.0,25000.0
2059.0,2070.0,14418,31097,32767,32767,32767,32767,32767,32767,32767,32767,32767,2802.0,25000.0
2036.0,2264.0,15177,31097,31868,32767,32767,32767,32767,32767,32767,32767,32767,2533.0,25000.0
2244.0,2291.0,15177,31097,32767,32767,32767,32767,32767,32767,32767,32767,32767,2687.0,25000.0
2360.0,2733.0,15746,31097,32767,31992,32767,32151,32767,32767,32767,32767,32767,2956.0,25000.0
1747.0,1815.0,14015,31255,32656,32767,32369,30740,32767,32767,32767,32767,32767,2088.0,25000.0
1805.0,1988.0,14608,31591,32767,32767,32767,32767,32767,32767,32767,32767,32767,2265.0,25000.0
1990.0,2236.0,14797,31591,32767,32767,32767,32767,32767,32767,32767,32767,32767,2533.0,25000.0
1921.0,2236.0,14987,31591,31868,32767,32767,32767,32767,32767,32767,32767,32767,2649.0,25000.0
1785.0,1905.0,14323,31656,32767,32464,32767,32767,32767,32767,32767,32767,32767,2119.0,25000.0
1672.0,1815.0,14477,31656,32767,32767,32767,32767,32767,32767,32767,32767,32767,2088.0,25000.0
1785.0,1905.0,14169,32457,32767,32767,32767,32767,32767,32767,32767,32767,32767,1932.0,25000.0
1747.0,1838.0,14323,32457,32767,32767,32767,32767,32767,32767,32767,32767,32767,2025.0,25000.0
2453.0,2650.0,14228,32578,32767,32767,32767,32767,32767,32767,32767,32767,32767,2956.0,25000.0
1944.0,2070.0,15177,32578,32767,32767,32767,31437,32767,32767,32767,32767,32767,2188.0,25000.0
1944.0,2264.0,15556,32578,32767,32767,32767,32767,32767,32767,32767,32767,32767,2610.0,25000.0
2106.0,2457.0,15936,32578,32767,32767,32767,31437,32767,32767,32767,32767,32767,2533.0,25000.0
2152.0,2457.0,15936,32578,32767,32767,32767,32767,32767,32767,32767,32767,32767,2802.0,25000.0
1803.0,1838.0,14477,32767,32767,32767,32767,31320,32767,32767,32767,32767,32767,2150.0,25000.0
1803.0,1972.0,14477,32767,32767,32767,32767,32767,32767,32767,32767,32767,32767,2088.0,25000.0
1878.0,2017.0,14785,32767,32767,32767,32767,32480,32767,32767,32767,32767,32767,2181.0,25000.0
2106.0,2236.0,15367,32767,32767,32767,32767,32767,32767,32767,32767,32767,32767,2649.0,25000.0
1728.0,1882.0,15401,32767,32767,32767,32767,32767,32767,32767,32767,32767,32767,2025.0,25000.0
1822.0,1950.0,15555,32767,32767,32767,32767,32767,32767,32767,32767,32767,32767,2555.0,25000.0
2047.0,2174.0,15555,32767,32767,32767,32767,32767,32767,32767,32767,32767,32767,3147.0,25000.0
2661.0,2899.0,15556,32767,32767,32767,32767,32767,32767,32767,32767,32767,32767,3263.0,25000.0
1954.0,2151.0,15709,32767,32767,32767,32767,32767,32767,32767,32767,32767,32767,2212.0,25000.0
1828.0,1932.0,15746,32767,32767,32767,32767,32767,32767,32767,32767,32767,32767,2341.0,25000.0
1944.0,2319.0,15746,32767,32767,32767,32767,32767,32767,32767,32767,32767,32767,2572.0,25000.0
1851.0,2126.0,15936,32767,32767,32767,32767,32767,32767,32767,32767,32767,32767,2649.0,25000.0
2010.0,2219.0,16017,32767,32767,32767,32767,32767,32767,32767,32767,32767,32767,2431.0,25000.0
3005.0,3496.0,16017,32767,32767,32767,32767,32767,32767,32767,32767,32767,32767,4705.0,25000.0
2152.0,2429.0,16125,32767,32767,32767,32767,32767,32767,32767,32767,32767,32767,2802.0,25000.0
2152.0,2402.0,16125,32767,32767,32767,32767,32767,32767,32767,32767,32767,32767,2649.0,25000.0
2555.0,3025.0,16171,32767,32767,32767,32767,32767,32767,32767,32767,32767,32767,2960.0,25000.0
2536.0,2981.0,16479,32767,32767,32767,32767,32767,32767,32767,32767,32767,32767,3365.0,25000.0
1954.0,2039.0,16479,32767,32767,32767,32767,32767,32767,32767,32767,32767,32767,2618.0,25000.0
2661.0,2650.0,16505,32767,32767,32767,32767,32767,32767,32767,32767,32767,32767,3186.0,25000.0
1944.0,2126.0,16505,32767,32767,32767,32767,32767,32767,32767,32767,32767,32767,2533.0,25000.0
2123.0,2443.0,16633,32767,32767,32767,32767,32767,32767,32767,32767,32767,32767,2586.0,25000.0
1921.0,2098.0,16695,32767,32767,32767,32767,32767,32767,32767,32767,32767,32767,2495.0,25000.0
1921.0,2208.0,16695,32767,32767,32767,32767,32767,32767,32767,32767,32767,32767,2610.0,25000.0
2743.0,2891.0,16787,32767,32767,32767,32767,32767,32767,32767,32767,32767,32767,3147.0,25000.0
2029.0,2420.0,16941,32767,32767,32767,32767,32767,32767,32767,32767,32767,32767,2524.0,25000.0
2047.0,2353.0,17249,32767,32767,32767,32767,32767,32767,32767,32767,32767,32767,2431.0,25000.0
2684.0,3175.0,17453,32767,32767,32767,32767,32767,32767,32767,32767,32767,32767,3378.0,25000.0
2198.0,2429.0,17453,32767,32767,32767,32767,32767,32767,32767,32767,32767,32767,2725.0,25000.0
3239.0,3451.0,17643,32767,32767,32767,32767,32767,32767,32767,32767,32767,32767,3647.0,25000.0
2453.0,2871.0,17643,32767,32767,32767,32767,32767,32767,32767,32767,32767,32767,2917.0,25000.0
2268.0,2623.0,17643,32767,32767,32767,32767,32767,32767,32767,32767,32767,32767,2764.0,25000.0
2939.0,3257.0,17833,32767,32767,32767,32767,32767,32767,32767,32767,32767,32767,3493.0,25000.0
2522.0,3092.0,17833,32767,32767,32767,32767,32767,32767,32767,32767,32767,32767,3186.0,25000.0
2800.0,3119.0,18023,32767,32767,32767,32767,32767,32767,32767,32767,32767,32767,3339.0,25000.0
2383.0,2761.0,18212,32767,32767,32767,32767,32767,32767,32767,32767,32767,32767,2956.0,25000.0
2104.0,2443.0,18327,32767,32767,32767,32767,32767,32767,32767,32767,32767,32767,2711.0,25000.0
2777.0,3313.0,18402,32767,32767,32767,32767,32767,32767,32767,32767,32767,32767,3416.0,25000.0
2430.0,2623.0,18592,32767,32767,32767,32767,32767,32767,32767,32767,32767,32767,3109.0,25000.0
2630.0,3182.0,18635,32767,32767,32767,32767,32767,32767,32767,32767,32767,32767,3397.0,25000.0
2638.0,3313.0,18781,32767,32767,32767,32767,32767,32767,32767,32767,32767,32767,3301.0,25000.0
2522.0,2926.0,18781,32767,32767,32767,32767,32767,32767,32767,32767,32767,32767,3109.0,25000.0
2545.0,3064.0,18781,32767,32767,32767,32767,32767,32767,32767,32767,32767,32767,3224.0,25000.0
3054.0,3810.0,18971,32767,32767,32767,32767,32767,32767,32767,32767,32767,32767,3838.0,25000.0
2453.0,2650.0,18971,32767,32767,32767,32767,32767,32767,32767,32767,32767,32767,3531.0,25000.0
5322.0,6211.0,18971,32767,32767,32767,32767,32767,32767,32767,32767,32767,32767,5412.0,25000.0
2667.0,3384.0,19097,32767,32767,32767,32767,32767,32767,32767,32767,32767,32767,3210.0,25000.0
2615.0,3230.0,19161,32767,32767,32767,32767,32767,32767,32767,32767,32767,32767,3378.0,25000.0
2536.0,3025.0,19867,32767,32767,32767,32767,32767,32767,32767,32767,32767,32767,3116.0,25000.0
2348.0,3406.0,20637,32767,32767,32767,32767,32767,32767,32767,32767,32767,32767,3397.0,25000.0
2912.0,3675.0,21869,32767,32767,32767,32767,32767,32767,32767,32767,32767,32767,3615.0,25000.0
4281.0,5576.0,24093,32767,32767,32767,32767,32767,32767,32767,32767,32767,32767,4990.0,25000.0
4471.0,5535.0,24179,32767,32767,32767,32767,32767,32767,32767,32767,32767,32767,5079.0,25000.0
