B01,B02,B04,B05,B06,B07,B08,B09,B10,B11,B12,B13,B14,B3N,quality
2148.0,2368.0,16271,32236,32767,13036,12651,10681,32767,32767,32767,32767,32767,2537.0,17422.0
2571.0,2120.0,3720,9275,8536,8401,9458,11091,32767,32767,32767,32767,32767,1254.0,16537.0
2458.0,1962.0,3875,10485,10244,9802,9983,11674,32767,32767,32767,32767,32767,1035.0,16809.0
2647.0,2188.0,4185,11695,10671,9802,10509,12258,32767,32767,32767,32767,32767,1192.0,16513.0
2212.0,1782.0,4030,10888,9390,10268,9983,12842,32767,32767,32767,32767,32767,1035.0,17520.0
2148.0,2203.0,3862,10451,9360,10235,9951,13382,32767,32767,32767,32767,32767,1250.0,16308.0
2514.0,2097.0,4340,12098,12378,11669,11559,13426,32767,32767,32767,32767,32767,1160.0,16833.0
2280.0,2383.0,4480,12461,11061,11165,10998,13964,32767,32767,32767,32767,32767,1282.0,16168.0
2421.0,1846.0,4180,12428,11510,12586,12145,15179,32767,32767,32767,32767,32767,1148.0,17506.0
2330.0,2759.0,18360,32767,32767,12586,16193,15741,32767,32767,32767,32767,32767,2899.0,16462.0
2339.0,2170.0,5022,14255,13411,14207,13414,16622,32767,32767,32767,32767,32767,1139.0,17133.0
2357.0,2303.0,6088,15839,15507,16040,15478,17768,32767,32767,32767,32767,32767,1232.0,17204.0
2949.0,2216.0,4777,11652,10688,13485,14169,17989,32767,32767,32767,32767,32767,1087.0,16475.0
2403.0,2063.0,6419,18254,16443,16182,16699,18552,32767,32767,32767,32767,32767,1208.0,17618.0
2949.0,2715.0,5822,13593,12743,16632,17711,19676,32767,32767,32767,32767,32767,1238.0,15836.0
2585.0,1933.0,5672,14759,13154,17531,17205,19676,32767,32767,32767,32767,32767,1027.0,17513.0
2913.0,2563.0,5971,13982,14387,16632,17711,21362,32767,32767,32767,32767,32767,1450.0,16464.0
2457.0,3247.0,14412,24596,24326,26601,25217,22178,32767,32767,32767,32767,32767,3637.0,16640.0
2087.0,2490.0,15247,25502,29562,28578,26370,22265,32767,32767,32767,32767,32767,3148.0,16873.0
2212.0,2796.0,15187,26209,29020,28934,27844,23929,32767,32767,32767,32767,32767,3292.0,17249.0
2087.0,2332.0,15869,28335,32561,29515,25843,24023,32767,32767,32767,32767,32767,2707.0,16870.0
2265.0,2148.0,10653,23363,23470,27498,25280,24073,32767,32767,32767,32767,32767,1263.0,17748.0
2363.0,3135.0,16582,28225,32008,29401,27844,24513,32767,32767,32767,32767,32767,3575.0,16510.0
2514.0,3202.0,17047,28225,32434,30334,28895,24513,32767,32767,32767,32767,32767,3418.0,16230.0
2049.0,2264.0,16802,29955,32767,32326,30589,24609,32767,32767,32767,32767,32767,2613.0,16789.0
2188.0,2697.0,15844,27613,31284,28808,28376,24769,32767,32767,32767,32767,32767,2994.0,15306.0
2339.0,2498.0,14695,27367,31095,27482,28840,25049,32767,32767,32767,32767,32767,2817.0,17734.0
2287.0,2841.0,15962,25806,29874,30334,29420,25097,32767,32767,32767,32767,32767,3010.0,16914.0
2363.0,2864.0,16582,28225,31581,30334,28369,25097,32767,32767,32767,32767,32767,3230.0,16837.0
2457.0,3089.0,15962,28225,30300,29401,28369,25097,32767,32767,32767,32767,32767,3449.0,16615.0
2873.0,2774.0,13949,26616,29878,29871,30475,25100,32767,32767,32767,32767,32767,2979.0,17057.0
2125.0,2603.0,15402,27526,30419,29984,29535,25194,32767,32767,32767,32767,32767,2959.0,16551.0
2581.0,2852.0,15713,27931,31276,32767,30062,25194,32767,32767,32767,32767,32767,3337.0,16078.0
2144.0,2332.0,17269,31169,32767,32767,31117,25194,32767,32767,32767,32767,32767,2896.0,16681.0
2015.0,2404.0,15749,26112,28488,28362,29311,25585,32767,32767,32767,32767,32767,2937.0,17683.0
2325.0,2458.0,13793,25403,27313,29401,27844,25680,32767,32767,32767,32767,32767,2509.0,17694.0
2098.0,2345.0,16582,29032,32767,32201,30996,25680,32767,32767,32767,32767,32767,2979.0,17736.0
1947.0,2300.0,16892,29435,32767,31734,29945,25680,32767,32767,32767,32767,32767,2665.0,17659.0
2060.0,2435.0,17357,29435,32767,32668,30996,25680,32767,32767,32767,32767,32767,2759.0,17332.0
2325.0,2774.0,17822,30241,32008,32767,32572,25680,32767,32767,32767,32767,32767,3355.0,16822.0
2193.0,2571.0,17822,30645,32767,32767,32572,25680,32767,32767,32767,32767,32767,2947.0,17049.0
3006.0,2774.0,13019,25406,28170,28004,29424,25684,32767,32767,32767,32767,32767,3575.0,17356.0
4004.0,3849.0,12757,25907,29133,27173,28480,25780,32767,32767,32767,32767,32767,3400.0,14441.0
1992.0,2309.0,16647,28740,32132,30921,30062,25780,32767,32767,32767,32767,32767,2865.0,16872.0
2106.0,2649.0,16958,29550,32767,31389,30062,25780,32767,32767,32767,32767,32767,3022.0,16231.0
2543.0,3328.0,17114,29955,32767,31389,30589,25780,32767,32767,32767,32767,32767,3652.0,15189.0
3332.0,2737.0,7762,20973,25075,19778,23783,25860,32767,32767,32767,32767,32767,2175.0,16869.0
1979.0,2339.0,16221,28528,32262,30756,31059,26020,32767,32767,32767,32767,32767,2765.0,17653.0
2555.0,2622.0,13863,26450,29692,28758,28196,26104,32767,32767,32767,32767,32767,2836.0,17274.0
2048.0,2443.0,16173,29256,32767,32005,31329,26104,32767,32767,32767,32767,32767,2867.0,17394.0
2580.0,2539.0,13433,26514,28913,29757,30358,26167,32767,32767,32767,32767,32767,2687.0,17512.0
2868.0,2949.0,15313,29380,31947,31209,30938,26214,32767,32767,32767,32767,32767,3192.0,16842.0
2174.0,2796.0,17047,27822,31581,31734,29945,26264,32767,32767,32767,32767,32767,3386.0,16980.0
2438.0,2458.0,15187,28225,31581,28001,28895,26264,32767,32767,32767,32767,32767,2853.0,17619.0
2457.0,3135.0,17667,29435,32767,31734,30471,26264,32767,32767,32767,32767,32767,3481.0,16267.0
2212.0,2481.0,16272,30241,32767,32668,30471,26264,32767,32767,32767,32767,32767,2759.0,17409.0
2476.0,2999.0,17822,30645,32767,32767,30996,26264,32767,32767,32767,32767,32767,3355.0,16407.0
2117.0,2481.0,16737,30645,32767,32767,32767,26264,32767,32767,32767,32767,32767,2916.0,17424.0
2779.0,3743.0,19217,32767,32767,32767,32767,26264,32767,32767,32767,32767,32767,4202.0,15190.0
2846.0,3758.0,17891,29145,32767,31858,30589,26366,32767,32767,32767,32767,32767,4187.0,14475.0
2201.0,2400.0,17269,30764,32767,32767,31644,26366,32767,32767,32767,32767,32767,2928.0,16552.0
2182.0,2739.0,16336,30764,32767,32767,32699,26366,32767,32767,32767,32767,32767,2959.0,16135.0
2277.0,2875.0,17736,31169,32767,32767,32767,26366,32767,32767,32767,32767,32767,3400.0,15798.0
2372.0,2898.0,17736,31574,32767,32767,32767,26366,32767,32767,32767,32767,32767,3274.0,15689.0
1954.0,2354.0,18203,32383,32767,32767,32767,26366,32767,32767,32767,32767,32767,2833.0,16479.0
2611.0,2555.0,14633,27653,30964,28758,29241,26684,32767,32767,32767,32767,32767,2930.0,17312.0
2010.0,2331.0,15711,28053,31388,31077,30807,26684,32767,32767,32767,32767,32767,2649.0,17593.0
2486.0,2494.0,13278,26514,28913,27897,28788,26748,32767,32767,32767,32767,32767,2749.0,17678.0
3540.0,3550.0,13742,27317,28913,27432,29311,26748,32767,32767,32767,32767,32767,3405.0,15749.0
1959.0,2359.0,16212,29728,32739,32547,31928,26748,32767,32767,32767,32767,32767,2874.0,17672.0
2166.0,2471.0,17293,30130,32767,32767,32767,26748,32767,32767,32767,32767,32767,2937.0,17231.0
2015.0,2292.0,17447,31736,32767,32767,32767,26748,32767,32767,32767,32767,32767,2812.0,17519.0
2212.0,2526.0,15032,28629,30727,31734,31521,26847,32767,32767,32767,32767,32767,3042.0,17665.0
2230.0,2323.0,15652,28629,32008,31267,30471,26847,32767,32767,32767,32767,32767,2697.0,17780.0
2382.0,2638.0,15962,29435,32434,31267,30996,26847,32767,32767,32767,32767,32767,2916.0,17201.0
2193.0,2684.0,17357,30241,32767,32767,32572,26847,32767,32767,32767,32767,32767,3042.0,16981.0
1909.0,2413.0,17667,31048,32767,32767,32767,26847,32767,32767,32767,32767,32767,2759.0,17356.0
2249.0,2774.0,17667,31048,32767,32767,32767,26847,32767,32767,32767,32767,32767,3136.0,16791.0
2041.0,2413.0,17047,31048,32767,32767,32767,26847,32767,32767,32767,32767,32767,2634.0,17375.0
2571.0,3563.0,18597,31451,32767,32767,31521,26847,32767,32767,32767,32767,32767,3857.0,15533.0
2760.0,3653.0,18752,31854,32767,32767,32767,26847,32767,32767,32767,32767,32767,4045.0,15370.0
2495.0,2481.0,13794,30245,32767,32767,32767,26851,32767,32767,32767,32767,32767,2540.0,17518.0
3511.0,3101.0,10890,23478,26563,26236,28480,26952,32767,32767,32767,32767,32767,3211.0,15874.0
2429.0,3101.0,16802,29145,32767,32326,31117,26952,32767,32767,32767,32767,32767,3494.0,15582.0
1992.0,2468.0,16647,29550,32132,32767,32767,26952,32767,32767,32767,32767,32767,2770.0,16532.0
2087.0,2649.0,17269,29955,32767,32767,32699,26952,32767,32767,32767,32767,32767,3022.0,16180.0
2315.0,2558.0,16336,29955,32767,32767,32767,26952,32767,32767,32767,32767,32767,2928.0,16404.0
1992.0,2332.0,16180,30359,32767,32767,32699,26952,32767,32767,32767,32767,32767,2739.0,16857.0
2011.0,2219.0,17736,31979,32767,32767,32767,26952,32767,32767,32767,32767,32767,2990.0,16880.0
2052.0,2492.0,17273,29310,32767,32113,32077,27151,32767,32767,32767,32767,32767,3191.0,17335.0
2998.0,3040.0,12291,27982,30040,24521,25521,27195,32767,32767,32767,32767,32767,2953.0,16625.0
2211.0,2437.0,15825,28382,31732,30998,30729,27195,32767,32767,32767,32767,32767,2860.0,17417.0
2361.0,2929.0,15671,29581,32767,32386,32767,27195,32767,32767,32767,32767,32767,3326.0,16714.0
1986.0,2325.0,16747,30781,32767,31924,32292,27195,32767,32767,32767,32767,32767,2736.0,17464.0
2048.0,2353.0,16173,30057,32237,32005,32374,27264,32767,32767,32767,32767,32767,2867.0,17562.0
2110.0,2293.0,16376,30147,32767,32767,32767,27345,32767,32767,32767,32767,32767,2563.0,17370.0
2245.0,2431.0,16087,30587,32767,32767,32767,27380,32767,32767,32767,32767,32767,3067.0,17761.0
2056.0,2341.0,17170,30990,32767,32767,32767,27380,32767,32767,32767,32767,32767,2660.0,17595.0
2174.0,2368.0,15962,29838,32767,32201,31521,27431,32767,32767,32767,32767,32767,2634.0,17622.0
2004.0,2210.0,17202,30241,32767,32767,32767,27431,32767,32767,32767,32767,32767,2509.0,17671.0
2438.0,3247.0,17357,30241,32767,32767,32047,27431,32767,32767,32767,32767,32767,3575.0,16180.0
2174.0,2616.0,17512,31048,32767,32767,32767,27431,32767,32767,32767,32767,32767,3136.0,17113.0
2552.0,2909.0,17047,31451,32767,32767,32767,27431,32767,32767,32767,32767,32767,3324.0,16661.0
2287.0,2706.0,18442,31854,32767,32767,32767,27431,32767,32767,32767,32767,32767,3198.0,16771.0
2419.0,2886.0,17977,31854,32767,32767,32767,27431,32767,32767,32767,32767,32767,3136.0,16497.0
2646.0,3450.0,18907,31854,32767,32767,32572,27431,32767,32767,32767,32767,32767,3951.0,15645.0
2079.0,2368.0,18132,32258,32767,32767,32767,27431,32767,32767,32767,32767,32767,2791.0,17313.0
2419.0,2999.0,18597,32767,32767,32767,32767,27431,32767,32767,32767,32767,32767,3261.0,16246.0
2315.0,2513.0,16336,29550,32767,32767,32699,27538,32767,32767,32767,32767,32767,3179.0,16590.0
2068.0,2468.0,17736,30764,32767,32767,32699,27538,32767,32767,32767,32767,32767,2896.0,16362.0
2239.0,2603.0,18669,32767,32767,32767,32767,27538,32767,32767,32767,32767,32767,2990.0,15932.0
2258.0,2558.0,18514,32767,32767,32767,32767,27538,32767,32767,32767,32767,32767,2990.0,16036.0
2695.0,2693.0,14629,28740,30830,32767,32767,27546,32767,32767,32767,32767,32767,3987.0,17482.0
2115.0,2654.0,16442,30335,32519,31959,32767,27584,32767,32767,32767,32767,32767,3508.0,15490.0
2155.0,2325.0,15671,29182,31732,31924,30729,27774,32767,32767,32767,32767,32767,2705.0,17598.0
2155.0,2370.0,16439,29581,32767,32767,32767,27774,32767,32767,32767,32767,32767,3109.0,17553.0
2155.0,2370.0,16439,29981,32767,32767,32292,27774,32767,32767,32767,32767,32767,2922.0,17476.0
2005.0,2392.0,16286,30381,32767,32386,32767,27774,32767,32767,32767,32767,32767,3015.0,17545.0
2061.0,2370.0,16747,30381,32767,32767,32292,27774,32767,32767,32767,32767,32767,2798.0,17388.0
2574.0,2533.0,13555,27252,28843,30149,29763,27844,32767,32767,32767,32767,32767,2649.0,17389.0
2292.0,2443.0,15557,28855,32237,32468,31851,27844,32767,32767,32767,32767,32767,2992.0,17487.0
2912.0,3003.0,15403,29656,32767,30149,29763,27844,32767,32767,32767,32767,32767,3272.0,16453.0
2072.0,2337.0,16366,31335,32767,32767,32767,27911,32767,32767,32767,32767,32767,2624.0,17532.0
2924.0,3354.0,15622,28976,30668,32767,32767,27960,32767,32767,32767,32767,32767,3192.0,16117.0
1943.0,2228.0,17324,30990,32767,32767,32767,27962,32767,32767,32767,32767,32767,2723.0,17842.0
2590.0,2886.0,16582,31048,32767,32767,32767,28015,32767,32767,32767,32767,32767,3167.0,16710.0
2041.0,2458.0,17977,31854,32767,32767,32767,28015,32767,32767,32767,32767,32767,2979.0,17276.0
2287.0,2796.0,18442,32661,32767,32767,32767,28015,32767,32767,32767,32767,32767,3355.0,16677.0
2306.0,2909.0,18907,32661,32767,32767,32767,28015,32767,32767,32767,32767,32767,3418.0,16419.0
2212.0,2661.0,18907,32661,32767,32767,32767,28015,32767,32767,32767,32767,32767,3104.0,16741.0
2382.0,2909.0,18442,32767,32767,32767,32767,28015,32767,32767,32767,32767,32767,3449.0,16497.0
2854.0,3856.0,19372,32767,32767,32767,32767,28015,32767,32767,32767,32767,32767,4421.0,15030.0
2004.0,2255.0,15964,31455,32767,32767,32767,28018,32767,32767,32767,32767,32767,2446.0,17683.0
2098.0,2255.0,16119,31859,32767,32767,32767,28018,32767,32767,32767,32767,32767,2415.0,17609.0
3169.0,3034.0,15402,29145,31704,30921,31644,28124,32767,32767,32767,32767,32767,3431.0,15685.0
2372.0,2852.0,18514,32383,32767,32767,32767,28124,32767,32767,32767,32767,32767,3274.0,15617.0
2201.0,2400.0,18047,32383,32767,32767,32767,28124,32767,32767,32767,32767,32767,2802.0,16342.0
2087.0,2422.0,17114,32767,32767,32767,32767,28124,32767,32767,32767,32767,32767,2865.0,16545.0
2543.0,3124.0,18825,32767,32767,32767,32767,28124,32767,32767,32767,32767,32767,3494.0,15151.0
2315.0,2480.0,14350,28391,32519,28358,29897,28147,32767,32767,32767,32767,32767,2843.0,15843.0
1905.0,2317.0,18024,32436,32767,32767,32767,28283,32767,32767,32767,32767,32767,3009.0,17476.0
2146.0,2429.0,16691,30908,32767,32767,32767,28315,32767,32767,32767,32767,32767,3286.0,17666.0
2185.0,2475.0,17765,31729,32767,32767,32767,28349,32767,32767,32767,32767,32767,3138.0,17110.0
2295.0,2432.0,18217,31729,32767,32767,32767,28349,32767,32767,32767,32767,32767,3138.0,17068.0
2736.0,2862.0,14903,27982,31309,29610,29688,28352,32767,32767,32767,32767,32767,2891.0,16665.0
2286.0,2437.0,15671,28782,32155,31924,31250,28352,32767,32767,32767,32767,32767,2922.0,17451.0
2942.0,3130.0,15825,28782,32767,31924,31771,28352,32767,32767,32767,32767,32767,3171.0,16132.0
1986.0,2392.0,17054,29182,32767,31924,32292,28352,32767,32767,32767,32767,32767,3015.0,17406.0
2099.0,2347.0,16286,29981,32767,32386,32767,28352,32767,32767,32767,32767,32767,2829.0,17520.0
2724.0,2981.0,15095,28855,32237,31541,32767,28424,32767,32767,32767,32767,32767,3304.0,16602.0
1991.0,2286.0,16789,30859,32767,32767,32767,28424,32767,32767,32767,32767,32767,2805.0,17561.0
2335.0,2449.0,15440,28121,31039,32767,32767,28493,32767,32767,32767,32767,32767,2687.0,17442.0
2373.0,2359.0,15440,29326,31889,32547,32451,28493,32767,32767,32767,32767,32767,2687.0,17602.0
2335.0,2831.0,16830,31736,32767,32767,32767,28493,32767,32767,32767,32767,32767,3124.0,16717.0
2655.0,3370.0,18528,32767,32767,32767,32767,28493,32767,32767,32767,32767,32767,4092.0,15765.0
2092.0,2383.0,15603,30147,32767,32767,32767,28509,32767,32767,32767,32767,32767,2751.0,17440.0
2585.0,2521.0,15313,26963,29816,31673,32767,28543,32767,32767,32767,32767,32767,3411.0,17758.0
2079.0,2323.0,16737,32767,32767,32767,32767,28598,32767,32767,32767,32767,32767,2477.0,17505.0
2212.0,2526.0,18132,32767,32767,32767,32767,28598,32767,32767,32767,32767,32767,2728.0,16961.0
2476.0,3044.0,19992,32767,32767,32767,32767,28598,32767,32767,32767,32767,32767,3418.0,15943.0
2419.0,2796.0,19062,32767,32767,32767,32767,28598,32767,32767,32767,32767,32767,3136.0,16437.0
3441.0,3225.0,14259,28632,32439,31272,32767,28602,32767,32767,32767,32767,32767,3826.0,16369.0
1917.0,2083.0,18514,32767,32767,32767,32767,28710,32767,32767,32767,32767,32767,2676.0,16863.0
2277.0,2671.0,18358,32767,32767,32767,32767,28710,32767,32767,32767,32767,32767,3274.0,15977.0
2277.0,2558.0,18825,32767,32767,32767,32767,28710,32767,32767,32767,32767,32767,2959.0,15954.0
2486.0,2785.0,19136,32767,32767,32767,32767,28710,32767,32767,32767,32767,32767,3242.0,15563.0
2112.0,2410.0,17614,32120,32767,32767,32767,28916,32767,32767,32767,32767,32767,2863.0,17164.0
2043.0,2325.0,16900,29981,32767,32767,32767,28931,32767,32767,32767,32767,32767,2860.0,17477.0
2005.0,2258.0,16900,31180,32767,32767,32767,28931,32767,32767,32767,32767,32767,2736.0,17557.0
2005.0,2280.0,17515,31580,32767,32767,32767,28931,32767,32767,32767,32767,32767,2642.0,17346.0
1949.0,2347.0,17361,31980,32767,32767,32767,28931,32767,32767,32767,32767,32767,2922.0,17401.0
2024.0,2325.0,17208,31980,32767,32767,32767,28931,32767,32767,32767,32767,32767,2767.0,17380.0
2104.0,2510.0,17559,32462,32767,32767,32767,29004,32767,32767,32767,32767,32767,3054.0,17078.0
2217.0,2578.0,17251,32767,32767,32767,32767,29004,32767,32767,32767,32767,32767,2898.0,16917.0
2110.0,2473.0,16839,32767,32767,32767,32767,29091,32767,32767,32767,32767,32767,2751.0,17044.0
2113.0,2363.0,15003,29378,32767,32767,32767,29126,32767,32767,32767,32767,32767,2566.0,17879.0
2419.0,3089.0,19372,32258,32767,32767,32767,29182,32767,32767,32767,32767,32767,3481.0,16032.0
2363.0,3022.0,19062,32767,32767,32767,32767,29182,32767,32767,32767,32767,32767,3324.0,16160.0
2382.0,3067.0,19217,32767,32767,32767,32767,29182,32767,32767,32767,32767,32767,3324.0,16054.0
2476.0,2571.0,16272,32767,32767,32767,32767,29182,32767,32767,32767,32767,32767,2759.0,17168.0
2873.0,3969.0,20921,32767,32767,32767,32767,29182,32767,32767,32767,32767,32767,4264.0,14554.0
2514.0,3089.0,18752,32767,32767,32767,32767,29182,32767,32767,32767,32767,32767,3261.0,16047.0
2352.0,2915.0,18535,32767,32767,32767,32767,29273,32767,32767,32767,32767,32767,3357.0,14547.0
3036.0,3305.0,20225,32767,32767,32767,32767,29296,32767,32767,32767,32767,32767,3368.0,14424.0
2565.0,3344.0,18624,32045,32767,32767,32767,29414,32767,32767,32767,32767,32767,3586.0,15675.0
1942.0,2317.0,17423,32436,32767,32767,32767,29414,32767,32767,32767,32767,32767,2887.0,17533.0
2109.0,2538.0,17894,29343,32767,32767,32767,29448,32767,32767,32767,32767,32767,3499.0,17321.0
2219.0,2823.0,18345,32082,32767,32767,32767,29448,32767,32767,32767,32767,32767,3255.0,16636.0
2792.0,2772.0,13367,26783,30463,28685,30729,29510,32767,32767,32767,32767,32767,2736.0,16947.0
2005.0,2236.0,17054,31180,32767,32767,32767,29510,32767,32767,32767,32767,32767,2549.0,17473.0
2155.0,2526.0,17054,31980,32767,32767,32767,29510,32767,32767,32767,32767,32767,2953.0,17088.0
2217.0,2398.0,15249,30859,32767,32767,32767,29584,32767,32767,32767,32767,32767,2867.0,17592.0
2856.0,2936.0,16173,31259,32767,32767,32767,29584,32767,32767,32767,32767,32767,2992.0,16348.0
2649.0,2779.0,16173,31660,32767,32767,32767,29584,32767,32767,32767,32767,32767,3241.0,16774.0
2067.0,2376.0,17713,32061,32767,32767,32767,29584,32767,32767,32767,32767,32767,2992.0,17276.0
2236.0,2690.0,18329,32767,32767,32767,32767,29584,32767,32767,32767,32767,32767,3085.0,16591.0
1903.0,2270.0,18384,32767,32767,32767,32767,29673,32767,32767,32767,32767,32767,2751.0,17173.0
3301.0,3173.0,14075,28976,31946,32767,32767,29708,32767,32767,32767,32767,32767,3317.0,16559.0
2136.0,2345.0,17667,32661,32767,32767,32767,29766,32767,32767,32767,32767,32767,2822.0,17446.0
2268.0,2751.0,18132,32767,32767,32767,32767,29766,32767,32767,32767,32767,32767,3104.0,16724.0
2249.0,2774.0,19217,32767,32767,32767,32767,29766,32767,32767,32767,32767,32767,3073.0,16467.0
2136.0,2503.0,18132,32767,32767,32767,32767,29766,32767,32767,32767,32767,32767,3010.0,17151.0
2514.0,3112.0,21231,32767,32767,32767,32767,29766,32767,32767,32767,32767,32767,3512.0,15607.0
2608.0,3405.0,18907,32767,32767,32767,32767,29766,32767,32767,32767,32767,32767,3700.0,15654.0
2421.0,2867.0,13733,29906,32767,32767,32767,29795,32767,32767,32767,32767,32767,2960.0,17040.0
2749.0,2976.0,15823,30682,32767,32767,32767,29795,32767,32767,32767,32767,32767,3171.0,16542.0
1951.0,2414.0,17489,31502,32767,32767,32767,29836,32767,32767,32767,32767,32767,2903.0,15544.0
2751.0,2875.0,17580,32383,32767,32767,32767,29882,32767,32767,32767,32767,32767,3242.0,15635.0
2125.0,2988.0,19136,32767,32767,32767,32767,29882,32767,32767,32767,32767,32767,3179.0,15313.0
2429.0,2966.0,18669,32767,32767,32767,32767,29882,32767,32767,32767,32767,32767,3368.0,15421.0
3359.0,3328.0,17269,32767,32767,32767,32767,29882,32767,32767,32767,32767,32767,3589.0,14911.0
2220.0,2649.0,18047,32767,32767,32767,32767,29882,32767,32767,32767,32767,32767,3022.0,15994.0
2219.0,2691.0,18495,32767,32767,32767,32767,30014,32767,32767,32767,32767,32767,3225.0,16815.0
2919.0,2921.0,13587,27719,31889,32082,32767,30237,32767,32767,32767,32767,32767,2843.0,16768.0
2053.0,2337.0,17910,32767,32767,32767,32767,30237,32767,32767,32767,32767,32767,2593.0,17223.0
2241.0,2651.0,18682,32767,32767,32767,32767,30237,32767,32767,32767,32767,32767,3062.0,16676.0
2490.0,2904.0,17479,32767,32767,32767,32767,30292,32767,32767,32767,32767,32767,3098.0,16625.0
2155.0,2706.0,18752,32767,32767,32767,32767,30349,32767,32767,32767,32767,32767,3167.0,16736.0
2306.0,3112.0,18752,32767,32767,32767,32767,30349,32767,32767,32767,32767,32767,3355.0,16105.0
2873.0,3044.0,17512,32767,32767,32767,32767,30349,32767,32767,32767,32767,32767,3073.0,16169.0
1871.0,2345.0,18442,32767,32767,32767,32767,30349,32767,32767,32767,32767,32767,2634.0,17273.0
2627.0,3292.0,20611,32767,32767,32767,32767,30349,32767,32767,32767,32767,32767,3575.0,15451.0
2627.0,3292.0,19837,32767,32767,32767,32767,30349,32767,32767,32767,32767,32767,3481.0,15573.0
2136.0,2571.0,18442,32767,32767,32767,32767,30349,32767,32767,32767,32767,32767,3010.0,16971.0
2514.0,3135.0,19992,32767,32767,32767,32767,30349,32767,32767,32767,32767,32767,3418.0,15793.0
2590.0,3315.0,19527,32767,32767,32767,32767,30349,32767,32767,32767,32767,32767,3355.0,15567.0
2608.0,3202.0,19837,32767,32767,32767,32767,30349,32767,32767,32767,32767,32767,3167.0,15602.0
2228.0,2569.0,16893,32767,32767,32767,32767,30377,32767,32767,32767,32767,32767,2741.0,17222.0
2570.0,2610.0,11807,25277,27988,27455,28880,30396,32767,32767,32767,32767,32767,2631.0,16140.0
2516.0,2675.0,13003,26832,30046,30155,31920,30396,32767,32767,32767,32767,32767,2722.0,15945.0
2534.0,2784.0,17339,30335,32767,32409,32767,30399,32767,32767,32767,32767,32767,3387.0,14945.0
1987.0,2371.0,17937,32669,32767,32767,32767,30399,32767,32767,32767,32767,32767,2964.0,15551.0
2220.0,2626.0,19136,32767,32767,32767,32767,30468,32767,32767,32767,32767,32767,3053.0,15831.0
2258.0,2468.0,18669,32767,32767,32767,32767,30468,32767,32767,32767,32767,32767,2990.0,16164.0
2087.0,2649.0,18825,32767,32767,32767,32767,30468,32767,32767,32767,32767,32767,3368.0,16011.0
2410.0,2694.0,18514,32767,32767,32767,32767,30468,32767,32767,32767,32767,32767,3431.0,15925.0
2429.0,2830.0,18514,32767,32767,32767,32767,30468,32767,32767,32767,32767,32767,3242.0,15627.0
2391.0,2898.0,19914,32767,32767,32767,32767,30468,32767,32767,32767,32767,32767,3242.0,15251.0
2410.0,2943.0,19292,32767,32767,32767,32767,30468,32767,32767,32767,32767,32767,3211.0,15285.0
1887.0,2251.0,17273,32436,32767,32767,32767,30545,32767,32767,32767,32767,32767,2705.0,17615.0
2327.0,2841.0,18174,32767,32767,32767,32767,30545,32767,32767,32767,32767,32767,3221.0,16494.0
2698.0,2772.0,16439,31180,32767,32767,32767,30667,32767,32767,32767,32767,32767,2953.0,16610.0
2586.0,3197.0,17822,32380,32767,32767,32767,30667,32767,32767,32767,32767,32767,3668.0,15963.0
2399.0,2705.0,17515,32767,32767,32767,32767,30667,32767,32767,32767,32767,32767,3388.0,16786.0
2174.0,2616.0,18590,32767,32767,32767,32767,30667,32767,32767,32767,32767,32767,3140.0,16706.0
2136.0,2437.0,17208,32767,32767,32767,32767,30667,32767,32767,32767,32767,32767,2829.0,17170.0
3438.0,3272.0,13400,28855,32237,32468,32767,30744,32767,32767,32767,32767,32767,3085.0,16045.0
2856.0,2914.0,16635,32061,32767,32767,32767,30744,32767,32767,32767,32767,32767,3646.0,16543.0
2405.0,2465.0,16327,32061,32767,32767,32767,30744,32767,32767,32767,32767,32767,3117.0,17328.0
2073.0,2473.0,19157,32767,32767,32767,32767,30836,32767,32767,32767,32767,32767,2845.0,16643.0
3005.0,3180.0,17047,32767,32767,32767,32767,30933,32767,32767,32767,32767,32767,3230.0,16058.0
2193.0,2526.0,16584,32767,32767,32767,32767,30937,32767,32767,32767,32767,32767,2822.0,17205.0
2534.0,2523.0,11807,25277,27988,27905,30400,30958,32767,32767,32767,32767,32767,2480.0,16238.0
2534.0,2523.0,12704,26055,29223,29255,31413,30958,32767,32767,32767,32767,32767,2631.0,16221.0
2224.0,2414.0,16143,29558,31695,31959,31923,30962,32767,32767,32767,32767,32767,3024.0,15770.0
2033.0,2426.0,17273,32045,32767,32767,32767,31111,32767,32767,32767,32767,32767,2674.0,17231.0
1942.0,2164.0,17573,32767,32767,32767,32767,31111,32767,32767,32767,32767,32767,2674.0,17693.0
2642.0,2705.0,16439,30781,32767,32767,32767,31245,32767,32767,32767,32767,32767,2953.0,16743.0
2118.0,2683.0,19205,32767,32767,32767,32767,31245,32767,32767,32767,32767,32767,3202.0,16509.0
2198.0,2398.0,16173,32061,32767,32767,32767,31325,32767,32767,32767,32767,32767,3023.0,17502.0
2179.0,2264.0,15865,32767,32767,32767,32767,31325,32767,32767,32767,32767,32767,2524.0,17580.0
2242.0,2675.0,19002,32767,32767,32767,32767,31418,32767,32767,32767,32767,32767,3063.0,16372.0
2205.0,2248.0,18539,32767,32767,32767,32767,31418,32767,32767,32767,32767,32767,3345.0,17336.0
1922.0,2226.0,17457,32767,32767,32767,32767,31418,32767,32767,32767,32767,32767,2469.0,17291.0
2223.0,2585.0,18075,32767,32767,32767,32767,31418,32767,32767,32767,32767,32767,2876.0,16634.0
2242.0,2608.0,18230,32767,32767,32767,32767,31418,32767,32767,32767,32767,32767,2813.0,16530.0
2261.0,2585.0,19002,32767,32767,32767,32767,31418,32767,32767,32767,32767,32767,2938.0,16467.0
3132.0,3173.0,15467,30988,32767,32767,32767,31456,32767,32767,32767,32767,32767,3568.0,16500.0
2962.0,3016.0,17015,32767,32767,32767,32767,31457,32767,32767,32767,32767,32767,3130.0,16400.0
2516.0,2479.0,12704,25666,29634,29255,30907,31521,32767,32767,32767,32767,32767,2570.0,16280.0
2461.0,2501.0,13601,27610,31281,29705,32767,31521,32767,32767,32767,32767,32767,2903.0,16299.0
2571.0,2588.0,14350,28002,29637,28808,30403,31525,32767,32767,32767,32767,32767,3115.0,15683.0
2391.0,2966.0,19914,32767,32767,32767,32767,31640,32767,32767,32767,32767,32767,3463.0,15220.0
2144.0,2626.0,19292,32767,32767,32767,32767,31640,32767,32767,32767,32767,32767,2865.0,15738.0
2052.0,2404.0,17273,32767,32767,32767,32767,31677,32767,32767,32767,32767,32767,2978.0,17408.0
2017.0,2494.0,17894,32767,32767,32767,32767,31713,32767,32767,32767,32767,32767,2799.0,17153.0
2329.0,2888.0,17593,32767,32767,32767,32767,31713,32767,32767,32767,32767,32767,3164.0,16602.0
2219.0,2691.0,18796,32767,32767,32767,32767,31713,32767,32767,32767,32767,32767,2982.0,16658.0
3129.0,3242.0,12906,28382,30040,32386,32292,31824,32767,32767,32767,32767,32767,2984.0,16194.0
3261.0,3421.0,16132,32767,32767,32767,32767,31824,32767,32767,32767,32767,32767,3482.0,15644.0
2193.0,2683.0,18283,32767,32767,32767,32767,31824,32767,32767,32767,32767,32767,3078.0,16621.0
2174.0,2526.0,17976,32767,32767,32767,32767,31824,32767,32767,32767,32767,32767,3015.0,16932.0
2174.0,2504.0,18283,32767,32767,32767,32767,31824,32767,32767,32767,32767,32767,2829.0,16829.0
3767.0,3778.0,17208,32767,32767,32767,32767,31824,32767,32767,32767,32767,32767,3761.0,14886.0
2292.0,2510.0,15865,31259,32767,32767,32767,31905,32767,32767,32767,32767,32767,3148.0,17372.0
3597.0,3572.0,14977,30130,32767,31617,32767,31981,32767,32767,32767,32767,32767,3468.0,15572.0
2016.0,2383.0,18230,32767,32767,32767,32767,32000,32767,32767,32767,32767,32767,2751.0,16965.0
1960.0,2091.0,19002,32767,32767,32767,32767,32000,32767,32767,32767,32767,32767,3032.0,17491.0
1884.0,2293.0,18075,32767,32767,32767,32767,32000,32767,32767,32767,32767,32767,2501.0,17068.0
2337.0,2540.0,19311,32767,32767,32767,32767,32000,32767,32767,32767,32767,32767,3532.0,16679.0
2567.0,2628.0,14330,29517,32063,32767,32767,32044,32767,32767,32767,32767,32767,2960.0,17348.0
2206.0,2458.0,15096,29555,32767,31956,32767,32084,32767,32767,32767,32767,32767,2782.0,16168.0
2188.0,2436.0,14797,29555,32515,32406,32767,32084,32767,32767,32767,32767,32767,2661.0,16203.0
2096.0,2414.0,15394,29943,32767,32406,32767,32084,32767,32767,32767,32767,32767,2722.0,16201.0
2333.0,2632.0,15992,30721,32515,32767,32767,32084,32767,32767,32767,32767,32767,2933.0,15730.0
2935.0,2741.0,12406,24113,25933,31959,31417,32087,32767,32767,32767,32767,32767,3085.0,15534.0
2479.0,3110.0,19731,32767,32767,32767,32767,32087,32767,32767,32767,32767,32767,3750.0,14094.0
2023.0,2259.0,17654,32074,32767,32767,32767,32097,32767,32767,32767,32767,32767,2925.0,17789.0
2042.0,2392.0,16893,32470,32767,32767,32767,32097,32767,32767,32767,32767,32767,2771.0,17613.0
2600.0,2671.0,18358,32767,32767,32767,32767,32225,32767,32767,32767,32767,32767,2770.0,15673.0
2180.0,2251.0,18324,32767,32767,32767,32767,32242,32767,32767,32767,32767,32767,3130.0,17506.0
2491.0,2688.0,17723,32767,32767,32767,32767,32242,32767,32767,32767,32767,32767,3768.0,16964.0
2054.0,2276.0,19097,32767,32767,32767,32767,32279,32767,32767,32767,32767,32767,3468.0,17551.0
2127.0,2560.0,18947,32767,32767,32767,32767,32279,32767,32767,32767,32767,32767,3012.0,16892.0
2366.0,2560.0,19097,32767,32767,32767,32767,32279,32767,32767,32767,32767,32767,3438.0,16951.0
2185.0,2256.0,17614,32767,32767,32767,32767,32318,32767,32767,32767,32767,32767,2924.0,17455.0
2605.0,2750.0,16900,32767,32767,32767,32767,32403,32767,32767,32767,32767,32767,3109.0,16659.0
2367.0,2869.0,18483,32767,32767,32767,32767,32485,32767,32767,32767,32767,32767,3148.0,16250.0
3766.0,3752.0,16675,32767,32767,32767,32767,32563,32767,32767,32767,32767,32767,3686.0,15084.0
2054.0,2383.0,18539,32767,32767,32767,32767,32582,32767,32767,32767,32767,32767,2719.0,16876.0
2073.0,2315.0,18230,32767,32767,32767,32767,32582,32767,32767,32767,32767,32767,2938.0,17159.0
2035.0,2226.0,18693,32767,32767,32767,32767,32582,32767,32767,32767,32767,32767,2751.0,17155.0
2054.0,2383.0,19311,32767,32767,32767,32767,32582,32767,32767,32767,32767,32767,2845.0,16776.0
2185.0,2389.0,16121,29517,32767,32767,32767,32606,32767,32767,32767,32767,32767,2779.0,17523.0
2421.0,2802.0,16271,31848,32767,32767,32767,32606,32767,32767,32767,32767,32767,2839.0,16715.0
2943.0,2994.0,17324,30990,32767,32767,32767,32622,32767,32767,32767,32767,32767,3036.0,16349.0
2279.0,2523.0,14498,27999,32104,31505,32767,32647,32767,32767,32767,32767,32767,2722.0,16090.0
2169.0,2392.0,14498,28777,32104,31505,32767,32647,32767,32767,32767,32767,32767,2510.0,16258.0
2279.0,2436.0,15245,29555,32767,32767,32767,32647,32767,32767,32767,32767,32767,2752.0,16149.0
2060.0,2371.0,15394,29943,32767,32767,32767,32647,32767,32767,32767,32767,32767,2661.0,16264.0
2224.0,2523.0,15245,29943,32767,32767,32767,32647,32767,32767,32767,32767,32767,2933.0,16085.0
2169.0,2392.0,15096,30721,32767,32767,32767,32647,32767,32767,32767,32767,32767,2601.0,16210.0
2242.0,2392.0,14946,31110,32767,32767,32767,32647,32767,32767,32767,32767,32767,2601.0,16215.0
2115.0,2458.0,15992,31499,32767,32767,32767,32647,32767,32767,32767,32767,32767,2782.0,16040.0
2339.0,2657.0,16893,31678,32767,32767,32767,32670,32767,32767,32767,32767,32767,3172.0,17222.0
2450.0,2702.0,14915,32074,32767,32767,32767,32670,32767,32767,32767,32767,32767,2771.0,17272.0
2246.0,2436.0,14762,32470,32767,32767,32767,32670,32767,32767,32767,32767,32767,2463.0,17683.0
2060.0,2281.0,16741,32767,32767,32767,32767,32670,32767,32767,32767,32767,32767,2463.0,17682.0
2395.0,2635.0,18111,32767,32767,32767,32767,32670,32767,32767,32767,32767,32767,3110.0,16991.0
3628.0,3502.0,13303,26835,30049,32767,32767,32767,32767,32767,32767,32767,32767,3327.0,14019.0
2662.0,2610.0,13601,27999,31692,32406,32767,32767,32767,32767,32767,32767,32767,3024.0,16087.0
2662.0,2719.0,13003,28388,31692,32406,32767,32767,32767,32767,32767,32767,32767,2843.0,15880.0
2917.0,2719.0,14049,29166,32767,32767,32767,32767,32767,32767,32767,32767,32767,3508.0,15928.0
3415.0,3173.0,14694,29378,32371,32138,32767,32767,32767,32767,32767,32767,32767,3912.0,16627.0
3805.0,3258.0,11046,29517,32767,32767,32767,32767,32767,32767,32767,32767,32767,2597.0,16026.0
3302.0,3169.0,15402,29550,32767,32767,32767,32767,32767,32767,32767,32767,32767,3620.0,15484.0
2662.0,2588.0,13451,29555,32767,31505,32767,32767,32767,32767,32767,32767,32767,3145.0,16197.0
2808.0,2490.0,14469,29955,32767,32767,32767,32767,32767,32767,32767,32767,32767,2613.0,16549.0
4066.0,4181.0,14903,29981,32767,32767,32767,32767,32767,32767,32767,32767,32767,3637.0,14505.0
2206.0,2371.0,15245,30332,32767,32767,32767,32767,32767,32767,32767,32767,32767,2691.0,16264.0
2279.0,2479.0,15843,30721,32767,32767,32767,32767,32767,32767,32767,32767,32767,2812.0,15993.0
2735.0,2871.0,15994,30724,32767,32767,32767,32767,32767,32767,32767,32767,32767,3085.0,14861.0
2370.0,2719.0,15693,31110,32767,32767,32767,32767,32767,32767,32767,32767,32767,2691.0,15500.0
3336.0,3219.0,14499,31113,31284,32767,32767,32767,32767,32767,32767,32767,32767,3266.0,14400.0
2789.0,2675.0,14200,31113,32767,32767,32767,32767,32767,32767,32767,32767,32767,2752.0,15321.0
4080.0,3871.0,15091,31169,32767,32767,32767,32767,32767,32767,32767,32767,32767,3903.0,14300.0
2941.0,2807.0,14780,31169,32767,32326,32767,32767,32767,32767,32767,32767,32767,3337.0,16199.0
2153.0,2347.0,16589,31282,32767,32767,32767,32767,32767,32767,32767,32767,32767,2741.0,17706.0
2094.0,2389.0,15823,31459,32767,32767,32767,32767,32767,32767,32767,32767,32767,2718.0,17573.0
2133.0,2349.0,15843,31499,32767,32767,32767,32767,32767,32767,32767,32767,32767,2601.0,16174.0
2133.0,2392.0,15992,31499,32767,32767,32767,32767,32767,32767,32767,32767,32767,2722.0,16127.0
2133.0,2327.0,16590,31499,32767,32767,32767,32767,32767,32767,32767,32767,32767,2903.0,16226.0
2078.0,2588.0,15096,31499,32767,32767,32767,32767,32767,32767,32767,32767,32767,2752.0,15947.0
2188.0,2305.0,15394,31499,32767,32767,32767,32767,32767,32767,32767,32767,32767,2540.0,16289.0
3231.0,3250.0,16019,31660,32767,32767,32767,32767,32767,32767,32767,32767,32767,3148.0,15816.0
3438.0,3429.0,16481,31660,32767,32767,32767,32767,32767,32767,32767,32767,32767,3335.0,15476.0
2057.0,2237.0,16420,31848,32767,32767,32767,32767,32767,32767,32767,32767,32767,2507.0,17653.0
2057.0,2302.0,15823,31848,32767,32767,32767,32767,32767,32767,32767,32767,32767,2597.0,17687.0
3945.0,3990.0,16173,32061,32767,32767,32767,32767,32767,32767,32767,32767,32767,3553.0,14624.0
2599.0,2635.0,14915,32074,32767,32767,32767,32767,32767,32767,32767,32767,32767,2802.0,17365.0
3126.0,2921.0,15594,32138,32767,32767,32767,32767,32767,32767,32767,32767,32767,3030.0,16507.0
2258.0,2498.0,15972,32236,32767,32767,32767,32767,32767,32767,32767,32767,32767,2597.0,17234.0
2094.0,2259.0,16420,32236,32767,32767,32767,32767,32767,32767,32767,32767,32767,2416.0,17548.0
2076.0,2324.0,17017,32236,32767,32767,32767,32767,32767,32767,32767,32767,32767,2597.0,17417.0
2115.0,2392.0,16291,32277,32767,32767,32767,32767,32767,32767,32767,32767,32767,2752.0,16093.0
2352.0,2588.0,16142,32277,32767,32767,32767,32767,32767,32767,32767,32767,32767,2933.0,15777.0
2206.0,2675.0,16142,32277,32767,32767,32767,32767,32767,32767,32767,32767,32767,2873.0,15636.0
2789.0,2915.0,17190,32280,32767,32767,32767,32767,32767,32767,32767,32767,32767,3327.0,14660.0
2060.0,2303.0,16893,32470,32767,32767,32767,32767,32767,32767,32767,32767,32767,2648.0,17712.0
2148.0,2454.0,16868,32624,32767,32767,32767,32767,32767,32767,32767,32767,32767,2899.0,17331.0
2096.0,2436.0,15544,32666,32767,32767,32767,32767,32767,32767,32767,32767,32767,2722.0,16135.0
2352.0,2697.0,17038,32666,32767,32767,32767,32767,32767,32767,32767,32767,32767,3054.0,15476.0
2042.0,2371.0,16590,32666,32767,32767,32767,32767,32767,32767,32767,32767,32767,2752.0,16100.0
4061.0,4030.0,16802,32767,32767,32767,32767,32767,32767,32767,32767,32767,32767,3809.0,13820.0
2023.0,2370.0,17197,32767,32767,32767,32767,32767,32767,32767,32767,32767,32767,2587.0,17506.0
4460.0,4471.0,17361,32767,32767,32767,32767,32767,32767,32767,32767,32767,32767,3979.0,13772.0
2349.0,2498.0,17465,32767,32767,32767,32767,32767,32767,32767,32767,32767,32767,2930.0,17095.0
2283.0,2702.0,17502,32767,32767,32767,32767,32767,32767,32767,32767,32767,32767,3110.0,17025.0
2403.0,2454.0,17465,32767,32767,32767,32767,32767,32767,32767,32767,32767,32767,2779.0,17088.0
2494.0,2759.0,17017,32767,32767,32767,32767,32767,32767,32767,32767,32767,32767,2779.0,16609.0
2713.0,3128.0,17315,32767,32767,32767,32767,32767,32767,32767,32767,32767,32767,3141.0,16043.0
2203.0,2563.0,17763,32767,32767,32767,32767,32767,32767,32767,32767,32767,32767,2809.0,16908.0
2643.0,2936.0,19131,32767,32767,32767,32767,32767,32767,32767,32767,32767,32767,2933.0,14547.0
4820.0,5096.0,22471,32767,32767,32767,32767,32767,32767,32767,32767,32767,32767,4484.0,12361.0
2676.0,3128.0,19853,32767,32767,32767,32767,32767,32767,32767,32767,32767,32767,3141.0,15582.0
2822.0,3084.0,18659,32767,32767,32767,32767,32767,32767,32767,32767,32767,32767,3111.0,15826.0
3109.0,3192.0,18075,32767,32767,32767,32767,32767,32767,32767,32767,32767,32767,3345.0,15571.0
2265.0,2702.0,19632,32767,32767,32767,32767,32767,32767,32767,32767,32767,32767,2956.0,16548.0
2473.0,2863.0,19225,32767,32767,32767,32767,32767,32767,32767,32767,32767,32767,3404.0,16278.0
2822.0,3323.0,19853,32767,32767,32767,32767,32767,32767,32767,32767,32767,32767,3292.0,15303.0
2773.0,3018.0,19051,32767,32767,32767,32767,32767,32767,32767,32767,32767,32767,3233.0,15817.0
2143.0,2535.0,20277,32767,32767,32767,32767,32767,32767,32767,32767,32767,32767,2917.0,16513.0
2749.0,3019.0,20599,32767,32767,32767,32767,32767,32767,32767,32767,32767,32767,3262.0,15625.0
2640.0,2889.0,17166,32767,32767,32767,32767,32767,32767,32767,32767,32767,32767,3050.0,16443.0
2658.0,2802.0,17017,32767,32767,32767,32767,32767,32767,32767,32767,32767,32767,3292.0,16704.0
2562.0,2835.0,20546,32767,32767,32767,32767,32767,32767,32767,32767,32767,32767,3326.0,16204.0
2440.0,2780.0,18957,32767,32767,32767,32767,32767,32767,32767,32767,32767,32767,2839.0,16250.0
4791.0,4908.0,19870,32767,32767,32767,32767,32767,32767,32767,32767,32767,32767,4270.0,12805.0
2384.0,3020.0,20300,32767,32767,32767,32767,32767,32767,32767,32767,32767,32767,3590.0,16001.0
2330.0,2712.0,20486,32767,32767,32767,32767,32767,32767,32767,32767,32767,32767,3210.0,16139.0
2657.0,3260.0,20547,32767,32767,32767,32767,32767,32767,32767,32767,32767,32767,3313.0,15116.0
3605.0,4084.0,24182,32767,32767,32767,32767,32767,32767,32767,32767,32767,32767,4138.0,13416.0
2914.0,3344.0,20546,32767,32767,32767,32767,32767,32767,32767,32767,32767,32767,3603.0,15415.0
2329.0,2976.0,20300,32767,32767,32767,32767,32767,32767,32767,32767,32767,32767,3164.0,15937.0
2510.0,3213.0,20877,32767,32767,32767,32767,32767,32767,32767,32767,32767,32767,3586.0,15453.0
2599.0,3211.0,21459,32767,32767,32767,32767,32767,32767,32767,32767,32767,32767,3326.0,15424.0
2033.0,2448.0,19976,32767,32767,32767,32767,32767,32767,32767,32767,32767,32767,2826.0,16718.0
4791.0,5177.0,21718,32767,32767,32767,32767,32767,32767,32767,32767,32767,32767,4519.0,12220.0
2468.0,2990.0,20856,32767,32767,32767,32767,32767,32767,32767,32767,32767,32767,3220.0,15482.0
4791.0,5715.0,22334,32767,32767,32767,32767,32767,32767,32767,32767,32767,32767,5236.0,11620.0
2023.0,2303.0,17958,32767,32767,32767,32767,32767,32767,32767,32767,32767,32767,2617.0,17497.0
4760.0,4829.0,20741,32767,32767,32767,32767,32767,32767,32767,32767,32767,32767,4321.0,12772.0
2491.0,3191.0,20427,32767,32767,32767,32767,32767,32767,32767,32767,32767,32767,3556.0,15572.0
2524.0,2603.0,17425,32767,32767,32767,32767,32767,32767,32767,32767,32767,32767,2865.0,16036.0
2692.0,3233.0,21459,32767,32767,32767,32767,32767,32767,32767,32767,32767,32767,3572.0,15448.0
3969.0,4037.0,19372,32767,32767,32767,32767,32767,32767,32767,32767,32767,32767,3763.0,14309.0
1949.0,2148.0,19024,32767,32767,32767,32767,32767,32767,32767,32767,32767,32767,2587.0,17573.0
4670.0,4673.0,19300,32767,32767,32767,32767,32767,32767,32767,32767,32767,32767,4217.0,13310.0
3411.0,3532.0,18898,32767,32767,32767,32767,32767,32767,32767,32767,32767,32767,3513.0,14982.0
4649.0,5546.0,21674,32767,32767,32767,32767,32767,32767,32767,32767,32767,32767,5504.0,10292.0
2450.0,2812.0,21307,32767,32767,32767,32767,32767,32767,32767,32767,32767,32767,3202.0,16065.0
2513.0,2780.0,17614,32767,32767,32767,32767,32767,32767,32767,32767,32767,32767,2930.0,16528.0
2021.0,2194.0,16868,32767,32767,32767,32767,32767,32767,32767,32767,32767,32767,2567.0,17696.0
2822.0,3278.0,22828,32767,32767,32767,32767,32767,32767,32767,32767,32767,32767,3510.0,15039.0
3457.0,3429.0,16789,32767,32767,32767,32767,32767,32767,32767,32767,32767,32767,3615.0,15515.0
3026.0,3306.0,20028,32767,32767,32767,32767,32767,32767,32767,32767,32767,32767,3447.0,13891.0
3756.0,3632.0,16741,32767,32767,32767,32767,32767,32767,32767,32767,32767,32767,3901.0,13513.0
4671.0,5092.0,20126,32767,32767,32767,32767,32767,32767,32767,32767,32767,32767,4376.0,12699.0
2405.0,2891.0,19562,32767,32767,32767,32767,32767,32767,32767,32767,32767,32767,3054.0,15954.0
2580.0,2790.0,18111,32767,32767,32767,32767,32767,32767,32767,32767,32767,32767,3233.0,16723.0
3081.0,3632.0,19937,32767,32767,32767,32767,32767,32767,32767,32767,32767,32767,3664.0,15089.0
2822.0,2932.0,17763,32767,32767,32767,32767,32767,32767,32767,32767,32767,32767,2960.0,16173.0
2042.0,2480.0,19937,32767,32767,32767,32767,32767,32767,32767,32767,32767,32767,2987.0,16939.0
1856.0,2148.0,18263,32767,32767,32767,32767,32767,32767,32767,32767,32767,32767,2494.0,17709.0
2531.0,2824.0,18211,32767,32767,32767,32767,32767,32767,32767,32767,32767,32767,3141.0,16427.0
2039.0,2194.0,16569,32767,32767,32767,32767,32767,32767,32767,32767,32767,32767,2265.0,17567.0
4028.0,4761.0,24959,32767,32767,32767,32767,32767,32767,32767,32767,32767,32767,4804.0,12644.0
2148.0,2433.0,17465,32767,32767,32767,32767,32767,32767,32767,32767,32767,32767,2748.0,17186.0
3100.0,3450.0,18287,32767,32767,32767,32767,32767,32767,32767,32767,32767,32767,3481.0,15490.0
2440.0,2824.0,17315,32767,32767,32767,32767,32767,32767,32767,32767,32767,32767,2748.0,16445.0
3842.0,3774.0,17138,32767,32767,32767,32767,32767,32767,32767,32767,32767,32767,3718.0,14968.0
2914.0,3255.0,17045,32767,32767,32767,32767,32767,32767,32767,32767,32767,32767,3541.0,16173.0
3132.0,3454.0,17614,32767,32767,32767,32767,32767,32767,32767,32767,32767,32767,3594.0,15528.0
2531.0,2911.0,19405,32767,32767,32767,32767,32767,32767,32767,32767,32767,32767,3171.0,16065.0
2312.0,2693.0,17763,32767,32767,32767,32767,32767,32767,32767,32767,32767,32767,2718.0,16606.0
2242.0,2697.0,16590,32767,32767,32767,32767,32767,32767,32767,32767,32767,32767,2812.0,15481.0
3423.0,3975.0,21047,32767,32767,32767,32767,32767,32767,32767,32767,32767,32767,3655.0,14109.0
2376.0,2458.0,14001,32767,32767,32767,32767,32767,32767,32767,32767,32767,32767,2463.0,17722.0
2239.0,2324.0,16868,32767,32767,32767,32767,32767,32767,32767,32767,32767,32767,2718.0,17461.0
2339.0,2680.0,18415,32767,32767,32767,32767,32767,32767,32767,32767,32767,32767,3202.0,16908.0
2724.0,2802.0,18329,32767,32767,32767,32767,32767,32767,32767,32767,32767,32767,2961.0,16211.0
2190.0,2336.0,17079,32767,32767,32767,32767,32767,32767,32767,32767,32767,32767,3219.0,17726.0
2585.0,3128.0,21794,32767,32767,32767,32767,32767,32767,32767,32767,32767,32767,3473.0,15333.0
4791.0,5133.0,20640,32767,32767,32767,32767,32767,32767,32767,32767,32767,32767,4457.0,12448.0
2094.0,2216.0,16868,32767,32767,32767,32767,32767,32767,32767,32767,32767,32767,2688.0,17696.0
2361.0,2392.0,17515,32767,32767,32767,32767,32767,32767,32767,32767,32767,32767,3140.0,17260.0
2403.0,2563.0,17166,32767,32767,32767,32767,32767,32767,32767,32767,32767,32767,2960.0,17033.0
2395.0,2879.0,20850,32767,32767,32767,32767,32767,32767,32767,32767,32767,32767,3202.0,16072.0
2238.0,2319.0,18195,32767,32767,32767,32767,32767,32767,32767,32767,32767,32767,2556.0,17224.0
2146.0,2582.0,18495,32767,32767,32767,32767,32767,32767,32767,32767,32767,32767,3103.0,16977.0
2060.0,2479.0,16142,32767,32767,32767,32767,32767,32767,32767,32767,32767,32767,2570.0,15880.0
4685.0,4784.0,20895,32767,32767,32767,32767,32767,32767,32767,32767,32767,32767,4197.0,12793.0
3279.0,3465.0,19051,32767,32767,32767,32767,32767,32767,32767,32767,32767,32767,3637.0,15129.0
2622.0,2911.0,21346,32767,32767,32767,32767,32767,32767,32767,32767,32767,32767,3262.0,15675.0
2180.0,2623.0,21028,32767,32767,32767,32767,32767,32767,32767,32767,32767,32767,3100.0,16271.0
2494.0,2801.0,20601,32767,32767,32767,32767,32767,32767,32767,32767,32767,32767,3042.0,16057.0
2096.0,2479.0,17038,32767,32767,32767,32767,32767,32767,32767,32767,32767,32767,2631.0,15737.0
2330.0,2585.0,18659,32767,32767,32767,32767,32767,32767,32767,32767,32767,32767,2960.0,16727.0
2531.0,2715.0,16569,32767,32767,32767,32767,32767,32767,32767,32767,32767,32767,2899.0,16810.0
2822.0,3150.0,19405,32767,32767,32767,32767,32767,32767,32767,32767,32767,32767,3473.0,15715.0
2169.0,2436.0,16889,32767,32767,32767,32767,32767,32767,32767,32767,32767,32767,2752.0,15886.0
2476.0,2650.0,17465,32767,32767,32767,32767,32767,32767,32767,32767,32767,32767,2809.0,16734.0
2429.0,2651.0,16212,32767,32767,32767,32767,32767,32767,32767,32767,32767,32767,3030.0,17071.0
2312.0,2607.0,18062,32767,32767,32767,32767,32767,32767,32767,32767,32767,32767,2597.0,16636.0
1968.0,2237.0,17197,32767,32767,32767,32767,32767,32767,32767,32767,32767,32767,2587.0,17774.0
2088.0,2317.0,18775,32767,32767,32767,32767,32767,32767,32767,32767,32767,32767,2826.0,17190.0
2552.0,2806.0,19131,32767,32767,32767,32767,32767,32767,32767,32767,32767,32767,3145.0,14874.0
2052.0,2273.0,18024,32767,32767,32767,32767,32767,32767,32767,32767,32767,32767,2370.0,17190.0
2238.0,2582.0,19548,32767,32767,32767,32767,32767,32767,32767,32767,32767,32767,2860.0,16632.0
2749.0,3019.0,17465,32767,32767,32767,32767,32767,32767,32767,32767,32767,32767,3141.0,16181.0
3350.0,3801.0,20450,32767,32767,32767,32767,32767,32767,32767,32767,32767,32767,3745.0,14504.0
2190.0,2436.0,18415,32767,32767,32767,32767,32767,32767,32767,32767,32767,32767,3664.0,17523.0
2076.0,2237.0,17465,32767,32767,32767,32767,32767,32767,32767,32767,32767,32767,2386.0,17374.0
4791.0,4931.0,23258,32767,32767,32767,32767,32767,32767,32767,32767,32767,32767,4612.0,12235.0
2130.0,2346.0,17166,32767,32767,32767,32767,32767,32767,32767,32767,32767,32767,2748.0,17409.0
2413.0,2812.0,18263,32767,32767,32767,32767,32767,32767,32767,32767,32767,32767,2925.0,16579.0
3081.0,3610.0,21074,32767,32767,32767,32767,32767,32767,32767,32767,32767,32767,3780.0,13335.0
2661.0,3063.0,19512,32767,32767,32767,32767,32767,32767,32767,32767,32767,32767,3109.0,15641.0
4115.0,4670.0,24033,32767,32767,32767,32767,32767,32767,32767,32767,32767,32767,4530.0,12666.0
2352.0,2719.0,17337,32767,32767,32767,32767,32767,32767,32767,32767,32767,32767,3085.0,15396.0
2822.0,2976.0,17913,32767,32767,32767,32767,32767,32767,32767,32767,32767,32767,3624.0,16317.0
2054.0,2428.0,18384,32767,32767,32767,32767,32767,32767,32767,32767,32767,32767,2751.0,16841.0
3969.0,4127.0,18907,32767,32767,32767,32767,32767,32767,32767,32767,32767,32767,3982.0,14326.0
2116.0,2436.0,17806,32767,32767,32767,32767,32767,32767,32767,32767,32767,32767,3172.0,17506.0
2079.0,2392.0,18872,32767,32767,32767,32767,32767,32767,32767,32767,32767,32767,2987.0,17307.0
2506.0,3056.0,18415,32767,32767,32767,32767,32767,32767,32767,32767,32767,32767,3295.0,16277.0
2167.0,2454.0,17315,32767,32767,32767,32767,32767,32767,32767,32767,32767,32767,2839.0,17213.0
2258.0,2476.0,17166,32767,32767,32767,32767,32767,32767,32767,32767,32767,32767,2628.0,17071.0
4725.0,4731.0,20381,32767,32767,32767,32767,32767,32767,32767,32767,32767,32767,4344.0,12268.0
4791.0,4864.0,18329,32767,32767,32767,32767,32767,32767,32767,32767,32767,32767,4394.0,13129.0
2385.0,2715.0,18659,32767,32767,32767,32767,32767,32767,32767,32767,32767,32767,2899.0,16461.0
2228.0,2613.0,19480,32767,32767,32767,32767,32767,32767,32767,32767,32767,32767,2987.0,16752.0
2786.0,3258.0,19256,32767,32767,32767,32767,32767,32767,32767,32767,32767,32767,3050.0,15431.0
2458.0,2737.0,18062,32767,32767,32767,32767,32767,32767,32767,32767,32767,32767,2960.0,16546.0
4497.0,4573.0,18358,32767,32767,32767,32767,32767,32767,32767,32767,32767,32767,4155.0,12822.0
2167.0,2368.0,17315,32767,32767,32767,32767,32767,32767,32767,32767,32767,32767,2809.0,17359.0
2172.0,2325.0,16893,32767,32767,32767,32767,32767,32767,32767,32767,32767,32767,2741.0,17685.0
3168.0,3627.0,18957,32767,32767,32767,32767,32767,32767,32767,32767,32767,32767,3806.0,15091.0
2258.0,2368.0,16420,32767,32767,32767,32767,32767,32767,32767,32767,32767,32767,2477.0,17329.0
2167.0,2324.0,17166,32767,32767,32767,32767,32767,32767,32767,32767,32767,32767,2477.0,17295.0
4791.0,5715.0,20640,32767,32767,32767,32767,32767,32767,32767,32767,32767,32767,4799.0,11847.0
2403.0,2998.0,21804,32767,32767,32767,32767,32767,32767,32767,32767,32767,32767,3408.0,15658.0
2743.0,3317.0,17713,32767,32767,32767,32767,32767,32767,32767,32767,32767,32767,3241.0,15609.0
2060.0,2371.0,19133,32767,32767,32767,32767,32767,32767,32767,32767,32767,32767,2843.0,15232.0
4779.0,5142.0,19359,32767,32767,32767,32767,32767,32767,32767,32767,32767,32767,4445.0,12648.0
4162.0,4224.0,20226,32767,32767,32767,32767,32767,32767,32767,32767,32767,32767,3936.0,13801.0
4348.0,4127.0,16739,32767,32767,32767,32767,32767,32767,32767,32767,32767,32767,4516.0,14574.0
2060.0,2259.0,18263,32767,32767,32767,32767,32767,32767,32767,32767,32767,32767,2864.0,17628.0
2622.0,3063.0,18360,32767,32767,32767,32767,32767,32767,32767,32767,32767,32767,2960.0,15910.0
3360.0,4318.0,20850,32767,32767,32767,32767,32767,32767,32767,32767,32767,32767,3942.0,13997.0
2260.0,2610.0,16740,32767,32767,32767,32767,32767,32767,32767,32767,32767,32767,2933.0,15657.0
2705.0,2936.0,18021,32767,32767,32767,32767,32767,32767,32767,32767,32767,32767,3397.0,16222.0
3341.0,4274.0,19480,32767,32767,32767,32767,32767,32767,32767,32767,32767,32767,3911.0,14295.0
2822.0,4084.0,24182,32767,32767,32767,32767,32767,32767,32767,32767,32767,32767,3896.0,13580.0
2162.0,2666.0,19826,32767,32767,32767,32767,32767,32767,32767,32767,32767,32767,2978.0,16406.0
2172.0,2547.0,18415,32767,32767,32767,32767,32767,32767,32767,32767,32767,32767,2956.0,17085.0
2574.0,3227.0,21102,32767,32767,32767,32767,32767,32767,32767,32767,32767,32767,3459.0,15227.0
4246.0,4191.0,16943,32767,32767,32767,32767,32767,32767,32767,32767,32767,32767,3771.0,14213.0
3332.0,4040.0,21943,32767,32767,32767,32767,32767,32767,32767,32767,32767,32767,4470.0,14074.0
3368.0,4062.0,20599,32767,32767,32767,32767,32767,32767,32767,32767,32767,32767,4198.0,14235.0
2246.0,2325.0,17045,32767,32767,32767,32767,32767,32767,32767,32767,32767,32767,2710.0,17619.0
2567.0,2976.0,19256,32767,32767,32767,32767,32767,32767,32767,32767,32767,32767,3050.0,15931.0
2413.0,2857.0,20089,32767,32767,32767,32767,32767,32767,32767,32767,32767,32767,3356.0,16316.0
2054.0,2516.0,19849,32767,32767,32767,32767,32767,32767,32767,32767,32767,32767,3042.0,16815.0
2076.0,2237.0,16718,32767,32767,32767,32767,32767,32767,32767,32767,32767,32767,2688.0,17688.0
2543.0,3034.0,21459,32767,32767,32767,32767,32767,32767,32767,32767,32767,32767,3233.0,15673.0
3305.0,3505.0,19572,32767,32767,32767,32767,32767,32767,32767,32767,32767,32767,3808.0,15016.0
2302.0,2812.0,19937,32767,32767,32767,32767,32767,32767,32767,32767,32767,32767,3110.0,16358.0
2253.0,2819.0,19375,32767,32767,32767,32767,32767,32767,32767,32767,32767,32767,3130.0,16282.0
4811.0,5650.0,22429,32767,32767,32767,32767,32767,32767,32767,32767,32767,32767,4820.0,11911.0
2877.0,3189.0,17958,32767,32767,32767,32767,32767,32767,32767,32767,32767,32767,3541.0,16129.0
2312.0,2650.0,17465,32767,32767,32767,32767,32767,32767,32767,32767,32767,32767,2718.0,16737.0
3750.0,4584.0,23894,32767,32767,32767,32767,32767,32767,32767,32767,32767,32767,4280.0,13051.0
2440.0,2628.0,18360,32767,32767,32767,32767,32767,32767,32767,32767,32767,32767,2748.0,16581.0
3560.0,3644.0,16747,32767,32767,32767,32767,32767,32767,32767,32767,32767,32767,3388.0,15095.0
2676.0,3193.0,20599,32767,32767,32767,32767,32767,32767,32767,32767,32767,32767,3171.0,15347.0
2042.0,2347.0,17654,32767,32767,32767,32767,32767,32767,32767,32767,32767,32767,2864.0,17591.0
3464.0,4067.0,20775,32767,32767,32767,32767,32767,32767,32767,32767,32767,32767,3962.0,12712.0
2549.0,2954.0,20152,32767,32767,32767,32767,32767,32767,32767,32767,32767,32767,3020.0,15780.0
3044.0,3741.0,17487,32767,32767,32767,32767,32767,32767,32767,32767,32767,32767,3478.0,13715.0
4682.0,4885.0,19120,32767,32767,32767,32767,32767,32767,32767,32767,32767,32767,4843.0,13091.0
2931.0,3388.0,21644,32767,32767,32767,32767,32767,32767,32767,32767,32767,32767,3655.0,14940.0
2316.0,2561.0,16212,32767,32767,32767,32767,32767,32767,32767,32767,32767,32767,3187.0,17327.0
2320.0,2746.0,20241,32767,32767,32767,32767,32767,32767,32767,32767,32767,32767,2956.0,16334.0
3081.0,3340.0,19870,32767,32767,32767,32767,32767,32767,32767,32767,32767,32767,3428.0,15150.0
2913.0,3714.0,21346,32767,32767,32767,32767,32767,32767,32767,32767,32767,32767,3685.0,14557.0
3342.0,3286.0,18969,32767,32767,32767,32767,32767,32767,32767,32767,32767,32767,3838.0,15450.0
2188.0,2414.0,16590,32767,32767,32767,32767,32767,32767,32767,32767,32767,32767,2540.0,15866.0
4763.0,4758.0,19527,32767,32767,32767,32767,32767,32767,32767,32767,32767,32767,4076.0,13209.0
3026.0,3110.0,17188,32767,32767,32767,32767,32767,32767,32767,32767,32767,32767,3629.0,14774.0
2589.0,3067.0,18981,32767,32767,32767,32767,32767,32767,32767,32767,32767,32767,3357.0,14552.0
2135.0,2502.0,18263,32767,32767,32767,32767,32767,32767,32767,32767,32767,32767,2833.0,17148.0
4647.0,4628.0,19359,32767,32767,32767,32767,32767,32767,32767,32767,32767,32767,4197.0,13259.0
1832.0,2011.0,18474,32767,32767,32767,32767,32767,32767,32767,32767,32767,32767,2401.0,17687.0
3597.0,3662.0,18065,32767,32767,32767,32767,32767,32767,32767,32767,32767,32767,3718.0,15049.0
2370.0,2827.0,18234,32767,32767,32767,32767,32767,32767,32767,32767,32767,32767,3054.0,15027.0
3588.0,3765.0,19716,32767,32767,32767,32767,32767,32767,32767,32767,32767,32767,3584.0,14474.0
2403.0,3216.0,20300,32767,32767,32767,32767,32767,32767,32767,32767,32767,32767,3499.0,15666.0
4821.0,5075.0,18289,32767,32767,32767,32767,32767,32767,32767,32767,32767,32767,5206.0,13100.0
4811.0,5447.0,21965,32767,32767,32767,32767,32767,32767,32767,32767,32767,32767,4507.0,12163.0
2771.0,3219.0,18683,32767,32767,32767,32767,32767,32767,32767,32767,32767,32767,3659.0,14418.0
3648.0,3743.0,18907,32767,32767,32767,32767,32767,32767,32767,32767,32767,32767,3575.0,14830.0
2258.0,2607.0,17913,32767,32767,32767,32767,32767,32767,32767,32767,32767,32767,2718.0,16743.0
2366.0,2888.0,17292,32767,32767,32767,32767,32767,32767,32767,32767,32767,32767,3560.0,16783.0
2209.0,2569.0,18719,32767,32767,32767,32767,32767,32767,32767,32767,32767,32767,2956.0,16975.0
2005.0,2347.0,17502,32767,32767,32767,32767,32767,32767,32767,32767,32767,32767,2864.0,17631.0
2148.0,2259.0,17315,32767,32767,32767,32767,32767,32767,32767,32767,32767,32767,2718.0,17524.0
4802.0,5729.0,19609,32767,32767,32767,32767,32767,32767,32767,32767,32767,32767,4936.0,12111.0
3113.0,3367.0,19405,32767,32767,32767,32767,32767,32767,32767,32767,32767,32767,3775.0,15396.0
2659.0,3413.0,20450,32767,32767,32767,32767,32767,32767,32767,32767,32767,32767,3834.0,15372.0
4442.0,5235.0,24033,32767,32767,32767,32767,32767,32767,32767,32767,32767,32767,4772.0,11967.0
2367.0,2563.0,17465,32767,32767,32767,32767,32767,32767,32767,32767,32767,32767,2779.0,16904.0
2337.0,2877.0,20547,32767,32767,32767,32767,32767,32767,32767,32767,32767,32767,3032.0,15686.0
4820.0,5187.0,19992,32767,32767,32767,32767,32767,32767,32767,32767,32767,32767,4296.0,12652.0
2393.0,2877.0,19620,32767,32767,32767,32767,32767,32767,32767,32767,32767,32767,3063.0,15872.0
2265.0,2569.0,18719,32767,32767,32767,32767,32767,32767,32767,32767,32767,32767,3326.0,17103.0
2067.0,2264.0,17867,32767,32767,32767,32767,32767,32767,32767,32767,32767,32767,2680.0,17309.0
2931.0,3128.0,17166,32767,32767,32767,32767,32767,32767,32767,32767,32767,32767,3322.0,16075.0
2042.0,2347.0,18111,32767,32767,32767,32767,32767,32767,32767,32767,32767,32767,2741.0,17441.0
2276.0,2368.0,16868,32767,32767,32767,32767,32767,32767,32767,32767,32767,32767,2899.0,17455.0
2403.0,2759.0,19405,32767,32767,32767,32767,32767,32767,32767,32767,32767,32767,2779.0,16178.0
2302.0,2635.0,18567,32767,32767,32767,32767,32767,32767,32767,32767,32767,32767,3018.0,16891.0
2567.0,2628.0,17763,32767,32767,32767,32767,32767,32767,32767,32767,32767,32767,3322.0,16901.0
2042.0,2262.0,16291,32767,32767,32767,32767,32767,32767,32767,32767,32767,32767,2540.0,16253.0
1986.0,2170.0,19176,32767,32767,32767,32767,32767,32767,32767,32767,32767,32767,2494.0,17436.0
2640.0,3215.0,19555,32767,32767,32767,32767,32767,32767,32767,32767,32767,32767,3322.0,15587.0
2110.0,2540.0,19620,32767,32767,32767,32767,32767,32767,32767,32767,32767,32767,2876.0,16433.0
2998.0,3130.0,17208,32767,32767,32767,32767,32767,32767,32767,32767,32767,32767,3202.0,15901.0
2265.0,2569.0,19176,32767,32767,32767,32767,32767,32767,32767,32767,32767,32767,2833.0,16811.0
1887.0,2273.0,19526,32767,32767,32767,32767,32767,32767,32767,32767,32767,32767,2705.0,17110.0
2636.0,3233.0,21154,32767,32767,32767,32767,32767,32767,32767,32767,32767,32767,3757.0,15581.0
2877.0,3475.0,22241,32767,32767,32767,32767,32767,32767,32767,32767,32767,32767,3473.0,14653.0
3336.0,3915.0,20626,32767,32767,32767,32767,32767,32767,32767,32767,32767,32767,3780.0,12930.0
2060.0,2259.0,18567,32767,32767,32767,32767,32767,32767,32767,32767,32767,32767,3418.0,17775.0
4820.0,5750.0,23556,32767,32767,32767,32767,32767,32767,32767,32767,32767,32767,4892.0,11506.0
2258.0,2368.0,17315,32767,32767,32767,32767,32767,32767,32767,32767,32767,32767,2990.0,17413.0
2543.0,2968.0,19480,32767,32767,32767,32767,32767,32767,32767,32767,32767,32767,3141.0,16144.0
2294.0,2563.0,17913,32767,32767,32767,32767,32767,32767,32767,32767,32767,32767,2748.0,16824.0
3169.0,2875.0,17891,32767,32767,32767,32767,32767,32767,32767,32767,32767,32767,3494.0,15546.0
2468.0,2832.0,20392,32767,32767,32767,32767,32767,32767,32767,32767,32767,32767,3251.0,15838.0
2153.0,2303.0,17806,32767,32767,32767,32767,32767,32767,32767,32767,32767,32767,3110.0,17714.0
4158.0,4916.0,24807,32767,32767,32767,32767,32767,32767,32767,32767,32767,32767,4557.0,12417.0
2167.0,2281.0,15972,32767,32767,32767,32767,32767,32767,32767,32767,32767,32767,2477.0,17603.0
2403.0,2802.0,18062,32767,32767,32767,32767,32767,32767,32767,32767,32767,32767,2869.0,16412.0
2567.0,2672.0,17017,32767,32767,32767,32767,32767,32767,32767,32767,32767,32767,3292.0,16954.0
2673.0,3189.0,17654,32767,32767,32767,32767,32767,32767,32767,32767,32767,32767,2309.0,15684.0
2185.0,2346.0,17017,32767,32767,32767,32767,32767,32767,32767,32767,32767,32767,2899.0,17493.0
4434.0,4457.0,20727,32767,32767,32767,32767,32767,32767,32767,32767,32767,32767,4194.0,13598.0
4083.0,4262.0,19992,32767,32767,32767,32767,32767,32767,32767,32767,32767,32767,3951.0,13920.0
2766.0,3255.0,21307,32767,32767,32767,32767,32767,32767,32767,32767,32767,32767,3449.0,15385.0
4802.0,5729.0,25476,32767,32767,32767,32767,32767,32767,32767,32767,32767,32767,6248.0,11202.0
2858.0,3323.0,18211,32767,32767,32767,32767,32767,32767,32767,32767,32767,32767,3926.0,15793.0
2676.0,3171.0,20002,32767,32767,32767,32767,32767,32767,32767,32767,32767,32767,3141.0,15486.0
2531.0,2780.0,17763,32767,32767,32767,32767,32767,32767,32767,32767,32767,32767,3171.0,16596.0
2221.0,2324.0,17166,32767,32767,32767,32767,32767,32767,32767,32767,32767,32767,2779.0,17439.0
2729.0,3255.0,21611,32767,32767,32767,32767,32767,32767,32767,32767,32767,32767,3418.0,15323.0
2425.0,2806.0,16590,32767,32767,32767,32767,32767,32767,32767,32767,32767,32767,3085.0,15360.0
4610.0,4650.0,18437,32767,32767,32767,32767,32767,32767,32767,32767,32767,32767,4103.0,13368.0
3368.0,3779.0,17315,32767,32767,32767,32767,32767,32767,32767,32767,32767,32767,3715.0,15068.0
2549.0,2735.0,16390,32767,32767,32767,32767,32767,32767,32767,32767,32767,32767,2738.0,16825.0
3529.0,3554.0,17269,32767,32767,32767,32767,32767,32767,32767,32767,32767,32767,3368.0,14447.0
2549.0,2911.0,20002,32767,32767,32767,32767,32767,32767,32767,32767,32767,32767,3141.0,15928.0
2076.0,2237.0,16271,32767,32767,32767,32767,32767,32767,32767,32767,32767,32767,2356.0,17586.0
2968.0,2981.0,16943,32767,32767,32767,32767,32767,32767,32767,32767,32767,32767,3272.0,16223.0
3248.0,3720.0,21307,32767,32767,32767,32767,32767,32767,32767,32767,32767,32767,3634.0,14645.0
2395.0,2812.0,19328,32767,32767,32767,32767,32767,32767,32767,32767,32767,32767,3326.0,16535.0
2729.0,2945.0,18567,32767,32767,32767,32767,32767,32767,32767,32767,32767,32767,3326.0,16373.0
2376.0,2547.0,19024,32767,32767,32767,32767,32767,32767,32767,32767,32767,32767,3233.0,17015.0
2209.0,2502.0,17806,32767,32767,32767,32767,32767,32767,32767,32767,32767,32767,2556.0,17076.0
2525.0,2879.0,18872,32767,32767,32767,32767,32767,32767,32767,32767,32767,32767,3264.0,16458.0
2167.0,2675.0,21628,32767,32767,32767,32767,32767,32767,32767,32767,32767,32767,3157.0,15881.0
2917.0,2849.0,17190,32767,32767,32767,32767,32767,32767,32767,32767,32767,32767,3085.0,14640.0
2186.0,2653.0,19466,32767,32767,32767,32767,32767,32767,32767,32767,32767,32767,2970.0,16293.0
2330.0,2476.0,16271,32767,32767,32767,32767,32767,32767,32767,32767,32767,32767,3201.0,17472.0
2432.0,2768.0,18872,32767,32767,32767,32767,32767,32767,32767,32767,32767,32767,3510.0,16750.0
3119.0,3809.0,22068,32767,32767,32767,32767,32767,32767,32767,32767,32767,32767,4034.0,14521.0
3701.0,4176.0,21074,32767,32767,32767,32767,32767,32767,32767,32767,32767,32767,4113.0,12483.0
3081.0,3632.0,17935,32767,32767,32767,32767,32767,32767,32767,32767,32767,32767,3750.0,13872.0
2770.0,3215.0,21628,32767,32767,32767,32767,32767,32767,32767,32767,32767,32767,3376.0,14953.0
2133.0,2545.0,17337,32767,32767,32767,32767,32767,32767,32767,32767,32767,32767,2843.0,15658.0
2203.0,2411.0,16718,32767,32767,32767,32767,32767,32767,32767,32767,32767,32767,2839.0,17396.0
2276.0,2368.0,17465,32767,32767,32767,32767,32767,32767,32767,32767,32767,32767,2899.0,17340.0
4839.0,5773.0,23025,32767,32767,32767,32767,32767,32767,32767,32767,32767,32767,5477.0,10748.0
2654.0,3211.0,20546,32767,32767,32767,32767,32767,32767,32767,32767,32767,32767,3480.0,15647.0
3434.0,3410.0,17197,32767,32767,32767,32767,32767,32767,32767,32767,32767,32767,3326.0,15687.0
2824.0,3676.0,21804,32767,32767,32767,32767,32767,32767,32767,32767,32767,32767,3864.0,14695.0
4084.0,3980.0,16891,32767,32767,32767,32767,32767,32767,32767,32767,32767,32767,4143.0,12954.0
4575.0,4443.0,17049,32767,32767,32767,32767,32767,32767,32767,32767,32767,32767,4830.0,14093.0
3300.0,3980.0,19280,32767,32767,32767,32767,32767,32767,32767,32767,32767,32767,4476.0,13260.0
2115.0,2436.0,16590,32767,32767,32767,32767,32767,32767,32767,32767,32767,32767,2752.0,15957.0
4643.0,5539.0,21644,32767,32767,32767,32767,32767,32767,32767,32767,32767,32767,4923.0,12034.0
2133.0,2414.0,17038,32767,32767,32767,32767,32767,32767,32767,32767,32767,32767,2782.0,15923.0
2060.0,2327.0,16441,32767,32767,32767,32767,32767,32767,32767,32767,32767,32767,2691.0,16174.0
2357.0,2746.0,20393,32767,32767,32767,32767,32767,32767,32767,32767,32767,32767,2895.0,16264.0
2747.0,3255.0,21611,32767,32767,32767,32767,32767,32767,32767,32767,32767,32767,3356.0,15296.0
2826.0,3088.0,18683,32767,32767,32767,32767,32767,32767,32767,32767,32767,32767,3508.0,14558.0
2544.0,2967.0,20083,32767,32767,32767,32767,32767,32767,32767,32767,32767,32767,3157.0,15630.0
2494.0,2693.0,16271,32767,32767,32767,32767,32767,32767,32767,32767,32767,32767,2899.0,16911.0
2589.0,2958.0,17636,32767,32767,32767,32767,32767,32767,32767,32767,32767,32767,3085.0,14873.0
4820.0,4871.0,19682,32767,32767,32767,32767,32767,32767,32767,32767,32767,32767,4233.0,13065.0
2228.0,2569.0,17958,32767,32767,32767,32767,32767,32767,32767,32767,32767,32767,2771.0,17035.0
2476.0,2844.0,18646,32767,32767,32767,32767,32767,32767,32767,32767,32767,32767,3073.0,16397.0
4811.0,4861.0,18097,32767,32767,32767,32767,32767,32767,32767,32767,32767,32767,4694.0,13516.0
2367.0,2600.0,16327,32767,32767,32767,32767,32767,32767,32767,32767,32767,32767,3148.0,17107.0
4643.0,5213.0,24481,32767,32767,32767,32767,32767,32767,32767,32767,32767,32767,4591.0,11815.0
3605.0,3845.0,20301,32767,32767,32767,32767,32767,32767,32767,32767,32767,32767,4017.0,14472.0
2862.0,3436.0,20177,32767,32767,32767,32767,32767,32767,32767,32767,32767,32767,3296.0,13665.0
2676.0,3128.0,19555,32767,32767,32767,32767,32767,32767,32767,32767,32767,32767,3262.0,15687.0
2403.0,2735.0,20751,32767,32767,32767,32767,32767,32767,32767,32767,32767,32767,3073.0,16171.0
1784.0,1086.0,2836,7768,7399,7192,8602,9557,32767,32767,32767,32767,32767,785.0,1000.0
2039.0,1238.0,2836,7768,7399,7642,8096,9557,32767,32767,32767,32767,32767,755.0,1000.0
2057.0,1260.0,2985,8544,8221,8091,8602,10119,32767,32767,32767,32767,32767,815.0,1000.0
1730.0,1043.0,2836,9710,9043,8091,8096,10681,32767,32767,32767,32767,32767,725.0,1000.0
1912.0,1216.0,2985,8156,7810,8990,9615,11243,32767,32767,32767,32767,32767,815.0,1000.0
2057.0,1260.0,2985,8544,8632,7642,9109,11243,32767,32767,32767,32767,32767,815.0,1000.0
2003.0,1260.0,2985,8933,7399,8990,10121,11243,32767,32767,32767,32767,32767,906.0,1000.0
2315.0,1631.0,3288,10500,9466,9002,10133,11258,32767,32767,32767,32767,32767,907.0,1000.0
1985.0,1534.0,3875,11292,9817,10268,9458,11674,32767,32767,32767,32767,32767,909.0,1000.0
2403.0,1564.0,2985,8544,7399,9440,11133,11806,32767,32767,32767,32767,32767,997.0,1000.0
2130.0,1325.0,3135,8544,8221,8541,9109,11806,32767,32767,32767,32767,32767,876.0,1000.0
2370.0,1740.0,2989,9722,9055,8101,8613,11820,32767,32767,32767,32767,32767,847.0,1000.0
2279.0,1479.0,3288,10889,9878,8551,9627,11820,32767,32767,32767,32767,32767,817.0,1000.0
1875.0,1282.0,3732,9710,10277,10339,10627,12368,32767,32767,32767,32767,32767,966.0,1000.0
1711.0,1108.0,3284,10098,9455,8541,9109,12368,32767,32767,32767,32767,32767,815.0,1000.0
2476.0,1985.0,3410,10485,9817,9335,9983,12842,32767,32767,32767,32767,32767,1035.0,1000.0
1802.0,1173.0,2985,8156,8221,8541,9615,12930,32767,32767,32767,32767,32767,876.0,1000.0
2003.0,1282.0,3135,8156,7810,9440,10121,12930,32767,32767,32767,32767,32767,906.0,1000.0
1802.0,1195.0,2985,8933,7399,8541,10627,12930,32767,32767,32767,32767,32767,966.0,1000.0
1802.0,1151.0,2985,8933,7810,8541,9615,12930,32767,32767,32767,32767,32767,966.0,1000.0
2531.0,1651.0,3583,9710,9455,10339,10627,12930,32767,32767,32767,32767,32767,997.0,1000.0
1766.0,1173.0,3433,10098,9866,9440,10627,12930,32767,32767,32767,32767,32767,906.0,1000.0
1784.0,1151.0,3135,10486,8632,9440,11133,12930,32767,32767,32767,32767,32767,906.0,1000.0
1766.0,1195.0,3732,10486,10277,9440,10627,12930,32767,32767,32767,32767,32767,966.0,1000.0
1711.0,1195.0,3583,10098,9043,10339,9615,13492,32767,32767,32767,32767,32767,936.0,1000.0
1839.0,1260.0,3583,10486,10688,10339,10627,13492,32767,32767,32767,32767,32767,966.0,1000.0
1153.0,925.0,4339,10887,9816,9800,9456,14007,32767,32767,32767,32767,32767,941.0,1000.0
2021.0,1368.0,3732,10875,9866,11238,11639,14054,32767,32767,32767,32767,32767,997.0,1000.0
1802.0,1216.0,4180,11652,11510,11687,12145,14054,32767,32767,32767,32767,32767,906.0,1000.0
2057.0,1325.0,3732,12040,11099,10339,12145,14054,32767,32767,32767,32767,32767,966.0,1000.0
2333.0,1653.0,4035,12055,11936,11252,11147,14072,32767,32767,32767,32767,32767,998.0,1000.0
2005.0,1905.0,3805,10295,8801,9624,9287,14329,32767,32767,32767,32767,32767,985.0,1000.0
1948.0,1282.0,3433,9321,8632,9889,11133,14616,32767,32767,32767,32767,32767,997.0,1000.0
1948.0,1282.0,3583,10486,9866,10788,11133,14616,32767,32767,32767,32767,32767,997.0,1000.0
1985.0,1347.0,3583,10875,9455,9889,11639,14616,32767,32767,32767,32767,32767,1057.0,1000.0
2021.0,1368.0,3433,11652,10688,9889,10121,14616,32767,32767,32767,32767,32767,936.0,1000.0
2098.0,2015.0,3957,11087,10478,10999,11350,14902,32767,32767,32767,32767,32767,955.0,1000.0
1890.0,1601.0,6975,14518,15366,14936,15763,15177,32767,32767,32767,32767,32767,1223.0,1000.0
2312.0,1564.0,3583,8933,8632,10788,11639,15179,32767,32767,32767,32767,32767,997.0,1000.0
1539.0,1311.0,5407,12505,11995,13569,11711,15273,32767,32767,32767,32767,32767,1611.0,1000.0
1968.0,1905.0,4414,11879,9639,11457,10834,15475,32767,32767,32767,32767,32767,1016.0,1000.0
2403.0,1520.0,3732,9710,9043,11687,11639,15741,32767,32767,32767,32767,32767,1027.0,1000.0
1857.0,1173.0,3732,11652,9043,10339,11133,15741,32767,32767,32767,32767,32767,906.0,1000.0
2112.0,1542.0,4180,12040,11510,12137,12651,15741,32767,32767,32767,32767,32767,936.0,1000.0
1966.0,1282.0,4030,12040,10688,12137,12651,15741,32767,32767,32767,32767,32767,966.0,1000.0
1912.0,1303.0,4180,12040,12332,11238,11639,16303,32767,32767,32767,32767,32767,997.0,1000.0
1777.0,1376.0,7749,16129,15364,16334,16811,16342,32767,32767,32767,32767,32767,1035.0,1000.0
1968.0,1860.0,5631,15443,14249,16040,15478,18914,32767,32767,32767,32767,32767,1047.0,1000.0
1466.0,1063.0,8979,19007,19279,20623,18573,20061,32767,32767,32767,32767,32767,955.0,1000.0
1857.0,1347.0,6120,15147,13565,17081,16699,21362,32767,32767,32767,32767,32767,997.0,1000.0
1484.0,1246.0,12466,22666,26471,25329,23931,23192,32767,32767,32767,32767,32767,912.0,1000.0
1167.0,1044.0,6577,14779,13584,16204,14695,17451,32767,32767,32767,32767,32767,1240.0,15900.0
1276.0,1109.0,6427,14390,13584,14854,13175,18014,32767,32767,32767,32767,32767,1300.0,15900.0
1550.0,1262.0,10912,17890,19347,18905,18749,18577,32767,32767,32767,32767,32767,2964.0,15900.0
1459.0,1392.0,9716,17890,18112,20256,18749,18577,32767,32767,32767,32767,32767,1905.0,15900.0
1477.0,1283.0,10912,18668,19347,19355,19255,18577,32767,32767,32767,32767,32767,2692.0,15900.0
1440.0,1349.0,10314,17890,18523,18455,17735,19140,32767,32767,32767,32767,32767,2571.0,15900.0
1550.0,1327.0,11360,18668,20581,19355,19255,19140,32767,32767,32767,32767,32767,2873.0,15900.0
1440.0,1262.0,10314,19057,20170,19805,18749,19140,32767,32767,32767,32767,32767,2480.0,15900.0
1459.0,1262.0,11211,19835,20993,21156,20269,19703,32767,32767,32767,32767,32767,2510.0,15900.0
1604.0,1479.0,11809,20613,22228,21156,21789,19703,32767,32767,32767,32767,32767,2661.0,15900.0
1513.0,1436.0,11659,19835,22640,22056,21282,20266,32767,32767,32767,32767,32767,2510.0,15900.0
1586.0,1501.0,12108,20613,22228,21606,21282,20266,32767,32767,32767,32767,32767,2692.0,15900.0
1531.0,1501.0,12257,21779,22640,22056,22296,20266,32767,32767,32767,32767,32767,2571.0,15900.0
1568.0,1566.0,10164,19057,20170,20706,19255,20829,32767,32767,32767,32767,32767,2057.0,15900.0
1513.0,1414.0,10912,19446,20170,20256,19762,20829,32767,32767,32767,32767,32767,2631.0,15900.0
1586.0,1523.0,11809,19835,22228,22056,21282,20829,32767,32767,32767,32767,32767,2450.0,15900.0
1513.0,1349.0,11958,20224,21816,21156,21282,20829,32767,32767,32767,32767,32767,2661.0,15900.0
1604.0,1523.0,12108,21001,22228,22506,22296,20829,32767,32767,32767,32767,32767,2722.0,15900.0
1604.0,1501.0,11809,21001,22228,22506,21282,20829,32767,32767,32767,32767,32767,2510.0,15900.0
1568.0,1501.0,11809,21390,22640,22506,22296,20829,32767,32767,32767,32767,32767,2450.0,15900.0
1276.0,1131.0,9716,17501,18112,20706,19255,21392,32767,32767,32767,32767,32767,1542.0,15900.0
1531.0,1414.0,11211,19835,21405,21156,20776,21392,32767,32767,32767,32767,32767,2420.0,15900.0
1659.0,1544.0,11659,19835,21405,21156,21282,21392,32767,32767,32767,32767,32767,2843.0,15900.0
1568.0,1501.0,11809,20224,21816,21156,21282,21392,32767,32767,32767,32767,32767,2450.0,15900.0
1568.0,1544.0,12108,21001,23051,22056,21789,21392,32767,32767,32767,32767,32767,2631.0,15900.0
1513.0,1457.0,11958,21001,22640,22056,21282,21392,32767,32767,32767,32767,32767,2420.0,15900.0
1623.0,1566.0,12406,21779,23051,22506,22296,21392,32767,32767,32767,32767,32767,2661.0,15900.0
1477.0,1305.0,11958,22168,23874,22506,22802,21392,32767,32767,32767,32767,32767,2510.0,15900.0
1531.0,1501.0,12406,21001,23051,21606,21789,21955,32767,32767,32767,32767,32767,2692.0,15900.0
1568.0,1588.0,12257,21001,23051,21606,21282,21955,32767,32767,32767,32767,32767,2601.0,15900.0
1623.0,1588.0,12108,21779,23463,22956,22296,21955,32767,32767,32767,32767,32767,2571.0,15900.0
1586.0,1479.0,12406,21779,23051,22956,23309,21955,32767,32767,32767,32767,32767,2571.0,15900.0
1714.0,1653.0,13453,22557,24698,24307,24829,21955,32767,32767,32767,32767,32767,2843.0,15900.0
1659.0,1566.0,12406,20224,23051,22056,21789,22518,32767,32767,32767,32767,32767,2782.0,15900.0
1331.0,1218.0,10015,20613,20993,22056,22296,22518,32767,32767,32767,32767,32767,1331.0,15900.0
1604.0,1588.0,12406,21779,23463,22506,22802,22518,32767,32767,32767,32767,32767,2631.0,15900.0
1641.0,1697.0,11809,22168,24698,23857,23816,22518,32767,32767,32767,32767,32767,2238.0,15900.0
1641.0,1653.0,12556,22557,24286,24307,23816,22518,32767,32767,32767,32767,32767,2480.0,15900.0
1495.0,1392.0,12406,22557,23463,22956,22802,22518,32767,32767,32767,32767,32767,2510.0,15900.0
1550.0,1523.0,12257,22946,23874,22956,23309,22518,32767,32767,32767,32767,32767,2540.0,15900.0
1696.0,1566.0,12855,21779,23874,23406,23309,23080,32767,32767,32767,32767,32767,2964.0,15900.0
1623.0,1588.0,12705,21779,23874,23406,22802,23080,32767,32767,32767,32767,32767,2540.0,15900.0
1623.0,1631.0,12556,22168,24286,24307,23816,23080,32767,32767,32767,32767,32767,2510.0,15900.0
1750.0,1697.0,13154,22557,23874,23406,23309,23080,32767,32767,32767,32767,32767,2813.0,15900.0
1823.0,1675.0,12108,22557,23051,22956,22296,23080,32767,32767,32767,32767,32767,2722.0,15900.0
1641.0,1675.0,12855,22946,24698,23857,23816,23080,32767,32767,32767,32767,32767,2661.0,15900.0
1531.0,1544.0,12257,23335,24698,23857,23309,23080,32767,32767,32767,32767,32767,2299.0,15900.0
1659.0,1631.0,13004,23335,25109,24307,24323,23080,32767,32767,32767,32767,32767,2571.0,15900.0
1659.0,1762.0,13602,23724,25521,24757,24829,23080,32767,32767,32767,32767,32767,2752.0,15900.0
1641.0,1697.0,13154,24113,25933,26107,25336,23080,32767,32767,32767,32767,32767,2480.0,15900.0
1641.0,1653.0,13602,24891,26756,26557,26349,23080,32767,32767,32767,32767,32767,2510.0,15900.0
1659.0,1610.0,12705,21390,23051,22956,23309,23643,32767,32767,32767,32767,32767,2752.0,15900.0
1623.0,1610.0,12705,22168,24698,24307,23309,23643,32767,32767,32767,32767,32767,2540.0,15900.0
1659.0,1588.0,12556,22557,25109,23857,23816,23643,32767,32767,32767,32767,32767,2480.0,15900.0
1586.0,1610.0,13303,22946,25109,24757,24829,23643,32767,32767,32767,32767,32767,2752.0,15900.0
1696.0,1849.0,13752,23724,25933,24757,25336,23643,32767,32767,32767,32767,32767,2571.0,15900.0
1659.0,1740.0,13154,23724,25933,23857,24829,23643,32767,32767,32767,32767,32767,2540.0,15900.0
1604.0,1784.0,13602,24502,25933,25207,25843,23643,32767,32767,32767,32767,32767,2571.0,15900.0
1714.0,1892.0,13752,24502,25521,25657,25336,23643,32767,32767,32767,32767,32767,2601.0,15900.0
1696.0,1784.0,14051,25280,27991,27007,26349,23643,32767,32767,32767,32767,32767,2571.0,15900.0
1604.0,1610.0,12705,22168,24286,23406,23309,24206,32767,32767,32767,32767,32767,2540.0,15900.0
1623.0,1675.0,12705,22946,24286,23857,24323,24206,32767,32767,32767,32767,32767,2450.0,15900.0
1623.0,1653.0,13602,23335,26344,26107,24829,24206,32767,32767,32767,32767,32767,2510.0,15900.0
1568.0,1631.0,13154,23335,26344,24757,25336,24206,32767,32767,32767,32767,32767,2359.0,15900.0
1677.0,1740.0,13004,23335,25521,25207,25336,24206,32767,32767,32767,32767,32767,2420.0,15900.0
1714.0,1718.0,13752,23724,26344,25207,24829,24206,32767,32767,32767,32767,32767,2934.0,15900.0
1659.0,1827.0,13602,24891,27579,26557,25843,24206,32767,32767,32767,32767,32767,2329.0,15900.0
1787.0,1892.0,13453,25280,27168,26557,25336,24206,32767,32767,32767,32767,32767,2450.0,15900.0
1714.0,1914.0,13752,26057,28402,27007,26856,24206,32767,32767,32767,32767,32767,2420.0,15900.0
1732.0,1914.0,13901,26057,27991,26557,26856,24206,32767,32767,32767,32767,32767,2480.0,15900.0
1659.0,1740.0,13752,23724,26344,24757,24829,24769,32767,32767,32767,32767,32767,2722.0,15900.0
1531.0,1566.0,13752,24113,27579,26107,25843,24769,32767,32767,32767,32767,32767,2540.0,15900.0
1677.0,1697.0,13752,24502,25933,26107,25843,24769,32767,32767,32767,32767,32767,2661.0,15900.0
1623.0,1892.0,13901,25668,26756,26557,26856,24769,32767,32767,32767,32767,32767,2450.0,15900.0
1750.0,1936.0,14350,25668,28402,27458,27363,24769,32767,32767,32767,32767,32767,2692.0,15900.0
1641.0,1762.0,14649,25668,28402,28358,27870,24769,32767,32767,32767,32767,32767,2571.0,15900.0
1787.0,1979.0,14200,26057,28814,27458,26856,24769,32767,32767,32767,32767,32767,2480.0,15900.0
1677.0,1827.0,14051,26057,29226,27908,28376,25332,32767,32767,32767,32767,32767,2329.0,15900.0
1659.0,1653.0,13901,26057,27579,27908,26856,25332,32767,32767,32767,32767,32767,2540.0,15900.0
1659.0,1892.0,14499,26446,29637,28808,28883,25332,32767,32767,32767,32767,32767,2480.0,15900.0
1714.0,2023.0,14798,26446,29226,28808,28376,25332,32767,32767,32767,32767,32767,2571.0,15900.0
1714.0,1827.0,14350,26835,30049,28808,27870,25332,32767,32767,32767,32767,32767,2329.0,15900.0
1714.0,1914.0,15247,27613,30461,29708,28883,25332,32767,32767,32767,32767,32767,2722.0,15900.0
1768.0,2001.0,13901,26057,27991,28358,27870,25895,32767,32767,32767,32767,32767,2601.0,15900.0
1641.0,1827.0,14200,26057,28402,27908,28376,25895,32767,32767,32767,32767,32767,2420.0,15900.0
1732.0,1936.0,14948,26446,29637,28808,28376,25895,32767,32767,32767,32767,32767,2843.0,15900.0
1623.0,1805.0,13303,26446,29226,28358,28883,25895,32767,32767,32767,32767,32767,2238.0,15900.0
1604.0,1784.0,14499,26835,29637,28808,28883,25895,32767,32767,32767,32767,32767,2208.0,15900.0
1732.0,1914.0,14798,26835,28814,29708,28883,25895,32767,32767,32767,32767,32767,2480.0,15900.0
1787.0,1871.0,15844,27613,29637,29258,30403,25895,32767,32767,32767,32767,32767,3085.0,15900.0
1696.0,1979.0,15097,28002,30461,29708,29897,25895,32767,32767,32767,32767,32767,2480.0,15900.0
1696.0,1762.0,12257,23335,25109,29258,28376,26458,32767,32767,32767,32767,32767,2329.0,15900.0
1659.0,1610.0,14350,25668,27579,28358,26856,26458,32767,32767,32767,32767,32767,2994.0,15900.0
1768.0,1871.0,14798,25668,29226,27458,27870,26458,32767,32767,32767,32767,32767,2873.0,15900.0
1860.0,1979.0,14649,26446,28814,28358,28376,26458,32767,32767,32767,32767,32767,2752.0,15900.0
1677.0,1740.0,14798,26835,29637,28808,28376,26458,32767,32767,32767,32767,32767,2661.0,15900.0
1750.0,1871.0,15097,27613,30049,29708,28883,26458,32767,32767,32767,32767,32767,2752.0,15900.0
1823.0,2066.0,15695,28391,32519,30608,30910,26458,32767,32767,32767,32767,32767,2540.0,15900.0
1896.0,2132.0,15994,28391,31695,30608,30403,26458,32767,32767,32767,32767,32767,2692.0,15900.0
1677.0,1827.0,15247,27224,31695,27908,28376,27021,32767,32767,32767,32767,32767,2661.0,15900.0
1878.0,2153.0,15247,28002,32107,29708,30403,27021,32767,32767,32767,32767,32767,2722.0,15900.0
1659.0,1871.0,15247,28391,31695,31059,30910,27021,32767,32767,32767,32767,32767,2329.0,15900.0
2407.0,2306.0,13154,24502,27168,26107,26856,27584,32767,32767,32767,32767,32767,3176.0,15900.0
1896.0,2088.0,15545,28002,30872,31059,30910,27584,32767,32767,32767,32767,32767,2873.0,15900.0
1768.0,1936.0,15396,28002,30461,30158,29897,27584,32767,32767,32767,32767,32767,2601.0,15900.0
1823.0,2132.0,15545,28391,31695,31509,30910,27584,32767,32767,32767,32767,32767,2813.0,15900.0
1823.0,2132.0,15396,28780,32519,31059,32430,27584,32767,32767,32767,32767,32767,2601.0,15900.0
1805.0,1958.0,14948,27224,30049,29708,29897,28147,32767,32767,32767,32767,32767,2722.0,15900.0
1896.0,2023.0,15396,28002,31284,30608,30403,28147,32767,32767,32767,32767,32767,3085.0,15900.0
2024.0,2175.0,16442,28002,31284,31509,30910,28147,32767,32767,32767,32767,32767,3297.0,15900.0
1714.0,1784.0,15994,28002,31284,31059,30910,28147,32767,32767,32767,32767,32767,2631.0,15900.0
1860.0,2045.0,15695,29169,32519,31959,31923,28147,32767,32767,32767,32767,32767,2782.0,15900.0
2115.0,2066.0,12855,24891,27579,25657,26856,28710,32767,32767,32767,32767,32767,2752.0,15900.0
1914.0,2240.0,16891,29947,32767,32409,32430,28710,32767,32767,32767,32767,32767,3055.0,15900.0
1987.0,1892.0,15097,28391,31695,32409,32767,29273,32767,32767,32767,32767,32767,2692.0,15900.0
2042.0,2306.0,16442,29947,32767,32767,32767,30399,32767,32767,32767,32767,32767,2903.0,15900.0
2297.0,2219.0,15396,28780,31695,28358,30403,31525,32767,32767,32767,32767,32767,2994.0,15900.0
2388.0,2197.0,12108,26057,29226,26557,30910,32767,32767,32767,32767,32767,32767,2661.0,15900.0
2078.0,2197.0,15695,31113,32767,32767,32767,32767,32767,32767,32767,32767,32767,2722.0,15900.0
1823.0,1544.0,10163,19055,20991,21154,21280,23078,32767,32767,32767,32767,32767,2873.0,16300.0
1841.0,1718.0,8370,19444,20579,21604,21280,23641,32767,32767,32767,32767,32767,1754.0,16300.0
1768.0,1544.0,10612,20610,22226,21604,22293,23641,32767,32767,32767,32767,32767,2782.0,16300.0
1695.0,1457.0,10761,21388,21814,22504,22800,23641,32767,32767,32767,32767,32767,3175.0,16300.0
1695.0,1696.0,10014,20999,23049,22504,24827,24767,32767,32767,32767,32767,32767,1905.0,16300.0
1787.0,1609.0,10911,21777,23872,22954,23813,24767,32767,32767,32767,32767,32767,2752.0,16300.0
1586.0,1370.0,11658,21777,23872,24304,24320,25330,32767,32767,32767,32767,32767,2298.0,16300.0
1677.0,1588.0,10313,20999,23460,23404,24320,25892,32767,32767,32767,32767,32767,1905.0,16300.0
1768.0,1675.0,10462,21388,24284,22954,23813,25892,32767,32767,32767,32767,32767,2268.0,16300.0
1823.0,1609.0,11957,21777,23872,23854,24320,25892,32767,32767,32767,32767,32767,2964.0,16300.0
1823.0,1696.0,11658,21777,24284,23854,25333,25892,32767,32767,32767,32767,32767,2691.0,16300.0
2078.0,1957.0,10911,21777,24695,23404,24320,25892,32767,32767,32767,32767,32767,2722.0,16300.0
1823.0,1609.0,11957,22166,24695,24304,25333,25892,32767,32767,32767,32767,32767,2812.0,16300.0
1823.0,1675.0,12256,22944,25518,24304,26347,25892,32767,32767,32767,32767,32767,2691.0,16300.0
1805.0,1805.0,10761,23333,24695,24304,26853,25892,32767,32767,32767,32767,32767,2026.0,16300.0
1787.0,1936.0,11658,23333,25518,24754,26347,25892,32767,32767,32767,32767,32767,2238.0,16300.0
1969.0,2153.0,11359,24110,25518,25204,26347,25892,32767,32767,32767,32767,32767,2329.0,16300.0
2060.0,1957.0,10313,21777,23872,23854,24827,26455,32767,32767,32767,32767,32767,2329.0,16300.0
1859.0,1892.0,11210,23721,25518,24754,26347,26455,32767,32767,32767,32767,32767,2056.0,16300.0
1695.0,1762.0,12106,23721,25930,25654,26853,26455,32767,32767,32767,32767,32767,2147.0,16300.0
1732.0,1718.0,11658,24110,27165,25654,25840,26455,32767,32767,32767,32767,32767,2389.0,16300.0
1732.0,1566.0,12854,24110,26753,27005,26853,26455,32767,32767,32767,32767,32767,2601.0,16300.0
1714.0,1827.0,12106,24499,27165,26105,27360,26455,32767,32767,32767,32767,32767,2056.0,16300.0
1878.0,2001.0,13003,26444,28399,28355,28880,26455,32767,32767,32767,32767,32767,2268.0,16300.0
1896.0,1805.0,12256,22944,25107,25204,26347,27018,32767,32767,32767,32767,32767,2843.0,16300.0
1787.0,1914.0,11508,23333,25518,25654,25840,27018,32767,32767,32767,32767,32767,2177.0,16300.0
1951.0,1783.0,11957,23721,25930,26105,27360,27018,32767,32767,32767,32767,32767,2843.0,16300.0
1969.0,2066.0,11658,24110,26342,26105,27360,27018,32767,32767,32767,32767,32767,2238.0,16300.0
1677.0,1609.0,12256,24110,25518,24754,25840,27018,32767,32767,32767,32767,32767,2329.0,16300.0
1878.0,2001.0,11658,24110,26342,25654,26347,27018,32767,32767,32767,32767,32767,2208.0,16300.0
1951.0,1870.0,12256,24110,26753,26555,28373,27018,32767,32767,32767,32767,32767,2510.0,16300.0
1896.0,2044.0,12854,25277,27576,27905,28880,27018,32767,32767,32767,32767,32767,2480.0,16300.0
1750.0,1783.0,11508,23333,25930,25204,26853,27581,32767,32767,32767,32767,32767,2177.0,16300.0
2078.0,2001.0,11807,23333,25930,25654,26853,27581,32767,32767,32767,32767,32767,2691.0,16300.0
1823.0,1783.0,12405,23721,26342,26105,27360,27581,32767,32767,32767,32767,32767,2480.0,16300.0
1932.0,1979.0,11359,23721,26342,26105,27867,27581,32767,32767,32767,32767,32767,2177.0,16300.0
1932.0,1936.0,12256,23721,26753,26105,27867,27581,32767,32767,32767,32767,32767,2782.0,16300.0
1805.0,1979.0,12256,23721,26342,25654,26347,27581,32767,32767,32767,32767,32767,2329.0,16300.0
1914.0,2023.0,11957,24110,26342,26555,28373,27581,32767,32767,32767,32767,32767,2238.0,16300.0
1695.0,1588.0,11957,24110,25930,26105,26347,27581,32767,32767,32767,32767,32767,2570.0,16300.0
2224.0,2218.0,11658,24499,27165,26555,28880,27581,32767,32767,32767,32767,32767,2419.0,16300.0
1878.0,1892.0,12106,24499,26753,26105,28373,27581,32767,32767,32767,32767,32767,2329.0,16300.0
1695.0,1762.0,13003,24499,26753,26105,26347,27581,32767,32767,32767,32767,32767,2329.0,16300.0
1750.0,1718.0,11957,24499,27576,26555,27867,27581,32767,32767,32767,32767,32767,2026.0,16300.0
1805.0,1849.0,12256,25277,27988,27455,28373,27581,32767,32767,32767,32767,32767,2026.0,16300.0
1878.0,1914.0,12405,25277,28399,27455,27867,27581,32767,32767,32767,32767,32767,2268.0,16300.0
1750.0,1892.0,12854,25666,27576,27455,28373,27581,32767,32767,32767,32767,32767,2389.0,16300.0
1914.0,1914.0,12555,25666,26753,25204,26347,27581,32767,32767,32767,32767,32767,2782.0,16300.0
1750.0,1914.0,12555,25666,27988,28355,28373,27581,32767,32767,32767,32767,32767,2359.0,16300.0
2060.0,2088.0,12854,26055,27988,27905,29387,27581,32767,32767,32767,32767,32767,2782.0,16300.0
1695.0,1740.0,12555,26444,27576,27005,27867,27581,32767,32767,32767,32767,32767,2087.0,16300.0
1878.0,1979.0,12256,23721,27576,27005,28373,28144,32767,32767,32767,32767,32767,2268.0,16300.0
1841.0,1783.0,12106,23721,26342,26105,27867,28144,32767,32767,32767,32767,32767,2268.0,16300.0
2224.0,2262.0,11508,23721,27165,27005,28373,28144,32767,32767,32767,32767,32767,2359.0,16300.0
1823.0,1740.0,12704,23721,27576,25654,26853,28144,32767,32767,32767,32767,32767,2540.0,16300.0
2133.0,2153.0,11508,23721,27165,26555,27867,28144,32767,32767,32767,32767,32767,2329.0,16300.0
2242.0,2262.0,11508,24110,26753,27005,28373,28144,32767,32767,32767,32767,32767,2510.0,16300.0
1841.0,1805.0,12106,24110,26753,26105,27867,28144,32767,32767,32767,32767,32767,2661.0,16300.0
1750.0,1783.0,11957,24110,26342,26105,27867,28144,32767,32767,32767,32767,32767,2117.0,16300.0
1878.0,1979.0,12555,24499,27165,26555,28373,28144,32767,32767,32767,32767,32767,2570.0,16300.0
1878.0,1892.0,12256,24499,27576,26555,28373,28144,32767,32767,32767,32767,32767,2238.0,16300.0
1859.0,1936.0,12555,24499,27165,27905,28373,28144,32767,32767,32767,32767,32767,2510.0,16300.0
2096.0,2153.0,12106,24888,27988,27905,29387,28144,32767,32767,32767,32767,32767,2359.0,16300.0
1987.0,2153.0,11807,25277,27165,27005,28373,28144,32767,32767,32767,32767,32767,2359.0,16300.0
1951.0,2023.0,12854,25277,27988,28355,29387,28144,32767,32767,32767,32767,32767,2359.0,16300.0
1878.0,1957.0,13003,25666,27576,27005,27867,28144,32767,32767,32767,32767,32767,2631.0,16300.0
2005.0,1979.0,12555,25666,28399,27455,29387,28144,32767,32767,32767,32767,32767,2177.0,16300.0
1768.0,1696.0,13601,25666,28399,27905,29387,28144,32767,32767,32767,32767,32767,2782.0,16300.0
1823.0,1914.0,12854,25666,27988,28355,28880,28144,32767,32767,32767,32767,32767,2147.0,16300.0
2023.0,2175.0,13153,26055,29223,28805,29893,28144,32767,32767,32767,32767,32767,2631.0,16300.0
1787.0,1914.0,13601,26055,28811,28355,28880,28144,32767,32767,32767,32767,32767,2359.0,16300.0
1677.0,1805.0,13302,26444,29634,28355,29387,28144,32767,32767,32767,32767,32767,2177.0,16300.0
1896.0,2023.0,12854,26444,28811,29255,29893,28144,32767,32767,32767,32767,32767,2389.0,16300.0
1859.0,2110.0,13451,27221,29634,29255,30400,28144,32767,32767,32767,32767,32767,2631.0,16300.0
1750.0,1783.0,12405,27610,28811,29255,29387,28144,32767,32767,32767,32767,32767,2026.0,16300.0
2060.0,2110.0,14647,29943,32515,31055,31920,28144,32767,32767,32767,32767,32767,2298.0,16300.0
2224.0,2197.0,11210,23721,26342,26555,28373,28707,32767,32767,32767,32767,32767,2268.0,16300.0
2552.0,2436.0,11210,23721,26342,26105,27867,28707,32767,32767,32767,32767,32767,2843.0,16300.0
2279.0,2044.0,11658,24110,27165,26105,26853,28707,32767,32767,32767,32767,32767,2933.0,16300.0
1932.0,2088.0,12704,24499,27576,26105,27867,28707,32767,32767,32767,32767,32767,2661.0,16300.0
1768.0,1805.0,12704,24499,27576,27455,29387,28707,32767,32767,32767,32767,32767,2177.0,16300.0
2188.0,2197.0,11508,24499,26753,27455,28880,28707,32767,32767,32767,32767,32767,2359.0,16300.0
1768.0,1696.0,12854,24499,27576,27905,28373,28707,32767,32767,32767,32767,32767,2510.0,16300.0
1768.0,1936.0,13153,24888,27576,27005,27360,28707,32767,32767,32767,32767,32767,2450.0,16300.0
1859.0,1805.0,12405,24888,26342,26555,27867,28707,32767,32767,32767,32767,32767,2480.0,16300.0
1878.0,1914.0,12256,25277,27576,26555,27867,28707,32767,32767,32767,32767,32767,2298.0,16300.0
1859.0,1979.0,13750,25277,28811,27905,29387,28707,32767,32767,32767,32767,32767,2329.0,16300.0
1823.0,1870.0,12854,25277,28399,27455,28373,28707,32767,32767,32767,32767,32767,2147.0,16300.0
2151.0,2023.0,12405,25277,27576,27005,29387,28707,32767,32767,32767,32767,32767,2570.0,16300.0
1732.0,1740.0,12405,25277,27988,27455,27867,28707,32767,32767,32767,32767,32767,1996.0,16300.0
1859.0,2001.0,13302,25666,28811,27455,28373,28707,32767,32767,32767,32767,32767,2419.0,16300.0
1951.0,2131.0,12555,25666,27576,27455,29387,28707,32767,32767,32767,32767,32767,2298.0,16300.0
1914.0,2023.0,12854,26055,28399,28355,29893,28707,32767,32767,32767,32767,32767,2359.0,16300.0
1805.0,2001.0,13302,26055,27576,28355,29387,28707,32767,32767,32767,32767,32767,2450.0,16300.0
1823.0,1936.0,13003,26055,29223,28805,29893,28707,32767,32767,32767,32767,32767,2208.0,16300.0
1859.0,1936.0,13153,26444,29223,27905,29893,28707,32767,32767,32767,32767,32767,2510.0,16300.0
1841.0,2044.0,13003,26444,28399,27905,29893,28707,32767,32767,32767,32767,32767,2419.0,16300.0
1750.0,1805.0,13601,26444,29223,29255,29387,28707,32767,32767,32767,32767,32767,2389.0,16300.0
1969.0,2131.0,13451,26444,28811,27905,29387,28707,32767,32767,32767,32767,32767,2691.0,16300.0
1841.0,1892.0,13302,26444,27988,29255,29387,28707,32767,32767,32767,32767,32767,2238.0,16300.0
1951.0,2153.0,13451,26832,29634,29255,30400,28707,32767,32767,32767,32767,32767,2480.0,16300.0
1841.0,1870.0,13302,26832,29223,28355,28880,28707,32767,32767,32767,32767,32767,2208.0,16300.0
1932.0,1936.0,13750,26832,28811,27905,28880,28707,32767,32767,32767,32767,32767,2601.0,16300.0
2023.0,2197.0,13451,26832,29634,28805,30400,28707,32767,32767,32767,32767,32767,2419.0,16300.0
1969.0,2088.0,13003,27221,29634,29255,30400,28707,32767,32767,32767,32767,32767,2208.0,16300.0
1914.0,1892.0,12555,23333,27165,26105,28373,29270,32767,32767,32767,32767,32767,2631.0,16300.0
2096.0,2088.0,12106,24110,27165,26555,28373,29270,32767,32767,32767,32767,32767,2601.0,16300.0
1841.0,1849.0,12854,24499,27165,26105,28373,29270,32767,32767,32767,32767,32767,2480.0,16300.0
1859.0,1892.0,11957,24499,27165,27005,28880,29270,32767,32767,32767,32767,32767,2177.0,16300.0
2242.0,1979.0,10163,24499,25518,28805,29893,29270,32767,32767,32767,32767,32767,2419.0,16300.0
2133.0,2110.0,12704,24888,27576,27005,28880,29270,32767,32767,32767,32767,32767,2933.0,16300.0
1732.0,1631.0,12854,25666,27988,27905,29387,29270,32767,32767,32767,32767,32767,2329.0,16300.0
1859.0,2044.0,13451,25666,29223,28355,28880,29270,32767,32767,32767,32767,32767,2389.0,16300.0
1951.0,2088.0,13003,25666,28399,29255,29893,29270,32767,32767,32767,32767,32767,2480.0,16300.0
1951.0,2088.0,13003,25666,29223,28805,30400,29270,32767,32767,32767,32767,32767,2540.0,16300.0
1714.0,1675.0,13153,25666,28811,27905,28880,29270,32767,32767,32767,32767,32767,2177.0,16300.0
2005.0,1979.0,12854,25666,28399,27455,29387,29270,32767,32767,32767,32767,32767,2359.0,16300.0
2078.0,2175.0,13003,26055,28811,28805,29893,29270,32767,32767,32767,32767,32767,2480.0,16300.0
2260.0,2327.0,12555,26055,28811,29255,30907,29270,32767,32767,32767,32767,32767,2510.0,16300.0
1951.0,2001.0,12704,26055,28399,27455,28880,29270,32767,32767,32767,32767,32767,2208.0,16300.0
1878.0,1957.0,13302,26055,28399,28355,29893,29270,32767,32767,32767,32767,32767,2329.0,16300.0
1859.0,1914.0,13750,26055,29223,28805,30907,29270,32767,32767,32767,32767,32767,2480.0,16300.0
2133.0,2197.0,13302,26444,29223,30155,30907,29270,32767,32767,32767,32767,32767,2540.0,16300.0
1914.0,2023.0,13900,26444,30046,28805,30400,29270,32767,32767,32767,32767,32767,2359.0,16300.0
1932.0,2066.0,14199,26832,30046,29705,30400,29270,32767,32767,32767,32767,32767,2601.0,16300.0
2060.0,2305.0,13451,26832,29634,28805,30907,29270,32767,32767,32767,32767,32767,2601.0,16300.0
1932.0,2044.0,13302,26832,30046,29705,30907,29270,32767,32767,32767,32767,32767,2268.0,16300.0
1914.0,2066.0,13750,27221,29223,29255,30907,29270,32767,32767,32767,32767,32767,2480.0,16300.0
1859.0,2001.0,12854,27221,29634,27455,29387,29270,32767,32767,32767,32767,32767,2147.0,16300.0
1951.0,2088.0,13153,27221,30457,29255,30907,29270,32767,32767,32767,32767,32767,2268.0,16300.0
1823.0,1936.0,13451,27221,29634,28805,30907,29270,32767,32767,32767,32767,32767,2147.0,16300.0
1750.0,1783.0,13750,27610,30046,29705,29893,29270,32767,32767,32767,32767,32767,2450.0,16300.0
1805.0,1892.0,13601,27610,30869,31055,31413,29270,32767,32767,32767,32767,32767,2177.0,16300.0
2516.0,2414.0,11508,24499,27988,26555,29387,29833,32767,32767,32767,32767,32767,2419.0,16300.0
2279.0,2371.0,11957,24499,27165,27905,28880,29833,32767,32767,32767,32767,32767,2540.0,16300.0
1969.0,1936.0,12405,25277,28399,28355,29893,29833,32767,32767,32767,32767,32767,2177.0,16300.0
2297.0,2349.0,12704,25666,28399,28355,29893,29833,32767,32767,32767,32767,32767,2570.0,16300.0
2078.0,2262.0,12854,26055,29223,28805,29893,29833,32767,32767,32767,32767,32767,2510.0,16300.0
1859.0,1957.0,13003,26444,28811,27905,29893,29833,32767,32767,32767,32767,32767,2359.0,16300.0
2188.0,2262.0,13153,26444,29223,27905,29387,29833,32767,32767,32767,32767,32767,2419.0,16300.0
1787.0,1892.0,13153,26444,29223,29705,30907,29833,32767,32767,32767,32767,32767,2177.0,16300.0
1932.0,1936.0,13750,26832,29223,28805,30400,29833,32767,32767,32767,32767,32767,2480.0,16300.0
1750.0,1870.0,14348,27610,30046,29255,31920,29833,32767,32767,32767,32767,32767,2298.0,16300.0
1714.0,1849.0,14049,27610,30869,30605,30907,29833,32767,32767,32767,32767,32767,2329.0,16300.0
1841.0,1957.0,13750,27610,32104,30605,32767,29833,32767,32767,32767,32767,32767,2268.0,16300.0
1859.0,2023.0,13451,27610,30869,30155,31920,29833,32767,32767,32767,32767,32767,2117.0,16300.0
2023.0,2110.0,14199,27999,30046,29705,29893,29833,32767,32767,32767,32767,32767,2691.0,16300.0
2005.0,2131.0,14199,27999,30457,29255,30400,29833,32767,32767,32767,32767,32767,2843.0,16300.0
1969.0,2001.0,13900,27999,30869,31055,30907,29833,32767,32767,32767,32767,32767,2510.0,16300.0
1896.0,2088.0,13601,28388,31281,30155,30907,29833,32767,32767,32767,32767,32767,2389.0,16300.0
1859.0,1979.0,14199,28777,31281,31055,31413,29833,32767,32767,32767,32767,32767,2298.0,16300.0
1951.0,2153.0,14498,28777,31692,31055,31920,29833,32767,32767,32767,32767,32767,2419.0,16300.0
1987.0,2240.0,14348,29166,31281,30605,31413,29833,32767,32767,32767,32767,32767,2570.0,16300.0
1932.0,2088.0,14199,29555,31692,31055,32767,29833,32767,32767,32767,32767,32767,2268.0,16300.0
2443.0,2305.0,11658,23721,27576,27005,29893,30396,32767,32767,32767,32767,32767,2782.0,16300.0
2479.0,2458.0,11807,24499,28399,28355,29893,30396,32767,32767,32767,32767,32767,2631.0,16300.0
2133.0,2197.0,12256,24499,27165,26555,28880,30396,32767,32767,32767,32767,32767,2601.0,16300.0
2315.0,2262.0,12256,25277,28399,28355,29893,30396,32767,32767,32767,32767,32767,2570.0,16300.0
2352.0,2284.0,12106,25277,28399,28355,29387,30396,32767,32767,32767,32767,32767,2601.0,16300.0
2297.0,2371.0,12555,26055,28811,28805,30907,30396,32767,32767,32767,32767,32767,2601.0,16300.0
1787.0,1849.0,13153,26055,29634,28805,30400,30396,32767,32767,32767,32767,32767,2238.0,16300.0
2060.0,2175.0,12405,26055,29634,28355,31920,30396,32767,32767,32767,32767,32767,2510.0,16300.0
2023.0,2240.0,13750,26055,29634,29255,29893,30396,32767,32767,32767,32767,32767,2480.0,16300.0
2516.0,2458.0,12106,26444,27988,27455,29893,30396,32767,32767,32767,32767,32767,2601.0,16300.0
1969.0,1979.0,12704,26444,28811,27455,29893,30396,32767,32767,32767,32767,32767,2359.0,16300.0
2260.0,2262.0,13900,26832,30869,29705,30400,30396,32767,32767,32767,32767,32767,2873.0,16300.0
1969.0,1979.0,13750,26832,29634,28355,29893,30396,32767,32767,32767,32767,32767,3024.0,16300.0
2078.0,2088.0,13900,27610,31692,29705,31920,30396,32767,32767,32767,32767,32767,2329.0,16300.0
1859.0,1979.0,13601,27999,30869,30605,32427,30396,32767,32767,32767,32767,32767,2268.0,16300.0
2060.0,2110.0,13601,27999,30046,30155,30907,30396,32767,32767,32767,32767,32767,2238.0,16300.0
1987.0,2153.0,13601,27999,30457,29705,30907,30396,32767,32767,32767,32767,32767,2480.0,16300.0
1932.0,2131.0,14049,27999,31281,30605,30907,30396,32767,32767,32767,32767,32767,2601.0,16300.0
1896.0,2066.0,14348,28388,30869,30605,30907,30396,32767,32767,32767,32767,32767,2540.0,16300.0
1914.0,2066.0,14049,28388,32104,31505,31920,30396,32767,32767,32767,32767,32767,2419.0,16300.0
1932.0,2110.0,14946,28777,32515,31956,32767,30396,32767,32767,32767,32767,32767,2540.0,16300.0
2023.0,2327.0,13900,28777,32104,31055,32767,30396,32767,32767,32767,32767,32767,2540.0,16300.0
1969.0,2175.0,14498,28777,32104,31956,32767,30396,32767,32767,32767,32767,32767,2570.0,16300.0
1914.0,2131.0,14797,29943,32515,32406,32767,30396,32767,32767,32767,32767,32767,2389.0,16300.0
1896.0,2023.0,14647,30332,32767,31956,32767,30396,32767,32767,32767,32767,32767,2389.0,16300.0
2352.0,2371.0,12405,26055,29223,28805,30400,30958,32767,32767,32767,32767,32767,2480.0,16300.0
2188.0,2262.0,13302,26444,30046,28805,31413,30958,32767,32767,32767,32767,32767,2601.0,16300.0
2115.0,2023.0,12555,26832,29634,28355,31920,30958,32767,32767,32767,32767,32767,2570.0,16300.0
1805.0,1892.0,13750,26832,29634,30155,31920,30958,32767,32767,32767,32767,32767,2208.0,16300.0
1787.0,1827.0,13750,27221,30457,30155,32427,30958,32767,32767,32767,32767,32767,2389.0,16300.0
1914.0,2088.0,13302,27221,30869,30155,31413,30958,32767,32767,32767,32767,32767,2359.0,16300.0
1932.0,2088.0,14348,27610,30869,30155,32427,30958,32767,32767,32767,32767,32767,2480.0,16300.0
1878.0,2088.0,13302,27999,32104,30155,31413,30958,32767,32767,32767,32767,32767,2359.0,16300.0
2023.0,2240.0,14348,28388,31281,31505,32427,30958,32767,32767,32767,32767,32767,2510.0,16300.0
1896.0,2088.0,14199,28388,30869,30605,32767,30958,32767,32767,32767,32767,32767,2450.0,16300.0
2060.0,2284.0,14647,28388,32104,32406,32767,30958,32767,32767,32767,32767,32767,2601.0,16300.0
2060.0,2240.0,14647,29166,32104,30605,31920,30958,32767,32767,32767,32767,32767,2389.0,16300.0
2115.0,2305.0,14348,29943,32515,31956,32767,30958,32767,32767,32767,32767,32767,2540.0,16300.0
2005.0,2305.0,15843,30721,32767,32767,32767,30958,32767,32767,32767,32767,32767,2691.0,16300.0
1969.0,2001.0,13750,26832,29634,29705,30907,31521,32767,32767,32767,32767,32767,2419.0,16300.0
2133.0,2197.0,13601,27221,30046,30605,32427,31521,32767,32767,32767,32767,32767,2570.0,16300.0
2370.0,2262.0,12854,27221,30046,28355,30400,31521,32767,32767,32767,32767,32767,2873.0,16300.0
1823.0,1914.0,14199,27999,31281,31055,32427,31521,32767,32767,32767,32767,32767,2268.0,16300.0
1932.0,2110.0,14647,28388,31692,31055,32767,31521,32767,32767,32767,32767,32767,2570.0,16300.0
1859.0,2023.0,14498,28388,31692,31055,32427,31521,32767,32767,32767,32767,32767,2450.0,16300.0
1787.0,1957.0,15245,28388,31281,31055,31920,31521,32767,32767,32767,32767,32767,2480.0,16300.0
1896.0,2066.0,14348,28388,31692,31055,32767,31521,32767,32767,32767,32767,32767,2419.0,16300.0
2005.0,2088.0,14199,28777,32104,31055,31920,31521,32767,32767,32767,32767,32767,2510.0,16300.0
1878.0,2023.0,14498,29166,31692,31505,32767,31521,32767,32767,32767,32767,32767,2359.0,16300.0
1951.0,2088.0,14797,29166,32515,31956,32767,31521,32767,32767,32767,32767,32767,2570.0,16300.0
1859.0,2088.0,15096,29166,32767,32406,32767,31521,32767,32767,32767,32767,32767,2661.0,16300.0
2115.0,2371.0,14647,29555,32515,32767,32767,31521,32767,32767,32767,32767,32767,2570.0,16300.0
1969.0,2175.0,15394,29555,32767,32767,32767,31521,32767,32767,32767,32767,32767,2570.0,16300.0
1914.0,2153.0,15096,29555,32767,31956,32767,31521,32767,32767,32767,32767,32767,2419.0,16300.0
1969.0,2218.0,14946,29943,32515,31956,32767,31521,32767,32767,32767,32767,32767,2601.0,16300.0
1932.0,2153.0,15245,29943,32515,32767,32767,31521,32767,32767,32767,32767,32767,2601.0,16300.0
1896.0,1936.0,14797,31499,32767,32767,32767,31521,32767,32767,32767,32767,32767,2238.0,16300.0
1951.0,2023.0,13900,28388,32104,31505,32767,32084,32767,32767,32767,32767,32767,2450.0,16300.0
2005.0,2088.0,14348,29555,32104,32767,32767,32084,32767,32767,32767,32767,32767,2540.0,16300.0
2133.0,2349.0,14797,29555,32767,32767,32767,32084,32767,32767,32767,32767,32767,2722.0,16300.0
1914.0,2110.0,14797,29943,32515,32406,32767,32084,32767,32767,32767,32767,32767,2480.0,16300.0
2023.0,2240.0,15245,30332,32767,32767,32767,32084,32767,32767,32767,32767,32767,2480.0,16300.0
1841.0,2023.0,14946,30332,32515,32406,32767,32084,32767,32767,32767,32767,32767,2480.0,16300.0
1932.0,2197.0,15693,30332,32767,32767,32767,32084,32767,32767,32767,32767,32767,2631.0,16300.0
1932.0,2044.0,14797,30332,32767,32767,32767,32084,32767,32767,32767,32767,32767,2359.0,16300.0
2516.0,2501.0,13003,26444,31281,30605,32767,32647,32767,32767,32767,32767,32767,2782.0,16300.0
2042.0,2088.0,13451,27221,30457,30155,32427,32647,32767,32767,32767,32767,32767,2450.0,16300.0
1823.0,1914.0,14797,29943,32767,32406,32767,32647,32767,32767,32767,32767,32767,2329.0,16300.0
2005.0,2240.0,15245,29943,32767,32767,32767,32647,32767,32767,32767,32767,32767,2510.0,16300.0
2060.0,2240.0,14797,29943,32515,31956,32767,32647,32767,32767,32767,32767,32767,2722.0,16300.0
2151.0,2284.0,14647,29943,32767,32767,32767,32647,32767,32767,32767,32767,32767,2661.0,16300.0
2060.0,2088.0,14797,30332,32767,32406,32767,32647,32767,32767,32767,32767,32767,2691.0,16300.0
1987.0,2240.0,16142,31110,32767,32767,32767,32647,32767,32767,32767,32767,32767,2812.0,16300.0
2005.0,2175.0,15843,32277,32767,32767,32767,32647,32767,32767,32767,32767,32767,2268.0,16300.0
2607.0,2479.0,13153,27221,30869,30605,32767,32767,32767,32767,32767,32767,32767,3054.0,16300.0
2570.0,2523.0,13302,28388,31692,31956,32767,32767,32767,32767,32767,32767,32767,3024.0,16300.0
2078.0,2197.0,13900,29166,32104,31505,32767,32767,32767,32767,32767,32767,32767,2691.0,16300.0
2042.0,2153.0,14797,29555,32767,32767,32767,32767,32767,32767,32767,32767,32767,2691.0,16300.0
1987.0,2110.0,14946,29555,32515,32767,32767,32767,32767,32767,32767,32767,32767,2661.0,16300.0
1914.0,2131.0,15245,29943,32767,32406,32767,32767,32767,32767,32767,32767,32767,2510.0,16300.0
2005.0,2153.0,15096,30332,32767,32767,32767,32767,32767,32767,32767,32767,32767,2631.0,16300.0
2206.0,2371.0,14498,30332,32515,32767,32767,32767,32767,32767,32767,32767,32767,2601.0,16300.0
1987.0,2175.0,15544,30332,32767,32767,32767,32767,32767,32767,32767,32767,32767,2540.0,16300.0
2151.0,2240.0,14946,30721,32767,32767,32767,32767,32767,32767,32767,32767,32767,2752.0,16300.0
2023.0,2197.0,15693,31110,32767,32767,32767,32767,32767,32767,32767,32767,32767,2661.0,16300.0
1932.0,2110.0,15693,31499,32767,32767,32767,32767,32767,32767,32767,32767,32767,2570.0,16300.0
2023.0,2175.0,15245,31499,32767,32767,32767,32767,32767,32767,32767,32767,32767,2570.0,16300.0
1987.0,2218.0,15544,31888,32767,32767,32767,32767,32767,32767,32767,32767,32767,2510.0,16300.0
2242.0,2327.0,14348,31888,32767,32767,32767,32767,32767,32767,32767,32767,32767,2480.0,16300.0
1932.0,2153.0,16142,31888,32767,32767,32767,32767,32767,32767,32767,32767,32767,2480.0,16300.0
1987.0,2262.0,16441,32277,32767,32767,32767,32767,32767,32767,32767,32767,32767,2661.0,16300.0
1896.0,2023.0,15992,32277,32767,32767,32767,32767,32767,32767,32767,32767,32767,2329.0,16300.0
2042.0,2284.0,15693,32277,32767,32767,32767,32767,32767,32767,32767,32767,32767,2722.0,16300.0
1932.0,2088.0,15843,32666,32767,32767,32767,32767,32767,32767,32767,32767,32767,2298.0,16300.0
1932.0,2131.0,15394,32767,32767,32767,32767,32767,32767,32767,32767,32767,32767,2419.0,16300.0
1987.0,2044.0,15245,32767,32767,32767,32767,32767,32767,32767,32767,32767,32767,2329.0,16300.0
1518.0,1132.0,6690,13358,12853,13118,13185,14648,32767,32767,32767,32767,32767,2046.0,16900.0
1613.0,1290.0,9646,15787,16709,15460,15295,15234,32767,32767,32767,32767,32767,2959.0,16900.0
1499.0,1222.0,8868,14977,15852,14523,14240,15820,32767,32767,32767,32767,32767,2770.0,16900.0
1613.0,1290.0,9957,15787,17566,16866,16350,16406,32767,32767,32767,32767,32767,2770.0,16900.0
1423.0,1200.0,9023,15787,16280,16397,15822,16406,32767,32767,32767,32767,32767,2298.0,16900.0
1537.0,1245.0,9646,15787,16709,16397,15822,16406,32767,32767,32767,32767,32767,2707.0,16900.0
1651.0,1290.0,9957,15787,16709,16397,15822,16406,32767,32767,32767,32767,32767,2928.0,16900.0
1670.0,1607.0,7779,15787,15852,16866,16350,16992,32767,32767,32767,32767,32767,1889.0,16900.0
1727.0,1404.0,10424,17001,17137,17334,16350,16992,32767,32767,32767,32767,32767,2990.0,16900.0
1499.0,1290.0,9646,17811,17566,17803,17404,16992,32767,32767,32767,32767,32767,2172.0,16900.0
1632.0,1336.0,9801,17811,17994,17334,15822,16992,32767,32767,32767,32767,32767,2802.0,16900.0
1670.0,1404.0,10424,18620,18851,17803,17404,16992,32767,32767,32767,32767,32767,2644.0,16900.0
1613.0,1313.0,9490,16192,16709,16866,15822,17578,32767,32767,32767,32767,32767,2613.0,16900.0
1423.0,1132.0,9646,16192,17137,17803,16877,17578,32767,32767,32767,32767,32767,2487.0,16900.0
1992.0,1698.0,8712,16192,15852,15929,16877,17578,32767,32767,32767,32767,32767,2802.0,16900.0
1651.0,1381.0,9646,16192,17137,16397,16350,17578,32767,32767,32767,32767,32767,2550.0,16900.0
1556.0,1313.0,9335,16596,17137,16397,17404,17578,32767,32767,32767,32767,32767,2298.0,16900.0
1689.0,1404.0,9801,16596,17137,16866,15822,17578,32767,32767,32767,32767,32767,2865.0,16900.0
1499.0,1358.0,10113,17406,18851,18271,17404,17578,32767,32767,32767,32767,32767,2266.0,16900.0
1765.0,1472.0,10424,18216,18851,17803,18459,17578,32767,32767,32767,32767,32767,2928.0,16900.0
1973.0,1653.0,10890,18216,19279,18271,17404,17578,32767,32767,32767,32767,32767,3305.0,16900.0
1632.0,1426.0,10735,18620,20136,19208,17932,17578,32767,32767,32767,32767,32767,2518.0,16900.0
1404.0,1245.0,9490,16192,17994,17334,16877,18163,32767,32767,32767,32767,32767,1983.0,16900.0
1461.0,1313.0,9801,17001,17566,18740,17932,18163,32767,32767,32767,32767,32767,2266.0,16900.0
1461.0,1268.0,9801,17406,17994,17803,16877,18163,32767,32767,32767,32767,32767,2204.0,16900.0
1575.0,1313.0,10113,17406,18423,17334,16350,18163,32767,32767,32767,32767,32767,2707.0,16900.0
1651.0,1381.0,10735,17811,18851,19208,17932,18163,32767,32767,32767,32767,32767,2802.0,16900.0
1594.0,1404.0,9957,17811,17994,17334,17932,18163,32767,32767,32767,32767,32767,2455.0,16900.0
1575.0,1358.0,10890,18620,19279,19208,18459,18163,32767,32767,32767,32767,32767,2644.0,16900.0
1708.0,1585.0,10268,19430,20136,19677,20041,18163,32767,32767,32767,32767,32767,2644.0,16900.0
1613.0,1449.0,10424,19430,19708,19677,20041,18163,32767,32767,32767,32767,32767,2266.0,16900.0
1689.0,1585.0,11357,19430,20565,20614,19514,18163,32767,32767,32767,32767,32767,2644.0,16900.0
1480.0,1336.0,9957,17001,18423,17334,16877,18749,32767,32767,32767,32767,32767,2298.0,16900.0
1518.0,1268.0,9646,17406,18423,17334,17404,18749,32767,32767,32767,32767,32767,2361.0,16900.0
1632.0,1426.0,10579,18620,19708,19208,17932,18749,32767,32767,32767,32767,32767,2455.0,16900.0
1499.0,1336.0,10424,18620,19708,19208,18987,18749,32767,32767,32767,32767,32767,2329.0,16900.0
1689.0,1517.0,11357,19835,20993,20145,19514,18749,32767,32767,32767,32767,32767,2392.0,16900.0
1822.0,1721.0,11668,19835,21850,21551,21096,18749,32767,32767,32767,32767,32767,2865.0,16900.0
1708.0,1494.0,11668,20240,21422,21082,18459,18749,32767,32767,32767,32767,32767,2896.0,16900.0
1632.0,1562.0,11668,20644,21850,21082,20041,18749,32767,32767,32767,32767,32767,2550.0,16900.0
1423.0,1268.0,9957,17811,18851,18271,17404,19335,32767,32767,32767,32767,32767,2455.0,16900.0
1822.0,1494.0,11202,18620,20136,18740,18459,19335,32767,32767,32767,32767,32767,2896.0,16900.0
1879.0,1834.0,11046,19025,20565,19677,18987,19335,32767,32767,32767,32767,32767,3053.0,16900.0
1689.0,1630.0,11357,20240,21422,21551,21096,19335,32767,32767,32767,32767,32767,2802.0,16900.0
1442.0,1404.0,10735,20240,21422,20614,20569,19335,32767,32767,32767,32767,32767,1983.0,16900.0
1556.0,1539.0,11202,21454,22278,21551,20569,19335,32767,32767,32767,32767,32767,2235.0,16900.0
1537.0,1539.0,12446,21859,24421,23893,22678,19335,32767,32767,32767,32767,32767,2046.0,16900.0
1973.0,1743.0,11202,19835,20993,20614,20569,19921,32767,32767,32767,32767,32767,2613.0,16900.0
1765.0,1607.0,12757,20240,21422,22019,21096,19921,32767,32767,32767,32767,32767,3022.0,16900.0
1575.0,1539.0,11513,20644,23135,22488,21624,19921,32767,32767,32767,32767,32767,2078.0,16900.0
1575.0,1585.0,11668,21049,22278,22956,21096,19921,32767,32767,32767,32767,32767,2172.0,16900.0
1841.0,1607.0,12291,21454,22707,22488,20569,19921,32767,32767,32767,32767,32767,3179.0,16900.0
2068.0,1811.0,8557,19430,18851,20145,18459,20507,32767,32767,32767,32767,32767,1920.0,16900.0
1784.0,1607.0,11979,19835,21850,20614,20041,20507,32767,32767,32767,32767,32767,2707.0,16900.0
1689.0,1517.0,11357,19835,22278,21082,20041,20507,32767,32767,32767,32767,32767,2392.0,16900.0
1632.0,1472.0,11668,20240,21850,21551,21096,20507,32767,32767,32767,32767,32767,2455.0,16900.0
1575.0,1562.0,11513,20644,23135,22488,23206,20507,32767,32767,32767,32767,32767,2581.0,16900.0
1537.0,1630.0,11824,21049,22707,22019,21624,20507,32767,32767,32767,32767,32767,2172.0,16900.0
1670.0,1539.0,11824,21454,23564,23425,23206,20507,32767,32767,32767,32767,32767,2581.0,16900.0
1556.0,1585.0,11513,21454,22707,22488,22151,20507,32767,32767,32767,32767,32767,2235.0,16900.0
1803.0,1653.0,11979,21859,23564,25299,23733,20507,32767,32767,32767,32767,32767,2928.0,16900.0
1575.0,1494.0,12446,21859,23992,22019,22678,20507,32767,32767,32767,32767,32767,2424.0,16900.0
1575.0,1721.0,12291,21859,23992,23893,22151,20507,32767,32767,32767,32767,32767,2235.0,16900.0
1727.0,1539.0,11979,21859,23992,22956,22151,20507,32767,32767,32767,32767,32767,2581.0,16900.0
1499.0,1607.0,11824,22264,23564,22956,22151,20507,32767,32767,32767,32767,32767,2015.0,16900.0
1537.0,1630.0,12291,22264,24421,22956,22678,20507,32767,32767,32767,32767,32767,2172.0,16900.0
1784.0,1743.0,12602,22668,24421,23893,23206,20507,32767,32767,32767,32767,32767,2865.0,16900.0
1765.0,1675.0,13068,22668,24849,25299,23733,20507,32767,32767,32767,32767,32767,2833.0,16900.0
1556.0,1539.0,11357,20240,21850,22019,21624,21093,32767,32767,32767,32767,32767,2141.0,16900.0
1632.0,1494.0,11202,20644,22278,21551,20569,21093,32767,32767,32767,32767,32767,2172.0,16900.0
1708.0,1562.0,11979,21049,22707,22956,21624,21093,32767,32767,32767,32767,32767,2581.0,16900.0
1765.0,1585.0,11668,21454,22707,22019,21624,21093,32767,32767,32767,32767,32767,2990.0,16900.0
1936.0,2037.0,12135,21859,24849,25299,23733,21093,32767,32767,32767,32767,32767,2266.0,16900.0
1689.0,1607.0,12291,21859,23992,22956,22151,21093,32767,32767,32767,32767,32767,2361.0,16900.0
1594.0,1630.0,12602,22264,23564,23893,23206,21093,32767,32767,32767,32767,32767,2487.0,16900.0
1879.0,1698.0,13224,22668,24849,24362,22151,21093,32767,32767,32767,32767,32767,3179.0,16900.0
1632.0,1653.0,12913,22668,25277,24830,23733,21093,32767,32767,32767,32767,32767,2109.0,16900.0
1537.0,1653.0,12602,22668,23992,23893,22678,21093,32767,32767,32767,32767,32767,2298.0,16900.0
1632.0,1607.0,12602,23073,25706,24362,23733,21093,32767,32767,32767,32767,32767,2078.0,16900.0
1613.0,1630.0,12913,23073,25277,24362,22678,21093,32767,32767,32767,32767,32767,2235.0,16900.0
1670.0,1766.0,12913,23883,25706,24830,23206,21093,32767,32767,32767,32767,32767,2266.0,16900.0
1651.0,1698.0,14002,24692,26563,26704,24788,21093,32767,32767,32767,32767,32767,2424.0,16900.0
1822.0,1607.0,10890,20240,20993,22488,22151,21679,32767,32767,32767,32767,32767,2707.0,16900.0
2030.0,1766.0,11979,21049,21850,21082,21624,21679,32767,32767,32767,32767,32767,3305.0,16900.0
1594.0,1404.0,10424,21454,23564,23425,23733,21679,32767,32767,32767,32767,32767,1857.0,16900.0
1499.0,1336.0,9335,21454,23135,22956,23733,21679,32767,32767,32767,32767,32767,1511.0,16900.0
1670.0,1675.0,13224,21859,25277,23893,23206,21679,32767,32767,32767,32767,32767,2455.0,16900.0
1689.0,1766.0,12135,22264,24421,23893,23206,21679,32767,32767,32767,32767,32767,2078.0,16900.0
1727.0,1675.0,13224,23073,25706,25299,24261,21679,32767,32767,32767,32767,32767,2676.0,16900.0
1632.0,1585.0,13068,23478,25277,24362,24261,21679,32767,32767,32767,32767,32767,2424.0,16900.0
1954.0,1992.0,13224,23478,25277,23893,21624,21679,32767,32767,32767,32767,32767,2455.0,16900.0
1575.0,1698.0,13380,23478,24849,25299,23206,21679,32767,32767,32767,32767,32767,2392.0,16900.0
1651.0,1517.0,13380,23478,26134,24830,23733,21679,32767,32767,32767,32767,32767,2424.0,16900.0
1518.0,1630.0,13224,23883,25706,24830,23733,21679,32767,32767,32767,32767,32767,2172.0,16900.0
1765.0,1811.0,12913,23883,25706,25767,24261,21679,32767,32767,32767,32767,32767,2424.0,16900.0
1746.0,1788.0,12757,24288,26991,26704,25843,21679,32767,32767,32767,32767,32767,2172.0,16900.0
1746.0,1721.0,13224,24288,25706,25767,24261,21679,32767,32767,32767,32767,32767,2613.0,16900.0
1689.0,1698.0,13068,24288,25706,25299,23733,21679,32767,32767,32767,32767,32767,2455.0,16900.0
2049.0,2377.0,14002,25097,27848,26704,25315,21679,32767,32767,32767,32767,32767,3085.0,16900.0
1575.0,1404.0,9335,21859,23992,24830,25843,22265,32767,32767,32767,32767,32767,1731.0,16900.0
1632.0,1766.0,12291,23478,26134,25767,24788,22265,32767,32767,32767,32767,32767,2078.0,16900.0
1651.0,1811.0,13535,23883,26134,25299,24788,22265,32767,32767,32767,32767,32767,2361.0,16900.0
1841.0,1811.0,12913,23883,25277,25767,24261,22265,32767,32767,32767,32767,32767,2676.0,16900.0
1632.0,1698.0,13535,24288,26991,26236,25315,22265,32767,32767,32767,32767,32767,2172.0,16900.0
1575.0,1653.0,13224,24288,26134,25299,25315,22265,32767,32767,32767,32767,32767,2141.0,16900.0
1632.0,1607.0,13535,24692,27420,26704,25843,22265,32767,32767,32767,32767,32767,2204.0,16900.0
1746.0,1766.0,13846,24692,26134,26236,24788,22265,32767,32767,32767,32767,32767,2455.0,16900.0
1556.0,1585.0,12446,23883,26134,25299,25315,22851,32767,32767,32767,32767,32767,1983.0,16900.0
1575.0,1607.0,12757,23883,25277,25299,23733,22851,32767,32767,32767,32767,32767,2046.0,16900.0
1746.0,1924.0,13691,24288,26991,26704,25843,22851,32767,32767,32767,32767,32767,2424.0,16900.0
1651.0,1856.0,14002,24288,26991,26704,25843,22851,32767,32767,32767,32767,32767,2392.0,16900.0
1917.0,1879.0,14469,24692,27420,28578,27425,22851,32767,32767,32767,32767,32767,3116.0,16900.0
1860.0,2037.0,13691,25097,26991,26236,26370,22851,32767,32767,32767,32767,32767,2455.0,16900.0
1632.0,1811.0,14313,25097,28276,26704,24788,22851,32767,32767,32767,32767,32767,2392.0,16900.0
1727.0,1947.0,14158,25502,27420,27173,26370,22851,32767,32767,32767,32767,32767,2613.0,16900.0
1746.0,1856.0,14624,25907,27848,26704,24788,22851,32767,32767,32767,32767,32767,2424.0,16900.0
1746.0,1766.0,14158,25907,28276,27173,26370,22851,32767,32767,32767,32767,32767,2298.0,16900.0
1879.0,2037.0,14469,26311,29562,28110,27952,22851,32767,32767,32767,32767,32767,2770.0,16900.0
1556.0,1585.0,13068,23073,25706,25299,24788,23437,32767,32767,32767,32767,32767,2235.0,16900.0
1613.0,1721.0,12913,24288,26134,25299,23733,23437,32767,32767,32767,32767,32767,2109.0,16900.0
1632.0,1788.0,13535,24692,26991,26236,24788,23437,32767,32767,32767,32767,32767,2361.0,16900.0
1727.0,1856.0,14002,25097,28276,27173,25315,23437,32767,32767,32767,32767,32767,2487.0,16900.0
1879.0,1811.0,14780,25097,27848,28578,27425,23437,32767,32767,32767,32767,32767,3179.0,16900.0
1784.0,1992.0,13846,25502,28705,28110,26370,23437,32767,32767,32767,32767,32767,2361.0,16900.0
1727.0,1879.0,14158,25502,29133,24830,25315,23437,32767,32767,32767,32767,32767,2518.0,16900.0
2030.0,2196.0,14469,26311,29133,29047,28480,23437,32767,32767,32767,32767,32767,2739.0,16900.0
1841.0,1970.0,15247,27121,29990,29515,28480,23437,32767,32767,32767,32767,32767,2644.0,16900.0
2543.0,2219.0,12757,24692,27848,26704,26370,24023,32767,32767,32767,32767,32767,2928.0,16900.0
2315.0,2128.0,14469,25502,28276,27173,26898,24023,32767,32767,32767,32767,32767,3148.0,16900.0
1898.0,1879.0,14780,25502,29562,29984,28480,24023,32767,32767,32767,32767,32767,2518.0,16900.0
1670.0,1834.0,15091,25907,28705,27641,26898,24023,32767,32767,32767,32767,32767,2424.0,16900.0
1992.0,2083.0,14624,26311,29562,29515,27952,24023,32767,32767,32767,32767,32767,2676.0,16900.0
1651.0,1811.0,14935,26311,29133,29047,28480,24023,32767,32767,32767,32767,32767,2266.0,16900.0
2296.0,2490.0,14624,26311,28276,29047,27952,24023,32767,32767,32767,32767,32767,3337.0,16900.0
1803.0,1992.0,15247,26716,29133,28578,27952,24023,32767,32767,32767,32767,32767,2550.0,16900.0
1841.0,1924.0,15247,26716,30847,29515,29535,24023,32767,32767,32767,32767,32767,2613.0,16900.0
1765.0,2083.0,16024,27526,30419,30921,30062,24023,32767,32767,32767,32767,32767,2707.0,16900.0
1973.0,2128.0,16491,29145,31704,32326,31117,24023,32767,32767,32767,32767,32767,3274.0,16900.0
2600.0,2490.0,14158,25502,26991,26704,26898,24609,32767,32767,32767,32767,32767,3368.0,16900.0
1689.0,1811.0,13535,25502,27848,27641,26898,24609,32767,32767,32767,32767,32767,2298.0,16900.0
2315.0,2105.0,13068,25907,28276,28578,27425,24609,32767,32767,32767,32767,32767,2865.0,16900.0
1765.0,1743.0,14780,25907,28276,27641,27425,24609,32767,32767,32767,32767,32767,2707.0,16900.0
2163.0,2377.0,15247,26311,29562,28578,27425,24609,32767,32767,32767,32767,32767,2802.0,16900.0
1898.0,2105.0,15558,26716,29990,28578,28480,24609,32767,32767,32767,32767,32767,2707.0,16900.0
1954.0,2377.0,15091,26716,29133,29984,27952,24609,32767,32767,32767,32767,32767,2865.0,16900.0
2106.0,2468.0,14935,27121,29562,28578,27425,24609,32767,32767,32767,32767,32767,3053.0,16900.0
1689.0,1970.0,14469,27121,29562,29047,28480,24609,32767,32767,32767,32767,32767,2581.0,16900.0
1917.0,2128.0,15558,27121,30419,30921,29535,24609,32767,32767,32767,32767,32767,2644.0,16900.0
2030.0,2286.0,15713,27931,31276,29984,28480,24609,32767,32767,32767,32767,32767,2865.0,16900.0
1841.0,1924.0,15713,28335,29990,30921,30589,24609,32767,32767,32767,32767,32767,2770.0,16900.0
1860.0,2128.0,15713,28335,32132,31389,30589,24609,32767,32767,32767,32767,32767,2644.0,16900.0
1746.0,1788.0,16024,29145,31704,31858,30589,24609,32767,32767,32767,32767,32767,2329.0,16900.0
1973.0,2037.0,16491,29955,32767,32767,31644,24609,32767,32767,32767,32767,32767,2959.0,16900.0
1727.0,1811.0,13846,25502,28705,28578,26370,25194,32767,32767,32767,32767,32767,2078.0,16900.0
2068.0,2286.0,14002,25907,28276,29047,27425,25194,32767,32767,32767,32767,32767,2644.0,16900.0
1784.0,2105.0,14780,27526,30419,30452,31117,25194,32767,32767,32767,32767,32767,2455.0,16900.0
2296.0,2083.0,11668,23883,25277,24362,25315,25780,32767,32767,32767,32767,32767,2802.0,16900.0
2372.0,2241.0,13535,25097,26991,26236,27425,25780,32767,32767,32767,32767,32767,3179.0,16900.0
2125.0,2400.0,15091,26311,30847,30921,29535,25780,32767,32767,32767,32767,32767,2833.0,16900.0
2410.0,2354.0,14469,26716,30419,27641,28480,25780,32767,32767,32767,32767,32767,3116.0,16900.0
2106.0,2264.0,15869,29550,31704,32326,32172,25780,32767,32767,32767,32767,32767,2707.0,16900.0
2676.0,2468.0,10890,22668,24421,25767,25843,26366,32767,32767,32767,32767,32767,2896.0,16900.0
1879.0,2105.0,16180,27931,31704,30921,31117,26366,32767,32767,32767,32767,32767,2550.0,16900.0
1765.0,1947.0,15091,27931,31704,29984,29007,26366,32767,32767,32767,32767,32767,2392.0,16900.0
1651.0,1766.0,14469,28335,30847,30921,30062,26366,32767,32767,32767,32767,32767,2109.0,16900.0
1841.0,2196.0,16647,29550,32767,32767,32767,26366,32767,32767,32767,32767,32767,2770.0,16900.0
2030.0,2219.0,17114,29550,32767,32767,32699,26952,32767,32767,32767,32767,32767,2865.0,16900.0
1822.0,2173.0,16180,30359,32767,32767,32767,26952,32767,32767,32767,32767,32767,2770.0,16900.0
1917.0,1879.0,17580,31574,32767,32767,32767,26952,32767,32767,32767,32767,32767,3179.0,16900.0
1879.0,1970.0,16336,29145,32767,32767,32767,27538,32767,32767,32767,32767,32767,2707.0,16900.0
2144.0,2151.0,15869,29955,32561,31858,31644,27538,32767,32767,32767,32767,32767,2581.0,16900.0
1803.0,2037.0,16958,30359,32767,32767,32699,27538,32767,32767,32767,32767,32767,2424.0,16900.0
1973.0,2083.0,12757,29955,32767,32767,32767,28124,32767,32767,32767,32767,32767,2392.0,16900.0
2486.0,2196.0,13068,27121,28705,28578,29535,29296,32767,32767,32767,32767,32767,2959.0,16900.0
1413.0,1012.0,9887,16078,17017,17213,16759,16873,32767,32767,32767,32767,32767,3407.0,17500.0
1677.0,1281.0,11896,19696,19995,20004,18330,17454,32767,32767,32767,32767,32767,3626.0,17500.0
1489.0,1146.0,10814,18088,19144,20004,18854,18036,32767,32767,32767,32767,32767,2813.0,17500.0
1526.0,1169.0,11278,18490,19570,20470,18854,18036,32767,32767,32767,32767,32767,3282.0,17500.0
1620.0,1416.0,11432,19294,20846,20935,19901,18036,32767,32767,32767,32767,32767,2719.0,17500.0
1620.0,1416.0,11741,19294,20846,20935,19901,18036,32767,32767,32767,32767,32767,2938.0,17500.0
1338.0,1191.0,9578,19294,19144,21865,20425,18618,32767,32767,32767,32767,32767,1532.0,17500.0
1639.0,1349.0,11432,20098,21272,21865,20425,19200,32767,32767,32767,32767,32767,2813.0,17500.0
1696.0,1506.0,12205,20500,22973,21865,20949,19200,32767,32767,32767,32767,32767,3095.0,17500.0
1658.0,1394.0,12050,20500,22548,21865,19901,19200,32767,32767,32767,32767,32767,3001.0,17500.0
1620.0,1416.0,11896,20902,22123,21865,21472,19200,32767,32767,32767,32767,32767,2657.0,17500.0
1696.0,1349.0,13286,21706,23399,23261,21996,19200,32767,32767,32767,32767,32767,3876.0,17500.0
1620.0,1416.0,11587,20500,22123,22331,20949,19782,32767,32767,32767,32767,32767,2563.0,17500.0
1620.0,1394.0,12050,20902,22123,21865,19901,19782,32767,32767,32767,32767,32767,2751.0,17500.0
1602.0,1416.0,11896,21304,22973,21865,20949,19782,32767,32767,32767,32767,32767,2594.0,17500.0
1564.0,1214.0,11278,19696,20421,22796,20425,20364,32767,32767,32767,32767,32767,3063.0,17500.0
1583.0,1326.0,11432,20098,22123,21865,20425,20364,32767,32767,32767,32767,32767,2594.0,17500.0
1771.0,1484.0,12050,20098,21272,22331,21472,20364,32767,32767,32767,32767,32767,3282.0,17500.0
1639.0,1326.0,11741,20902,22548,22331,21472,20364,32767,32767,32767,32767,32767,2626.0,17500.0
1602.0,1484.0,12359,20902,23824,22796,22520,20364,32767,32767,32767,32767,32767,2563.0,17500.0
1564.0,1484.0,12050,20902,23399,22331,22520,20364,32767,32767,32767,32767,32767,2563.0,17500.0
1639.0,1416.0,11896,20902,22548,22796,20949,20364,32767,32767,32767,32767,32767,2719.0,17500.0
1620.0,1461.0,12050,21304,22548,21865,20425,20364,32767,32767,32767,32767,32767,2626.0,17500.0
1602.0,1439.0,12359,21304,23399,23261,22520,20364,32767,32767,32767,32767,32767,2563.0,17500.0
1564.0,1259.0,12205,21706,22973,22796,22520,20364,32767,32767,32767,32767,32767,2751.0,17500.0
1865.0,1664.0,13286,22912,24675,26518,24615,20945,32767,32767,32767,32767,32767,3032.0,17500.0
1696.0,1574.0,13132,23716,25526,24657,24091,21527,32767,32767,32767,32767,32767,2626.0,17500.0
1658.0,1596.0,13132,23716,25951,24657,24091,21527,32767,32767,32767,32767,32767,2532.0,17500.0
1639.0,1304.0,14676,25725,28929,27913,25138,21527,32767,32767,32767,32767,32767,3470.0,17500.0
1545.0,1102.0,12205,22912,23399,23726,22520,22109,32767,32767,32767,32767,32767,3720.0,17500.0
1734.0,1619.0,13132,23314,25951,25587,25138,22109,32767,32767,32767,32767,32767,2469.0,17500.0
1620.0,1529.0,12977,24118,25526,25122,24615,22109,32767,32767,32767,32767,32767,2469.0,17500.0
1583.0,1529.0,12823,24118,26377,26052,25662,22691,32767,32767,32767,32767,32767,2188.0,17500.0
1696.0,1641.0,13904,24519,26802,26518,25662,23273,32767,32767,32767,32767,32767,2782.0,17500.0
1715.0,1619.0,13749,24921,27228,27913,27233,23273,32767,32767,32767,32767,32767,2813.0,17500.0
1734.0,1394.0,14058,25323,28504,29309,26186,23273,32767,32767,32767,32767,32767,3470.0,17500.0
1658.0,1619.0,13595,25323,26802,26518,24615,23273,32767,32767,32767,32767,32767,2688.0,17500.0
1715.0,1506.0,14367,26529,28929,28378,27757,23273,32767,32767,32767,32767,32767,3251.0,17500.0
1696.0,1574.0,13904,24921,28504,28378,26709,23854,32767,32767,32767,32767,32767,2407.0,17500.0
1809.0,1619.0,14985,26127,30206,29309,28281,23854,32767,32767,32767,32767,32767,3407.0,17500.0
1960.0,1821.0,14985,27735,28929,29309,29328,23854,32767,32767,32767,32767,32767,3532.0,17500.0
1658.0,1619.0,15294,28137,30631,31170,28804,23854,32767,32767,32767,32767,32767,2688.0,17500.0
1979.0,1843.0,15603,27333,28504,30704,29852,24436,32767,32767,32767,32767,32767,2813.0,17500.0
1432.0,1371.0,13749,24519,26377,26983,26186,25018,32767,32767,32767,32767,32767,1657.0,17500.0
1620.0,1664.0,13749,26529,28079,28844,27757,25018,32767,32767,32767,32767,32767,2407.0,17500.0
1620.0,1686.0,14522,26529,29355,28844,27757,25018,32767,32767,32767,32767,32767,2219.0,17500.0
1771.0,1866.0,14522,26931,29780,29774,28281,25018,32767,32767,32767,32767,32767,2688.0,17500.0
1828.0,1843.0,15294,27735,31482,29774,29328,25018,32767,32767,32767,32767,32767,2876.0,17500.0
1696.0,1821.0,15140,27735,31057,29774,28281,25018,32767,32767,32767,32767,32767,2282.0,17500.0
1658.0,1551.0,14831,28137,30631,30239,28804,25018,32767,32767,32767,32767,32767,2407.0,17500.0
1865.0,2023.0,15449,28137,31057,30704,29852,25018,32767,32767,32767,32767,32767,2907.0,17500.0
1903.0,1888.0,14522,28137,30631,30704,30899,25018,32767,32767,32767,32767,32767,2907.0,17500.0
1960.0,2091.0,14676,29343,31482,32100,29852,25018,32767,32767,32767,32767,32767,3095.0,17500.0
1884.0,1978.0,14213,26529,26377,30704,29328,25600,32767,32767,32767,32767,32767,2251.0,17500.0
1677.0,1776.0,14367,27333,29780,29774,29328,25600,32767,32767,32767,32767,32767,2344.0,17500.0
1677.0,1731.0,14831,27333,30631,30239,30375,25600,32767,32767,32767,32767,32767,2407.0,17500.0
1771.0,1731.0,14522,27735,29780,30704,29328,25600,32767,32767,32767,32767,32767,2469.0,17500.0
1790.0,1866.0,15294,28539,31057,29774,28804,25600,32767,32767,32767,32767,32767,2782.0,17500.0
1734.0,1753.0,15912,28941,32758,31635,29852,25600,32767,32767,32767,32767,32767,2626.0,17500.0
1715.0,1753.0,13286,27333,29780,29774,29328,26182,32767,32767,32767,32767,32767,2094.0,17500.0
1734.0,1866.0,14985,27333,31907,30704,29328,26182,32767,32767,32767,32767,32767,2282.0,17500.0
1639.0,1664.0,14213,27333,30206,29774,29328,26182,32767,32767,32767,32767,32767,2282.0,17500.0
1639.0,1641.0,13904,28137,30631,29774,28281,26182,32767,32767,32767,32767,32767,2063.0,17500.0
1809.0,1821.0,15912,29343,32758,32767,32470,26182,32767,32767,32767,32767,32767,2782.0,17500.0
1752.0,1821.0,14213,28539,31482,31635,30375,26764,32767,32767,32767,32767,32767,2251.0,17500.0
1677.0,1888.0,15140,29745,31482,32565,31947,26764,32767,32767,32767,32767,32767,2344.0,17500.0
1922.0,1933.0,16839,30951,32767,32767,32767,26764,32767,32767,32767,32767,32767,3157.0,17500.0
1752.0,1843.0,15912,29343,32333,32767,32767,27345,32767,32767,32767,32767,32767,2719.0,17500.0
1790.0,1933.0,14522,29343,32758,32100,29852,27345,32767,32767,32767,32767,32767,2438.0,17500.0
1734.0,1664.0,15912,30147,32767,32767,32767,27345,32767,32767,32767,32767,32767,2532.0,17500.0
1809.0,1933.0,15758,30147,32767,32767,32470,27345,32767,32767,32767,32767,32767,2594.0,17500.0
1734.0,1821.0,16376,30147,32767,32767,31947,27345,32767,32767,32767,32767,32767,2376.0,17500.0
1677.0,1731.0,14985,30147,32767,32767,32470,27345,32767,32767,32767,32767,32767,2157.0,17500.0
1677.0,1529.0,15912,31353,32767,32767,32767,27345,32767,32767,32767,32767,32767,2626.0,17500.0
1809.0,2046.0,15912,30147,32767,32767,32767,27927,32767,32767,32767,32767,32767,2626.0,17500.0
2035.0,1978.0,15449,30147,32758,32767,31947,27927,32767,32767,32767,32767,32767,2688.0,17500.0
1809.0,1933.0,15758,30951,32767,32767,32767,27927,32767,32767,32767,32767,32767,2376.0,17500.0
1715.0,1956.0,15758,30951,32767,32767,32767,28509,32767,32767,32767,32767,32767,2469.0,17500.0
1847.0,2136.0,17612,31353,32767,32767,32767,28509,32767,32767,32767,32767,32767,2876.0,17500.0
1865.0,2046.0,17457,31755,32767,32767,32767,29091,32767,32767,32767,32767,32767,2845.0,17500.0
1752.0,1956.0,16376,32157,32767,32767,32767,29091,32767,32767,32767,32767,32767,2469.0,17500.0
1865.0,1753.0,17303,32157,32767,32767,32767,29091,32767,32767,32767,32767,32767,3376.0,17500.0
1847.0,2113.0,17148,32767,32767,32767,32767,29091,32767,32767,32767,32767,32767,2657.0,17500.0
1865.0,2181.0,16376,32767,32767,32767,32767,29091,32767,32767,32767,32767,32767,2657.0,17500.0
1997.0,2203.0,17457,31755,32767,32767,32767,29673,32767,32767,32767,32767,32767,2907.0,17500.0
1752.0,1933.0,17457,32559,32767,32767,32767,29673,32767,32767,32767,32767,32767,2376.0,17500.0
1922.0,2113.0,17766,32767,32767,32767,32767,29673,32767,32767,32767,32767,32767,2626.0,17500.0
2016.0,2181.0,16530,32767,32767,32767,32767,30254,32767,32767,32767,32767,32767,2438.0,17500.0
1752.0,1776.0,13440,31353,32767,32767,32767,30836,32767,32767,32767,32767,32767,1938.0,17500.0
1734.0,1956.0,16221,32767,32767,32767,32767,31418,32767,32767,32767,32767,32767,2344.0,17500.0
1828.0,2158.0,16839,32767,32767,32767,32767,32767,32767,32767,32767,32767,32767,2469.0,17500.0
1715.0,1798.0,15140,32767,32767,32767,32767,32767,32767,32767,32767,32767,32767,1907.0,17500.0
2349.0,2433.0,16271,32767,32767,32767,32767,32767,32767,32767,32767,32767,32767,3081.0,17500.0
1181.0,1006.0,5685,12792,12270,12029,11979,14465,32767,32767,32767,32767,32767,1088.0,17600.0
1259.0,1121.0,6469,13225,13149,14379,14098,15662,32767,32767,32767,32767,32767,1309.0,17600.0
1256.0,1185.0,5992,13591,13116,12955,12500,16201,32767,32767,32767,32767,32767,1243.0,17600.0
1199.0,1073.0,6760,14791,13962,14805,14583,16201,32767,32767,32767,32767,32767,1212.0,17600.0
1451.0,1249.0,9334,16452,16998,18134,16842,17577,32767,32767,32767,32767,32767,2406.0,17600.0
1616.0,1636.0,10012,18836,18663,19017,19320,17983,32767,32767,32767,32767,32767,2088.0,17600.0
1432.0,1205.0,10388,18410,19486,19494,19394,18143,32767,32767,32767,32767,32767,2346.0,17600.0
1278.0,1076.0,9704,18034,17391,18553,17231,18563,32767,32767,32767,32767,32767,1215.0,17600.0
1561.0,1380.0,11442,19586,20315,20855,19394,18710,32767,32767,32767,32767,32767,2955.0,17600.0
1542.0,1336.0,11743,19977,21144,20855,20414,18710,32767,32767,32767,32767,32767,2924.0,17600.0
1240.0,1076.0,8009,16030,16542,17626,17231,19143,32767,32767,32767,32767,32767,1215.0,17600.0
1634.0,1614.0,11706,20439,22481,22264,21408,19143,32767,32767,32767,32767,32767,2213.0,17600.0
1524.0,1314.0,11442,19586,21144,22215,20925,19844,32767,32767,32767,32767,32767,2833.0,17600.0
1469.0,1293.0,10990,19586,20729,21308,20414,19844,32767,32767,32767,32767,32767,2315.0,17600.0
1728.0,1636.0,11552,21641,22905,23192,21930,20303,32767,32767,32767,32767,32767,2369.0,17600.0
1672.0,1591.0,11552,21641,23753,22728,22453,20303,32767,32767,32767,32767,32767,2244.0,17600.0
1579.0,1446.0,12947,21544,23217,23575,22456,20411,32767,32767,32767,32767,32767,3016.0,17600.0
2005.0,2034.0,9372,21187,21155,20820,20833,20830,32767,32767,32767,32767,32767,2176.0,17600.0
1559.0,1524.0,11090,20840,22057,21336,21408,20883,32767,32767,32767,32767,32767,1776.0,17600.0
1747.0,1748.0,11398,20840,23753,21800,21930,20883,32767,32767,32767,32767,32767,2400.0,17600.0
1503.0,1322.0,11706,20840,22057,22264,20364,20883,32767,32767,32767,32767,32767,2493.0,17600.0
1578.0,1614.0,11398,21240,23329,22728,21408,20883,32767,32767,32767,32767,32767,2182.0,17600.0
1522.0,1524.0,12322,22042,24177,23192,22453,20883,32767,32767,32767,32767,32767,2369.0,17600.0
1634.0,1479.0,12630,22042,24177,23656,22975,20883,32767,32767,32767,32767,32767,2524.0,17600.0
1598.0,1599.0,11893,21936,24046,23121,22966,20978,32767,32767,32767,32767,32767,2346.0,17600.0
1368.0,1140.0,10908,21586,21578,22208,21354,21409,32767,32767,32767,32767,32767,1368.0,17600.0
1612.0,1699.0,12752,22786,24963,23596,22917,21409,32767,32767,32767,32767,32767,2238.0,17600.0
1465.0,1412.0,10628,18836,20360,20873,19320,21463,32767,32767,32767,32767,32767,1745.0,17600.0
1672.0,1681.0,12630,22843,25026,24119,23497,21463,32767,32767,32767,32767,32767,2275.0,17600.0
1634.0,1555.0,13098,22328,25290,24028,23477,21545,32767,32767,32767,32767,32767,2650.0,17600.0
2020.0,1906.0,12345,22328,24046,23121,23987,21545,32767,32767,32767,32767,32767,2742.0,17600.0
1744.0,1643.0,13700,23111,26119,27202,25008,21545,32767,32767,32767,32767,32767,3259.0,17600.0
1630.0,1699.0,13059,22786,24963,24521,22917,21987,32767,32767,32767,32767,32767,2518.0,17600.0
1649.0,1721.0,11984,22786,24963,21282,21354,21987,32767,32767,32767,32767,32767,1927.0,17600.0
1593.0,1789.0,13674,24385,27501,25909,25521,21987,32767,32767,32767,32767,32767,2456.0,17600.0
1593.0,1632.0,13213,24385,27078,26372,24479,21987,32767,32767,32767,32767,32767,2425.0,17600.0
1612.0,1632.0,13213,24385,25809,25446,25000,21987,32767,32767,32767,32767,32767,2238.0,17600.0
1578.0,1591.0,13092,22443,25450,25047,24019,22043,32767,32767,32767,32767,32767,2431.0,17600.0
1728.0,1636.0,12168,22443,24177,25047,24019,22043,32767,32767,32767,32767,32767,2431.0,17600.0
1691.0,1771.0,13092,22443,24602,24583,24019,22043,32767,32767,32767,32767,32767,2462.0,17600.0
1522.0,1591.0,12784,22843,24602,24119,23497,22043,32767,32767,32767,32767,32767,2275.0,17600.0
1672.0,1591.0,13246,22843,25026,24119,24019,22043,32767,32767,32767,32767,32767,2524.0,17600.0
1522.0,1457.0,11552,22843,24177,23656,23497,22043,32767,32767,32767,32767,32767,1932.0,17600.0
1747.0,1793.0,12784,22843,24602,24583,24019,22043,32767,32767,32767,32767,32767,2275.0,17600.0
1710.0,1726.0,12630,22843,25026,24119,24019,22043,32767,32767,32767,32767,32767,2244.0,17600.0
1597.0,1703.0,12938,22843,25874,24583,24541,22043,32767,32767,32767,32767,32767,2213.0,17600.0
1728.0,1748.0,12938,23244,24602,25047,23497,22043,32767,32767,32767,32767,32767,2462.0,17600.0
1597.0,1547.0,12630,23244,24177,23656,22975,22043,32767,32767,32767,32767,32767,2306.0,17600.0
1616.0,1502.0,12784,23244,25026,24119,23497,22043,32767,32767,32767,32767,32767,2369.0,17600.0
1597.0,1569.0,12630,23244,24177,23656,23497,22043,32767,32767,32767,32767,32767,2337.0,17600.0
1634.0,1591.0,13246,23244,25450,24119,22975,22043,32767,32767,32767,32767,32767,2431.0,17600.0
1653.0,1681.0,13092,23244,25026,24119,23497,22043,32767,32767,32767,32767,32767,2431.0,17600.0
1691.0,1636.0,13246,23645,25450,25047,24019,22043,32767,32767,32767,32767,32767,2618.0,17600.0
1522.0,1591.0,13092,23645,26298,24583,24019,22043,32767,32767,32767,32767,32767,2213.0,17600.0
1634.0,1636.0,13246,24046,25450,24583,24019,22043,32767,32767,32767,32767,32767,2337.0,17600.0
1691.0,1659.0,12784,24046,25450,24119,24019,22043,32767,32767,32767,32767,32767,2182.0,17600.0
1634.0,1591.0,13400,24446,27147,26439,25586,22043,32767,32767,32767,32767,32767,2524.0,17600.0
1766.0,1614.0,12630,25248,26298,23192,22975,22043,32767,32767,32767,32767,32767,2743.0,17600.0
2043.0,2437.0,13213,22786,25809,23596,22917,22566,32767,32767,32767,32767,32767,2798.0,17600.0
1574.0,1610.0,13213,23985,25809,24521,24479,22566,32767,32767,32767,32767,32767,2145.0,17600.0
1574.0,1744.0,13059,23985,25809,24521,24479,22566,32767,32767,32767,32767,32767,2394.0,17600.0
1649.0,1789.0,13520,24385,26655,25446,25000,22566,32767,32767,32767,32767,32767,2425.0,17600.0
1668.0,1811.0,13213,24784,26232,25909,25000,22566,32767,32767,32767,32767,32767,2363.0,17600.0
1593.0,1811.0,13520,24784,27078,26372,25521,22566,32767,32767,32767,32767,32767,2394.0,17600.0
1559.0,1659.0,12322,22443,24602,23192,23497,22623,32767,32767,32767,32767,32767,2088.0,17600.0
1804.0,1838.0,12784,22443,25026,24583,24019,22623,32767,32767,32767,32767,32767,2462.0,17600.0
1634.0,1636.0,13246,23244,26722,25975,24541,22623,32767,32767,32767,32767,32767,2213.0,17600.0
1616.0,1591.0,13400,23585,25809,25511,25586,22623,32767,32767,32767,32767,32767,2400.0,17600.0
1634.0,1636.0,13092,23645,25026,25047,24019,22623,32767,32767,32767,32767,32767,2431.0,17600.0
1616.0,1591.0,13555,23645,27147,26439,25063,22623,32767,32767,32767,32767,32767,2275.0,17600.0
1672.0,1614.0,13400,24046,26722,26902,25586,22623,32767,32767,32767,32767,32767,2462.0,17600.0
1616.0,1681.0,12938,24046,25874,25511,25063,22623,32767,32767,32767,32767,32767,2088.0,17600.0
1653.0,1726.0,12938,24446,25874,24583,25586,22623,32767,32767,32767,32767,32767,2150.0,17600.0
1747.0,1860.0,13400,24446,26722,25975,26108,22623,32767,32767,32767,32767,32767,2400.0,17600.0
1579.0,1402.0,12496,22328,23217,24935,24497,22679,32767,32767,32767,32767,32767,2863.0,17600.0
1708.0,1577.0,13248,23503,25290,26748,25008,22679,32767,32767,32767,32767,32767,3138.0,17600.0
1537.0,1677.0,12291,22786,25809,23596,24479,23145,32767,32767,32767,32767,32767,2114.0,17600.0
1687.0,1811.0,13367,23585,27078,25909,25521,23145,32767,32767,32767,32767,32767,2300.0,17600.0
1799.0,1990.0,12906,23585,26232,23596,23438,23145,32767,32767,32767,32767,32767,2331.0,17600.0
1668.0,1811.0,12906,24385,26232,25909,24479,23145,32767,32767,32767,32767,32767,2238.0,17600.0
1593.0,1699.0,12752,24385,25809,24984,25000,23145,32767,32767,32767,32767,32767,2207.0,17600.0
1855.0,2034.0,12598,24385,26655,23596,23958,23145,32767,32767,32767,32767,32767,2425.0,17600.0
1668.0,1789.0,13367,24784,27078,25909,25000,23145,32767,32767,32767,32767,32767,2269.0,17600.0
1724.0,1856.0,13213,24784,27078,26834,26042,23145,32767,32767,32767,32767,32767,2269.0,17600.0
1649.0,1744.0,13367,24784,26655,25446,25521,23145,32767,32767,32767,32767,32767,2331.0,17600.0
1630.0,1856.0,13367,24784,26655,26372,26042,23145,32767,32767,32767,32767,32767,2456.0,17600.0
1612.0,1856.0,13520,25184,27501,26372,26042,23145,32767,32767,32767,32767,32767,2456.0,17600.0
1649.0,1766.0,14135,25184,27924,26834,26042,23145,32767,32767,32767,32767,32767,2300.0,17600.0
1649.0,1766.0,13520,25184,27078,26372,26042,23145,32767,32767,32767,32767,32767,2300.0,17600.0
1724.0,1967.0,14135,25584,28770,26372,26563,23145,32767,32767,32767,32767,32767,2425.0,17600.0
1649.0,1900.0,14135,26383,28770,27760,27083,23145,32767,32767,32767,32767,32767,2487.0,17600.0
1559.0,1636.0,12476,23244,25026,24119,24019,23203,32767,32767,32767,32767,32767,2026.0,17600.0
1691.0,1883.0,13246,23645,27147,25975,25586,23203,32767,32767,32767,32767,32767,2213.0,17600.0
1710.0,1771.0,12784,23645,25450,25047,24541,23203,32767,32767,32767,32767,32767,2337.0,17600.0
1691.0,1636.0,13709,24046,27147,27830,25586,23203,32767,32767,32767,32767,32767,2556.0,17600.0
1653.0,1636.0,13555,24046,26298,25975,25586,23203,32767,32767,32767,32767,32767,2618.0,17600.0
1710.0,1771.0,13863,24046,26722,25047,25063,23203,32767,32767,32767,32767,32767,2493.0,17600.0
1710.0,1726.0,13555,24446,27571,26902,26108,23203,32767,32767,32767,32767,32767,2618.0,17600.0
1634.0,1569.0,13400,24446,26722,25975,25586,23203,32767,32767,32767,32767,32767,2150.0,17600.0
1672.0,1703.0,13709,24446,27147,25047,25063,23203,32767,32767,32767,32767,32767,2400.0,17600.0
1728.0,1748.0,13555,24847,27147,25975,26108,23203,32767,32767,32767,32767,32767,2587.0,17600.0
1634.0,1703.0,13709,24847,27995,25511,26108,23203,32767,32767,32767,32767,32767,2275.0,17600.0
1710.0,1636.0,13709,24847,26722,26902,26108,23203,32767,32767,32767,32767,32767,2431.0,17600.0
1672.0,1748.0,14017,24847,27147,26439,25063,23203,32767,32767,32767,32767,32767,2400.0,17600.0
1634.0,1659.0,13863,24847,27995,26902,26630,23203,32767,32767,32767,32767,32767,2182.0,17600.0
1747.0,1950.0,13709,25248,27147,26439,26108,23203,32767,32767,32767,32767,32767,2400.0,17600.0
1710.0,1681.0,13863,25248,27995,26902,26108,23203,32767,32767,32767,32767,32767,2213.0,17600.0
1634.0,1838.0,13709,25248,27147,25975,26630,23203,32767,32767,32767,32767,32767,2244.0,17600.0
1691.0,1659.0,14325,25248,28419,27366,27152,23203,32767,32767,32767,32767,32767,2369.0,17600.0
1672.0,1681.0,13709,25248,27571,26439,26108,23203,32767,32767,32767,32767,32767,2275.0,17600.0
1691.0,1860.0,14017,25248,27571,26902,25586,23203,32767,32767,32767,32767,32767,2493.0,17600.0
1968.0,1923.0,10755,21986,23270,23596,23438,23723,32767,32767,32767,32767,32767,1927.0,17600.0
1668.0,1789.0,13367,23185,26655,25446,25000,23723,32767,32767,32767,32767,32767,2456.0,17600.0
1612.0,1789.0,13520,23985,26232,25446,25000,23723,32767,32767,32767,32767,32767,2456.0,17600.0
1649.0,1744.0,13367,23985,27078,24984,26563,23723,32767,32767,32767,32767,32767,2238.0,17600.0
1612.0,1766.0,13367,23985,26655,25909,26042,23723,32767,32767,32767,32767,32767,2300.0,17600.0
1761.0,1923.0,12752,24385,25386,24984,25000,23723,32767,32767,32767,32767,32767,2363.0,17600.0
1687.0,1833.0,13367,24385,26232,25446,25000,23723,32767,32767,32767,32767,32767,2425.0,17600.0
1705.0,1900.0,13828,24385,27078,25909,25000,23723,32767,32767,32767,32767,32767,2487.0,17600.0
1668.0,1699.0,13213,24385,26655,26372,26563,23723,32767,32767,32767,32767,32767,2549.0,17600.0
1705.0,1945.0,14442,24784,28347,25909,26042,23723,32767,32767,32767,32767,32767,2705.0,17600.0
1668.0,1789.0,13674,24784,27501,26372,26042,23723,32767,32767,32767,32767,32767,2456.0,17600.0
1612.0,1789.0,14135,24784,27924,28222,27083,23723,32767,32767,32767,32767,32767,2394.0,17600.0
1668.0,1789.0,13674,25184,27078,27297,27083,23723,32767,32767,32767,32767,32767,2269.0,17600.0
1668.0,1833.0,13828,25184,27501,26834,26563,23723,32767,32767,32767,32767,32767,2425.0,17600.0
1630.0,1856.0,13828,25184,27501,26372,26563,23723,32767,32767,32767,32767,32767,2394.0,17600.0
1705.0,1878.0,13828,25184,27078,26372,26042,23723,32767,32767,32767,32767,32767,2487.0,17600.0
1705.0,1878.0,14442,25584,28770,27297,27083,23723,32767,32767,32767,32767,32767,2487.0,17600.0
1630.0,1811.0,13674,25584,27924,25909,25521,23723,32767,32767,32767,32767,32767,2394.0,17600.0
1687.0,1923.0,14135,25584,28770,26834,27083,23723,32767,32767,32767,32767,32767,2456.0,17600.0
1724.0,1856.0,15057,26383,28770,28222,27604,23723,32767,32767,32767,32767,32767,2518.0,17600.0
1761.0,1878.0,14903,26783,28770,27760,27604,23723,32767,32767,32767,32767,32767,2580.0,17600.0
1616.0,1771.0,13246,23244,26722,24583,25063,23783,32767,32767,32767,32767,32767,2400.0,17600.0
1710.0,1748.0,12322,23244,24602,25047,24019,23783,32767,32767,32767,32767,32767,2369.0,17600.0
1747.0,1703.0,13709,23645,27147,25511,24019,23783,32767,32767,32767,32767,32767,2587.0,17600.0
1860.0,1905.0,13092,23645,25450,25047,24541,23783,32767,32767,32767,32767,32767,2524.0,17600.0
1653.0,1771.0,12938,24446,26298,25975,25586,23783,32767,32767,32767,32767,32767,2088.0,17600.0
1616.0,1659.0,13400,24446,27147,26902,27152,23783,32767,32767,32767,32767,32767,2213.0,17600.0
1691.0,1703.0,14017,24847,28419,27830,27152,23783,32767,32767,32767,32767,32767,2306.0,17600.0
1691.0,1748.0,13863,24847,27571,25975,25063,23783,32767,32767,32767,32767,32767,2369.0,17600.0
1766.0,1950.0,13555,24847,27147,26902,26630,23783,32767,32767,32767,32767,32767,2337.0,17600.0
1672.0,1748.0,13555,24847,27147,26902,26108,23783,32767,32767,32767,32767,32767,2213.0,17600.0
1672.0,1726.0,13709,24847,27147,26439,25063,23783,32767,32767,32767,32767,32767,2462.0,17600.0
1710.0,1928.0,13555,24847,26722,25975,26108,23783,32767,32767,32767,32767,32767,2306.0,17600.0
1672.0,1815.0,14171,24847,27571,26439,26108,23783,32767,32767,32767,32767,32767,2306.0,17600.0
1559.0,1591.0,13555,24847,26722,25511,25586,23783,32767,32767,32767,32767,32767,2275.0,17600.0
1672.0,1726.0,14171,24847,27995,26902,26108,23783,32767,32767,32767,32767,32767,2369.0,17600.0
1672.0,1726.0,13863,25248,28419,26902,26108,23783,32767,32767,32767,32767,32767,2306.0,17600.0
1653.0,1636.0,14171,25248,27571,27366,26108,23783,32767,32767,32767,32767,32767,2306.0,17600.0
1653.0,1771.0,13863,25248,27571,26902,26630,23783,32767,32767,32767,32767,32767,2182.0,17600.0
1710.0,1905.0,13863,25248,27995,26439,26630,23783,32767,32767,32767,32767,32767,2400.0,17600.0
1728.0,1883.0,14633,25248,27995,27366,27152,23783,32767,32767,32767,32767,32767,2337.0,17600.0
1710.0,1860.0,13709,25248,28419,26902,26630,23783,32767,32767,32767,32767,32767,2213.0,17600.0
1747.0,1928.0,14633,26050,29267,30149,28718,23783,32767,32767,32767,32767,32767,2306.0,17600.0
1710.0,1883.0,13863,26050,27995,27366,27674,23783,32767,32767,32767,32767,32767,2150.0,17600.0
1710.0,1883.0,14325,26050,28843,27366,26630,23783,32767,32767,32767,32767,32767,2306.0,17600.0
1691.0,1883.0,13863,26050,27995,27830,27152,23783,32767,32767,32767,32767,32767,2369.0,17600.0
1672.0,1681.0,14325,26050,28419,27366,26630,23783,32767,32767,32767,32767,32767,2275.0,17600.0
1653.0,1748.0,14017,26050,28843,27366,27152,23783,32767,32767,32767,32767,32767,2244.0,17600.0
1710.0,1905.0,14171,26050,28419,26902,27674,23783,32767,32767,32767,32767,32767,2369.0,17600.0
1747.0,1950.0,14787,26450,29692,28294,28718,23783,32767,32767,32767,32767,32767,2400.0,17600.0
1785.0,1950.0,14325,26450,28843,27830,27152,23783,32767,32767,32767,32767,32767,2337.0,17600.0
1897.0,2017.0,14479,26450,28843,28294,28718,23783,32767,32767,32767,32767,32767,2618.0,17600.0
1649.0,1900.0,13981,24784,28347,27297,26042,24302,32767,32767,32767,32767,32767,2487.0,17600.0
1630.0,1766.0,13828,24784,27924,27297,27083,24302,32767,32767,32767,32767,32767,2238.0,17600.0
1687.0,1811.0,13981,25184,28347,25909,25521,24302,32767,32767,32767,32767,32767,2300.0,17600.0
1687.0,1878.0,14135,25584,27501,26834,27083,24302,32767,32767,32767,32767,32767,2518.0,17600.0
1649.0,1721.0,13981,25584,28347,26834,26042,24302,32767,32767,32767,32767,32767,2300.0,17600.0
1668.0,1856.0,14288,25584,28770,27297,26563,24302,32767,32767,32767,32767,32767,2456.0,17600.0
1649.0,1811.0,13981,25584,28347,26834,27083,24302,32767,32767,32767,32767,32767,2394.0,17600.0
1630.0,1744.0,13828,25584,27501,26372,26563,24302,32767,32767,32767,32767,32767,2331.0,17600.0
1668.0,1878.0,14135,25584,27078,25909,26042,24302,32767,32767,32767,32767,32767,2518.0,17600.0
1780.0,1945.0,14135,25584,27924,26834,26042,24302,32767,32767,32767,32767,32767,2394.0,17600.0
1649.0,1811.0,14442,25584,28770,27760,26563,24302,32767,32767,32767,32767,32767,2425.0,17600.0
1780.0,1945.0,14135,25584,28347,27760,27083,24302,32767,32767,32767,32767,32767,2363.0,17600.0
1687.0,1811.0,14135,25584,28347,26372,26563,24302,32767,32767,32767,32767,32767,2518.0,17600.0
1630.0,1789.0,13981,25584,28347,26834,26042,24302,32767,32767,32767,32767,32767,2269.0,17600.0
1687.0,1878.0,14135,25584,28347,27297,27083,24302,32767,32767,32767,32767,32767,2394.0,17600.0
1780.0,1967.0,14288,25984,28347,28685,27604,24302,32767,32767,32767,32767,32767,2363.0,17600.0
1743.0,1878.0,14442,25984,28347,27760,26563,24302,32767,32767,32767,32767,32767,2456.0,17600.0
1705.0,1856.0,14749,25984,29194,27760,27604,24302,32767,32767,32767,32767,32767,2487.0,17600.0
1761.0,2057.0,14903,25984,29617,27760,28125,24302,32767,32767,32767,32767,32767,2642.0,17600.0
1687.0,1878.0,13674,25984,27078,27297,26042,24302,32767,32767,32767,32767,32767,2394.0,17600.0
1649.0,1833.0,14288,25984,29194,28222,27083,24302,32767,32767,32767,32767,32767,2394.0,17600.0
1743.0,2079.0,14288,26383,28770,27760,27604,24302,32767,32767,32767,32767,32767,2487.0,17600.0
1724.0,1990.0,14288,26783,30040,29610,29688,24302,32767,32767,32767,32767,32767,2611.0,17600.0
1710.0,1636.0,13863,24046,27571,25975,26108,24364,32767,32767,32767,32767,32767,2462.0,17600.0
1616.0,1726.0,13400,24046,26722,26439,26108,24364,32767,32767,32767,32767,32767,2182.0,17600.0
1597.0,1569.0,13092,24046,26298,25975,26630,24364,32767,32767,32767,32767,32767,2462.0,17600.0
1634.0,1748.0,13709,24446,27995,26902,25586,24364,32767,32767,32767,32767,32767,2493.0,17600.0
1653.0,1860.0,13863,24446,27571,25975,26630,24364,32767,32767,32767,32767,32767,2369.0,17600.0
1672.0,1748.0,14017,24847,27571,25975,26108,24364,32767,32767,32767,32767,32767,2400.0,17600.0
1785.0,1883.0,13709,24847,27995,26902,26630,24364,32767,32767,32767,32767,32767,2275.0,17600.0
1691.0,1636.0,13555,24847,27571,26902,27152,24364,32767,32767,32767,32767,32767,2306.0,17600.0
1653.0,1748.0,14171,25248,29267,27366,27152,24364,32767,32767,32767,32767,32767,2182.0,17600.0
1785.0,1972.0,13863,25248,28419,27830,26630,24364,32767,32767,32767,32767,32767,2337.0,17600.0
1804.0,1972.0,14171,25248,27995,27366,26630,24364,32767,32767,32767,32767,32767,2493.0,17600.0
1691.0,1793.0,13863,25649,28419,26902,26630,24364,32767,32767,32767,32767,32767,2182.0,17600.0
1728.0,1793.0,14171,25649,28419,27366,27674,24364,32767,32767,32767,32767,32767,2524.0,17600.0
1822.0,1883.0,13863,25649,27995,26902,27152,24364,32767,32767,32767,32767,32767,2306.0,17600.0
1822.0,1995.0,14479,25649,28843,27830,26630,24364,32767,32767,32767,32767,32767,2493.0,17600.0
1597.0,1748.0,14171,25649,28419,27366,28196,24364,32767,32767,32767,32767,32767,2244.0,17600.0
1728.0,1905.0,14171,25649,28843,27366,27674,24364,32767,32767,32767,32767,32767,2337.0,17600.0
1747.0,1928.0,14017,25649,28419,27830,26630,24364,32767,32767,32767,32767,32767,2369.0,17600.0
1691.0,1771.0,14325,26050,29267,28294,27152,24364,32767,32767,32767,32767,32767,2306.0,17600.0
1616.0,1703.0,14171,26050,28843,28294,28196,24364,32767,32767,32767,32767,32767,2306.0,17600.0
1691.0,1771.0,14479,26050,28843,28758,27674,24364,32767,32767,32767,32767,32767,2369.0,17600.0
1710.0,1815.0,14171,26050,29692,27830,27152,24364,32767,32767,32767,32767,32767,2275.0,17600.0
1804.0,1815.0,14787,26050,29692,28758,28196,24364,32767,32767,32767,32767,32767,2774.0,17600.0
1634.0,1659.0,14171,26050,28843,27366,26630,24364,32767,32767,32767,32767,32767,2306.0,17600.0
1747.0,1860.0,14941,26050,29692,29222,29241,24364,32767,32767,32767,32767,32767,2524.0,17600.0
1710.0,1905.0,14787,26450,29692,29685,28196,24364,32767,32767,32767,32767,32767,2431.0,17600.0
1747.0,1838.0,14479,26450,28843,28758,27674,24364,32767,32767,32767,32767,32767,2400.0,17600.0
1710.0,1860.0,14633,26450,29267,28294,27674,24364,32767,32767,32767,32767,32767,2369.0,17600.0
1728.0,1950.0,14787,26450,28419,27830,27152,24364,32767,32767,32767,32767,32767,2462.0,17600.0
1747.0,1793.0,14479,26450,28419,27366,27674,24364,32767,32767,32767,32767,32767,2306.0,17600.0
1747.0,1905.0,14325,26851,28843,27830,27152,24364,32767,32767,32767,32767,32767,2337.0,17600.0
1672.0,1815.0,14633,27252,29692,28758,29241,24364,32767,32767,32767,32767,32767,2400.0,17600.0
1766.0,1726.0,14017,27252,28419,28758,28718,24364,32767,32767,32767,32767,32767,2244.0,17600.0
1728.0,1950.0,14941,27653,30540,29685,28718,24364,32767,32767,32767,32767,32767,2462.0,17600.0
2080.0,2012.0,11984,23585,24963,25909,26563,24881,32767,32767,32767,32767,32767,2176.0,17600.0
1480.0,1498.0,11830,23585,24539,25909,25521,24881,32767,32767,32767,32767,32767,1927.0,17600.0
1574.0,1744.0,13367,23985,26655,25909,25000,24881,32767,32767,32767,32767,32767,2238.0,17600.0
1593.0,1721.0,13059,24385,26232,25909,25521,24881,32767,32767,32767,32767,32767,2238.0,17600.0
1593.0,1721.0,13059,24784,27924,27297,27083,24881,32767,32767,32767,32767,32767,2176.0,17600.0
1630.0,1744.0,13520,25184,27924,27297,26563,24881,32767,32767,32767,32767,32767,2176.0,17600.0
1593.0,1654.0,13981,25584,27924,26372,26563,24881,32767,32767,32767,32767,32767,2207.0,17600.0
1761.0,1878.0,13213,25584,27924,26834,27083,24881,32767,32767,32767,32767,32767,2145.0,17600.0
1687.0,1789.0,13674,25584,27924,26834,26563,24881,32767,32767,32767,32767,32767,2145.0,17600.0
1743.0,1945.0,14749,25584,28347,28222,28125,24881,32767,32767,32767,32767,32767,2518.0,17600.0
1724.0,1923.0,14288,25984,29194,27297,27604,24881,32767,32767,32767,32767,32767,2363.0,17600.0
1780.0,1967.0,14596,25984,28347,27760,27083,24881,32767,32767,32767,32767,32767,2580.0,17600.0
1743.0,2034.0,14903,25984,28770,27297,27604,24881,32767,32767,32767,32767,32767,2767.0,17600.0
1780.0,1967.0,14749,25984,27924,27760,26563,24881,32767,32767,32767,32767,32767,2549.0,17600.0
1780.0,1945.0,14442,26383,28770,29610,28646,24881,32767,32767,32767,32767,32767,2394.0,17600.0
1818.0,2079.0,14749,26383,29194,27760,27604,24881,32767,32767,32767,32767,32767,2549.0,17600.0
1668.0,1878.0,14288,26383,29194,28222,27604,24881,32767,32767,32767,32767,32767,2456.0,17600.0
1818.0,2102.0,14749,26383,28770,28222,28125,24881,32767,32767,32767,32767,32767,2705.0,17600.0
1855.0,2146.0,14903,26783,29194,28685,28125,24881,32767,32767,32767,32767,32767,2673.0,17600.0
1761.0,1923.0,14442,26783,28770,28222,26563,24881,32767,32767,32767,32767,32767,2549.0,17600.0
1836.0,2057.0,14903,26783,29194,27297,28125,24881,32767,32767,32767,32767,32767,2549.0,17600.0
1780.0,2012.0,14749,26783,29617,27760,27604,24881,32767,32767,32767,32767,32767,2518.0,17600.0
1649.0,1900.0,14596,27183,29194,29610,29167,24881,32767,32767,32767,32767,32767,2518.0,17600.0
1743.0,1990.0,14749,27183,29194,28222,27604,24881,32767,32767,32767,32767,32767,2487.0,17600.0
1668.0,1833.0,14596,27183,29194,29148,28646,24881,32767,32767,32767,32767,32767,2331.0,17600.0
1634.0,1860.0,13246,24847,26722,25975,26630,24944,32767,32767,32767,32767,32767,2275.0,17600.0
1710.0,1860.0,14017,25248,28419,27830,27152,24944,32767,32767,32767,32767,32767,2400.0,17600.0
1728.0,1815.0,13400,25248,27571,27366,28196,24944,32767,32767,32767,32767,32767,2649.0,17600.0
1747.0,1815.0,14479,25649,28843,28294,27152,24944,32767,32767,32767,32767,32767,2493.0,17600.0
1691.0,1838.0,14017,25649,27571,27366,26108,24944,32767,32767,32767,32767,32767,2306.0,17600.0
1747.0,1883.0,14171,25649,27995,27366,26630,24944,32767,32767,32767,32767,32767,2306.0,17600.0
1954.0,1972.0,14479,25649,28419,28758,28196,24944,32767,32767,32767,32767,32767,2711.0,17600.0
1804.0,1883.0,14479,26050,27995,28758,27674,24944,32767,32767,32767,32767,32767,2493.0,17600.0
1653.0,1771.0,14787,26050,29267,28758,28196,24944,32767,32767,32767,32767,32767,2306.0,17600.0
1841.0,2084.0,14479,26050,29267,27830,28196,24944,32767,32767,32767,32767,32767,2431.0,17600.0
1653.0,1793.0,14325,26050,29692,27830,27674,24944,32767,32767,32767,32767,32767,2213.0,17600.0
1841.0,2084.0,15095,26050,29267,29222,27674,24944,32767,32767,32767,32767,32767,2649.0,17600.0
1672.0,1771.0,14479,26050,29692,27830,27152,24944,32767,32767,32767,32767,32767,2244.0,17600.0
1634.0,1726.0,14325,26050,28843,28294,27674,24944,32767,32767,32767,32767,32767,2213.0,17600.0
1766.0,2040.0,14633,26450,28843,28758,28196,24944,32767,32767,32767,32767,32767,2587.0,17600.0
1728.0,1883.0,14941,26450,30964,30613,29241,24944,32767,32767,32767,32767,32767,2337.0,17600.0
1634.0,1793.0,14479,26450,29267,28294,27674,24944,32767,32767,32767,32767,32767,2275.0,17600.0
1804.0,1928.0,14325,26450,28419,26439,26630,24944,32767,32767,32767,32767,32767,2369.0,17600.0
1804.0,2062.0,15249,26851,29692,29685,28196,24944,32767,32767,32767,32767,32767,2524.0,17600.0
1728.0,1838.0,14633,26851,29267,29222,28196,24944,32767,32767,32767,32767,32767,2493.0,17600.0
1728.0,1793.0,14325,26851,29267,28294,27674,24944,32767,32767,32767,32767,32767,2275.0,17600.0
1822.0,1905.0,14633,26851,30116,28758,27674,24944,32767,32767,32767,32767,32767,2587.0,17600.0
1897.0,2017.0,14941,27252,30540,29685,28718,24944,32767,32767,32767,32767,32767,2400.0,17600.0
1785.0,2017.0,15095,27252,30116,29685,28196,24944,32767,32767,32767,32767,32767,2431.0,17600.0
1747.0,1928.0,14633,27653,30964,29222,29763,24944,32767,32767,32767,32767,32767,2369.0,17600.0
1935.0,1905.0,14941,28454,31812,28758,29241,24944,32767,32767,32767,32767,32767,2524.0,17600.0
1761.0,1967.0,14903,25984,29617,28222,28646,25459,32767,32767,32767,32767,32767,2394.0,17600.0
1893.0,2079.0,14135,25984,28770,27760,27604,25459,32767,32767,32767,32767,32767,2487.0,17600.0
1761.0,1878.0,14288,26383,28770,28222,27604,25459,32767,32767,32767,32767,32767,2425.0,17600.0
1724.0,1945.0,14749,26383,29617,28222,28125,25459,32767,32767,32767,32767,32767,2580.0,17600.0
1743.0,2057.0,14749,26383,29617,28685,29688,25459,32767,32767,32767,32767,32767,2580.0,17600.0
1743.0,1833.0,14596,26383,29194,28222,27083,25459,32767,32767,32767,32767,32767,2394.0,17600.0
1724.0,1945.0,14596,26383,28770,27760,27604,25459,32767,32767,32767,32767,32767,2331.0,17600.0
1986.0,2146.0,14135,26383,29194,29148,28646,25459,32767,32767,32767,32767,32767,2487.0,17600.0
1649.0,1923.0,14903,26383,28770,28222,28125,25459,32767,32767,32767,32767,32767,2487.0,17600.0
1761.0,1967.0,14749,27183,29194,28222,28125,25459,32767,32767,32767,32767,32767,2549.0,17600.0
1743.0,1967.0,14596,27183,30463,29610,29167,25459,32767,32767,32767,32767,32767,2456.0,17600.0
1724.0,1967.0,14749,27183,29194,29148,28646,25459,32767,32767,32767,32767,32767,2456.0,17600.0
1780.0,1967.0,15364,27583,30463,30073,29167,25459,32767,32767,32767,32767,32767,2518.0,17600.0
1724.0,1945.0,15210,27583,30463,29610,29688,25459,32767,32767,32767,32767,32767,2580.0,17600.0
1874.0,2258.0,15825,27982,31732,29610,28646,25459,32767,32767,32767,32767,32767,2673.0,17600.0
1743.0,1923.0,15364,28382,30886,31461,29688,25459,32767,32767,32767,32767,32767,2363.0,17600.0
1653.0,1838.0,14325,25248,28843,27366,26630,25524,32767,32767,32767,32767,32767,2275.0,17600.0
1691.0,1838.0,14479,26050,28843,28294,27152,25524,32767,32767,32767,32767,32767,2275.0,17600.0
1672.0,1771.0,14325,26050,28843,28294,27152,25524,32767,32767,32767,32767,32767,2275.0,17600.0
1634.0,1726.0,14633,26050,30116,29222,28196,25524,32767,32767,32767,32767,32767,2150.0,17600.0
1747.0,1838.0,14325,26050,29267,28758,28196,25524,32767,32767,32767,32767,32767,2587.0,17600.0
1822.0,1972.0,14479,26450,30116,29685,28718,25524,32767,32767,32767,32767,32767,2306.0,17600.0
1766.0,1928.0,14171,26450,28843,28758,28718,25524,32767,32767,32767,32767,32767,2337.0,17600.0
1691.0,1860.0,14479,26450,28843,28294,28196,25524,32767,32767,32767,32767,32767,2275.0,17600.0
1691.0,1815.0,14633,26450,30116,28294,27674,25524,32767,32767,32767,32767,32767,2337.0,17600.0
1672.0,1703.0,14479,26450,28843,28294,27674,25524,32767,32767,32767,32767,32767,2275.0,17600.0
1860.0,2174.0,15403,26851,30964,30149,28718,25524,32767,32767,32767,32767,32767,2587.0,17600.0
2048.0,2174.0,15249,26851,30116,29222,29241,25524,32767,32767,32767,32767,32767,2618.0,17600.0
1841.0,1860.0,14633,26851,29267,29685,29241,25524,32767,32767,32767,32767,32767,2587.0,17600.0
1653.0,1793.0,14479,26851,28843,28758,28196,25524,32767,32767,32767,32767,32767,2213.0,17600.0
1785.0,1883.0,14479,27252,30116,29222,27674,25524,32767,32767,32767,32767,32767,2337.0,17600.0
1710.0,1815.0,14479,27252,29267,28294,28196,25524,32767,32767,32767,32767,32767,2244.0,17600.0
1672.0,1703.0,14787,27252,30116,29222,28718,25524,32767,32767,32767,32767,32767,2275.0,17600.0
1728.0,1905.0,14941,27252,30116,29685,28718,25524,32767,32767,32767,32767,32767,2369.0,17600.0
1804.0,2040.0,15403,27252,30116,29685,28718,25524,32767,32767,32767,32767,32767,2462.0,17600.0
1860.0,2040.0,15403,27653,30964,30613,29763,25524,32767,32767,32767,32767,32767,2400.0,17600.0
1841.0,1995.0,15249,28053,31388,31077,30285,25524,32767,32767,32767,32767,32767,2556.0,17600.0
1897.0,2196.0,15403,28053,30964,30149,29241,25524,32767,32767,32767,32767,32767,2649.0,17600.0
1766.0,1860.0,15249,28053,30540,29685,30285,25524,32767,32767,32767,32767,32767,2337.0,17600.0
1822.0,2084.0,15403,28053,30116,30149,29241,25524,32767,32767,32767,32767,32767,2556.0,17600.0
1949.0,1878.0,11523,25184,27924,26834,27604,26038,32767,32767,32767,32767,32767,1958.0,17600.0
1480.0,1498.0,10755,25984,28770,29610,30208,26038,32767,32767,32767,32767,32767,1585.0,17600.0
1836.0,2057.0,15057,25984,29617,28222,28125,26038,32767,32767,32767,32767,32767,2580.0,17600.0
1799.0,1990.0,14749,26383,30040,28685,28125,26038,32767,32767,32767,32767,32767,2425.0,17600.0
1874.0,2124.0,14903,26383,29617,28685,27083,26038,32767,32767,32767,32767,32767,2705.0,17600.0
1761.0,1878.0,14596,26783,29617,28685,29167,26038,32767,32767,32767,32767,32767,2269.0,17600.0
1855.0,1990.0,15057,26783,29617,27760,27083,26038,32767,32767,32767,32767,32767,2860.0,17600.0
1743.0,1990.0,14442,26783,29194,28222,30208,26038,32767,32767,32767,32767,32767,2394.0,17600.0
1855.0,2169.0,14749,27183,30463,29148,28646,26038,32767,32767,32767,32767,32767,2705.0,17600.0
1818.0,2012.0,15364,27183,31732,30998,30208,26038,32767,32767,32767,32767,32767,2425.0,17600.0
1724.0,1990.0,15057,27183,31309,30073,29167,26038,32767,32767,32767,32767,32767,2518.0,17600.0
2136.0,2325.0,15057,27982,30040,29148,28646,26038,32767,32767,32767,32767,32767,2736.0,17600.0
1761.0,2057.0,15210,27982,30886,29610,29688,26038,32767,32767,32767,32767,32767,2580.0,17600.0
1743.0,1945.0,15210,27982,30886,30536,30208,26038,32767,32767,32767,32767,32767,2425.0,17600.0
1855.0,2079.0,15671,27982,31732,30536,29688,26038,32767,32767,32767,32767,32767,2580.0,17600.0
1743.0,1945.0,15364,28382,32155,30998,29688,26038,32767,32767,32767,32767,32767,2425.0,17600.0
1743.0,1923.0,15518,28782,32155,31461,31250,26038,32767,32767,32767,32767,32767,2363.0,17600.0
1744.0,1512.0,13399,27028,28192,27655,28070,26081,32767,32767,32767,32767,32767,2528.0,17600.0
1634.0,1815.0,14787,26050,30116,28758,28196,26104,32767,32767,32767,32767,32767,2275.0,17600.0
1691.0,1793.0,13555,26050,28419,28294,29241,26104,32767,32767,32767,32767,32767,2088.0,17600.0
1728.0,1928.0,14633,26450,29692,29222,28196,26104,32767,32767,32767,32767,32767,2213.0,17600.0
2423.0,2443.0,14479,27252,31388,28758,27674,26104,32767,32767,32767,32767,32767,3023.0,17600.0
1691.0,1860.0,14479,27252,29692,28758,29241,26104,32767,32767,32767,32767,32767,2275.0,17600.0
1822.0,1860.0,15249,27252,30540,28758,29241,26104,32767,32767,32767,32767,32767,2587.0,17600.0
1804.0,1995.0,14941,27252,30540,29685,29241,26104,32767,32767,32767,32767,32767,2524.0,17600.0
1841.0,2129.0,15711,27653,31388,31077,29763,26104,32767,32767,32767,32767,32767,2524.0,17600.0
1822.0,1928.0,14633,27653,30540,30149,28718,26104,32767,32767,32767,32767,32767,2587.0,17600.0
1841.0,1883.0,14941,27653,31388,30613,30807,26104,32767,32767,32767,32767,32767,2431.0,17600.0
2330.0,2376.0,15249,28053,32237,30613,30807,26104,32767,32767,32767,32767,32767,3023.0,17600.0
1804.0,2017.0,15403,28053,31388,30613,29241,26104,32767,32767,32767,32767,32767,2493.0,17600.0
1822.0,1905.0,15403,28053,31812,30149,31329,26104,32767,32767,32767,32767,32767,2649.0,17600.0
1766.0,1972.0,14941,28053,30964,29222,28718,26104,32767,32767,32767,32767,32767,2369.0,17600.0
1916.0,2129.0,15865,28053,31388,30613,29241,26104,32767,32767,32767,32767,32767,2556.0,17600.0
1860.0,2062.0,15711,28053,31388,30149,30285,26104,32767,32767,32767,32767,32767,2493.0,17600.0
1822.0,2040.0,15711,28053,31812,30149,29763,26104,32767,32767,32767,32767,32767,2556.0,17600.0
1991.0,2241.0,15865,28855,32661,31541,30807,26104,32767,32767,32767,32767,32767,2649.0,17600.0
1893.0,2169.0,14288,25984,29194,27760,29167,26616,32767,32767,32767,32767,32767,2673.0,17600.0
1724.0,1945.0,14442,26383,29617,29148,28125,26616,32767,32767,32767,32767,32767,2580.0,17600.0
1761.0,2012.0,15057,26783,29194,28685,27604,26616,32767,32767,32767,32767,32767,2549.0,17600.0
1799.0,2034.0,15057,26783,29617,28222,28646,26616,32767,32767,32767,32767,32767,2487.0,17600.0
1855.0,2124.0,15057,27183,30463,30073,30208,26616,32767,32767,32767,32767,32767,2549.0,17600.0
1668.0,1833.0,14288,27183,30463,30536,29688,26616,32767,32767,32767,32767,32767,2300.0,17600.0
1649.0,1721.0,14596,27183,30886,30073,30208,26616,32767,32767,32767,32767,32767,2114.0,17600.0
1874.0,2079.0,15364,27583,30886,29610,29167,26616,32767,32767,32767,32767,32767,2642.0,17600.0
1836.0,2079.0,15518,27982,30886,30073,29688,26616,32767,32767,32767,32767,32767,2549.0,17600.0
1799.0,1990.0,15057,27982,30886,30536,30208,26616,32767,32767,32767,32767,32767,2394.0,17600.0
1668.0,1721.0,15364,27982,31309,30536,30208,26616,32767,32767,32767,32767,32767,2642.0,17600.0
1893.0,2191.0,15057,27982,32578,29610,30729,26616,32767,32767,32767,32767,32767,2767.0,17600.0
1893.0,2124.0,15671,27982,32578,30998,30208,26616,32767,32767,32767,32767,32767,2425.0,17600.0
1893.0,2169.0,15057,28382,30886,30536,29688,26616,32767,32767,32767,32767,32767,2705.0,17600.0
1780.0,1967.0,15364,28382,32155,30536,29167,26616,32767,32767,32767,32767,32767,2363.0,17600.0
1874.0,2169.0,15671,28782,31732,31924,31250,26616,32767,32767,32767,32767,32767,2642.0,17600.0
1855.0,2124.0,15978,29182,32578,31924,31771,26616,32767,32767,32767,32767,32767,2829.0,17600.0
1780.0,1923.0,16132,29182,32767,31924,32292,26616,32767,32767,32767,32767,32767,2394.0,17600.0
2057.0,2015.0,12947,26636,28192,31735,32663,26648,32767,32767,32767,32767,32767,2346.0,17600.0
2148.0,2059.0,14904,28203,31094,29468,29091,26648,32767,32767,32767,32767,32767,2955.0,17600.0
1860.0,2129.0,14325,26450,30540,29685,30285,26684,32767,32767,32767,32767,32767,2493.0,17600.0
1897.0,2017.0,14787,27252,30116,29222,28718,26684,32767,32767,32767,32767,32767,2556.0,17600.0
1766.0,1950.0,14941,27252,30116,29685,29763,26684,32767,32767,32767,32767,32767,2337.0,17600.0
1785.0,2040.0,15403,27653,30964,30149,29241,26684,32767,32767,32767,32767,32767,2462.0,17600.0
1916.0,2241.0,15403,28053,31388,32767,31851,26684,32767,32767,32767,32767,32767,2587.0,17600.0
1766.0,1972.0,15557,28053,31388,30613,29763,26684,32767,32767,32767,32767,32767,2431.0,17600.0
1710.0,1928.0,15557,28053,31388,31077,30807,26684,32767,32767,32767,32767,32767,2306.0,17600.0
1691.0,1771.0,14017,28053,30964,31541,31329,26684,32767,32767,32767,32767,32767,2431.0,17600.0
1935.0,2152.0,14787,28053,30116,31077,30285,26684,32767,32767,32767,32767,32767,2462.0,17600.0
1841.0,2040.0,15403,28454,31388,30613,30285,26684,32767,32767,32767,32767,32767,2462.0,17600.0
1766.0,1905.0,15095,28454,30540,30613,30285,26684,32767,32767,32767,32767,32767,2618.0,17600.0
1935.0,1972.0,15557,28454,31388,31077,31329,26684,32767,32767,32767,32767,32767,2774.0,17600.0
1973.0,1995.0,14633,28454,32237,31541,32374,26684,32767,32767,32767,32767,32767,2587.0,17600.0
1728.0,1905.0,15403,28454,31388,30149,30807,26684,32767,32767,32767,32767,32767,2369.0,17600.0
1879.0,1995.0,15865,28855,32237,31077,29763,26684,32767,32767,32767,32767,32767,2587.0,17600.0
1822.0,2040.0,15557,28855,32237,31541,30807,26684,32767,32767,32767,32767,32767,2400.0,17600.0
1785.0,1950.0,15711,29256,32661,32005,31851,26684,32767,32767,32767,32767,32767,2462.0,17600.0
1930.0,2124.0,14749,27982,30886,31924,31250,27195,32767,32767,32767,32767,32767,2425.0,17600.0
1836.0,2012.0,15364,27982,31309,30073,29688,27195,32767,32767,32767,32767,32767,2394.0,17600.0
1537.0,1721.0,15210,27982,30463,30073,30208,27195,32767,32767,32767,32767,32767,2238.0,17600.0
1724.0,1945.0,15210,28382,30463,30073,30208,27195,32767,32767,32767,32767,32767,2518.0,17600.0
1818.0,1990.0,15518,28382,32578,30536,30729,27195,32767,32767,32767,32767,32767,2456.0,17600.0
1705.0,1833.0,15671,28782,31732,31461,30729,27195,32767,32767,32767,32767,32767,2394.0,17600.0
1874.0,2057.0,15057,28782,31732,30073,29688,27195,32767,32767,32767,32767,32767,2673.0,17600.0
1930.0,2079.0,15825,29182,31732,32767,32292,27195,32767,32767,32767,32767,32767,2580.0,17600.0
1836.0,2124.0,15825,29581,32155,31461,30729,27195,32767,32767,32767,32767,32767,2487.0,17600.0
1855.0,2079.0,16439,29981,32767,31924,31771,27195,32767,32767,32767,32767,32767,2487.0,17600.0
1671.0,1358.0,14904,27812,30679,30828,31132,27215,32767,32767,32767,32767,32767,3747.0,17600.0
1747.0,1860.0,15711,28053,31812,30613,30807,27264,32767,32767,32767,32767,32767,2369.0,17600.0
1747.0,1815.0,15403,28454,32237,31077,31329,27264,32767,32767,32767,32767,32767,2337.0,17600.0
2010.0,2062.0,15403,28454,30964,31077,30285,27264,32767,32767,32767,32767,32767,2867.0,17600.0
1785.0,1928.0,15403,28454,32661,31541,31851,27264,32767,32767,32767,32767,32767,2524.0,17600.0
1766.0,1928.0,15711,28855,32237,32468,31329,27264,32767,32767,32767,32767,32767,2400.0,17600.0
1879.0,2174.0,16327,29256,32767,32005,31851,27264,32767,32767,32767,32767,32767,2649.0,17600.0
1836.0,1923.0,14903,27583,29194,30073,29688,27774,32767,32767,32767,32767,32767,2611.0,17600.0
1855.0,2258.0,16132,28382,31732,30536,30729,27774,32767,32767,32767,32767,32767,2860.0,17600.0
2005.0,2280.0,16286,29182,32578,31924,32292,27774,32767,32767,32767,32767,32767,2829.0,17600.0
1743.0,2012.0,16439,29581,32767,32386,31250,27774,32767,32767,32767,32767,32767,2611.0,17600.0
1836.0,2169.0,16439,29981,32767,31924,31250,27774,32767,32767,32767,32767,32767,2642.0,17600.0
1949.0,2169.0,16132,29981,32767,31924,32292,27774,32767,32767,32767,32767,32767,2549.0,17600.0
1780.0,1990.0,15978,31580,32767,32767,32767,27774,32767,32767,32767,32767,32767,2394.0,17600.0
1860.0,2040.0,14325,26851,30116,30149,30285,27844,32767,32767,32767,32767,32767,2711.0,17600.0
2254.0,2241.0,14787,28053,32661,31541,32374,27844,32767,32767,32767,32767,32767,2867.0,17600.0
1728.0,1860.0,15711,28855,31388,31541,31851,27844,32767,32767,32767,32767,32767,2369.0,17600.0
1841.0,1995.0,16327,29256,32767,32767,32767,27844,32767,32767,32767,32767,32767,2493.0,17600.0
1860.0,2196.0,16019,29656,32767,32005,32374,27844,32767,32767,32767,32767,32767,2587.0,17600.0
1879.0,2062.0,16327,29656,32767,32767,32767,27844,32767,32767,32767,32767,32767,2556.0,17600.0
1691.0,1883.0,16173,30057,32767,32767,32374,27844,32767,32767,32767,32767,32767,2431.0,17600.0
2048.0,2219.0,16943,30859,32767,32767,32767,27844,32767,32767,32767,32767,32767,2743.0,17600.0
2002.0,2213.0,17464,30162,32767,32767,32767,28349,32767,32767,32767,32767,32767,2955.0,17600.0
1874.0,2124.0,15978,27583,32155,31924,30729,28352,32767,32767,32767,32767,32767,2549.0,17600.0
1893.0,2034.0,16132,28782,32155,30536,31250,28352,32767,32767,32767,32767,32767,2642.0,17600.0
1893.0,2236.0,16286,29981,32767,32767,32292,28352,32767,32767,32767,32767,32767,2642.0,17600.0
1949.0,2191.0,16439,30781,32767,32767,32292,28352,32767,32767,32767,32767,32767,2642.0,17600.0
1879.0,2107.0,15865,28454,32237,32005,31851,28424,32767,32767,32767,32767,32767,2618.0,17600.0
1822.0,1995.0,15403,29256,32237,32767,31329,28424,32767,32767,32767,32767,32767,2337.0,17600.0
1954.0,2241.0,16327,29256,32767,32468,32767,28424,32767,32767,32767,32767,32767,2680.0,17600.0
2442.0,2331.0,14325,29656,32237,31541,32767,28424,32767,32767,32767,32767,32767,2805.0,17600.0
1991.0,2017.0,15095,29656,32767,32767,32767,28424,32767,32767,32767,32767,32767,2680.0,17600.0
1954.0,2196.0,16173,30458,32767,32767,32767,28424,32767,32767,32767,32767,32767,2493.0,17600.0
1991.0,2241.0,16635,30458,32767,32767,32767,28424,32767,32767,32767,32767,32767,2680.0,17600.0
1555.0,1476.0,11984,28782,31732,32767,32767,28931,32767,32767,32767,32767,32767,1585.0,17600.0
1836.0,2057.0,16593,31180,32767,32767,32767,28931,32767,32767,32767,32767,32767,2394.0,17600.0
2104.0,2219.0,16019,29656,32767,32767,32767,29004,32767,32767,32767,32767,32767,2992.0,17600.0
1991.0,2107.0,16327,30057,32767,32767,32767,29004,32767,32767,32767,32767,32767,2774.0,17600.0
2104.0,2331.0,16173,30458,32767,32767,32767,29004,32767,32767,32767,32767,32767,3054.0,17600.0
1879.0,2017.0,16019,30458,32767,32767,32767,29004,32767,32767,32767,32767,32767,2618.0,17600.0
1968.0,2034.0,16593,30781,32767,32767,32767,29510,32767,32767,32767,32767,32767,2860.0,17600.0
1836.0,2034.0,16747,31980,32767,32767,32767,29510,32767,32767,32767,32767,32767,2456.0,17600.0
2085.0,2017.0,14787,30057,32767,32767,32767,29584,32767,32767,32767,32767,32767,2836.0,17600.0
2292.0,2331.0,15711,30859,32767,32767,32767,30164,32767,32767,32767,32767,32767,3023.0,17600.0
1687.0,1789.0,16439,31180,32767,32767,32767,30667,32767,32767,32767,32767,32767,2331.0,17600.0
2198.0,2264.0,16789,32462,32767,32767,32767,30744,32767,32767,32767,32767,32767,3023.0,17600.0
1761.0,1967.0,16593,32767,32767,32767,32767,31245,32767,32767,32767,32767,32767,2363.0,17600.0
2104.0,2196.0,14941,32061,32767,32767,32767,32485,32767,32767,32767,32767,32767,2743.0,17600.0
2104.0,2107.0,13863,32767,32767,32767,32767,32767,32767,32767,32767,32767,32767,2119.0,17600.0
1893.0,2020.0,13285,27964,28775,6293,6072,4497,32767,32767,32767,32767,32767,2144.0,17700.0
1103.0,688.0,6574,8552,9052,7424,6268,6963,32767,32767,32767,32767,32767,3492.0,17700.0
1128.0,688.0,6369,8018,8486,8042,6268,7737,32767,32767,32767,32767,32767,3159.0,17700.0
1178.0,717.0,6574,8552,8486,8661,8357,7737,32767,32767,32767,32767,32767,3325.0,17700.0
1228.0,717.0,6779,8552,9052,8661,8357,7737,32767,32767,32767,32767,32767,3325.0,17700.0
1027.0,598.0,6369,9087,9052,8042,6964,7737,32767,32767,32767,32767,32767,3242.0,17700.0
1203.0,747.0,7190,9087,9052,8042,8357,7737,32767,32767,32767,32767,32767,3575.0,17700.0
1128.0,688.0,5958,7483,8486,7424,7661,8511,32767,32767,32767,32767,32767,3325.0,17700.0
1128.0,658.0,6163,7483,9052,8042,6964,8511,32767,32767,32767,32767,32767,3616.0,17700.0
1077.0,688.0,6369,8018,8486,8661,7661,8511,32767,32767,32767,32767,32767,2827.0,17700.0
1103.0,658.0,6163,8552,9052,6805,6964,8511,32767,32767,32767,32767,32767,3242.0,17700.0
1153.0,688.0,6779,9087,9052,9280,8357,8511,32767,32767,32767,32767,32767,3325.0,17700.0
1128.0,658.0,6574,9087,9052,8042,6964,8511,32767,32767,32767,32767,32767,3450.0,17700.0
1228.0,717.0,6779,9087,9052,8661,6964,8511,32767,32767,32767,32767,32767,3783.0,17700.0
1052.0,628.0,6369,9087,7920,7424,7661,8511,32767,32767,32767,32767,32767,3242.0,17700.0
1203.0,747.0,7190,9087,9052,8661,7661,8511,32767,32767,32767,32767,32767,3907.0,17700.0
1253.0,777.0,7601,10690,10749,9280,9054,8511,32767,32767,32767,32767,32767,4157.0,17700.0
1077.0,628.0,5752,9087,8486,6805,7661,9284,32767,32767,32767,32767,32767,3076.0,17700.0
1178.0,837.0,6574,9087,9052,8042,7661,9284,32767,32767,32767,32767,32767,2993.0,17700.0
1128.0,658.0,6985,9621,9617,8661,7661,9284,32767,32767,32767,32767,32767,3450.0,17700.0
1153.0,837.0,4930,9087,9052,8661,8357,10058,32767,32767,32767,32767,32767,1912.0,17700.0
1278.0,807.0,7807,10156,10749,9898,9054,10058,32767,32767,32767,32767,32767,4240.0,17700.0
1153.0,747.0,8628,11759,11880,11136,9750,10058,32767,32767,32767,32767,32767,2951.0,17700.0
1478.0,1016.0,8628,12294,14143,11754,12536,10058,32767,32767,32767,32767,32767,3824.0,17700.0
2039.0,2237.0,15375,29517,32767,7192,9109,10119,32767,32767,32767,32767,32767,2537.0,17700.0
1286.0,902.0,5115,10485,9390,10268,9983,11674,32767,32767,32767,32767,32767,1725.0,17700.0
1229.0,902.0,4960,10485,10244,10735,11034,12258,32767,32767,32767,32767,32767,1286.0,17700.0
1437.0,1060.0,6355,11695,10671,11202,11034,12258,32767,32767,32767,32767,32767,2227.0,17700.0
1645.0,1173.0,9300,14921,15366,15402,14186,12258,32767,32767,32767,32767,32767,4077.0,17700.0
1453.0,957.0,8628,12828,13578,15466,14625,12379,32767,32767,32767,32767,32767,3907.0,17700.0
1328.0,927.0,9245,14432,14709,13610,15321,12379,32767,32767,32767,32767,32767,2785.0,17700.0
1304.0,1037.0,5890,12098,11524,12135,11559,12842,32767,32767,32767,32767,32767,1537.0,17700.0
1418.0,970.0,6045,12098,11951,11202,11034,12842,32767,32767,32767,32767,32767,2352.0,17700.0
1304.0,947.0,7285,12501,11524,11669,11559,12842,32767,32767,32767,32767,32767,2885.0,17700.0
1456.0,1015.0,7130,12501,11951,12602,10509,12842,32767,32767,32767,32767,32767,2760.0,17700.0
1493.0,1060.0,8680,13711,14939,14002,13136,12842,32767,32767,32767,32767,32767,3167.0,17700.0
1453.0,1106.0,8217,12828,13578,12991,11839,13153,32767,32767,32767,32767,32767,3284.0,17700.0
1512.0,1150.0,6510,12501,12378,13535,12610,13426,32767,32767,32767,32767,32767,2321.0,17700.0
1399.0,1015.0,7285,12905,13232,13069,11559,13426,32767,32767,32767,32767,32767,2289.0,17700.0
1342.0,970.0,7905,13308,13232,13069,12085,13426,32767,32767,32767,32767,32767,2697.0,17700.0
1380.0,1128.0,7130,13711,14085,13535,13136,13426,32767,32767,32767,32767,32767,2007.0,17700.0
1304.0,1083.0,6200,13711,14085,11669,11034,13426,32767,32767,32767,32767,32767,1505.0,17700.0
1683.0,1240.0,7285,14518,14939,15869,14186,13426,32767,32767,32767,32767,32767,2227.0,17700.0
2021.0,1390.0,3732,10098,10688,10788,10627,13492,32767,32767,32767,32767,32767,1117.0,17700.0
1893.0,1325.0,3732,10875,10688,10339,11133,13492,32767,32767,32767,32767,32767,1027.0,17700.0
1875.0,1368.0,4180,11263,10688,11687,11639,13492,32767,32767,32767,32767,32767,1117.0,17700.0
1569.0,1150.0,6200,12501,13232,13535,12610,14009,32767,32767,32767,32767,32767,2289.0,17700.0
1456.0,1128.0,7440,13711,13232,13069,12610,14009,32767,32767,32767,32767,32767,2289.0,17700.0
1380.0,1037.0,8680,13711,14085,14002,13661,14009,32767,32767,32767,32767,32767,3293.0,17700.0
1437.0,1128.0,7750,14115,14939,14469,14186,14009,32767,32767,32767,32767,32767,2070.0,17700.0
1588.0,1173.0,9455,14115,15366,14469,13661,14009,32767,32767,32767,32767,32767,4045.0,17700.0
1437.0,1128.0,8060,14518,14939,14002,13661,14009,32767,32767,32767,32767,32767,2195.0,17700.0
1569.0,1240.0,7440,14518,14939,14469,14186,14009,32767,32767,32767,32767,32767,2227.0,17700.0
1493.0,1128.0,8680,14921,15792,15869,14186,14009,32767,32767,32767,32767,32767,2728.0,17700.0
2458.0,1651.0,3732,9321,8632,10788,12145,14054,32767,32767,32767,32767,32767,1087.0,17700.0
2057.0,1368.0,3583,10098,9866,10339,11133,14054,32767,32767,32767,32767,32767,1057.0,17700.0
1985.0,1412.0,4030,10875,11510,10788,11133,14054,32767,32767,32767,32767,32767,1117.0,17700.0
1985.0,1412.0,4030,11263,11099,11238,12651,14054,32767,32767,32767,32767,32767,1148.0,17700.0
1930.0,1347.0,3881,11652,11099,11238,12651,14054,32767,32767,32767,32767,32767,1087.0,17700.0
2003.0,1434.0,4030,12040,10688,10339,11639,14054,32767,32767,32767,32767,32767,1117.0,17700.0
1815.0,1443.0,9610,14518,15792,16336,14186,14593,32767,32767,32767,32767,32767,4202.0,17700.0
1550.0,1353.0,6975,14518,14512,14002,13661,14593,32767,32767,32767,32767,32767,1662.0,17700.0
1909.0,1443.0,10540,17341,17500,18203,16288,14593,32767,32767,32767,32767,32767,4045.0,17700.0
1985.0,1412.0,3881,10098,11099,11687,12145,14616,32767,32767,32767,32767,32767,1117.0,17700.0
1985.0,1347.0,3583,10098,9455,11238,11639,14616,32767,32767,32767,32767,32767,1027.0,17700.0
2112.0,1434.0,3881,11652,11099,11238,12145,14616,32767,32767,32767,32767,32767,1027.0,17700.0
1604.0,1345.0,7396,14432,15841,14229,14625,14700,32767,32767,32767,32767,32767,1954.0,17700.0
1375.0,1303.0,6022,12855,12330,13019,12038,15118,32767,32767,32767,32767,32767,1531.0,17700.0
1399.0,1128.0,8680,14115,14085,14469,13136,15177,32767,32767,32767,32767,32767,3073.0,17700.0
1645.0,1218.0,7595,14115,14939,16803,14186,15177,32767,32767,32767,32767,32767,2321.0,17700.0
2250.0,1872.0,9300,14518,16219,15869,15237,15177,32767,32767,32767,32767,32767,3951.0,17700.0
1456.0,1218.0,8060,14921,15366,15402,14186,15177,32767,32767,32767,32767,32767,2038.0,17700.0
1645.0,1195.0,9300,14921,15792,16803,14712,15177,32767,32767,32767,32767,32767,3450.0,17700.0
1475.0,1150.0,10075,15728,16646,17269,16288,15177,32767,32767,32767,32767,32767,2917.0,17700.0
1588.0,1286.0,9455,15728,17073,16803,15763,15177,32767,32767,32767,32767,32767,2603.0,17700.0
1739.0,1286.0,9610,16131,16219,15869,15237,15177,32767,32767,32767,32767,32767,3387.0,17700.0
1588.0,1195.0,10385,16937,18353,18670,16814,15177,32767,32767,32767,32767,32767,3701.0,17700.0
2003.0,1390.0,3881,10098,10277,11687,12145,15179,32767,32767,32767,32767,32767,1117.0,17700.0
2148.0,1434.0,4180,10875,10688,12137,12145,15179,32767,32767,32767,32767,32767,1057.0,17700.0
2221.0,1542.0,4030,10875,9866,11687,12145,15179,32767,32767,32767,32767,32767,1148.0,17700.0
2039.0,1477.0,4329,11263,11510,11687,12651,15179,32767,32767,32767,32767,32767,1148.0,17700.0
2367.0,1846.0,4478,12817,11921,12137,13663,15741,32767,32767,32767,32767,32767,1238.0,17700.0
1872.0,1511.0,8525,14115,15366,14936,14186,15760,32767,32767,32767,32767,32767,3387.0,17700.0
1342.0,1083.0,8525,14921,15792,15402,15237,15760,32767,32767,32767,32767,32767,2509.0,17700.0
1645.0,1353.0,8060,15728,16219,16336,15763,15760,32767,32767,32767,32767,32767,1913.0,17700.0
1569.0,1218.0,9145,15728,16646,15869,14712,15760,32767,32767,32767,32767,32767,2603.0,17700.0
1475.0,1308.0,8680,15728,16646,15869,15763,15760,32767,32767,32767,32767,32767,2195.0,17700.0
1550.0,1173.0,9920,15728,16646,17269,16288,15760,32767,32767,32767,32767,32767,3701.0,17700.0
1531.0,1218.0,9920,16131,17073,17269,16288,15760,32767,32767,32767,32767,32767,2666.0,17700.0
1437.0,1240.0,8835,16534,17500,17269,16288,15760,32767,32767,32767,32767,32767,2352.0,17700.0
1418.0,1173.0,9455,16937,18353,17736,17339,15760,32767,32767,32767,32767,32767,2195.0,17700.0
1418.0,1173.0,9300,17341,17073,17269,16288,15760,32767,32767,32767,32767,32767,2321.0,17700.0
1607.0,1421.0,9455,17744,19207,17736,17339,15760,32767,32767,32767,32767,32767,2352.0,17700.0
1601.0,1370.0,9882,18479,20409,19528,18319,16281,32767,32767,32767,32767,32767,2343.0,17700.0
1875.0,1325.0,4329,12040,11510,13036,13663,16303,32767,32767,32767,32767,32767,1117.0,17700.0
1645.0,1263.0,9765,16534,17073,16803,15763,16344,32767,32767,32767,32767,32767,3512.0,17700.0
1550.0,1376.0,8525,16534,17073,16803,16288,16344,32767,32767,32767,32767,32767,2164.0,17700.0
1437.0,1195.0,9145,16534,16646,17269,15763,16344,32767,32767,32767,32767,32767,2289.0,17700.0
1493.0,1331.0,9455,16937,18353,16336,16288,16344,32767,32767,32767,32767,32767,2383.0,17700.0
1512.0,1353.0,9300,16937,18780,18670,17339,16344,32767,32767,32767,32767,32767,2195.0,17700.0
1323.0,1105.0,8990,16937,17927,16803,16288,16344,32767,32767,32767,32767,32767,2164.0,17700.0
1418.0,1218.0,9300,16937,17927,17269,17339,16344,32767,32767,32767,32767,32767,2289.0,17700.0
1569.0,1421.0,8835,16937,17927,17736,16814,16344,32767,32767,32767,32767,32767,2038.0,17700.0
1493.0,1286.0,9300,16937,18353,17269,17339,16344,32767,32767,32767,32767,32767,2133.0,17700.0
1512.0,1353.0,9145,17341,18780,18203,18390,16344,32767,32767,32767,32767,32767,1913.0,17700.0
1588.0,1466.0,9920,18147,19634,18203,18390,16344,32767,32767,32767,32767,32767,2133.0,17700.0
2185.0,1607.0,4329,11652,11921,13036,14169,16865,32767,32767,32767,32767,32767,1238.0,17700.0
2112.0,1477.0,4180,12040,11099,11687,13157,16865,32767,32767,32767,32767,32767,1148.0,17700.0
2057.0,1520.0,4329,12428,11921,11238,13157,16865,32767,32767,32767,32767,32767,1208.0,17700.0
2076.0,1499.0,4926,13982,13154,13935,15181,16865,32767,32767,32767,32767,32767,1238.0,17700.0
1399.0,1195.0,8680,15728,17073,16803,16288,16928,32767,32767,32767,32767,32767,1882.0,17700.0
1380.0,1150.0,8990,16131,16646,15869,15763,16928,32767,32767,32767,32767,32767,2227.0,17700.0
1512.0,1308.0,9145,16534,17927,17269,17339,16928,32767,32767,32767,32767,32767,2227.0,17700.0
1361.0,1128.0,8370,16534,17073,16336,15763,16928,32767,32767,32767,32767,32767,1944.0,17700.0
1531.0,1376.0,9610,17341,19207,18203,17864,16928,32767,32767,32767,32767,32767,2070.0,17700.0
1475.0,1308.0,8835,17341,17500,18203,16814,16928,32767,32767,32767,32767,32767,1631.0,17700.0
1758.0,1511.0,11005,17341,18353,19603,17339,16928,32767,32767,32767,32767,32767,3763.0,17700.0
1493.0,1308.0,8990,17341,18780,17736,17864,16928,32767,32767,32767,32767,32767,1756.0,17700.0
1569.0,1376.0,9765,17744,19634,18203,17339,16928,32767,32767,32767,32767,32767,2164.0,17700.0
1475.0,1353.0,9765,17744,19634,18670,18390,16928,32767,32767,32767,32767,32767,2101.0,17700.0
1493.0,1331.0,9145,17744,18780,18203,17339,16928,32767,32767,32767,32767,32767,2227.0,17700.0
1550.0,1398.0,9300,18147,18780,18670,18390,16928,32767,32767,32767,32767,32767,2133.0,17700.0
1531.0,1308.0,9920,18147,20061,19136,17864,16928,32767,32767,32767,32767,32767,2227.0,17700.0
1493.0,1218.0,9920,18147,20061,19136,18390,16928,32767,32767,32767,32767,32767,2415.0,17700.0
1664.0,1286.0,10850,18551,20061,19136,18915,16928,32767,32767,32767,32767,32767,3324.0,17700.0
2258.0,1629.0,4777,12040,11921,13036,14169,17427,32767,32767,32767,32767,32767,1269.0,17700.0
1437.0,1218.0,9145,16937,17500,17269,16814,17512,32767,32767,32767,32767,32767,2227.0,17700.0
1437.0,1376.0,8990,17744,19207,19136,17864,17512,32767,32767,32767,32767,32767,1631.0,17700.0
1493.0,1240.0,10695,17744,20061,20070,18915,17512,32767,32767,32767,32767,32767,2791.0,17700.0
2079.0,1737.0,10540,17744,18780,19136,18915,17512,32767,32767,32767,32767,32767,4108.0,17700.0
1493.0,1331.0,9145,17744,19207,17736,18390,17512,32767,32767,32767,32767,32767,1976.0,17700.0
1683.0,1443.0,10075,18147,18353,18203,17339,17512,32767,32767,32767,32767,32767,3136.0,17700.0
1569.0,1376.0,10230,18551,20061,19603,18390,17512,32767,32767,32767,32767,32767,2415.0,17700.0
1550.0,1421.0,9300,18551,19634,20070,19441,17512,32767,32767,32767,32767,32767,2007.0,17700.0
1588.0,1489.0,10385,18954,20914,21937,20492,17512,32767,32767,32767,32767,32767,2133.0,17700.0
2023.0,1782.0,11470,18954,19634,20070,19441,17512,32767,32767,32767,32767,32767,3701.0,17700.0
1380.0,1150.0,9765,18954,19207,17736,17339,17512,32767,32767,32767,32767,32767,2133.0,17700.0
1607.0,1398.0,11160,19357,22195,21003,20492,17512,32767,32767,32767,32767,32767,2227.0,17700.0
2117.0,1624.0,13019,19760,21768,21470,19441,17512,32767,32767,32767,32767,32767,4453.0,17700.0
1375.0,1326.0,9264,17676,19559,18598,18319,18026,32767,32767,32767,32767,32767,1718.0,17700.0
1450.0,1438.0,9727,18479,19559,19063,18319,18026,32767,32767,32767,32767,32767,1687.0,17700.0
1507.0,1348.0,10962,19685,20834,19528,20413,18026,32767,32767,32767,32767,32767,2343.0,17700.0
1601.0,1438.0,10654,20488,21259,21388,20413,18026,32767,32767,32767,32767,32767,2124.0,17700.0
1796.0,1421.0,9610,16534,17927,19136,17864,18095,32767,32767,32767,32767,32767,3450.0,17700.0
1418.0,1240.0,9610,17341,19207,17736,17339,18095,32767,32767,32767,32767,32767,2258.0,17700.0
1720.0,1466.0,9920,17341,19634,18203,17864,18095,32767,32767,32767,32767,32767,2917.0,17700.0
1550.0,1353.0,9610,17341,18780,18203,18390,18095,32767,32767,32767,32767,32767,2477.0,17700.0
1985.0,1782.0,9765,17744,19207,19136,18390,18095,32767,32767,32767,32767,32767,2352.0,17700.0
1664.0,1398.0,11470,18147,19634,18670,18390,18095,32767,32767,32767,32767,32767,3199.0,17700.0
1456.0,1286.0,9300,18147,20061,19136,18390,18095,32767,32767,32767,32767,32767,1850.0,17700.0
1475.0,1308.0,9610,18147,18780,19136,17339,18095,32767,32767,32767,32767,32767,2007.0,17700.0
1531.0,1421.0,9610,18954,20061,19603,19441,18095,32767,32767,32767,32767,32767,2038.0,17700.0
1569.0,1353.0,11005,18954,20914,20070,19441,18095,32767,32767,32767,32767,32767,2509.0,17700.0
1815.0,1601.0,11470,18954,21341,21003,20492,18095,32767,32767,32767,32767,32767,3324.0,17700.0
1588.0,1263.0,11625,18954,20914,20070,19966,18095,32767,32767,32767,32767,32767,3230.0,17700.0
1550.0,1398.0,10075,18954,20914,20537,19966,18095,32767,32767,32767,32767,32767,2038.0,17700.0
1512.0,1353.0,9455,18954,20061,20070,18915,18095,32767,32767,32767,32767,32767,1850.0,17700.0
1645.0,1534.0,10540,19760,20914,21003,21017,18095,32767,32767,32767,32767,32767,2101.0,17700.0
1456.0,1376.0,10230,19760,21341,21003,21017,18095,32767,32767,32767,32767,32767,1788.0,17700.0
1550.0,1263.0,11005,20164,22195,21470,19966,18095,32767,32767,32767,32767,32767,2133.0,17700.0
1493.0,1421.0,10540,20567,22195,22870,22068,18095,32767,32767,32767,32767,32767,1976.0,17700.0
1582.0,1370.0,10962,19283,19984,19528,18843,18607,32767,32767,32767,32767,32767,2530.0,17700.0
1431.0,1370.0,10499,19685,21259,21388,19890,18607,32767,32767,32767,32767,32767,1843.0,17700.0
1758.0,1331.0,8060,18551,16646,20070,18915,18679,32767,32767,32767,32767,32767,2227.0,17700.0
1531.0,1353.0,9610,18954,19634,19603,19441,18679,32767,32767,32767,32767,32767,1944.0,17700.0
1493.0,1443.0,9920,18954,21341,19603,20492,18679,32767,32767,32767,32767,32767,1850.0,17700.0
1739.0,1511.0,11625,18954,21341,21003,19966,18679,32767,32767,32767,32767,32767,2948.0,17700.0
1550.0,1421.0,10075,19357,20061,20070,19966,18679,32767,32767,32767,32767,32767,2038.0,17700.0
1872.0,1556.0,11470,19357,20488,20537,19441,18679,32767,32767,32767,32767,32767,3356.0,17700.0
2004.0,1827.0,10540,19760,20488,20537,19441,18679,32767,32767,32767,32767,32767,2509.0,17700.0
1701.0,1511.0,10850,19760,21341,21003,21017,18679,32767,32767,32767,32767,32767,2540.0,17700.0
1493.0,1353.0,10540,19760,20488,20537,20492,18679,32767,32767,32767,32767,32767,2007.0,17700.0
1475.0,1353.0,10385,20164,21768,20537,18915,18679,32767,32767,32767,32767,32767,2007.0,17700.0
1645.0,1511.0,10850,20164,23048,22404,21542,18679,32767,32767,32767,32767,32767,2383.0,17700.0
1550.0,1308.0,11315,20164,22622,22404,21017,18679,32767,32767,32767,32767,32767,2289.0,17700.0
1834.0,1601.0,12864,20970,21768,23337,22593,18679,32767,32767,32767,32767,32767,3920.0,17700.0
1758.0,1917.0,14414,26616,29024,24737,24695,18679,32767,32767,32767,32767,32767,2258.0,17700.0
1412.0,1348.0,9727,18479,19559,19528,17796,19189,32767,32767,32767,32767,32767,1593.0,17700.0
1582.0,1505.0,10808,19283,20409,19993,19366,19189,32767,32767,32767,32767,32767,2468.0,17700.0
1525.0,1438.0,11580,20086,22110,21853,20936,19189,32767,32767,32767,32767,32767,2281.0,17700.0
1563.0,1415.0,10962,20086,20834,19993,20413,19189,32767,32767,32767,32767,32767,2343.0,17700.0
1657.0,1573.0,11734,20488,22110,21853,20936,19189,32767,32767,32767,32767,32767,2437.0,17700.0
2155.0,1872.0,9920,18147,19207,20537,21017,19263,32767,32767,32767,32767,32767,3105.0,17700.0
1342.0,1150.0,9145,18147,17927,17736,17864,19263,32767,32767,32767,32767,32767,2038.0,17700.0
1399.0,1240.0,9765,18551,20061,20070,18915,19263,32767,32767,32767,32767,32767,1913.0,17700.0
1512.0,1421.0,10230,18954,20488,20537,19966,19263,32767,32767,32767,32767,32767,2038.0,17700.0
2514.0,2143.0,11005,19357,22195,21470,21542,19263,32767,32767,32767,32767,32767,3701.0,17700.0
1493.0,1308.0,9765,19357,20488,20537,18915,19263,32767,32767,32767,32767,32767,2007.0,17700.0
1569.0,1443.0,11005,19357,20914,21470,20492,19263,32767,32767,32767,32767,32767,2164.0,17700.0
1531.0,1331.0,10385,19357,21341,21937,20492,19263,32767,32767,32767,32767,32767,2164.0,17700.0
1588.0,1443.0,10695,19760,21768,21470,21017,19263,32767,32767,32767,32767,32767,2352.0,17700.0
1531.0,1421.0,10385,19760,20914,20070,20492,19263,32767,32767,32767,32767,32767,2007.0,17700.0
1512.0,1376.0,10540,19760,21768,21003,20492,19263,32767,32767,32767,32767,32767,2101.0,17700.0
1796.0,1601.0,11934,19760,21341,22870,22068,19263,32767,32767,32767,32767,32767,3042.0,17700.0
1475.0,1353.0,9920,19760,22195,21003,20492,19263,32767,32767,32767,32767,32767,1693.0,17700.0
1720.0,1579.0,10850,20567,23048,22404,22068,19263,32767,32767,32767,32767,32767,2258.0,17700.0
1645.0,1489.0,11315,20567,23048,22404,22593,19263,32767,32767,32767,32767,32767,2258.0,17700.0
1645.0,1579.0,10695,20970,21768,21937,21542,19263,32767,32767,32767,32767,32767,2164.0,17700.0
1720.0,1601.0,11470,21777,23902,23804,22593,19263,32767,32767,32767,32767,32767,2133.0,17700.0
1645.0,1398.0,12089,21777,24329,23337,22068,19263,32767,32767,32767,32767,32767,2352.0,17700.0
1588.0,1511.0,11160,21777,23902,23804,23644,19263,32767,32767,32767,32767,32767,2007.0,17700.0
2094.0,1564.0,5672,14759,15209,16182,16193,19676,32767,32767,32767,32767,32767,1299.0,17700.0
1394.0,1303.0,10345,19283,19984,20458,19366,19770,32767,32767,32767,32767,32767,1781.0,17700.0
1714.0,1910.0,10345,19685,20409,19528,19366,19770,32767,32767,32767,32767,32767,2437.0,17700.0
1620.0,1438.0,11426,20488,22110,21388,20413,19770,32767,32767,32767,32767,32767,2343.0,17700.0
1488.0,1483.0,10808,20890,22535,20923,19890,19770,32767,32767,32767,32767,32767,1968.0,17700.0
1582.0,1438.0,11889,21292,22535,22318,20936,19770,32767,32767,32767,32767,32767,2530.0,17700.0
1657.0,1573.0,11734,21693,22960,21388,21460,19770,32767,32767,32767,32767,32767,2405.0,17700.0
1601.0,1708.0,12970,23300,25936,24642,23554,19770,32767,32767,32767,32767,32767,2218.0,17700.0
1550.0,1421.0,11005,18147,20488,20537,21017,19846,32767,32767,32767,32767,32767,2321.0,17700.0
1418.0,1263.0,9455,18551,19207,19136,18915,19846,32767,32767,32767,32767,32767,1819.0,17700.0
1626.0,1579.0,11780,18954,21341,21003,19966,19846,32767,32767,32767,32767,32767,2540.0,17700.0
1456.0,1376.0,9920,20164,20914,21003,20492,19846,32767,32767,32767,32767,32767,1850.0,17700.0
1531.0,1466.0,10850,20164,23048,21937,22068,19846,32767,32767,32767,32767,32767,1788.0,17700.0
1626.0,1624.0,11315,20567,22622,23337,22593,19846,32767,32767,32767,32767,32767,2164.0,17700.0
1512.0,1466.0,10850,20970,21768,21937,21542,19846,32767,32767,32767,32767,32767,1850.0,17700.0
1626.0,1443.0,11625,21373,23902,23337,23119,19846,32767,32767,32767,32767,32767,2227.0,17700.0
1531.0,1466.0,11315,22180,23902,23804,23644,19846,32767,32767,32767,32767,32767,1850.0,17700.0
1450.0,1415.0,10654,19283,20834,21853,20413,20352,32767,32767,32767,32767,32767,1687.0,17700.0
1544.0,1460.0,11271,20488,21685,20923,20936,20352,32767,32767,32767,32767,32767,2187.0,17700.0
1582.0,1505.0,11580,20488,22535,22318,20413,20352,32767,32767,32767,32767,32767,2156.0,17700.0
1563.0,1460.0,12043,20488,22960,22318,20936,20352,32767,32767,32767,32767,32767,2405.0,17700.0
1507.0,1528.0,11426,20488,22110,21388,21460,20352,32767,32767,32767,32767,32767,2093.0,17700.0
1488.0,1528.0,10962,20890,22535,21853,20936,20352,32767,32767,32767,32767,32767,1812.0,17700.0
1563.0,1640.0,11580,20890,23811,22783,22507,20352,32767,32767,32767,32767,32767,2062.0,17700.0
1563.0,1550.0,11580,21292,22960,21853,21460,20352,32767,32767,32767,32767,32767,2124.0,17700.0
1507.0,1573.0,11580,21292,23385,21853,22507,20352,32767,32767,32767,32767,32767,2093.0,17700.0
1601.0,1573.0,11734,21292,22960,22318,21460,20352,32767,32767,32767,32767,32767,2124.0,17700.0
1525.0,1573.0,11889,21693,24236,22783,21983,20352,32767,32767,32767,32767,32767,2156.0,17700.0
1601.0,1618.0,12198,21693,24661,24177,22507,20352,32767,32767,32767,32767,32767,2124.0,17700.0
1620.0,1640.0,12043,22095,24236,22783,22507,20352,32767,32767,32767,32767,32767,2281.0,17700.0
1676.0,1708.0,12815,22898,25086,24177,23554,20352,32767,32767,32767,32767,32767,2593.0,17700.0
1512.0,1466.0,10695,19760,22195,21470,19966,20430,32767,32767,32767,32767,32767,2289.0,17700.0
1550.0,1443.0,10695,20567,22195,22404,21542,20430,32767,32767,32767,32767,32767,2070.0,17700.0
2098.0,1827.0,12244,20567,23475,22870,22068,20430,32767,32767,32767,32767,32767,3701.0,17700.0
1550.0,1511.0,10695,20567,22622,22404,22068,20430,32767,32767,32767,32767,32767,1850.0,17700.0
1569.0,1421.0,10850,20970,23048,21937,22068,20430,32767,32767,32767,32767,32767,2164.0,17700.0
1493.0,1376.0,11315,20970,23475,22404,22068,20430,32767,32767,32767,32767,32767,2133.0,17700.0
1569.0,1601.0,11160,21373,23048,23337,22068,20430,32767,32767,32767,32767,32767,2038.0,17700.0
1607.0,1601.0,11470,21373,25183,23804,23644,20430,32767,32767,32767,32767,32767,2101.0,17700.0
1550.0,1534.0,11780,21777,23902,24271,23644,20430,32767,32767,32767,32767,32767,1788.0,17700.0
1493.0,1443.0,11315,21777,23475,23337,23119,20430,32767,32767,32767,32767,32767,1882.0,17700.0
1645.0,1669.0,10850,21777,23475,24737,22593,20430,32767,32767,32767,32767,32767,2164.0,17700.0
1664.0,1556.0,11160,22180,24756,25204,24170,20430,32767,32767,32767,32767,32767,1944.0,17700.0
1777.0,1669.0,12399,22583,26036,26604,25746,20430,32767,32767,32767,32767,32767,2728.0,17700.0
1626.0,1804.0,11780,22987,24756,24271,25220,20430,32767,32767,32767,32767,32767,2195.0,17700.0
1928.0,1714.0,13639,23390,26463,25204,23644,20430,32767,32767,32767,32767,32767,3011.0,17700.0
2276.0,1694.0,5822,14759,14387,17531,19229,20800,32767,32767,32767,32767,32767,1359.0,17700.0
1639.0,1607.0,10300,20584,20553,22026,21759,20800,32767,32767,32767,32767,32767,2024.0,17700.0
1488.0,1505.0,11426,20086,22110,21853,21983,20933,32767,32767,32767,32767,32767,2249.0,17700.0
1525.0,1618.0,11426,20488,22535,22318,21460,20933,32767,32767,32767,32767,32767,2062.0,17700.0
1601.0,1640.0,11580,20488,23811,22783,23030,20933,32767,32767,32767,32767,32767,2281.0,17700.0
1507.0,1528.0,11426,20488,22535,22318,21983,20933,32767,32767,32767,32767,32767,2124.0,17700.0
1601.0,1550.0,11889,20890,22960,22783,21983,20933,32767,32767,32767,32767,32767,2249.0,17700.0
1582.0,1618.0,11426,21292,22960,21853,21983,20933,32767,32767,32767,32767,32767,2062.0,17700.0
1582.0,1685.0,11889,21292,23811,23713,24077,20933,32767,32767,32767,32767,32767,2156.0,17700.0
1676.0,1640.0,12043,21292,22960,22318,23030,20933,32767,32767,32767,32767,32767,2374.0,17700.0
1563.0,1685.0,12043,21693,23385,23248,22507,20933,32767,32767,32767,32767,32767,2062.0,17700.0
1544.0,1618.0,11889,21693,24236,22783,21983,20933,32767,32767,32767,32767,32767,2156.0,17700.0
1638.0,1618.0,12043,22095,24236,23248,22507,20933,32767,32767,32767,32767,32767,2156.0,17700.0
1601.0,1663.0,12506,22497,24661,24642,23554,20933,32767,32767,32767,32767,32767,2249.0,17700.0
1582.0,1685.0,12352,22497,25086,24642,23554,20933,32767,32767,32767,32767,32767,2124.0,17700.0
1507.0,1663.0,12506,22497,24661,23713,23554,20933,32767,32767,32767,32767,32767,2249.0,17700.0
1695.0,1618.0,11734,22497,24236,21853,21983,20933,32767,32767,32767,32767,32767,2374.0,17700.0
1638.0,1640.0,12506,22898,24236,22783,23554,20933,32767,32767,32767,32767,32767,2124.0,17700.0
1620.0,1663.0,12815,23300,25511,24642,23554,20933,32767,32767,32767,32767,32767,2468.0,17700.0
1601.0,1663.0,12352,23300,25086,23248,24077,20933,32767,32767,32767,32767,32767,2062.0,17700.0
1544.0,1550.0,12970,23300,25511,24177,23030,20933,32767,32767,32767,32767,32767,2281.0,17700.0
1620.0,1618.0,12661,23300,25086,24177,23554,20933,32767,32767,32767,32767,32767,2187.0,17700.0
1695.0,1752.0,12970,23300,25511,25107,24600,20933,32767,32767,32767,32767,32767,2281.0,17700.0
1695.0,1685.0,12970,23300,25511,25107,23554,20933,32767,32767,32767,32767,32767,2374.0,17700.0
1456.0,1376.0,10695,19760,22622,21937,22068,21014,32767,32767,32767,32767,32767,1913.0,17700.0
1399.0,1218.0,10850,20164,23048,22870,21017,21014,32767,32767,32767,32767,32767,2164.0,17700.0
1531.0,1376.0,11315,20164,22195,21470,22068,21014,32767,32767,32767,32767,32767,2477.0,17700.0
1456.0,1353.0,10850,20567,22622,21470,21542,21014,32767,32767,32767,32767,32767,1850.0,17700.0
1456.0,1489.0,11470,21373,23048,22404,22593,21014,32767,32767,32767,32767,32767,1819.0,17700.0
2212.0,1827.0,12089,21373,23475,23804,24695,21014,32767,32767,32767,32767,32767,4641.0,17700.0
1872.0,1692.0,11470,21777,23475,22404,24170,21014,32767,32767,32767,32767,32767,2289.0,17700.0
1569.0,1511.0,11625,22180,23902,23804,22593,21014,32767,32767,32767,32767,32767,2038.0,17700.0
1550.0,1511.0,11780,22180,23475,23804,23119,21014,32767,32767,32767,32767,32767,2070.0,17700.0
1626.0,1534.0,11780,22180,23902,25204,24695,21014,32767,32767,32767,32767,32767,2227.0,17700.0
1456.0,1511.0,11315,22180,24329,25204,23644,21014,32767,32767,32767,32767,32767,1819.0,17700.0
1512.0,1443.0,12089,22987,25609,25204,24695,21014,32767,32767,32767,32767,32767,1756.0,17700.0
1720.0,1714.0,12554,22987,26463,26604,25746,21014,32767,32767,32767,32767,32767,2133.0,17700.0
1853.0,1714.0,13329,23793,25609,25671,25220,21014,32767,32767,32767,32767,32767,2728.0,17700.0
1569.0,1737.0,12864,23793,26463,26604,26271,21014,32767,32767,32767,32767,32767,2070.0,17700.0
1484.0,1377.0,11415,20712,22749,22615,20876,21495,32767,32767,32767,32767,32767,2310.0,17700.0
1594.0,1442.0,11715,21494,22335,22615,21894,21495,32767,32767,32767,32767,32767,2522.0,17700.0
1488.0,1528.0,11426,20488,22535,21388,21460,21515,32767,32767,32767,32767,32767,2156.0,17700.0
1544.0,1595.0,11580,21292,22535,22783,21460,21515,32767,32767,32767,32767,32767,2249.0,17700.0
1714.0,1752.0,12506,22095,24661,23713,24077,21515,32767,32767,32767,32767,32767,2312.0,17700.0
1789.0,1910.0,12198,22095,24661,24177,24600,21515,32767,32767,32767,32767,32767,2281.0,17700.0
1601.0,1640.0,11889,22095,23385,24177,23030,21515,32767,32767,32767,32767,32767,2124.0,17700.0
1563.0,1663.0,12506,22497,25511,24642,24077,21515,32767,32767,32767,32767,32767,2187.0,17700.0
1563.0,1640.0,12352,22497,25086,24642,23554,21515,32767,32767,32767,32767,32767,2031.0,17700.0
1657.0,1595.0,12043,22497,24661,24177,23030,21515,32767,32767,32767,32767,32767,2187.0,17700.0
1638.0,1640.0,12506,22497,24661,23713,23554,21515,32767,32767,32767,32767,32767,2312.0,17700.0
1563.0,1663.0,12661,22898,25086,24177,23554,21515,32767,32767,32767,32767,32767,2156.0,17700.0
1714.0,1775.0,12506,22898,25511,25572,24600,21515,32767,32767,32767,32767,32767,2405.0,17700.0
1657.0,1550.0,12506,22898,25086,24642,24077,21515,32767,32767,32767,32767,32767,2374.0,17700.0
1544.0,1685.0,12661,22898,24661,24642,23554,21515,32767,32767,32767,32767,32767,2312.0,17700.0
1638.0,1820.0,12815,22898,24661,24642,24077,21515,32767,32767,32767,32767,32767,2281.0,17700.0
1620.0,1708.0,12198,22898,25086,24177,24077,21515,32767,32767,32767,32767,32767,2062.0,17700.0
1544.0,1663.0,12352,22898,25511,24177,24077,21515,32767,32767,32767,32767,32767,2187.0,17700.0
1563.0,1640.0,12815,23300,26787,25107,25124,21515,32767,32767,32767,32767,32767,2093.0,17700.0
1657.0,1708.0,13124,23300,26362,26502,24600,21515,32767,32767,32767,32767,32767,2468.0,17700.0
1638.0,1775.0,13124,23702,25936,24642,24600,21515,32767,32767,32767,32767,32767,2312.0,17700.0
1582.0,1663.0,12815,23702,25511,25107,25124,21515,32767,32767,32767,32767,32767,2124.0,17700.0
1638.0,1775.0,12970,23702,26787,24642,24077,21515,32767,32767,32767,32767,32767,2249.0,17700.0
1695.0,1797.0,13124,23702,26787,24642,25124,21515,32767,32767,32767,32767,32767,2343.0,17700.0
1657.0,1752.0,12815,23702,25511,24642,25124,21515,32767,32767,32767,32767,32767,2187.0,17700.0
1620.0,1640.0,13433,23702,26362,25572,24077,21515,32767,32767,32767,32767,32767,2374.0,17700.0
1657.0,1775.0,13587,23702,26787,25107,24600,21515,32767,32767,32767,32767,32767,2405.0,17700.0
1638.0,1730.0,13278,24104,27637,25572,25124,21515,32767,32767,32767,32767,32767,2187.0,17700.0
1563.0,1663.0,13587,24505,26787,25572,25647,21515,32767,32767,32767,32767,32767,2187.0,17700.0
1569.0,1511.0,11315,21373,23475,23804,22593,21598,32767,32767,32767,32767,32767,2007.0,17700.0
1475.0,1421.0,11625,21777,24329,23804,24170,21598,32767,32767,32767,32767,32767,1850.0,17700.0
1626.0,1646.0,12399,22180,25183,24737,24695,21598,32767,32767,32767,32767,32767,2133.0,17700.0
1626.0,1669.0,11780,22180,24756,24271,23644,21598,32767,32767,32767,32767,32767,2258.0,17700.0
2495.0,2120.0,11470,22180,23048,24271,24170,21598,32767,32767,32767,32767,32767,3387.0,17700.0
2231.0,2030.0,12399,22583,26036,25671,25746,21598,32767,32767,32767,32767,32767,2854.0,17700.0
1664.0,1579.0,11780,22987,26036,25204,26271,21598,32767,32767,32767,32767,32767,2070.0,17700.0
1512.0,1601.0,11625,23390,24756,25204,25220,21598,32767,32767,32767,32767,32767,1788.0,17700.0
1645.0,1669.0,12554,23390,26036,25671,25220,21598,32767,32767,32767,32767,32767,2195.0,17700.0
1701.0,1556.0,12244,23793,26890,26604,26797,21598,32767,32767,32767,32767,32767,2133.0,17700.0
1531.0,1534.0,12089,24196,26463,25671,25746,21598,32767,32767,32767,32767,32767,1693.0,17700.0
1629.0,1375.0,9450,20846,23195,23508,25071,21663,32767,32767,32767,32767,32767,1995.0,17700.0
2294.0,2541.0,10897,19031,20553,23375,22265,21925,32767,32767,32767,32767,32767,2779.0,17700.0
1695.0,1438.0,12198,21292,24236,24177,23030,22096,32767,32767,32767,32767,32767,2812.0,17700.0
1620.0,1663.0,12506,22095,24661,24177,23554,22096,32767,32767,32767,32767,32767,2374.0,17700.0
1582.0,1595.0,12970,22497,25086,24177,23030,22096,32767,32767,32767,32767,32767,2405.0,17700.0
1695.0,1842.0,12970,22898,25086,24177,24077,22096,32767,32767,32767,32767,32767,2437.0,17700.0
1620.0,1730.0,12970,22898,25086,23713,23554,22096,32767,32767,32767,32767,32767,2312.0,17700.0
1582.0,1663.0,12970,23300,25936,26502,25124,22096,32767,32767,32767,32767,32767,2156.0,17700.0
1638.0,1708.0,12970,23300,25511,24177,24600,22096,32767,32767,32767,32767,32767,2374.0,17700.0
1601.0,1663.0,12506,23300,25511,24177,23554,22096,32767,32767,32767,32767,32767,2124.0,17700.0
1582.0,1708.0,12661,23300,26362,25107,24600,22096,32767,32767,32767,32767,32767,2124.0,17700.0
1601.0,1730.0,12506,23300,25511,24642,24077,22096,32767,32767,32767,32767,32767,2218.0,17700.0
1601.0,1775.0,12661,23300,25086,23248,23554,22096,32767,32767,32767,32767,32767,2187.0,17700.0
1544.0,1595.0,12352,23300,24661,25107,24077,22096,32767,32767,32767,32767,32767,1999.0,17700.0
1638.0,1752.0,12970,23702,25936,25572,25124,22096,32767,32767,32767,32767,32767,2249.0,17700.0
1733.0,1752.0,12970,23702,26362,25107,24077,22096,32767,32767,32767,32767,32767,2343.0,17700.0
1638.0,1752.0,12970,23702,25936,26037,24600,22096,32767,32767,32767,32767,32767,2124.0,17700.0
1657.0,1708.0,13433,23702,26362,25572,25124,22096,32767,32767,32767,32767,32767,2499.0,17700.0
1638.0,1730.0,12815,23702,25086,24177,23554,22096,32767,32767,32767,32767,32767,2249.0,17700.0
1676.0,1797.0,13124,23702,26362,25572,25647,22096,32767,32767,32767,32767,32767,2156.0,17700.0
1695.0,1842.0,12815,23702,25511,24642,24600,22096,32767,32767,32767,32767,32767,2249.0,17700.0
1657.0,1752.0,12970,24104,25511,24642,23554,22096,32767,32767,32767,32767,32767,2249.0,17700.0
1827.0,1932.0,13587,24104,27637,26967,25647,22096,32767,32767,32767,32767,32767,2437.0,17700.0
1657.0,1752.0,12970,24104,25511,24642,24077,22096,32767,32767,32767,32767,32767,2187.0,17700.0
1657.0,1842.0,13124,24104,26787,25107,24600,22096,32767,32767,32767,32767,32767,2281.0,17700.0
2072.0,2067.0,13278,24505,26787,25572,25647,22096,32767,32767,32767,32767,32767,2687.0,17700.0
1733.0,1708.0,13433,24505,27212,26502,25647,22096,32767,32767,32767,32767,32767,2187.0,17700.0
1695.0,1797.0,13742,24505,28062,26502,26171,22096,32767,32767,32767,32767,32767,2281.0,17700.0
1808.0,1887.0,12970,24907,28488,26967,26171,22096,32767,32767,32767,32767,32767,2374.0,17700.0
1638.0,1730.0,13742,24907,26362,26502,25124,22096,32767,32767,32767,32767,32767,2405.0,17700.0
1456.0,1421.0,11315,21777,23902,23337,23119,22181,32767,32767,32767,32767,32767,1756.0,17700.0
1418.0,1398.0,10850,21777,23048,22404,22593,22181,32767,32767,32767,32767,32767,1850.0,17700.0
1569.0,1534.0,11934,22583,26036,26137,24695,22181,32767,32767,32767,32767,32767,1913.0,17700.0
1493.0,1443.0,11934,22987,25609,25204,24695,22181,32767,32767,32767,32767,32767,1976.0,17700.0
1588.0,1624.0,11470,23390,25609,25671,26797,22181,32767,32767,32767,32767,32767,1788.0,17700.0
1531.0,1353.0,11470,23390,26036,26137,26271,22181,32767,32767,32767,32767,32767,1976.0,17700.0
1664.0,1646.0,12089,23390,25183,25204,25220,22181,32767,32767,32767,32767,32767,2070.0,17700.0
1645.0,1579.0,12089,24196,27317,26604,26271,22181,32767,32767,32767,32767,32767,1944.0,17700.0
1550.0,1489.0,12244,24196,26890,26137,25220,22181,32767,32767,32767,32767,32767,1850.0,17700.0
1569.0,1759.0,12089,24600,26036,26137,25220,22181,32767,32767,32767,32767,32767,1944.0,17700.0
1645.0,1737.0,12709,25406,27744,28471,27848,22181,32767,32767,32767,32767,32767,1976.0,17700.0
1649.0,1530.0,13217,23057,24817,25329,23931,22626,32767,32767,32767,32767,32767,2705.0,17700.0
1563.0,1618.0,12043,22497,23811,24642,23554,22678,32767,32767,32767,32767,32767,2218.0,17700.0
1544.0,1618.0,12198,22497,25086,24642,23554,22678,32767,32767,32767,32767,32767,2124.0,17700.0
1620.0,1775.0,12970,22898,25936,25572,24600,22678,32767,32767,32767,32767,32767,2281.0,17700.0
1638.0,1730.0,12970,22898,25511,25572,24600,22678,32767,32767,32767,32767,32767,2593.0,17700.0
1714.0,1797.0,12970,22898,25936,25572,24600,22678,32767,32767,32767,32767,32767,2312.0,17700.0
1638.0,1752.0,12815,23300,25936,24642,24077,22678,32767,32767,32767,32767,32767,2281.0,17700.0
1620.0,1685.0,12815,23300,25511,24642,23030,22678,32767,32767,32767,32767,32767,2187.0,17700.0
1657.0,1730.0,12815,23300,26362,25107,24600,22678,32767,32767,32767,32767,32767,2156.0,17700.0
1638.0,1865.0,13587,23702,26362,25572,26171,22678,32767,32767,32767,32767,32767,2468.0,17700.0
1620.0,1730.0,12661,23702,25936,25107,25124,22678,32767,32767,32767,32767,32767,2187.0,17700.0
1676.0,1730.0,13433,23702,25936,25572,24600,22678,32767,32767,32767,32767,32767,2437.0,17700.0
1714.0,1865.0,13124,23702,26787,25572,25647,22678,32767,32767,32767,32767,32767,2187.0,17700.0
1657.0,1685.0,12661,23702,24661,24177,23030,22678,32767,32767,32767,32767,32767,2312.0,17700.0
1733.0,1865.0,13433,24104,26362,26502,26171,22678,32767,32767,32767,32767,32767,2437.0,17700.0
1846.0,1820.0,12815,24104,26362,26502,25647,22678,32767,32767,32767,32767,32767,2499.0,17700.0
1638.0,1752.0,13124,24104,26362,25572,24600,22678,32767,32767,32767,32767,32767,2187.0,17700.0
1695.0,1820.0,13896,24104,27212,26037,25647,22678,32767,32767,32767,32767,32767,2281.0,17700.0
1582.0,1663.0,12815,24104,26362,24642,24600,22678,32767,32767,32767,32767,32767,2156.0,17700.0
1733.0,1932.0,13278,24104,26787,26037,27217,22678,32767,32767,32767,32767,32767,2499.0,17700.0
1638.0,1663.0,12970,24505,26362,25572,25124,22678,32767,32767,32767,32767,32767,2187.0,17700.0
1714.0,1820.0,13433,24505,27212,25572,25647,22678,32767,32767,32767,32767,32767,2218.0,17700.0
1676.0,1887.0,14205,24907,27637,28362,26171,22678,32767,32767,32767,32767,32767,2499.0,17700.0
1714.0,1932.0,14205,24907,28488,27432,27741,22678,32767,32767,32767,32767,32767,2437.0,17700.0
1676.0,1865.0,13433,24907,26787,26037,25124,22678,32767,32767,32767,32767,32767,2281.0,17700.0
1714.0,1932.0,13742,24907,26787,26037,25124,22678,32767,32767,32767,32767,32767,2437.0,17700.0
1676.0,1797.0,13433,24907,26362,26037,25647,22678,32767,32767,32767,32767,32767,2124.0,17700.0
1808.0,1842.0,14050,25309,27212,26502,25647,22678,32767,32767,32767,32767,32767,2437.0,17700.0
1695.0,1865.0,13896,25309,27637,26967,26171,22678,32767,32767,32767,32767,32767,2281.0,17700.0
1921.0,2112.0,13742,25309,26787,27432,27741,22678,32767,32767,32767,32767,32767,2780.0,17700.0
1733.0,1955.0,13896,25309,28062,26037,25647,22678,32767,32767,32767,32767,32767,2374.0,17700.0
1638.0,1820.0,13742,25309,28488,26967,26694,22678,32767,32767,32767,32767,32767,2343.0,17700.0
1701.0,1669.0,12089,22987,26463,25671,26271,22765,32767,32767,32767,32767,32767,2101.0,17700.0
1550.0,1669.0,12554,23390,25609,25204,25220,22765,32767,32767,32767,32767,32767,2070.0,17700.0
1815.0,1849.0,12244,23390,26463,27071,27322,22765,32767,32767,32767,32767,32767,2446.0,17700.0
1645.0,1669.0,12709,23793,26463,26137,25746,22765,32767,32767,32767,32767,32767,2070.0,17700.0
1701.0,1669.0,12399,23793,25609,26604,26271,22765,32767,32767,32767,32767,32767,2101.0,17700.0
1531.0,1556.0,12399,23793,25609,27071,25746,22765,32767,32767,32767,32767,32767,2258.0,17700.0
1834.0,1985.0,12709,24196,27744,29405,28898,22765,32767,32767,32767,32767,32767,2101.0,17700.0
1569.0,1669.0,12864,24600,27744,27538,26797,22765,32767,32767,32767,32767,32767,1976.0,17700.0
1739.0,1646.0,13019,25003,26463,28471,27848,22765,32767,32767,32767,32767,32767,2572.0,17700.0
1645.0,1827.0,13484,25003,28597,29871,28898,22765,32767,32767,32767,32767,32767,2007.0,17700.0
1588.0,1511.0,12554,25003,27744,27538,26797,22765,32767,32767,32767,32767,32767,1913.0,17700.0
1815.0,1962.0,13174,25406,28170,28938,28898,22765,32767,32767,32767,32767,32767,2791.0,17700.0
1928.0,1759.0,13949,25809,28597,28938,27848,22765,32767,32767,32767,32767,32767,3011.0,17700.0
1748.0,1651.0,12091,24468,25897,25173,25807,23049,32767,32767,32767,32767,32767,2326.0,17700.0
1575.0,1661.0,12466,23838,26471,25329,23931,23192,32767,32767,32767,32767,32767,2218.0,17700.0
1582.0,1752.0,12815,23300,25936,25107,25124,23259,32767,32767,32767,32767,32767,2249.0,17700.0
1638.0,1820.0,13278,24104,26362,25107,24600,23259,32767,32767,32767,32767,32767,2312.0,17700.0
1676.0,1730.0,13587,24104,26362,25572,25647,23259,32767,32767,32767,32767,32767,2405.0,17700.0
1638.0,1730.0,13124,24104,26787,25572,25647,23259,32767,32767,32767,32767,32767,2124.0,17700.0
1676.0,1865.0,13124,24104,25511,25572,25124,23259,32767,32767,32767,32767,32767,2218.0,17700.0
1695.0,1708.0,13896,24104,26787,25572,25647,23259,32767,32767,32767,32767,32767,2343.0,17700.0
1695.0,1797.0,13433,24104,26362,25572,25647,23259,32767,32767,32767,32767,32767,2405.0,17700.0
1733.0,1910.0,13742,24505,26787,26967,26171,23259,32767,32767,32767,32767,32767,2499.0,17700.0
1695.0,1887.0,13742,24505,27637,26037,26694,23259,32767,32767,32767,32767,32767,2281.0,17700.0
1657.0,1820.0,13433,24505,27637,26502,26171,23259,32767,32767,32767,32767,32767,2156.0,17700.0
1620.0,1752.0,14050,24505,28062,26502,26171,23259,32767,32767,32767,32767,32767,2343.0,17700.0
1601.0,1730.0,14050,24907,27212,27432,27217,23259,32767,32767,32767,32767,32767,2218.0,17700.0
1733.0,1820.0,13433,24907,26787,26502,24600,23259,32767,32767,32767,32767,32767,2312.0,17700.0
1620.0,1865.0,13433,24907,26787,26037,25647,23259,32767,32767,32767,32767,32767,2405.0,17700.0
1770.0,2000.0,13742,24907,27637,27432,26171,23259,32767,32767,32767,32767,32767,2499.0,17700.0
1751.0,1887.0,13896,25309,28062,26967,26694,23259,32767,32767,32767,32767,32767,2312.0,17700.0
1676.0,1640.0,13742,25309,28062,26967,27217,23259,32767,32767,32767,32767,32767,2093.0,17700.0
1676.0,1820.0,14050,25309,28488,27897,27217,23259,32767,32767,32767,32767,32767,2312.0,17700.0
1676.0,1730.0,13587,25711,28488,28362,26694,23259,32767,32767,32767,32767,32767,2374.0,17700.0
1676.0,1865.0,13896,25711,27637,27432,26171,23259,32767,32767,32767,32767,32767,2343.0,17700.0
1789.0,1977.0,14359,26112,29338,28362,28264,23259,32767,32767,32767,32767,32767,2374.0,17700.0
1695.0,1820.0,13896,26112,28913,27897,27217,23259,32767,32767,32767,32767,32767,2312.0,17700.0
1770.0,1887.0,13896,26112,28488,26967,27741,23259,32767,32767,32767,32767,32767,2405.0,17700.0
1512.0,1534.0,12244,23390,25183,26137,26271,23349,32767,32767,32767,32767,32767,2101.0,17700.0
1758.0,1646.0,13174,23793,26036,27538,26271,23349,32767,32767,32767,32767,32767,2415.0,17700.0
1720.0,1827.0,12864,23793,26036,27538,27848,23349,32767,32767,32767,32767,32767,2321.0,17700.0
1607.0,1579.0,12399,23793,26890,25204,25220,23349,32767,32767,32767,32767,32767,2038.0,17700.0
1550.0,1511.0,12399,23793,25609,25671,26271,23349,32767,32767,32767,32767,32767,2007.0,17700.0
1550.0,1579.0,12709,24600,27317,26137,25746,23349,32767,32767,32767,32767,32767,2070.0,17700.0
1626.0,1692.0,12554,24600,26036,27071,26271,23349,32767,32767,32767,32767,32767,1944.0,17700.0
1550.0,1646.0,11934,24600,27317,28004,28373,23349,32767,32767,32767,32767,32767,2227.0,17700.0
1607.0,1646.0,12399,25003,26890,27538,26797,23349,32767,32767,32767,32767,32767,2007.0,17700.0
2382.0,2233.0,14414,25406,27744,28004,27848,23349,32767,32767,32767,32767,32767,3701.0,17700.0
2476.0,2255.0,13019,25406,27317,28004,27848,23349,32767,32767,32767,32767,32767,3042.0,17700.0
1909.0,1940.0,13949,25406,29878,28938,29424,23349,32767,32767,32767,32767,32767,2289.0,17700.0
1493.0,1579.0,12554,25406,27744,28471,27848,23349,32767,32767,32767,32767,32767,2133.0,17700.0
1664.0,1849.0,12864,27019,29024,30338,29424,23349,32767,32767,32767,32767,32767,2101.0,17700.0
1612.0,1770.0,12917,23838,26471,25781,24949,23758,32767,32767,32767,32767,32767,2279.0,17700.0
1612.0,1683.0,12917,24229,27299,25329,25458,23758,32767,32767,32767,32767,32767,2249.0,17700.0
1704.0,1617.0,13968,24229,27299,26686,25967,23758,32767,32767,32767,32767,32767,2614.0,17700.0
1612.0,1727.0,13067,24620,27299,26233,25967,23758,32767,32767,32767,32767,32767,2249.0,17700.0
1722.0,1792.0,13067,25011,26885,27138,26477,23758,32767,32767,32767,32767,32767,2218.0,17700.0
1685.0,1814.0,13968,25792,27299,26233,25967,23758,32767,32767,32767,32767,32767,2401.0,17700.0
1630.0,1792.0,14119,25792,27712,27138,26477,23758,32767,32767,32767,32767,32767,2401.0,17700.0
1714.0,1887.0,12352,22898,25511,24642,24600,23841,32767,32767,32767,32767,32767,2405.0,17700.0
1751.0,1932.0,14050,24104,28488,27897,27217,23841,32767,32767,32767,32767,32767,2374.0,17700.0
2034.0,2179.0,13896,24505,28062,27432,26694,23841,32767,32767,32767,32767,32767,2937.0,17700.0
1620.0,1820.0,13433,24505,28062,26037,26171,23841,32767,32767,32767,32767,32767,2437.0,17700.0
1657.0,1797.0,13433,24505,26787,27432,25647,23841,32767,32767,32767,32767,32767,2218.0,17700.0
1676.0,1708.0,13587,24907,27212,26502,25647,23841,32767,32767,32767,32767,32767,2124.0,17700.0
1601.0,1730.0,13433,24907,27637,26967,25647,23841,32767,32767,32767,32767,32767,2187.0,17700.0
1676.0,1752.0,13433,24907,27212,26967,26171,23841,32767,32767,32767,32767,32767,2187.0,17700.0
1676.0,1842.0,13433,25309,27212,26967,25647,23841,32767,32767,32767,32767,32767,2187.0,17700.0
1808.0,1865.0,14514,25309,27637,28362,28264,23841,32767,32767,32767,32767,32767,2655.0,17700.0
1657.0,1842.0,13896,25309,28062,27432,26694,23841,32767,32767,32767,32767,32767,2374.0,17700.0
1789.0,1932.0,13896,25309,28913,27432,27217,23841,32767,32767,32767,32767,32767,2312.0,17700.0
1733.0,1932.0,14359,25711,28488,28827,27741,23841,32767,32767,32767,32767,32767,2499.0,17700.0
1959.0,2202.0,14205,25711,29338,28827,27741,23841,32767,32767,32767,32767,32767,2687.0,17700.0
1714.0,1820.0,14359,25711,29338,27897,27217,23841,32767,32767,32767,32767,32767,2187.0,17700.0
1864.0,2022.0,13896,25711,28062,26967,27741,23841,32767,32767,32767,32767,32767,2624.0,17700.0
1714.0,1775.0,14205,26112,28913,28362,27741,23841,32767,32767,32767,32767,32767,2249.0,17700.0
1770.0,1910.0,14668,26514,29338,28362,27217,23841,32767,32767,32767,32767,32767,2499.0,17700.0
2684.0,2413.0,11315,21777,25183,25204,26271,23932,32767,32767,32767,32767,32767,3512.0,17700.0
1531.0,1443.0,12244,22583,24756,25671,25746,23932,32767,32767,32767,32767,32767,2038.0,17700.0
1626.0,1646.0,11934,23390,25609,26137,26271,23932,32767,32767,32767,32767,32767,2133.0,17700.0
1626.0,1556.0,12244,24600,27744,28004,28373,23932,32767,32767,32767,32767,32767,1944.0,17700.0
1531.0,1624.0,12864,24600,27317,27071,28373,23932,32767,32767,32767,32767,32767,1976.0,17700.0
1664.0,1872.0,13019,25003,28170,28938,27848,23932,32767,32767,32767,32767,32767,2101.0,17700.0
1569.0,1737.0,12709,25003,27744,27538,27322,23932,32767,32767,32767,32767,32767,1944.0,17700.0
1569.0,1601.0,12554,25406,27317,28004,27848,23932,32767,32767,32767,32767,32767,1976.0,17700.0
1664.0,1714.0,13174,26213,28170,28471,27848,23932,32767,32767,32767,32767,32767,2101.0,17700.0
1557.0,1552.0,12767,23838,26058,25781,24949,24323,32767,32767,32767,32767,32767,2249.0,17700.0
1356.0,1333.0,10814,24229,25644,26686,26986,24323,32767,32767,32767,32767,32767,1702.0,17700.0
1630.0,1727.0,12917,24229,27299,26233,25967,24323,32767,32767,32767,32767,32767,2249.0,17700.0
1539.0,1595.0,12617,24229,26471,26686,25967,24323,32767,32767,32767,32767,32767,2097.0,17700.0
1575.0,1661.0,13217,24620,26885,26686,25967,24323,32767,32767,32767,32767,32767,2127.0,17700.0
1740.0,1836.0,14269,25011,27712,27138,25967,24323,32767,32767,32767,32767,32767,2644.0,17700.0
1557.0,1574.0,12917,25011,26885,25781,25967,24323,32767,32767,32767,32767,32767,2006.0,17700.0
1594.0,1705.0,13968,25792,28540,27590,26477,24323,32767,32767,32767,32767,32767,2249.0,17700.0
1733.0,1820.0,14359,24505,28062,26037,26171,24422,32767,32767,32767,32767,32767,2843.0,17700.0
1657.0,1820.0,13587,24907,28062,27432,25647,24422,32767,32767,32767,32767,32767,2312.0,17700.0
1620.0,1685.0,13587,25309,28062,26967,28788,24422,32767,32767,32767,32767,32767,2156.0,17700.0
1714.0,1752.0,14050,25309,28062,26967,26171,24422,32767,32767,32767,32767,32767,2281.0,17700.0
1789.0,1955.0,13587,25309,27637,26967,26171,24422,32767,32767,32767,32767,32767,2530.0,17700.0
1808.0,1887.0,14050,25309,27637,26502,26171,24422,32767,32767,32767,32767,32767,2437.0,17700.0
1770.0,1842.0,13587,25309,27637,26502,26171,24422,32767,32767,32767,32767,32767,2437.0,17700.0
1751.0,1752.0,13896,25711,28488,27897,27217,24422,32767,32767,32767,32767,32767,2562.0,17700.0
1638.0,1752.0,13742,25711,27637,26037,26694,24422,32767,32767,32767,32767,32767,2249.0,17700.0
2109.0,2269.0,14668,25711,28062,29757,28788,24422,32767,32767,32767,32767,32767,3030.0,17700.0
2034.0,2112.0,13896,26112,28488,27897,27741,24422,32767,32767,32767,32767,32767,2562.0,17700.0
1789.0,1977.0,14668,26514,29338,27897,27741,24422,32767,32767,32767,32767,32767,2562.0,17700.0
1770.0,2022.0,15131,26514,29338,28827,27741,24422,32767,32767,32767,32767,32767,2530.0,17700.0
1657.0,1685.0,14822,26514,29763,29757,29311,24422,32767,32767,32767,32767,32767,2218.0,17700.0
1751.0,1977.0,14205,26514,28913,28827,28264,24422,32767,32767,32767,32767,32767,2437.0,17700.0
1846.0,2067.0,15286,26916,30188,29292,29311,24422,32767,32767,32767,32767,32767,2437.0,17700.0
1789.0,1977.0,14359,26916,28062,28827,28264,24422,32767,32767,32767,32767,32767,2499.0,17700.0
1770.0,1955.0,14514,26916,29763,29292,28264,24422,32767,32767,32767,32767,32767,2499.0,17700.0
1940.0,2202.0,15440,27719,30614,30222,29311,24422,32767,32767,32767,32767,32767,2749.0,17700.0
2072.0,2112.0,15131,27719,30188,29757,29834,24422,32767,32767,32767,32767,32767,2343.0,17700.0
1733.0,1842.0,15440,27719,30188,29292,28264,24422,32767,32767,32767,32767,32767,2437.0,17700.0
2053.0,2292.0,14977,28121,30614,30222,29834,24422,32767,32767,32767,32767,32767,3155.0,17700.0
2552.0,2210.0,13019,24196,26036,27538,26797,24516,32767,32767,32767,32767,32767,3732.0,17700.0
2514.0,2413.0,12244,25003,26890,28004,28898,24516,32767,32767,32767,32767,32767,2634.0,17700.0
1645.0,1782.0,13174,25003,27744,27538,28373,24516,32767,32767,32767,32767,32767,2101.0,17700.0
1607.0,1692.0,12709,25809,28170,27538,26271,24516,32767,32767,32767,32767,32767,2101.0,17700.0
1569.0,1646.0,13639,26213,28597,28938,28373,24516,32767,32767,32767,32767,32767,2007.0,17700.0
1720.0,1804.0,13794,26616,29024,29405,29424,24516,32767,32767,32767,32767,32767,2227.0,17700.0
1588.0,1624.0,13174,27019,27744,28938,27848,24516,32767,32767,32767,32767,32767,2195.0,17700.0
1758.0,2075.0,14104,27423,30304,30805,31000,24516,32767,32767,32767,32767,32767,2289.0,17700.0
1701.0,2143.0,13794,27826,29878,31738,32051,24516,32767,32767,32767,32767,32767,2383.0,17700.0
1890.0,1872.0,13794,28229,32012,32672,32051,24516,32767,32767,32767,32767,32767,2352.0,17700.0
1521.0,1683.0,13968,24620,27712,27590,26477,24889,32767,32767,32767,32767,32767,2401.0,17700.0
1795.0,1748.0,13518,24620,27712,27138,27495,24889,32767,32767,32767,32767,32767,2948.0,17700.0
1575.0,1661.0,13818,25792,28126,27138,26986,24889,32767,32767,32767,32767,32767,2188.0,17700.0
1630.0,1705.0,13518,25792,28126,28495,28513,24889,32767,32767,32767,32767,32767,2127.0,17700.0
1575.0,1639.0,13818,25792,28540,27590,25967,24889,32767,32767,32767,32767,32767,2340.0,17700.0
1777.0,1880.0,14569,25792,28126,28495,28513,24889,32767,32767,32767,32767,32767,2857.0,17700.0
1667.0,1792.0,14119,25792,28540,27590,26986,24889,32767,32767,32767,32767,32767,2340.0,17700.0
1649.0,1748.0,13518,25792,28126,28495,26986,24889,32767,32767,32767,32767,32767,2218.0,17700.0
1612.0,1705.0,14269,26574,29367,28042,27495,24889,32767,32767,32767,32767,32767,2218.0,17700.0
1704.0,1945.0,14569,26574,28953,27590,27495,24889,32767,32767,32767,32767,32767,2522.0,17700.0
1751.0,1775.0,14514,25711,28062,27897,27217,25004,32767,32767,32767,32767,32767,2687.0,17700.0
2109.0,2292.0,14205,26112,28913,28827,29311,25004,32767,32767,32767,32767,32767,3030.0,17700.0
1695.0,1820.0,14359,26514,28913,29292,28788,25004,32767,32767,32767,32767,32767,2312.0,17700.0
1714.0,1842.0,14668,26514,28913,28827,28264,25004,32767,32767,32767,32767,32767,2468.0,17700.0
1751.0,1910.0,14668,26514,29763,28827,27741,25004,32767,32767,32767,32767,32767,2312.0,17700.0
1940.0,2202.0,15594,26916,31039,29757,28264,25004,32767,32767,32767,32767,32767,2718.0,17700.0
1789.0,2000.0,14359,26916,28488,28362,28264,25004,32767,32767,32767,32767,32767,2343.0,17700.0
1770.0,1887.0,14668,26916,29763,29757,28264,25004,32767,32767,32767,32767,32767,2405.0,17700.0
1789.0,2022.0,14822,26916,30188,29292,29311,25004,32767,32767,32767,32767,32767,2405.0,17700.0
1996.0,2292.0,14822,26916,29763,29757,29834,25004,32767,32767,32767,32767,32767,2905.0,17700.0
1789.0,1887.0,14514,27317,29763,28827,28264,25004,32767,32767,32767,32767,32767,2468.0,17700.0
1846.0,1977.0,14668,27317,29338,29292,28788,25004,32767,32767,32767,32767,32767,2562.0,17700.0
1493.0,1646.0,12399,25003,26890,28004,28373,25100,32767,32767,32767,32767,32767,1976.0,17700.0
1645.0,1804.0,13639,25809,28170,29405,29424,25100,32767,32767,32767,32767,32767,2289.0,17700.0
1853.0,2075.0,12864,26213,30304,30805,29424,25100,32767,32767,32767,32767,32767,2477.0,17700.0
1550.0,1646.0,13019,26213,28170,28004,28373,25100,32767,32767,32767,32767,32767,2038.0,17700.0
1588.0,1601.0,13019,26213,27744,28004,27322,25100,32767,32767,32767,32767,32767,1882.0,17700.0
1739.0,1804.0,13019,26213,29451,28938,29949,25100,32767,32767,32767,32767,32767,2195.0,17700.0
1758.0,1759.0,13484,27019,30304,30805,31000,25100,32767,32767,32767,32767,32767,2038.0,17700.0
1796.0,1985.0,13949,27826,31158,30338,31526,25100,32767,32767,32767,32767,32767,2258.0,17700.0
1739.0,1714.0,14259,28229,31158,31272,31000,25100,32767,32767,32767,32767,32767,2195.0,17700.0
1777.0,1759.0,14259,28632,32439,30805,31000,25100,32767,32767,32767,32767,32767,2038.0,17700.0
1796.0,1962.0,14414,29036,32012,28938,31526,25100,32767,32767,32767,32767,32767,2195.0,17700.0
1594.0,1705.0,13518,25011,27712,26686,25967,25454,32767,32767,32767,32767,32767,2218.0,17700.0
2107.0,2492.0,14119,25792,28540,28042,28004,25454,32767,32767,32767,32767,32767,3039.0,17700.0
1594.0,1705.0,14119,26183,28540,28042,27495,25454,32767,32767,32767,32767,32767,2218.0,17700.0
1594.0,1617.0,14419,26183,29780,28495,28004,25454,32767,32767,32767,32767,32767,2249.0,17700.0
1630.0,1683.0,14419,26574,28953,28495,28004,25454,32767,32767,32767,32767,32767,2644.0,17700.0
1594.0,1727.0,13968,26574,29780,28042,28004,25454,32767,32767,32767,32767,32767,2218.0,17700.0
1612.0,1770.0,14419,26574,28540,28495,28004,25454,32767,32767,32767,32767,32767,2310.0,17700.0
1649.0,1880.0,15170,27356,29367,29399,29532,25454,32767,32767,32767,32767,32767,2522.0,17700.0
1789.0,1775.0,13742,25309,27212,28362,27741,25585,32767,32767,32767,32767,32767,2499.0,17700.0
1770.0,1865.0,14668,26112,29338,28362,28788,25585,32767,32767,32767,32767,32767,2687.0,17700.0
1789.0,1865.0,13896,26514,28913,30687,30881,25585,32767,32767,32767,32767,32767,2687.0,17700.0
1789.0,1955.0,14977,26916,30188,29292,27741,25585,32767,32767,32767,32767,32767,2437.0,17700.0
1808.0,1887.0,14977,26916,30614,30687,28788,25585,32767,32767,32767,32767,32767,2343.0,17700.0
2109.0,2269.0,14977,26916,30614,29757,30358,25585,32767,32767,32767,32767,32767,2687.0,17700.0
1789.0,2000.0,15131,27317,30614,29757,29834,25585,32767,32767,32767,32767,32767,2374.0,17700.0
1714.0,1910.0,15286,27317,31039,30687,30358,25585,32767,32767,32767,32767,32767,2593.0,17700.0
1808.0,2000.0,15286,27719,30614,30222,30358,25585,32767,32767,32767,32767,32767,2499.0,17700.0
1883.0,2045.0,14977,27719,31464,30687,31405,25585,32767,32767,32767,32767,32767,2780.0,17700.0
2053.0,2269.0,15131,27719,30614,30222,29834,25585,32767,32767,32767,32767,32767,2562.0,17700.0
1751.0,2089.0,15440,27719,31039,31617,31405,25585,32767,32767,32767,32767,32767,2749.0,17700.0
1864.0,2067.0,14822,28121,29763,29757,29311,25585,32767,32767,32767,32767,32767,2499.0,17700.0
1550.0,1737.0,13019,25809,28170,28938,28373,25684,32767,32767,32767,32767,32767,1944.0,17700.0
1872.0,2030.0,13484,26213,29024,29871,29424,25684,32767,32767,32767,32767,32767,2572.0,17700.0
1758.0,1714.0,13484,26616,29878,30805,31526,25684,32767,32767,32767,32767,32767,2195.0,17700.0
1550.0,1443.0,13329,26616,30304,30338,32051,25684,32767,32767,32767,32767,32767,2038.0,17700.0
1588.0,1759.0,13949,27423,29878,30338,29424,25684,32767,32767,32767,32767,32767,2038.0,17700.0
1777.0,1759.0,13639,27423,30731,31272,30475,25684,32767,32767,32767,32767,32767,2101.0,17700.0
1758.0,1849.0,13949,27423,29451,30338,30475,25684,32767,32767,32767,32767,32767,2133.0,17700.0
1588.0,1646.0,13949,27826,30731,29871,29949,25684,32767,32767,32767,32767,32767,2070.0,17700.0
1645.0,1827.0,14259,28229,30304,31272,31526,25684,32767,32767,32767,32767,32767,2038.0,17700.0
1795.0,1705.0,14269,25792,28540,27590,28004,26020,32767,32767,32767,32767,32767,3130.0,17700.0
1575.0,1814.0,14419,25792,29367,28495,27495,26020,32767,32767,32767,32767,32767,2401.0,17700.0
1502.0,1442.0,15470,26183,29367,28947,29532,26020,32767,32767,32767,32767,32767,2674.0,17700.0
1557.0,1617.0,14119,26183,28953,27590,28004,26020,32767,32767,32767,32767,32767,2340.0,17700.0
1649.0,1814.0,14269,26183,29780,28947,28004,26020,32767,32767,32767,32767,32767,2218.0,17700.0
1594.0,1705.0,14269,26574,29780,28495,28004,26020,32767,32767,32767,32767,32767,2158.0,17700.0
1667.0,1770.0,15020,26574,29780,29399,28513,26020,32767,32767,32767,32767,32767,2431.0,17700.0
1575.0,1727.0,14419,26574,29780,28947,29022,26020,32767,32767,32767,32767,32767,2310.0,17700.0
1649.0,1858.0,15020,26965,29780,28947,29022,26020,32767,32767,32767,32767,32767,2522.0,17700.0
1630.0,1770.0,15020,27356,30608,28947,29022,26020,32767,32767,32767,32767,32767,2462.0,17700.0
1942.0,1923.0,14870,27746,30194,30756,29022,26020,32767,32767,32767,32767,32767,2978.0,17700.0
1667.0,1901.0,15170,28137,30608,29852,29532,26020,32767,32767,32767,32767,32767,2462.0,17700.0
1921.0,2157.0,14050,26514,31039,29757,29834,26167,32767,32767,32767,32767,32767,2624.0,17700.0
1902.0,2134.0,14514,26514,29338,29757,29311,26167,32767,32767,32767,32767,32767,2812.0,17700.0
1940.0,2202.0,15286,26916,28913,29292,29311,26167,32767,32767,32767,32767,32767,2749.0,17700.0
1996.0,2157.0,14977,26916,31464,30687,30358,26167,32767,32767,32767,32767,32767,2687.0,17700.0
2090.0,2404.0,15749,27317,30188,30687,30881,26167,32767,32767,32767,32767,32767,3187.0,17700.0
2034.0,2202.0,15131,28523,31889,31617,31928,26167,32767,32767,32767,32767,32767,2530.0,17700.0
1883.0,2000.0,15131,28523,32314,32547,32451,26167,32767,32767,32767,32767,32767,2593.0,17700.0
1864.0,2067.0,15903,28924,32767,30222,30358,26167,32767,32767,32767,32767,32767,2593.0,17700.0
1940.0,2247.0,16830,28924,32767,32547,31405,26167,32767,32767,32767,32767,32767,2812.0,17700.0
1493.0,1669.0,13484,26213,29024,29405,28898,26267,32767,32767,32767,32767,32767,1976.0,17700.0
1777.0,1849.0,13639,27019,30304,30805,29949,26267,32767,32767,32767,32767,32767,2070.0,17700.0
1626.0,1759.0,13639,27423,30731,31272,31526,26267,32767,32767,32767,32767,32767,2164.0,17700.0
2042.0,2255.0,14879,27826,31158,32767,32576,26267,32767,32767,32767,32767,32767,2540.0,17700.0
1550.0,1737.0,14414,28229,31158,31738,31000,26267,32767,32767,32767,32767,32767,2101.0,17700.0
1853.0,1985.0,14569,28229,30731,31738,32051,26267,32767,32767,32767,32767,32767,2446.0,17700.0
1739.0,1940.0,14414,28632,31585,31272,31526,26267,32767,32767,32767,32767,32767,2101.0,17700.0
1815.0,1962.0,15034,29842,32767,32205,31526,26267,32767,32767,32767,32767,32767,2164.0,17700.0
1985.0,2210.0,14879,29842,32767,32672,32767,26267,32767,32767,32767,32767,32767,2227.0,17700.0
1704.0,1858.0,13968,25792,28540,28495,28004,26586,32767,32767,32767,32767,32767,2462.0,17700.0
1575.0,1683.0,14569,26574,29780,28947,29022,26586,32767,32767,32767,32767,32767,2188.0,17700.0
1630.0,1770.0,14569,26574,29780,28947,29022,26586,32767,32767,32767,32767,32767,2279.0,17700.0
1594.0,1705.0,13968,27356,29780,29399,29022,26586,32767,32767,32767,32767,32767,2097.0,17700.0
1612.0,1792.0,15170,27356,30608,29852,28513,26586,32767,32767,32767,32767,32767,2370.0,17700.0
1649.0,1858.0,15020,27356,31435,29399,28513,26586,32767,32767,32767,32767,32767,2310.0,17700.0
1575.0,1595.0,14419,27746,28953,29852,30550,26586,32767,32767,32767,32767,32767,2006.0,17700.0
1777.0,1967.0,15320,27746,31021,30304,29532,26586,32767,32767,32767,32767,32767,2796.0,17700.0
1704.0,1901.0,15621,28137,30608,31209,30041,26586,32767,32767,32767,32767,32767,2522.0,17700.0
1759.0,2011.0,15921,28528,31848,30756,30041,26586,32767,32767,32767,32767,32767,2614.0,17700.0
1759.0,2054.0,15621,29310,32676,31661,31568,26586,32767,32767,32767,32767,32767,2583.0,17700.0
1864.0,2067.0,14977,27317,31464,30687,30358,26748,32767,32767,32767,32767,32767,2499.0,17700.0
2015.0,2247.0,16366,28523,31039,30222,30358,26748,32767,32767,32767,32767,32767,3093.0,17700.0
2072.0,2359.0,15594,28523,32314,32082,31928,26748,32767,32767,32767,32767,32767,2812.0,17700.0
1864.0,2134.0,15594,28523,32739,31617,31405,26748,32767,32767,32767,32767,32767,2655.0,17700.0
1977.0,2269.0,16058,28924,31889,31152,31405,26748,32767,32767,32767,32767,32767,2812.0,17700.0
1714.0,1865.0,14977,29326,32314,31152,32451,26748,32767,32767,32767,32767,32767,2499.0,17700.0
1921.0,2022.0,16058,29728,32739,32547,32767,26748,32767,32767,32767,32767,32767,2687.0,17700.0
1902.0,2179.0,16675,30130,32767,32767,32767,26748,32767,32767,32767,32767,32767,2562.0,17700.0
1683.0,1849.0,14259,27423,30731,31272,31526,26851,32767,32767,32767,32767,32767,2258.0,17700.0
1626.0,1759.0,14259,27826,31158,31272,31000,26851,32767,32767,32767,32767,32767,2070.0,17700.0
1588.0,1827.0,14259,27826,31158,31738,32576,26851,32767,32767,32767,32767,32767,2133.0,17700.0
1683.0,1804.0,13949,28229,30731,31272,31526,26851,32767,32767,32767,32767,32767,1976.0,17700.0
1683.0,1782.0,14569,29036,31585,31738,31526,26851,32767,32767,32767,32767,32767,2195.0,17700.0
1701.0,1759.0,14724,29036,31585,30338,32576,26851,32767,32767,32767,32767,32767,2289.0,17700.0
2136.0,2188.0,13484,29439,32767,32767,32767,26851,32767,32767,32767,32767,32767,2383.0,17700.0
1815.0,2233.0,15964,31052,32767,32767,32767,26851,32767,32767,32767,32767,32767,2477.0,17700.0
1612.0,1770.0,14419,27356,30194,29399,29532,27151,32767,32767,32767,32767,32767,2340.0,17700.0
1685.0,1836.0,15170,27356,30194,29399,29532,27151,32767,32767,32767,32767,32767,2279.0,17700.0
1704.0,1901.0,14419,27356,29780,29399,29022,27151,32767,32767,32767,32767,32767,2310.0,17700.0
1740.0,1858.0,15621,27746,31848,30304,31059,27151,32767,32767,32767,32767,32767,2735.0,17700.0
1630.0,1792.0,14870,28528,31021,30756,29532,27151,32767,32767,32767,32767,32767,2279.0,17700.0
1630.0,1792.0,15320,28528,31848,30756,31059,27151,32767,32767,32767,32767,32767,2279.0,17700.0
1630.0,1814.0,15470,28919,31435,30304,30041,27151,32767,32767,32767,32767,32767,2370.0,17700.0
1704.0,1858.0,16372,28919,32262,31661,31568,27151,32767,32767,32767,32767,32767,2705.0,17700.0
1704.0,1858.0,15771,29310,32262,30304,30041,27151,32767,32767,32767,32767,32767,2401.0,17700.0
1869.0,2054.0,15921,29310,32262,31661,30550,27151,32767,32767,32767,32767,32767,3100.0,17700.0
1887.0,2207.0,16522,29310,32676,32113,32077,27151,32767,32767,32767,32767,32767,2705.0,17700.0
2125.0,2339.0,16221,29310,32676,32565,32587,27151,32767,32767,32767,32767,32767,3161.0,17700.0
1759.0,1967.0,16221,29700,32767,32767,31059,27151,32767,32767,32767,32767,32767,2674.0,17700.0
1864.0,1842.0,12970,26112,28488,29292,27741,27330,32767,32767,32767,32767,32767,2374.0,17700.0
1921.0,2089.0,15903,29326,32314,31617,31928,27330,32767,32767,32767,32767,32767,2562.0,17700.0
1815.0,1962.0,14259,27826,30304,31272,31526,27435,32767,32767,32767,32767,32767,2415.0,17700.0
1720.0,1985.0,14569,29036,32767,32767,32576,27435,32767,32767,32767,32767,32767,2289.0,17700.0
1683.0,1714.0,14569,29036,32012,32205,32576,27435,32767,32767,32767,32767,32767,1976.0,17700.0
1834.0,2030.0,15034,29036,32439,32672,32051,27435,32767,32767,32767,32767,32767,2227.0,17700.0
1834.0,2188.0,15189,30245,32767,32767,32767,27435,32767,32767,32767,32767,32767,2477.0,17700.0
1890.0,2075.0,15189,30245,32767,32767,32767,27435,32767,32767,32767,32767,32767,2415.0,17700.0
1796.0,2188.0,15964,30649,32767,32767,32767,27435,32767,32767,32767,32767,32767,2415.0,17700.0
1985.0,2052.0,16119,32665,32767,32767,32767,27435,32767,32767,32767,32767,32767,2446.0,17700.0
1693.0,1781.0,12987,26022,28775,27870,28844,27546,32767,32767,32767,32767,32767,2175.0,17700.0
1392.0,1224.0,9162,24620,28126,30304,31568,27717,32767,32767,32767,32767,32767,1276.0,17700.0
1667.0,1880.0,15320,27356,31021,29852,30550,27717,32767,32767,32767,32767,32767,2401.0,17700.0
1557.0,1705.0,14870,28137,31435,30756,31059,27717,32767,32767,32767,32767,32767,2188.0,17700.0
1630.0,1858.0,15771,28528,32262,31209,31568,27717,32767,32767,32767,32767,32767,2370.0,17700.0
1704.0,1814.0,15621,28528,32262,31661,30550,27717,32767,32767,32767,32767,32767,2887.0,17700.0
1740.0,1901.0,15621,28528,31848,31209,31059,27717,32767,32767,32767,32767,32767,2462.0,17700.0
1667.0,1989.0,15771,28919,31021,31661,30550,27717,32767,32767,32767,32767,32767,2705.0,17700.0
1685.0,1836.0,15921,28919,32676,31661,31059,27717,32767,32767,32767,32767,32767,2462.0,17700.0
1649.0,1967.0,16221,28919,32262,31661,31059,27717,32767,32767,32767,32767,32767,2553.0,17700.0
1850.0,2054.0,15771,28919,32262,31209,31568,27717,32767,32767,32767,32767,32767,2887.0,17700.0
1630.0,1727.0,15470,28919,31848,31209,31059,27717,32767,32767,32767,32767,32767,2188.0,17700.0
1649.0,1814.0,16071,28919,32676,31661,31059,27717,32767,32767,32767,32767,32767,2644.0,17700.0
1630.0,1814.0,15771,29310,32676,30756,32077,27717,32767,32767,32767,32767,32767,2279.0,17700.0
1740.0,2120.0,16972,30873,32767,32113,32767,27717,32767,32767,32767,32767,32767,2826.0,17700.0
1959.0,2179.0,16212,29728,32767,32767,32767,27911,32767,32767,32767,32767,32767,2812.0,17700.0
1921.0,2157.0,16521,29728,32767,32767,32767,27911,32767,32767,32767,32767,32767,2843.0,17700.0
1664.0,1782.0,14259,27826,30304,32672,32051,28018,32767,32767,32767,32767,32767,2070.0,17700.0
1815.0,1962.0,14569,29036,29878,30805,32051,28018,32767,32767,32767,32767,32767,2289.0,17700.0
1834.0,1940.0,14414,29439,32439,31272,32767,28018,32767,32767,32767,32767,32767,2258.0,17700.0
1683.0,1804.0,14724,30245,32767,32767,32767,28018,32767,32767,32767,32767,32767,1944.0,17700.0
1720.0,2007.0,14569,31052,32767,32767,32767,28018,32767,32767,32767,32767,32767,2070.0,17700.0
1730.0,1738.0,11942,23691,26308,26521,27326,28108,32767,32767,32767,32767,32767,2054.0,17700.0
1924.0,2207.0,16822,29700,32767,32565,32767,28283,32767,32767,32767,32767,32767,2735.0,17700.0
1905.0,2229.0,17573,31654,32767,32767,32767,28283,32767,32767,32767,32767,32767,2948.0,17700.0
2034.0,2247.0,16212,30531,32767,32767,32767,28493,32767,32767,32767,32767,32767,2843.0,17700.0
1720.0,1895.0,14259,29036,32012,32205,32576,28602,32767,32767,32767,32767,32767,2289.0,17700.0
1796.0,2097.0,15964,29842,32767,32767,32576,28602,32767,32767,32767,32767,32767,2415.0,17700.0
1796.0,1917.0,15034,29842,32767,32767,32767,28602,32767,32767,32767,32767,32767,2383.0,17700.0
1872.0,2030.0,15809,30245,32767,32767,32767,28602,32767,32767,32767,32767,32767,2258.0,17700.0
1909.0,2255.0,15964,32262,32767,32767,32767,28602,32767,32767,32767,32767,32767,2446.0,17700.0
1784.0,1825.0,12390,25245,28364,27870,28844,28671,32767,32767,32767,32767,32767,2114.0,17700.0
1821.0,1825.0,12987,28740,30008,30567,30868,28671,32767,32767,32767,32767,32767,1873.0,17700.0
1832.0,2033.0,15621,30091,32767,32767,32587,28848,32767,32767,32767,32767,32767,2401.0,17700.0
2143.0,2251.0,15771,31654,32767,32767,32767,28848,32767,32767,32767,32767,32767,2948.0,17700.0
1814.0,2120.0,17423,32045,32767,32767,32767,28848,32767,32767,32767,32767,32767,2614.0,17700.0
1909.0,2165.0,14414,29036,31585,32767,32767,29186,32767,32767,32767,32767,32767,2352.0,17700.0
1739.0,1940.0,14879,30649,32767,32767,32767,29186,32767,32767,32767,32767,32767,2133.0,17700.0
1711.0,1716.0,12837,25633,28775,28769,29856,29233,32767,32767,32767,32767,32767,2054.0,17700.0
1875.0,1998.0,12539,26410,29597,28769,30362,29233,32767,32767,32767,32767,32767,2114.0,17700.0
1711.0,1738.0,12987,26799,29186,29668,30868,29233,32767,32767,32767,32767,32767,1933.0,17700.0
1730.0,1825.0,13882,27187,28775,29668,30362,29233,32767,32767,32767,32767,32767,2205.0,17700.0
1766.0,1868.0,13733,28740,31241,31915,31880,29233,32767,32767,32767,32767,32767,2084.0,17700.0
1484.0,1508.0,13668,29700,32767,32767,32767,29414,32767,32767,32767,32767,32767,1854.0,17700.0
1814.0,2164.0,17273,31264,32767,32767,32767,29414,32767,32767,32767,32767,32767,2614.0,17700.0
1759.0,2011.0,17573,31654,32767,32767,32767,29414,32767,32767,32767,32767,32767,2826.0,17700.0
1808.0,2067.0,16058,31335,32767,32767,32767,29656,32767,32767,32767,32767,32767,2530.0,17700.0
2090.0,2292.0,16366,31736,32767,32767,32767,29656,32767,32767,32767,32767,32767,2812.0,17700.0
1890.0,2052.0,15499,32665,32767,32767,32767,29770,32767,32767,32767,32767,32767,2289.0,17700.0
2023.0,2120.0,16119,32767,32767,32767,32767,29770,32767,32767,32767,32767,32767,2383.0,17700.0
2130.0,2172.0,14181,27187,30008,30567,31880,29795,32767,32767,32767,32767,32767,2567.0,17700.0
1766.0,1825.0,13733,27575,30419,31016,31374,29795,32767,32767,32767,32767,32767,2114.0,17700.0
1893.0,2020.0,13136,28352,30830,31915,32767,29795,32767,32767,32767,32767,32767,2114.0,17700.0
1704.0,1858.0,13668,29310,32262,32767,32767,29980,32767,32767,32767,32767,32767,2431.0,17700.0
2088.0,2317.0,16372,30482,32767,32767,32767,29980,32767,32767,32767,32767,32767,3191.0,17700.0
1704.0,1901.0,15771,30873,32767,32767,32767,29980,32767,32767,32767,32767,32767,2583.0,17700.0
1722.0,1748.0,16221,31264,32767,32767,32767,29980,32767,32767,32767,32767,32767,2674.0,17700.0
1795.0,2033.0,16372,31264,32767,32767,32767,29980,32767,32767,32767,32767,32767,2705.0,17700.0
1850.0,2098.0,16672,31264,32767,32767,32767,29980,32767,32767,32767,32767,32767,2583.0,17700.0
1759.0,2076.0,17423,31654,32767,32767,32767,29980,32767,32767,32767,32767,32767,2705.0,17700.0
1784.0,1825.0,13733,27187,30419,31016,31880,30357,32767,32767,32767,32767,32767,2175.0,17700.0
1930.0,2042.0,14032,29129,32474,30117,32386,30357,32767,32767,32767,32767,32767,2326.0,17700.0
1948.0,2020.0,14778,29906,31241,31915,31880,30357,32767,32767,32767,32767,32767,2386.0,17700.0
1912.0,1955.0,14629,30682,32767,32767,32767,30357,32767,32767,32767,32767,32767,2024.0,17700.0
1948.0,2107.0,15375,30682,32767,32767,32767,30357,32767,32767,32767,32767,32767,2356.0,17700.0
1850.0,1989.0,16071,30873,32767,32767,32767,30545,32767,32767,32767,32767,32767,2765.0,17700.0
1685.0,1748.0,14569,30873,32767,32767,32767,30545,32767,32767,32767,32767,32767,2310.0,17700.0
1924.0,2186.0,17273,32045,32767,32767,32767,30545,32767,32767,32767,32767,32767,2826.0,17700.0
1759.0,2054.0,17723,32436,32767,32767,32767,30545,32767,32767,32767,32767,32767,2614.0,17700.0
1730.0,1759.0,13434,26410,30008,29218,30868,30919,32767,32767,32767,32767,32767,2114.0,17700.0
1985.0,2150.0,13584,27575,30830,30567,31374,30919,32767,32767,32767,32767,32767,2356.0,17700.0
1912.0,2020.0,13584,27964,30419,30567,31880,30919,32767,32767,32767,32767,32767,2386.0,17700.0
1730.0,1825.0,14032,28352,30419,31016,31880,30919,32767,32767,32767,32767,32767,2114.0,17700.0
1948.0,1977.0,15076,30682,32767,32767,32767,30919,32767,32767,32767,32767,32767,2386.0,17700.0
1759.0,2076.0,17423,31264,32767,32767,32767,31111,32767,32767,32767,32767,32767,2583.0,17700.0
1997.0,2011.0,15170,31654,32767,32767,32767,31111,32767,32767,32767,32767,32767,2431.0,17700.0
1795.0,2011.0,16522,32045,32767,32767,32767,31111,32767,32767,32767,32767,32767,2644.0,17700.0
1821.0,1955.0,14181,27964,31241,31466,32386,31481,32767,32767,32767,32767,32767,2326.0,17700.0
2076.0,2194.0,14181,28352,31652,32365,32386,31481,32767,32767,32767,32767,32767,2567.0,17700.0
1857.0,1955.0,13882,28352,31652,30567,32767,31481,32767,32767,32767,32767,32767,2235.0,17700.0
2076.0,2107.0,13733,28740,30419,31466,31880,31481,32767,32767,32767,32767,32767,2295.0,17700.0
1875.0,2020.0,14629,29517,32063,31915,31880,31481,32767,32767,32767,32767,32767,2265.0,17700.0
1948.0,2107.0,15375,31071,32767,32767,32767,31481,32767,32767,32767,32767,32767,2386.0,17700.0
1832.0,2098.0,16522,32045,32767,32767,32767,31677,32767,32767,32767,32767,32767,2705.0,17700.0
1795.0,1880.0,15170,32436,32767,32767,32767,31677,32767,32767,32767,32767,32767,2279.0,17700.0
1711.0,1759.0,15076,29517,32767,32767,32386,32044,32767,32767,32767,32767,32767,2235.0,17700.0
1966.0,2150.0,14629,30294,32767,32365,32767,32044,32767,32767,32767,32767,32767,2386.0,17700.0
2112.0,2216.0,15076,30682,32767,32767,32767,32044,32767,32767,32767,32767,32767,2960.0,17700.0
2258.0,2324.0,14778,30682,32767,32767,32767,32044,32767,32767,32767,32767,32767,2567.0,17700.0
1857.0,1977.0,15076,31459,32767,32767,32767,32044,32767,32767,32767,32767,32767,2144.0,17700.0
1875.0,2063.0,15524,29906,32767,32767,32767,32606,32767,32767,32767,32767,32767,2446.0,17700.0
1857.0,1955.0,14778,29906,32767,32767,32767,32606,32767,32767,32767,32767,32767,2084.0,17700.0
2039.0,2172.0,15972,30682,32767,32767,32767,32606,32767,32767,32767,32767,32767,2688.0,17700.0
1985.0,2085.0,15524,31071,32767,32767,32767,32606,32767,32767,32767,32767,32767,2688.0,17700.0
2076.0,2107.0,13434,27575,31241,31915,32767,32767,32767,32767,32767,32767,32767,2386.0,17700.0
2021.0,2085.0,15076,30682,32767,32767,32767,32767,32767,32767,32767,32767,32767,2356.0,17700.0
2021.0,2237.0,15674,31071,32767,32767,32767,32767,32767,32767,32767,32767,32767,2658.0,17700.0
1966.0,2042.0,15674,31071,32767,32767,32767,32767,32767,32767,32767,32767,32767,2356.0,17700.0
2203.0,2302.0,15823,31848,32767,32767,32767,32767,32767,32767,32767,32767,32767,2748.0,17700.0
2039.0,2172.0,15524,31848,32767,32767,32767,32767,32767,32767,32767,32767,32767,2537.0,17700.0
2003.0,2107.0,15674,31848,32767,32767,32767,32767,32767,32767,32767,32767,32767,2326.0,17700.0
2148.0,2237.0,15972,31848,32767,32767,32767,32767,32767,32767,32767,32767,32767,2869.0,17700.0
2221.0,2237.0,15823,31848,32767,32767,32767,32767,32767,32767,32767,32767,32767,3050.0,17700.0
2167.0,2259.0,15674,32236,32767,32767,32767,32767,32767,32767,32767,32767,32767,2779.0,17700.0
1966.0,2085.0,15823,32236,32767,32767,32767,32767,32767,32767,32767,32767,32767,2477.0,17700.0
2076.0,2194.0,16271,32236,32767,32767,32767,32767,32767,32767,32767,32767,32767,2658.0,17700.0
2112.0,2194.0,16271,32624,32767,32767,32767,32767,32767,32767,32767,32767,32767,2688.0,17700.0
1966.0,2129.0,16121,32624,32767,32767,32767,32767,32767,32767,32767,32767,32767,2205.0,17700.0
1912.0,2042.0,15823,32767,32767,32767,32767,32767,32767,32767,32767,32767,32767,2295.0,17700.0
1649.0,1661.0,13818,32767,32767,32767,32767,32767,32767,32767,32767,32767,32767,1793.0,17700.0
2130.0,2216.0,16718,32767,32767,32767,32767,32767,32767,32767,32767,32767,32767,2839.0,17700.0
2130.0,2216.0,16718,32767,32767,32767,32767,32767,32767,32767,32767,32767,32767,2990.0,17700.0
2003.0,2172.0,16420,32767,32767,32767,32767,32767,32767,32767,32767,32767,32767,2446.0,17700.0
2130.0,2216.0,16569,32767,32767,32767,32767,32767,32767,32767,32767,32767,32767,2628.0,17700.0
2112.0,2150.0,16121,32767,32767,32767,32767,32767,32767,32767,32767,32767,32767,2990.0,17700.0
2094.0,2237.0,16271,32767,32767,32767,32767,32767,32767,32767,32767,32767,32767,2597.0,17700.0
1539.0,1552.0,13368,32767,32767,32767,32767,32767,32767,32767,32767,32767,32767,1641.0,17700.0
2003.0,2216.0,16718,32767,32767,32767,32767,32767,32767,32767,32767,32767,32767,2688.0,17700.0
1966.0,2278.0,15807,26612,24326,10267,8406,7004,32767,32767,32767,32767,32767,2697.0,17800.0
1701.0,1894.0,13328,25000,26460,10734,10507,8171,32767,32767,32767,32767,32767,2352.0,17800.0
1082.0,810.0,5564,11737,11180,13132,11724,14724,32767,32767,32767,32767,32767,1187.0,17800.0
1361.0,1240.0,8988,18145,17497,16800,16286,16926,32767,32767,32767,32767,32767,1348.0,17800.0
1361.0,1285.0,9608,18951,20058,18667,18387,16926,32767,32767,32767,32767,32767,1725.0,17800.0
1474.0,1308.0,8369,16129,16217,16334,15761,17509,32767,32767,32767,32767,32767,1568.0,17800.0
1449.0,1225.0,7067,16432,15735,17207,15802,17555,32767,32767,32767,32767,32767,1278.0,17800.0
1644.0,1579.0,10383,18548,18778,17267,16286,18093,32767,32767,32767,32767,32767,1631.0,17800.0
1474.0,1240.0,11313,19758,21765,21001,19964,18093,32767,32767,32767,32767,32767,2571.0,17800.0
1531.0,1421.0,10538,19758,20058,19134,18387,18677,32767,32767,32767,32767,32767,1474.0,17800.0
1335.0,977.0,9926,18610,19697,19341,18309,19791,32767,32767,32767,32767,32767,2894.0,17800.0
1455.0,1511.0,12243,21371,23472,22867,22065,19844,32767,32767,32767,32767,32767,2101.0,17800.0
1437.0,1443.0,11933,21371,23045,22401,20489,19844,32767,32767,32767,32767,32767,1975.0,17800.0
1852.0,2120.0,12708,22580,23899,24267,22590,19844,32767,32767,32767,32767,32767,2540.0,17800.0
1522.0,1378.0,12030,19953,21947,22188,20900,20387,32767,32767,32767,32767,32767,2860.0,17800.0
1357.0,1182.0,11578,20345,21947,21735,21409,20387,32767,32767,32767,32767,32767,2251.0,17800.0
1504.0,1357.0,11127,20345,22361,21735,21409,20387,32767,32767,32767,32767,32767,2556.0,17800.0
1550.0,1556.0,11158,20161,22192,20534,19964,20427,32767,32767,32767,32767,32767,1913.0,17800.0
1607.0,1601.0,11933,20967,23045,21934,21014,20427,32767,32767,32767,32767,32767,2101.0,17800.0
1512.0,1601.0,12088,20967,23045,22401,22065,20427,32767,32767,32767,32767,32767,2070.0,17800.0
1550.0,1624.0,12398,21774,23899,22867,22590,20427,32767,32767,32767,32767,32767,2195.0,17800.0
1531.0,1624.0,12088,22177,23899,22867,22065,20427,32767,32767,32767,32767,32767,2038.0,17800.0
1663.0,1804.0,12553,22177,24753,23334,22065,20427,32767,32767,32767,32767,32767,2195.0,17800.0
1512.0,1556.0,12398,22580,23899,23334,22590,20427,32767,32767,32767,32767,32767,2038.0,17800.0
1531.0,1601.0,12863,22984,24753,24267,23641,20427,32767,32767,32767,32767,32767,2070.0,17800.0
1663.0,1759.0,13018,23790,26033,25201,24692,20427,32767,32767,32767,32767,32767,2289.0,17800.0
1522.0,1269.0,12030,19953,21947,22641,20900,20953,32767,32767,32767,32767,32767,3286.0,17800.0
1504.0,1357.0,12030,20345,22361,22188,20900,20953,32767,32767,32767,32767,32767,2708.0,17800.0
1412.0,1269.0,12030,20736,23603,23094,21919,20953,32767,32767,32767,32767,32767,2495.0,17800.0
1577.0,1466.0,12481,20736,22775,22641,22939,20953,32767,32767,32767,32767,32767,2982.0,17800.0
1559.0,1466.0,12932,21518,24017,23546,22429,20953,32767,32767,32767,32767,32767,2890.0,17800.0
1531.0,1579.0,11933,21371,23899,22401,22065,21011,32767,32767,32767,32767,32767,1944.0,17800.0
1531.0,1511.0,11623,21371,23045,22867,21540,21011,32767,32767,32767,32767,32767,2007.0,17800.0
1512.0,1669.0,12708,21774,24326,23334,23116,21011,32767,32767,32767,32767,32767,2226.0,17800.0
1644.0,1804.0,12088,21774,23899,22401,21014,21011,32767,32767,32767,32767,32767,2195.0,17800.0
1531.0,1646.0,12243,22177,23899,23801,22590,21011,32767,32767,32767,32767,32767,2132.0,17800.0
1550.0,1669.0,12088,22177,23899,22867,22065,21011,32767,32767,32767,32767,32767,2101.0,17800.0
1550.0,1624.0,11778,22177,24326,22867,22065,21011,32767,32767,32767,32767,32767,2195.0,17800.0
1682.0,1691.0,12398,22177,25179,23801,22590,21011,32767,32767,32767,32767,32767,2195.0,17800.0
1569.0,1624.0,12863,22984,24753,23801,22065,21011,32767,32767,32767,32767,32767,2038.0,17800.0
1739.0,1759.0,12708,23387,25179,24267,22590,21011,32767,32767,32767,32767,32767,2289.0,17800.0
1682.0,1759.0,12863,23387,26033,25667,23641,21011,32767,32767,32767,32767,32767,2195.0,17800.0
1663.0,1781.0,13018,24193,26460,24734,24166,21011,32767,32767,32767,32767,32767,2320.0,17800.0
1607.0,1759.0,13638,24596,26033,26134,24166,21011,32767,32767,32767,32767,32767,2352.0,17800.0
1682.0,1714.0,12708,24596,26460,25201,23641,21011,32767,32767,32767,32767,32767,2226.0,17800.0
1541.0,1357.0,11578,19953,20704,22188,22429,21519,32767,32767,32767,32767,32767,2890.0,17800.0
1614.0,1444.0,12330,20345,21533,22188,21409,21519,32767,32767,32767,32767,32767,2951.0,17800.0
1522.0,1357.0,11428,20736,22775,23999,23448,21519,32767,32767,32767,32767,32767,2677.0,17800.0
1467.0,1313.0,12330,21518,24017,23546,21919,21519,32767,32767,32767,32767,32767,2586.0,17800.0
1486.0,1335.0,11879,21909,24431,24452,23958,21519,32767,32767,32767,32767,32767,2890.0,17800.0
1541.0,1422.0,12932,23083,24845,24905,23958,21519,32767,32767,32767,32767,32767,2769.0,17800.0
1512.0,1714.0,13328,22177,24753,24267,23641,21595,32767,32767,32767,32767,32767,2352.0,17800.0
1569.0,1624.0,12708,22177,23899,23801,23116,21595,32767,32767,32767,32767,32767,2289.0,17800.0
1644.0,1714.0,12708,22580,25179,23334,23116,21595,32767,32767,32767,32767,32767,2289.0,17800.0
1607.0,1736.0,13328,23387,26033,24267,24166,21595,32767,32767,32767,32767,32767,2226.0,17800.0
1569.0,1691.0,13328,23387,26033,24734,23641,21595,32767,32767,32767,32767,32767,2289.0,17800.0
1569.0,1759.0,13173,23387,25606,23801,23641,21595,32767,32767,32767,32767,32767,2258.0,17800.0
1607.0,1759.0,13483,23790,26886,25667,25217,21595,32767,32767,32767,32767,32767,2164.0,17800.0
1607.0,1736.0,13328,23790,26033,24734,24166,21595,32767,32767,32767,32767,32767,2195.0,17800.0
1777.0,1894.0,13483,24193,26460,25201,24692,21595,32767,32767,32767,32767,32767,2352.0,17800.0
1739.0,1849.0,13483,24193,26886,25667,24166,21595,32767,32767,32767,32767,32767,2414.0,17800.0
1720.0,1827.0,13173,24193,26033,25667,24692,21595,32767,32767,32767,32767,32767,2352.0,17800.0
1588.0,1691.0,13328,24193,26033,25667,24692,21595,32767,32767,32767,32767,32767,2195.0,17800.0
1739.0,1894.0,13793,24193,26886,26134,24692,21595,32767,32767,32767,32767,32767,2352.0,17800.0
1663.0,1781.0,13483,24596,26033,26601,24692,21595,32767,32767,32767,32767,32767,2195.0,17800.0
1486.0,1378.0,12030,20345,22361,23094,22429,22086,32767,32767,32767,32767,32767,2617.0,17800.0
1522.0,1422.0,12631,21909,25259,24905,22939,22086,32767,32767,32767,32767,32767,2830.0,17800.0
1577.0,1291.0,12481,22301,23603,23999,24468,22086,32767,32767,32767,32767,32767,2982.0,17800.0
1504.0,1357.0,12631,22301,24431,24452,22429,22086,32767,32767,32767,32767,32767,2860.0,17800.0
1512.0,1669.0,13018,22177,24753,23801,23116,22178,32767,32767,32767,32767,32767,2195.0,17800.0
1758.0,1939.0,13018,23387,25606,24734,23641,22178,32767,32767,32767,32767,32767,2352.0,17800.0
1644.0,1781.0,13173,23387,25606,24267,23641,22178,32767,32767,32767,32767,32767,2226.0,17800.0
1607.0,1443.0,13018,23387,25179,25201,23116,22178,32767,32767,32767,32767,32767,2477.0,17800.0
1607.0,1736.0,13328,23790,26886,24734,24166,22178,32767,32767,32767,32767,32767,2258.0,17800.0
1739.0,1849.0,13173,23790,26033,24734,24692,22178,32767,32767,32767,32767,32767,2226.0,17800.0
1626.0,1894.0,13793,23790,26460,25667,25217,22178,32767,32767,32767,32767,32767,2352.0,17800.0
1588.0,1781.0,13793,24193,27740,25667,24692,22178,32767,32767,32767,32767,32767,2226.0,17800.0
1644.0,1849.0,13793,24596,27313,26601,25217,22178,32767,32767,32767,32767,32767,2383.0,17800.0
1644.0,1714.0,13948,24596,26460,26134,25742,22178,32767,32767,32767,32767,32767,2352.0,17800.0
1701.0,1849.0,13328,24596,26886,25667,24692,22178,32767,32767,32767,32767,32767,2226.0,17800.0
1644.0,1646.0,12708,24596,25179,25667,25217,22178,32767,32767,32767,32767,32767,2226.0,17800.0
1701.0,1827.0,13638,24596,26886,27067,24692,22178,32767,32767,32767,32767,32767,2320.0,17800.0
1815.0,1894.0,13638,24596,26886,25667,24692,22178,32767,32767,32767,32767,32767,2446.0,17800.0
1607.0,1669.0,13483,24596,26460,25667,24692,22178,32767,32767,32767,32767,32767,2164.0,17800.0
1588.0,1759.0,13638,24596,26886,26134,25742,22178,32767,32767,32767,32767,32767,2132.0,17800.0
1777.0,1939.0,14258,25000,27313,27067,26793,22178,32767,32767,32767,32767,32767,2540.0,17800.0
1777.0,1939.0,14103,25000,26886,25667,25742,22178,32767,32767,32767,32767,32767,2414.0,17800.0
1626.0,1646.0,13328,25000,26460,26601,25742,22178,32767,32767,32767,32767,32767,2258.0,17800.0
1739.0,1736.0,13173,25000,26886,26134,24692,22178,32767,32767,32767,32767,32767,2070.0,17800.0
1720.0,1849.0,13638,25000,27313,26134,24692,22178,32767,32767,32767,32767,32767,2258.0,17800.0
1663.0,1669.0,12708,25000,26460,26134,25742,22178,32767,32767,32767,32767,32767,2132.0,17800.0
1777.0,1872.0,13948,25403,28593,26601,25742,22178,32767,32767,32767,32767,32767,2320.0,17800.0
1682.0,1894.0,13638,25403,27740,26601,26268,22178,32767,32767,32767,32767,32767,2226.0,17800.0
1739.0,1781.0,13793,25403,27740,27534,25217,22178,32767,32767,32767,32767,32767,2320.0,17800.0
1504.0,1400.0,12481,21909,24017,24452,22429,22652,32767,32767,32767,32767,32767,2647.0,17800.0
1431.0,1269.0,12330,22301,24017,23546,22939,22652,32767,32767,32767,32767,32767,2556.0,17800.0
1577.0,1400.0,13232,22692,24431,24452,23958,22652,32767,32767,32767,32767,32767,2830.0,17800.0
1682.0,1759.0,12553,23387,25179,24734,23116,22762,32767,32767,32767,32767,32767,2226.0,17800.0
1588.0,1714.0,13328,23387,25606,24267,24692,22762,32767,32767,32767,32767,32767,2289.0,17800.0
1531.0,1579.0,13018,23387,25606,25667,24692,22762,32767,32767,32767,32767,32767,2070.0,17800.0
1644.0,1714.0,13328,24193,26033,25667,24166,22762,32767,32767,32767,32767,32767,2164.0,17800.0
1701.0,1804.0,13173,24193,26886,25667,24692,22762,32767,32767,32767,32767,32767,2258.0,17800.0
1569.0,1646.0,13018,24193,26460,25667,24692,22762,32767,32767,32767,32767,32767,2164.0,17800.0
1796.0,1917.0,13483,24193,25606,25667,25217,22762,32767,32767,32767,32767,32767,2540.0,17800.0
1607.0,1736.0,13328,24193,26460,25667,24692,22762,32767,32767,32767,32767,32767,2289.0,17800.0
1701.0,1781.0,13638,24596,26886,26601,26793,22762,32767,32767,32767,32767,32767,2195.0,17800.0
1626.0,1714.0,13483,24596,26886,25667,26793,22762,32767,32767,32767,32767,32767,2070.0,17800.0
1758.0,1872.0,13328,24596,26033,25667,24692,22762,32767,32767,32767,32767,32767,2258.0,17800.0
1626.0,1804.0,13793,24596,27313,25667,25217,22762,32767,32767,32767,32767,32767,2258.0,17800.0
1607.0,1736.0,14103,24596,27313,26134,25742,22762,32767,32767,32767,32767,32767,2289.0,17800.0
1739.0,1894.0,13483,24596,26033,25667,25217,22762,32767,32767,32767,32767,32767,2477.0,17800.0
1758.0,1872.0,13483,24596,26460,26134,24166,22762,32767,32767,32767,32767,32767,2414.0,17800.0
1777.0,1894.0,13948,25000,28593,26601,25742,22762,32767,32767,32767,32767,32767,2320.0,17800.0
1701.0,1646.0,13018,25000,26886,26134,25217,22762,32767,32767,32767,32767,32767,2383.0,17800.0
1777.0,1849.0,13638,25000,27740,26134,24692,22762,32767,32767,32767,32767,32767,2226.0,17800.0
1758.0,1939.0,14103,25806,27740,27067,26268,22762,32767,32767,32767,32767,32767,2414.0,17800.0
1644.0,1827.0,14412,25806,29447,27534,26793,22762,32767,32767,32767,32767,32767,2320.0,17800.0
1626.0,1736.0,14258,25806,27740,27067,26268,22762,32767,32767,32767,32767,32767,2132.0,17800.0
1871.0,1917.0,13793,25806,27740,27534,26268,22762,32767,32767,32767,32767,32767,2477.0,17800.0
1777.0,1962.0,13948,25806,27313,26601,25742,22762,32767,32767,32767,32767,32767,2320.0,17800.0
1796.0,1984.0,14567,25806,28167,27534,26793,22762,32767,32767,32767,32767,32767,2352.0,17800.0
1777.0,1984.0,14258,25806,27740,26134,25742,22762,32767,32767,32767,32767,32767,2446.0,17800.0
1739.0,1962.0,15187,27016,30300,28467,27844,22762,32767,32767,32767,32767,32767,2509.0,17800.0
1651.0,1575.0,12932,24257,26502,26263,25997,23218,32767,32767,32767,32767,32767,2951.0,17800.0
1682.0,1781.0,13173,23387,26033,25201,24692,23346,32767,32767,32767,32767,32767,2258.0,17800.0
1588.0,1669.0,13018,23790,26033,26134,24692,23346,32767,32767,32767,32767,32767,2132.0,17800.0
2023.0,2323.0,13173,23790,25606,28467,26268,23346,32767,32767,32767,32767,32767,2603.0,17800.0
1569.0,1646.0,13328,23790,26886,25667,24692,23346,32767,32767,32767,32767,32767,2164.0,17800.0
1588.0,1736.0,13328,23790,26460,24734,24166,23346,32767,32767,32767,32767,32767,2132.0,17800.0
1663.0,1849.0,13948,25000,27740,26601,25742,23346,32767,32767,32767,32767,32767,2289.0,17800.0
1644.0,1804.0,13793,25000,27740,27067,25742,23346,32767,32767,32767,32767,32767,2132.0,17800.0
1796.0,1984.0,13948,25000,27313,26134,25217,23346,32767,32767,32767,32767,32767,2477.0,17800.0
1815.0,1917.0,13948,25000,28167,26601,26793,23346,32767,32767,32767,32767,32767,2320.0,17800.0
1739.0,1849.0,14258,25403,27740,26134,24692,23346,32767,32767,32767,32767,32767,2383.0,17800.0
1682.0,1691.0,13948,25403,27313,26601,24692,23346,32767,32767,32767,32767,32767,2258.0,17800.0
1701.0,1872.0,13948,25403,28167,27067,26793,23346,32767,32767,32767,32767,32767,2320.0,17800.0
1833.0,2007.0,13948,25403,28167,27534,25217,23346,32767,32767,32767,32767,32767,2446.0,17800.0
1890.0,2255.0,14722,25806,29447,28934,27319,23346,32767,32767,32767,32767,32767,2571.0,17800.0
1871.0,2097.0,14567,25806,28167,26601,26268,23346,32767,32767,32767,32767,32767,2603.0,17800.0
1626.0,1759.0,14258,25806,27740,27534,27319,23346,32767,32767,32767,32767,32767,2195.0,17800.0
1796.0,1939.0,15652,26209,30300,29401,27844,23346,32767,32767,32767,32767,32767,2477.0,17800.0
1758.0,2030.0,14877,26209,29020,28001,27319,23346,32767,32767,32767,32767,32767,2540.0,17800.0
1833.0,2187.0,15187,26209,29020,28467,27844,23346,32767,32767,32767,32767,32767,2603.0,17800.0
1833.0,1804.0,14722,26612,29874,29401,28895,23346,32767,32767,32767,32767,32767,2665.0,17800.0
1852.0,2007.0,14877,27016,29447,28001,26268,23346,32767,32767,32767,32767,32767,2509.0,17800.0
1504.0,1466.0,13082,22692,25674,24905,24978,23785,32767,32767,32767,32767,32767,2464.0,17800.0
1596.0,1510.0,12932,23474,26088,25810,24978,23785,32767,32767,32767,32767,32767,2982.0,17800.0
1632.0,1554.0,12932,23866,25674,25358,24468,23785,32767,32767,32767,32767,32767,2799.0,17800.0
1614.0,1794.0,13533,24257,26502,26716,26507,23785,32767,32767,32767,32767,32767,2464.0,17800.0
1651.0,1707.0,13232,24257,26088,26716,25487,23785,32767,32767,32767,32767,32767,2860.0,17800.0
1550.0,1669.0,13173,24596,26460,26134,25217,23929,32767,32767,32767,32767,32767,2132.0,17800.0
1758.0,1759.0,13173,24596,26460,26601,25742,23929,32767,32767,32767,32767,32767,2195.0,17800.0
1720.0,1917.0,14412,25403,28593,27067,26793,23929,32767,32767,32767,32767,32767,2383.0,17800.0
1758.0,1917.0,14412,25403,28167,27534,26268,23929,32767,32767,32767,32767,32767,2258.0,17800.0
1701.0,1804.0,14258,25806,28593,27534,26793,23929,32767,32767,32767,32767,32767,2258.0,17800.0
1550.0,1646.0,14103,25806,28167,27534,26793,23929,32767,32767,32767,32767,32767,2038.0,17800.0
1644.0,1736.0,14258,25806,28167,27534,27319,23929,32767,32767,32767,32767,32767,2226.0,17800.0
1682.0,1939.0,14722,25806,28593,28001,27844,23929,32767,32767,32767,32767,32767,2383.0,17800.0
1796.0,1917.0,14722,25806,29020,27067,26793,23929,32767,32767,32767,32767,32767,2477.0,17800.0
1739.0,1872.0,14412,25806,27740,27067,26793,23929,32767,32767,32767,32767,32767,2571.0,17800.0
1720.0,1849.0,14412,26209,28593,28001,27844,23929,32767,32767,32767,32767,32767,2383.0,17800.0
1644.0,1872.0,14567,26209,29020,28001,27844,23929,32767,32767,32767,32767,32767,2383.0,17800.0
1833.0,2097.0,14258,26209,28593,28467,28369,23929,32767,32767,32767,32767,32767,2477.0,17800.0
1701.0,1872.0,15032,26209,29874,28467,26793,23929,32767,32767,32767,32767,32767,2352.0,17800.0
1739.0,1894.0,14412,26209,28593,28467,26268,23929,32767,32767,32767,32767,32767,2477.0,17800.0
1909.0,2142.0,14722,26612,29874,28467,26793,23929,32767,32767,32767,32767,32767,2477.0,17800.0
1890.0,1984.0,15187,26612,31581,28934,28369,23929,32767,32767,32767,32767,32767,2132.0,17800.0
1890.0,1984.0,14258,26612,28593,27534,26268,23929,32767,32767,32767,32767,32767,2446.0,17800.0
1852.0,2030.0,15342,26612,29874,29401,27844,23929,32767,32767,32767,32767,32767,2477.0,17800.0
1777.0,1962.0,14877,26612,29447,29867,28369,23929,32767,32767,32767,32767,32767,2477.0,17800.0
1928.0,2165.0,15187,27016,30727,28934,27844,23929,32767,32767,32767,32767,32767,2571.0,17800.0
1871.0,2075.0,15342,27016,30300,30334,28369,23929,32767,32767,32767,32767,32767,2603.0,17800.0
1928.0,1917.0,14412,27822,30727,29867,29420,23929,32767,32767,32767,32767,32767,2665.0,17800.0
1742.0,1794.0,13834,23866,26502,26716,25487,24351,32767,32767,32767,32767,32767,3073.0,17800.0
1614.0,1597.0,12781,23866,26088,27169,26507,24351,32767,32767,32767,32767,32767,3012.0,17800.0
1724.0,1750.0,13834,23866,26088,26716,26507,24351,32767,32767,32767,32767,32767,2951.0,17800.0
1701.0,1804.0,12243,25000,26460,27067,26793,24513,32767,32767,32767,32767,32767,2007.0,17800.0
2079.0,2255.0,13173,25000,27740,28467,28369,24513,32767,32767,32767,32767,32767,2665.0,17800.0
1739.0,2030.0,13638,25403,26886,27534,26793,24513,32767,32767,32767,32767,32767,2571.0,17800.0
1663.0,1804.0,13638,25403,28593,29401,27844,24513,32767,32767,32767,32767,32767,2195.0,17800.0
1626.0,1781.0,14412,25806,27313,27534,25742,24513,32767,32767,32767,32767,32767,2164.0,17800.0
1890.0,2030.0,14877,26209,29447,27534,27319,24513,32767,32767,32767,32767,32767,2477.0,17800.0
2041.0,2233.0,14258,26209,29020,28934,27319,24513,32767,32767,32767,32767,32767,2477.0,17800.0
1796.0,1759.0,14877,26209,29447,30334,27844,24513,32767,32767,32767,32767,32767,2383.0,17800.0
1739.0,1827.0,15032,26209,29874,28467,27844,24513,32767,32767,32767,32767,32767,2383.0,17800.0
1720.0,2052.0,15032,26612,29020,28934,28369,24513,32767,32767,32767,32767,32767,2477.0,17800.0
1682.0,1804.0,14567,26612,28593,28934,28369,24513,32767,32767,32767,32767,32767,2195.0,17800.0
1890.0,2097.0,14877,26612,29447,28001,27319,24513,32767,32767,32767,32767,32767,2728.0,17800.0
1852.0,1917.0,14567,27016,29020,28934,27844,24513,32767,32767,32767,32767,32767,2634.0,17800.0
1815.0,2030.0,15032,27016,29447,29401,28369,24513,32767,32767,32767,32767,32767,2446.0,17800.0
1833.0,2097.0,14877,27419,29020,29401,27844,24513,32767,32767,32767,32767,32767,2509.0,17800.0
1626.0,1872.0,15342,27419,30300,29401,28895,24513,32767,32767,32767,32767,32767,2320.0,17800.0
1815.0,2030.0,15342,27419,30300,28001,27319,24513,32767,32767,32767,32767,32767,2634.0,17800.0
1701.0,1781.0,14567,27822,29874,29867,28895,24513,32767,32767,32767,32767,32767,2226.0,17800.0
1815.0,2007.0,15497,27822,30727,30801,29945,24513,32767,32767,32767,32767,32767,2289.0,17800.0
1777.0,1984.0,15962,27822,30727,30334,29420,24513,32767,32767,32767,32767,32767,2446.0,17800.0
1890.0,2030.0,14877,28225,30727,29401,28895,24513,32767,32767,32767,32767,32767,2320.0,17800.0
1833.0,2052.0,15497,28225,30727,29867,28895,24513,32767,32767,32767,32767,32767,2634.0,17800.0
2041.0,2233.0,15652,28629,31581,30801,28895,24513,32767,32767,32767,32767,32767,2728.0,17800.0
1852.0,2142.0,16427,29435,32767,32668,30996,24513,32767,32767,32767,32767,32767,2477.0,17800.0
1871.0,1926.0,13383,23474,26916,26716,26507,24917,32767,32767,32767,32767,32767,3073.0,17800.0
1632.0,1575.0,11879,23866,26088,26716,27017,24917,32767,32767,32767,32767,32767,2708.0,17800.0
1559.0,1400.0,13684,24648,26916,27169,28036,24917,32767,32767,32767,32767,32767,3042.0,17800.0
1651.0,1641.0,14135,25039,28158,28980,27017,24917,32767,32767,32767,32767,32767,2830.0,17800.0
1577.0,1575.0,13383,25039,27744,26716,26507,24917,32767,32767,32767,32767,32767,2647.0,17800.0
1682.0,2007.0,15187,26209,29874,28467,28369,25097,32767,32767,32767,32767,32767,2477.0,17800.0
1833.0,2052.0,14877,26209,29447,28934,27319,25097,32767,32767,32767,32767,32767,2540.0,17800.0
2117.0,2233.0,14877,26209,29874,28001,28369,25097,32767,32767,32767,32767,32767,2571.0,17800.0
1701.0,1759.0,14258,27016,28593,28001,27844,25097,32767,32767,32767,32767,32767,2289.0,17800.0
1720.0,1917.0,15342,27016,29447,29867,27844,25097,32767,32767,32767,32767,32767,2571.0,17800.0
1796.0,1984.0,15032,27419,30300,29867,29420,25097,32767,32767,32767,32767,32767,2320.0,17800.0
1947.0,2210.0,15342,27419,30300,29401,28369,25097,32767,32767,32767,32767,32767,2603.0,17800.0
1815.0,2097.0,15187,27419,29874,29401,27319,25097,32767,32767,32767,32767,32767,2414.0,17800.0
1758.0,2097.0,15032,27419,30300,29867,28369,25097,32767,32767,32767,32767,32767,2509.0,17800.0
1833.0,2030.0,15652,27822,31154,30801,29945,25097,32767,32767,32767,32767,32767,2728.0,17800.0
1815.0,1939.0,14877,27822,31154,30801,30471,25097,32767,32767,32767,32767,32767,2446.0,17800.0
1890.0,2075.0,15497,27822,30727,30801,28895,25097,32767,32767,32767,32767,32767,2414.0,17800.0
1758.0,1917.0,15187,28225,31154,29867,28369,25097,32767,32767,32767,32767,32767,2226.0,17800.0
1796.0,2030.0,16117,28225,31154,30801,30471,25097,32767,32767,32767,32767,32767,2540.0,17800.0
1890.0,2075.0,16737,28629,32434,31267,29945,25097,32767,32767,32767,32767,32767,2603.0,17800.0
1632.0,1619.0,13834,24257,27744,27622,27017,25484,32767,32767,32767,32767,32767,2677.0,17800.0
1614.0,1750.0,13232,25039,28158,27622,28036,25484,32767,32767,32767,32767,32767,2404.0,17800.0
1449.0,1488.0,14285,25822,28986,28075,28036,25484,32767,32767,32767,32767,32767,2312.0,17800.0
1596.0,1685.0,14285,26604,29400,28527,26507,25484,32767,32767,32767,32767,32767,2343.0,17800.0
1626.0,1759.0,15187,26612,29874,29401,27319,25680,32767,32767,32767,32767,32767,2289.0,17800.0
1758.0,1939.0,15342,27822,30727,29867,29420,25680,32767,32767,32767,32767,32767,2477.0,17800.0
1758.0,2052.0,15962,28225,32008,30801,30996,25680,32767,32767,32767,32767,32767,2383.0,17800.0
1758.0,1962.0,15962,28629,31154,30801,29945,25680,32767,32767,32767,32767,32767,2540.0,17800.0
1985.0,2210.0,16272,28629,32434,31734,30996,25680,32767,32767,32767,32767,32767,2509.0,17800.0
1815.0,2120.0,16427,28629,31581,31734,30471,25680,32767,32767,32767,32767,32767,2853.0,17800.0
1815.0,2075.0,15962,28629,31581,30334,29420,25680,32767,32767,32767,32767,32767,2446.0,17800.0
1852.0,2165.0,16272,29032,31581,31734,29945,25680,32767,32767,32767,32767,32767,2509.0,17800.0
1947.0,2120.0,16582,29838,32767,32201,32047,25680,32767,32767,32767,32767,32767,2509.0,17800.0
1742.0,1750.0,14435,25822,28572,29886,29056,26050,32767,32767,32767,32767,32767,3073.0,17800.0
1834.0,1794.0,14736,26604,29814,30339,30585,26050,32767,32767,32767,32767,32767,2799.0,17800.0
1559.0,1575.0,14887,26604,30643,30339,31095,26050,32767,32767,32767,32767,32767,2495.0,17800.0
1669.0,1641.0,15338,27387,31057,29886,31095,26050,32767,32767,32767,32767,32767,2769.0,17800.0
1651.0,1663.0,14586,27778,29814,29886,30075,26050,32767,32767,32767,32767,32767,2647.0,17800.0
1541.0,1488.0,15037,27778,30643,30339,31095,26050,32767,32767,32767,32767,32767,3134.0,17800.0
1852.0,2120.0,15032,28225,30727,29867,29420,26264,32767,32767,32767,32767,32767,2509.0,17800.0
2174.0,2323.0,14877,29435,31154,32201,32572,26264,32767,32767,32767,32767,32767,2634.0,17800.0
1890.0,2120.0,15497,29435,30300,31267,30471,26264,32767,32767,32767,32767,32767,2665.0,17800.0
2004.0,2187.0,16582,29435,32767,32201,32047,26264,32767,32767,32767,32767,32767,2477.0,17800.0
2174.0,2300.0,15652,30241,32434,32767,32572,26264,32767,32767,32767,32767,32767,3042.0,17800.0
1651.0,1554.0,12481,26604,29400,29886,29565,26616,32767,32767,32767,32767,32767,2617.0,17800.0
1431.0,1247.0,15187,26604,31057,30339,30585,26616,32767,32767,32767,32767,32767,2495.0,17800.0
1504.0,1400.0,15187,26996,30643,30791,30075,26616,32767,32767,32767,32767,32767,2525.0,17800.0
1852.0,2079.0,14285,26996,30643,30791,31095,26616,32767,32767,32767,32767,32767,2586.0,17800.0
1815.0,1984.0,14567,27419,30300,30334,29420,26847,32767,32767,32767,32767,32767,2258.0,17800.0
1947.0,2233.0,15497,28629,32434,30801,30471,26847,32767,32767,32767,32767,32767,2540.0,17800.0
1947.0,2278.0,16272,28629,32008,32201,30471,26847,32767,32767,32767,32767,32767,2665.0,17800.0
1607.0,1601.0,11778,28629,30727,32201,32572,26847,32767,32767,32767,32767,32767,1599.0,17800.0
1966.0,1939.0,14567,29435,32434,32767,32767,26847,32767,32767,32767,32767,32767,2226.0,17800.0
1928.0,2120.0,15497,29838,32767,32767,32767,26847,32767,32767,32767,32767,32767,2446.0,17800.0
1644.0,1759.0,15962,30645,31581,32767,32767,26847,32767,32767,32767,32767,32767,2101.0,17800.0
1985.0,2052.0,17047,31048,32767,32767,32767,26847,32767,32767,32767,32767,32767,2383.0,17800.0
1596.0,1510.0,13834,26213,29400,30339,31095,27183,32767,32767,32767,32767,32767,2769.0,17800.0
1412.0,1313.0,15037,27387,29814,30339,30075,27183,32767,32767,32767,32767,32767,2191.0,17800.0
1966.0,2165.0,16582,31451,32767,32767,32047,27431,32767,32767,32767,32767,32767,2509.0,17800.0
1504.0,1532.0,14736,26604,29400,29433,29056,27749,32767,32767,32767,32767,32767,2282.0,17800.0
1797.0,1904.0,16090,30517,32767,32767,32767,27749,32767,32767,32767,32767,32767,2921.0,17800.0
1890.0,2255.0,16582,32661,32767,32767,32767,28015,32767,32767,32767,32767,32767,2728.0,17800.0
1522.0,1575.0,14135,28169,30643,30791,30075,28315,32767,32767,32767,32767,32767,1947.0,17800.0
1724.0,1816.0,14135,28561,31471,30791,30585,28315,32767,32767,32767,32767,32767,2160.0,17800.0
1761.0,1991.0,15488,29343,32713,32603,31604,28315,32767,32767,32767,32767,32767,3012.0,17800.0
1739.0,1894.0,14722,30645,32767,32767,32767,28598,32767,32767,32767,32767,32767,2070.0,17800.0
1486.0,1422.0,12932,26996,29400,29886,31604,28881,32767,32767,32767,32767,32767,2282.0,17800.0
1596.0,1750.0,16541,30126,32767,32767,32767,28881,32767,32767,32767,32767,32767,2373.0,17800.0
1706.0,1816.0,14887,30126,32713,32603,32624,28881,32767,32767,32767,32767,32767,2373.0,17800.0
1871.0,1882.0,17292,31299,32767,32767,32767,28881,32767,32767,32767,32767,32767,2982.0,17800.0
1852.0,2188.0,16691,31299,32767,32767,32767,28881,32767,32767,32767,32767,32767,2708.0,17800.0
1871.0,1962.0,16117,29838,32767,32767,32767,29182,32767,32767,32767,32767,32767,2446.0,17800.0
1999.0,2188.0,17292,31691,32767,32767,32767,29448,32767,32767,32767,32767,32767,2890.0,17800.0
1431.0,1466.0,12932,29343,32299,32767,32767,30014,32767,32767,32767,32767,32767,1765.0,17800.0
1724.0,1991.0,16541,29734,32767,32767,32767,30014,32767,32767,32767,32767,32767,2525.0,17800.0
2054.0,2057.0,17443,32767,32767,32767,32767,30014,32767,32767,32767,32767,32767,3864.0,17800.0
1834.0,1707.0,12631,28952,32299,32767,32767,30580,32767,32767,32767,32767,32767,2160.0,17800.0
1871.0,1947.0,18044,32767,32767,32767,32767,31147,32767,32767,32767,32767,32767,2982.0,17800.0
1871.0,2079.0,16992,32767,32767,32767,32767,31713,32767,32767,32767,32767,32767,2951.0,17800.0
1742.0,1729.0,17593,32767,32767,32767,32767,31713,32767,32767,32767,32767,32767,3164.0,17800.0
1724.0,1750.0,15338,32473,32767,32767,32767,32279,32767,32767,32767,32767,32767,1947.0,17800.0
1415.0,1148.0,8662,13280,11074,20070,524,583,32767,32767,32767,32767,32767,2191.0,17900.0
1830.0,2048.0,15932,28977,30244,10248,10487,6991,32767,32767,32767,32767,32767,2598.0,17900.0
1283.0,923.0,4331,9659,9371,9781,9438,11650,32767,32767,32767,32767,32767,1565.0,17900.0
1245.0,900.0,5723,10061,9371,10247,9438,11650,32767,32767,32767,32767,32767,2222.0,17900.0
1302.0,923.0,6960,10866,11074,11179,10487,12815,32767,32767,32767,32767,32767,2910.0,17900.0
1472.0,1035.0,9280,13280,14482,13507,12584,12815,32767,32767,32767,32767,32767,3568.0,17900.0
1283.0,968.0,6187,12073,12352,12576,11535,13398,32767,32767,32767,32767,32767,1753.0,17900.0
1509.0,1103.0,7888,12476,13204,13042,13108,13398,32767,32767,32767,32767,32767,2942.0,17900.0
1321.0,923.0,7734,12476,12352,12576,12060,13398,32767,32767,32767,32767,32767,2848.0,17900.0
1547.0,1170.0,6342,12878,12352,13042,12060,13398,32767,32767,32767,32767,32767,1909.0,17900.0
1396.0,1035.0,8043,12878,13204,13973,12584,13398,32767,32767,32767,32767,32767,2817.0,17900.0
1377.0,1035.0,8198,12878,13630,13042,12584,13398,32767,32767,32767,32767,32767,2754.0,17900.0
1339.0,945.0,8662,14085,14908,15371,14157,13398,32767,32767,32767,32767,32767,3161.0,17900.0
1377.0,1013.0,8198,12476,13204,13507,13108,13980,32767,32767,32767,32767,32767,3130.0,17900.0
1321.0,1035.0,7888,13280,13630,13507,13108,13980,32767,32767,32767,32767,32767,2253.0,17900.0
1622.0,1148.0,9899,14488,16186,15836,14681,13980,32767,32767,32767,32767,32767,3724.0,17900.0
1396.0,1035.0,7888,12878,13630,13507,13108,14563,32767,32767,32767,32767,32767,2785.0,17900.0
1283.0,945.0,8507,13280,14482,14905,14157,14563,32767,32767,32767,32767,32767,2848.0,17900.0
1415.0,1170.0,8043,13683,14482,13507,14157,14563,32767,32767,32767,32767,32767,2347.0,17900.0
1339.0,990.0,8507,13683,14056,14439,14681,14563,32767,32767,32767,32767,32767,2910.0,17900.0
1434.0,1103.0,8043,13683,13630,13973,13633,14563,32767,32767,32767,32767,32767,2817.0,17900.0
1415.0,1058.0,9280,14085,15334,13973,13633,14563,32767,32767,32767,32767,32767,2754.0,17900.0
1434.0,1103.0,8662,14085,14908,14905,14157,14563,32767,32767,32767,32767,32767,2848.0,17900.0
1566.0,1238.0,8507,14488,14482,15371,14157,14563,32767,32767,32767,32767,32767,2691.0,17900.0
1566.0,1238.0,6497,15294,14057,12577,12060,14564,32767,32767,32767,32767,32767,2253.0,17900.0
1377.0,1035.0,8352,12878,13630,14439,13633,15145,32767,32767,32767,32767,32767,3036.0,17900.0
1358.0,1103.0,8043,13280,13204,14439,13108,15145,32767,32767,32767,32767,32767,2879.0,17900.0
1453.0,1148.0,8507,13280,14908,14905,13633,15145,32767,32767,32767,32767,32767,3098.0,17900.0
1396.0,1103.0,7734,14085,14482,14905,14157,15145,32767,32767,32767,32767,32767,2159.0,17900.0
1622.0,1485.0,8507,14085,15334,15371,14681,15145,32767,32767,32767,32767,32767,2191.0,17900.0
1415.0,1035.0,8507,14488,14482,14905,14681,15145,32767,32767,32767,32767,32767,2942.0,17900.0
1358.0,1035.0,8816,14488,15334,14905,14157,15145,32767,32767,32767,32767,32767,2754.0,17900.0
1434.0,1215.0,9435,14890,17038,16302,15730,15145,32767,32767,32767,32767,32767,2378.0,17900.0
1415.0,1148.0,8507,14890,15334,15371,15206,15145,32767,32767,32767,32767,32767,2347.0,17900.0
1415.0,1238.0,8816,14890,15334,15836,14681,15145,32767,32767,32767,32767,32767,2723.0,17900.0
1509.0,1193.0,9899,15293,16612,16302,15206,15145,32767,32767,32767,32767,32767,3067.0,17900.0
1490.0,1103.0,9280,15293,16186,16302,15206,15145,32767,32767,32767,32767,32767,2754.0,17900.0
1396.0,1193.0,8507,15293,16186,16302,15730,15145,32767,32767,32767,32767,32767,2034.0,17900.0
1434.0,1193.0,9126,15695,16612,16302,15730,15145,32767,32767,32767,32767,32767,2879.0,17900.0
1679.0,1350.0,9744,15695,17038,17234,17303,15145,32767,32767,32767,32767,32767,3317.0,17900.0
1509.0,1125.0,10363,16098,16612,16768,15730,15145,32767,32767,32767,32767,32767,3599.0,17900.0
1453.0,1170.0,10208,17305,17890,17234,16779,15145,32767,32767,32767,32767,32767,2660.0,17900.0
1302.0,990.0,8043,13683,12778,13507,13108,15728,32767,32767,32767,32767,32767,2441.0,17900.0
1321.0,1080.0,8352,14085,14908,14905,14157,15728,32767,32767,32767,32767,32767,2535.0,17900.0
1641.0,1418.0,7888,14488,14482,14905,14681,15728,32767,32767,32767,32767,32767,2285.0,17900.0
1396.0,1035.0,7734,14890,15334,13973,12584,15728,32767,32767,32767,32767,32767,2410.0,17900.0
1490.0,1215.0,8662,14890,15760,15371,15730,15728,32767,32767,32767,32767,32767,2629.0,17900.0
1472.0,1148.0,9126,14890,15334,15371,15730,15728,32767,32767,32767,32767,32767,3130.0,17900.0
1453.0,1148.0,9435,14890,16612,16302,15730,15728,32767,32767,32767,32767,32767,3067.0,17900.0
1415.0,1080.0,8816,14890,14908,14439,14157,15728,32767,32767,32767,32767,32767,2942.0,17900.0
1377.0,1080.0,8816,15293,16186,15371,14681,15728,32767,32767,32767,32767,32767,2535.0,17900.0
1528.0,1260.0,8971,15293,15760,15836,15730,15728,32767,32767,32767,32767,32767,2691.0,17900.0
1490.0,1148.0,10363,15695,15760,16302,15206,15728,32767,32767,32767,32767,32767,3536.0,17900.0
1339.0,1080.0,9126,16098,16612,15836,16254,15728,32767,32767,32767,32767,32767,2285.0,17900.0
1490.0,1215.0,9744,16098,18315,18165,16779,15728,32767,32767,32767,32767,32767,2472.0,17900.0
1585.0,1350.0,9590,16500,17464,18165,17303,15728,32767,32767,32767,32767,32767,2347.0,17900.0
1622.0,1305.0,10827,17707,18315,18165,17303,15728,32767,32767,32767,32767,32767,3349.0,17900.0
1528.0,1531.0,8972,16903,17891,16303,15207,15729,32767,32767,32767,32767,32767,1972.0,17900.0
1396.0,1058.0,8507,14488,15334,15371,14681,16310,32767,32767,32767,32767,32767,2660.0,17900.0
1622.0,1508.0,8043,15695,16186,16302,15730,16310,32767,32767,32767,32767,32767,1940.0,17900.0
1490.0,1283.0,8816,16098,17464,16302,16779,16310,32767,32767,32767,32767,32767,2566.0,17900.0
1472.0,1193.0,9435,16098,16612,17699,16779,16310,32767,32767,32767,32767,32767,2785.0,17900.0
1490.0,1238.0,9280,16500,17464,17234,16254,16310,32767,32767,32767,32767,32767,2566.0,17900.0
1415.0,1125.0,10054,16902,17464,18631,17827,16310,32767,32767,32767,32767,32767,3004.0,17900.0
1528.0,1328.0,10363,16902,18741,18165,17303,16310,32767,32767,32767,32767,32767,2378.0,17900.0
1472.0,1215.0,9590,16902,17038,17234,16779,16310,32767,32767,32767,32767,32767,2785.0,17900.0
1660.0,1553.0,9435,17305,18741,18165,17827,16310,32767,32767,32767,32767,32767,2159.0,17900.0
1509.0,1193.0,10518,17305,17890,18165,17827,16310,32767,32767,32767,32767,32767,2848.0,17900.0
1660.0,1395.0,11446,17707,19593,19563,18352,16310,32767,32767,32767,32767,32767,3130.0,17900.0
1528.0,1305.0,10363,18512,19593,19563,20449,16310,32767,32767,32767,32767,32767,2316.0,17900.0
1528.0,1418.0,7270,15294,16187,14440,14682,16311,32767,32767,32767,32767,32767,1502.0,17900.0
1604.0,1418.0,9280,15293,16186,15836,15730,16893,32767,32767,32767,32767,32767,2910.0,17900.0
1509.0,1215.0,8971,15695,15760,16768,16254,16893,32767,32767,32767,32767,32767,2754.0,17900.0
1585.0,1328.0,8662,15695,17038,16302,16254,16893,32767,32767,32767,32767,32767,2691.0,17900.0
1585.0,1193.0,10208,16098,17464,17699,17303,16893,32767,32767,32767,32767,32767,3098.0,17900.0
1660.0,1440.0,8971,16098,15334,17699,17827,16893,32767,32767,32767,32767,32767,1972.0,17900.0
1868.0,1485.0,8816,16098,16612,14905,16779,16893,32767,32767,32767,32767,32767,2472.0,17900.0
1377.0,1125.0,9126,16098,16612,17234,16254,16893,32767,32767,32767,32767,32767,2848.0,17900.0
1472.0,1260.0,9590,16500,18315,19563,17303,16893,32767,32767,32767,32767,32767,2034.0,17900.0
1962.0,1891.0,10363,16500,18741,18631,16779,16893,32767,32767,32767,32767,32767,3192.0,17900.0
1604.0,1463.0,8043,16500,17464,17699,17827,16893,32767,32767,32767,32767,32767,2347.0,17900.0
1490.0,1193.0,9590,16500,17890,17699,16779,16893,32767,32767,32767,32767,32767,3098.0,17900.0
1566.0,1440.0,10363,16902,17464,17699,17827,16893,32767,32767,32767,32767,32767,2723.0,17900.0
1604.0,1350.0,9590,16902,17464,18631,17827,16893,32767,32767,32767,32767,32767,2754.0,17900.0
1868.0,1463.0,11446,17707,18315,18631,17827,16893,32767,32767,32767,32767,32767,3943.0,17900.0
1339.0,1125.0,9744,17707,18741,18165,18352,16893,32767,32767,32767,32767,32767,2378.0,17900.0
1547.0,1328.0,10363,17707,18315,18165,17827,16893,32767,32767,32767,32767,32767,2441.0,17900.0
1566.0,1328.0,10827,17707,20871,20028,18876,16893,32767,32767,32767,32767,32767,2472.0,17900.0
1509.0,1283.0,9590,18110,19167,19563,18876,16893,32767,32767,32767,32767,32767,2253.0,17900.0
1622.0,1395.0,11446,18110,20445,20028,18876,16893,32767,32767,32767,32767,32767,2973.0,17900.0
1415.0,1148.0,10363,18110,19167,19097,17827,16893,32767,32767,32767,32767,32767,2504.0,17900.0
1472.0,1193.0,10363,18512,19593,19097,18876,16893,32767,32767,32767,32767,32767,2347.0,17900.0
1434.0,1305.0,9899,18915,20019,19563,19401,16893,32767,32767,32767,32767,32767,1846.0,17900.0
1453.0,1396.0,7889,16098,17039,16303,16780,16894,32767,32767,32767,32767,32767,1721.0,17900.0
1547.0,1373.0,10672,16500,18315,17234,17827,17475,32767,32767,32767,32767,32767,3098.0,17900.0
1622.0,1440.0,9280,16500,17890,17699,16779,17475,32767,32767,32767,32767,32767,2566.0,17900.0
1453.0,1148.0,9126,16500,17890,17699,17303,17475,32767,32767,32767,32767,32767,2316.0,17900.0
1566.0,1418.0,8971,16902,17038,17699,17303,17475,32767,32767,32767,32767,32767,1878.0,17900.0
1528.0,1283.0,10054,18110,18315,19563,18352,17475,32767,32767,32767,32767,32767,2691.0,17900.0
1547.0,1305.0,10827,18512,20019,20028,18876,17475,32767,32767,32767,32767,32767,3036.0,17900.0
1868.0,1778.0,11910,18915,19593,21426,20449,17475,32767,32767,32767,32767,32767,3349.0,17900.0
1641.0,1530.0,11291,19317,20019,20960,19401,17475,32767,32767,32767,32767,32767,2691.0,17900.0
1604.0,1463.0,10982,19719,22149,20960,20449,17475,32767,32767,32767,32767,32767,2222.0,17900.0
1585.0,1395.0,9744,16500,17038,18165,17827,18058,32767,32767,32767,32767,32767,2691.0,17900.0
1396.0,1148.0,9280,16500,17464,17234,16779,18058,32767,32767,32767,32767,32767,2285.0,17900.0
1490.0,1328.0,10672,17305,17890,19563,18876,18058,32767,32767,32767,32767,32767,2817.0,17900.0
1547.0,1305.0,10672,17305,18741,18631,17827,18058,32767,32767,32767,32767,32767,2973.0,17900.0
1453.0,1148.0,10054,17707,18741,18631,17827,18058,32767,32767,32767,32767,32767,2191.0,17900.0
1415.0,1238.0,10208,17707,18741,19563,19401,18058,32767,32767,32767,32767,32767,2253.0,17900.0
1641.0,1485.0,10672,17707,19167,19097,18876,18058,32767,32767,32767,32767,32767,2629.0,17900.0
1566.0,1395.0,9899,18110,20019,19097,18876,18058,32767,32767,32767,32767,32767,2253.0,17900.0
1509.0,1148.0,10363,18110,18741,19097,19401,18058,32767,32767,32767,32767,32767,3286.0,17900.0
1509.0,1328.0,10518,18110,17890,18631,18876,18058,32767,32767,32767,32767,32767,2222.0,17900.0
1566.0,1328.0,10518,18512,19593,19563,18876,18058,32767,32767,32767,32767,32767,2222.0,17900.0
1528.0,1350.0,9744,18512,18315,19097,18876,18058,32767,32767,32767,32767,32767,2159.0,17900.0
1981.0,1711.0,10982,18915,19593,19097,18876,18058,32767,32767,32767,32767,32767,3662.0,17900.0
1736.0,1463.0,13147,19317,22149,21426,19925,18058,32767,32767,32767,32767,32767,3474.0,17900.0
1490.0,1373.0,10672,19317,20019,20028,19925,18058,32767,32767,32767,32767,32767,2598.0,17900.0
1698.0,1530.0,9590,19317,20871,21426,20449,18058,32767,32767,32767,32767,32767,1815.0,17900.0
1509.0,1350.0,10518,19317,20871,20960,19925,18058,32767,32767,32767,32767,32767,2003.0,17900.0
1340.0,1238.0,8353,16501,17465,16303,15731,18059,32767,32767,32767,32767,32767,1377.0,17900.0
1415.0,1373.0,8972,16903,18742,17700,16780,18059,32767,32767,32767,32767,32767,1753.0,17900.0
2226.0,1958.0,9280,17305,19593,16768,17303,18640,32767,32767,32767,32767,32767,3130.0,17900.0
1736.0,1598.0,10054,17305,17890,20028,18876,18640,32767,32767,32767,32767,32767,2566.0,17900.0
1641.0,1350.0,10827,17707,18315,20494,20449,18640,32767,32767,32767,32767,32767,3161.0,17900.0
1641.0,1530.0,9744,18110,19593,20028,20449,18640,32767,32767,32767,32767,32767,2159.0,17900.0
1358.0,1193.0,9435,18512,20019,20494,20449,18640,32767,32767,32767,32767,32767,1753.0,17900.0
2471.0,2161.0,9280,18512,18741,19097,20974,18640,32767,32767,32767,32767,32767,3161.0,17900.0
1434.0,1238.0,10363,18915,20019,20494,19925,18640,32767,32767,32767,32767,32767,2003.0,17900.0
1566.0,1463.0,11291,18915,20019,20960,20974,18640,32767,32767,32767,32767,32767,2598.0,17900.0
1472.0,1260.0,10518,18915,20019,20960,20449,18640,32767,32767,32767,32767,32767,2316.0,17900.0
1641.0,1508.0,11136,19317,21723,21426,20449,18640,32767,32767,32767,32767,32767,2191.0,17900.0
1585.0,1395.0,10827,19317,20871,20960,21498,18640,32767,32767,32767,32767,32767,2629.0,17900.0
1528.0,1418.0,11446,19317,22149,21891,21498,18640,32767,32767,32767,32767,32767,2942.0,17900.0
1641.0,1440.0,12219,19719,20871,20960,19925,18640,32767,32767,32767,32767,32767,2848.0,17900.0
1641.0,1530.0,12683,19719,21297,21426,22022,18640,32767,32767,32767,32767,32767,2691.0,17900.0
1490.0,1305.0,10982,19719,21297,21426,20974,18640,32767,32767,32767,32767,32767,2598.0,17900.0
1509.0,1260.0,12064,19719,22575,21891,20449,18640,32767,32767,32767,32767,32767,2598.0,17900.0
1868.0,1598.0,12528,20122,22149,21891,20974,18640,32767,32767,32767,32767,32767,3286.0,17900.0
1566.0,1440.0,11600,20122,21297,21426,20974,18640,32767,32767,32767,32767,32767,2410.0,17900.0
1434.0,1260.0,10827,20524,21297,22823,22022,18640,32767,32767,32767,32767,32767,2691.0,17900.0
1641.0,1530.0,11291,21329,23001,23289,21498,18640,32767,32767,32767,32767,32767,2097.0,17900.0
1547.0,1621.0,12220,22135,23854,20029,18877,18641,32767,32767,32767,32767,32767,2191.0,17900.0
2019.0,1846.0,10208,18110,19167,19097,18876,19223,32767,32767,32767,32767,32767,2848.0,17900.0
1528.0,1328.0,10054,18512,19167,19097,19401,19223,32767,32767,32767,32767,32767,2472.0,17900.0
1717.0,1598.0,11291,18512,20019,20960,21498,19223,32767,32767,32767,32767,32767,2848.0,17900.0
1604.0,1508.0,10363,18915,20445,20960,19925,19223,32767,32767,32767,32767,32767,2347.0,17900.0
1415.0,1170.0,9744,18915,19593,20960,20974,19223,32767,32767,32767,32767,32767,3004.0,17900.0
1622.0,1373.0,11600,18915,21297,21426,20449,19223,32767,32767,32767,32767,32767,2691.0,17900.0
1773.0,1620.0,12219,19317,21297,21891,21498,19223,32767,32767,32767,32767,32767,3192.0,17900.0
1528.0,1328.0,10363,19317,19593,20494,20974,19223,32767,32767,32767,32767,32767,2660.0,17900.0
1698.0,1575.0,11446,19317,20019,21426,20974,19223,32767,32767,32767,32767,32767,2535.0,17900.0
1434.0,1238.0,10982,19317,20445,20960,19401,19223,32767,32767,32767,32767,32767,2159.0,17900.0
1528.0,1328.0,11446,19719,20871,21891,21498,19223,32767,32767,32767,32767,32767,2504.0,17900.0
1490.0,1260.0,11755,19719,20871,21426,20449,19223,32767,32767,32767,32767,32767,2910.0,17900.0
1566.0,1328.0,10827,19719,22149,21426,20974,19223,32767,32767,32767,32767,32767,2378.0,17900.0
1887.0,1666.0,11755,19719,21723,21891,21498,19223,32767,32767,32767,32767,32767,3004.0,17900.0
1585.0,1395.0,11446,20122,21723,21891,20974,19223,32767,32767,32767,32767,32767,2504.0,17900.0
1604.0,1485.0,11291,20524,22575,22357,22022,19223,32767,32767,32767,32767,32767,2629.0,17900.0
1509.0,1486.0,10054,19318,20872,20029,19402,19224,32767,32767,32767,32767,32767,1784.0,17900.0
1547.0,1643.0,11137,20123,22150,20961,20450,19224,32767,32767,32767,32767,32767,2034.0,17900.0
1604.0,1531.0,11756,20928,22576,22358,21499,19224,32767,32767,32767,32767,32767,2504.0,17900.0
1566.0,1666.0,12375,21733,24280,23290,22023,19224,32767,32767,32767,32767,32767,2285.0,17900.0
2000.0,2093.0,10518,18110,19593,20960,21498,19805,32767,32767,32767,32767,32767,2535.0,17900.0
1490.0,1260.0,10672,18512,21723,21891,21498,19805,32767,32767,32767,32767,32767,2066.0,17900.0
1641.0,1328.0,10363,18915,20019,21426,21498,19805,32767,32767,32767,32767,32767,3317.0,17900.0
1509.0,1440.0,10827,18915,20019,20494,20449,19805,32767,32767,32767,32767,32767,2285.0,17900.0
1509.0,1305.0,10827,18915,20445,20494,21498,19805,32767,32767,32767,32767,32767,2535.0,17900.0
1698.0,1508.0,10518,19317,20871,21426,20449,19805,32767,32767,32767,32767,32767,2691.0,17900.0
2226.0,2026.0,10363,19317,20871,20494,19925,19805,32767,32767,32767,32767,32767,2910.0,17900.0
1679.0,1620.0,10982,19317,21723,20960,21498,19805,32767,32767,32767,32767,32767,2410.0,17900.0
1754.0,1598.0,9899,19317,20019,20494,20974,19805,32767,32767,32767,32767,32767,2191.0,17900.0
1622.0,1508.0,10982,19719,21723,21891,22547,19805,32767,32767,32767,32767,32767,2410.0,17900.0
1717.0,1530.0,11136,19719,21723,21426,20449,19805,32767,32767,32767,32767,32767,2879.0,17900.0
1566.0,1418.0,11755,20122,21723,22357,20974,19805,32767,32767,32767,32767,32767,3036.0,17900.0
1698.0,1508.0,10672,20122,21723,22357,22022,19805,32767,32767,32767,32767,32767,2598.0,17900.0
1509.0,1328.0,9899,20122,20871,22357,22547,19805,32767,32767,32767,32767,32767,2285.0,17900.0
1528.0,1283.0,10208,20122,21723,20028,20449,19805,32767,32767,32767,32767,32767,2910.0,17900.0
1622.0,1463.0,12374,20524,22575,22357,21498,19805,32767,32767,32767,32767,32767,2598.0,17900.0
1547.0,1395.0,11291,20524,23001,23289,22022,19805,32767,32767,32767,32767,32767,2097.0,17900.0
1905.0,1575.0,11600,20524,22149,21426,22547,19805,32767,32767,32767,32767,32767,3036.0,17900.0
1830.0,1711.0,11600,20524,22149,22823,21498,19805,32767,32767,32767,32767,32767,2629.0,17900.0
1924.0,1643.0,12993,21329,23427,23289,22022,19805,32767,32767,32767,32767,32767,3286.0,17900.0
1679.0,1553.0,12064,21329,23001,23289,23071,19805,32767,32767,32767,32767,32767,2535.0,17900.0
1434.0,1441.0,10518,19721,20872,20495,19402,19806,32767,32767,32767,32767,32767,1753.0,17900.0
1623.0,1868.0,11446,20123,21724,21893,20450,19806,32767,32767,32767,32767,32767,2410.0,17900.0
1490.0,1553.0,11137,20526,22576,20495,21499,19806,32767,32767,32767,32767,32767,1909.0,17900.0
1547.0,1553.0,11756,20928,23854,22358,22023,19806,32767,32767,32767,32767,32767,2003.0,17900.0
1528.0,1643.0,12220,20928,23428,22358,22023,19806,32767,32767,32767,32767,32767,2097.0,17900.0
1547.0,1576.0,11910,21330,23002,22358,21499,19806,32767,32767,32767,32767,32767,2191.0,17900.0
1528.0,1576.0,11446,21733,23002,22824,22023,19806,32767,32767,32767,32767,32767,1940.0,17900.0
1623.0,1711.0,12065,21733,23428,22358,22023,19806,32767,32767,32767,32767,32767,2191.0,17900.0
1547.0,1643.0,11910,21733,23428,22358,22548,19806,32767,32767,32767,32767,32767,2066.0,17900.0
1585.0,1688.0,12529,21733,24280,23756,22548,19806,32767,32767,32767,32767,32767,2191.0,17900.0
1547.0,1688.0,12529,21733,23854,23290,22548,19806,32767,32767,32767,32767,32767,2191.0,17900.0
1604.0,1688.0,12220,22135,24280,22824,23072,19806,32767,32767,32767,32767,32767,2160.0,17900.0
1585.0,1711.0,12375,22538,23854,23290,23072,19806,32767,32767,32767,32767,32767,2222.0,17900.0
1623.0,1688.0,12529,23343,25132,24222,23597,19806,32767,32767,32767,32767,32767,2128.0,17900.0
1604.0,1688.0,12529,23745,25558,23756,23072,19806,32767,32767,32767,32767,32767,2097.0,17900.0
2023.0,2015.0,8523,19403,18860,20623,20121,20061,32767,32767,32767,32767,32767,1817.0,17900.0
1578.0,1528.0,12632,22175,23470,21540,21669,20061,32767,32767,32767,32767,32767,3233.0,17900.0
1943.0,1666.0,9126,18110,18315,18631,19401,20388,32767,32767,32767,32767,32767,2472.0,17900.0
1660.0,1575.0,10518,19719,20871,22357,20974,20388,32767,32767,32767,32767,32767,2316.0,17900.0
1641.0,1463.0,11136,19719,20871,22357,22022,20388,32767,32767,32767,32767,32767,2660.0,17900.0
1547.0,1418.0,11136,20122,21297,21891,20449,20388,32767,32767,32767,32767,32767,2316.0,17900.0
1528.0,1553.0,11446,20524,20871,21891,22547,20388,32767,32767,32767,32767,32767,2535.0,17900.0
1585.0,1575.0,11600,20524,22575,21426,22547,20388,32767,32767,32767,32767,32767,2504.0,17900.0
1490.0,1283.0,10518,20524,22149,21891,21498,20388,32767,32767,32767,32767,32767,2066.0,17900.0
1792.0,1553.0,12528,20524,23427,22823,20974,20388,32767,32767,32767,32767,32767,3223.0,17900.0
1509.0,1440.0,11136,21329,22149,22823,22022,20388,32767,32767,32767,32767,32767,1846.0,17900.0
1566.0,1530.0,11291,21732,23853,23755,23071,20388,32767,32767,32767,32767,32767,2066.0,17900.0
1622.0,1485.0,12683,21732,24705,23289,23071,20388,32767,32767,32767,32767,32767,2253.0,17900.0
1528.0,1508.0,12838,21732,23853,23289,23071,20388,32767,32767,32767,32767,32767,2316.0,17900.0
1641.0,1440.0,11291,22134,24279,24220,22547,20388,32767,32767,32767,32767,32767,2410.0,17900.0
1698.0,1553.0,12683,22134,22575,23755,23071,20388,32767,32767,32767,32767,32767,2504.0,17900.0
1566.0,1440.0,11755,22537,24705,25618,24644,20388,32767,32767,32767,32767,32767,2066.0,17900.0
1509.0,1350.0,10209,19721,20020,21427,20450,20389,32767,32767,32767,32767,32767,1596.0,17900.0
1472.0,1531.0,12220,20928,23002,22358,22023,20389,32767,32767,32767,32767,32767,2034.0,17900.0
1528.0,1553.0,11137,20928,23002,22358,21499,20389,32767,32767,32767,32767,32767,1940.0,17900.0
1547.0,1666.0,12065,21330,23002,23290,22548,20389,32767,32767,32767,32767,32767,2191.0,17900.0
1509.0,1598.0,11910,21330,23428,21893,21499,20389,32767,32767,32767,32767,32767,2160.0,17900.0
1509.0,1598.0,12375,21733,24280,23290,23072,20389,32767,32767,32767,32767,32767,2066.0,17900.0
1547.0,1666.0,12375,21733,24706,22824,22548,20389,32767,32767,32767,32767,32767,2191.0,17900.0
1623.0,1733.0,12220,21733,24706,22824,22548,20389,32767,32767,32767,32767,32767,2191.0,17900.0
1585.0,1598.0,12839,21733,23428,22824,22023,20389,32767,32767,32767,32767,32767,2253.0,17900.0
2528.0,2363.0,9590,21733,20020,22358,21499,20389,32767,32767,32767,32767,32767,2410.0,17900.0
1509.0,1576.0,12375,21733,24280,23290,23072,20389,32767,32767,32767,32767,32767,2066.0,17900.0
1490.0,1486.0,12375,21733,24280,22824,22023,20389,32767,32767,32767,32767,32767,2128.0,17900.0
1547.0,1756.0,12529,22135,24280,23290,23072,20389,32767,32767,32767,32767,32767,2191.0,17900.0
1566.0,1666.0,12839,22135,25558,23756,22548,20389,32767,32767,32767,32767,32767,2253.0,17900.0
1623.0,1711.0,12375,22538,24706,23290,23072,20389,32767,32767,32767,32767,32767,2191.0,17900.0
1547.0,1621.0,12220,22538,25132,23756,23072,20389,32767,32767,32767,32767,32767,2034.0,17900.0
1547.0,1688.0,11910,22538,23854,23290,22548,20389,32767,32767,32767,32767,32767,2066.0,17900.0
1585.0,1666.0,12529,22940,24280,22824,22023,20389,32767,32767,32767,32767,32767,2066.0,17900.0
1623.0,1778.0,12993,22940,25132,24222,23597,20389,32767,32767,32767,32767,32767,2285.0,17900.0
1566.0,1711.0,13148,22940,25558,24687,23597,20389,32767,32767,32767,32767,32767,2222.0,17900.0
1623.0,1711.0,12839,24148,26410,24222,24121,20389,32767,32767,32767,32767,32767,2160.0,17900.0
1596.0,1351.0,11566,20195,21793,21998,21153,20634,32767,32767,32767,32767,32767,3110.0,17900.0
1604.0,1463.0,11755,19719,22149,21891,22022,20970,32767,32767,32767,32767,32767,2410.0,17900.0
1811.0,1643.0,11136,20524,22149,22357,22022,20970,32767,32767,32767,32767,32767,2410.0,17900.0
1641.0,1553.0,11446,20927,22149,22357,22022,20970,32767,32767,32767,32767,32767,2410.0,17900.0
1641.0,1688.0,12838,21329,23427,25152,24644,20970,32767,32767,32767,32767,32767,2754.0,17900.0
1849.0,1756.0,11291,21329,22575,23289,24120,20970,32767,32767,32767,32767,32767,3036.0,17900.0
2415.0,2521.0,14230,21329,23427,26083,23595,20970,32767,32767,32767,32767,32767,3255.0,17900.0
1754.0,1666.0,12219,21732,24279,24220,24644,20970,32767,32767,32767,32767,32767,2817.0,17900.0
1472.0,1350.0,11291,22134,23853,22823,22547,20970,32767,32767,32767,32767,32767,2159.0,17900.0
2283.0,2138.0,12064,22134,24705,22823,22547,20970,32767,32767,32767,32767,32767,2848.0,17900.0
1604.0,1440.0,11755,22134,24705,24220,23071,20970,32767,32767,32767,32767,32767,2191.0,17900.0
1924.0,1620.0,13457,22537,25130,23755,25168,20970,32767,32767,32767,32767,32767,3443.0,17900.0
1849.0,1846.0,13766,22939,25556,26549,24120,20970,32767,32767,32767,32767,32767,2817.0,17900.0
2019.0,2026.0,13766,22939,25130,26549,25693,20970,32767,32767,32767,32767,32767,2785.0,17900.0
1792.0,1643.0,12993,22939,25556,25152,24644,20970,32767,32767,32767,32767,32767,3223.0,17900.0
1472.0,1373.0,10209,20123,21298,20029,20975,20972,32767,32767,32767,32767,32767,1565.0,17900.0
1585.0,1733.0,12529,21330,23854,22358,22548,20972,32767,32767,32767,32767,32767,2160.0,17900.0
1585.0,1688.0,12220,21330,24280,22824,23072,20972,32767,32767,32767,32767,32767,2160.0,17900.0
1509.0,1733.0,12839,21733,24280,23756,23072,20972,32767,32767,32767,32767,32767,2285.0,17900.0
1547.0,1643.0,11910,21733,23002,23290,21499,20972,32767,32767,32767,32767,32767,2097.0,17900.0
2038.0,1936.0,12529,21733,24280,24687,23072,20972,32767,32767,32767,32767,32767,2723.0,17900.0
1547.0,1576.0,11756,21733,23428,23290,22023,20972,32767,32767,32767,32767,32767,2128.0,17900.0
1566.0,1688.0,12839,22135,24280,23290,22548,20972,32767,32767,32767,32767,32767,2253.0,17900.0
1604.0,1778.0,12684,22135,24280,23756,23072,20972,32767,32767,32767,32767,32767,2222.0,17900.0
1641.0,1801.0,12375,22135,23854,23290,22548,20972,32767,32767,32767,32767,32767,2316.0,17900.0
1585.0,1756.0,12529,22135,24280,23290,22548,20972,32767,32767,32767,32767,32767,2191.0,17900.0
1585.0,1711.0,12684,22135,24280,23756,23072,20972,32767,32767,32767,32767,32767,2222.0,17900.0
1585.0,1733.0,12529,22135,23854,23290,22548,20972,32767,32767,32767,32767,32767,2191.0,17900.0
1623.0,1891.0,12839,22135,24706,23756,23072,20972,32767,32767,32767,32767,32767,2285.0,17900.0
1585.0,1756.0,12529,22538,24280,23290,23072,20972,32767,32767,32767,32767,32767,2253.0,17900.0
1604.0,1733.0,12993,22538,24706,23290,23597,20972,32767,32767,32767,32767,32767,2222.0,17900.0
1566.0,1621.0,12684,22538,25558,23756,23072,20972,32767,32767,32767,32767,32767,2034.0,17900.0
1604.0,1643.0,12839,22538,25132,23756,23072,20972,32767,32767,32767,32767,32767,2160.0,17900.0
1623.0,1778.0,12839,22538,25558,24222,23072,20972,32767,32767,32767,32767,32767,2379.0,17900.0
1698.0,1801.0,12220,22538,24706,23290,23072,20972,32767,32767,32767,32767,32767,2253.0,17900.0
1547.0,1643.0,12684,22538,24706,24687,23597,20972,32767,32767,32767,32767,32767,2066.0,17900.0
1585.0,1688.0,12839,22538,24280,23290,23072,20972,32767,32767,32767,32767,32767,2191.0,17900.0
1660.0,1778.0,12839,22538,25132,24687,23597,20972,32767,32767,32767,32767,32767,2379.0,17900.0
1641.0,1688.0,12684,22940,25132,24222,23072,20972,32767,32767,32767,32767,32767,2191.0,17900.0
1623.0,1688.0,12529,22940,25132,24687,23597,20972,32767,32767,32767,32767,32767,2097.0,17900.0
1698.0,1823.0,12993,23343,25984,24687,24121,20972,32767,32767,32767,32767,32767,2253.0,17900.0
1623.0,1733.0,13457,23343,25558,24222,24121,20972,32767,32767,32767,32767,32767,2410.0,17900.0
1547.0,1643.0,12684,23343,25132,24222,23597,20972,32767,32767,32767,32767,32767,2003.0,17900.0
1641.0,1778.0,12684,23343,25132,23756,23597,20972,32767,32767,32767,32767,32767,2316.0,17900.0
1641.0,1733.0,12684,23343,25558,23756,23072,20972,32767,32767,32767,32767,32767,2191.0,17900.0
1641.0,1801.0,12839,23343,24706,23756,23072,20972,32767,32767,32767,32767,32767,2285.0,17900.0
1566.0,1666.0,13148,23343,25132,24222,22548,20972,32767,32767,32767,32767,32767,2285.0,17900.0
1698.0,1778.0,12839,23343,25132,24222,23597,20972,32767,32767,32767,32767,32767,2347.0,17900.0
1566.0,1733.0,13148,23343,25558,24222,24121,20972,32767,32767,32767,32767,32767,2222.0,17900.0
1485.0,1218.0,11871,20987,21793,22915,21153,21207,32767,32767,32767,32767,32767,3480.0,17900.0
1689.0,1860.0,13849,27718,29756,25107,24077,21515,32767,32767,32767,32767,32767,2217.0,17900.0
1754.0,1620.0,12219,20524,22149,23755,23595,21553,32767,32767,32767,32767,32767,2660.0,17900.0
1660.0,1530.0,11600,20927,22149,23289,23595,21553,32767,32767,32767,32767,32767,2629.0,17900.0
1641.0,1553.0,12219,20927,23853,25152,24120,21553,32767,32767,32767,32767,32767,2472.0,17900.0
1566.0,1418.0,11136,21329,23427,23289,23595,21553,32767,32767,32767,32767,32767,2159.0,17900.0
1566.0,1463.0,10982,21329,22575,22823,23595,21553,32767,32767,32767,32767,32767,2097.0,17900.0
1736.0,1778.0,12528,21732,23427,24686,24120,21553,32767,32767,32767,32767,32767,2566.0,17900.0
1566.0,1485.0,12374,21732,23853,23289,22547,21553,32767,32767,32767,32767,32767,2222.0,17900.0
1717.0,1688.0,12528,22134,24705,25618,25693,21553,32767,32767,32767,32767,32767,2441.0,17900.0
1622.0,1553.0,11910,22134,25130,24686,24644,21553,32767,32767,32767,32767,32767,2191.0,17900.0
1773.0,1801.0,11136,22134,24279,25152,25168,21553,32767,32767,32767,32767,32767,2378.0,17900.0
1981.0,2003.0,12064,22134,24705,24220,24120,21553,32767,32767,32767,32767,32767,3067.0,17900.0
1792.0,1913.0,13147,22537,24279,26549,25693,21553,32767,32767,32767,32767,32767,2660.0,17900.0
1717.0,1756.0,13766,24951,27260,28412,27790,21553,32767,32767,32767,32767,32767,2410.0,17900.0
1566.0,1711.0,12529,21733,25132,23290,23597,21554,32767,32767,32767,32767,32767,2191.0,17900.0
1641.0,1688.0,12220,22135,24706,24222,24121,21554,32767,32767,32767,32767,32767,2191.0,17900.0
1641.0,1778.0,13303,22538,25558,25153,23597,21554,32767,32767,32767,32767,32767,2316.0,17900.0
1698.0,1688.0,12529,22538,25132,24687,23597,21554,32767,32767,32767,32767,32767,2285.0,17900.0
1660.0,1868.0,12684,22538,25132,23756,22548,21554,32767,32767,32767,32767,32767,2347.0,17900.0
1585.0,1756.0,13148,22538,25132,24222,24121,21554,32767,32767,32767,32767,32767,2285.0,17900.0
1566.0,1733.0,12839,22538,24706,23756,23072,21554,32767,32767,32767,32767,32767,2347.0,17900.0
1660.0,1756.0,13148,22940,25558,24222,23597,21554,32767,32767,32767,32767,32767,2222.0,17900.0
1679.0,1801.0,12375,22940,25132,23756,23597,21554,32767,32767,32767,32767,32767,2253.0,17900.0
1717.0,1868.0,12529,22940,25558,24222,24121,21554,32767,32767,32767,32767,32767,2316.0,17900.0
1679.0,1823.0,13148,22940,25132,24687,24121,21554,32767,32767,32767,32767,32767,2410.0,17900.0
1604.0,1666.0,12529,22940,24280,24687,23597,21554,32767,32767,32767,32767,32767,2034.0,17900.0
1566.0,1756.0,12993,22940,25132,23756,23072,21554,32767,32767,32767,32767,32767,2191.0,17900.0
1585.0,1666.0,12993,22940,25558,24687,23597,21554,32767,32767,32767,32767,32767,2191.0,17900.0
1604.0,1823.0,12529,22940,25558,24222,24121,21554,32767,32767,32767,32767,32767,2128.0,17900.0
1623.0,1598.0,12065,23343,24280,23756,22023,21554,32767,32767,32767,32767,32767,2066.0,17900.0
1604.0,1778.0,13148,23343,25132,24687,23597,21554,32767,32767,32767,32767,32767,2410.0,17900.0
1717.0,1801.0,12993,23343,25558,23756,22548,21554,32767,32767,32767,32767,32767,2379.0,17900.0
1604.0,1733.0,12684,23343,25558,25153,24645,21554,32767,32767,32767,32767,32767,2191.0,17900.0
1660.0,1823.0,13303,23343,25984,25619,24121,21554,32767,32767,32767,32767,32767,2379.0,17900.0
1679.0,1801.0,13303,23343,25984,25153,24645,21554,32767,32767,32767,32767,32767,2253.0,17900.0
1547.0,1688.0,12839,23343,25558,24222,23597,21554,32767,32767,32767,32767,32767,2066.0,17900.0
1641.0,1823.0,12993,23343,25132,24222,24645,21554,32767,32767,32767,32767,32767,2253.0,17900.0
1604.0,1688.0,12684,23343,25984,24687,23597,21554,32767,32767,32767,32767,32767,2253.0,17900.0
1623.0,1643.0,12684,23343,25558,24687,23597,21554,32767,32767,32767,32767,32767,2253.0,17900.0
1604.0,1688.0,12839,23343,26410,24687,24121,21554,32767,32767,32767,32767,32767,2128.0,17900.0
1604.0,1778.0,13148,23745,25132,24687,24121,21554,32767,32767,32767,32767,32767,2222.0,17900.0
1755.0,1936.0,13457,23745,25984,25619,25170,21554,32767,32767,32767,32767,32767,2347.0,17900.0
1679.0,1846.0,12993,23745,25984,24687,23597,21554,32767,32767,32767,32767,32767,2285.0,17900.0
1641.0,1733.0,12839,23745,25558,24222,24121,21554,32767,32767,32767,32767,32767,2253.0,17900.0
1698.0,1801.0,13148,24148,25984,25153,24121,21554,32767,32767,32767,32767,32767,2410.0,17900.0
1660.0,1711.0,13148,24148,25984,25153,23597,21554,32767,32767,32767,32767,32767,2222.0,17900.0
1660.0,1778.0,13303,24148,25984,24687,24645,21554,32767,32767,32767,32767,32767,2285.0,17900.0
1641.0,1801.0,13148,24148,25984,25153,25170,21554,32767,32767,32767,32767,32767,2222.0,17900.0
1962.0,1778.0,12838,21329,23853,24686,24120,22135,32767,32767,32767,32767,32767,3130.0,17900.0
1641.0,1530.0,11755,21732,24279,25152,23071,22135,32767,32767,32767,32767,32767,2316.0,17900.0
1736.0,1643.0,11446,22134,24279,25152,25693,22135,32767,32767,32767,32767,32767,2598.0,17900.0
1679.0,1666.0,12219,22134,23427,24686,24644,22135,32767,32767,32767,32767,32767,2285.0,17900.0
2509.0,2273.0,13457,22537,25982,25618,25168,22135,32767,32767,32767,32767,32767,3755.0,17900.0
1622.0,1575.0,12219,22537,24705,24686,23595,22135,32767,32767,32767,32767,32767,2159.0,17900.0
1641.0,1575.0,11446,22537,23853,24686,25693,22135,32767,32767,32767,32767,32767,2253.0,17900.0
1754.0,1733.0,12064,22939,25130,25618,26741,22135,32767,32767,32767,32767,32767,2504.0,17900.0
1641.0,1598.0,11910,22939,25130,25618,25168,22135,32767,32767,32767,32767,32767,2504.0,17900.0
2113.0,2093.0,13611,23341,26408,26549,26741,22135,32767,32767,32767,32767,32767,3474.0,17900.0
1698.0,1620.0,12528,23341,25130,24686,25693,22135,32767,32767,32767,32767,32767,2598.0,17900.0
1679.0,1575.0,12838,24146,27260,27015,27266,22135,32767,32767,32767,32767,32767,2378.0,17900.0
1641.0,1688.0,13766,24549,27686,28412,28314,22135,32767,32767,32767,32767,32767,2128.0,17900.0
1641.0,1711.0,12529,21330,24706,23756,23597,22137,32767,32767,32767,32767,32767,2253.0,17900.0
1604.0,1778.0,12993,22135,24280,24222,23072,22137,32767,32767,32767,32767,32767,2347.0,17900.0
1717.0,1891.0,12065,22538,24706,23290,23072,22137,32767,32767,32767,32767,32767,2347.0,17900.0
1679.0,1756.0,12839,22940,25558,23756,23072,22137,32767,32767,32767,32767,32767,2285.0,17900.0
1604.0,1711.0,13148,22940,25984,24687,24121,22137,32767,32767,32767,32767,32767,2222.0,17900.0
1698.0,1756.0,12684,23343,25132,24687,24121,22137,32767,32767,32767,32767,32767,2316.0,17900.0
1623.0,1801.0,13148,23343,25984,24222,23597,22137,32767,32767,32767,32767,32767,2347.0,17900.0
1604.0,1733.0,13148,23343,25984,25153,24645,22137,32767,32767,32767,32767,32767,2285.0,17900.0
1547.0,1688.0,13612,23343,25984,25153,24645,22137,32767,32767,32767,32767,32767,2253.0,17900.0
1679.0,1868.0,12993,23343,25132,25153,23072,22137,32767,32767,32767,32767,32767,2379.0,17900.0
1604.0,1868.0,13457,23343,25558,26085,24645,22137,32767,32767,32767,32767,32767,2347.0,17900.0
1585.0,1778.0,12993,23343,25132,23756,23597,22137,32767,32767,32767,32767,32767,2347.0,17900.0
1604.0,1778.0,13148,23343,25984,24687,24121,22137,32767,32767,32767,32767,32767,2347.0,17900.0
1660.0,1868.0,12993,23343,25132,23756,24121,22137,32767,32767,32767,32767,32767,2379.0,17900.0
1623.0,1801.0,13148,23343,25558,24687,23597,22137,32767,32767,32767,32767,32767,2253.0,17900.0
1660.0,1868.0,13303,23343,26410,24222,24645,22137,32767,32767,32767,32767,32767,2253.0,17900.0
1623.0,1823.0,13612,23745,26410,25153,25694,22137,32767,32767,32767,32767,32767,2222.0,17900.0
1623.0,1846.0,13767,23745,25984,25153,24121,22137,32767,32767,32767,32767,32767,2347.0,17900.0
1623.0,1778.0,13148,23745,25984,24687,24121,22137,32767,32767,32767,32767,32767,2285.0,17900.0
1623.0,1846.0,13303,23745,25984,25153,24645,22137,32767,32767,32767,32767,32767,2347.0,17900.0
1679.0,1868.0,13457,23745,25558,25153,24121,22137,32767,32767,32767,32767,32767,2347.0,17900.0
1585.0,1801.0,13921,23745,26410,25619,25694,22137,32767,32767,32767,32767,32767,2379.0,17900.0
1604.0,1688.0,13457,23745,26410,25153,24645,22137,32767,32767,32767,32767,32767,2316.0,17900.0
1698.0,1823.0,13148,23745,25984,24687,25170,22137,32767,32767,32767,32767,32767,2285.0,17900.0
1679.0,1846.0,12993,24148,26410,26085,26218,22137,32767,32767,32767,32767,32767,2253.0,17900.0
1641.0,1823.0,13767,24148,26836,26085,25694,22137,32767,32767,32767,32767,32767,2253.0,17900.0
1585.0,1643.0,13767,24148,27688,27016,25170,22137,32767,32767,32767,32767,32767,2097.0,17900.0
1660.0,1711.0,13303,24148,26410,25619,24121,22137,32767,32767,32767,32767,32767,2160.0,17900.0
1736.0,1936.0,13767,24148,27262,25153,25170,22137,32767,32767,32767,32767,32767,2379.0,17900.0
1660.0,1936.0,13767,24148,26836,25619,25694,22137,32767,32767,32767,32767,32767,2347.0,17900.0
1792.0,1913.0,13303,24148,26836,25619,25694,22137,32767,32767,32767,32767,32767,2379.0,17900.0
1679.0,1846.0,13612,24148,27262,25619,25694,22137,32767,32767,32767,32767,32767,2316.0,17900.0
1736.0,1913.0,13921,24148,26836,26085,25694,22137,32767,32767,32767,32767,32767,2504.0,17900.0
1660.0,1733.0,13457,24550,28114,26085,25694,22137,32767,32767,32767,32767,32767,2222.0,17900.0
1717.0,1913.0,13921,24550,26836,27016,25694,22137,32767,32767,32767,32767,32767,2253.0,17900.0
1585.0,1733.0,14076,24550,27262,26085,24645,22137,32767,32767,32767,32767,32767,2222.0,17900.0
1641.0,1868.0,13767,24550,26410,26551,25694,22137,32767,32767,32767,32767,32767,2410.0,17900.0
1660.0,1868.0,14076,24550,27262,25619,25694,22137,32767,32767,32767,32767,32767,2441.0,17900.0
1679.0,1846.0,13767,24550,26836,26085,25694,22137,32767,32767,32767,32767,32767,2347.0,17900.0
1717.0,1958.0,13921,24550,26836,26085,25170,22137,32767,32767,32767,32767,32767,2410.0,17900.0
1566.0,1756.0,13148,24550,26836,26085,25694,22137,32767,32767,32767,32767,32767,2097.0,17900.0
1679.0,1891.0,14076,24953,26836,25153,24645,22137,32767,32767,32767,32767,32767,2472.0,17900.0
1566.0,1576.0,13457,24953,26836,25619,24645,22137,32767,32767,32767,32767,32767,2097.0,17900.0
1736.0,1981.0,14076,24953,27262,27482,25694,22137,32767,32767,32767,32767,32767,2347.0,17900.0
1660.0,1778.0,13767,25355,27688,27016,26218,22137,32767,32767,32767,32767,32767,2191.0,17900.0
1811.0,1891.0,14385,25758,28114,27482,26218,22137,32767,32767,32767,32767,32767,2316.0,17900.0
1679.0,1643.0,12219,21329,23853,25152,24644,22718,32767,32767,32767,32767,32767,2660.0,17900.0
2037.0,1891.0,11600,21329,21723,24686,25168,22718,32767,32767,32767,32767,32767,3098.0,17900.0
1943.0,1756.0,11600,21732,23427,24686,25168,22718,32767,32767,32767,32767,32767,2910.0,17900.0
1887.0,1823.0,11446,21732,23427,21426,22547,22718,32767,32767,32767,32767,32767,2598.0,17900.0
1679.0,1598.0,11755,21732,23427,25152,24644,22718,32767,32767,32767,32767,32767,2347.0,17900.0
1849.0,1801.0,11446,21732,23853,25152,24644,22718,32767,32767,32767,32767,32767,2629.0,17900.0
1622.0,1598.0,12064,22134,23853,23755,24120,22718,32767,32767,32767,32767,32767,2347.0,17900.0
1679.0,1733.0,11755,22134,23001,25152,24644,22718,32767,32767,32767,32767,32767,2598.0,17900.0
1528.0,1440.0,11600,22134,24279,25152,24120,22718,32767,32767,32767,32767,32767,2066.0,17900.0
2056.0,1891.0,12064,22134,23853,23755,24644,22718,32767,32767,32767,32767,32767,2691.0,17900.0
1868.0,1733.0,12374,22134,23427,26083,26741,22718,32767,32767,32767,32767,32767,3255.0,17900.0
2056.0,1936.0,12064,22134,23427,25618,25168,22718,32767,32767,32767,32767,32767,2785.0,17900.0
1792.0,1733.0,11910,22134,24279,25618,25693,22718,32767,32767,32767,32767,32767,2535.0,17900.0
1604.0,1553.0,12219,22939,23853,25618,25693,22718,32767,32767,32767,32767,32767,2253.0,17900.0
1754.0,1733.0,13457,23341,25982,26083,25693,22718,32767,32767,32767,32767,32767,3067.0,17900.0
1698.0,1711.0,12838,23341,25982,26083,26217,22718,32767,32767,32767,32767,32767,2629.0,17900.0
1698.0,1553.0,13766,23341,26408,25152,26217,22718,32767,32767,32767,32767,32767,2910.0,17900.0
1528.0,1440.0,12683,23341,26408,26083,25168,22718,32767,32767,32767,32767,32767,1972.0,17900.0
1830.0,1666.0,13147,23744,26408,27946,26217,22718,32767,32767,32767,32767,32767,3286.0,17900.0
1792.0,1733.0,12528,24146,25982,27481,28839,22718,32767,32767,32767,32767,32767,2504.0,17900.0
1905.0,1891.0,14230,25354,28112,28412,28839,22718,32767,32767,32767,32767,32767,2723.0,17900.0
1830.0,1891.0,14539,26561,29390,28878,29363,22718,32767,32767,32767,32767,32767,2598.0,17900.0
1679.0,1891.0,13148,23343,25558,25153,24121,22719,32767,32767,32767,32767,32767,2410.0,17900.0
1755.0,1801.0,12839,23745,25558,25153,24645,22719,32767,32767,32767,32767,32767,2441.0,17900.0
2151.0,2183.0,12839,23745,26410,26085,25170,22719,32767,32767,32767,32767,32767,2598.0,17900.0
1623.0,1733.0,13148,24148,27262,25619,25694,22719,32767,32767,32767,32767,32767,2034.0,17900.0
1698.0,1778.0,13457,24148,25984,25619,25694,22719,32767,32767,32767,32767,32767,2379.0,17900.0
1736.0,1868.0,13148,24148,26410,25153,24645,22719,32767,32767,32767,32767,32767,2347.0,17900.0
1641.0,1846.0,13303,24148,26410,25153,25170,22719,32767,32767,32767,32767,32767,2410.0,17900.0
1679.0,1778.0,13612,24148,26836,25619,24645,22719,32767,32767,32767,32767,32767,2316.0,17900.0
1811.0,1936.0,12529,24148,25558,26085,26218,22719,32767,32767,32767,32767,32767,2379.0,17900.0
1698.0,1823.0,13303,24148,26410,26085,24645,22719,32767,32767,32767,32767,32767,2253.0,17900.0
1698.0,1891.0,13921,24148,27688,26551,25694,22719,32767,32767,32767,32767,32767,2410.0,17900.0
1698.0,1868.0,13767,24550,27688,26085,26218,22719,32767,32767,32767,32767,32767,2410.0,17900.0
1981.0,2071.0,13303,24550,25984,26085,26218,22719,32767,32767,32767,32767,32767,2410.0,17900.0
1717.0,1846.0,13457,24550,26410,26085,24645,22719,32767,32767,32767,32767,32767,2379.0,17900.0
1698.0,1778.0,13457,24550,26410,26551,25170,22719,32767,32767,32767,32767,32767,2566.0,17900.0
1717.0,1936.0,13612,24550,26836,26085,24645,22719,32767,32767,32767,32767,32767,2410.0,17900.0
1792.0,2003.0,14231,24550,27262,27016,26218,22719,32767,32767,32767,32767,32767,2598.0,17900.0
1604.0,1868.0,13921,24550,27262,26551,26743,22719,32767,32767,32767,32767,32767,2410.0,17900.0
1698.0,1778.0,13767,24550,27262,25619,25694,22719,32767,32767,32767,32767,32767,2316.0,17900.0
1623.0,1778.0,13767,24550,27262,26551,26218,22719,32767,32767,32767,32767,32767,2222.0,17900.0
1528.0,1598.0,13457,24550,26410,26085,25170,22719,32767,32767,32767,32767,32767,2066.0,17900.0
1717.0,1778.0,13457,24550,26410,25619,25170,22719,32767,32767,32767,32767,32767,2379.0,17900.0
1736.0,1891.0,13921,24550,27262,25619,25170,22719,32767,32767,32767,32767,32767,2441.0,17900.0
1604.0,1688.0,13612,24953,27262,26551,26743,22719,32767,32767,32767,32767,32767,2253.0,17900.0
1717.0,1936.0,14385,24953,27688,27016,26743,22719,32767,32767,32767,32767,32767,2379.0,17900.0
1698.0,1868.0,13457,24953,26410,24687,25170,22719,32767,32767,32767,32767,32767,2347.0,17900.0
1717.0,1958.0,14540,24953,27688,27016,26743,22719,32767,32767,32767,32767,32767,2472.0,17900.0
1736.0,1936.0,13612,25355,27688,27016,27267,22719,32767,32767,32767,32767,32767,2316.0,17900.0
1641.0,1801.0,14231,25355,27688,28414,26218,22719,32767,32767,32767,32767,32767,2347.0,17900.0
1736.0,1958.0,13921,25355,28114,27016,27267,22719,32767,32767,32767,32767,32767,2410.0,17900.0
1887.0,2071.0,14076,25355,28540,27482,26743,22719,32767,32767,32767,32767,32767,2629.0,17900.0
1736.0,1958.0,14385,25355,27688,26551,26218,22719,32767,32767,32767,32767,32767,2441.0,17900.0
1755.0,1958.0,14076,25355,27262,26551,25694,22719,32767,32767,32767,32767,32767,2379.0,17900.0
1755.0,1891.0,13767,25355,27262,26551,25694,22719,32767,32767,32767,32767,32767,2316.0,17900.0
1641.0,1823.0,13921,25758,27262,26551,26743,22719,32767,32767,32767,32767,32767,2222.0,17900.0
1773.0,1958.0,14076,25758,28114,27016,26218,22719,32767,32767,32767,32767,32767,2723.0,17900.0
1755.0,1778.0,13767,26562,27688,27948,26743,22719,32767,32767,32767,32767,32767,2285.0,17900.0
1596.0,1550.0,10653,22175,20955,24290,24764,22926,32767,32767,32767,32767,32767,1663.0,17900.0
1679.0,1530.0,12374,22939,24705,25152,25168,23300,32767,32767,32767,32767,32767,2441.0,17900.0
1943.0,1891.0,13457,22939,25982,26083,24644,23300,32767,32767,32767,32767,32767,3067.0,17900.0
1981.0,1868.0,12683,22939,24705,27015,27266,23300,32767,32767,32767,32767,32767,2910.0,17900.0
1604.0,1575.0,12064,23341,25556,25618,26217,23300,32767,32767,32767,32767,32767,2066.0,17900.0
1830.0,1801.0,12219,23341,27260,27481,28314,23300,32767,32767,32767,32767,32767,2316.0,17900.0
1792.0,1801.0,13147,23744,25556,25618,25693,23300,32767,32767,32767,32767,32767,2879.0,17900.0
1736.0,1778.0,12683,23744,25130,26083,26741,23300,32767,32767,32767,32767,32767,2222.0,17900.0
1830.0,1891.0,12374,23744,25982,26083,26741,23300,32767,32767,32767,32767,32767,2504.0,17900.0
1717.0,1711.0,13302,24146,26408,27015,26217,23300,32767,32767,32767,32767,32767,2785.0,17900.0
1773.0,1756.0,12683,24146,26408,27015,28314,23300,32767,32767,32767,32767,32767,2316.0,17900.0
1962.0,1981.0,13457,25756,28112,31207,30936,23300,32767,32767,32767,32767,32767,2535.0,17900.0
2019.0,1981.0,15313,26158,28964,29344,28839,23300,32767,32767,32767,32767,32767,3411.0,17900.0
1585.0,1486.0,12375,22940,25132,24687,23597,23302,32767,32767,32767,32767,32767,2066.0,17900.0
1660.0,1868.0,13303,23745,25984,25153,24645,23302,32767,32767,32767,32767,32767,2410.0,17900.0
1623.0,1621.0,12839,23745,25984,25619,25170,23302,32767,32767,32767,32767,32767,2191.0,17900.0
1679.0,1756.0,12993,23745,25558,24687,24645,23302,32767,32767,32767,32767,32767,2191.0,17900.0
1698.0,1823.0,12839,23745,25984,25619,24645,23302,32767,32767,32767,32767,32767,2222.0,17900.0
1736.0,1958.0,14076,24148,27688,26551,25694,23302,32767,32767,32767,32767,32767,2410.0,17900.0
1641.0,1756.0,13612,24148,26836,26551,25170,23302,32767,32767,32767,32767,32767,2128.0,17900.0
1717.0,1846.0,13767,24148,27688,26085,25170,23302,32767,32767,32767,32767,32767,2379.0,17900.0
1660.0,1756.0,13921,24550,27688,26551,26218,23302,32767,32767,32767,32767,32767,2191.0,17900.0
1698.0,1891.0,13921,24550,27688,26551,26218,23302,32767,32767,32767,32767,32767,2410.0,17900.0
1755.0,1913.0,13767,24550,27688,26551,26218,23302,32767,32767,32767,32767,32767,2379.0,17900.0
1736.0,1756.0,12220,24550,25984,26551,25170,23302,32767,32767,32767,32767,32767,2160.0,17900.0
1698.0,1936.0,14540,24953,28966,27482,27267,23302,32767,32767,32767,32767,32767,2598.0,17900.0
1623.0,1801.0,14076,24953,27688,26085,25170,23302,32767,32767,32767,32767,32767,2253.0,17900.0
1660.0,1868.0,14231,25355,27688,27016,25694,23302,32767,32767,32767,32767,32767,2285.0,17900.0
1698.0,1891.0,14695,25758,28966,28414,27792,23302,32767,32767,32767,32767,32767,2347.0,17900.0
1755.0,1801.0,14540,26160,28966,27482,26218,23302,32767,32767,32767,32767,32767,2379.0,17900.0
1522.0,1550.0,11719,22967,24308,23831,23732,23500,32767,32767,32767,32767,32767,2248.0,17900.0
2079.0,1860.0,13241,23759,25146,26581,25280,23500,32767,32767,32767,32767,32767,3726.0,17900.0
1522.0,1506.0,12327,23759,24727,24290,24764,23500,32767,32767,32767,32767,32767,2340.0,17900.0
1578.0,1727.0,12480,23759,25984,25665,25280,23500,32767,32767,32767,32767,32767,2279.0,17900.0
1887.0,1891.0,13766,24146,28538,27946,28314,23883,32767,32767,32767,32767,32767,2660.0,17900.0
1962.0,1913.0,14385,24549,27260,28412,27790,23883,32767,32767,32767,32767,32767,3036.0,17900.0
2226.0,2206.0,14230,24549,26834,27015,27266,23883,32767,32767,32767,32767,32767,3380.0,17900.0
1754.0,1733.0,12838,24549,25982,27481,27790,23883,32767,32767,32767,32767,32767,2253.0,17900.0
1736.0,1666.0,11910,24549,28964,29810,30936,23883,32767,32767,32767,32767,32767,2316.0,17900.0
1905.0,1958.0,13766,24951,27260,29344,29363,23883,32767,32767,32767,32767,32767,2566.0,17900.0
1717.0,1913.0,13921,24550,28540,27482,27267,23884,32767,32767,32767,32767,32767,2441.0,17900.0
1717.0,1823.0,13612,24550,27262,26085,25694,23884,32767,32767,32767,32767,32767,2347.0,17900.0
1623.0,1801.0,13767,24550,27688,27016,26743,23884,32767,32767,32767,32767,32767,2097.0,17900.0
1755.0,1958.0,14076,24550,27262,27016,26743,23884,32767,32767,32767,32767,32767,2347.0,17900.0
1717.0,1823.0,13457,24550,27262,26551,26218,23884,32767,32767,32767,32767,32767,2347.0,17900.0
1736.0,1778.0,13148,24550,25984,25153,25170,23884,32767,32767,32767,32767,32767,2222.0,17900.0
1698.0,1958.0,14385,24953,28114,27482,26743,23884,32767,32767,32767,32767,32767,2410.0,17900.0
1698.0,1823.0,13921,24953,26836,26551,26218,23884,32767,32767,32767,32767,32767,2504.0,17900.0
1660.0,1846.0,13921,25355,27688,26085,25170,23884,32767,32767,32767,32767,32767,2285.0,17900.0
1773.0,1913.0,14231,25355,27688,26551,25694,23884,32767,32767,32767,32767,32767,2535.0,17900.0
1792.0,1958.0,14540,25355,28114,27948,27267,23884,32767,32767,32767,32767,32767,2660.0,17900.0
1830.0,1936.0,14231,25758,28114,27016,26743,23884,32767,32767,32767,32767,32767,2504.0,17900.0
1660.0,1823.0,14540,25758,28540,27016,26218,23884,32767,32767,32767,32767,32767,2316.0,17900.0
1736.0,1913.0,14231,25758,28540,27948,27792,23884,32767,32767,32767,32767,32767,2410.0,17900.0
1660.0,1778.0,14385,26160,28540,28414,27267,23884,32767,32767,32767,32767,32767,2253.0,17900.0
1811.0,1936.0,14076,26160,28540,27948,26743,23884,32767,32767,32767,32767,32767,2379.0,17900.0
1717.0,1891.0,15004,26160,29818,28414,27792,23884,32767,32767,32767,32767,32767,2410.0,17900.0
1623.0,1666.0,14385,26160,28540,27948,27792,23884,32767,32767,32767,32767,32767,2441.0,17900.0
1755.0,2026.0,14385,26160,28966,27482,28316,23884,32767,32767,32767,32767,32767,2441.0,17900.0
1623.0,1666.0,14231,26562,29818,27482,27792,23884,32767,32767,32767,32767,32767,2222.0,17900.0
1887.0,2048.0,14076,26562,28966,26551,26743,23884,32767,32767,32767,32767,32767,2504.0,17900.0
1906.0,2161.0,14695,26562,29818,28880,28316,23884,32767,32767,32767,32767,32767,2660.0,17900.0
1717.0,1868.0,15313,26965,30244,29345,28316,23884,32767,32767,32767,32767,32767,2347.0,17900.0
1485.0,1484.0,11719,22175,23889,24748,23732,24073,32767,32767,32767,32767,32767,2402.0,17900.0
1522.0,1506.0,11719,22967,24308,24290,23732,24073,32767,32767,32767,32767,32767,2248.0,17900.0
1429.0,1572.0,11871,23363,24727,24290,24248,24073,32767,32767,32767,32767,32767,2032.0,17900.0
1522.0,1617.0,11871,24155,24727,26123,26312,24073,32767,32767,32767,32767,32767,1940.0,17900.0
1559.0,1550.0,14610,24551,27661,27040,26828,24073,32767,32767,32767,32767,32767,2771.0,17900.0
1522.0,1572.0,12632,24947,26403,27040,26312,24073,32767,32767,32767,32767,32767,1971.0,17900.0
1615.0,1683.0,13393,25343,26823,26581,26312,24073,32767,32767,32767,32767,32767,2248.0,17900.0
1615.0,1772.0,13697,25739,27661,27498,25796,24073,32767,32767,32767,32767,32767,2217.0,17900.0
1641.0,1553.0,11600,23341,25556,25618,26741,24465,32767,32767,32767,32767,32767,2285.0,17900.0
1868.0,1868.0,13147,24549,27260,27015,27790,24465,32767,32767,32767,32767,32767,2691.0,17900.0
1754.0,1801.0,12993,24951,26834,27946,28314,24465,32767,32767,32767,32767,32767,2410.0,17900.0
1849.0,1868.0,12683,24951,26408,27946,28314,24465,32767,32767,32767,32767,32767,2378.0,17900.0
1943.0,1868.0,12838,24951,28112,28412,29363,24465,32767,32767,32767,32767,32767,2691.0,17900.0
1717.0,1711.0,13302,25354,26834,28412,27266,24465,32767,32767,32767,32767,32767,2598.0,17900.0
1849.0,1936.0,12683,26158,29390,29344,29363,24465,32767,32767,32767,32767,32767,2222.0,17900.0
1811.0,1891.0,13457,26158,28112,29344,29363,24465,32767,32767,32767,32767,32767,2378.0,17900.0
2019.0,2093.0,13921,27366,29390,30275,31460,24465,32767,32767,32767,32767,32767,2848.0,17900.0
1698.0,1846.0,13148,23745,26836,25619,25694,24467,32767,32767,32767,32767,32767,2222.0,17900.0
1679.0,1778.0,13148,24953,27262,26551,25694,24467,32767,32767,32767,32767,32767,2316.0,17900.0
1679.0,1846.0,13148,24953,27262,27016,26218,24467,32767,32767,32767,32767,32767,2441.0,17900.0
1698.0,1868.0,14385,25355,28966,27482,27267,24467,32767,32767,32767,32767,32767,2285.0,17900.0
1981.0,2071.0,14385,25758,28114,27948,27792,24467,32767,32767,32767,32767,32767,2566.0,17900.0
1698.0,1846.0,14231,26160,28966,28880,28840,24467,32767,32767,32767,32767,32767,2472.0,17900.0
1868.0,2026.0,14385,26160,29392,27948,28316,24467,32767,32767,32767,32767,32767,2598.0,17900.0
1717.0,1846.0,14385,26160,28540,27948,27267,24467,32767,32767,32767,32767,32767,2191.0,17900.0
1906.0,2116.0,15004,26562,29392,28414,28840,24467,32767,32767,32767,32767,32767,2598.0,17900.0
1811.0,1913.0,14385,26562,28966,28880,29365,24467,32767,32767,32767,32767,32767,2472.0,17900.0
1868.0,1936.0,14385,26562,28540,27482,26743,24467,32767,32767,32767,32767,32767,2472.0,17900.0
1660.0,1778.0,14695,26562,29818,29811,27792,24467,32767,32767,32767,32767,32767,2222.0,17900.0
1717.0,1913.0,14695,26562,29392,28880,27792,24467,32767,32767,32767,32767,32767,2379.0,17900.0
1887.0,1958.0,14231,26965,28114,27948,27267,24467,32767,32767,32767,32767,32767,2472.0,17900.0
1792.0,1981.0,14849,26965,30244,28880,28840,24467,32767,32767,32767,32767,32767,2535.0,17900.0
1811.0,2048.0,15159,26965,31095,29811,29365,24467,32767,32767,32767,32767,32767,2535.0,17900.0
1887.0,2116.0,14695,26965,28966,28880,28840,24467,32767,32767,32767,32767,32767,2598.0,17900.0
1906.0,2048.0,15004,27367,28966,30277,29889,24467,32767,32767,32767,32767,32767,2191.0,17900.0
1849.0,1891.0,14695,27367,29392,28414,28840,24467,32767,32767,32767,32767,32767,2660.0,17900.0
1522.0,1550.0,11110,23759,24308,25206,23732,24646,32767,32767,32767,32767,32767,1817.0,17900.0
1596.0,1528.0,13088,23759,25984,25665,24764,24646,32767,32767,32767,32767,32767,2987.0,17900.0
1504.0,1550.0,12175,24155,25984,25665,25796,24646,32767,32767,32767,32767,32767,1878.0,17900.0
1541.0,1683.0,12784,24155,26403,26581,26312,24646,32767,32767,32767,32767,32767,2217.0,17900.0
1466.0,1550.0,12023,24155,25146,25665,24248,24646,32767,32767,32767,32767,32767,1878.0,17900.0
1559.0,1683.0,12936,24947,26403,25665,25796,24646,32767,32767,32767,32767,32767,2279.0,17900.0
1485.0,1484.0,13088,25739,26823,27956,25796,24646,32767,32767,32767,32767,32767,2156.0,17900.0
1596.0,1794.0,13697,26135,28080,27956,27344,24646,32767,32767,32767,32767,32767,2309.0,17900.0
1541.0,1617.0,13241,26135,27661,27956,26828,24646,32767,32767,32767,32767,32767,2186.0,17900.0
1671.0,1838.0,14306,26531,28499,27956,27344,24646,32767,32767,32767,32767,32767,2402.0,17900.0
2302.0,2161.0,12683,24146,25556,27946,28314,25048,32767,32767,32767,32767,32767,3192.0,17900.0
1679.0,1711.0,12683,25354,27686,27946,30412,25048,32767,32767,32767,32767,32767,2191.0,17900.0
1660.0,1688.0,13302,25756,27686,29344,28314,25048,32767,32767,32767,32767,32767,2253.0,17900.0
1623.0,1756.0,14385,26160,29818,28414,28316,25049,32767,32767,32767,32767,32767,2128.0,17900.0
1773.0,1868.0,14849,26562,30244,28880,28840,25049,32767,32767,32767,32767,32767,2598.0,17900.0
1698.0,1711.0,14540,26562,29818,28414,28316,25049,32767,32767,32767,32767,32767,2347.0,17900.0
1736.0,1868.0,14695,26562,29818,29345,29365,25049,32767,32767,32767,32767,32767,2316.0,17900.0
1830.0,2116.0,15004,26965,30244,28414,28840,25049,32767,32767,32767,32767,32767,2723.0,17900.0
1679.0,1711.0,14540,26965,30669,29345,30413,25049,32767,32767,32767,32767,32767,2191.0,17900.0
1830.0,2071.0,15313,27367,30244,29345,28840,25049,32767,32767,32767,32767,32767,2692.0,17900.0
1392.0,1462.0,12480,24551,25984,26123,26828,25219,32767,32767,32767,32767,32767,1909.0,17900.0
1541.0,1639.0,13241,24947,27661,26581,25796,25219,32767,32767,32767,32767,32767,2063.0,17900.0
1485.0,1572.0,12936,24947,26823,26123,25796,25219,32767,32767,32767,32767,32767,2032.0,17900.0
1615.0,1417.0,13697,24947,27661,27498,26828,25219,32767,32767,32767,32767,32767,3018.0,17900.0
1634.0,1794.0,14306,25739,29337,28414,28376,25219,32767,32767,32767,32767,32767,2279.0,17900.0
1819.0,1860.0,13697,26531,27242,28414,26828,25219,32767,32767,32767,32767,32767,2925.0,17900.0
1522.0,1506.0,14154,26531,28080,28873,29923,25219,32767,32767,32767,32767,32767,2710.0,17900.0
1679.0,1620.0,13147,25756,26834,28878,28314,25630,32767,32767,32767,32767,32767,2472.0,17900.0
1943.0,2048.0,14230,25756,27686,29344,29363,25630,32767,32767,32767,32767,32767,2691.0,17900.0
1962.0,2026.0,13302,26561,28538,31207,31460,25630,32767,32767,32767,32767,32767,2472.0,17900.0
1792.0,1846.0,12993,26963,29816,31207,31460,25630,32767,32767,32767,32767,32767,2316.0,17900.0
1811.0,1913.0,14695,26965,29392,29345,28840,25632,32767,32767,32767,32767,32767,2629.0,17900.0
1887.0,2161.0,14385,26965,30669,30743,29889,25632,32767,32767,32767,32767,32767,2566.0,17900.0
1906.0,2048.0,15004,27367,29818,30277,29365,25632,32767,32767,32767,32767,32767,2504.0,17900.0
1849.0,2026.0,15623,27367,30244,29811,28316,25632,32767,32767,32767,32767,32767,2535.0,17900.0
1943.0,2228.0,15468,28172,30669,30277,30413,25632,32767,32767,32767,32767,32767,2629.0,17900.0
1811.0,2093.0,16242,28172,31947,30277,30413,25632,32767,32767,32767,32767,32767,2692.0,17900.0
1792.0,2003.0,15313,28172,31521,29345,29889,25632,32767,32767,32767,32767,32767,2472.0,17900.0
1830.0,1778.0,15004,28172,31521,30743,30413,25632,32767,32767,32767,32767,32767,2629.0,17900.0
1943.0,2206.0,15468,28575,31947,31209,30938,25632,32767,32767,32767,32767,32767,2535.0,17900.0
1868.0,2183.0,15468,28575,31521,30743,29889,25632,32767,32767,32767,32767,32767,2723.0,17900.0
1726.0,1816.0,13697,25739,28080,27498,26312,25792,32767,32767,32767,32767,32767,2371.0,17900.0
1745.0,1705.0,13697,25739,28080,27498,27860,25792,32767,32767,32767,32767,32767,2925.0,17900.0
1559.0,1683.0,14001,25739,28499,27956,26828,25792,32767,32767,32767,32767,32767,2156.0,17900.0
1615.0,1816.0,14306,26135,28499,28873,28376,25792,32767,32767,32767,32767,32767,2433.0,17900.0
1578.0,1772.0,13393,26135,28918,27956,27344,25792,32767,32767,32767,32767,32767,2125.0,17900.0
1596.0,1705.0,13849,26531,28918,28414,28376,25792,32767,32767,32767,32767,32767,2094.0,17900.0
1615.0,1816.0,14458,26926,29756,27956,28376,25792,32767,32767,32767,32767,32767,2309.0,17900.0
1652.0,1949.0,15067,27322,29337,28873,28376,25792,32767,32767,32767,32767,32767,2525.0,17900.0
1671.0,1860.0,14306,27322,29337,28414,28376,25792,32767,32767,32767,32767,32767,2371.0,17900.0
1596.0,1794.0,14915,27718,29756,28873,29407,25792,32767,32767,32767,32767,32767,2279.0,17900.0
1924.0,2093.0,12683,24951,27686,30275,30936,26213,32767,32767,32767,32767,32767,2441.0,17900.0
2132.0,2183.0,13147,25354,27260,29344,30412,26213,32767,32767,32767,32767,32767,2472.0,17900.0
1868.0,1936.0,13302,25756,28538,30275,29887,26213,32767,32767,32767,32767,32767,2410.0,17900.0
1849.0,1913.0,14385,26963,30242,30275,30936,26213,32767,32767,32767,32767,32767,2660.0,17900.0
1905.0,1981.0,14385,27768,31946,31673,30936,26213,32767,32767,32767,32767,32767,2410.0,17900.0
2151.0,2273.0,14695,25355,28114,30277,30938,26214,32767,32767,32767,32767,32767,2660.0,17900.0
1717.0,1778.0,13767,25758,28966,29345,28316,26214,32767,32767,32767,32767,32767,2316.0,17900.0
1906.0,2138.0,15004,28172,30669,31674,29889,26214,32767,32767,32767,32767,32767,2723.0,17900.0
1887.0,2161.0,15778,28977,31521,30743,30938,26214,32767,32767,32767,32767,32767,2692.0,17900.0
1943.0,2206.0,16242,28977,31947,32140,31986,26214,32767,32767,32767,32767,32767,2785.0,17900.0
1792.0,1823.0,15623,29380,32767,32140,32511,26214,32767,32767,32767,32767,32767,2222.0,17900.0
1868.0,2116.0,17170,29782,32767,32140,31462,26214,32767,32767,32767,32767,32767,2692.0,17900.0
2056.0,2116.0,15932,30587,32373,32767,32767,26214,32767,32767,32767,32767,32767,2566.0,17900.0
1856.0,1882.0,12175,24551,26823,27956,27344,26365,32767,32767,32767,32767,32767,2371.0,17900.0
1392.0,1307.0,12936,24947,27242,27040,26828,26365,32767,32767,32767,32767,32767,2771.0,17900.0
1522.0,1683.0,14001,25739,28918,28414,27860,26365,32767,32767,32767,32767,32767,2433.0,17900.0
1634.0,1882.0,14001,26135,28499,27498,27344,26365,32767,32767,32767,32767,32767,2525.0,17900.0
1615.0,1661.0,14154,26531,28918,28873,28376,26365,32767,32767,32767,32767,32767,2494.0,17900.0
1745.0,1927.0,14154,26531,29337,29331,29407,26365,32767,32767,32767,32767,32767,2556.0,17900.0
1522.0,1750.0,14306,26531,28918,28873,28376,26365,32767,32767,32767,32767,32767,2340.0,17900.0
1578.0,1705.0,14001,26531,29756,28873,29923,26365,32767,32767,32767,32767,32767,2248.0,17900.0
1634.0,1838.0,14762,26531,29756,28414,28376,26365,32767,32767,32767,32767,32767,2494.0,17900.0
1504.0,1594.0,14154,26926,29756,29331,28376,26365,32767,32767,32767,32767,32767,2156.0,17900.0
1708.0,1860.0,14458,26926,29337,29789,29923,26365,32767,32767,32767,32767,32767,2402.0,17900.0
1782.0,1882.0,14610,27322,30175,29789,29407,26365,32767,32767,32767,32767,32767,2587.0,17900.0
1615.0,1816.0,14306,27322,30175,30248,29407,26365,32767,32767,32767,32767,32767,2371.0,17900.0
1615.0,1794.0,14306,27322,28918,28873,28892,26365,32767,32767,32767,32767,32767,2309.0,17900.0
1596.0,1816.0,14610,27718,30594,29331,29407,26365,32767,32767,32767,32767,32767,2279.0,17900.0
1689.0,1838.0,14762,28114,30175,29331,29923,26365,32767,32767,32767,32767,32767,2463.0,17900.0
1689.0,2015.0,15523,29302,32271,32081,31471,26365,32767,32767,32767,32767,32767,2494.0,17900.0
2188.0,1981.0,12064,22537,24279,27481,28314,26795,32767,32767,32767,32767,32767,3192.0,17900.0
1792.0,1913.0,13147,26963,28538,31207,31460,26795,32767,32767,32767,32767,32767,2347.0,17900.0
2037.0,2003.0,16086,27768,30242,32604,32767,26795,32767,32767,32767,32767,32767,3067.0,17900.0
1830.0,1913.0,14075,27768,30668,31207,30936,26795,32767,32767,32767,32767,32767,2504.0,17900.0
2245.0,2318.0,15313,29378,32767,32767,32767,26795,32767,32767,32767,32767,32767,2879.0,17900.0
1981.0,2228.0,14849,27770,31521,31674,32511,26797,32767,32767,32767,32767,32767,2472.0,17900.0
1868.0,2026.0,15313,28977,31947,31674,31462,26797,32767,32767,32767,32767,32767,2598.0,17900.0
1868.0,2003.0,15623,29380,32767,32767,32511,26797,32767,32767,32767,32767,32767,2629.0,17900.0
1849.0,1936.0,15468,29380,32767,32140,30938,26797,32767,32767,32767,32767,32767,2472.0,17900.0
1906.0,2228.0,16396,29380,32767,31209,30938,26797,32767,32767,32767,32767,32767,2692.0,17900.0
2038.0,2206.0,15932,29380,32373,31674,31462,26797,32767,32767,32767,32767,32767,2754.0,17900.0
1887.0,2138.0,16242,29782,32373,32140,30938,26797,32767,32767,32767,32767,32767,2629.0,17900.0
1615.0,1750.0,12175,24155,24727,24290,24764,26938,32767,32767,32767,32767,32767,2094.0,17900.0
1522.0,1683.0,14001,26926,28499,27498,28376,26938,32767,32767,32767,32767,32767,2371.0,17900.0
1522.0,1417.0,14915,27322,30594,30248,29923,26938,32767,32767,32767,32767,32767,2587.0,17900.0
1931.0,1882.0,14001,27322,29337,29789,29923,26938,32767,32767,32767,32767,32767,2925.0,17900.0
1559.0,1705.0,15067,27718,31014,29789,30439,26938,32767,32767,32767,32767,32767,2494.0,17900.0
1634.0,1750.0,14610,28114,30594,30706,30439,26938,32767,32767,32767,32767,32767,2679.0,17900.0
1745.0,1971.0,15219,28114,32271,31164,31471,26938,32767,32767,32767,32767,32767,2556.0,17900.0
1652.0,1860.0,14915,28114,31014,30248,30439,26938,32767,32767,32767,32767,32767,2402.0,17900.0
1652.0,1860.0,15067,28114,31433,30706,29923,26938,32767,32767,32767,32767,32767,2340.0,17900.0
1689.0,1794.0,14458,28510,30175,29789,29923,26938,32767,32767,32767,32767,32767,2279.0,17900.0
1689.0,1905.0,15523,29302,32271,31164,30955,26938,32767,32767,32767,32767,32767,2494.0,17900.0
1522.0,1284.0,15219,29698,31014,31623,31471,26938,32767,32767,32767,32767,32767,2956.0,17900.0
2509.0,2408.0,13921,24951,28112,28412,29887,27378,32767,32767,32767,32767,32767,3474.0,17900.0
2094.0,2431.0,13147,26158,28538,32138,31985,27378,32767,32767,32767,32767,32767,2660.0,17900.0
2075.0,2071.0,14075,26561,30242,31673,31985,27378,32767,32767,32767,32767,32767,2629.0,17900.0
1943.0,2071.0,14230,27366,30242,31207,32509,27378,32767,32767,32767,32767,32767,2754.0,17900.0
1830.0,2026.0,13457,27768,31094,32767,32767,27378,32767,32767,32767,32767,32767,2378.0,17900.0
1943.0,2048.0,14539,28171,31520,32604,32767,27378,32767,32767,32767,32767,32767,2504.0,17900.0
1981.0,2116.0,13921,28171,31946,31673,32509,27378,32767,32767,32767,32767,32767,2378.0,17900.0
1906.0,1846.0,10982,26965,29392,31209,32511,27380,32767,32767,32767,32767,32767,1721.0,17900.0
1868.0,2071.0,16551,30185,32767,32767,32767,27380,32767,32767,32767,32767,32767,2754.0,17900.0
1596.0,1772.0,13545,26135,28080,27956,28376,27512,32767,32767,32767,32767,32767,2186.0,17900.0
1559.0,1772.0,14001,26926,29756,28873,28892,27512,32767,32767,32767,32767,32767,2125.0,17900.0
1671.0,1794.0,13849,26926,28918,28414,28376,27512,32767,32767,32767,32767,32767,2125.0,17900.0
1615.0,1705.0,15219,27718,30594,29331,29407,27512,32767,32767,32767,32767,32767,2371.0,17900.0
1671.0,1772.0,15219,27718,31433,31623,31987,27512,32767,32767,32767,32767,32767,2494.0,17900.0
1615.0,1816.0,15219,27718,31014,29331,29923,27512,32767,32767,32767,32767,32767,2494.0,17900.0
1615.0,1949.0,15828,28114,31852,31164,30955,27512,32767,32767,32767,32767,32767,2648.0,17900.0
1522.0,1550.0,14762,28510,31433,31164,31987,27512,32767,32767,32767,32767,32767,1940.0,17900.0
1652.0,1882.0,15219,28510,31433,29789,30439,27512,32767,32767,32767,32767,32767,2371.0,17900.0
1782.0,1927.0,14915,28906,32271,30248,31471,27512,32767,32767,32767,32767,32767,2587.0,17900.0
1522.0,1617.0,14915,28906,31014,30706,30955,27512,32767,32767,32767,32767,32767,2094.0,17900.0
1578.0,1750.0,15523,28906,31852,31623,31471,27512,32767,32767,32767,32767,32767,2309.0,17900.0
1596.0,1772.0,15067,29302,31433,31623,31471,27512,32767,32767,32767,32767,32767,2556.0,17900.0
1708.0,1971.0,15371,29698,32690,32539,31471,27512,32767,32767,32767,32767,32767,2433.0,17900.0
1868.0,2003.0,13766,26963,29816,31207,32509,27960,32767,32767,32767,32767,32767,2472.0,17900.0
2698.0,2521.0,14385,26963,29390,28878,29363,27960,32767,32767,32767,32767,32767,3630.0,17900.0
2000.0,2071.0,15003,27366,30668,32604,32509,27960,32767,32767,32767,32767,32767,2691.0,17900.0
2000.0,2116.0,13457,27768,29816,32604,32509,27960,32767,32767,32767,32767,32767,2441.0,17900.0
2151.0,2296.0,14230,28573,31946,32604,32767,27960,32767,32767,32767,32767,32767,2817.0,17900.0
2094.0,2273.0,14230,29378,31946,32767,32767,27960,32767,32767,32767,32767,32767,2598.0,17900.0
2377.0,2363.0,13767,29782,31521,32140,31986,27962,32767,32767,32767,32767,32767,2660.0,17900.0
1962.0,2251.0,16087,31794,32767,32767,32767,27962,32767,32767,32767,32767,32767,2629.0,17900.0
1559.0,1705.0,13697,26135,28499,28414,28376,28085,32767,32767,32767,32767,32767,2248.0,17900.0
1745.0,1639.0,14458,27322,30175,29331,29407,28085,32767,32767,32767,32767,32767,2864.0,17900.0
1634.0,1750.0,15067,27718,31433,32081,31471,28085,32767,32767,32767,32767,32767,2309.0,17900.0
1634.0,1838.0,14915,27718,31014,30248,29407,28085,32767,32767,32767,32767,32767,2248.0,17900.0
1634.0,1860.0,15067,27718,30594,29789,29407,28085,32767,32767,32767,32767,32767,2279.0,17900.0
1745.0,1683.0,14306,27718,31014,31164,30439,28085,32767,32767,32767,32767,32767,2895.0,17900.0
1763.0,1905.0,14306,28114,31014,31164,30955,28085,32767,32767,32767,32767,32767,2771.0,17900.0
1615.0,1882.0,15523,28114,31433,30248,29407,28085,32767,32767,32767,32767,32767,2525.0,17900.0
1652.0,1838.0,15219,28114,31852,31623,31471,28085,32767,32767,32767,32767,32767,2617.0,17900.0
1596.0,1750.0,14458,28114,31014,30706,29923,28085,32767,32767,32767,32767,32767,2340.0,17900.0
1671.0,1838.0,15371,28510,31852,31164,31471,28085,32767,32767,32767,32767,32767,2279.0,17900.0
1634.0,1750.0,14458,28510,31433,30706,30439,28085,32767,32767,32767,32767,32767,2309.0,17900.0
1745.0,2082.0,15523,28510,31014,29789,30439,28085,32767,32767,32767,32767,32767,2648.0,17900.0
1689.0,1750.0,14610,28510,30594,30706,29407,28085,32767,32767,32767,32767,32767,2617.0,17900.0
1671.0,1860.0,15219,28510,31014,30248,29923,28085,32767,32767,32767,32767,32767,2371.0,17900.0
1708.0,1860.0,15067,28510,32271,30706,30955,28085,32767,32767,32767,32767,32767,2525.0,17900.0
1541.0,1683.0,15067,28906,31852,31164,31471,28085,32767,32767,32767,32767,32767,2125.0,17900.0
1671.0,1727.0,14458,28906,31852,31164,30439,28085,32767,32767,32767,32767,32767,2402.0,17900.0
1596.0,1794.0,15219,28906,31852,31623,31987,28085,32767,32767,32767,32767,32767,2217.0,17900.0
1671.0,1794.0,15067,28906,31852,31623,31987,28085,32767,32767,32767,32767,32767,2309.0,17900.0
1689.0,1905.0,15371,28906,32271,31164,31987,28085,32767,32767,32767,32767,32767,2340.0,17900.0
1652.0,1860.0,15371,29302,31433,31164,31987,28085,32767,32767,32767,32767,32767,2340.0,17900.0
1578.0,1927.0,16132,29302,31433,31164,30955,28085,32767,32767,32767,32767,32767,2648.0,17900.0
1615.0,1750.0,15371,29302,32271,32081,32503,28085,32767,32767,32767,32767,32767,2279.0,17900.0
1726.0,1860.0,15828,29302,32271,32081,31987,28085,32767,32767,32767,32767,32767,2741.0,17900.0
1745.0,2104.0,16436,30094,32767,32081,31471,28085,32767,32767,32767,32767,32767,2617.0,17900.0
1578.0,1683.0,15371,30094,32271,32081,32767,28085,32767,32767,32767,32767,32767,2279.0,17900.0
1671.0,1905.0,15676,30490,32690,32767,31987,28085,32767,32767,32767,32767,32767,2371.0,17900.0
2151.0,1913.0,13921,24951,27260,29810,31985,28543,32767,32767,32767,32767,32767,3067.0,17900.0
2056.0,2251.0,16706,31794,32767,32767,32767,28545,32767,32767,32767,32767,32767,2848.0,17900.0
1924.0,2161.0,17015,32767,32767,32767,32767,28545,32767,32767,32767,32767,32767,2598.0,17900.0
1652.0,1794.0,15219,28114,31852,31164,31471,28658,32767,32767,32767,32767,32767,2494.0,17900.0
1634.0,1816.0,15219,28114,31014,31164,31471,28658,32767,32767,32767,32767,32767,2309.0,17900.0
1689.0,1772.0,14458,28114,31014,30706,30955,28658,32767,32767,32767,32767,32767,2463.0,17900.0
1782.0,1971.0,15219,28510,32271,31164,31471,28658,32767,32767,32767,32767,32767,2587.0,17900.0
1596.0,1816.0,15523,28510,31852,30706,30439,28658,32767,32767,32767,32767,32767,2340.0,17900.0
1968.0,2170.0,14458,28906,31433,29789,31987,28658,32767,32767,32767,32767,32767,2741.0,17900.0
1578.0,1750.0,15219,28906,31433,30706,30955,28658,32767,32767,32767,32767,32767,2248.0,17900.0
1634.0,1772.0,15676,29302,32767,32767,32767,28658,32767,32767,32767,32767,32767,2309.0,17900.0
1745.0,1772.0,15219,29698,32271,31623,32503,28658,32767,32767,32767,32767,32767,2741.0,17900.0
1708.0,1794.0,15828,29698,32767,32767,32767,28658,32767,32767,32767,32767,32767,2186.0,17900.0
1596.0,1617.0,15828,29698,32767,32767,32767,28658,32767,32767,32767,32767,32767,2063.0,17900.0
1763.0,1949.0,15371,30094,32271,31164,31471,28658,32767,32767,32767,32767,32767,2741.0,17900.0
1981.0,2161.0,13766,29378,32371,32767,32767,29126,32767,32767,32767,32767,32767,2754.0,17900.0
2038.0,2251.0,16706,30990,32767,32767,32767,29127,32767,32767,32767,32767,32767,2879.0,17900.0
1792.0,1936.0,16706,32197,32767,32767,32767,29127,32767,32767,32767,32767,32767,2285.0,17900.0
1634.0,1750.0,15067,28510,31014,31164,31987,29231,32767,32767,32767,32767,32767,2463.0,17900.0
1578.0,1705.0,15219,28510,31852,32081,30955,29231,32767,32767,32767,32767,32767,2125.0,17900.0
2098.0,2170.0,15371,28510,31852,31164,31987,29231,32767,32767,32767,32767,32767,3233.0,17900.0
1708.0,1838.0,15067,28906,32271,32539,32503,29231,32767,32767,32767,32767,32767,2587.0,17900.0
1596.0,1816.0,15676,28906,32271,30706,31471,29231,32767,32767,32767,32767,32767,2309.0,17900.0
1671.0,1860.0,15523,28906,31433,30706,31987,29231,32767,32767,32767,32767,32767,2340.0,17900.0
1782.0,1949.0,14762,29302,31852,31164,32767,29231,32767,32767,32767,32767,32767,2587.0,17900.0
1782.0,1882.0,15371,29302,32767,32081,32767,29231,32767,32767,32767,32767,32767,2494.0,17900.0
1856.0,2015.0,15371,29698,32690,32767,32767,29231,32767,32767,32767,32767,32767,2925.0,17900.0
1726.0,1927.0,15523,29698,32767,32081,32767,29231,32767,32767,32767,32767,32767,2525.0,17900.0
1745.0,2015.0,15828,29698,32690,32081,31987,29231,32767,32767,32767,32767,32767,2402.0,17900.0
1708.0,1927.0,15828,29698,32767,32539,32767,29231,32767,32767,32767,32767,32767,2463.0,17900.0
1726.0,1971.0,15523,29698,32767,32767,32767,29231,32767,32767,32767,32767,32767,2525.0,17900.0
1652.0,1750.0,15371,29698,32271,32539,32767,29231,32767,32767,32767,32767,32767,2648.0,17900.0
1745.0,2015.0,16132,30094,32767,32767,32767,29231,32767,32767,32767,32767,32767,2679.0,17900.0
1634.0,1838.0,15676,30094,32767,32081,32767,29231,32767,32767,32767,32767,32767,2463.0,17900.0
1634.0,1750.0,15523,30094,32271,32767,32767,29231,32767,32767,32767,32767,32767,2156.0,17900.0
1559.0,1617.0,15067,30094,32690,32767,32767,29231,32767,32767,32767,32767,32767,2063.0,17900.0
1634.0,1661.0,15828,30490,32767,32767,32767,29231,32767,32767,32767,32767,32767,2186.0,17900.0
1763.0,1993.0,15067,30490,32767,32767,32767,29231,32767,32767,32767,32767,32767,2340.0,17900.0
1652.0,1528.0,15828,30490,31852,32767,32767,29231,32767,32767,32767,32767,32767,3172.0,17900.0
1726.0,1993.0,16589,30886,32767,32767,32767,29231,32767,32767,32767,32767,32767,2494.0,17900.0
1726.0,1705.0,16436,31678,32767,32767,32767,29231,32767,32767,32767,32767,32767,2587.0,17900.0
1924.0,2003.0,14230,30183,32767,32767,32767,29708,32767,32767,32767,32767,32767,2754.0,17900.0
1652.0,1860.0,15523,29302,32271,31164,31471,29804,32767,32767,32767,32767,32767,2433.0,17900.0
1931.0,2215.0,15371,29698,31852,31623,32503,29804,32767,32767,32767,32767,32767,2771.0,17900.0
1782.0,2126.0,15828,30094,32767,32767,32767,29804,32767,32767,32767,32767,32767,2525.0,17900.0
1838.0,2060.0,15067,30490,32767,32767,32767,29804,32767,32767,32767,32767,32767,2648.0,17900.0
1652.0,1860.0,16436,30490,32767,32767,32767,29804,32767,32767,32767,32767,32767,2371.0,17900.0
1708.0,1993.0,16132,30490,32767,32767,32767,29804,32767,32767,32767,32767,32767,2587.0,17900.0
1689.0,1927.0,16284,30490,32767,32767,32767,29804,32767,32767,32767,32767,32767,2463.0,17900.0
1689.0,1794.0,15371,30490,32271,32767,32767,29804,32767,32767,32767,32767,32767,2309.0,17900.0
1782.0,1971.0,15676,30490,32767,32081,31987,29804,32767,32767,32767,32767,32767,2556.0,17900.0
1671.0,1860.0,16589,30886,32767,32767,32767,29804,32767,32767,32767,32767,32767,2186.0,17900.0
1671.0,2015.0,15828,31282,32767,32767,32767,29804,32767,32767,32767,32767,32767,2463.0,17900.0
1763.0,1993.0,16132,31282,32767,32767,32767,29804,32767,32767,32767,32767,32767,2463.0,17900.0
1689.0,1816.0,16589,31282,32767,32767,32767,29804,32767,32767,32767,32767,32767,2433.0,17900.0
1856.0,2170.0,16589,31678,32767,32767,32767,29804,32767,32767,32767,32767,32767,2710.0,17900.0
1634.0,1750.0,17045,32470,32767,32767,32767,29804,32767,32767,32767,32767,32767,2217.0,17900.0
2075.0,2228.0,13921,30585,32767,32767,32767,30291,32767,32767,32767,32767,32767,2848.0,17900.0
1634.0,1772.0,14306,28906,32767,32539,32767,30377,32767,32767,32767,32767,32767,2279.0,17900.0
2023.0,2037.0,15828,29698,32690,32767,32767,30377,32767,32767,32767,32767,32767,3172.0,17900.0
1782.0,2037.0,16132,29698,32767,32767,32767,30377,32767,32767,32767,32767,32767,2587.0,17900.0
1801.0,1860.0,15676,29698,31433,32767,32767,30377,32767,32767,32767,32767,32767,2956.0,17900.0
1708.0,1927.0,15980,30094,32767,32767,32767,30377,32767,32767,32767,32767,32767,2402.0,17900.0
1763.0,2015.0,15828,30490,32767,32767,32767,30377,32767,32767,32767,32767,32767,2556.0,17900.0
1763.0,1971.0,16589,30490,32767,32767,32767,30377,32767,32767,32767,32767,32767,2679.0,17900.0
1856.0,2104.0,16741,30886,32767,32767,32767,30377,32767,32767,32767,32767,32767,2556.0,17900.0
1763.0,2015.0,16436,30886,32767,32767,32767,30377,32767,32767,32767,32767,32767,2587.0,17900.0
2060.0,2148.0,15828,31282,32767,32767,32767,30377,32767,32767,32767,32767,32767,3018.0,17900.0
1559.0,1750.0,16436,31282,32767,32767,32767,30377,32767,32767,32767,32767,32767,2248.0,17900.0
1745.0,1971.0,15980,31282,32767,32767,32767,30377,32767,32767,32767,32767,32767,2463.0,17900.0
1596.0,1860.0,16741,31282,32767,32767,32767,30377,32767,32767,32767,32767,32767,2433.0,17900.0
1893.0,2037.0,16436,31678,32767,32767,32767,30377,32767,32767,32767,32767,32767,2587.0,17900.0
1782.0,2037.0,16436,32074,32767,32767,32767,30377,32767,32767,32767,32767,32767,2679.0,17900.0
1448.0,1528.0,16132,30490,32767,32767,32767,30951,32767,32767,32767,32767,32767,2063.0,17900.0
2172.0,2303.0,15828,30490,32767,32767,32767,30951,32767,32767,32767,32767,32767,3202.0,17900.0
1745.0,1971.0,15828,30886,32767,32767,32767,30951,32767,32767,32767,32767,32767,2279.0,17900.0
2079.0,2192.0,15219,30886,32767,32767,32767,30951,32767,32767,32767,32767,32767,2833.0,17900.0
1912.0,2126.0,15676,30886,32767,32767,32767,30951,32767,32767,32767,32767,32767,2864.0,17900.0
1968.0,1905.0,15980,30886,32767,32767,32767,30951,32767,32767,32767,32767,32767,2987.0,17900.0
1875.0,1993.0,16741,31282,32767,32767,32767,30951,32767,32767,32767,32767,32767,3079.0,17900.0
2153.0,2126.0,15980,31282,32767,32767,32767,30951,32767,32767,32767,32767,32767,3141.0,17900.0
1708.0,1794.0,16284,31678,32767,32767,32767,30951,32767,32767,32767,32767,32767,2248.0,17900.0
1726.0,1794.0,14915,31678,32767,32767,32767,30951,32767,32767,32767,32767,32767,1940.0,17900.0
1726.0,1993.0,15980,32074,32767,32767,32767,30951,32767,32767,32767,32767,32767,2494.0,17900.0
1708.0,1949.0,16741,32470,32767,32767,32767,30951,32767,32767,32767,32767,32767,2433.0,17900.0
1615.0,1750.0,16589,32470,32767,32767,32767,30951,32767,32767,32767,32767,32767,2279.0,17900.0
2717.0,2476.0,13457,26963,29816,30275,32767,31456,32767,32767,32767,32767,32767,3411.0,17900.0
2056.0,2183.0,14385,30988,32767,32767,32767,31456,32767,32767,32767,32767,32767,2504.0,17900.0
1912.0,2060.0,14762,30094,32767,32767,32767,31524,32767,32767,32767,32767,32767,2741.0,17900.0
1875.0,2015.0,15067,30490,32767,32767,32767,31524,32767,32767,32767,32767,32767,2771.0,17900.0
1875.0,2015.0,15828,30886,32767,32767,32767,31524,32767,32767,32767,32767,32767,2956.0,17900.0
1838.0,1971.0,16132,31282,32767,32767,32767,31524,32767,32767,32767,32767,32767,2617.0,17900.0
2042.0,2237.0,16589,31678,32767,32767,32767,31524,32767,32767,32767,32767,32767,3110.0,17900.0
1819.0,2104.0,16284,31678,32767,32767,32767,31524,32767,32767,32767,32767,32767,2587.0,17900.0
1968.0,2060.0,15980,31678,32767,32767,32767,31524,32767,32767,32767,32767,32767,2741.0,17900.0
1856.0,2037.0,16741,32470,32767,32767,32767,31524,32767,32767,32767,32767,32767,2648.0,17900.0
1887.0,2048.0,16242,32767,32767,32767,32767,32040,32767,32767,32767,32767,32767,2504.0,17900.0
1986.0,1993.0,13088,26926,30175,29789,31987,32097,32767,32767,32767,32767,32767,2340.0,17900.0
2209.0,2259.0,16132,31678,32767,32767,32767,32097,32767,32767,32767,32767,32767,3049.0,17900.0
1782.0,1838.0,15980,31678,32767,32767,32767,32097,32767,32767,32767,32767,32767,2371.0,17900.0
1763.0,1993.0,16589,32074,32767,32767,32767,32097,32767,32767,32767,32767,32767,2433.0,17900.0
1838.0,2148.0,17045,32767,32767,32767,32767,32097,32767,32767,32767,32767,32767,2617.0,17900.0
1689.0,1949.0,17350,32767,32767,32767,32767,32097,32767,32767,32767,32767,32767,2371.0,17900.0
1671.0,1905.0,17350,32767,32767,32767,32767,32097,32767,32767,32767,32767,32767,2494.0,17900.0
2135.0,2281.0,16436,32767,32767,32767,32767,32097,32767,32767,32767,32767,32767,2925.0,17900.0
1875.0,2148.0,17350,32767,32767,32767,32767,32097,32767,32767,32767,32767,32767,2771.0,17900.0
1875.0,2060.0,17045,32767,32767,32767,32767,32097,32767,32767,32767,32767,32767,2402.0,17900.0
2023.0,2060.0,16284,32767,32767,32767,32767,32097,32767,32767,32767,32767,32767,2895.0,17900.0
2060.0,2170.0,15980,31678,32767,32767,32767,32670,32767,32767,32767,32767,32767,2987.0,17900.0
1931.0,2060.0,16132,32074,32767,32767,32767,32670,32767,32767,32767,32767,32767,2925.0,17900.0
1671.0,1838.0,17197,32767,32767,32767,32767,32670,32767,32767,32767,32767,32767,2433.0,17900.0
1801.0,1949.0,15067,32767,32767,32767,32767,32670,32767,32767,32767,32767,32767,2156.0,17900.0
2042.0,2060.0,13241,28906,31014,32767,32767,32767,32767,32767,32767,32767,32767,2217.0,17900.0
1708.0,1838.0,16741,32470,32767,32767,32767,32767,32767,32767,32767,32767,32767,2309.0,17900.0
2135.0,2215.0,14610,32767,32767,32767,32767,32767,32767,32767,32767,32767,32767,2217.0,17900.0
2079.0,2237.0,16741,32767,32767,32767,32767,32767,32767,32767,32767,32767,32767,2895.0,17900.0
1912.0,2170.0,16589,32767,32767,32767,32767,32767,32767,32767,32767,32767,32767,2587.0,17900.0
2116.0,2148.0,18111,32767,32767,32767,32767,32767,32767,32767,32767,32767,32767,3449.0,17900.0
2098.0,2215.0,16741,32767,32767,32767,32767,32767,32767,32767,32767,32767,32767,3172.0,17900.0
1931.0,2170.0,17654,32767,32767,32767,32767,32767,32767,32767,32767,32767,32767,2741.0,17900.0
1893.0,2148.0,17045,32767,32767,32767,32767,32767,32767,32767,32767,32767,32767,2556.0,17900.0
1912.0,2060.0,16893,32767,32767,32767,32767,32767,32767,32767,32767,32767,32767,2494.0,17900.0
1763.0,1971.0,17502,32767,32767,32767,32767,32767,32767,32767,32767,32767,32767,2309.0,17900.0
1931.0,2082.0,17502,32767,32767,32767,32767,32767,32767,32767,32767,32767,32767,2494.0,17900.0
2228.0,2148.0,16589,32767,32767,32767,32767,32767,32767,32767,32767,32767,32767,3018.0,17900.0
981.0,708.0,7483,10221,10818,563,634,704,32767,32767,32767,32767,32767,2347.0,25000.0
1071.0,713.0,5512,7436,7308,7377,6920,6919,32767,32767,32767,32767,32767,2478.0,25000.0
1096.0,743.0,5103,7967,6746,6762,6920,6919,32767,32767,32767,32767,32767,1404.0,25000.0
1046.0,594.0,5512,7967,8994,7377,7612,7688,32767,32767,32767,32767,32767,2726.0,25000.0
1170.0,713.0,6532,8498,8994,8606,7612,7688,32767,32767,32767,32767,32767,3346.0,25000.0
1096.0,624.0,6124,8498,8432,7991,7612,7688,32767,32767,32767,32767,32767,3676.0,25000.0
996.0,564.0,5512,8498,7870,7377,6920,7688,32767,32767,32767,32767,32767,2437.0,25000.0
1096.0,653.0,6736,9029,8432,8606,6920,7688,32767,32767,32767,32767,32767,3469.0,25000.0
1245.0,802.0,5920,7967,8432,8606,7612,8457,32767,32767,32767,32767,32767,3180.0,25000.0
1120.0,683.0,6328,7967,8432,7377,6920,8457,32767,32767,32767,32767,32767,3469.0,25000.0
1096.0,624.0,6532,8498,8432,7991,6920,8457,32767,32767,32767,32767,32767,3098.0,25000.0
1096.0,683.0,6941,8498,10119,8606,8996,8457,32767,32767,32767,32767,32767,3800.0,25000.0
1145.0,683.0,7145,9029,9557,8606,8304,8457,32767,32767,32767,32767,32767,3593.0,25000.0
1096.0,594.0,7145,9029,10119,9221,8996,8457,32767,32767,32767,32767,32767,3552.0,25000.0
1096.0,653.0,6328,9560,7870,8606,7612,8457,32767,32767,32767,32767,32767,3139.0,25000.0
1096.0,653.0,7145,9560,8994,9221,8304,8457,32767,32767,32767,32767,32767,3346.0,25000.0
1120.0,653.0,7145,9560,10119,8606,8304,8457,32767,32767,32767,32767,32767,3841.0,25000.0
1170.0,683.0,7349,9560,9557,10450,8304,8457,32767,32767,32767,32767,32767,4048.0,25000.0
1195.0,713.0,7349,9560,10119,9836,9688,8457,32767,32767,32767,32767,32767,3676.0,25000.0
1046.0,594.0,6124,7436,7308,7991,6920,9225,32767,32767,32767,32767,32767,3222.0,25000.0
1245.0,802.0,7553,9560,10681,10450,9688,9225,32767,32767,32767,32767,32767,3676.0,25000.0
1145.0,653.0,6941,10092,9557,9221,8996,9225,32767,32767,32767,32767,32767,3759.0,25000.0
1120.0,624.0,7553,10092,10681,10450,8996,9225,32767,32767,32767,32767,32767,4502.0,25000.0
981.0,681.0,7483,9734,10818,9013,8244,9863,32767,32767,32767,32767,32767,2574.0,25000.0
981.0,681.0,7108,10221,10818,9576,9512,9863,32767,32767,32767,32767,32767,2649.0,25000.0
1050.0,681.0,7674,10227,11340,10145,10152,9869,32767,32767,32767,32767,32767,2689.0,25000.0
1170.0,772.0,7145,10092,10119,9836,8304,9994,32767,32767,32767,32767,32767,4254.0,25000.0
1195.0,743.0,7961,10092,10681,9836,9688,9994,32767,32767,32767,32767,32767,4089.0,25000.0
1220.0,743.0,8165,10623,11243,10450,9688,9994,32767,32767,32767,32767,32767,4130.0,25000.0
1295.0,861.0,8574,11154,11805,12294,10380,9994,32767,32767,32767,32767,32767,3800.0,25000.0
910.0,584.0,6885,8957,10533,9791,9077,10084,32767,32767,32767,32767,32767,2399.0,25000.0
886.0,612.0,6885,9455,10007,9791,8428,10084,32767,32767,32767,32767,32767,2438.0,25000.0
910.0,584.0,6885,9455,9480,9215,9077,10084,32767,32767,32767,32767,32767,2515.0,25000.0
1073.0,735.0,7487,9740,11340,10145,9518,10573,32767,32767,32767,32767,32767,2613.0,25000.0
1073.0,735.0,7674,10714,11855,11273,10787,10573,32767,32767,32767,32767,32767,2651.0,25000.0
1050.0,735.0,7674,10714,11340,11273,10152,10573,32767,32767,32767,32767,32767,2651.0,25000.0
1050.0,763.0,7674,11201,11855,10709,10152,10573,32767,32767,32767,32767,32767,2348.0,25000.0
1220.0,743.0,8982,12747,15178,13524,11764,10763,32767,32767,32767,32767,32767,3924.0,25000.0
933.0,612.0,6885,8957,10533,9215,9725,10804,32767,32767,32767,32767,32767,2360.0,25000.0
956.0,640.0,7268,10450,11587,9791,9725,10804,32767,32767,32767,32767,32767,2399.0,25000.0
1096.0,779.0,6311,10947,11060,10367,10373,10804,32767,32767,32767,32767,32767,2244.0,25000.0
1026.0,668.0,7650,10947,12113,10943,11022,10804,32767,32767,32767,32767,32767,2360.0,25000.0
956.0,612.0,6885,10947,10007,9791,9725,10804,32767,32767,32767,32767,32767,2477.0,25000.0
1003.0,696.0,7841,10947,11060,10367,11022,10804,32767,32767,32767,32767,32767,2399.0,25000.0
961.0,615.0,7493,9998,11111,10993,9770,10854,32767,32767,32767,32767,32767,2410.0,25000.0
961.0,671.0,7685,10498,12169,11571,10421,10854,32767,32767,32767,32767,32767,2332.0,25000.0
984.0,643.0,7877,10998,11640,9836,11072,10854,32767,32767,32767,32767,32767,2566.0,25000.0
984.0,699.0,7877,11498,12169,10993,11072,10854,32767,32767,32767,32767,32767,2643.0,25000.0
1073.0,763.0,7674,10714,11855,10709,10787,11278,32767,32767,32767,32767,32767,2462.0,25000.0
1027.0,735.0,7674,10714,11340,10145,10152,11278,32767,32767,32767,32767,32767,2651.0,25000.0
1096.0,735.0,7674,10714,11340,10709,11421,11278,32767,32767,32767,32767,32767,2802.0,25000.0
1050.0,708.0,7674,10714,10824,10709,10152,11278,32767,32767,32767,32767,32767,2727.0,25000.0
1073.0,735.0,7674,11201,11855,10145,10152,11278,32767,32767,32767,32767,32767,2537.0,25000.0
1073.0,763.0,7861,11201,11855,10709,10787,11278,32767,32767,32767,32767,32767,2537.0,25000.0
1119.0,790.0,8048,11688,11855,11836,11421,11278,32767,32767,32767,32767,32767,2613.0,25000.0
1105.0,769.0,8306,12279,12996,11937,11519,11375,32767,32767,32767,32767,32767,2483.0,25000.0
1017.0,690.0,7394,10853,10964,10277,10284,11424,32767,32767,32767,32767,32767,2532.0,25000.0
1087.0,772.0,8342,11346,12531,12561,11569,11424,32767,32767,32767,32767,32767,2724.0,25000.0
1064.0,800.0,7773,11346,12009,10848,11569,11424,32767,32767,32767,32767,32767,2378.0,25000.0
1087.0,745.0,8342,11839,12531,11990,11569,11424,32767,32767,32767,32767,32767,2532.0,25000.0
980.0,696.0,8033,11445,13167,11518,11670,11524,32767,32767,32767,32767,32767,2167.0,25000.0
937.0,671.0,7685,11498,11640,10993,11072,11577,32767,32767,32767,32767,32767,2488.0,25000.0
1027.0,762.0,7670,10708,11333,10703,10780,11976,32767,32767,32767,32767,32767,2460.0,25000.0
1027.0,762.0,8044,10708,12363,11830,10780,11976,32767,32767,32767,32767,32767,2498.0,25000.0
1004.0,762.0,7857,11194,11333,11266,10780,11976,32767,32767,32767,32767,32767,2385.0,25000.0
1027.0,898.0,8231,12168,12363,11830,12049,11976,32767,32767,32767,32767,32767,2309.0,25000.0
1027.0,762.0,7857,12655,12879,12956,12049,11976,32767,32767,32767,32767,32767,2309.0,25000.0
1050.0,708.0,7674,10227,11340,10709,10152,11983,32767,32767,32767,32767,32767,2613.0,25000.0
1073.0,763.0,7674,10714,10824,11273,10787,11983,32767,32767,32767,32767,32767,2727.0,25000.0
1096.0,790.0,7861,11201,11855,11273,10152,11983,32767,32767,32767,32767,32767,2499.0,25000.0
1096.0,872.0,8235,11201,12886,11836,11421,11983,32767,32767,32767,32767,32767,2462.0,25000.0
1073.0,735.0,7487,11201,10824,10709,9518,11983,32767,32767,32767,32767,32767,2537.0,25000.0
1073.0,708.0,7487,11688,11855,11273,10787,11983,32767,32767,32767,32767,32767,2689.0,25000.0
1119.0,763.0,8235,11688,12370,11836,12056,11983,32767,32767,32767,32767,32767,2613.0,25000.0
1096.0,817.0,8235,11688,11855,11273,10787,11983,32767,32767,32767,32767,32767,2613.0,25000.0
1119.0,763.0,7674,11688,11340,11836,10787,11983,32767,32767,32767,32767,32767,2651.0,25000.0
1141.0,817.0,8048,11688,12886,11836,12056,11983,32767,32767,32767,32767,32767,2499.0,25000.0
1105.0,797.0,7928,11296,12476,11369,10879,12086,32767,32767,32767,32767,32767,2635.0,25000.0
1128.0,797.0,8117,11788,11956,11369,11519,12086,32767,32767,32767,32767,32767,2559.0,25000.0
1105.0,769.0,8495,11788,12996,11369,11519,12086,32767,32767,32767,32767,32767,2521.0,25000.0
1174.0,879.0,8306,12279,13516,12506,12798,12086,32767,32767,32767,32767,32767,2635.0,25000.0
1105.0,824.0,8683,12770,14036,13074,12159,12086,32767,32767,32767,32767,32767,2368.0,25000.0
1087.0,800.0,8153,11346,11486,11990,11569,12139,32767,32767,32767,32767,32767,2609.0,25000.0
1156.0,772.0,8721,12826,13053,12561,11569,12139,32767,32767,32767,32767,32767,2685.0,25000.0
1003.0,724.0,7459,10450,11587,10943,10373,12245,32767,32767,32767,32767,32767,2322.0,25000.0
933.0,640.0,7076,10947,10533,10367,10373,12245,32767,32767,32767,32767,32767,2012.0,25000.0
956.0,640.0,7650,10947,11587,10943,10373,12245,32767,32767,32767,32767,32767,2360.0,25000.0
1003.0,724.0,8033,11445,12640,12094,11022,12245,32767,32767,32767,32767,32767,2244.0,25000.0
1003.0,696.0,8033,11445,11587,11518,11022,12245,32767,32767,32767,32767,32767,2554.0,25000.0
956.0,696.0,7650,11445,12640,11518,11022,12245,32767,32767,32767,32767,32767,2012.0,25000.0
1003.0,696.0,7841,11943,12113,11518,11022,12245,32767,32767,32767,32767,32767,2399.0,25000.0
1003.0,724.0,8033,11943,12113,12094,11670,12245,32767,32767,32767,32767,32767,2322.0,25000.0
1003.0,724.0,8033,12440,12640,13246,11670,12245,32767,32767,32767,32767,32767,2360.0,25000.0
956.0,668.0,8224,12440,12640,12670,11670,12245,32767,32767,32767,32767,32767,2515.0,25000.0
1026.0,807.0,8606,12938,14220,13246,12318,12245,32767,32767,32767,32767,32767,2206.0,25000.0
984.0,699.0,7685,10998,11640,11571,11724,12301,32767,32767,32767,32767,32767,2255.0,25000.0
1055.0,755.0,8262,11498,12698,12150,11072,12301,32767,32767,32767,32767,32767,2721.0,25000.0
1031.0,699.0,8454,11498,13756,12729,11724,12301,32767,32767,32767,32767,32767,2294.0,25000.0
1008.0,699.0,8069,11997,13227,12150,11724,12301,32767,32767,32767,32767,32767,2488.0,25000.0
1008.0,671.0,8069,11997,12169,11571,11724,12301,32767,32767,32767,32767,32767,2643.0,25000.0
1320.0,861.0,7961,12216,14616,11680,11072,12301,32767,32767,32767,32767,32767,3800.0,25000.0
1008.0,699.0,8069,12497,12169,11571,11072,12301,32767,32767,32767,32767,32767,2332.0,25000.0
981.0,735.0,7483,10708,11333,10703,10780,12681,32767,32767,32767,32767,32767,2309.0,25000.0
1096.0,763.0,7861,11688,12370,11273,10787,12688,32767,32767,32767,32767,32767,2575.0,25000.0
1073.0,790.0,7861,11688,12370,10709,12690,12688,32767,32767,32767,32767,32767,2462.0,25000.0
1141.0,763.0,8235,11688,11855,10709,11421,12688,32767,32767,32767,32767,32767,2878.0,25000.0
1073.0,790.0,8235,11688,11855,10709,11421,12688,32767,32767,32767,32767,32767,2727.0,25000.0
1096.0,872.0,8423,12662,13917,12964,12056,12688,32767,32767,32767,32767,32767,2197.0,25000.0
1141.0,844.0,8423,12662,12886,11836,12690,12688,32767,32767,32767,32767,32767,2651.0,25000.0
1187.0,872.0,8797,12662,14432,12964,12690,12688,32767,32767,32767,32767,32767,2840.0,25000.0
1141.0,872.0,8797,12662,13401,13527,12690,12688,32767,32767,32767,32767,32767,2499.0,25000.0
1141.0,817.0,8984,14123,14948,14655,13959,12688,32767,32767,32767,32767,32767,2537.0,25000.0
1105.0,879.0,7362,10805,12476,11937,10879,12797,32767,32767,32767,32767,32767,1986.0,25000.0
1105.0,797.0,8306,12770,13516,12506,11519,12797,32767,32767,32767,32767,32767,2292.0,25000.0
1059.0,797.0,7551,12770,13516,11937,12159,12797,32767,32767,32767,32767,32767,2330.0,25000.0
1082.0,797.0,7740,12770,13516,12506,12159,12797,32767,32767,32767,32767,32767,2024.0,25000.0
1151.0,824.0,8683,14243,14555,14211,12798,12797,32767,32767,32767,32767,32767,2330.0,25000.0
1017.0,690.0,7584,10853,10964,10277,10284,12853,32767,32767,32767,32767,32767,2493.0,25000.0
1087.0,772.0,7963,11839,12009,12561,11569,12853,32767,32767,32767,32767,32767,2532.0,25000.0
1133.0,910.0,8153,11839,13053,13132,12212,12853,32767,32767,32767,32767,32767,2493.0,25000.0
1087.0,745.0,8153,11839,12009,11990,10926,12853,32767,32767,32767,32767,32767,2570.0,25000.0
1087.0,745.0,8532,12333,13575,11990,11569,12853,32767,32767,32767,32767,32767,2724.0,25000.0
1087.0,800.0,8153,12333,13575,13132,12212,12853,32767,32767,32767,32767,32767,2263.0,25000.0
1156.0,855.0,8911,12333,14097,12561,13497,12853,32767,32767,32767,32767,32767,2647.0,25000.0
1110.0,938.0,9101,13319,14619,13702,13497,12853,32767,32767,32767,32767,32767,2225.0,25000.0
1110.0,855.0,9290,13812,15141,13702,14140,12853,32767,32767,32767,32767,32767,2570.0,25000.0
1156.0,800.0,8342,13812,13575,13132,12854,12853,32767,32767,32767,32767,32767,2570.0,25000.0
1073.0,835.0,8224,11445,13167,12670,11670,12965,32767,32767,32767,32767,32767,2438.0,25000.0
1026.0,724.0,8606,11445,12640,12094,11670,12965,32767,32767,32767,32767,32767,2670.0,25000.0
980.0,668.0,7841,11943,12640,11518,11022,12965,32767,32767,32767,32767,32767,2360.0,25000.0
1073.0,807.0,8224,11943,13693,13246,12318,12965,32767,32767,32767,32767,32767,2322.0,25000.0
980.0,696.0,8033,11943,12640,11518,12318,12965,32767,32767,32767,32767,32767,2477.0,25000.0
1026.0,751.0,8415,12440,12113,12670,11670,12965,32767,32767,32767,32767,32767,2747.0,25000.0
1003.0,696.0,8033,12938,12640,12094,12318,12965,32767,32767,32767,32767,32767,2244.0,25000.0
1003.0,724.0,8415,13435,13693,13822,12967,12965,32767,32767,32767,32767,32767,2322.0,25000.0
1406.0,895.0,9030,12997,13756,13307,11072,13024,32767,32767,32767,32767,32767,4354.0,25000.0
1320.0,861.0,9390,12747,14616,13524,14532,13069,32767,32767,32767,32767,32767,3759.0,25000.0
1050.0,844.0,8792,13141,14424,14083,13317,13385,32767,32767,32767,32767,32767,2385.0,25000.0
1095.0,871.0,9353,13628,14939,14646,13951,13385,32767,32767,32767,32767,32767,2536.0,25000.0
1141.0,817.0,8048,12662,12886,12400,11421,13393,32767,32767,32767,32767,32767,2651.0,25000.0
1073.0,763.0,8610,12662,12886,12400,12690,13393,32767,32767,32767,32767,32767,2499.0,25000.0
1119.0,926.0,8610,13149,13401,12964,12690,13393,32767,32767,32767,32767,32767,2348.0,25000.0
1119.0,872.0,8797,13636,14432,12964,13959,13393,32767,32767,32767,32767,32767,2234.0,25000.0
1164.0,953.0,9733,14123,15978,15218,15863,13393,32767,32767,32767,32767,32767,2916.0,25000.0
1233.0,953.0,9546,14610,15463,15782,14594,13393,32767,32767,32767,32767,32767,2651.0,25000.0
1174.0,961.0,8495,11788,14036,11937,12798,13507,32767,32767,32767,32767,32767,2635.0,25000.0
1128.0,906.0,8117,12770,12996,12506,12798,13507,32767,32767,32767,32767,32767,2368.0,25000.0
1128.0,852.0,8683,12770,14555,13643,12159,13507,32767,32767,32767,32767,32767,2406.0,25000.0
1105.0,852.0,8306,12770,14036,12506,12159,13507,32767,32767,32767,32767,32767,2292.0,25000.0
1243.0,879.0,8683,13752,14555,13643,11519,13507,32767,32767,32767,32767,32767,2750.0,25000.0
1197.0,961.0,9250,13752,15075,14211,14078,13507,32767,32767,32767,32767,32767,2483.0,25000.0
1128.0,879.0,9061,14243,14036,14211,13438,13507,32767,32767,32767,32767,32767,2139.0,25000.0
1243.0,989.0,9250,14735,15595,14211,14718,13507,32767,32767,32767,32767,32767,2368.0,25000.0
1110.0,772.0,8532,12333,13575,11990,11569,13567,32767,32767,32767,32767,32767,2570.0,25000.0
1133.0,883.0,9101,13319,14619,13132,12854,13567,32767,32767,32767,32767,32767,2609.0,25000.0
1156.0,828.0,8721,13319,14097,14273,14140,13567,32767,32767,32767,32767,32767,2493.0,25000.0
1179.0,938.0,8532,13319,14619,14273,14140,13567,32767,32767,32767,32767,32767,2877.0,25000.0
1156.0,910.0,8911,13319,14097,14273,12854,13567,32767,32767,32767,32767,32767,2493.0,25000.0
1133.0,800.0,8721,13319,13575,14844,14140,13567,32767,32767,32767,32767,32767,2455.0,25000.0
1110.0,938.0,8721,13812,14619,12561,12854,13567,32767,32767,32767,32767,32767,2263.0,25000.0
1110.0,883.0,9101,13812,14619,13702,12854,13567,32767,32767,32767,32767,32767,2378.0,25000.0
1156.0,910.0,8532,13812,14097,12561,12212,13567,32767,32767,32767,32767,32767,2263.0,25000.0
1226.0,966.0,9480,14306,14097,13702,14140,13567,32767,32767,32767,32767,32767,3107.0,25000.0
1003.0,724.0,8798,12440,13167,13822,13615,13685,32767,32767,32767,32767,32767,2709.0,25000.0
1073.0,835.0,8415,12938,13693,13246,12967,13685,32767,32767,32767,32767,32767,2399.0,25000.0
1073.0,807.0,9180,13933,14747,14974,13615,13685,32767,32767,32767,32767,32767,2515.0,25000.0
1141.0,844.0,8984,13149,13401,13527,12056,14098,32767,32767,32767,32767,32767,2727.0,25000.0
1164.0,899.0,8423,13636,14948,14655,15228,14098,32767,32767,32767,32767,32767,2462.0,25000.0
1164.0,980.0,9171,13636,14948,12964,13959,14098,32767,32767,32767,32767,32767,2424.0,25000.0
1256.0,953.0,8984,14123,14432,14091,13959,14098,32767,32767,32767,32767,32767,2575.0,25000.0
1164.0,872.0,9171,14610,15463,15218,14594,14098,32767,32767,32767,32767,32767,2499.0,25000.0
1164.0,899.0,8797,14610,14432,14091,13959,14098,32767,32767,32767,32767,32767,2727.0,25000.0
1105.0,852.0,7928,12770,14036,12506,12798,14218,32767,32767,32767,32767,32767,2292.0,25000.0
1151.0,934.0,8495,12770,14036,13643,12798,14218,32767,32767,32767,32767,32767,2483.0,25000.0
1174.0,1016.0,9061,13261,14036,14211,13438,14218,32767,32767,32767,32767,32767,2483.0,25000.0
1151.0,961.0,9250,13261,15595,14211,14078,14218,32767,32767,32767,32767,32767,2215.0,25000.0
1128.0,906.0,8872,13261,14036,13074,13438,14218,32767,32767,32767,32767,32767,2444.0,25000.0
1128.0,879.0,8683,13752,15075,13074,13438,14218,32767,32767,32767,32767,32767,2139.0,25000.0
1243.0,1071.0,8117,13752,14036,14211,14718,14218,32767,32767,32767,32767,32767,2062.0,25000.0
1082.0,824.0,8495,13752,15075,14780,14718,14218,32767,32767,32767,32767,32767,2024.0,25000.0
1174.0,961.0,9061,13752,15075,14780,14078,14218,32767,32767,32767,32767,32767,2253.0,25000.0
1128.0,906.0,8872,13752,14555,13643,13438,14218,32767,32767,32767,32767,32767,2444.0,25000.0
1128.0,879.0,9061,13752,14555,13074,13438,14218,32767,32767,32767,32767,32767,2292.0,25000.0
1197.0,934.0,8495,13752,14555,13643,13438,14218,32767,32767,32767,32767,32767,2330.0,25000.0
1036.0,824.0,8683,14243,16115,15917,15358,14218,32767,32767,32767,32767,32767,1719.0,25000.0
1197.0,934.0,8872,14243,15075,13643,13438,14218,32767,32767,32767,32767,32767,2368.0,25000.0
1174.0,934.0,8683,14243,14555,14211,14078,14218,32767,32767,32767,32767,32767,2177.0,25000.0
1174.0,934.0,8683,14243,15075,13643,13438,14218,32767,32767,32767,32767,32767,2215.0,25000.0
1174.0,906.0,9438,14735,14555,14211,14078,14218,32767,32767,32767,32767,32767,2330.0,25000.0
1151.0,906.0,9250,14735,14555,13643,13438,14218,32767,32767,32767,32767,32767,2444.0,25000.0
1266.0,1016.0,9061,15226,16115,14780,14078,14218,32767,32767,32767,32767,32767,2483.0,25000.0
1226.0,993.0,8911,13812,15141,13702,13497,14281,32767,32767,32767,32767,32767,2378.0,25000.0
1133.0,938.0,9480,13812,16185,13702,14783,14281,32767,32767,32767,32767,32767,2263.0,25000.0
1156.0,938.0,9290,14306,15663,14273,13497,14281,32767,32767,32767,32767,32767,2263.0,25000.0
1272.0,1048.0,9480,14799,16185,14844,14783,14281,32767,32767,32767,32767,32767,2378.0,25000.0
1226.0,1021.0,9669,14799,17230,14844,15425,14281,32767,32767,32767,32767,32767,2302.0,25000.0
1120.0,891.0,8989,12938,15273,13246,14263,14405,32767,32767,32767,32767,32767,2438.0,25000.0
1143.0,946.0,8415,13435,14747,13822,14912,14405,32767,32767,32767,32767,32767,2128.0,25000.0
1073.0,835.0,8224,13933,14220,14398,12967,14405,32767,32767,32767,32767,32767,2128.0,25000.0
1190.0,1002.0,8798,13933,14220,13822,13615,14405,32767,32767,32767,32767,32767,2322.0,25000.0
1073.0,807.0,8606,14928,15800,14398,15560,14405,32767,32767,32767,32767,32767,1974.0,25000.0
1166.0,974.0,9180,15426,16327,15550,14912,14405,32767,32767,32767,32767,32767,2360.0,25000.0
1210.0,926.0,8984,13636,15978,14655,13325,14803,32767,32767,32767,32767,32767,2802.0,25000.0
1164.0,872.0,9171,14610,16494,15782,13959,14803,32767,32767,32767,32767,32767,2651.0,25000.0
1233.0,1062.0,9733,14610,16494,14655,14594,14803,32767,32767,32767,32767,32767,2462.0,25000.0
1233.0,980.0,9358,15097,15463,15782,15228,14803,32767,32767,32767,32767,32767,2840.0,25000.0
1187.0,1062.0,9546,15097,15463,15218,14594,14803,32767,32767,32767,32767,32767,2424.0,25000.0
1256.0,1062.0,9358,15097,15978,16345,15228,14803,32767,32767,32767,32767,32767,2234.0,25000.0
1233.0,980.0,9920,16071,17009,16909,15228,14803,32767,32767,32767,32767,32767,2613.0,25000.0
1174.0,989.0,9438,14243,16115,14780,14718,14929,32767,32767,32767,32767,32767,2177.0,25000.0
1174.0,1044.0,9438,14243,16115,14211,14718,14929,32767,32767,32767,32767,32767,2101.0,25000.0
1174.0,1016.0,8683,14243,15595,14211,14718,14929,32767,32767,32767,32767,32767,2215.0,25000.0
1266.0,1044.0,9250,14243,15595,14780,14718,14929,32767,32767,32767,32767,32767,2406.0,25000.0
1243.0,1099.0,9627,14735,15595,15348,15358,14929,32767,32767,32767,32767,32767,2253.0,25000.0
1174.0,934.0,9438,14735,15595,16485,15358,14929,32767,32767,32767,32767,32767,2674.0,25000.0
1243.0,1044.0,9438,14735,17155,16485,14718,14929,32767,32767,32767,32767,32767,2215.0,25000.0
1243.0,961.0,9627,14735,16115,14780,14078,14929,32767,32767,32767,32767,32767,2368.0,25000.0
1174.0,934.0,9438,14735,16115,15917,14718,14929,32767,32767,32767,32767,32767,2368.0,25000.0
1174.0,1016.0,9438,14735,15595,13643,13438,14929,32767,32767,32767,32767,32767,2101.0,25000.0
1174.0,934.0,9250,15226,16115,14780,14718,14929,32767,32767,32767,32767,32767,2330.0,25000.0
1202.0,938.0,9290,13812,15141,13702,14783,14995,32767,32767,32767,32767,32767,2609.0,25000.0
1249.0,1076.0,9290,14799,15663,15415,15425,14995,32767,32767,32767,32767,32767,2110.0,25000.0
1226.0,993.0,9480,14799,16708,15986,15425,14995,32767,32767,32767,32767,32767,2455.0,25000.0
1226.0,1048.0,9669,14799,15663,15986,16068,14995,32767,32767,32767,32767,32767,2072.0,25000.0
1133.0,855.0,10238,14799,17230,15986,16711,14995,32767,32767,32767,32767,32767,2532.0,25000.0
1156.0,966.0,9669,14799,16185,14844,14783,14995,32767,32767,32767,32767,32767,2225.0,25000.0
1202.0,1131.0,10049,16279,17230,16557,15425,14995,32767,32767,32767,32767,32767,2148.0,25000.0
1143.0,946.0,8989,13435,15273,14974,14912,15126,32767,32767,32767,32767,32767,2322.0,25000.0
1073.0,863.0,8989,14431,14747,14398,13615,15126,32767,32767,32767,32767,32767,2244.0,25000.0
1213.0,1002.0,8989,14928,15273,14974,14263,15126,32767,32767,32767,32767,32767,2283.0,25000.0
1213.0,918.0,9181,14432,15275,14976,14265,15127,32767,32767,32767,32767,32767,2554.0,25000.0
1278.0,1143.0,9727,15088,16485,16336,17122,15499,32767,32767,32767,32767,32767,2498.0,25000.0
1255.0,1007.0,9727,30335,32767,16900,17122,15499,32767,32767,32767,32767,32767,2385.0,25000.0
1187.0,953.0,9546,13636,15978,15218,14594,15508,32767,32767,32767,32767,32767,2386.0,25000.0
1233.0,980.0,9358,14610,17009,16909,14594,15508,32767,32767,32767,32767,32767,2537.0,25000.0
1324.0,1144.0,9171,14610,15978,16345,16497,15508,32767,32767,32767,32767,32767,2916.0,25000.0
1278.0,1008.0,9546,15097,16494,15782,15863,15508,32767,32767,32767,32767,32767,2310.0,25000.0
1256.0,1035.0,9733,15097,18040,18036,17132,15508,32767,32767,32767,32767,32767,2765.0,25000.0
1278.0,1226.0,9171,15097,16494,15218,15228,15508,32767,32767,32767,32767,32767,2424.0,25000.0
1210.0,1089.0,9546,15097,15978,16345,15228,15508,32767,32767,32767,32767,32767,2272.0,25000.0
1278.0,1035.0,8984,15097,15978,15782,15228,15508,32767,32767,32767,32767,32767,2272.0,25000.0
1278.0,1144.0,9358,16071,17009,16909,17132,15508,32767,32767,32767,32767,32767,2575.0,25000.0
1301.0,1089.0,10669,16558,17009,16345,17132,15508,32767,32767,32767,32767,32767,2992.0,25000.0
1197.0,934.0,9250,13752,14555,15348,14718,15640,32767,32767,32767,32767,32767,2483.0,25000.0
1404.0,1428.0,8117,13752,14555,14211,14078,15640,32767,32767,32767,32767,32767,2024.0,25000.0
1036.0,714.0,7928,14243,16635,15348,15998,15640,32767,32767,32767,32767,32767,1872.0,25000.0
1174.0,934.0,9438,14243,15595,14211,15358,15640,32767,32767,32767,32767,32767,2368.0,25000.0
1174.0,989.0,10005,14735,17155,15917,15358,15640,32767,32767,32767,32767,32767,2253.0,25000.0
1243.0,961.0,9627,14735,15075,14780,14078,15640,32767,32767,32767,32767,32767,2483.0,25000.0
1266.0,989.0,9627,14735,16115,16485,16638,15640,32767,32767,32767,32767,32767,2788.0,25000.0
1266.0,1016.0,10005,15226,17155,16485,15998,15640,32767,32767,32767,32767,32767,2444.0,25000.0
1197.0,906.0,9816,15226,17155,15917,16638,15640,32767,32767,32767,32767,32767,2406.0,25000.0
1220.0,961.0,10005,15226,17155,15917,15358,15640,32767,32767,32767,32767,32767,2368.0,25000.0
1243.0,1071.0,10005,15717,17155,16485,15358,15640,32767,32767,32767,32767,32767,2483.0,25000.0
1289.0,1071.0,9627,15717,17155,16485,17918,15640,32767,32767,32767,32767,32767,2559.0,25000.0
1151.0,1126.0,10194,15717,17155,16485,16638,15640,32767,32767,32767,32767,32767,2062.0,25000.0
1220.0,961.0,9627,16208,17155,15917,15998,15640,32767,32767,32767,32767,32767,2368.0,25000.0
1174.0,961.0,9438,16208,15595,15917,15358,15640,32767,32767,32767,32767,32767,2330.0,25000.0
1289.0,1099.0,10005,16208,16635,17053,15998,15640,32767,32767,32767,32767,32767,2406.0,25000.0
1289.0,1181.0,10382,16699,17674,16485,17278,15640,32767,32767,32767,32767,32767,2177.0,25000.0
1226.0,1048.0,8911,14306,15663,14273,14783,15709,32767,32767,32767,32767,32767,2340.0,25000.0
1249.0,1048.0,8911,14306,15141,15415,14140,15709,32767,32767,32767,32767,32767,2378.0,25000.0
1179.0,910.0,10238,15786,17230,15986,15425,15709,32767,32767,32767,32767,32767,2570.0,25000.0
1026.0,891.0,9371,14928,15273,14974,15560,15846,32767,32767,32767,32767,32767,2051.0,25000.0
1096.0,891.0,9754,14928,17380,16702,16208,15846,32767,32767,32767,32767,32767,2283.0,25000.0
1187.0,1062.0,9358,13636,14948,14655,13959,16213,32767,32767,32767,32767,32767,2386.0,25000.0
1210.0,953.0,9546,15584,17525,16909,17132,16213,32767,32767,32767,32767,32767,2765.0,25000.0
1256.0,1035.0,10856,16558,17525,16909,15863,16213,32767,32767,32767,32767,32767,2651.0,25000.0
1210.0,1035.0,10482,17045,17009,17473,17132,16213,32767,32767,32767,32767,32767,2386.0,25000.0
1197.0,989.0,9250,14735,16635,16485,15998,16351,32767,32767,32767,32767,32767,2444.0,25000.0
1197.0,1044.0,9627,15226,16115,15917,15998,16351,32767,32767,32767,32767,32767,2330.0,25000.0
1312.0,1126.0,9816,15226,16635,15917,17278,16351,32767,32767,32767,32767,32767,2521.0,25000.0
1266.0,1044.0,9438,15717,16635,15917,14718,16351,32767,32767,32767,32767,32767,2177.0,25000.0
898.0,687.0,9061,15717,17674,16485,17918,16351,32767,32767,32767,32767,32767,1184.0,25000.0
1197.0,961.0,9816,16208,16635,16485,15358,16351,32767,32767,32767,32767,32767,2292.0,25000.0
1266.0,1071.0,10382,16208,18194,17622,15998,16351,32767,32767,32767,32767,32767,2292.0,25000.0
1243.0,1071.0,10005,16699,17674,17622,16638,16351,32767,32767,32767,32767,32767,2101.0,25000.0
1243.0,1099.0,10382,16699,18194,17622,16638,16351,32767,32767,32767,32767,32767,2215.0,25000.0
1312.0,1126.0,10194,16699,17674,17622,16638,16351,32767,32767,32767,32767,32767,2215.0,25000.0
1266.0,1126.0,10194,17190,18714,17622,17278,16351,32767,32767,32767,32767,32767,2139.0,25000.0
1243.0,1209.0,10382,17190,18714,16485,17918,16351,32767,32767,32767,32767,32767,2101.0,25000.0
1260.0,1058.0,8606,14431,15800,14398,14912,16566,32767,32767,32767,32767,32767,2128.0,25000.0
1260.0,1113.0,8989,15923,16853,15550,16857,16566,32767,32767,32767,32767,32767,2128.0,25000.0
1073.0,863.0,9754,15923,17380,16126,15560,16566,32767,32767,32767,32767,32767,2399.0,25000.0
1120.0,891.0,10136,16919,17380,17854,17505,16566,32767,32767,32767,32767,32767,2322.0,25000.0
1101.0,811.0,10375,15497,17460,16200,15632,16642,32767,32767,32767,32767,32767,2838.0,25000.0
1118.0,844.0,9353,17035,32767,19153,19658,16908,32767,32767,32767,32767,32767,1741.0,25000.0
1256.0,1035.0,8797,15097,15978,15782,16497,16918,32767,32767,32767,32767,32767,2575.0,25000.0
1324.0,1062.0,9358,15584,17009,18036,17132,16918,32767,32767,32767,32767,32767,2916.0,25000.0
1233.0,980.0,8984,16071,17009,16909,15863,16918,32767,32767,32767,32767,32767,2121.0,25000.0
1324.0,1144.0,11043,16558,18040,18036,17766,16918,32767,32767,32767,32767,32767,2765.0,25000.0
1347.0,1307.0,10482,17532,19071,18600,17766,16918,32767,32767,32767,32767,32767,2348.0,25000.0
1358.0,1318.0,9816,15226,17155,17622,16638,17062,32767,32767,32767,32767,32767,2215.0,25000.0
1174.0,1016.0,10005,15226,16635,16485,16638,17062,32767,32767,32767,32767,32767,2444.0,25000.0
1335.0,1099.0,10005,15717,17674,17622,16638,17062,32767,32767,32767,32767,32767,2253.0,25000.0
1289.0,1099.0,10194,16699,18714,17053,17918,17062,32767,32767,32767,32767,32767,2253.0,25000.0
1266.0,1154.0,10760,17190,17674,18190,18558,17062,32767,32767,32767,32767,32767,2368.0,25000.0
1220.0,1154.0,10571,17681,18714,18759,18558,17062,32767,32767,32767,32767,32767,2101.0,25000.0
1358.0,1291.0,10571,17681,19234,18190,17278,17062,32767,32767,32767,32767,32767,2292.0,25000.0
1249.0,1186.0,10428,16772,18274,17699,16711,17137,32767,32767,32767,32767,32767,2187.0,25000.0
1446.0,1336.0,9180,15923,17380,17854,18802,17286,32767,32767,32767,32767,32767,2786.0,25000.0
1166.0,1058.0,10136,16421,17907,18430,17505,17286,32767,32767,32767,32767,32767,2593.0,25000.0
1125.0,951.0,10375,16996,19576,19093,19539,17366,32767,32767,32767,32767,32767,2410.0,25000.0
1523.0,1426.0,11143,17996,20634,19093,18888,17366,32767,32767,32767,32767,32767,2877.0,25000.0
1095.0,953.0,9914,15575,17515,19153,18390,17612,32767,32767,32767,32767,32767,1590.0,25000.0
1209.0,1143.0,10663,16062,18545,18589,17122,17612,32767,32767,32767,32767,32767,2271.0,25000.0
1347.0,1117.0,8984,16071,16494,18036,18401,17622,32767,32767,32767,32767,32767,2802.0,25000.0
1210.0,980.0,11043,16558,19071,18036,18401,17622,32767,32767,32767,32767,32767,2575.0,25000.0
1347.0,1117.0,10294,18019,19071,19164,19670,17622,32767,32767,32767,32767,32767,2499.0,25000.0
1289.0,1126.0,10194,16699,18714,19327,18558,17773,32767,32767,32767,32767,32767,2712.0,25000.0
1289.0,961.0,10382,17681,19234,19327,18558,17773,32767,32767,32767,32767,32767,2444.0,25000.0
1312.0,1154.0,10571,17681,19754,19327,19198,17773,32767,32767,32767,32767,32767,2215.0,25000.0
1220.0,1209.0,10571,18173,18714,18759,19198,17773,32767,32767,32767,32767,32767,2139.0,25000.0
1202.0,1214.0,10807,18252,19840,18841,18639,17851,32767,32767,32767,32767,32767,1995.0,25000.0
1610.0,1725.0,9945,15923,17907,19005,19450,18007,32767,32767,32767,32767,32767,2670.0,25000.0
1143.0,974.0,10328,16421,18433,17854,17505,18007,32767,32767,32767,32767,32767,2515.0,25000.0
1306.0,1141.0,10710,17416,20013,18430,18802,18007,32767,32767,32767,32767,32767,3096.0,25000.0
1166.0,946.0,10710,17914,18960,17854,18153,18007,32767,32767,32767,32767,32767,2438.0,25000.0
1213.0,974.0,11093,18412,20013,17278,20747,18007,32767,32767,32767,32767,32767,2167.0,25000.0
1141.0,1062.0,11598,17035,21121,20279,20927,18317,32767,32767,32767,32767,32767,2422.0,25000.0
1369.0,1388.0,10850,18009,19575,18589,19658,18317,32767,32767,32767,32767,32767,2422.0,25000.0
1347.0,1198.0,11230,17532,20617,19727,18401,18327,32767,32767,32767,32767,32767,2424.0,25000.0
1233.0,1089.0,11792,18506,21648,20855,21573,18327,32767,32767,32767,32767,32767,2537.0,25000.0
1484.0,1525.0,11230,18506,20102,20291,20304,18327,32767,32767,32767,32767,32767,2272.0,25000.0
1289.0,1209.0,9061,16699,18714,19327,19838,18484,32767,32767,32767,32767,32767,2024.0,25000.0
1220.0,1044.0,10194,17190,19754,18190,18558,18484,32767,32767,32767,32767,32767,2292.0,25000.0
1312.0,1264.0,10949,18173,19234,19327,19198,18484,32767,32767,32767,32767,32767,2330.0,25000.0
1289.0,1099.0,10760,18664,20274,19327,20478,18484,32767,32767,32767,32767,32767,2330.0,25000.0
1381.0,1318.0,11137,19155,20793,19896,21117,18484,32767,32767,32767,32767,32767,2292.0,25000.0
1451.0,1401.0,11704,20137,22353,21033,20478,18484,32767,32767,32767,32767,32767,2253.0,25000.0
1376.0,1280.0,10901,17416,20013,19581,22043,18727,32767,32767,32767,32767,32767,3057.0,25000.0
1529.0,1470.0,11598,18009,21636,22533,22829,19021,32767,32767,32767,32767,32767,2687.0,25000.0
1530.0,1525.0,11605,18993,20617,21418,19670,19032,32767,32767,32767,32767,32767,2575.0,25000.0
1415.0,1416.0,11230,19967,21648,21418,21573,19032,32767,32767,32767,32767,32767,2348.0,25000.0
1266.0,1126.0,9627,17681,18714,19896,21117,19195,32767,32767,32767,32767,32767,2406.0,25000.0
1404.0,1318.0,10949,18173,19754,19327,19838,19195,32767,32767,32767,32767,32767,2215.0,25000.0
1404.0,1318.0,11326,19155,20793,21033,20478,19195,32767,32767,32767,32767,32767,2292.0,25000.0
1474.0,1511.0,11326,19646,21313,21601,21117,19195,32767,32767,32767,32767,32767,2177.0,25000.0
1507.0,1471.0,11230,19480,21133,20855,22208,19737,32767,32767,32767,32767,32767,2499.0,25000.0
1575.0,1525.0,11792,19967,22164,21418,21573,19737,32767,32767,32767,32767,32767,2462.0,25000.0
1507.0,1471.0,11979,19967,22679,21982,22208,19737,32767,32767,32767,32767,32767,2765.0,25000.0
1220.0,934.0,11515,19646,22353,21033,21117,19906,32767,32767,32767,32767,32767,2406.0,25000.0
1381.0,1209.0,11704,20137,21833,21601,21117,19906,32767,32767,32767,32767,32767,2292.0,25000.0
1364.0,1407.0,11565,19732,21929,21125,22495,19993,32767,32767,32767,32767,32767,2033.0,25000.0
1530.0,1552.0,11979,18993,22164,23109,22842,20442,32767,32767,32767,32767,32767,2234.0,25000.0
1415.0,1253.0,11979,18993,21648,22545,22208,20442,32767,32767,32767,32767,32767,2424.0,25000.0
1712.0,1988.0,11792,19967,22164,21418,22842,20442,32767,32767,32767,32767,32767,2727.0,25000.0
1415.0,1416.0,12540,20454,23194,23673,22208,20442,32767,32767,32767,32767,32767,2689.0,25000.0
1575.0,1552.0,12540,20941,23194,23109,23477,20442,32767,32767,32767,32767,32767,2537.0,25000.0
1427.0,1483.0,12459,21120,23912,22170,23037,20617,32767,32767,32767,32767,32767,2406.0,25000.0
1427.0,1593.0,12081,21611,22873,22738,23037,20617,32767,32767,32767,32767,32767,2215.0,25000.0
1656.0,1670.0,11858,20402,22647,21885,24637,20888,32767,32767,32767,32767,32767,2670.0,25000.0
1195.0,1118.0,11336,19996,23280,20828,22145,20984,32767,32767,32767,32767,32767,1905.0,25000.0
1598.0,1607.0,12353,20941,21648,23109,22842,21147,32767,32767,32767,32767,32767,2537.0,25000.0
1735.0,2043.0,12728,21428,24225,23673,23477,21147,32767,32767,32767,32767,32767,2575.0,25000.0
1347.0,1389.0,11605,21428,23194,23673,24746,21147,32767,32767,32767,32767,32767,2234.0,25000.0
1552.0,1661.0,13289,22889,25256,25364,26015,21147,32767,32767,32767,32767,32767,2348.0,25000.0
1289.0,1236.0,11704,20628,23393,23306,23677,21328,32767,32767,32767,32767,32767,2139.0,25000.0
1497.0,1401.0,12081,21120,22353,22170,21757,21328,32767,32767,32767,32767,32767,2750.0,25000.0
1381.0,1318.0,11704,21120,22353,22170,23037,21328,32767,32767,32767,32767,32767,2139.0,25000.0
1543.0,1428.0,12459,22102,24952,23875,24957,21328,32767,32767,32767,32767,32767,2597.0,25000.0
1757.0,1876.0,11755,19239,22451,23408,24423,21421,32767,32767,32767,32767,32767,2493.0,25000.0
1387.0,1297.0,12892,20719,23495,22838,21853,21421,32767,32767,32767,32767,32767,2724.0,25000.0
1453.0,1370.0,13065,21995,25925,24878,24750,21707,32767,32767,32767,32767,32767,2449.0,25000.0
1461.0,1634.0,11230,21915,22679,24236,24111,21852,32767,32767,32767,32767,32767,2197.0,25000.0
1667.0,1716.0,12353,21915,24225,24236,24746,21852,32767,32767,32767,32767,32767,2234.0,25000.0
1621.0,1770.0,12915,22889,25256,25927,26015,21852,32767,32767,32767,32767,32767,2348.0,25000.0
1457.0,1435.0,13082,22692,25583,24550,26352,22135,32767,32767,32767,32767,32767,2340.0,25000.0
1330.0,1336.0,11284,19407,22647,21309,23340,22328,32767,32767,32767,32767,32767,2477.0,25000.0
1552.0,1525.0,12728,21915,24225,24800,24746,22557,32767,32767,32767,32767,32767,2537.0,25000.0
1543.0,1511.0,12270,20628,23912,23875,24957,22749,32767,32767,32767,32767,32767,2483.0,25000.0
1704.0,1895.0,12081,22593,24952,24443,24317,22749,32767,32767,32767,32767,32767,3094.0,25000.0
1635.0,1895.0,13591,23575,25472,26149,25597,22749,32767,32767,32767,32767,32767,2750.0,25000.0
1635.0,1593.0,13214,24066,27551,26717,27517,23460,32767,32767,32767,32767,32767,2330.0,25000.0
1520.0,1566.0,14535,26031,29631,27286,26877,23460,32767,32767,32767,32767,32767,2521.0,25000.0
707.0,436.0,12855,22557,23463,9013,7610,23643,32767,32767,32767,32767,32767,871.0,25000.0
1667.0,1716.0,15161,26298,28864,29309,31091,23967,32767,32767,32767,32767,32767,3068.0,25000.0
1635.0,1703.0,13591,23575,25992,26149,26877,24171,32767,32767,32767,32767,32767,2444.0,25000.0
1474.0,1291.0,13591,24558,27031,28422,30076,24171,32767,32767,32767,32767,32767,2406.0,25000.0
1540.0,1725.0,13388,24383,27387,25917,28527,25209,32767,32767,32767,32767,32767,2283.0,25000.0
1484.0,1471.0,14038,24350,27833,29309,29822,25376,32767,32767,32767,32767,32767,2765.0,25000.0
1712.0,1988.0,14974,26785,28864,31564,32360,25376,32767,32767,32767,32767,32767,2878.0,25000.0
1681.0,2033.0,14346,24558,28591,29559,30716,26304,32767,32767,32767,32767,32767,2903.0,25000.0
1842.0,2143.0,15479,26522,31190,30128,31356,26304,32767,32767,32767,32767,32767,2483.0,25000.0
1895.0,2233.0,14599,26785,28349,31000,29187,26786,32767,32767,32767,32767,32767,2916.0,25000.0
1658.0,1785.0,15290,27996,32230,30696,32636,27726,32767,32767,32767,32767,32767,2406.0,25000.0
1980.0,2307.0,16234,29960,32767,32767,32767,29148,32767,32767,32767,32767,32767,2712.0,25000.0
2026.0,2335.0,16423,32416,32767,32767,32767,30569,32767,32767,32767,32767,32767,2559.0,25000.0
