B01,B02,B04,B05,B06,B07,B08,B09,B10,B11,B12,B13,B14,B3N,quality
1607.0,1589.0,9360,10824,10979,1044,2938,1958,32767,32767,32767,32767,32767,2245.0,17800.0
2218.0,1978.0,12711,14239,14585,4785,4189,2659,32767,32767,32767,32767,32767,3286.0,13900.0
2347.0,2081.0,11298,16536,14585,4253,3591,5319,32767,32767,32767,32767,32767,3786.0,13900.0
1158.0,913.0,4134,8764,9276,9682,9343,10379,32767,32767,32767,32767,32767,1487.0,12600.0
916.0,711.0,4015,9084,7691,8936,7693,10519,32767,32767,32767,32767,32767,1166.0,17300.0
1197.0,969.0,4206,8663,9169,9499,9505,11220,32767,32767,32767,32767,32767,1525.0,15100.0
1475.0,1148.0,5257,9575,10135,11082,10100,11880,32767,32767,32767,32767,32767,2553.0,15100.0
1227.0,1002.0,5120,10565,11668,11696,11371,11967,32767,32767,32767,32767,32767,1286.0,13900.0
1513.0,1186.0,6204,10146,11227,11209,11417,12016,32767,32767,32767,32767,32767,2726.0,13000.0
3482.0,3466.0,4275,10328,10931,11034,11386,12074,32767,32767,32767,32767,32767,1575.0,11663.0
3519.0,3599.0,4275,11122,11351,11493,11903,12074,32767,32767,32767,32767,32767,1606.0,11432.0
1615.0,1259.0,6708,11943,10695,12227,10772,12632,32767,32767,32767,32767,32767,3358.0,13900.0
3110.0,2955.0,3969,10328,11351,11034,11903,12649,32767,32767,32767,32767,32767,1514.0,12561.0
2719.0,2621.0,4275,10328,10931,11493,11903,12649,32767,32767,32767,32767,32767,1328.0,13411.0
3017.0,2866.0,4122,10725,10931,11034,11903,12649,32767,32767,32767,32767,32767,1514.0,12877.0
1449.0,1109.0,4786,10607,9762,9608,9614,12683,32767,32767,32767,32767,32767,2080.0,13000.0
1449.0,1109.0,4609,10607,8786,10142,9013,12683,32767,32767,32767,32767,32767,2008.0,13000.0
1270.0,958.0,5359,10358,10541,10144,9862,12686,32767,32767,32767,32767,32767,2107.0,12600.0
1382.0,1114.0,5359,10756,11806,11527,10900,12686,32767,32767,32767,32767,32767,2107.0,12600.0
3380.0,3386.0,4440,11553,11806,12449,12457,12686,32767,32767,32767,32767,32767,1487.0,8955.0
2048.0,1524.0,8472,12425,13150,13452,12533,12763,32767,32767,32767,32767,32767,4270.0,15500.0
1543.0,1289.0,5423,10818,10454,11432,10418,12935,32767,32767,32767,32767,32767,1975.0,12800.0
1797.0,1438.0,7973,13079,14320,14093,12340,13056,32767,32767,32767,32767,32767,3753.0,17800.0
1564.0,1185.0,7800,14432,13843,13049,14103,13056,32767,32767,32767,32767,32767,3577.0,17800.0
1256.0,1041.0,5237,11355,11056,11565,11243,13148,32767,32767,32767,32767,32767,1448.0,17300.0
1363.0,940.0,8379,11809,12979,14193,12427,13148,32767,32767,32767,32767,32767,3921.0,17300.0
1107.0,914.0,5586,11809,12979,13142,12427,13148,32767,32767,32767,32767,32767,1166.0,17300.0
1347.0,1046.0,4907,9119,9652,10555,9505,13200,32767,32767,32767,32767,32767,2163.0,15100.0
1411.0,1046.0,7010,11855,12548,11610,11882,13200,32767,32767,32767,32767,32767,2518.0,15100.0
1624.0,1377.0,7185,12311,13513,13193,12476,13200,32767,32767,32767,32767,32767,2872.0,15100.0
1496.0,1301.0,6134,12311,11582,12138,11288,13200,32767,32767,32767,32767,32767,2482.0,15100.0
3594.0,3488.0,4885,11917,12192,13332,12939,13224,32767,32767,32767,32767,32767,1699.0,12012.0
1177.0,936.0,5359,11553,11806,11527,10381,13262,32767,32767,32767,32767,32767,1797.0,12600.0
1841.0,1435.0,9242,12425,13999,14844,13577,13343,32767,32767,32767,32767,32767,4395.0,15500.0
1935.0,1479.0,9859,12825,14847,15308,13577,13343,32767,32767,32767,32767,32767,4831.0,15500.0
1898.0,1457.0,9242,12825,13999,14844,13055,13343,32767,32767,32767,32767,32767,4270.0,15500.0
2010.0,1457.0,9705,13226,14847,15308,13577,13343,32767,32767,32767,32767,32767,4457.0,15500.0
1773.0,1444.0,5849,11068,12203,12810,12018,13351,32767,32767,32767,32767,32767,2618.0,13000.0
1751.0,1419.0,5672,11530,10739,11743,12018,13351,32767,32767,32767,32767,32767,2367.0,13000.0
1665.0,1419.0,5318,11530,11227,13344,12018,13351,32767,32767,32767,32767,32767,2259.0,13000.0
1773.0,1393.0,6558,11991,11715,12810,11417,13351,32767,32767,32767,32767,32767,3048.0,13000.0
1557.0,1161.0,8154,12452,12691,14412,13219,13351,32767,32767,32767,32767,32767,3335.0,13000.0
1427.0,1126.0,4680,10773,9914,9758,9764,13559,32767,32767,32767,32767,32767,1748.0,12100.0
1625.0,1362.0,5400,11241,10410,13010,11595,13559,32767,32767,32767,32767,32767,2076.0,12100.0
1588.0,1315.0,4519,9877,9956,10343,10418,13616,32767,32767,32767,32767,32767,2121.0,12800.0
1099.0,933.0,6067,13079,12888,15659,13515,13709,32767,32767,32767,32767,32767,1192.0,17800.0
1818.0,1513.0,9360,14432,16229,15659,15278,13709,32767,32767,32767,32767,32767,4209.0,17800.0
1628.0,1312.0,8840,14432,15752,14615,14690,13709,32767,32767,32767,32767,32767,3647.0,17800.0
3538.0,3466.0,4733,11519,12192,12413,13456,13799,32767,32767,32767,32767,32767,1637.0,11945.0
3966.0,3954.0,4733,12314,13033,13332,13974,13799,32767,32767,32767,32767,32767,1761.0,11052.0
1601.0,1333.0,9771,15889,18078,17930,17079,13799,32767,32767,32767,32767,32767,2811.0,15500.0
1289.0,1003.0,5665,11553,11806,12449,11419,13839,32767,32767,32767,32767,32767,2076.0,12600.0
1210.0,963.0,5697,11954,11640,12729,11214,13842,32767,32767,32767,32767,32767,1413.0,14900.0
1255.0,989.0,6065,11954,11134,12729,11837,13842,32767,32767,32767,32767,32767,1710.0,14900.0
1411.0,1046.0,5433,10487,9652,11082,10694,13860,32767,32767,32767,32767,32767,2411.0,15100.0
1603.0,1224.0,8061,11855,13513,13721,13070,13860,32767,32767,32767,32767,32767,3900.0,15100.0
1464.0,1259.0,4943,11024,9723,11164,10772,13962,32767,32767,32767,32767,32767,1679.0,13900.0
1486.0,1182.0,6532,11943,12154,12759,11969,13962,32767,32767,32767,32767,32767,2536.0,13900.0
1400.0,1182.0,6532,12402,13126,11164,11371,13962,32767,32767,32767,32767,32767,2179.0,13900.0
1600.0,1264.0,4963,10146,10251,10675,10816,14018,32767,32767,32767,32767,32767,1901.0,13000.0
1578.0,1290.0,5140,10607,10251,11209,10816,14018,32767,32767,32767,32767,32767,1973.0,13000.0
1751.0,1419.0,6204,11530,12691,13344,13219,14018,32767,32767,32767,32767,32767,2403.0,13000.0
1751.0,1470.0,5849,11991,12691,13344,12619,14018,32767,32767,32767,32767,32767,2188.0,13000.0
1773.0,1419.0,6913,11991,12691,13344,13219,14018,32767,32767,32767,32767,32767,2582.0,13000.0
1427.0,1153.0,5040,10304,11402,11384,10984,14237,32767,32767,32767,32767,32767,1785.0,12100.0
1669.0,1336.0,7381,12646,13880,13552,12205,14237,32767,32767,32767,32767,32767,3169.0,12100.0
1610.0,1420.0,5242,12229,11450,11976,11644,14297,32767,32767,32767,32767,32767,1683.0,12800.0
1676.0,1368.0,6327,14111,13939,13065,12256,14297,32767,32767,32767,32767,32767,2231.0,12800.0
1564.0,1422.0,7786,14300,15135,16091,16044,14374,32767,32767,32767,32767,32767,2039.0,15500.0
1345.0,1114.0,6278,12350,13071,12910,12457,14416,32767,32767,32767,32767,32767,1611.0,12600.0
1307.0,1047.0,7043,12350,13492,14293,13495,14416,32767,32767,32767,32767,32767,2354.0,12600.0
1363.0,1136.0,7349,13146,14336,14293,13495,14416,32767,32767,32767,32767,32767,2447.0,12600.0
1494.0,1314.0,6278,13545,13914,15676,13495,14416,32767,32767,32767,32767,32767,1704.0,12600.0
1299.0,1041.0,7332,12263,13460,13667,13611,14463,32767,32767,32767,32767,32767,2402.0,17300.0
1320.0,1016.0,8379,13171,15383,14719,14202,14463,32767,32767,32767,32767,32767,2755.0,17300.0
1320.0,1067.0,7157,13171,12979,14193,13019,14463,32767,32767,32767,32767,32767,2049.0,17300.0
1299.0,1092.0,8030,13626,14902,14719,14202,14463,32767,32767,32767,32767,32767,2402.0,17300.0
1299.0,1092.0,7506,14080,14421,14719,14202,14463,32767,32767,32767,32767,32767,1978.0,17300.0
1411.0,1020.0,6659,11399,11582,14777,12476,14520,32767,32767,32767,32767,32767,2482.0,15100.0
1496.0,1097.0,6659,11855,12548,13721,11288,14520,32767,32767,32767,32767,32767,2447.0,15100.0
1518.0,1148.0,7010,12767,13030,14249,13070,14520,32767,32767,32767,32767,32767,2588.0,15100.0
1347.0,1148.0,6484,13223,12548,13721,12476,14520,32767,32767,32767,32767,32767,1560.0,15100.0
1560.0,1326.0,8587,14135,14961,14249,13664,14520,32767,32767,32767,32767,32767,2872.0,15100.0
1496.0,1275.0,8938,14135,15443,15304,14852,14520,32767,32767,32767,32767,32767,3049.0,15100.0
1188.0,989.0,5513,11476,11640,11622,11214,14535,32767,32767,32767,32767,32767,1301.0,14900.0
1390.0,1203.0,6248,12910,12146,13282,13083,14535,32767,32767,32767,32767,32767,1413.0,14900.0
1547.0,1364.0,7535,14345,15183,14942,14952,14535,32767,32767,32767,32767,32767,2380.0,14900.0
1593.0,1182.0,6355,11943,12640,12227,11969,14627,32767,32767,32767,32767,32767,3536.0,13900.0
1313.0,1053.0,6002,12402,11668,12227,11371,14627,32767,32767,32767,32767,32767,1465.0,13900.0
1615.0,1284.0,7768,12402,13612,13822,12568,14627,32767,32767,32767,32767,32767,3072.0,13900.0
1658.0,1233.0,8650,12861,14098,14885,13166,14627,32767,32767,32767,32767,32767,4143.0,13900.0
1680.0,1387.0,6532,13321,13612,14885,14363,14627,32767,32767,32767,32767,32767,2286.0,13900.0
1550.0,1207.0,9003,14239,14585,14354,14363,14627,32767,32767,32767,32767,32767,3179.0,13900.0
1486.0,1336.0,7415,15158,17502,15949,14962,14627,32767,32767,32767,32767,32767,1786.0,13900.0
1809.0,1361.0,10063,15617,16043,17012,15560,14627,32767,32767,32767,32767,32767,4608.0,13900.0
1578.0,1161.0,7445,11991,12203,13344,12018,14686,32767,32767,32767,32767,32767,3300.0,13000.0
1881.0,1599.0,7090,12913,13179,13878,13820,14686,32767,32767,32767,32767,32767,3084.0,13000.0
1730.0,1367.0,8508,13374,14644,15479,13820,14686,32767,32767,32767,32767,32767,3586.0,13000.0
1621.0,1367.0,6204,13374,12691,13344,12619,14686,32767,32767,32767,32767,32767,1937.0,13000.0
1838.0,1470.0,7976,13374,14644,14412,13820,14686,32767,32767,32767,32767,32767,3909.0,13000.0
1881.0,1522.0,8331,14297,15132,14412,13820,14686,32767,32767,32767,32767,32767,3873.0,13000.0
1603.0,1284.0,7561,14051,14376,14636,14646,14915,32767,32767,32767,32767,32767,2331.0,12100.0
1285.0,1066.0,5801,11917,12613,13332,11903,14949,32767,32767,32767,32767,32767,1483.0,15500.0
1632.0,1315.0,5604,11759,11450,12521,11031,14978,32767,32767,32767,32767,32767,2377.0,12800.0
1147.0,921.0,6146,12229,12446,13065,12869,14978,32767,32767,32767,32767,32767,1426.0,12800.0
1654.0,1368.0,6508,12700,11948,13065,13482,14978,32767,32767,32767,32767,32767,2121.0,12800.0
1654.0,1263.0,9581,13640,15930,15243,14095,14978,32767,32767,32767,32767,32767,4060.0,12800.0
1764.0,1394.0,9220,14111,14935,15787,15321,14978,32767,32767,32767,32767,32767,4023.0,12800.0
1632.0,1289.0,9581,14581,15432,15243,14708,14978,32767,32767,32767,32767,32767,3585.0,12800.0
1531.0,1203.0,8421,13943,15179,14754,13495,14992,32767,32767,32767,32767,32767,3408.0,12600.0
1416.0,1034.0,8493,15785,16229,16181,15278,15014,32767,32767,32767,32767,32767,2490.0,17800.0
1691.0,1690.0,9533,16236,16707,17225,17041,15014,32767,32767,32767,32767,32767,2771.0,17800.0
1353.0,1110.0,10053,16687,18616,18269,16453,15014,32767,32767,32767,32767,32767,2701.0,17800.0
1423.0,1140.0,6197,12329,12547,13172,11121,15100,32767,32767,32767,32767,32767,2397.0,14600.0
1334.0,1061.0,7655,14226,14555,13720,14210,15100,32767,32767,32767,32767,32767,2766.0,14600.0
1667.0,1432.0,7472,14226,14555,15367,14210,15100,32767,32767,32767,32767,32767,2360.0,14600.0
1801.0,1512.0,7655,15174,15558,15916,16063,15100,32767,32767,32767,32767,32767,2913.0,14600.0
1299.0,1092.0,6110,12717,12979,14719,14202,15121,32767,32767,32767,32767,32767,1589.0,17300.0
1320.0,1016.0,8554,12717,14421,14719,14202,15121,32767,32767,32767,32767,32767,2861.0,17300.0
1618.0,1372.0,10125,16351,17786,17873,17161,15121,32767,32767,32767,32767,32767,3002.0,17300.0
1582.0,1275.0,8587,13679,14961,14777,14258,15180,32767,32767,32767,32767,32767,2908.0,15100.0
2137.0,1836.0,6309,13679,14961,14249,14852,15180,32767,32767,32767,32767,32767,2269.0,15100.0
1582.0,1352.0,8412,13679,14478,13721,13664,15180,32767,32767,32767,32767,32767,3014.0,15100.0
1624.0,1428.0,9463,15047,16891,16360,16040,15180,32767,32767,32767,32767,32767,2979.0,15100.0
1560.0,1352.0,8938,15503,15926,16360,16040,15180,32767,32767,32767,32767,32767,2730.0,15100.0
1667.0,1275.0,8762,15959,15443,15832,14258,15180,32767,32767,32767,32767,32767,3794.0,15100.0
1390.0,1284.0,6800,13389,14677,14942,13706,15227,32767,32767,32767,32767,32767,1785.0,14900.0
1636.0,1391.0,8821,14345,15183,16049,15575,15227,32767,32767,32767,32767,32767,2714.0,14900.0
1292.0,1105.0,5473,11483,12154,13291,12568,15292,32767,32767,32767,32767,32767,1357.0,13900.0
1744.0,1439.0,8297,14239,15071,14354,13765,15292,32767,32767,32767,32767,32767,3179.0,13900.0
1636.0,1336.0,9180,14699,15557,15417,14962,15292,32767,32767,32767,32767,32767,3465.0,13900.0
1916.0,1593.0,10239,15617,16043,17012,16158,15292,32767,32767,32767,32767,32767,3893.0,13900.0
1830.0,1413.0,10416,15617,17502,17543,16158,15292,32767,32767,32767,32767,32767,4108.0,13900.0
1513.0,1238.0,4609,11068,9274,10675,9614,15354,32767,32767,32767,32767,32767,1650.0,13000.0
2162.0,1857.0,6736,12913,14644,14412,15022,15354,32767,32767,32767,32767,32767,2618.0,13000.0
1989.0,1677.0,6204,12913,14644,14412,13219,15354,32767,32767,32767,32767,32767,2582.0,13000.0
1578.0,1341.0,6736,13374,13179,14412,13219,15354,32767,32767,32767,32767,32767,2224.0,13000.0
1924.0,1573.0,8685,13836,14644,15479,16224,15354,32767,32767,32767,32767,32767,3873.0,13000.0
1621.0,1290.0,7976,13836,14155,13344,13219,15354,32767,32767,32767,32767,32767,3551.0,13000.0
1773.0,1393.0,8508,14758,15132,15479,15022,15354,32767,32767,32767,32767,32767,3515.0,13000.0
1620.0,1333.0,6870,13903,14715,14252,14491,15524,32767,32767,32767,32767,32767,1823.0,15500.0
1643.0,1314.0,7962,13545,15179,15676,15052,15569,32767,32767,32767,32767,32767,3222.0,12600.0
1569.0,1337.0,7196,13943,14336,15215,15052,15569,32767,32767,32767,32767,32767,2354.0,12600.0
1587.0,1314.0,8727,15138,16444,16137,16609,15569,32767,32767,32767,32767,32767,2571.0,12600.0
1401.0,1092.0,8268,15935,17709,16137,14533,15569,32767,32767,32767,32767,32767,2416.0,12600.0
1603.0,1284.0,5580,11709,10906,11384,12205,15593,32767,32767,32767,32767,32767,1930.0,12100.0
1800.0,1493.0,7561,13114,12889,14094,12815,15593,32767,32767,32767,32767,32767,2914.0,12100.0
1581.0,1179.0,9361,15456,15863,16263,15866,15593,32767,32767,32767,32767,32767,3533.0,12100.0
2108.0,1834.0,8461,15925,15863,16263,15256,15593,32767,32767,32767,32767,32767,3096.0,12100.0
1348.0,1028.0,6140,11982,12682,14330,12489,15609,32767,32767,32767,32767,32767,2081.0,13100.0
1610.0,1420.0,5242,10348,11450,11432,10418,15659,32767,32767,32767,32767,32767,1683.0,12800.0
1610.0,1342.0,5604,11759,11450,11976,11031,15659,32767,32767,32767,32767,32767,2195.0,12800.0
1632.0,1315.0,7231,13170,12943,11976,12256,15659,32767,32767,32767,32767,32767,3365.0,12800.0
2139.0,1973.0,6869,13170,13441,14154,15321,15659,32767,32767,32767,32767,32767,2853.0,12800.0
1654.0,1473.0,6508,13170,12446,13609,13482,15659,32767,32767,32767,32767,32767,2195.0,12800.0
1588.0,1315.0,6327,13640,12943,14698,13482,15659,32767,32767,32767,32767,32767,2231.0,12800.0
1786.0,1447.0,8677,14581,14437,14698,13482,15659,32767,32767,32767,32767,32767,3402.0,12800.0
1764.0,1526.0,9400,15522,16926,15787,14708,15659,32767,32767,32767,32767,32767,2999.0,12800.0
2104.0,1614.0,10167,16032,17392,16699,15144,15663,32767,32767,32767,32767,32767,5018.0,15500.0
1121.0,908.0,7107,15785,15752,16703,15865,15667,32767,32767,32767,32767,32767,1228.0,17800.0
1384.0,1194.0,8204,13626,15383,15770,16569,15778,32767,32767,32767,32767,32767,2049.0,17300.0
1363.0,1016.0,8204,14080,14902,15244,14202,15778,32767,32767,32767,32767,32767,2896.0,17300.0
1427.0,1194.0,8554,14080,15863,14719,13611,15778,32767,32767,32767,32767,32767,2508.0,17300.0
1512.0,1168.0,10299,14534,16344,15770,15386,15778,32767,32767,32767,32767,32767,3461.0,17300.0
1448.0,1194.0,9077,15442,16344,16821,17161,15778,32767,32767,32767,32767,32767,2755.0,17300.0
1363.0,1143.0,9077,16805,17306,17347,16569,15778,32767,32767,32767,32767,32767,2225.0,17300.0
1356.0,1087.0,6014,12329,13049,14818,13592,15786,32767,32767,32767,32767,32767,1512.0,14600.0
1623.0,1353.0,7837,12803,13551,13720,12974,15786,32767,32767,32767,32767,32767,2950.0,14600.0
1623.0,1406.0,7290,13277,13551,14269,13592,15786,32767,32767,32767,32767,32767,2397.0,14600.0
1378.0,1087.0,9113,14700,16060,15367,14828,15786,32767,32767,32767,32767,32767,2987.0,14600.0
1289.0,1140.0,7472,15174,15057,15367,14828,15786,32767,32767,32767,32767,32767,1438.0,14600.0
1445.0,1140.0,8930,15174,15558,14818,14828,15786,32767,32767,32767,32767,32767,3098.0,14600.0
1966.0,1632.0,6484,13223,15443,15304,15446,15840,32767,32767,32767,32767,32767,2376.0,15100.0
1731.0,1275.0,9463,13679,14478,15304,13664,15840,32767,32767,32767,32767,32767,4716.0,15100.0
1539.0,1326.0,8061,14135,15926,15832,16040,15840,32767,32767,32767,32767,32767,2411.0,15100.0
1753.0,1530.0,8938,14135,16408,17415,17229,15840,32767,32767,32767,32767,32767,3510.0,15100.0
1582.0,1428.0,9288,15047,16408,16360,16634,15840,32767,32767,32767,32767,32767,2766.0,15100.0
1624.0,1250.0,9814,15047,15926,16888,14852,15840,32767,32767,32767,32767,32767,3581.0,15100.0
1435.0,1230.0,6248,12910,12652,13282,13083,15919,32767,32767,32767,32767,32767,1896.0,14900.0
1524.0,1257.0,5513,13389,11640,12729,10591,15919,32767,32767,32767,32767,32767,1859.0,14900.0
1569.0,1257.0,9005,14345,15689,16603,14952,15919,32767,32767,32767,32767,32767,3012.0,14900.0
1390.0,1257.0,7167,14345,14170,14942,14952,15919,32767,32767,32767,32767,32767,1487.0,14900.0
1479.0,1230.0,7719,14345,14677,14942,16198,15919,32767,32767,32767,32767,32767,2343.0,14900.0
1766.0,1413.0,6708,11943,12640,13822,13166,15957,32767,32767,32767,32767,32767,2465.0,13900.0
1593.0,1284.0,8474,13321,14098,14354,13166,15957,32767,32767,32767,32767,32767,3322.0,13900.0
1464.0,1310.0,6885,13321,14585,15417,14962,15957,32767,32767,32767,32767,32767,1500.0,13900.0
1723.0,1413.0,6355,13321,13126,14354,14363,15957,32767,32767,32767,32767,32767,2429.0,13900.0
1701.0,1413.0,6885,13780,14098,14885,14363,15957,32767,32767,32767,32767,32767,2215.0,13900.0
1636.0,1284.0,7591,13780,13126,12759,12568,15957,32767,32767,32767,32767,32767,3679.0,13900.0
2110.0,1850.0,7062,14239,15557,16480,15560,15957,32767,32767,32767,32767,32767,2536.0,13900.0
1852.0,1464.0,9533,14239,16529,16480,15560,15957,32767,32767,32767,32767,32767,4322.0,13900.0
1809.0,1413.0,9710,15158,16529,17012,14962,15957,32767,32767,32767,32767,32767,3715.0,13900.0
1916.0,1541.0,9886,15617,17015,15417,14962,15957,32767,32767,32767,32767,32767,4108.0,13900.0
1852.0,1516.0,9357,16077,17015,17543,15560,15957,32767,32767,32767,32767,32767,3501.0,13900.0
1869.0,1585.0,6461,14408,14741,13897,14392,15989,32767,32767,32767,32767,32767,2129.0,11600.0
1557.0,1238.0,5495,11068,11715,12277,11417,16021,32767,32767,32767,32767,32767,1829.0,13000.0
1946.0,1599.0,6204,12452,13667,13878,13219,16021,32767,32767,32767,32767,32767,2654.0,13000.0
2054.0,1651.0,7799,12913,15620,15479,15022,16021,32767,32767,32767,32767,32767,3622.0,13000.0
1859.0,1496.0,7090,13374,13179,14946,15022,16021,32767,32767,32767,32767,32767,2941.0,13000.0
1578.0,1367.0,6913,13374,13667,14412,13219,16021,32767,32767,32767,32767,32767,1793.0,13000.0
1794.0,1496.0,8154,13374,15132,15479,13820,16021,32767,32767,32767,32767,32767,3300.0,13000.0
1492.0,1186.0,5318,13374,11227,12810,12018,16021,32767,32767,32767,32767,32767,1721.0,13000.0
2119.0,1677.0,10103,14758,16108,17081,15022,16021,32767,32767,32767,32767,32767,4698.0,13000.0
1686.0,1290.0,9926,15680,17084,17081,16224,16021,32767,32767,32767,32767,32767,3945.0,13000.0
2812.0,2577.0,5191,12314,13874,14252,14491,16099,32767,32767,32767,32767,32767,1792.0,14361.0
1699.0,1470.0,6890,13545,14757,14754,14014,16146,32767,32767,32767,32767,32767,2200.0,12600.0
1961.0,1693.0,6737,13545,14757,15676,14533,16146,32767,32767,32767,32767,32767,2509.0,12600.0
1475.0,1248.0,8268,15138,16444,17060,16090,16146,32767,32767,32767,32767,32767,2323.0,12600.0
1718.0,1359.0,9646,15537,17709,17982,17128,16146,32767,32767,32767,32767,32767,3501.0,12600.0
1569.0,1314.0,9034,15935,16444,17060,17128,16146,32767,32767,32767,32767,32767,2695.0,12600.0
1438.0,1181.0,9187,16333,18130,17982,17647,16146,32767,32767,32767,32767,32767,2540.0,12600.0
1589.0,1316.0,5672,11568,13087,14773,14552,16166,32767,32767,32767,32767,32767,2482.0,12000.0
1627.0,1405.0,5366,13163,13510,13388,14032,16166,32767,32767,32767,32767,32767,2202.0,12000.0
1603.0,1336.0,6120,11709,11402,13010,12205,16271,32767,32767,32767,32767,32767,2185.0,12100.0
1998.0,1703.0,6841,12178,13385,14636,14036,16271,32767,32767,32767,32767,32767,2695.0,12100.0
1910.0,1572.0,7561,14988,14872,15720,14646,16271,32767,32767,32767,32767,32767,2659.0,12100.0
1778.0,1493.0,9181,15925,16855,18431,17087,16271,32767,32767,32767,32767,32767,2550.0,12100.0
1910.0,1572.0,10441,16393,16855,17889,17697,16271,32767,32767,32767,32767,32767,3569.0,12100.0
1311.0,1034.0,9880,16236,18139,18269,17041,16320,32767,32767,32767,32767,32767,2665.0,17800.0
1797.0,1665.0,9187,16687,16707,16703,16453,16320,32767,32767,32767,32767,32767,2946.0,17800.0
1522.0,1362.0,9707,18040,19571,18791,18803,16320,32767,32767,32767,32767,32767,2736.0,17800.0
1676.0,1420.0,6869,12229,13939,15243,14095,16340,32767,32767,32767,32767,32767,2085.0,12800.0
1918.0,1657.0,6327,12700,13441,14698,14095,16340,32767,32767,32767,32767,32767,2085.0,12800.0
1676.0,1368.0,5785,12700,11450,13609,12256,16340,32767,32767,32767,32767,32767,2195.0,12800.0
1808.0,1499.0,7050,13170,13441,13609,14095,16340,32767,32767,32767,32767,32767,2999.0,12800.0
1720.0,1368.0,8316,13170,13441,15243,13482,16340,32767,32767,32767,32767,32767,3365.0,12800.0
1742.0,1499.0,6689,13640,13939,14698,13482,16340,32767,32767,32767,32767,32767,2377.0,12800.0
1698.0,1499.0,7412,13640,15432,15243,14095,16340,32767,32767,32767,32767,32767,2304.0,12800.0
1654.0,1394.0,6689,13640,13939,13609,14708,16340,32767,32767,32767,32767,32767,2377.0,12800.0
1632.0,1420.0,7593,14111,15432,16331,16546,16340,32767,32767,32767,32767,32767,1756.0,12800.0
1918.0,1605.0,6327,14111,13939,14698,15321,16340,32767,32767,32767,32767,32767,2158.0,12800.0
1610.0,1263.0,7954,14111,13441,14698,14708,16340,32767,32767,32767,32767,32767,2341.0,12800.0
1720.0,1420.0,6869,14581,15930,15243,15321,16340,32767,32767,32767,32767,32767,2231.0,12800.0
1852.0,1526.0,10485,15051,16926,16331,15321,16340,32767,32767,32767,32767,32767,4133.0,12800.0
1698.0,1394.0,9943,15051,16428,14154,15933,16340,32767,32767,32767,32767,32767,3731.0,12800.0
1786.0,1420.0,11208,16462,18419,16876,17159,16340,32767,32767,32767,32767,32767,4097.0,12800.0
1852.0,1552.0,11570,16462,18917,17420,16546,16340,32767,32767,32767,32767,32767,3950.0,12800.0
1786.0,1499.0,8135,16462,16428,17420,16546,16340,32767,32767,32767,32767,32767,2780.0,12800.0
2095.0,1894.0,11931,16933,19415,18509,17772,16340,32767,32767,32767,32767,32767,4609.0,12800.0
1277.0,1041.0,8728,14988,15863,15770,15978,16435,32767,32767,32767,32767,32767,2049.0,17300.0
1427.0,1245.0,9426,14988,15863,15770,14794,16435,32767,32767,32767,32767,32767,2366.0,17300.0
1618.0,1118.0,9950,14988,17306,16821,15386,16435,32767,32767,32767,32767,32767,3815.0,17300.0
1490.0,1295.0,9775,15897,17786,16821,17161,16435,32767,32767,32767,32767,32767,3108.0,17300.0
1490.0,1346.0,9077,15897,17786,16821,17161,16435,32767,32767,32767,32767,32767,2684.0,17300.0
1320.0,1092.0,9775,15897,17306,17347,17161,16435,32767,32767,32767,32767,32767,2861.0,17300.0
1639.0,1702.0,9775,16351,17786,17347,17753,16435,32767,32767,32767,32767,32767,2790.0,17300.0
1469.0,1270.0,9601,16351,17786,17347,17161,16435,32767,32767,32767,32767,32767,2684.0,17300.0
1363.0,1245.0,10474,17713,19709,18924,18345,16435,32767,32767,32767,32767,32767,2296.0,17300.0
1384.0,1321.0,9950,17713,19228,17873,18936,16435,32767,32767,32767,32767,32767,2472.0,17300.0
1341.0,1245.0,9950,18168,19228,19450,18936,16435,32767,32767,32767,32767,32767,1943.0,17300.0
1267.0,1114.0,6561,13752,13049,13720,13592,16473,32767,32767,32767,32767,32767,1328.0,14600.0
1400.0,1193.0,8201,14700,16060,15916,14828,16473,32767,32767,32767,32767,32767,2434.0,14600.0
1467.0,1193.0,9477,15174,16060,15916,15446,16473,32767,32767,32767,32767,32767,3171.0,14600.0
1512.0,1220.0,10571,15174,17064,15916,15446,16473,32767,32767,32767,32767,32767,3651.0,14600.0
1312.0,1114.0,8930,15648,16060,15916,16063,16473,32767,32767,32767,32767,32767,2286.0,14600.0
1823.0,1565.0,9842,16122,18068,16465,15446,16473,32767,32767,32767,32767,32767,3466.0,14600.0
1489.0,1220.0,9477,16122,16562,15916,15446,16473,32767,32767,32767,32767,32767,3098.0,14600.0
1512.0,1167.0,10024,16122,18068,17013,16681,16473,32767,32767,32767,32767,32767,3724.0,14600.0
1756.0,1618.0,9113,16597,17566,17562,17917,16473,32767,32767,32767,32767,32767,3061.0,14600.0
1578.0,1326.0,9842,16597,17566,16465,17299,16473,32767,32767,32767,32767,32767,2950.0,14600.0
1475.0,1275.0,6659,12767,13030,14249,14258,16500,32767,32767,32767,32767,32767,1844.0,15100.0
1689.0,1250.0,8412,13679,14478,15832,13664,16500,32767,32767,32767,32767,32767,3759.0,15100.0
1624.0,1428.0,9463,15503,16408,15832,16040,16500,32767,32767,32767,32767,32767,3120.0,15100.0
1667.0,1556.0,10515,15959,18339,17415,17823,16500,32767,32767,32767,32767,32767,3475.0,15100.0
1582.0,1377.0,9288,15959,16891,17415,16634,16500,32767,32767,32767,32767,32767,3014.0,15100.0
1710.0,1403.0,10164,16415,18339,17415,16040,16500,32767,32767,32767,32767,32767,3936.0,15100.0
1539.0,1250.0,9639,16415,18821,17415,18417,16500,32767,32767,32767,32767,32767,2730.0,15100.0
1710.0,1403.0,8938,16415,15926,15304,15446,16500,32767,32767,32767,32767,32767,3120.0,15100.0
1624.0,1581.0,9814,16415,17856,17943,17823,16500,32767,32767,32767,32767,32767,2376.0,15100.0
1689.0,1530.0,9814,16415,17856,17943,17823,16500,32767,32767,32767,32767,32767,2730.0,15100.0
1646.0,1428.0,9639,16871,17374,16888,16634,16500,32767,32767,32767,32767,32767,3014.0,15100.0
1710.0,1632.0,11216,17327,19304,18471,19605,16500,32767,32767,32767,32767,32767,3262.0,15100.0
1689.0,1556.0,11566,18239,19787,20054,19605,16500,32767,32767,32767,32767,32767,3191.0,15100.0
1322.0,1230.0,6800,13389,13664,13282,13706,16611,32767,32767,32767,32767,32767,1487.0,14900.0
1322.0,1150.0,7167,14345,14677,14942,13706,16611,32767,32767,32767,32767,32767,1525.0,14900.0
1816.0,1605.0,7719,14823,16195,16603,16198,16611,32767,32767,32767,32767,32767,2380.0,14900.0
1255.0,1043.0,7719,14823,14170,17156,14952,16611,32767,32767,32767,32767,32767,1748.0,14900.0
1681.0,1551.0,9189,16258,17713,17709,16821,16611,32767,32767,32767,32767,32767,2603.0,14900.0
1524.0,1310.0,9373,16736,17207,17709,17444,16611,32767,32767,32767,32767,32767,2454.0,14900.0
1793.0,1631.0,9740,17214,17207,18816,17444,16611,32767,32767,32767,32767,32767,3049.0,14900.0
1443.0,1182.0,5826,12861,11668,12227,12568,16621,32767,32767,32767,32767,32767,1965.0,13900.0
1636.0,1259.0,6885,13321,14585,16480,14962,16621,32767,32767,32767,32767,32767,2286.0,13900.0
1335.0,1207.0,6532,13780,14098,15417,15560,16621,32767,32767,32767,32767,32767,1429.0,13900.0
1787.0,1439.0,7238,14699,15071,15417,15560,16621,32767,32767,32767,32767,32767,2715.0,13900.0
1658.0,1387.0,9357,14699,16529,14885,14363,16621,32767,32767,32767,32767,32767,3501.0,13900.0
1636.0,1567.0,7415,14699,15557,14885,14962,16621,32767,32767,32767,32767,32767,2608.0,13900.0
1916.0,1439.0,9533,15158,17015,17543,16158,16621,32767,32767,32767,32767,32767,4286.0,13900.0
2024.0,1618.0,7944,15617,16043,15949,16158,16621,32767,32767,32767,32767,32767,3036.0,13900.0
1809.0,1490.0,7415,15617,15071,15417,14962,16621,32767,32767,32767,32767,32767,2572.0,13900.0
1895.0,1413.0,10416,15617,17502,15949,15560,16621,32767,32767,32767,32767,32767,4679.0,13900.0
1873.0,1541.0,9886,16077,17015,17543,16757,16621,32767,32767,32767,32767,32767,3679.0,13900.0
1981.0,1516.0,10063,16077,17015,17012,16158,16621,32767,32767,32767,32767,32767,5179.0,13900.0
1615.0,1387.0,9710,16077,17502,17012,16158,16621,32767,32767,32767,32767,32767,2822.0,13900.0
1636.0,1387.0,9357,16077,17015,16480,16757,16621,32767,32767,32767,32767,32767,3215.0,13900.0
1680.0,1439.0,10063,16995,17015,17012,16757,16621,32767,32767,32767,32767,32767,2893.0,13900.0
1830.0,1593.0,9886,16995,18474,17543,17355,16621,32767,32767,32767,32767,32767,3143.0,13900.0
1615.0,1413.0,9886,16995,18960,17012,17355,16621,32767,32767,32767,32767,32767,2965.0,13900.0
2110.0,1824.0,11122,18373,18960,20202,18552,16621,32767,32767,32767,32767,32767,3501.0,13900.0
1599.0,1450.0,6830,14408,14233,15008,15018,16684,32767,32767,32767,32767,32767,1905.0,11600.0
1779.0,1558.0,10152,17290,17791,17788,17521,16684,32767,32767,32767,32767,32767,3287.0,11600.0
2011.0,1728.0,7976,13374,15132,14946,15623,16689,32767,32767,32767,32767,32767,3551.0,13000.0
1967.0,1651.0,6558,13836,13667,13878,14421,16689,32767,32767,32767,32767,32767,2618.0,13000.0
1643.0,1264.0,7267,14758,16596,16013,15022,16689,32767,32767,32767,32767,32767,2510.0,13000.0
1773.0,1496.0,9040,14758,14644,15479,15623,16689,32767,32767,32767,32767,32767,3586.0,13000.0
2313.0,1986.0,7976,15219,16108,17081,16825,16689,32767,32767,32767,32767,32767,3192.0,13000.0
2205.0,1986.0,9572,16603,18060,17081,15623,16689,32767,32767,32767,32767,32767,3909.0,13000.0
1718.0,1515.0,6124,12350,13492,15215,15571,16722,32767,32767,32767,32767,32767,2014.0,12600.0
1905.0,1671.0,6584,13146,15179,16598,16609,16722,32767,32767,32767,32767,32767,2385.0,12600.0
1699.0,1470.0,7043,13943,15601,17060,17128,16722,32767,32767,32767,32767,32767,2261.0,12600.0
1681.0,1381.0,7962,14740,16022,15676,15571,16722,32767,32767,32767,32767,32767,3284.0,12600.0
1606.0,1404.0,8115,15138,16022,18904,17128,16722,32767,32767,32767,32767,32767,2261.0,12600.0
1606.0,1337.0,9187,15537,17287,16137,16090,16722,32767,32767,32767,32767,32767,3067.0,12600.0
1681.0,1493.0,8268,15935,18130,17982,17647,16722,32767,32767,32767,32767,32767,2261.0,12600.0
1587.0,1314.0,10718,16732,18552,18904,18166,16722,32767,32767,32767,32767,32767,3346.0,12600.0
1662.0,1381.0,10718,17130,19395,18904,18685,16722,32767,32767,32767,32767,32767,3594.0,12600.0
1438.0,1181.0,9952,17528,19395,19365,18685,16722,32767,32767,32767,32767,32767,2726.0,12600.0
1816.0,1586.0,6601,13181,14373,16642,15612,16766,32767,32767,32767,32767,32767,2578.0,13100.0
1367.0,1050.0,6754,14379,14796,15717,14051,16766,32767,32767,32767,32767,32767,2267.0,13100.0
1612.0,1342.0,5380,12399,12276,12499,13028,16789,32767,32767,32767,32767,32767,2208.0,12200.0
1669.0,1409.0,6610,13599,13970,15276,14591,16789,32767,32767,32767,32767,32767,2644.0,12200.0
2311.0,1928.0,8472,14028,15271,17163,15666,16824,32767,32767,32767,32767,32767,3335.0,15500.0
1822.0,1572.0,6660,13583,13880,14636,15256,16949,32767,32767,32767,32767,32767,2477.0,12100.0
1932.0,1598.0,6660,14051,13385,15178,14646,16949,32767,32767,32767,32767,32767,2477.0,12100.0
1888.0,1519.0,9901,14520,15863,16263,16477,16949,32767,32767,32767,32767,32767,4189.0,12100.0
1932.0,1624.0,6660,14520,14376,16805,16477,16949,32767,32767,32767,32767,32767,2440.0,12100.0
2042.0,1676.0,9541,14988,16359,16263,14646,16949,32767,32767,32767,32767,32767,4407.0,12100.0
2020.0,1755.0,7201,15925,14872,16805,15256,16949,32767,32767,32767,32767,32767,2258.0,12100.0
1910.0,1493.0,9901,15925,16359,17347,15866,16949,32767,32767,32767,32767,32767,4152.0,12100.0
2108.0,1938.0,7921,15925,15863,16263,15866,16949,32767,32767,32767,32767,32767,2805.0,12100.0
1822.0,1441.0,10441,15925,16855,16805,15866,16949,32767,32767,32767,32767,32767,4261.0,12100.0
2196.0,1860.0,8641,15925,15863,17347,17087,16949,32767,32767,32767,32767,32767,3642.0,12100.0
1669.0,1362.0,9181,16861,17846,17347,16477,16949,32767,32767,32767,32767,32767,3314.0,12100.0
2042.0,1676.0,11341,16861,18838,18431,17087,16949,32767,32767,32767,32767,32767,4079.0,12100.0
1844.0,1598.0,10801,18266,19333,20057,18918,16949,32767,32767,32767,32767,32767,3169.0,12100.0
1416.0,1135.0,9707,17138,18616,18269,17041,16973,32767,32767,32767,32767,32767,2981.0,17800.0
1374.0,1160.0,10227,17589,19093,18791,18216,16973,32767,32767,32767,32767,32767,2665.0,17800.0
1332.0,1211.0,10053,18040,19571,19313,19391,16973,32767,32767,32767,32767,32767,2280.0,17800.0
1480.0,1362.0,9360,18040,18616,19313,18216,16973,32767,32767,32767,32767,32767,1683.0,17800.0
1438.0,1362.0,10227,18040,19093,19835,19979,16973,32767,32767,32767,32767,32767,2280.0,17800.0
1852.0,1631.0,5966,12700,12943,13609,12869,17020,32767,32767,32767,32767,32767,2121.0,12800.0
1720.0,1499.0,6508,12700,12943,14154,15321,17020,32767,32767,32767,32767,32767,2231.0,12800.0
1830.0,1578.0,5966,13640,12943,14698,13482,17020,32767,32767,32767,32767,32767,2048.0,12800.0
1874.0,1499.0,6327,13640,13939,15243,14708,17020,32767,32767,32767,32767,32767,2487.0,12800.0
1521.0,1210.0,7593,14581,14437,15787,14708,17020,32767,32767,32767,32767,32767,2158.0,12800.0
1940.0,1631.0,9581,15051,16926,17420,16546,17020,32767,32767,32767,32767,32767,4023.0,12800.0
1764.0,1394.0,9039,15522,15432,16876,15933,17020,32767,32767,32767,32767,32767,4170.0,12800.0
1830.0,1473.0,9943,15992,16428,16331,16546,17020,32767,32767,32767,32767,32767,4499.0,12800.0
2051.0,1736.0,10123,15992,17424,17420,15933,17020,32767,32767,32767,32767,32767,3767.0,12800.0
2271.0,1894.0,8858,15992,17922,16876,16546,17020,32767,32767,32767,32767,32767,3658.0,12800.0
1830.0,1605.0,11750,18814,20411,20142,20223,17020,32767,32767,32767,32767,32767,3914.0,12800.0
1384.0,1219.0,9426,15897,17786,16821,16569,17093,32767,32767,32767,32767,32767,2649.0,17300.0
1405.0,1219.0,9950,16351,17786,17347,17161,17093,32767,32767,32767,32767,32767,2861.0,17300.0
1384.0,1219.0,9775,16805,18267,18398,18345,17093,32767,32767,32767,32767,32767,2472.0,17300.0
1341.0,1245.0,10125,16805,18748,18398,18345,17093,32767,32767,32767,32767,32767,2225.0,17300.0
1703.0,1499.0,10823,17259,19228,18924,18345,17093,32767,32767,32767,32767,32767,3143.0,17300.0
1597.0,1397.0,10823,17259,19228,18398,18936,17093,32767,32767,32767,32767,32767,3355.0,17300.0
1405.0,1219.0,10474,17259,19228,18924,18345,17093,32767,32767,32767,32767,32767,2543.0,17300.0
1682.0,1499.0,10299,17713,19228,18398,18345,17093,32767,32767,32767,32767,32767,2967.0,17300.0
1405.0,1295.0,10997,18622,20190,19450,18936,17093,32767,32767,32767,32767,32767,2296.0,17300.0
1384.0,1346.0,10648,18622,20190,19975,19528,17093,32767,32767,32767,32767,32767,2331.0,17300.0
1576.0,1549.0,11521,19530,21151,21552,21303,17093,32767,32767,32767,32767,32767,2684.0,17300.0
1778.0,1538.0,9295,14700,16562,17562,16681,17159,32767,32767,32767,32767,32767,3835.0,14600.0
1534.0,1220.0,7472,15174,15558,16465,15446,17159,32767,32767,32767,32767,32767,2397.0,14600.0
1445.0,1220.0,9295,15648,16562,17562,17299,17159,32767,32767,32767,32767,32767,2471.0,14600.0
1289.0,1034.0,7655,16122,15558,17013,17917,17159,32767,32767,32767,32767,32767,1623.0,14600.0
1423.0,1140.0,9659,16122,16562,17562,16681,17159,32767,32767,32767,32767,32767,2950.0,14600.0
1423.0,1193.0,9295,16122,17064,17013,17917,17159,32767,32767,32767,32767,32767,2692.0,14600.0
2045.0,1830.0,9295,17071,18570,18660,17299,17159,32767,32767,32767,32767,32767,2618.0,14600.0
1578.0,1299.0,10206,17071,18068,17013,16681,17159,32767,32767,32767,32767,32767,2950.0,14600.0
1710.0,1428.0,6484,12767,13513,14249,14852,17160,32767,32767,32767,32767,32767,2163.0,15100.0
1753.0,1428.0,9463,14591,15926,17415,16634,17160,32767,32767,32767,32767,32767,4113.0,15100.0
1582.0,1352.0,9639,15503,17374,17415,16634,17160,32767,32767,32767,32767,32767,3014.0,15100.0
1710.0,1632.0,10340,15959,17856,17415,17823,17160,32767,32767,32767,32767,32767,3191.0,15100.0
1795.0,1581.0,9463,16415,18821,17943,17229,17160,32767,32767,32767,32767,32767,2730.0,15100.0
1753.0,1581.0,9989,16871,18339,16888,17823,17160,32767,32767,32767,32767,32767,3049.0,15100.0
1881.0,1683.0,10164,16871,17856,17415,17229,17160,32767,32767,32767,32767,32767,3510.0,15100.0
1646.0,1454.0,10164,17327,18339,17943,18417,17160,32767,32767,32767,32767,32767,3156.0,15100.0
1624.0,1530.0,10515,17783,18821,18471,17823,17160,32767,32767,32767,32767,32767,2730.0,15100.0
1817.0,1785.0,10865,18239,20269,18998,19011,17160,32767,32767,32767,32767,32767,3191.0,15100.0
1830.0,1516.0,6355,12861,13612,14354,13166,17286,32767,32767,32767,32767,32767,2215.0,13900.0
1636.0,1336.0,7238,14239,15071,17012,15560,17286,32767,32767,32767,32767,32767,2643.0,13900.0
1400.0,1130.0,7062,14239,14098,16480,16158,17286,32767,32767,32767,32767,32767,1965.0,13900.0
1701.0,1439.0,7591,14699,16043,17543,17355,17286,32767,32767,32767,32767,32767,2322.0,13900.0
1895.0,1593.0,7768,14699,16529,17543,16757,17286,32767,32767,32767,32767,32767,2500.0,13900.0
1507.0,1156.0,6532,15158,13612,15417,15560,17286,32767,32767,32767,32767,32767,2500.0,13900.0
1701.0,1361.0,9710,15617,17502,17543,16757,17286,32767,32767,32767,32767,32767,3751.0,13900.0
1916.0,1567.0,9710,16077,16043,16480,16757,17286,32767,32767,32767,32767,32767,3572.0,13900.0
1830.0,1361.0,10416,16536,17988,18607,16158,17286,32767,32767,32767,32767,32767,4536.0,13900.0
1895.0,1593.0,9533,16536,17988,18075,16757,17286,32767,32767,32767,32767,32767,3143.0,13900.0
2003.0,1695.0,10592,16995,17988,18607,17355,17286,32767,32767,32767,32767,32767,3786.0,13900.0
1852.0,1516.0,10416,17455,17988,18075,16757,17286,32767,32767,32767,32767,32767,4143.0,13900.0
1723.0,1516.0,9357,17455,18474,19138,18552,17286,32767,32767,32767,32767,32767,3501.0,13900.0
1723.0,1439.0,8474,17455,17502,17543,17355,17286,32767,32767,32767,32767,32767,3643.0,13900.0
2261.0,1901.0,10239,17914,19446,19670,19151,17286,32767,32767,32767,32767,32767,4036.0,13900.0
2218.0,1927.0,10945,18373,19932,19670,17954,17286,32767,32767,32767,32767,32767,3822.0,13900.0
1811.0,1582.0,7349,15138,16444,17060,16090,17299,32767,32767,32767,32767,32767,2633.0,12600.0
1662.0,1426.0,9187,15537,17709,17521,16609,17299,32767,32767,32767,32767,32767,3067.0,12600.0
1606.0,1270.0,11024,16732,18974,17982,17647,17299,32767,32767,32767,32767,32767,4089.0,12600.0
1643.0,1426.0,9187,17130,18552,17982,18166,17299,32767,32767,32767,32767,32767,2571.0,12600.0
1774.0,1470.0,10565,17927,20239,18904,18685,17299,32767,32767,32767,32767,32767,3315.0,12600.0
1681.0,1515.0,8880,17927,19395,19365,20243,17299,32767,32767,32767,32767,32767,2076.0,12600.0
1625.0,1381.0,9799,18724,19817,19365,19205,17299,32767,32767,32767,32767,32767,2509.0,12600.0
1726.0,1498.0,8821,15779,16701,17156,16821,17303,32767,32767,32767,32767,32767,2491.0,14900.0
1390.0,1150.0,8821,15779,17713,17156,16198,17303,32767,32767,32767,32767,32767,1896.0,14900.0
1793.0,1738.0,9005,15779,16701,18263,16198,17303,32767,32767,32767,32767,32767,2380.0,14900.0
1636.0,1364.0,9373,16258,16701,17156,16198,17303,32767,32767,32767,32767,32767,2640.0,14900.0
1412.0,1177.0,9924,17692,18219,19370,18067,17303,32767,32767,32767,32767,32767,2008.0,14900.0
1659.0,1417.0,10292,17692,18725,18816,18690,17303,32767,32767,32767,32767,32767,3012.0,14900.0
1995.0,1845.0,10292,18170,19231,19370,18067,17303,32767,32767,32767,32767,32767,3384.0,14900.0
1591.0,1364.0,12129,19605,22268,21583,20559,17303,32767,32767,32767,32767,32767,2677.0,14900.0
1290.0,982.0,5826,13163,12665,14311,13512,17321,32767,32767,32767,32767,32767,2078.0,12000.0
1421.0,1182.0,6439,13562,13087,13850,13512,17321,32767,32767,32767,32767,32767,2326.0,12000.0
1627.0,1428.0,9198,15955,16465,16620,16111,17321,32767,32767,32767,32767,32767,3412.0,12000.0
1423.0,1162.0,6601,13181,13950,14793,14051,17344,32767,32767,32767,32767,32767,2143.0,13100.0
1946.0,1625.0,6381,13374,14644,14946,15022,17356,32767,32767,32767,32767,32767,2546.0,13000.0
1665.0,1315.0,6027,13374,13179,12277,12018,17356,32767,32767,32767,32767,32767,2116.0,13000.0
2184.0,1909.0,7090,13836,15620,13344,14421,17356,32767,32767,32767,32767,32767,2690.0,13000.0
1989.0,1677.0,7090,14297,14644,15479,16224,17356,32767,32767,32767,32767,32767,2510.0,13000.0
2075.0,1754.0,8508,15219,16108,17081,16825,17356,32767,32767,32767,32767,32767,2977.0,13000.0
1946.0,1548.0,9040,15219,15620,17081,16825,17356,32767,32767,32767,32767,32767,4340.0,13000.0
2119.0,1805.0,9040,15680,15620,17081,16825,17356,32767,32767,32767,32767,32767,3945.0,13000.0
2205.0,1780.0,9926,15680,18060,18148,17426,17356,32767,32767,32767,32767,32767,4232.0,13000.0
2075.0,1677.0,9572,16142,16596,17614,16825,17356,32767,32767,32767,32767,32767,3766.0,13000.0
2205.0,1805.0,10990,16603,18060,18148,17426,17356,32767,32767,32767,32767,32767,4734.0,13000.0
2075.0,1728.0,10103,17064,17572,18682,16825,17356,32767,32767,32767,32767,32767,4160.0,13000.0
2421.0,2141.0,10812,18447,19525,19216,19829,17356,32767,32767,32767,32767,32767,4089.0,13000.0
1669.0,1364.0,6610,14399,13970,13887,14070,17368,32767,32767,32767,32767,32767,2799.0,12200.0
2292.0,1995.0,8626,18436,19513,19946,18799,17404,32767,32767,32767,32767,32767,3086.0,15500.0
1586.0,1539.0,10053,18040,19571,19835,17628,17626,32767,32767,32767,32767,32767,2665.0,17800.0
1290.0,1110.0,9187,18491,19571,19835,17628,17626,32767,32767,32767,32767,32767,1543.0,17800.0
1395.0,1160.0,11093,19393,21003,20357,19979,17626,32767,32767,32767,32767,32767,2385.0,17800.0
1480.0,1337.0,10920,19393,21003,20357,19979,17626,32767,32767,32767,32767,32767,2490.0,17800.0
1670.0,1866.0,9360,19844,21480,21401,21741,17626,32767,32767,32767,32767,32767,1894.0,17800.0
1839.0,1866.0,11093,19844,21480,20879,20566,17626,32767,32767,32767,32767,32767,2771.0,17800.0
1395.0,1211.0,11440,19844,22435,20879,20566,17626,32767,32767,32767,32767,32767,2665.0,17800.0
2042.0,1755.0,6841,13114,13880,15720,14646,17627,32767,32767,32767,32767,32767,2404.0,12100.0
2196.0,1860.0,8281,14520,15863,16805,16477,17627,32767,32767,32767,32767,32767,3679.0,12100.0
2130.0,1781.0,8461,14988,16359,16805,17087,17627,32767,32767,32767,32767,32767,3023.0,12100.0
1910.0,1624.0,8641,15925,18342,17889,17697,17627,32767,32767,32767,32767,32767,2732.0,12100.0
1954.0,1572.0,10981,17330,18342,18431,17697,17627,32767,32767,32767,32767,32767,3824.0,12100.0
2591.0,2279.0,10981,18735,20325,20599,19528,17627,32767,32767,32767,32767,32767,3934.0,12100.0
1874.0,1605.0,5423,13170,12446,13609,12869,17701,32767,32767,32767,32767,32767,2195.0,12800.0
2580.0,2315.0,7412,13640,14437,14154,14708,17701,32767,32767,32767,32767,32767,3036.0,12800.0
2051.0,1684.0,6869,13640,13939,14698,14708,17701,32767,32767,32767,32767,32767,2524.0,12800.0
2051.0,1815.0,7412,14111,15432,16331,15321,17701,32767,32767,32767,32767,32767,2743.0,12800.0
1764.0,1394.0,7231,14581,14935,16331,17159,17701,32767,32767,32767,32767,32767,2670.0,12800.0
1830.0,1578.0,6689,14581,14935,16331,15933,17701,32767,32767,32767,32767,32767,2304.0,12800.0
1962.0,1657.0,7593,15051,14437,15243,16546,17701,32767,32767,32767,32767,32767,3072.0,12800.0
1808.0,1473.0,9220,15051,16428,16876,16546,17701,32767,32767,32767,32767,32767,3804.0,12800.0
1918.0,1605.0,9039,15051,15930,16331,15321,17701,32767,32767,32767,32767,32767,3255.0,12800.0
2006.0,1762.0,9762,15992,16428,16876,16546,17701,32767,32767,32767,32767,32767,4023.0,12800.0
2006.0,1762.0,7593,15992,17922,17420,17772,17701,32767,32767,32767,32767,32767,2231.0,12800.0
1661.0,1499.0,10823,16805,19709,19975,19528,17750,32767,32767,32767,32767,32767,3179.0,17300.0
1533.0,1448.0,10299,17259,18748,19450,18345,17750,32767,32767,32767,32767,32767,2402.0,17300.0
1490.0,1295.0,9426,17259,17786,18398,18936,17750,32767,32767,32767,32767,32767,2649.0,17300.0
1512.0,1397.0,9950,17259,19228,18398,18936,17750,32767,32767,32767,32767,32767,2472.0,17300.0
1576.0,1270.0,11870,17713,21151,21027,20712,17750,32767,32767,32767,32767,32767,3002.0,17300.0
1703.0,1473.0,11521,17713,20190,19450,18936,17750,32767,32767,32767,32767,32767,3320.0,17300.0
1448.0,1422.0,9775,17713,20190,19975,19528,17750,32767,32767,32767,32767,32767,2366.0,17300.0
1405.0,1321.0,10299,18168,20190,20501,19528,17750,32767,32767,32767,32767,32767,2331.0,17300.0
1405.0,1321.0,10474,18622,20671,19450,18345,17750,32767,32767,32767,32767,32767,1978.0,17300.0
1405.0,1295.0,9950,18622,19228,18924,20120,17750,32767,32767,32767,32767,32767,2155.0,17300.0
1746.0,1524.0,11696,20438,21632,21027,21303,17750,32767,32767,32767,32767,32767,3073.0,17300.0
1667.0,1530.0,9463,15503,16408,16888,17229,17820,32767,32767,32767,32767,32767,2695.0,15100.0
1817.0,1403.0,10515,15959,16891,17943,16634,17820,32767,32767,32767,32767,32767,4468.0,15100.0
1795.0,1403.0,10515,16415,17374,17415,16040,17820,32767,32767,32767,32767,32767,4787.0,15100.0
1966.0,1836.0,8061,16415,17374,17943,17823,17820,32767,32767,32767,32767,32767,2198.0,15100.0
2031.0,1887.0,9463,16415,18821,19526,18417,17820,32767,32767,32767,32767,32767,3120.0,15100.0
2330.0,2040.0,9463,16871,18821,17415,18417,17820,32767,32767,32767,32767,32767,3617.0,15100.0
1795.0,1836.0,9814,16871,18339,20582,19605,17820,32767,32767,32767,32767,32767,2305.0,15100.0
1902.0,1709.0,11742,17327,19787,20054,19011,17820,32767,32767,32767,32767,32767,3900.0,15100.0
1774.0,1658.0,8938,17327,18821,19526,19605,17820,32767,32767,32767,32767,32767,2163.0,15100.0
1988.0,1811.0,9463,17783,20269,19526,19011,17820,32767,32767,32767,32767,32767,2872.0,15100.0
1817.0,1785.0,10340,17783,20752,20054,20199,17820,32767,32767,32767,32767,32767,2588.0,15100.0
1624.0,1428.0,9989,17783,18339,18471,17823,17820,32767,32767,32767,32767,32767,2518.0,15100.0
1582.0,1428.0,10515,17783,19304,18471,18417,17820,32767,32767,32767,32767,32767,2943.0,15100.0
1753.0,1658.0,10690,17783,19787,18998,18417,17820,32767,32767,32767,32767,32767,2943.0,15100.0
1624.0,1607.0,10865,17783,19787,19526,19605,17820,32767,32767,32767,32767,32767,2908.0,15100.0
1753.0,1785.0,10690,18239,19304,20054,20793,17820,32767,32767,32767,32767,32767,3049.0,15100.0
1817.0,1734.0,11391,19151,20752,20054,19605,17820,32767,32767,32767,32767,32767,3369.0,15100.0
2031.0,1709.0,10515,20519,21717,20582,20793,17820,32767,32767,32767,32767,32767,3404.0,15100.0
1564.0,1333.0,7786,17875,18078,17470,16561,17824,32767,32767,32767,32767,32767,1915.0,15500.0
1534.0,1326.0,9295,16597,17566,17562,17299,17846,32767,32767,32767,32767,32767,2508.0,14600.0
1534.0,1326.0,10571,18019,19573,18111,18535,17846,32767,32767,32767,32767,32767,2913.0,14600.0
1978.0,1856.0,10206,18493,20075,21404,21006,17846,32767,32767,32767,32767,32767,2508.0,14600.0
1793.0,1493.0,6278,13146,15179,15676,15052,17875,32767,32767,32767,32767,32767,2509.0,12600.0
1755.0,1604.0,7349,14740,16866,17521,17128,17875,32767,32767,32767,32767,32767,2138.0,12600.0
3511.0,3476.0,5971,15138,16444,15676,16090,17875,32767,32767,32767,32767,32767,1952.0,9761.0
1774.0,1537.0,7196,15537,16444,18443,19205,17875,32767,32767,32767,32767,32767,2169.0,12600.0
1980.0,1738.0,7349,15537,16444,17060,16090,17875,32767,32767,32767,32767,32767,2509.0,12600.0
1886.0,1604.0,9187,16333,17709,17982,18685,17875,32767,32767,32767,32767,32767,3253.0,12600.0
1849.0,1560.0,9340,16333,18130,16137,16609,17875,32767,32767,32767,32767,32767,3594.0,12600.0
1905.0,1604.0,8880,16732,17709,17982,17128,17875,32767,32767,32767,32767,32767,3067.0,12600.0
1924.0,1626.0,10411,17528,19817,19365,19724,17875,32767,32767,32767,32767,32767,3408.0,12600.0
1550.0,1181.0,10565,17927,19395,19826,19205,17875,32767,32767,32767,32767,32767,3718.0,12600.0
1886.0,1671.0,10871,18325,20660,21670,20243,17875,32767,32767,32767,32767,32767,3532.0,12600.0
2132.0,1852.0,6285,14360,14354,15696,15591,17898,32767,32767,32767,32767,32767,2730.0,12000.0
1442.0,1139.0,6447,13979,13950,14330,14571,17922,32767,32767,32767,32767,32767,1957.0,13100.0
1460.0,1139.0,6908,14379,13950,14793,14571,17922,32767,32767,32767,32767,32767,2423.0,13100.0
1535.0,1318.0,7522,14778,14796,16642,15091,17922,32767,32767,32767,32767,32767,2298.0,13100.0
1891.0,1608.0,7215,15577,16487,16179,15612,17922,32767,32767,32767,32767,32767,2609.0,13100.0
1687.0,1432.0,7071,14399,15663,15739,15112,17947,32767,32767,32767,32767,32767,2644.0,12200.0
1444.0,1118.0,7379,15999,16086,15739,14591,17947,32767,32767,32767,32767,32767,2675.0,12200.0
2089.0,1824.0,7415,14239,15557,17012,17355,17951,32767,32767,32767,32767,32767,2643.0,13900.0
1766.0,1387.0,7238,15158,16043,17543,15560,17951,32767,32767,32767,32767,32767,2536.0,13900.0
1830.0,1464.0,8827,15617,16043,14885,14962,17951,32767,32767,32767,32767,32767,3393.0,13900.0
1916.0,1747.0,7768,16077,17502,14885,14962,17951,32767,32767,32767,32767,32767,2608.0,13900.0
2196.0,1927.0,7591,16077,17988,17543,17355,17951,32767,32767,32767,32767,32767,2465.0,13900.0
1959.0,1773.0,9180,16536,17502,18075,17954,17951,32767,32767,32767,32767,32767,3572.0,13900.0
2282.0,2184.0,9180,16995,19446,19138,17954,17951,32767,32767,32767,32767,32767,3000.0,13900.0
1787.0,1413.0,10239,16995,18960,18607,17355,17951,32767,32767,32767,32767,32767,3643.0,13900.0
1809.0,1464.0,10416,16995,18474,17012,17355,17951,32767,32767,32767,32767,32767,3393.0,13900.0
2584.0,2312.0,10592,18833,20418,18607,19151,17951,32767,32767,32767,32767,32767,3786.0,13900.0
1591.0,1578.0,8270,15301,15689,17709,18067,17995,32767,32767,32767,32767,32767,1896.0,14900.0
1771.0,1498.0,7902,15779,16701,18263,16198,17995,32767,32767,32767,32767,32767,2157.0,14900.0
2152.0,2006.0,9189,17214,17713,18816,18067,17995,32767,32767,32767,32767,32767,2752.0,14900.0
1681.0,1711.0,9189,17214,18725,18816,18067,17995,32767,32767,32767,32767,32767,2008.0,14900.0
1636.0,1391.0,10843,17692,18725,19923,18690,17995,32767,32767,32767,32767,32767,3309.0,14900.0
1659.0,1738.0,9189,17692,18725,18816,17444,17995,32767,32767,32767,32767,32767,2045.0,14900.0
1502.0,1284.0,10475,18170,19231,19370,18690,17995,32767,32767,32767,32767,32767,2603.0,14900.0
1300.0,1096.0,10292,18648,19737,19370,18067,17995,32767,32767,32767,32767,32767,2120.0,14900.0
1793.0,1711.0,11762,19127,21256,21030,19936,17995,32767,32767,32767,32767,32767,3049.0,14900.0
1591.0,1364.0,11578,19605,20750,20476,20559,17995,32767,32767,32767,32767,32767,2938.0,14900.0
1479.0,1391.0,10292,19605,20244,21030,20559,17995,32767,32767,32767,32767,32767,2194.0,14900.0
1412.0,1203.0,11394,19605,21762,21030,19936,17995,32767,32767,32767,32767,32767,2417.0,14900.0
2205.0,1883.0,7267,14297,16108,16547,16224,18024,32767,32767,32767,32767,32767,2439.0,13000.0
1989.0,1651.0,6913,14758,14644,15479,16224,18024,32767,32767,32767,32767,32767,2654.0,13000.0
1967.0,1625.0,9749,15219,17084,16547,16825,18024,32767,32767,32767,32767,32767,3981.0,13000.0
2292.0,1857.0,9749,15680,17572,18682,17426,18024,32767,32767,32767,32767,32767,4268.0,13000.0
2032.0,1677.0,10103,15680,18060,18148,18026,18024,32767,32767,32767,32767,32767,4053.0,13000.0
2313.0,2063.0,10812,17525,20013,20283,19228,18024,32767,32767,32767,32767,32767,3515.0,13000.0
2032.0,1677.0,10458,17525,17572,17614,16825,18024,32767,32767,32767,32767,32767,4555.0,13000.0
1967.0,1754.0,10812,18447,18549,19216,19228,18024,32767,32767,32767,32767,32767,3443.0,13000.0
2011.0,1883.0,11521,18909,20989,21351,19829,18024,32767,32767,32767,32767,32767,3264.0,13000.0
2184.0,1909.0,12408,18909,21477,21885,19829,18024,32767,32767,32767,32767,32767,3730.0,13000.0
1779.0,1638.0,7937,15369,15758,16120,16270,18075,32767,32767,32767,32767,32767,1979.0,11600.0
1438.0,1312.0,10227,18942,20048,19313,19391,18278,32767,32767,32767,32767,32767,2104.0,17800.0
1607.0,1614.0,10573,18942,20048,20879,21154,18278,32767,32767,32767,32767,32767,2665.0,17800.0
1459.0,1337.0,10573,19393,21003,20879,20566,18278,32767,32767,32767,32767,32767,2350.0,17800.0
1438.0,1362.0,10747,19844,20525,21401,20566,18278,32767,32767,32767,32767,32767,2245.0,17800.0
1438.0,1211.0,11613,20295,22912,22445,21741,18278,32767,32767,32767,32767,32767,2385.0,17800.0
1459.0,1387.0,11440,20295,22912,21923,21741,18278,32767,32767,32767,32767,32767,2280.0,17800.0
2199.0,2371.0,11613,21197,24344,22445,23504,18278,32767,32767,32767,32767,32767,2911.0,17800.0
2072.0,1993.0,11787,22099,21957,22445,21741,18278,32767,32767,32767,32767,32767,3227.0,17800.0
2152.0,1834.0,7381,14520,15367,16263,17087,18305,32767,32767,32767,32767,32767,2841.0,12100.0
1603.0,1257.0,7201,14520,14376,17347,15256,18305,32767,32767,32767,32767,32767,2477.0,12100.0
2152.0,1834.0,8461,16393,16359,16263,16477,18305,32767,32767,32767,32767,32767,2950.0,12100.0
2108.0,1781.0,11161,17798,18838,18973,19528,18305,32767,32767,32767,32767,32767,3788.0,12100.0
2108.0,1938.0,10981,17798,21316,21141,20748,18305,32767,32767,32767,32767,32767,3351.0,12100.0
1998.0,1650.0,10801,19203,19333,19515,18307,18305,32767,32767,32767,32767,32767,3861.0,12100.0
1940.0,1710.0,6689,13640,14437,14698,15321,18382,32767,32767,32767,32767,32767,2195.0,12800.0
2006.0,1762.0,7231,14111,14437,15787,15321,18382,32767,32767,32767,32767,32767,2268.0,12800.0
1940.0,1736.0,7773,14581,14437,15243,15321,18382,32767,32767,32767,32767,32767,2560.0,12800.0
1962.0,1657.0,7954,15051,16428,16876,15933,18382,32767,32767,32767,32767,32767,2816.0,12800.0
1896.0,1605.0,6689,15051,15432,15787,15321,18382,32767,32767,32767,32767,32767,2487.0,12800.0
1499.0,1184.0,8135,15522,15930,17420,16546,18382,32767,32767,32767,32767,32767,2487.0,12800.0
1786.0,1499.0,9220,15522,17922,17964,17772,18382,32767,32767,32767,32767,32767,2926.0,12800.0
1984.0,1684.0,9581,16933,17922,17964,17772,18382,32767,32767,32767,32767,32767,3841.0,12800.0
1896.0,1657.0,7954,16933,16926,17420,17772,18382,32767,32767,32767,32767,32767,2487.0,12800.0
1808.0,1605.0,9400,17403,17922,19053,18998,18382,32767,32767,32767,32767,32767,2268.0,12800.0
2051.0,1657.0,11027,18344,19415,19053,18385,18382,32767,32767,32767,32767,32767,3914.0,12800.0
2139.0,1947.0,11931,19755,21904,21231,20836,18382,32767,32767,32767,32767,32767,3146.0,12800.0
1620.0,1333.0,11145,18272,19760,19769,18632,18399,32767,32767,32767,32767,32767,3243.0,15500.0
1597.0,1473.0,10997,18168,20190,19975,19528,18408,32767,32767,32767,32767,32767,2932.0,17300.0
1427.0,1295.0,10299,18168,19709,19975,18345,18408,32767,32767,32767,32767,32767,2472.0,17300.0
1938.0,1727.0,8204,18168,19228,18924,18345,18408,32767,32767,32767,32767,32767,2296.0,17300.0
1490.0,1422.0,10648,18168,20190,20501,20712,18408,32767,32767,32767,32767,32767,2190.0,17300.0
1639.0,1626.0,10125,18622,20671,21027,20712,18408,32767,32767,32767,32767,32767,2437.0,17300.0
1746.0,1600.0,11172,18622,20671,19975,19528,18408,32767,32767,32767,32767,32767,3073.0,17300.0
1384.0,1372.0,10648,18622,19709,20501,19528,18408,32767,32767,32767,32767,32767,2366.0,17300.0
1427.0,1321.0,10474,18622,20671,19975,19528,18408,32767,32767,32767,32767,32767,2155.0,17300.0
1618.0,1499.0,10648,19076,20190,19450,19528,18408,32767,32767,32767,32767,32767,2755.0,17300.0
1512.0,1499.0,10474,19076,21151,20501,21303,18408,32767,32767,32767,32767,32767,2331.0,17300.0
1448.0,1295.0,10823,19076,20671,21552,20712,18408,32767,32767,32767,32767,32767,2437.0,17300.0
1810.0,1499.0,11347,19076,19709,21552,20120,18408,32767,32767,32767,32767,32767,3709.0,17300.0
1924.0,1626.0,8880,16732,18552,17982,18166,18452,32767,32767,32767,32767,32767,3377.0,12600.0
1643.0,1359.0,10258,16732,18974,19365,18685,18452,32767,32767,32767,32767,32767,3563.0,12600.0
1849.0,1582.0,9799,16732,18974,18904,19205,18452,32767,32767,32767,32767,32767,3129.0,12600.0
1475.0,1381.0,8115,17927,18974,20287,17647,18452,32767,32767,32767,32767,32767,1673.0,12600.0
1681.0,1448.0,10718,18724,20660,19365,19724,18452,32767,32767,32767,32767,32767,3191.0,12600.0
1606.0,1381.0,11636,18724,20239,20748,20762,18452,32767,32767,32767,32767,32767,3098.0,12600.0
1496.0,1272.0,7512,14360,15198,15696,15591,18475,32767,32767,32767,32767,32767,2544.0,12000.0
1683.0,1383.0,7205,15157,16043,17081,16630,18475,32767,32767,32767,32767,32767,2699.0,12000.0
1477.0,1205.0,7205,15556,16043,16620,16111,18475,32767,32767,32767,32767,32767,2450.0,12000.0
1753.0,1505.0,9989,17783,17856,18998,18417,18480,32767,32767,32767,32767,32767,3049.0,15100.0
1560.0,1454.0,11391,18239,20752,20054,19605,18480,32767,32767,32767,32767,32767,2872.0,15100.0
2821.0,2576.0,11566,18239,20752,20054,20199,18480,32767,32767,32767,32767,32767,4149.0,15100.0
1689.0,1709.0,11216,18695,20269,20054,19605,18480,32767,32767,32767,32767,32767,2766.0,15100.0
1582.0,1428.0,11041,18695,20269,20054,19011,18480,32767,32767,32767,32767,32767,2766.0,15100.0
2116.0,1785.0,10865,18695,19787,21109,20793,18480,32767,32767,32767,32767,32767,4042.0,15100.0
1710.0,1505.0,11391,18695,20269,19526,19011,18480,32767,32767,32767,32767,32767,3298.0,15100.0
1689.0,1479.0,11742,19151,22200,20582,20793,18480,32767,32767,32767,32767,32767,3262.0,15100.0
1710.0,1607.0,11391,19151,20752,21637,20793,18480,32767,32767,32767,32767,32767,3262.0,15100.0
1881.0,1734.0,11216,19607,21717,21109,21387,18480,32767,32767,32767,32767,32767,2908.0,15100.0
1646.0,1556.0,11742,19607,21234,21637,21981,18480,32767,32767,32767,32767,32767,2943.0,15100.0
1498.0,1184.0,6754,13580,13528,14793,13530,18500,32767,32767,32767,32767,32767,2236.0,13100.0
1575.0,1275.0,6303,13199,13970,15739,15112,18526,32767,32767,32767,32767,32767,2519.0,12200.0
2287.0,2125.0,6764,13999,15663,18054,17718,18526,32767,32767,32767,32767,32767,2519.0,12200.0
1856.0,1611.0,7379,15999,15663,17591,17197,18526,32767,32767,32767,32767,32767,2457.0,12200.0
2356.0,2069.0,8930,17071,18068,19209,18535,18532,32767,32767,32767,32767,32767,2692.0,14600.0
1689.0,1353.0,8566,17071,17566,19209,18535,18532,32767,32767,32767,32767,32767,2434.0,14600.0
1712.0,1724.0,10388,18968,19072,19209,19153,18532,32767,32767,32767,32767,32767,2028.0,14600.0
1556.0,1432.0,11117,18968,19573,19758,17917,18532,32767,32767,32767,32767,32767,2987.0,14600.0
2433.0,2158.0,6885,16077,16043,17012,16757,18616,32767,32767,32767,32767,32767,2608.0,13900.0
2196.0,2004.0,8650,16995,18474,17012,17954,18616,32767,32767,32767,32767,32767,2893.0,13900.0
2692.0,2389.0,7944,16995,18474,21265,20348,18616,32767,32767,32767,32767,32767,2608.0,13900.0
2304.0,2055.0,8827,17455,17015,19138,19151,18616,32767,32767,32767,32767,32767,2715.0,13900.0
1938.0,1670.0,10592,17455,17988,18607,17954,18616,32767,32767,32767,32767,32767,3536.0,13900.0
2024.0,1618.0,11475,17914,19932,19670,19151,18616,32767,32767,32767,32767,32767,4286.0,13900.0
2003.0,1798.0,10239,17914,19446,18607,19151,18616,32767,32767,32767,32767,32767,3536.0,13900.0
1744.0,1387.0,12534,18833,20905,20733,19749,18616,32767,32767,32767,32767,32767,4822.0,13900.0
1938.0,1670.0,12005,18833,21391,22860,21545,18616,32767,32767,32767,32767,32767,3893.0,13900.0
2046.0,1773.0,11298,18833,21391,20733,19749,18616,32767,32767,32767,32767,32767,3465.0,13900.0
1981.0,1798.0,10769,18833,19932,19670,19749,18616,32767,32767,32767,32767,32767,3072.0,13900.0
1959.0,1593.0,11475,19751,21391,21265,20348,18616,32767,32767,32767,32767,32767,3643.0,13900.0
1787.0,1824.0,10592,19751,22363,22860,21545,18616,32767,32767,32767,32767,32767,2893.0,13900.0
1591.0,1471.0,7719,15779,16701,18263,18067,18687,32767,32767,32767,32767,32767,2120.0,14900.0
1816.0,1631.0,8638,16258,17207,19370,19313,18687,32767,32767,32767,32767,32767,2231.0,14900.0
1659.0,1524.0,9189,17214,18219,18816,18067,18687,32767,32767,32767,32767,32767,2194.0,14900.0
1748.0,1417.0,11027,17214,19737,19370,19313,18687,32767,32767,32767,32767,32767,3718.0,14900.0
2533.0,2300.0,8270,17692,18219,17156,18067,18687,32767,32767,32767,32767,32767,3012.0,14900.0
1591.0,1605.0,9924,17692,18219,19370,19313,18687,32767,32767,32767,32767,32767,2082.0,14900.0
1502.0,1391.0,10108,17692,18725,18816,19313,18687,32767,32767,32767,32767,32767,2231.0,14900.0
1614.0,1658.0,9556,18170,18725,19923,19936,18687,32767,32767,32767,32767,32767,2120.0,14900.0
1726.0,1551.0,11394,18170,21256,21030,19936,18687,32767,32767,32767,32767,32767,3086.0,14900.0
1928.0,1845.0,10475,18170,20244,18816,18690,18687,32767,32767,32767,32767,32767,2863.0,14900.0
1748.0,1444.0,11210,18648,20244,19370,18067,18687,32767,32767,32767,32767,32767,3458.0,14900.0
1479.0,1284.0,11210,18648,20244,19923,19313,18687,32767,32767,32767,32767,32767,2640.0,14900.0
1681.0,1444.0,10843,19127,20244,20476,19936,18687,32767,32767,32767,32767,32767,3421.0,14900.0
2017.0,2139.0,11210,20083,22774,20476,19313,18687,32767,32767,32767,32767,32767,2677.0,14900.0
2292.0,1934.0,8863,15680,16596,17614,18026,18691,32767,32767,32767,32767,32767,3371.0,13000.0
2270.0,1909.0,9040,16603,17084,17081,16825,18691,32767,32767,32767,32767,32767,3981.0,13000.0
2205.0,1909.0,9217,16603,18060,18148,19228,18691,32767,32767,32767,32767,32767,3551.0,13000.0
2162.0,1754.0,10458,16603,18549,19216,18627,18691,32767,32767,32767,32767,32767,4447.0,13000.0
4151.0,3766.0,9040,17064,19525,19216,18627,18691,32767,32767,32767,32767,32767,3479.0,10723.0
2335.0,1909.0,11699,17064,20501,20283,19829,18691,32767,32767,32767,32767,32767,4878.0,13000.0
2075.0,1805.0,10635,17986,20989,20283,19228,18691,32767,32767,32767,32767,32767,3443.0,13000.0
2357.0,2063.0,11344,18909,20501,20817,21031,18691,32767,32767,32767,32767,32767,4411.0,13000.0
2313.0,1986.0,11344,18909,21477,19749,18627,18691,32767,32767,32767,32767,32767,4878.0,13000.0
1859.0,1754.0,10990,18909,20501,24553,22834,18691,32767,32767,32767,32767,32767,2295.0,13000.0
1395.0,1337.0,10053,18491,20525,19313,19391,18931,32767,32767,32767,32767,32767,2069.0,17800.0
1374.0,1312.0,10920,19393,21957,20879,21154,18931,32767,32767,32767,32767,32767,2245.0,17800.0
1416.0,1337.0,11093,19844,21480,21923,21154,18931,32767,32767,32767,32767,32767,2104.0,17800.0
1501.0,1387.0,10747,20295,21480,21923,21154,18931,32767,32767,32767,32767,32767,2385.0,17800.0
2093.0,1841.0,10573,20295,21957,22445,22917,18931,32767,32767,32767,32767,32767,3332.0,17800.0
1586.0,1564.0,11093,20295,22435,22445,22329,18931,32767,32767,32767,32767,32767,2139.0,17800.0
1712.0,1665.0,11787,20746,22435,22967,21741,18931,32767,32767,32767,32767,32767,2490.0,17800.0
1438.0,1362.0,11267,21197,22912,22967,22917,18931,32767,32767,32767,32767,32767,2174.0,17800.0
1628.0,1690.0,11960,21648,23867,22967,22917,18931,32767,32767,32767,32767,32767,2490.0,17800.0
1712.0,1589.0,11960,23001,24821,25055,24092,18931,32767,32767,32767,32767,32767,2315.0,17800.0
1564.0,1513.0,12827,23452,24821,24533,23504,18931,32767,32767,32767,32767,32767,2630.0,17800.0
4152.0,4310.0,6565,17081,18078,18849,18632,18974,32767,32767,32767,32767,32767,2101.0,11327.0
2048.0,2044.0,12671,24231,25646,25745,25360,18974,32767,32767,32767,32767,32767,3398.0,15500.0
2196.0,1886.0,11341,18735,19829,20057,19528,18982,32767,32767,32767,32767,32767,4225.0,12100.0
2086.0,1755.0,11341,19203,19829,20599,21358,18982,32767,32767,32767,32767,32767,3169.0,12100.0
2218.0,1965.0,9901,19203,20325,20599,21358,18982,32767,32767,32767,32767,32767,3205.0,12100.0
2393.0,2096.0,11701,19672,21812,21141,21358,18982,32767,32767,32767,32767,32767,4043.0,12100.0
2174.0,2069.0,12421,19672,21812,22768,21969,18982,32767,32767,32767,32767,32767,3824.0,12100.0
1849.0,1671.0,7349,15935,17287,18904,19205,19029,32767,32767,32767,32767,32767,2261.0,12600.0
1886.0,1582.0,10105,17528,18552,19826,19205,19029,32767,32767,32767,32767,32767,3346.0,12600.0
1811.0,1604.0,8880,18724,20239,20748,20762,19029,32767,32767,32767,32767,32767,2416.0,12600.0
1681.0,1426.0,10871,19122,21925,21670,20243,19029,32767,32767,32767,32767,32767,2881.0,12600.0
1643.0,1493.0,11177,19919,21504,22131,21281,19029,32767,32767,32767,32767,32767,3129.0,12600.0
1496.0,1160.0,7972,15157,16465,19390,16630,19053,32767,32767,32767,32767,32767,2388.0,12000.0
1758.0,1472.0,8278,16753,17731,17543,16630,19053,32767,32767,32767,32767,32767,2792.0,12000.0
1645.0,1383.0,11038,17950,19842,20313,19229,19053,32767,32767,32767,32767,32767,3567.0,12000.0
1720.0,1499.0,7050,13170,14935,16876,15933,19063,32767,32767,32767,32767,32767,2231.0,12800.0
1940.0,1736.0,7412,15051,15930,16876,15321,19063,32767,32767,32767,32767,32767,2195.0,12800.0
2051.0,1684.0,8496,15992,15930,19053,17772,19063,32767,32767,32767,32767,32767,3658.0,12800.0
1940.0,1473.0,10304,16462,17424,16331,15933,19063,32767,32767,32767,32767,32767,4462.0,12800.0
1345.0,1105.0,8496,16933,16428,18509,18998,19063,32767,32767,32767,32767,32767,2048.0,12800.0
1764.0,1447.0,10847,17873,19415,20142,20223,19063,32767,32767,32767,32767,32767,3365.0,12800.0
1940.0,1736.0,9581,17873,17922,19053,18385,19063,32767,32767,32767,32767,32767,2743.0,12800.0
1543.0,1368.0,10123,17873,19913,19053,18998,19063,32767,32767,32767,32767,32767,1902.0,12800.0
1830.0,1605.0,10485,17873,19415,19053,18385,19063,32767,32767,32767,32767,32767,3072.0,12800.0
2293.0,1920.0,12112,19755,21904,20686,20223,19063,32767,32767,32767,32767,32767,4170.0,12800.0
2117.0,2104.0,11027,20225,20411,21775,21449,19063,32767,32767,32767,32767,32767,3292.0,12800.0
2117.0,1999.0,12654,20225,21904,21775,20836,19063,32767,32767,32767,32767,32767,3841.0,12800.0
1916.0,1549.0,11172,18168,20190,19975,18936,19065,32767,32767,32767,32767,32767,4062.0,17300.0
1469.0,1321.0,9077,18168,18748,18924,18936,19065,32767,32767,32767,32767,32767,3143.0,17300.0
1469.0,1448.0,10299,18622,20190,20501,20712,19065,32767,32767,32767,32767,32767,2437.0,17300.0
1554.0,1397.0,9950,18622,20671,19450,19528,19065,32767,32767,32767,32767,32767,2437.0,17300.0
1427.0,1346.0,9950,18622,19228,19450,19528,19065,32767,32767,32767,32767,32767,2472.0,17300.0
1490.0,1397.0,10299,18622,20671,19975,20120,19065,32767,32767,32767,32767,32767,2296.0,17300.0
1788.0,1702.0,9426,18622,19228,19450,20120,19065,32767,32767,32767,32767,32767,3179.0,17300.0
1639.0,1549.0,9950,19076,21632,22078,21303,19065,32767,32767,32767,32767,32767,3038.0,17300.0
1831.0,1702.0,9252,19076,20190,19975,20120,19065,32767,32767,32767,32767,32767,3179.0,17300.0
1512.0,1372.0,11521,19076,20671,22078,20712,19065,32767,32767,32767,32767,32767,2790.0,17300.0
1427.0,1346.0,10299,19076,21151,21027,21303,19065,32767,32767,32767,32767,32767,2049.0,17300.0
1576.0,1473.0,10823,19530,21632,21552,21303,19065,32767,32767,32767,32767,32767,2543.0,17300.0
1788.0,1702.0,12219,19530,21151,22078,21895,19065,32767,32767,32767,32767,32767,3038.0,17300.0
2087.0,2007.0,12219,19530,22593,21552,22487,19065,32767,32767,32767,32767,32767,3638.0,17300.0
2001.0,1778.0,10823,19530,21151,22604,21303,19065,32767,32767,32767,32767,32767,3143.0,17300.0
1469.0,1346.0,9950,19530,20671,19975,20120,19065,32767,32767,32767,32767,32767,2366.0,17300.0
1533.0,1499.0,10299,19530,20671,20501,20712,19065,32767,32767,32767,32767,32767,2119.0,17300.0
1533.0,1422.0,10823,19530,21151,21552,21303,19065,32767,32767,32767,32767,32767,2190.0,17300.0
1469.0,1473.0,11172,19984,21632,21552,22487,19065,32767,32767,32767,32767,32767,2366.0,17300.0
1533.0,1448.0,12045,20438,23074,22078,21895,19065,32767,32767,32767,32767,32767,2720.0,17300.0
1576.0,1600.0,12045,20438,22593,22604,22487,19065,32767,32767,32767,32767,32767,2720.0,17300.0
1405.0,1397.0,11696,21347,22593,22604,21895,19065,32767,32767,32767,32767,32767,2225.0,17300.0
1533.0,1473.0,11521,22255,22593,23129,23079,19065,32767,32767,32767,32767,32767,2472.0,17300.0
1423.0,1184.0,6908,14379,14796,16179,16132,19078,32767,32767,32767,32767,32767,2081.0,13100.0
2022.0,1742.0,6294,14379,16064,16179,16653,19078,32767,32767,32767,32767,32767,2392.0,13100.0
1741.0,1385.0,9978,16376,17755,18029,16653,19078,32767,32767,32767,32767,32767,3945.0,13100.0
1875.0,1611.0,6610,14799,15663,16665,16676,19105,32767,32767,32767,32767,32767,2519.0,12200.0
1781.0,1454.0,8762,15599,16933,17591,17197,19105,32767,32767,32767,32767,32767,3110.0,12200.0
1894.0,1633.0,9070,16399,18203,17128,17718,19105,32767,32767,32767,32767,32767,3359.0,12200.0
1612.0,1320.0,10146,16799,19050,18054,18239,19105,32767,32767,32767,32767,32767,3390.0,12200.0
1710.0,1581.0,11041,17783,19787,20054,19605,19140,32767,32767,32767,32767,32767,3191.0,15100.0
2031.0,1811.0,8061,17783,20269,20054,18417,19140,32767,32767,32767,32767,32767,2340.0,15100.0
2116.0,2193.0,10690,18695,21234,18998,20199,19140,32767,32767,32767,32767,32767,3227.0,15100.0
1838.0,1734.0,10865,18695,20269,20054,20199,19140,32767,32767,32767,32767,32767,3049.0,15100.0
2116.0,2015.0,11041,18695,21234,21109,21387,19140,32767,32767,32767,32767,32767,3546.0,15100.0
1646.0,1556.0,11041,19151,21717,21637,21387,19140,32767,32767,32767,32767,32767,2340.0,15100.0
1753.0,1658.0,11566,19607,21717,20582,20793,19140,32767,32767,32767,32767,32767,3439.0,15100.0
1667.0,1632.0,11566,19607,21234,21637,20793,19140,32767,32767,32767,32767,32767,3120.0,15100.0
1731.0,1760.0,11216,19607,21234,21637,21981,19140,32767,32767,32767,32767,32767,3014.0,15100.0
1646.0,1581.0,11216,19607,21717,22165,20199,19140,32767,32767,32767,32767,32767,2553.0,15100.0
2031.0,2040.0,11917,20063,22682,22165,22575,19140,32767,32767,32767,32767,32767,3333.0,15100.0
1624.0,1556.0,11391,20063,21717,21637,21387,19140,32767,32767,32767,32767,32767,2730.0,15100.0
1731.0,1785.0,12618,20519,22200,22165,21981,19140,32767,32767,32767,32767,32767,2979.0,15100.0
2201.0,2122.0,8748,16597,18570,18660,17299,19218,32767,32767,32767,32767,32767,2434.0,14600.0
1712.0,1565.0,10571,17545,18570,18660,18535,19218,32767,32767,32767,32767,32767,3245.0,14600.0
1756.0,1750.0,9295,18019,18068,18660,17917,19218,32767,32767,32767,32767,32767,2213.0,14600.0
3157.0,2811.0,9477,18019,19072,19758,19770,19218,32767,32767,32767,32767,32767,3024.0,14191.0
1467.0,1299.0,11300,18968,19573,20306,21624,19218,32767,32767,32767,32767,32767,2618.0,14600.0
1756.0,1538.0,10388,19442,20577,19209,19153,19218,32767,32767,32767,32767,32767,2655.0,14600.0
2261.0,2158.0,9533,16077,18474,18075,17355,19281,32767,32767,32767,32767,32767,3679.0,13900.0
1916.0,1798.0,8474,17914,18474,18075,19151,19281,32767,32767,32767,32767,32767,2215.0,13900.0
2196.0,1875.0,10063,18373,21391,20202,19749,19281,32767,32767,32767,32767,32767,3536.0,13900.0
2132.0,1721.0,10945,18373,20418,19138,18552,19281,32767,32767,32767,32767,32767,4179.0,13900.0
2132.0,1901.0,11298,18833,20418,19670,20348,19281,32767,32767,32767,32767,32767,3643.0,13900.0
2067.0,1670.0,12358,19292,19932,21265,19151,19281,32767,32767,32767,32767,32767,4501.0,13900.0
1680.0,1567.0,9003,19292,19932,23391,22742,19281,32767,32767,32767,32767,32767,2072.0,13900.0
2239.0,2209.0,12358,20670,24794,23923,22742,19281,32767,32767,32767,32767,32767,3822.0,13900.0
2196.0,1798.0,12887,21129,22849,22328,22143,19281,32767,32767,32767,32767,32767,4322.0,13900.0
2162.0,1805.0,7267,15680,15132,16013,16825,19359,32767,32767,32767,32767,32767,2654.0,13000.0
2659.0,2373.0,7445,15680,18060,17614,16224,19359,32767,32767,32767,32767,32767,2762.0,13000.0
2119.0,1728.0,9572,16142,17084,17081,16825,19359,32767,32767,32767,32767,32767,4411.0,13000.0
2616.0,2321.0,8685,17064,19037,18682,18627,19359,32767,32767,32767,32767,32767,2941.0,13000.0
2227.0,1960.0,8508,17064,17084,19216,19228,19359,32767,32767,32767,32767,32767,2726.0,13000.0
2248.0,2192.0,11167,17986,19037,20283,20430,19359,32767,32767,32767,32767,32767,4304.0,13000.0
2789.0,2476.0,9394,17986,20013,21351,21031,19359,32767,32767,32767,32767,32767,3586.0,13000.0
1989.0,1831.0,10635,18447,20989,19749,20430,19359,32767,32767,32767,32767,32767,3335.0,13000.0
2292.0,1960.0,10458,18909,19037,19749,19829,19359,32767,32767,32767,32767,32767,4196.0,13000.0
2270.0,2270.0,11167,19370,20501,21351,21031,19359,32767,32767,32767,32767,32767,3335.0,13000.0
2940.0,2682.0,8331,19370,20501,19749,21031,19359,32767,32767,32767,32767,32767,3228.0,12976.0
1946.0,1909.0,11521,19831,22454,21351,22233,19359,32767,32767,32767,32767,32767,2654.0,13000.0
1793.0,1551.0,11394,17214,20750,19370,19313,19379,32767,32767,32767,32767,32767,3495.0,14900.0
1883.0,1685.0,8638,17214,18219,19370,18067,19379,32767,32767,32767,32767,32767,2305.0,14900.0
1726.0,1818.0,9189,17692,18219,18816,19313,19379,32767,32767,32767,32767,32767,2194.0,14900.0
1793.0,1498.0,10843,18170,19737,19370,18690,19379,32767,32767,32767,32767,32767,3533.0,14900.0
1345.0,1096.0,10659,18648,19737,19923,19313,19379,32767,32767,32767,32767,32767,2900.0,14900.0
1748.0,1765.0,11027,19127,20750,22137,21182,19379,32767,32767,32767,32767,32767,2603.0,14900.0
1905.0,1899.0,10843,19127,21256,21030,18690,19379,32767,32767,32767,32767,32767,2566.0,14900.0
1435.0,1257.0,11027,20083,20750,22690,20559,19379,32767,32767,32767,32767,32767,2268.0,14900.0
1569.0,1524.0,10292,20083,21762,22137,20559,19379,32767,32767,32767,32767,32767,1822.0,14900.0
1547.0,1498.0,11578,20083,21762,21583,21182,19379,32767,32767,32767,32767,32767,2343.0,14900.0
1950.0,2032.0,12129,21039,23280,22137,21805,19379,32767,32767,32767,32767,32767,2900.0,14900.0
1824.0,1773.0,12737,21132,23383,23346,23153,19465,32767,32767,32767,32767,32767,3473.0,11600.0
1438.0,1236.0,11440,20295,23389,21923,21741,19584,32767,32767,32767,32767,32767,2595.0,17800.0
1374.0,1236.0,10747,20295,21480,20879,20566,19584,32767,32767,32767,32767,32767,2210.0,17800.0
1522.0,1488.0,10573,20295,21957,22445,22329,19584,32767,32767,32767,32767,32767,2455.0,17800.0
1628.0,1614.0,11267,20746,22912,22445,22917,19584,32767,32767,32767,32767,32767,2280.0,17800.0
1501.0,1488.0,11440,20746,21957,22445,22329,19584,32767,32767,32767,32767,32767,2490.0,17800.0
1438.0,1261.0,11093,20746,21957,21923,22329,19584,32767,32767,32767,32767,32767,2315.0,17800.0
1459.0,1412.0,11787,21197,23867,24011,24679,19584,32767,32767,32767,32767,32767,2174.0,17800.0
1480.0,1438.0,11093,21197,22435,24011,22917,19584,32767,32767,32767,32767,32767,2245.0,17800.0
1480.0,1412.0,11440,21197,23867,24011,23504,19584,32767,32767,32767,32767,32767,2350.0,17800.0
1416.0,1286.0,11093,21197,22912,22967,21741,19584,32767,32767,32767,32767,32767,2139.0,17800.0
2051.0,2270.0,11960,21648,22435,22967,22917,19584,32767,32767,32767,32767,32767,2701.0,17800.0
1480.0,1312.0,12480,21648,24344,24011,24092,19584,32767,32767,32767,32767,32767,2911.0,17800.0
1691.0,1715.0,11960,21648,23389,22967,22917,19584,32767,32767,32767,32767,32767,2525.0,17800.0
1564.0,1463.0,12134,21648,23867,23489,22329,19584,32767,32767,32767,32767,32767,2420.0,17800.0
1818.0,1942.0,12307,22550,24821,25055,24679,19584,32767,32767,32767,32767,32767,2525.0,17800.0
1607.0,1539.0,13347,23452,25776,26621,25267,19584,32767,32767,32767,32767,32767,3016.0,17800.0
1961.0,1738.0,6278,14341,16444,17521,17647,19605,32767,32767,32767,32767,32767,2231.0,12600.0
2278.0,2027.0,6890,14740,15601,17060,18166,19605,32767,32767,32767,32767,32767,2416.0,12600.0
2372.0,2139.0,7196,15537,18552,19365,20243,19605,32767,32767,32767,32767,32767,2540.0,12600.0
1737.0,1381.0,8880,15935,16866,18443,16609,19605,32767,32767,32767,32767,32767,3098.0,12600.0
1886.0,1582.0,8880,17130,18552,18904,18685,19605,32767,32767,32767,32767,32767,2850.0,12600.0
2241.0,1938.0,7809,17130,20239,17060,18166,19605,32767,32767,32767,32767,32767,2943.0,12600.0
2036.0,1916.0,9034,17528,21082,20287,18685,19605,32767,32767,32767,32767,32767,2509.0,12600.0
2110.0,1782.0,9799,17927,19817,19365,19205,19605,32767,32767,32767,32767,32767,3625.0,12600.0
1886.0,1716.0,8574,17927,18552,19365,19205,19605,32767,32767,32767,32767,32767,2045.0,12600.0
1699.0,1560.0,9952,18325,20239,21209,20243,19605,32767,32767,32767,32767,32767,2447.0,12600.0
2204.0,1938.0,10871,18724,21504,21670,20243,19605,32767,32767,32767,32767,32767,3810.0,12600.0
2148.0,1916.0,10565,19122,20239,21209,20243,19605,32767,32767,32767,32767,32767,3346.0,12600.0
1849.0,1448.0,11177,19122,21082,21209,20243,19605,32767,32767,32767,32767,32767,3872.0,12600.0
1811.0,1693.0,11483,19122,20660,22131,20762,19605,32767,32767,32767,32767,32767,2974.0,12600.0
1886.0,1604.0,12096,20317,22347,24898,22319,19605,32767,32767,32767,32767,32767,3625.0,12600.0
1645.0,1472.0,7819,16753,17309,17543,16630,19630,32767,32767,32767,32767,32767,2544.0,12000.0
1720.0,1495.0,8585,17152,17731,19390,18190,19630,32767,32767,32767,32767,32767,2916.0,12000.0
1496.0,1272.0,9198,17551,18576,20775,18709,19630,32767,32767,32767,32767,32767,2668.0,12000.0
1608.0,1249.0,10425,17950,19420,18928,18709,19630,32767,32767,32767,32767,32767,3784.0,12000.0
1720.0,1472.0,11498,18348,20687,20775,19749,19630,32767,32767,32767,32767,32767,3970.0,12000.0
1723.0,1474.0,6908,15178,15218,16179,16132,19656,32767,32767,32767,32767,32767,2143.0,13100.0
2437.0,2200.0,7561,16393,16359,17889,17087,19660,32767,32767,32767,32767,32767,2659.0,12100.0
1954.0,1519.0,10981,16861,18342,19515,17697,19660,32767,32767,32767,32767,32767,4371.0,12100.0
2218.0,1834.0,11701,18735,20325,20599,19528,19660,32767,32767,32767,32767,32767,4334.0,12100.0
1998.0,1807.0,10441,19203,23299,21141,20748,19660,32767,32767,32767,32767,32767,3242.0,12100.0
2305.0,2069.0,12421,20608,22803,23310,21358,19660,32767,32767,32767,32767,32767,3970.0,12100.0
2371.0,2174.0,12601,21545,23795,24394,25020,19660,32767,32767,32767,32767,32767,3242.0,12100.0
1912.0,1655.0,7686,15999,16933,17128,16676,19684,32767,32767,32767,32767,32767,2519.0,12200.0
1950.0,1633.0,9377,17198,19050,18054,18760,19684,32767,32767,32767,32767,32767,3484.0,12200.0
1512.0,1422.0,9950,18622,20190,19975,19528,19722,32767,32767,32767,32767,32767,2119.0,17300.0
1490.0,1448.0,10474,19076,21632,21027,21303,19722,32767,32767,32767,32767,32767,2190.0,17300.0
1533.0,1422.0,10299,19530,21632,19975,21303,19722,32767,32767,32767,32767,32767,2472.0,17300.0
1533.0,1549.0,11347,19530,21632,22078,20712,19722,32767,32767,32767,32767,32767,2366.0,17300.0
1554.0,1549.0,10299,19984,21151,21027,21303,19722,32767,32767,32767,32767,32767,2225.0,17300.0
1576.0,1549.0,11870,20438,23555,22604,23079,19722,32767,32767,32767,32767,32767,2296.0,17300.0
1639.0,1727.0,11696,20438,23074,22604,23079,19722,32767,32767,32767,32767,32767,2508.0,17300.0
1682.0,1651.0,11696,20438,23555,22604,21303,19722,32767,32767,32767,32767,32767,3143.0,17300.0
1448.0,1422.0,10823,20438,22593,23129,22487,19722,32767,32767,32767,32767,32767,2049.0,17300.0
1576.0,1422.0,12219,20893,23074,22604,23079,19722,32767,32767,32767,32767,32767,2543.0,17300.0
1427.0,1321.0,11696,21347,23074,23129,22487,19722,32767,32767,32767,32767,32767,2437.0,17300.0
1533.0,1499.0,11347,21347,23074,22604,22487,19722,32767,32767,32767,32767,32767,2649.0,17300.0
1895.0,2210.0,11870,22255,23074,24181,25446,19722,32767,32767,32767,32767,32767,3038.0,17300.0
1874.0,1956.0,12743,23164,25478,23129,23670,19722,32767,32767,32767,32767,32767,2508.0,17300.0
2574.0,2197.0,10475,19238,20786,21802,21410,19724,32767,32767,32767,32767,32767,3834.0,15500.0
2139.0,1815.0,6869,15992,16428,16331,17159,19744,32767,32767,32767,32767,32767,2195.0,12800.0
1874.0,1684.0,7231,16462,15930,17964,18998,19744,32767,32767,32767,32767,32767,2195.0,12800.0
1565.0,1420.0,7954,16933,17424,18509,18998,19744,32767,32767,32767,32767,32767,1646.0,12800.0
2073.0,1789.0,8135,17403,18419,18509,17772,19744,32767,32767,32767,32767,32767,2816.0,12800.0
3792.0,3525.0,9762,17403,19913,21231,20836,19744,32767,32767,32767,32767,32767,3328.0,11010.0
1477.0,1315.0,8858,17403,18917,18509,20223,19744,32767,32767,32767,32767,32767,2048.0,12800.0
1720.0,1578.0,8677,17403,18917,18509,18998,19744,32767,32767,32767,32767,32767,1902.0,12800.0
1962.0,1710.0,11389,19755,20909,20686,20223,19744,32767,32767,32767,32767,32767,4170.0,12800.0
1795.0,1887.0,11041,19151,21234,21109,20793,19800,32767,32767,32767,32767,32767,2624.0,15100.0
1646.0,1479.0,11041,19607,20752,20582,21387,19800,32767,32767,32767,32767,32767,2730.0,15100.0
1731.0,1709.0,12092,19607,21234,22165,21981,19800,32767,32767,32767,32767,32767,3333.0,15100.0
1689.0,1734.0,12092,19607,21717,21637,21387,19800,32767,32767,32767,32767,32767,3333.0,15100.0
1838.0,1785.0,12793,20063,22200,22693,20793,19800,32767,32767,32767,32767,32767,3404.0,15100.0
1731.0,1658.0,11917,20063,21717,21637,21981,19800,32767,32767,32767,32767,32767,2908.0,15100.0
1774.0,1683.0,11566,20063,21717,21109,21981,19800,32767,32767,32767,32767,32767,2979.0,15100.0
1731.0,1658.0,11917,20519,22200,22165,21387,19800,32767,32767,32767,32767,32767,2908.0,15100.0
1795.0,1709.0,13144,20519,23647,23220,22575,19800,32767,32767,32767,32767,32767,3439.0,15100.0
1795.0,1862.0,12092,20519,22682,22693,21981,19800,32767,32767,32767,32767,32767,3262.0,15100.0
1774.0,1658.0,11391,20975,24130,23220,24358,19800,32767,32767,32767,32767,32767,3227.0,15100.0
1712.0,1353.0,9842,18493,20577,18660,19153,19905,32767,32767,32767,32767,32767,3061.0,14600.0
1556.0,1565.0,10935,19442,21079,20306,20388,19905,32767,32767,32767,32767,32767,2434.0,14600.0
1600.0,1299.0,11664,19442,20577,20855,20388,19905,32767,32767,32767,32767,32767,3356.0,14600.0
1689.0,1565.0,8566,19442,18570,18111,19153,19905,32767,32767,32767,32767,32767,1881.0,14600.0
1556.0,1485.0,10753,19916,20075,23599,22242,19905,32767,32767,32767,32767,32767,2028.0,14600.0
2379.0,2466.0,10388,19916,20577,21953,21624,19905,32767,32767,32767,32767,32767,2913.0,14600.0
2156.0,2122.0,11117,20864,23087,23599,22860,19905,32767,32767,32767,32767,32767,2803.0,14600.0
2001.0,1671.0,13487,21339,23589,22502,21006,19905,32767,32767,32767,32767,32767,4204.0,14600.0
2519.0,2184.0,9003,16995,18960,19670,19749,19946,32767,32767,32767,32767,32767,3286.0,13900.0
1701.0,1490.0,9533,17455,18474,20202,19749,19946,32767,32767,32767,32767,32767,2250.0,13900.0
2132.0,1824.0,8650,17914,19932,21796,20348,19946,32767,32767,32767,32767,32767,2429.0,13900.0
2196.0,2106.0,11652,18833,20905,21265,22742,19946,32767,32767,32767,32767,32767,3572.0,13900.0
2196.0,1901.0,10592,19292,20905,20202,19749,19946,32767,32767,32767,32767,32767,3643.0,13900.0
2357.0,2089.0,7267,16142,16108,15479,16224,20026,32767,32767,32767,32767,32767,2475.0,13000.0
3005.0,2682.0,7799,16603,17084,20283,20430,20026,32767,32767,32767,32767,32767,2869.0,12775.0
1946.0,1728.0,8331,17064,18060,19749,19228,20026,32767,32767,32767,32767,32767,2367.0,13000.0
2032.0,1677.0,10458,17525,18549,20283,19829,20026,32767,32767,32767,32767,32767,4160.0,13000.0
2335.0,1960.0,10990,17986,20013,19749,19228,20026,32767,32767,32767,32767,32767,4555.0,13000.0
2681.0,2347.0,8154,18447,19037,20283,20430,20026,32767,32767,32767,32767,32767,3228.0,13000.0
2919.0,2682.0,9572,19370,20501,22952,22834,20026,32767,32767,32767,32767,32767,3120.0,12956.0
2270.0,1986.0,10812,19370,21965,22418,21031,20026,32767,32767,32767,32767,32767,3013.0,13000.0
2551.0,2321.0,11167,19370,21965,21885,22233,20026,32767,32767,32767,32767,32767,3730.0,13000.0
2162.0,2038.0,11699,20753,22942,21351,21031,20026,32767,32767,32767,32767,32767,3120.0,13000.0
1905.0,1738.0,8454,16736,17713,18816,18690,20071,32767,32767,32767,32767,32767,2417.0,14900.0
2062.0,1818.0,9373,17692,19737,18816,18690,20071,32767,32767,32767,32767,32767,2343.0,14900.0
1838.0,1765.0,9924,18170,18725,20476,19313,20071,32767,32767,32767,32767,32767,2268.0,14900.0
1322.0,1123.0,8638,18648,18219,21030,23674,20071,32767,32767,32767,32767,32767,1525.0,14900.0
1816.0,1685.0,9740,18648,20750,19923,19936,20071,32767,32767,32767,32767,32767,2305.0,14900.0
1816.0,1658.0,10843,18648,20244,21030,20559,20071,32767,32767,32767,32767,32767,2900.0,14900.0
1547.0,1551.0,11394,19605,22268,22137,22428,20071,32767,32767,32767,32767,32767,2417.0,14900.0
1748.0,1658.0,11394,19605,20750,20476,19936,20071,32767,32767,32767,32767,32767,3123.0,14900.0
1928.0,1658.0,12313,20083,22774,22690,21182,20071,32767,32767,32767,32767,32767,3644.0,14900.0
1748.0,1658.0,11578,20561,20750,22137,20559,20071,32767,32767,32767,32767,32767,2714.0,14900.0
1591.0,1498.0,12129,20561,21762,22690,21805,20071,32767,32767,32767,32767,32767,2603.0,14900.0
1995.0,1818.0,12313,20561,22268,23244,22428,20071,32767,32767,32767,32767,32767,3644.0,14900.0
1659.0,1605.0,11946,21039,22774,22137,21805,20071,32767,32767,32767,32767,32767,2789.0,14900.0
1614.0,1551.0,12313,21517,23786,23797,24297,20071,32767,32767,32767,32767,32767,2380.0,14900.0
2727.0,2473.0,7196,15537,17709,18904,19205,20182,32767,32767,32767,32767,32767,2602.0,12600.0
2558.0,2250.0,7656,15935,18974,18443,19724,20182,32767,32767,32767,32767,32767,3005.0,12600.0
2353.0,2005.0,9493,17528,20239,20748,20243,20182,32767,32767,32767,32767,32767,3501.0,12600.0
1998.0,1671.0,11330,19122,22347,22131,21800,20182,32767,32767,32767,32767,32767,3872.0,12600.0
2372.0,2094.0,10871,20317,24877,22131,21281,20182,32767,32767,32767,32767,32767,3346.0,12600.0
1942.0,1849.0,11636,20715,23612,23515,22319,20182,32767,32767,32767,32767,32767,3687.0,12600.0
2185.0,2027.0,11177,20715,23190,23976,23876,20182,32767,32767,32767,32767,32767,2633.0,12600.0
1515.0,1227.0,8125,15955,16887,19390,17150,20208,32767,32767,32767,32767,32767,2419.0,12000.0
1758.0,1673.0,8738,16354,16043,20313,18709,20208,32767,32767,32767,32767,32767,2482.0,12000.0
1758.0,1539.0,11651,19146,21109,21236,19749,20208,32767,32767,32767,32767,32767,4001.0,12000.0
1739.0,1405.0,11958,21141,21953,23544,21308,20208,32767,32767,32767,32767,32767,4188.0,12000.0
1610.0,1340.0,8596,15976,17332,19415,18734,20234,32767,32767,32767,32767,32767,2640.0,13100.0
1501.0,1463.0,10920,20295,22435,22445,21741,20237,32767,32767,32767,32767,32767,2350.0,17800.0
1416.0,1261.0,11093,20746,23389,23489,22329,20237,32767,32767,32767,32767,32767,2385.0,17800.0
1438.0,1387.0,12134,20746,23867,23489,24092,20237,32767,32767,32767,32767,32767,2455.0,17800.0
1480.0,1312.0,11267,21648,23389,23489,21741,20237,32767,32767,32767,32767,32767,2560.0,17800.0
1480.0,1412.0,11613,21648,22912,22967,22917,20237,32767,32767,32767,32767,32767,2280.0,17800.0
1480.0,1488.0,11613,21648,23389,23489,22917,20237,32767,32767,32767,32767,32767,2174.0,17800.0
1480.0,1387.0,11613,22099,24344,24011,22917,20237,32767,32767,32767,32767,32767,2174.0,17800.0
1607.0,1690.0,12134,22099,24821,24011,25855,20237,32767,32767,32767,32767,32767,2490.0,17800.0
1670.0,1614.0,11787,22099,23867,25055,23504,20237,32767,32767,32767,32767,32767,2490.0,17800.0
1586.0,1438.0,12480,22099,24821,24533,24679,20237,32767,32767,32767,32767,32767,2630.0,17800.0
1712.0,1740.0,11960,22099,24344,24533,24092,20237,32767,32767,32767,32767,32767,2490.0,17800.0
1586.0,1564.0,12480,22099,25776,25055,24679,20237,32767,32767,32767,32767,32767,2280.0,17800.0
1903.0,1967.0,12307,22550,24821,24011,24092,20237,32767,32767,32767,32767,32767,2455.0,17800.0
1564.0,1614.0,12307,22550,26253,25055,24679,20237,32767,32767,32767,32767,32767,2315.0,17800.0
1501.0,1412.0,11960,23001,24344,24011,23504,20237,32767,32767,32767,32767,32767,2210.0,17800.0
1987.0,2194.0,11787,23452,23389,25577,25267,20237,32767,32767,32767,32767,32767,2420.0,17800.0
1924.0,2043.0,12480,23452,25299,25055,24679,20237,32767,32767,32767,32767,32767,2981.0,17800.0
1744.0,1499.0,7840,14799,14816,16202,16676,20263,32767,32767,32767,32767,32767,3328.0,12200.0
2044.0,1834.0,7686,16799,18203,18979,18760,20263,32767,32767,32767,32767,32767,2302.0,12200.0
3081.0,2712.0,10937,19639,21210,21802,21410,20304,32767,32767,32767,32767,32767,4021.0,15500.0
2569.0,2279.0,8461,16393,16855,17889,18307,20338,32767,32767,32767,32767,32767,3096.0,12100.0
2723.0,2410.0,8641,17330,19333,19515,20138,20338,32767,32767,32767,32767,32767,3424.0,12100.0
1888.0,1676.0,9361,17798,20820,20057,20138,20338,32767,32767,32767,32767,32767,2622.0,12100.0
2459.0,2174.0,9721,17798,19829,18973,20138,20338,32767,32767,32767,32767,32767,3205.0,12100.0
2240.0,2017.0,8461,18735,20325,20057,19528,20338,32767,32767,32767,32767,32767,2440.0,12100.0
2525.0,2227.0,11161,19203,22308,20057,21358,20338,32767,32767,32767,32767,32767,3861.0,12100.0
2064.0,2122.0,12061,19672,21316,23310,22579,20338,32767,32767,32767,32767,32767,3569.0,12100.0
2788.0,2436.0,11701,20140,22308,21683,22579,20338,32767,32767,32767,32767,32767,4261.0,12100.0
2042.0,1991.0,12061,20608,23795,24394,23799,20338,32767,32767,32767,32767,32767,3314.0,12100.0
2876.0,2515.0,12241,21077,22803,22768,23189,20338,32767,32767,32767,32767,32767,4261.0,12100.0
3711.0,3484.0,12961,21077,23795,24394,22579,20338,32767,32767,32767,32767,32767,4298.0,10527.0
2152.0,2096.0,13501,21545,24786,25478,23799,20338,32767,32767,32767,32767,32767,3351.0,12100.0
2240.0,1965.0,10621,23419,23299,22225,21969,20338,32767,32767,32767,32767,32767,2768.0,12100.0
1363.0,1270.0,10299,19530,22113,20501,20712,20380,32767,32767,32767,32767,32767,2119.0,17300.0
1533.0,1524.0,10823,20438,23555,22604,22487,20380,32767,32767,32767,32767,32767,2155.0,17300.0
1576.0,1549.0,11172,20438,22593,22604,23079,20380,32767,32767,32767,32767,32767,2366.0,17300.0
1533.0,1473.0,11172,20438,22113,22078,21895,20380,32767,32767,32767,32767,32767,2331.0,17300.0
1639.0,1651.0,10823,20438,23555,22078,24262,20380,32767,32767,32767,32767,32767,2331.0,17300.0
1682.0,1626.0,11172,20438,22113,23129,23670,20380,32767,32767,32767,32767,32767,2755.0,17300.0
1448.0,1422.0,10997,20893,22593,22604,21895,20380,32767,32767,32767,32767,32767,1978.0,17300.0
1597.0,1626.0,11347,20893,23074,22604,22487,20380,32767,32767,32767,32767,32767,2508.0,17300.0
1576.0,1600.0,11172,20893,22593,22604,21895,20380,32767,32767,32767,32767,32767,2366.0,17300.0
1533.0,1600.0,10997,21347,23555,23129,23670,20380,32767,32767,32767,32767,32767,2119.0,17300.0
1661.0,1499.0,11172,21801,23074,23129,22487,20380,32767,32767,32767,32767,32767,3285.0,17300.0
1703.0,1727.0,12045,22255,23555,23655,23670,20380,32767,32767,32767,32767,32767,2755.0,17300.0
1639.0,1778.0,12743,22709,24516,24706,24262,20380,32767,32767,32767,32767,32767,2508.0,17300.0
1682.0,1651.0,12568,23164,24997,25232,24854,20380,32767,32767,32767,32767,32767,2402.0,17300.0
1767.0,2007.0,13441,23618,25478,27335,26038,20380,32767,32767,32767,32767,32767,2720.0,17300.0
2095.0,1841.0,7412,16462,17424,17420,19610,20424,32767,32767,32767,32767,32767,2780.0,12800.0
1962.0,1684.0,8135,17403,19913,19598,20836,20424,32767,32767,32767,32767,32767,2012.0,12800.0
2139.0,1894.0,9762,17403,18419,19598,18385,20424,32767,32767,32767,32767,32767,3072.0,12800.0
1852.0,1789.0,8677,17873,17922,18509,18998,20424,32767,32767,32767,32767,32767,2085.0,12800.0
2073.0,1841.0,9039,17873,19415,20142,21449,20424,32767,32767,32767,32767,32767,2963.0,12800.0
1984.0,1684.0,9762,18344,19913,20142,20223,20424,32767,32767,32767,32767,32767,3255.0,12800.0
2051.0,1631.0,11027,18814,20411,21775,21449,20424,32767,32767,32767,32767,32767,4865.0,12800.0
1896.0,1684.0,10485,18814,19913,20142,20223,20424,32767,32767,32767,32767,32767,2780.0,12800.0
1786.0,1578.0,11208,19284,20909,20142,21449,20424,32767,32767,32767,32767,32767,3072.0,12800.0
1543.0,1368.0,9039,19755,20909,20142,20223,20424,32767,32767,32767,32767,32767,2487.0,12800.0
2536.0,2210.0,11389,20225,21406,20142,21449,20424,32767,32767,32767,32767,32767,4023.0,12800.0
2139.0,2104.0,12835,21166,23895,24497,23287,20424,32767,32767,32767,32767,32767,3219.0,12800.0
2095.0,1973.0,13558,21636,25389,25041,23287,20424,32767,32767,32767,32767,32767,3365.0,12800.0
2522.0,2346.0,9288,17783,20752,20582,21981,20460,32767,32767,32767,32767,32767,2801.0,15100.0
1496.0,1403.0,9113,18239,19304,21109,20793,20460,32767,32767,32767,32767,32767,1808.0,15100.0
2522.0,2270.0,9639,19607,21717,22693,23169,20460,32767,32767,32767,32767,32767,2766.0,15100.0
1988.0,1913.0,12267,21887,22682,23220,21981,20460,32767,32767,32767,32767,32767,3227.0,15100.0
1966.0,1862.0,10865,21887,23647,24276,24358,20460,32767,32767,32767,32767,32767,3475.0,15100.0
2202.0,2091.0,14195,23255,26060,25859,24952,20460,32767,32767,32767,32767,32767,3439.0,15100.0
1881.0,1836.0,13319,24623,25095,27970,24358,20460,32767,32767,32767,32767,32767,3475.0,15100.0
1578.0,1353.0,10571,18968,20075,20306,19770,20591,32767,32767,32767,32767,32767,2950.0,14600.0
2401.0,2307.0,11482,19442,21581,22502,22242,20591,32767,32767,32767,32767,32767,3724.0,14600.0
2090.0,1856.0,12029,20390,22585,23050,21006,20591,32767,32767,32767,32767,32767,3245.0,14600.0
1689.0,1618.0,12758,20390,22585,23050,22860,20591,32767,32767,32767,32767,32767,3393.0,14600.0
2134.0,1803.0,12393,20390,22585,23599,24713,20591,32767,32767,32767,32767,32767,4499.0,14600.0
1778.0,1538.0,11664,21339,22585,21953,22242,20591,32767,32767,32767,32767,32767,3724.0,14600.0
1756.0,1750.0,12393,21339,23589,23050,21624,20591,32767,32767,32767,32767,32767,2876.0,14600.0
1667.0,1353.0,12940,22287,23589,22502,23477,20591,32767,32767,32767,32767,32767,3909.0,14600.0
3531.0,3237.0,8650,16995,19446,21796,20946,20611,32767,32767,32767,32767,32767,3393.0,12685.0
1766.0,1567.0,10945,18833,19932,21796,21545,20611,32767,32767,32767,32767,32767,2786.0,13900.0
2519.0,2132.0,9710,19292,20418,22328,23938,20611,32767,32767,32767,32767,32767,2965.0,13900.0
2390.0,2158.0,11828,19751,21877,21796,22143,20611,32767,32767,32767,32767,32767,3822.0,13900.0
2046.0,1901.0,10416,20211,22849,20733,21545,20611,32767,32767,32767,32767,32767,2643.0,13900.0
2067.0,1927.0,11652,20211,23335,22860,22742,20611,32767,32767,32767,32767,32767,2822.0,13900.0
2110.0,2055.0,11298,20670,21391,22860,20946,20611,32767,32767,32767,32767,32767,3536.0,13900.0
1830.0,1721.0,12358,22048,24308,24455,23938,20611,32767,32767,32767,32767,32767,3250.0,13900.0
2067.0,2055.0,12181,22048,22849,23391,23938,20611,32767,32767,32767,32767,32767,3393.0,13900.0
2110.0,1927.0,12534,22507,24794,23923,23340,20611,32767,32767,32767,32767,32767,3108.0,13900.0
2003.0,1952.0,13417,22967,25280,26049,25135,20611,32767,32767,32767,32767,32767,3072.0,13900.0
1744.0,1618.0,12711,23426,25280,24986,23938,20611,32767,32767,32767,32767,32767,2608.0,13900.0
2681.0,2450.0,7976,17064,17084,18148,19228,20694,32767,32767,32767,32767,32767,2905.0,13000.0
2508.0,2192.0,8863,17525,18060,18682,18627,20694,32767,32767,32767,32767,32767,3084.0,13000.0
2292.0,2063.0,8331,17986,19525,19749,19829,20694,32767,32767,32767,32767,32767,2295.0,13000.0
2421.0,2192.0,9217,18447,20013,19749,20430,20694,32767,32767,32767,32767,32767,3048.0,13000.0
2638.0,2296.0,13117,19831,23430,24020,22233,20694,32767,32767,32767,32767,32767,4555.0,13000.0
2465.0,2141.0,11699,19831,22942,21885,22834,20694,32767,32767,32767,32767,32767,3909.0,13000.0
2032.0,2038.0,11344,20292,22454,23486,24035,20694,32767,32767,32767,32767,32767,2475.0,13000.0
2097.0,1960.0,11521,20753,22942,22418,22233,20694,32767,32767,32767,32767,32767,3048.0,13000.0
2313.0,2244.0,11876,20753,21477,22952,22834,20694,32767,32767,32767,32767,32767,4160.0,13000.0
2316.0,2072.0,8880,17528,18974,20287,21281,20759,32767,32767,32767,32767,32767,2943.0,12600.0
2054.0,1827.0,8880,17528,18974,20287,19724,20759,32767,32767,32767,32767,32767,2602.0,12600.0
2334.0,2027.0,10871,18325,21504,21209,20762,20759,32767,32767,32767,32767,32767,3996.0,12600.0
2465.0,2183.0,7962,18325,20660,21209,22319,20759,32767,32767,32767,32767,32767,2695.0,12600.0
1811.0,1582.0,10718,18724,20660,22131,20762,20759,32767,32767,32767,32767,32767,3067.0,12600.0
2017.0,1738.0,10871,19520,21504,22592,20762,20759,32767,32767,32767,32767,32767,3470.0,12600.0
1737.0,1626.0,11483,20317,22347,21670,21800,20759,32767,32767,32767,32767,32767,2974.0,12600.0
1998.0,1738.0,11943,20715,21925,23053,22319,20759,32767,32767,32767,32767,32767,3315.0,12600.0
1830.0,1871.0,11636,21114,22768,23515,22838,20759,32767,32767,32767,32767,32767,2819.0,12600.0
1748.0,1631.0,10108,18648,20244,22137,21182,20764,32767,32767,32767,32767,32767,2231.0,14900.0
2398.0,2300.0,8638,18648,20244,19370,19313,20764,32767,32767,32767,32767,32767,2677.0,14900.0
1614.0,1578.0,12313,20561,22774,22690,21805,20764,32767,32767,32767,32767,32767,2454.0,14900.0
1771.0,1685.0,11027,20561,23280,21030,21805,20764,32767,32767,32767,32767,32767,2491.0,14900.0
2017.0,1925.0,11578,20561,22774,22137,21805,20764,32767,32767,32767,32767,32767,2863.0,14900.0
1793.0,1711.0,12864,21517,23786,22690,23051,20764,32767,32767,32767,32767,32767,3123.0,14900.0
1838.0,1899.0,13416,21517,24292,24350,24297,20764,32767,32767,32767,32767,32767,3086.0,14900.0
1928.0,1979.0,12129,21517,23280,24350,23674,20764,32767,32767,32767,32767,32767,2863.0,14900.0
1636.0,1605.0,12313,21517,22774,24904,23674,20764,32767,32767,32767,32767,32767,3086.0,14900.0
1748.0,1658.0,11946,21517,23280,23244,23051,20764,32767,32767,32767,32767,32767,2826.0,14900.0
2062.0,1818.0,13232,21517,24292,23797,23674,20764,32767,32767,32767,32767,32767,3942.0,14900.0
1950.0,2006.0,13232,22474,25304,25457,25543,20764,32767,32767,32767,32767,32767,3012.0,14900.0
1704.0,1658.0,12681,22474,24292,23797,24297,20764,32767,32767,32767,32767,32767,2603.0,14900.0
1907.0,1606.0,7052,16354,16043,17081,17150,20785,32767,32767,32767,32767,32767,2419.0,12000.0
1627.0,1472.0,10271,18747,19842,18928,19229,20785,32767,32767,32767,32767,32767,2916.0,12000.0
1832.0,1584.0,12264,19944,21109,21236,19749,20785,32767,32767,32767,32767,32767,4343.0,12000.0
1758.0,1495.0,12418,19944,21953,22159,21308,20785,32767,32767,32767,32767,32767,4125.0,12000.0
1851.0,1539.0,12418,20343,21531,21698,21308,20785,32767,32767,32767,32767,32767,4560.0,12000.0
2060.0,1765.0,8289,17574,16909,19878,20295,20813,32767,32767,32767,32767,32767,2982.0,13100.0
1666.0,1407.0,7829,17574,17755,18953,19255,20813,32767,32767,32767,32767,32767,2547.0,13100.0
1666.0,1407.0,9364,17574,19446,20802,19255,20813,32767,32767,32767,32767,32767,3168.0,13100.0
2116.0,2010.0,7982,17574,17755,18953,18214,20813,32767,32767,32767,32767,32767,2640.0,13100.0
1535.0,1385.0,9825,19571,20714,20340,18734,20813,32767,32767,32767,32767,32767,2361.0,13100.0
1781.0,1588.0,10914,18398,20319,20831,21366,20841,32767,32767,32767,32767,32767,3670.0,12200.0
2004.0,1934.0,12367,20652,23891,23902,23153,20855,32767,32767,32767,32767,32767,3212.0,11600.0
1522.0,1539.0,11787,21648,22912,23489,23504,20889,32767,32767,32767,32767,32767,2315.0,17800.0
2072.0,1993.0,12827,22099,24821,25055,24092,20889,32767,32767,32767,32767,32767,3262.0,17800.0
1480.0,1286.0,11960,22099,23389,24011,23504,20889,32767,32767,32767,32767,32767,2280.0,17800.0
1459.0,1337.0,11267,22099,23867,24011,24092,20889,32767,32767,32767,32767,32767,2630.0,17800.0
1903.0,1942.0,11960,22550,23867,25577,26442,20889,32767,32767,32767,32767,32767,2876.0,17800.0
1628.0,1614.0,11960,22550,24821,25577,24679,20889,32767,32767,32767,32767,32767,2420.0,17800.0
1649.0,1564.0,12480,23001,24821,25055,25855,20889,32767,32767,32767,32767,32767,2420.0,17800.0
1480.0,1412.0,12307,23001,24821,25577,26442,20889,32767,32767,32767,32767,32767,2701.0,17800.0
1543.0,1463.0,12134,23001,25299,24533,24092,20889,32767,32767,32767,32767,32767,2210.0,17800.0
1628.0,1740.0,12480,23001,24344,25577,25267,20889,32767,32767,32767,32767,32767,2315.0,17800.0
2008.0,2119.0,13174,23452,25776,26621,25855,20889,32767,32767,32767,32767,32767,2701.0,17800.0
1966.0,2093.0,12827,24354,24821,27665,25855,20889,32767,32767,32767,32767,32767,2490.0,17800.0
1628.0,1513.0,13174,24805,27685,27665,27030,20889,32767,32767,32767,32767,32767,2665.0,17800.0
2072.0,2220.0,12654,24805,24821,27665,26442,20889,32767,32767,32767,32767,32767,2665.0,17800.0
2114.0,2320.0,13000,25256,25776,28709,28205,20889,32767,32767,32767,32767,32767,2595.0,17800.0
1776.0,1740.0,13867,25707,28163,28709,28205,20889,32767,32767,32767,32767,32767,2806.0,17800.0
1844.0,1624.0,7381,14988,15863,16263,17697,21016,32767,32767,32767,32767,32767,2295.0,12100.0
2613.0,2384.0,7921,17330,18342,19515,19528,21016,32767,32767,32767,32767,32767,2513.0,12100.0
2876.0,2593.0,10441,19203,20325,21141,21358,21016,32767,32767,32767,32767,32767,3824.0,12100.0
2635.0,2436.0,9181,19203,20820,20599,20138,21016,32767,32767,32767,32767,32767,2805.0,12100.0
2064.0,1991.0,11341,19672,20820,21141,20748,21016,32767,32767,32767,32767,32767,2768.0,12100.0
3250.0,2934.0,10621,20140,21316,21683,21969,21016,32767,32767,32767,32767,32767,3497.0,11571.0
3689.0,3458.0,10081,20608,24290,21683,21969,21016,32767,32767,32767,32767,32767,3242.0,10426.0
2042.0,1807.0,14221,22013,24290,26020,24410,21016,32767,32767,32767,32767,32767,4152.0,12100.0
2393.0,2253.0,13501,23419,26273,27104,24410,21016,32767,32767,32767,32767,32767,3533.0,12100.0
2257.0,2007.0,10648,19530,21151,21552,22487,21037,32767,32767,32767,32767,32767,3179.0,17300.0
1682.0,1651.0,10648,20438,22593,23129,22487,21037,32767,32767,32767,32767,32767,2614.0,17300.0
1703.0,1753.0,11172,20893,23074,22604,22487,21037,32767,32767,32767,32767,32767,2437.0,17300.0
1597.0,1626.0,10997,20893,23555,22078,22487,21037,32767,32767,32767,32767,32767,2366.0,17300.0
1597.0,1575.0,11347,21801,24036,23129,23079,21037,32767,32767,32767,32767,32767,2084.0,17300.0
1533.0,1524.0,11172,21801,24997,23655,21895,21037,32767,32767,32767,32767,32767,2119.0,17300.0
1703.0,1829.0,13092,22255,24997,25232,24854,21037,32767,32767,32767,32767,32767,2967.0,17300.0
1682.0,1702.0,12045,22255,24036,24706,23079,21037,32767,32767,32767,32767,32767,2578.0,17300.0
1874.0,1753.0,12743,23164,25478,25758,24854,21037,32767,32767,32767,32767,32767,3921.0,17300.0
1639.0,1626.0,12568,23618,24516,25232,24262,21037,32767,32767,32767,32767,32767,2260.0,17300.0
1962.0,1710.0,8677,16933,18419,19598,19610,21105,32767,32767,32767,32767,32767,2524.0,12800.0
1896.0,1762.0,11931,20696,23398,23953,22675,21105,32767,32767,32767,32767,32767,3146.0,12800.0
1896.0,1762.0,11027,20696,22402,22319,22062,21105,32767,32767,32767,32767,32767,2634.0,12800.0
1731.0,1530.0,12618,20063,21717,22165,20793,21120,32767,32767,32767,32767,32767,3510.0,15100.0
1966.0,1887.0,11391,20519,22682,21637,21981,21120,32767,32767,32767,32767,32767,3049.0,15100.0
1902.0,1938.0,12267,20975,22200,23748,23764,21120,32767,32767,32767,32767,32767,2979.0,15100.0
1795.0,1836.0,12618,20975,23165,23748,22575,21120,32767,32767,32767,32767,32767,3085.0,15100.0
1774.0,1785.0,11566,20975,22682,22693,22575,21120,32767,32767,32767,32767,32767,2588.0,15100.0
1881.0,1734.0,12443,20975,23647,24276,23764,21120,32767,32767,32767,32767,32767,3156.0,15100.0
1902.0,1760.0,10340,20975,21717,22693,23169,21120,32767,32767,32767,32767,32767,3794.0,15100.0
1988.0,2168.0,10690,21431,23165,23220,23169,21120,32767,32767,32767,32767,32767,2482.0,15100.0
1924.0,2091.0,12968,21887,23165,23748,22575,21120,32767,32767,32767,32767,32767,3085.0,15100.0
1731.0,1709.0,12793,21887,23647,24276,23764,21120,32767,32767,32767,32767,32767,2482.0,15100.0
2180.0,2066.0,12618,22343,25095,24804,24358,21120,32767,32767,32767,32767,32767,3262.0,15100.0
1988.0,2015.0,13494,23711,26060,26914,26734,21120,32767,32767,32767,32767,32767,3049.0,15100.0
3706.0,3643.0,8397,19067,20180,22527,23289,21274,32767,32767,32767,32767,32767,2657.0,13175.0
2412.0,2235.0,9357,19751,20418,20733,20946,21275,32767,32767,32767,32767,32767,2786.0,13900.0
2175.0,1927.0,11475,19751,21877,23391,22143,21275,32767,32767,32767,32767,32767,3893.0,13900.0
2175.0,1901.0,9003,20670,21877,22328,22742,21275,32767,32767,32767,32767,32767,2536.0,13900.0
1938.0,1850.0,11298,20670,22363,23391,22143,21275,32767,32767,32767,32767,32767,3536.0,13900.0
1916.0,1952.0,12711,21129,24794,23923,24537,21275,32767,32767,32767,32767,32767,3143.0,13900.0
1852.0,1695.0,10769,21129,22363,22328,20946,21275,32767,32767,32767,32767,32767,3322.0,13900.0
2089.0,2055.0,12534,22048,23335,23923,23340,21275,32767,32767,32767,32767,32767,3393.0,13900.0
1916.0,2004.0,13064,22048,25280,24455,23938,21275,32767,32767,32767,32767,32767,3036.0,13900.0
3101.0,2800.0,11652,22967,24794,25518,25135,21275,32767,32767,32767,32767,32767,4036.0,13743.0
2605.0,2466.0,12887,23426,26739,24986,25135,21275,32767,32767,32767,32767,32767,3643.0,13900.0
2534.0,2228.0,8930,18019,19072,19209,20388,21277,32767,32767,32767,32767,32767,3134.0,14600.0
2290.0,2069.0,9295,18968,20577,19758,21624,21277,32767,32767,32767,32767,32767,2692.0,14600.0
1556.0,1459.0,10753,19442,21079,21404,22860,21277,32767,32767,32767,32767,32767,2323.0,14600.0
1778.0,1697.0,12758,21813,23087,23050,22242,21277,32767,32767,32767,32767,32767,2987.0,14600.0
1689.0,1538.0,12211,22761,23087,23599,24095,21277,32767,32767,32767,32767,32767,3134.0,14600.0
2540.0,2273.0,8115,17130,19395,21209,20762,21335,32767,32767,32767,32767,32767,2881.0,12600.0
2428.0,2117.0,11483,19122,22347,22131,21800,21335,32767,32767,32767,32767,32767,3965.0,12600.0
2428.0,2206.0,9646,19122,21082,22592,21281,21335,32767,32767,32767,32767,32767,3067.0,12600.0
1886.0,1515.0,9952,19122,20660,20748,18685,21335,32767,32767,32767,32767,32767,3625.0,12600.0
2614.0,2362.0,10411,20317,23190,22131,22319,21335,32767,32767,32767,32767,32767,3532.0,12600.0
2508.0,2192.0,10281,18447,20501,20817,21031,21361,32767,32767,32767,32767,32767,4124.0,13000.0
2378.0,1986.0,11344,18909,21477,21885,20430,21361,32767,32767,32767,32767,32767,4770.0,13000.0
2638.0,2321.0,10281,19370,20013,21351,21632,21361,32767,32767,32767,32767,32767,4160.0,13000.0
3048.0,2786.0,13826,22137,26359,24553,23434,21361,32767,32767,32767,32767,32767,5164.0,12817.0
2573.0,2631.0,13294,22598,24894,26155,25838,21361,32767,32767,32767,32767,32767,3586.0,13000.0
2225.0,1963.0,8432,17950,20264,19390,20788,21362,32767,32767,32767,32767,32767,3071.0,12000.0
1907.0,1628.0,11345,18747,20687,22159,20268,21362,32767,32767,32767,32767,32767,3815.0,12000.0
1963.0,1718.0,12111,19944,21109,21698,20268,21362,32767,32767,32767,32767,32767,4063.0,12000.0
1758.0,1472.0,11958,20343,22797,22159,21308,21362,32767,32767,32767,32767,32767,3474.0,12000.0
1704.0,1497.0,8443,17574,17332,20340,19255,21391,32767,32767,32767,32767,32767,2516.0,13100.0
1554.0,1318.0,7829,17574,17755,19878,19255,21391,32767,32767,32767,32767,32767,2143.0,13100.0
2081.0,1812.0,7840,15999,16933,18979,17718,21420,32767,32767,32767,32767,32767,2830.0,12200.0
1969.0,1678.0,9838,17998,19473,20368,19802,21420,32767,32767,32767,32767,32767,3452.0,12200.0
1591.0,1444.0,9005,17692,20244,21030,20559,21456,32767,32767,32767,32767,32767,1636.0,14900.0
2107.0,1792.0,11210,19605,21256,21030,21182,21456,32767,32767,32767,32767,32767,3681.0,14900.0
1771.0,1605.0,11578,20561,22268,22690,21805,21456,32767,32767,32767,32767,32767,2752.0,14900.0
1726.0,1765.0,12313,20561,23786,23797,23051,21456,32767,32767,32767,32767,32767,2826.0,14900.0
1614.0,1498.0,12681,21039,24292,23797,22428,21456,32767,32767,32767,32767,32767,2714.0,14900.0
1816.0,1792.0,12129,21517,23280,22690,22428,21456,32767,32767,32767,32767,32767,3012.0,14900.0
1704.0,1578.0,13048,21517,23786,24350,25543,21456,32767,32767,32767,32767,32767,3086.0,14900.0
1816.0,1738.0,12864,21996,23786,25457,23674,21456,32767,32767,32767,32767,32767,3012.0,14900.0
1636.0,1605.0,12497,21996,23786,24350,23051,21456,32767,32767,32767,32767,32767,2789.0,14900.0
1883.0,1872.0,13967,22474,25811,26011,24920,21456,32767,32767,32767,32767,32767,3384.0,14900.0
1748.0,1658.0,12864,22474,25304,24904,24297,21456,32767,32767,32767,32767,32767,2900.0,14900.0
1793.0,1818.0,13600,23430,25811,24904,24297,21456,32767,32767,32767,32767,32767,2826.0,14900.0
1681.0,1658.0,13416,23908,26317,26011,24920,21456,32767,32767,32767,32767,32767,2603.0,14900.0
2178.0,1993.0,11613,22550,25776,22445,23504,21542,32767,32767,32767,32767,32767,3016.0,17800.0
1480.0,1412.0,12480,23001,23867,27143,24679,21542,32767,32767,32767,32767,32767,1964.0,17800.0
2072.0,2093.0,12827,23001,25299,26099,25267,21542,32767,32767,32767,32767,32767,2806.0,17800.0
1459.0,1387.0,12134,23001,23867,25055,24679,21542,32767,32767,32767,32767,32767,2280.0,17800.0
1607.0,1539.0,12307,23903,25776,26621,25267,21542,32767,32767,32767,32767,32767,2595.0,17800.0
1438.0,1362.0,13000,23903,26731,26621,26442,21542,32767,32767,32767,32767,32767,2280.0,17800.0
1522.0,1362.0,12654,23903,26253,26099,25267,21542,32767,32767,32767,32767,32767,2315.0,17800.0
1776.0,1816.0,13347,24354,27208,26621,25267,21542,32767,32767,32767,32767,32767,2771.0,17800.0
1712.0,1715.0,12827,24354,27208,26621,25855,21542,32767,32767,32767,32767,32767,2455.0,17800.0
1818.0,1866.0,13174,24354,26731,26621,25855,21542,32767,32767,32767,32767,32767,2455.0,17800.0
1818.0,1866.0,12827,24354,26731,28709,27030,21542,32767,32767,32767,32767,32767,2665.0,17800.0
2156.0,2447.0,13347,25256,26731,29231,28793,21542,32767,32767,32767,32767,32767,2736.0,17800.0
1818.0,1816.0,13867,25707,28163,28709,27030,21542,32767,32767,32767,32767,32767,2841.0,17800.0
2135.0,2371.0,13520,25707,26253,29753,28205,21542,32767,32767,32767,32767,32767,2595.0,17800.0
2296.0,2229.0,8676,18250,18808,20011,21901,21550,32767,32767,32767,32767,32767,2502.0,11600.0
1981.0,1853.0,12183,21132,23891,22234,23153,21550,32767,32767,32767,32767,32767,3100.0,11600.0
2229.0,2041.0,12183,21132,22366,22790,23153,21550,32767,32767,32767,32767,32767,3660.0,11600.0
1852.0,1702.0,12045,21347,23555,24181,24262,21695,32767,32767,32767,32767,32767,2967.0,17300.0
1576.0,1600.0,11521,21347,23555,24706,24262,21695,32767,32767,32767,32767,32767,2296.0,17300.0
1448.0,1422.0,11521,22255,24997,24181,24262,21695,32767,32767,32767,32767,32767,2049.0,17300.0
1597.0,1499.0,11347,22255,24036,23655,24854,21695,32767,32767,32767,32767,32767,2578.0,17300.0
1831.0,1803.0,10997,22255,24036,24181,24262,21695,32767,32767,32767,32767,32767,3391.0,17300.0
1597.0,1702.0,12219,22255,25478,24181,24262,21695,32767,32767,32767,32767,32767,2296.0,17300.0
1554.0,1626.0,12219,22255,24516,24706,25446,21695,32767,32767,32767,32767,32767,2437.0,17300.0
1512.0,1422.0,12219,22709,24997,25232,24854,21695,32767,32767,32767,32767,32767,2366.0,17300.0
1618.0,1702.0,12568,22709,24997,26809,25446,21695,32767,32767,32767,32767,32767,2543.0,17300.0
2023.0,1880.0,12568,22709,24516,24181,23670,21695,32767,32767,32767,32767,32767,3214.0,17300.0
1490.0,1549.0,12394,22709,24516,25232,25446,21695,32767,32767,32767,32767,32767,2366.0,17300.0
1639.0,1727.0,13092,23164,25958,26283,26629,21695,32767,32767,32767,32767,32767,2649.0,17300.0
1639.0,1727.0,12743,23164,25478,25758,24854,21695,32767,32767,32767,32767,32767,2508.0,17300.0
1682.0,1524.0,11870,23164,24516,25232,23670,21695,32767,32767,32767,32767,32767,3038.0,17300.0
1512.0,1422.0,12568,24072,26439,26283,26038,21695,32767,32767,32767,32767,32767,2402.0,17300.0
1576.0,1448.0,12918,24526,27881,27860,27221,21695,32767,32767,32767,32767,32767,2614.0,17300.0
2116.0,1938.0,9288,18239,19787,20582,21387,21780,32767,32767,32767,32767,32767,2340.0,15100.0
1731.0,1607.0,12443,20519,21717,23748,23169,21780,32767,32767,32767,32767,32767,3652.0,15100.0
1774.0,1887.0,12618,21431,24130,24276,23169,21780,32767,32767,32767,32767,32767,2659.0,15100.0
3399.0,3086.0,13144,24167,26060,25859,26140,21780,32767,32767,32767,32767,32767,4716.0,14331.0
2051.0,1736.0,10485,17873,18917,19598,19610,21786,32767,32767,32767,32767,32767,4023.0,12800.0
1984.0,1789.0,9039,17873,19913,20686,21449,21786,32767,32767,32767,32767,32767,2341.0,12800.0
1918.0,1868.0,9400,19755,19415,21775,22675,21786,32767,32767,32767,32767,32767,1975.0,12800.0
2271.0,1973.0,9220,19755,19415,22319,22675,21786,32767,32767,32767,32767,32767,2231.0,12800.0
3528.0,3157.0,12112,20225,23895,21775,22675,21786,32767,32767,32767,32767,32767,5011.0,12013.0
1786.0,1552.0,10847,20225,20909,20686,20836,21786,32767,32767,32767,32767,32767,2926.0,12800.0
2977.0,2657.0,11389,22107,22900,23953,25126,21786,32767,32767,32767,32767,32767,3914.0,12800.0
2271.0,2289.0,14100,22107,25887,26130,24513,21786,32767,32767,32767,32767,32767,3585.0,12800.0
2596.0,2362.0,8421,17528,19817,22131,22319,21912,32767,32767,32767,32767,32767,2757.0,12600.0
2316.0,2139.0,8574,17528,19817,22592,21800,21912,32767,32767,32767,32767,32767,2509.0,12600.0
2484.0,2228.0,9034,18325,21082,22592,22319,21912,32767,32767,32767,32767,32767,2881.0,12600.0
2353.0,2050.0,10565,19122,21504,22131,22838,21912,32767,32767,32767,32767,32767,3594.0,12600.0
2465.0,2250.0,11636,20715,23612,24437,24395,21912,32767,32767,32767,32767,32767,3625.0,12600.0
2316.0,2072.0,10718,21114,23612,24437,24395,21912,32767,32767,32767,32767,32767,2943.0,12600.0
2484.0,2384.0,11024,21911,25298,24898,24914,21912,32767,32767,32767,32767,32767,3005.0,12600.0
2648.0,2338.0,10592,19292,21391,20202,21545,21940,32767,32767,32767,32767,32767,3643.0,13900.0
2003.0,1798.0,9003,19751,20905,22328,22742,21940,32767,32767,32767,32767,32767,2250.0,13900.0
2239.0,1952.0,10592,20211,21877,21265,20946,21940,32767,32767,32767,32767,32767,3715.0,13900.0
2003.0,1875.0,10239,22048,22363,25518,24537,21940,32767,32767,32767,32767,32767,2107.0,13900.0
1744.0,1618.0,12358,22048,23335,25518,25135,21940,32767,32767,32767,32767,32767,3322.0,13900.0
2692.0,2543.0,12887,22507,25280,26049,25135,21940,32767,32767,32767,32767,32767,3858.0,13900.0
1934.0,1883.0,13122,21813,23589,25246,25949,21964,32767,32767,32767,32767,32767,3024.0,14600.0
1756.0,1644.0,12758,21813,24592,23599,24713,21964,32767,32767,32767,32767,32767,3393.0,14600.0
1978.0,1883.0,13487,23235,24592,25795,25949,21964,32767,32767,32767,32767,32767,3319.0,14600.0
2067.0,2254.0,14216,23710,24592,26343,25949,21964,32767,32767,32767,32767,32767,3393.0,14600.0
2228.0,2033.0,7368,16376,18178,20802,20295,21969,32767,32767,32767,32767,32767,2578.0,13100.0
1816.0,1608.0,8136,16775,18178,18491,18734,21969,32767,32767,32767,32767,32767,2485.0,13100.0
2490.0,2211.0,7982,17973,19446,19415,19255,21969,32767,32767,32767,32767,32767,2858.0,13100.0
2228.0,1921.0,9825,17973,20714,21264,19775,21969,32767,32767,32767,32767,32767,3386.0,13100.0
2078.0,1720.0,11206,19971,21137,22651,22377,21969,32767,32767,32767,32767,32767,4255.0,13100.0
1835.0,1809.0,11053,19971,21982,21727,21856,21969,32767,32767,32767,32767,32767,2889.0,13100.0
1760.0,1519.0,12281,20769,23673,22651,22897,21969,32767,32767,32767,32767,32767,4007.0,13100.0
1912.0,1633.0,9992,17598,19050,19442,19802,21999,32767,32767,32767,32767,32767,3950.0,12200.0
1575.0,1722.0,9070,17998,19896,21757,20845,21999,32767,32767,32767,32767,32767,2146.0,12200.0
1762.0,1543.0,8916,18398,19896,20831,21366,21999,32767,32767,32767,32767,32767,3484.0,12200.0
2156.0,1879.0,7840,18398,20319,17591,18760,21999,32767,32767,32767,32767,32767,2799.0,12200.0
1912.0,1633.0,11068,19598,20743,21757,20845,21999,32767,32767,32767,32767,32767,3546.0,12200.0
2032.0,1780.0,10103,19370,20989,22418,22233,22029,32767,32767,32767,32767,32767,3443.0,13000.0
3048.0,2786.0,10990,20292,21965,22418,22834,22029,32767,32767,32767,32767,32767,4124.0,12955.0
2854.0,2708.0,10458,20753,22942,23486,24035,22029,32767,32767,32767,32767,32767,3371.0,12984.0
2616.0,2373.0,10812,20753,22454,23486,24035,22029,32767,32767,32767,32767,32767,3802.0,13000.0
2292.0,1986.0,11521,21215,23430,22952,22233,22029,32767,32767,32767,32767,32767,4053.0,13000.0
4281.0,3972.0,11521,22598,24894,24020,24636,22029,32767,32767,32767,32767,32767,4268.0,10582.0
2152.0,1899.0,11394,19605,22774,22137,23051,22148,32767,32767,32767,32767,32767,3086.0,14900.0
1973.0,1845.0,10292,19605,21256,19923,20559,22148,32767,32767,32767,32767,32767,2380.0,14900.0
2264.0,2113.0,11762,21039,22268,24904,24920,22148,32767,32767,32767,32767,32767,3421.0,14900.0
2197.0,2407.0,12497,21517,24292,24350,23674,22148,32767,32767,32767,32767,32767,3570.0,14900.0
1793.0,1685.0,12864,21517,24292,24350,23674,22148,32767,32767,32767,32767,32767,3049.0,14900.0
1973.0,1899.0,12129,21996,24292,23797,22428,22148,32767,32767,32767,32767,32767,2640.0,14900.0
2062.0,1952.0,13416,21996,22774,24350,23051,22148,32767,32767,32767,32767,32767,3644.0,14900.0
1995.0,1845.0,13416,22474,24798,24904,24297,22148,32767,32767,32767,32767,32767,3384.0,14900.0
1569.0,1391.0,13416,22952,25811,24904,23674,22148,32767,32767,32767,32767,32767,2566.0,14900.0
1793.0,1711.0,14151,23908,26317,26564,26789,22148,32767,32767,32767,32767,32767,2714.0,14900.0
1748.0,1818.0,14518,25343,27329,28224,26789,22148,32767,32767,32767,32767,32767,3012.0,14900.0
1628.0,1665.0,12480,22099,24344,25577,25267,22195,32767,32767,32767,32767,32767,2736.0,17800.0
1607.0,1539.0,11613,22099,23867,24533,24679,22195,32767,32767,32767,32767,32767,2420.0,17800.0
1649.0,1690.0,11613,22099,25299,24011,24679,22195,32767,32767,32767,32767,32767,2315.0,17800.0
1416.0,1312.0,11960,22550,24344,24533,24679,22195,32767,32767,32767,32767,32767,2245.0,17800.0
1586.0,1690.0,13000,23452,26253,26621,26442,22195,32767,32767,32767,32767,32767,2420.0,17800.0
1924.0,2270.0,12307,23452,24821,25577,26442,22195,32767,32767,32767,32767,32767,2490.0,17800.0
1586.0,1539.0,12480,23452,26253,26621,26442,22195,32767,32767,32767,32767,32767,2280.0,17800.0
1797.0,1791.0,13000,23452,25776,25577,25267,22195,32767,32767,32767,32767,32767,2736.0,17800.0
1522.0,1488.0,12654,23452,26253,26621,26442,22195,32767,32767,32767,32767,32767,2420.0,17800.0
1839.0,1967.0,13694,24354,27208,27143,27030,22195,32767,32767,32767,32767,32767,2630.0,17800.0
1839.0,1917.0,12827,24354,25776,25577,25267,22195,32767,32767,32767,32767,32767,2420.0,17800.0
1670.0,1639.0,13174,24354,26731,26621,25855,22195,32767,32767,32767,32767,32767,2560.0,17800.0
1543.0,1387.0,12480,24805,26731,27143,26442,22195,32767,32767,32767,32767,32767,2350.0,17800.0
1607.0,1564.0,13174,24805,26253,27143,26442,22195,32767,32767,32767,32767,32767,2525.0,17800.0
1628.0,1539.0,13347,24805,27208,27665,26442,22195,32767,32767,32767,32767,32767,2560.0,17800.0
1607.0,1564.0,13867,25256,28163,28187,27030,22195,32767,32767,32767,32767,32767,2560.0,17800.0
2051.0,2245.0,13520,25707,26731,29753,28205,22195,32767,32767,32767,32767,32767,2490.0,17800.0
1755.0,1791.0,13000,25707,27208,26621,26442,22195,32767,32767,32767,32767,32767,2420.0,17800.0
1755.0,1614.0,13520,25707,28163,27665,27617,22195,32767,32767,32767,32767,32767,2736.0,17800.0
1649.0,1690.0,14214,26158,28640,28187,27030,22195,32767,32767,32767,32767,32767,2665.0,17800.0
2051.0,2194.0,13867,26609,27685,29231,28205,22195,32767,32767,32767,32767,32767,2665.0,17800.0
2283.0,2497.0,14907,27962,30549,31319,29968,22195,32767,32767,32767,32767,32767,2911.0,17662.0
2251.0,1961.0,9045,19211,19825,20567,21276,22246,32767,32767,32767,32767,32767,2951.0,11600.0
2319.0,2041.0,11629,19691,22874,22234,23153,22246,32767,32767,32767,32767,32767,3473.0,11600.0
2161.0,2149.0,10152,21612,24908,22234,22527,22246,32767,32767,32767,32767,32767,2764.0,11600.0
2251.0,1961.0,11814,22093,23891,23902,25030,22246,32767,32767,32767,32767,32767,3772.0,11600.0
2959.0,2718.0,10299,20438,21632,21552,23079,22352,32767,32767,32767,32767,32767,3249.0,17199.0
1533.0,1600.0,10997,20893,23074,23129,23079,22352,32767,32767,32767,32767,32767,2155.0,17300.0
1938.0,1651.0,11172,21347,23074,26809,26629,22352,32767,32767,32767,32767,32767,2508.0,17300.0
1746.0,1676.0,12568,22255,25478,24706,25446,22352,32767,32767,32767,32767,32767,2366.0,17300.0
1597.0,1549.0,11696,22255,24036,23129,23079,22352,32767,32767,32767,32767,32767,2366.0,17300.0
1725.0,1727.0,11870,22709,25958,25232,25446,22352,32767,32767,32767,32767,32767,3214.0,17300.0
1703.0,1829.0,12743,23164,25478,24706,26629,22352,32767,32767,32767,32767,32767,2684.0,17300.0
1554.0,1549.0,12568,23164,25478,24706,25446,22352,32767,32767,32767,32767,32767,2508.0,17300.0
1682.0,1753.0,12918,23618,25958,25758,26629,22352,32767,32767,32767,32767,32767,2543.0,17300.0
1490.0,1295.0,12918,24072,26920,24181,24854,22352,32767,32767,32767,32767,32767,2932.0,17300.0
1831.0,1930.0,13965,24980,26920,27335,27813,22352,32767,32767,32767,32767,32767,2932.0,17300.0
1597.0,1778.0,12394,24980,26920,27860,27813,22352,32767,32767,32767,32767,32767,2472.0,17300.0
2240.0,1991.0,10621,20140,21316,22768,23189,22372,32767,32767,32767,32767,32767,2950.0,12100.0
2152.0,2017.0,10801,20608,21812,22768,23189,22372,32767,32767,32767,32767,32767,3169.0,12100.0
2152.0,2410.0,12961,21545,23299,25478,24410,22372,32767,32767,32767,32767,32767,3169.0,12100.0
3030.0,2672.0,11881,21545,24786,24936,25630,22372,32767,32767,32767,32767,32767,4043.0,12100.0
3645.0,3379.0,12421,22013,24290,24394,25020,22372,32767,32767,32767,32767,32767,4189.0,10741.0
2503.0,2410.0,14401,23419,26769,26562,25630,22372,32767,32767,32767,32767,32767,3861.0,12100.0
1862.0,1733.0,12366,21847,24805,24826,23807,22423,32767,32767,32767,32767,32767,3336.0,15500.0
2116.0,1760.0,12092,21431,25578,23748,25546,22440,32767,32767,32767,32767,32767,4255.0,15100.0
1795.0,1811.0,12443,22343,25578,26387,25546,22440,32767,32767,32767,32767,32767,2801.0,15100.0
1731.0,1887.0,13669,22799,26543,26914,26734,22440,32767,32767,32767,32767,32767,2695.0,15100.0
1881.0,1811.0,13494,23255,25095,25331,24358,22440,32767,32767,32767,32767,32767,2837.0,15100.0
2009.0,2040.0,12267,24167,27026,27442,27922,22440,32767,32767,32767,32767,32767,3652.0,15100.0
2351.0,2678.0,14020,24623,27026,27442,26734,22440,32767,32767,32767,32767,32767,3865.0,15068.0
2734.0,2446.0,9762,18344,20411,21231,22062,22467,32767,32767,32767,32767,32767,3658.0,12800.0
2866.0,2604.0,9943,19755,20909,20686,22062,22467,32767,32767,32767,32767,32767,3877.0,12800.0
3043.0,2631.0,11931,20225,22402,21231,22062,22467,32767,32767,32767,32767,32767,4572.0,12800.0
2712.0,2367.0,9400,20225,22402,22319,22675,22467,32767,32767,32767,32767,32767,2890.0,12800.0
3021.0,2788.0,10666,20696,23398,23408,23900,22467,32767,32767,32767,32767,32767,3767.0,12691.0
1786.0,1657.0,12293,20696,22900,21775,23287,22467,32767,32767,32767,32767,32767,2853.0,12800.0
2315.0,2183.0,13016,21166,23398,23408,21449,22467,32767,32767,32767,32767,32767,3585.0,12800.0
2095.0,1894.0,13739,21636,25887,25041,24513,22467,32767,32767,32767,32767,32767,3877.0,12800.0
2241.0,2117.0,9493,18724,21925,22131,23357,22488,32767,32767,32767,32767,32767,2726.0,12600.0
2036.0,1827.0,9187,19520,21925,23976,23357,22488,32767,32767,32767,32767,32767,2416.0,12600.0
2129.0,1916.0,10105,20317,21925,21670,22319,22488,32767,32767,32767,32767,32767,2633.0,12600.0
2241.0,1983.0,11330,20317,23612,23515,23876,22488,32767,32767,32767,32767,32767,3563.0,12600.0
2502.0,2295.0,10411,20715,22768,24898,24395,22488,32767,32767,32767,32767,32767,3191.0,12600.0
2409.0,2295.0,11789,21114,24455,24437,23876,22488,32767,32767,32767,32767,32767,3841.0,12600.0
1924.0,1871.0,12861,23902,26142,27664,26471,22488,32767,32767,32767,32767,32767,2540.0,12600.0
2263.0,1963.0,10578,18348,19842,21236,19749,22517,32767,32767,32767,32767,32767,3753.0,12000.0
1776.0,1450.0,11958,19944,21109,21236,21308,22517,32767,32767,32767,32767,32767,3815.0,12000.0
1872.0,1586.0,8136,15577,17755,23113,21336,22547,32767,32767,32767,32767,32767,2733.0,13100.0
3052.0,2837.0,8289,17973,21137,20802,21856,22547,32767,32767,32767,32767,32767,3168.0,12699.0
2060.0,1787.0,10746,18772,20714,21727,21856,22547,32767,32767,32767,32767,32767,3541.0,13100.0
2434.0,2368.0,9671,19172,22405,22651,22897,22547,32767,32767,32767,32767,32767,3013.0,13100.0
2134.0,2010.0,10439,19971,22828,24500,24458,22547,32767,32767,32767,32767,32767,3075.0,13100.0
1797.0,1452.0,11513,21169,22405,23576,21856,22547,32767,32767,32767,32767,32767,3976.0,13100.0
2137.0,1834.0,9377,17598,20743,20368,21366,22578,32767,32767,32767,32767,32767,3266.0,12200.0
3112.0,2953.0,8147,17598,20743,22220,22408,22578,32767,32767,32767,32767,32767,3297.0,11586.0
1687.0,1476.0,9223,18798,21166,22220,21366,22578,32767,32767,32767,32767,32767,2333.0,12200.0
2067.0,1952.0,12358,20670,22363,24455,24537,22605,32767,32767,32767,32767,32767,3751.0,13900.0
1809.0,1618.0,11828,20670,22363,21796,22143,22605,32767,32767,32767,32767,32767,3322.0,13900.0
3381.0,3211.0,9710,21129,26252,23391,23340,22605,32767,32767,32767,32767,32767,3179.0,12728.0
2562.0,2466.0,12534,24804,26739,26049,25734,22605,32767,32767,32767,32767,32767,3715.0,13900.0
1489.0,1246.0,11300,19916,22585,22502,22242,22650,32767,32767,32767,32767,32767,3319.0,14600.0
2845.0,2652.0,10571,20390,22083,23050,24095,22650,32767,32767,32767,32767,32767,3208.0,14600.0
2734.0,2466.0,11117,20864,21581,23050,23477,22650,32767,32767,32767,32767,32767,4019.0,14600.0
2290.0,2175.0,10571,21339,22083,22502,23477,22650,32767,32767,32767,32767,32767,2581.0,14600.0
1867.0,1777.0,12211,23235,24592,26343,25331,22650,32767,32767,32767,32767,32767,2913.0,14600.0
1867.0,1644.0,14762,25606,28105,27990,29038,22650,32767,32767,32767,32767,32767,3134.0,14600.0
1978.0,2281.0,14580,27503,30113,29087,27802,22650,32767,32767,32767,32767,32767,2876.0,14600.0
2962.0,2605.0,11699,19831,23430,23486,22834,22697,32767,32767,32767,32767,32767,4519.0,13000.0
2508.0,2347.0,10990,20292,21965,24553,24636,22697,32767,32767,32767,32767,32767,3479.0,13000.0
2443.0,2167.0,8685,20292,21477,21351,21031,22697,32767,32767,32767,32767,32767,2510.0,13000.0
2875.0,2579.0,9572,20753,20501,20283,21031,22697,32767,32767,32767,32767,32767,3120.0,13000.0
3394.0,3018.0,10103,20753,22942,22418,23434,22697,32767,32767,32767,32767,32767,3730.0,12361.0
2594.0,2296.0,10635,20753,21965,25087,25237,22697,32767,32767,32767,32767,32767,3802.0,13000.0
2832.0,2657.0,12053,22137,25870,25087,25838,22697,32767,32767,32767,32767,32767,3766.0,13000.0
2400.0,2553.0,13471,22598,25382,25087,25838,22697,32767,32767,32767,32767,32767,3802.0,13000.0
2097.0,1831.0,11521,22598,24894,27222,24035,22697,32767,32767,32767,32767,32767,2690.0,13000.0
2594.0,2502.0,15421,24904,28311,27756,27641,22697,32767,32767,32767,32767,32767,3730.0,12966.0
2578.0,2434.0,9005,18648,20750,21030,22428,22840,32767,32767,32767,32767,32767,2603.0,14900.0
1636.0,1551.0,11578,21517,23280,22690,23051,22840,32767,32767,32767,32767,32767,2045.0,14900.0
1950.0,1872.0,14518,21996,24798,26564,24920,22840,32767,32767,32767,32767,32767,3867.0,14900.0
2017.0,2006.0,13600,22474,25811,25457,25543,22840,32767,32767,32767,32767,32767,3495.0,14900.0
2129.0,2032.0,12681,22474,23786,26011,26166,22840,32767,32767,32767,32767,32767,3570.0,14900.0
2040.0,2139.0,13416,22952,25304,26564,25543,22840,32767,32767,32767,32767,32767,3309.0,14900.0
2017.0,2059.0,13416,23430,25811,26564,26166,22840,32767,32767,32767,32767,32767,2603.0,14900.0
1883.0,1792.0,14518,25821,28847,28778,27412,22840,32767,32767,32767,32767,32767,3123.0,14900.0
1438.0,1362.0,12480,23452,24344,26621,25855,22848,32767,32767,32767,32767,32767,2736.0,17800.0
1586.0,1639.0,12827,23452,25776,26099,25267,22848,32767,32767,32767,32767,32767,2736.0,17800.0
1607.0,1589.0,13174,23903,25776,28187,27030,22848,32767,32767,32767,32767,32767,2595.0,17800.0
1543.0,1513.0,13000,24354,28163,27143,26442,22848,32767,32767,32767,32767,32767,2350.0,17800.0
1607.0,1589.0,12827,24354,27208,28709,28205,22848,32767,32767,32767,32767,32767,2315.0,17800.0
2093.0,2346.0,13000,24354,25776,28187,27030,22848,32767,32767,32767,32767,32767,2771.0,17800.0
1818.0,1766.0,13347,24805,26731,26621,26442,22848,32767,32767,32767,32767,32767,2630.0,17800.0
1924.0,1917.0,13520,24805,27685,28187,27617,22848,32767,32767,32767,32767,32767,2771.0,17800.0
1607.0,1589.0,13000,24805,28163,28187,27030,22848,32767,32767,32767,32767,32767,2104.0,17800.0
1776.0,1614.0,13174,24805,26731,27665,27030,22848,32767,32767,32767,32767,32767,2455.0,17800.0
1628.0,1639.0,13347,25256,27685,28187,27617,22848,32767,32767,32767,32767,32767,2525.0,17800.0
1903.0,2018.0,13347,25256,27685,27665,27617,22848,32767,32767,32767,32767,32767,2736.0,17800.0
1691.0,1816.0,13694,25256,29117,28187,28793,22848,32767,32767,32767,32767,32767,2420.0,17800.0
1564.0,1513.0,13867,25707,28163,28187,27617,22848,32767,32767,32767,32767,32767,2665.0,17800.0
1628.0,1665.0,15080,25707,28640,28709,27617,22848,32767,32767,32767,32767,32767,2841.0,17800.0
1691.0,1791.0,13520,26158,29117,28187,28793,22848,32767,32767,32767,32767,32767,2350.0,17800.0
1628.0,1589.0,13520,26158,28640,28187,28205,22848,32767,32767,32767,32767,32767,2490.0,17800.0
2156.0,2472.0,13694,26609,27685,29753,28793,22848,32767,32767,32767,32767,32767,2595.0,17777.0
2135.0,2320.0,13520,26609,27685,29231,28205,22848,32767,32767,32767,32767,32767,2771.0,17800.0
2008.0,2018.0,13694,27060,28163,28709,28205,22848,32767,32767,32767,32767,32767,2525.0,17800.0
1882.0,1967.0,14560,27060,30072,29753,28793,22848,32767,32767,32767,32767,32767,2736.0,17800.0
2139.0,1961.0,12183,22093,24399,24458,23779,22941,32767,32767,32767,32767,32767,3361.0,11600.0
2161.0,2256.0,14213,25935,27958,28905,28159,22941,32767,32767,32767,32767,32767,3324.0,11600.0
2853.0,2591.0,10823,21801,24997,24706,25446,23010,32767,32767,32767,32767,32767,2790.0,17259.0
1554.0,1600.0,12394,22255,27401,25232,26038,23010,32767,32767,32767,32767,32767,2508.0,17300.0
1469.0,1549.0,12568,22709,24997,24706,25446,23010,32767,32767,32767,32767,32767,2296.0,17300.0
1661.0,1676.0,11870,23164,24516,25232,24854,23010,32767,32767,32767,32767,32767,2472.0,17300.0
1746.0,1651.0,12219,23164,24997,24706,24262,23010,32767,32767,32767,32767,32767,2508.0,17300.0
1852.0,1753.0,12219,23164,25958,24706,26038,23010,32767,32767,32767,32767,32767,2437.0,17300.0
1938.0,2184.0,12394,23164,25478,24706,24854,23010,32767,32767,32767,32767,32767,2790.0,17300.0
1639.0,1854.0,12743,23618,25478,25232,25446,23010,32767,32767,32767,32767,32767,2508.0,17300.0
1597.0,1626.0,12045,23618,25958,25758,25446,23010,32767,32767,32767,32767,32767,2402.0,17300.0
1661.0,1829.0,12918,23618,25478,26809,27813,23010,32767,32767,32767,32767,32767,2437.0,17300.0
1533.0,1600.0,12394,24072,26920,28386,27813,23010,32767,32767,32767,32767,32767,2331.0,17300.0
1810.0,1905.0,12568,24072,25478,25758,26038,23010,32767,32767,32767,32767,32767,2755.0,17300.0
1788.0,1880.0,12743,24072,26920,26809,26629,23010,32767,32767,32767,32767,32767,2755.0,17300.0
1576.0,1600.0,13267,24072,27401,26809,27221,23010,32767,32767,32767,32767,32767,2508.0,17300.0
1554.0,1727.0,13267,24072,27401,27335,27221,23010,32767,32767,32767,32767,32767,2684.0,17300.0
1831.0,2007.0,12394,24072,26439,26809,27221,23010,32767,32767,32767,32767,32767,2720.0,17300.0
2023.0,2032.0,13267,24526,26439,25758,25446,23010,32767,32767,32767,32767,32767,2932.0,17300.0
1703.0,1778.0,13092,24526,25958,25758,25446,23010,32767,32767,32767,32767,32767,2508.0,17300.0
1725.0,1753.0,14314,24980,27881,26809,26629,23010,32767,32767,32767,32767,32767,2932.0,17300.0
1959.0,2083.0,12918,25889,27881,27860,28405,23010,32767,32767,32767,32767,32767,2402.0,17300.0
2437.0,2200.0,10081,20140,22803,23852,25630,23050,32767,32767,32767,32767,32767,3351.0,12100.0
2635.0,2357.0,11161,20608,23795,24936,25630,23050,32767,32767,32767,32767,32767,3387.0,12100.0
2920.0,2619.0,11521,20608,23299,24394,23799,23050,32767,32767,32767,32767,32767,3606.0,12100.0
2174.0,1886.0,10081,21077,23299,21683,21358,23050,32767,32767,32767,32767,32767,2950.0,12100.0
4238.0,3982.0,12961,22013,25282,24936,25630,23050,32767,32767,32767,32767,32767,4516.0,9646.0
3447.0,3143.0,11341,22482,23299,23852,23799,23050,32767,32767,32767,32767,32767,3824.0,11191.0
2283.0,2279.0,11881,22950,25778,25478,25630,23050,32767,32767,32767,32767,32767,3060.0,12100.0
3249.0,2985.0,7809,17528,19817,23515,22319,23065,32767,32767,32767,32767,32767,3315.0,11859.0
3007.0,2763.0,8880,19122,22347,25359,25433,23065,32767,32767,32767,32767,32767,2943.0,12293.0
2428.0,2139.0,11483,21114,25298,23515,22319,23065,32767,32767,32767,32767,32767,3718.0,12600.0
2110.0,2005.0,12096,21114,24033,24898,25433,23065,32767,32767,32767,32767,32767,3098.0,12600.0
2465.0,2273.0,11483,21512,24033,26281,25952,23065,32767,32767,32767,32767,32767,3315.0,12600.0
1889.0,1829.0,10578,19944,21953,23083,23387,23094,32767,32767,32767,32767,32767,2885.0,12000.0
1645.0,1450.0,11958,21141,24064,24468,22867,23094,32767,32767,32767,32767,32767,3195.0,12000.0
3163.0,2933.0,12443,22343,24130,28498,26734,23100,32767,32767,32767,32767,32767,4574.0,14715.0
2202.0,1913.0,11566,22799,24130,30609,29110,23100,32767,32767,32767,32767,32767,2801.0,15100.0
2287.0,2295.0,13144,23255,26060,27442,26734,23100,32767,32767,32767,32767,32767,3617.0,15100.0
1902.0,1964.0,14020,24167,27508,27442,27328,23100,32767,32767,32767,32767,32767,3049.0,15100.0
1966.0,1989.0,14370,25079,27026,26914,26140,23100,32767,32767,32767,32767,32767,3404.0,15100.0
1966.0,2091.0,14546,26902,29439,29025,27922,23100,32767,32767,32767,32767,32767,2730.0,15100.0
1929.0,1698.0,7829,18373,19023,19878,19255,23125,32767,32767,32767,32767,32767,2764.0,13100.0
2078.0,1809.0,11667,20370,21982,23113,22897,23125,32767,32767,32767,32767,32767,3696.0,13100.0
1872.0,1608.0,11820,20769,21982,23113,21856,23125,32767,32767,32767,32767,32767,3541.0,13100.0
2116.0,1921.0,13509,21968,24519,24963,23938,23125,32767,32767,32767,32767,32767,4131.0,13100.0
1891.0,1698.0,13048,22367,23673,24963,23938,23125,32767,32767,32767,32767,32767,3851.0,13100.0
1797.0,1474.0,13355,22367,22405,24963,24458,23125,32767,32767,32767,32767,32767,4131.0,13100.0
1610.0,1473.0,10304,19755,21406,22864,23287,23148,32767,32767,32767,32767,32767,2085.0,12800.0
2712.0,2473.0,9581,20225,21406,22319,23900,23148,32767,32767,32767,32767,32767,3255.0,12800.0
2029.0,1894.0,12293,21636,23895,24497,23900,23148,32767,32767,32767,32767,32767,2816.0,12800.0
3440.0,3183.0,10304,22107,23895,21231,23900,23148,32767,32767,32767,32767,32767,3658.0,11819.0
4763.0,4498.0,11750,22107,24393,25586,24513,23148,32767,32767,32767,32767,32767,4170.0,9433.0
1896.0,1578.0,14100,25399,25389,25586,26964,23148,32767,32767,32767,32767,32767,4023.0,12800.0
2831.0,2617.0,9070,18398,21166,22683,21887,23157,32767,32767,32767,32767,32767,3390.0,12200.0
2794.0,2505.0,9838,18798,21166,22220,21887,23157,32767,32767,32767,32767,32767,3795.0,12200.0
2325.0,2036.0,10146,19198,23283,21294,20323,23157,32767,32767,32767,32767,32767,3328.0,12200.0
2269.0,2036.0,10453,19598,23283,22683,22929,23157,32767,32767,32767,32767,32767,3110.0,12200.0
1669.0,1476.0,9070,19998,21166,23608,23450,23157,32767,32767,32767,32767,32767,2239.0,12200.0
2081.0,1812.0,11375,19998,22859,22683,21366,23157,32767,32767,32767,32767,32767,3795.0,12200.0
1931.0,1812.0,9684,20398,21589,21294,21887,23157,32767,32767,32767,32767,32767,2986.0,12200.0
2137.0,1857.0,11529,20798,22436,22683,21887,23157,32767,32767,32767,32767,32767,3919.0,12200.0
3795.0,3385.0,10937,21242,24603,21802,22454,23205,32767,32767,32767,32767,32767,3522.0,14001.0
2630.0,2376.0,11861,26051,28845,29688,29243,23205,32767,32767,32767,32767,32767,3148.0,15500.0
2455.0,2081.0,12358,21129,23822,24986,25135,23270,32767,32767,32767,32767,32767,4322.0,13900.0
2476.0,2569.0,13064,22507,24794,24986,24537,23270,32767,32767,32767,32767,32767,3679.0,13900.0
2132.0,2055.0,13417,22967,26252,26049,25734,23270,32767,32767,32767,32767,32767,3143.0,13900.0
1959.0,1901.0,12711,23885,25766,25518,25734,23270,32767,32767,32767,32767,32767,3215.0,13900.0
2175.0,2106.0,14476,27100,30142,30302,29923,23270,32767,32767,32767,32767,32767,3143.0,13900.0
2090.0,1883.0,10935,20864,22083,23050,23477,23337,32767,32767,32767,32767,32767,2692.0,14600.0
3468.0,3235.0,10753,22761,24592,24148,24713,23337,32767,32767,32767,32767,32767,3872.0,13564.0
1912.0,1671.0,13851,22761,25094,24697,25331,23337,32767,32767,32767,32767,32767,3761.0,14600.0
1912.0,2016.0,11117,24184,23589,24148,24095,23337,32767,32767,32767,32767,32767,2655.0,14600.0
1956.0,1936.0,12029,24658,26098,26892,26566,23337,32767,32767,32767,32767,32767,2471.0,14600.0
1912.0,1856.0,13304,25606,27102,26892,27802,23337,32767,32767,32767,32767,32767,2913.0,14600.0
2334.0,3076.0,14033,26081,26600,30185,30273,23337,32767,32767,32767,32767,32767,3724.0,13835.0
2401.0,2493.0,14580,26555,29611,31283,28420,23337,32767,32767,32767,32767,32767,3245.0,14600.0
2623.0,2944.0,16767,27977,32622,30734,30273,23337,32767,32767,32767,32767,32767,4204.0,13676.0
3848.0,3559.0,11699,20753,22942,28290,27641,23364,32767,32767,32767,32767,32767,3515.0,11153.0
2746.0,2734.0,12053,21215,21477,22952,22834,23364,32767,32767,32767,32767,32767,3586.0,12913.0
2248.0,1960.0,9926,21215,22942,23486,24035,23364,32767,32767,32767,32767,32767,2510.0,13000.0
2940.0,2682.0,11876,21676,23430,26155,24636,23364,32767,32767,32767,32767,32767,4304.0,13000.0
3286.0,3069.0,10281,22598,24406,24020,24636,23364,32767,32767,32767,32767,32767,3300.0,12153.0
3308.0,3147.0,12585,24443,25870,26155,26439,23364,32767,32767,32767,32767,32767,3837.0,12030.0
2702.0,2321.0,15244,25365,29775,29357,27641,23364,32767,32767,32767,32767,32767,4591.0,13000.0
1586.0,1639.0,13000,24805,27685,28187,29380,23501,32767,32767,32767,32767,32767,2455.0,17800.0
1987.0,2194.0,13694,25256,28163,27665,25855,23501,32767,32767,32767,32767,32767,3016.0,17800.0
1797.0,1841.0,13694,26158,28640,28187,27617,23501,32767,32767,32767,32767,32767,2876.0,17800.0
1586.0,1564.0,13694,26158,28640,28709,28205,23501,32767,32767,32767,32767,32767,2315.0,17800.0
1818.0,2018.0,11787,26158,28640,29231,29380,23501,32767,32767,32767,32767,32767,2210.0,17800.0
1691.0,1841.0,13520,26609,28163,28709,27617,23501,32767,32767,32767,32767,32767,2420.0,17800.0
2326.0,2598.0,14040,27060,29117,29231,28205,23501,32767,32767,32767,32767,32767,2911.0,17594.0
1903.0,2018.0,14734,27511,30549,31319,30555,23501,32767,32767,32767,32767,32767,2701.0,17800.0
2219.0,2086.0,12313,21039,23786,23797,23674,23532,32767,32767,32767,32767,32767,3421.0,14900.0
2174.0,1979.0,13048,22952,24798,26564,24920,23532,32767,32767,32767,32767,32767,4053.0,14900.0
1905.0,1792.0,14886,22952,25304,26564,26789,23532,32767,32767,32767,32767,32767,3421.0,14900.0
2174.0,2006.0,13048,22952,25304,25457,24920,23532,32767,32767,32767,32767,32767,3161.0,14900.0
1771.0,1551.0,12681,23430,25811,24904,24920,23532,32767,32767,32767,32767,32767,2714.0,14900.0
2936.0,2888.0,13600,23430,26317,24904,26789,23532,32767,32767,32767,32767,32767,3756.0,14352.0
2017.0,2139.0,13783,24386,27329,26564,26789,23532,32767,32767,32767,32767,32767,3012.0,14900.0
2085.0,2086.0,14335,24386,27329,26564,26789,23532,32767,32767,32767,32767,32767,3012.0,14900.0
1950.0,1899.0,13416,24865,27835,27117,27412,23532,32767,32767,32767,32767,32767,2566.0,14900.0
2219.0,2300.0,14151,24865,26823,27671,27412,23532,32767,32767,32767,32767,32767,2863.0,14900.0
2567.0,2283.0,9229,19211,20841,21123,22527,23636,32767,32767,32767,32767,32767,3025.0,11600.0
2229.0,2041.0,13290,22573,25416,26125,26282,23636,32767,32767,32767,32767,32767,3660.0,11600.0
2522.0,2659.0,14398,23533,27449,26681,25656,23636,32767,32767,32767,32767,32767,3660.0,11444.0
2319.0,2256.0,13844,24014,27449,26681,26907,23636,32767,32767,32767,32767,32767,3175.0,11600.0
2820.0,2562.0,8115,17130,20239,21670,22319,23642,32767,32767,32767,32767,32767,2974.0,12600.0
3081.0,2763.0,8268,17528,21925,21670,22319,23642,32767,32767,32767,32767,32767,3284.0,12385.0
2783.0,2540.0,7962,17528,20239,22131,22319,23642,32767,32767,32767,32767,32767,2974.0,12600.0
2876.0,2629.0,8574,17927,19817,23515,22838,23642,32767,32767,32767,32767,32767,3129.0,12600.0
2446.0,2228.0,8574,19122,20660,23053,24395,23642,32767,32767,32767,32767,32767,2416.0,12600.0
2465.0,2451.0,10258,21114,24877,26281,26471,23642,32767,32767,32767,32767,32767,2509.0,12600.0
2278.0,2317.0,13167,25097,27406,28586,27509,23642,32767,32767,32767,32767,32767,2974.0,12600.0
2555.0,2464.0,12045,22709,25958,25232,26629,23667,32767,32767,32767,32767,32767,3320.0,17300.0
2491.0,2235.0,11521,23164,24516,26809,26038,23667,32767,32767,32767,32767,32767,2896.0,17300.0
2044.0,1930.0,13790,23618,26920,27860,28405,23667,32767,32767,32767,32767,32767,3179.0,17300.0
1639.0,1753.0,11870,23618,26920,26809,27221,23667,32767,32767,32767,32767,32767,2225.0,17300.0
2193.0,2515.0,11521,23618,27401,27335,27221,23667,32767,32767,32767,32767,32767,3391.0,17300.0
1512.0,1549.0,12394,24072,26920,26809,28405,23667,32767,32767,32767,32767,32767,2437.0,17300.0
1682.0,1905.0,13790,24526,27401,28386,27813,23667,32767,32767,32767,32767,32767,2543.0,17300.0
1661.0,1626.0,13441,24980,29323,27860,29588,23667,32767,32767,32767,32767,32767,2366.0,17300.0
1980.0,2108.0,14489,24980,27881,28912,28405,23667,32767,32767,32767,32767,32767,2896.0,17300.0
1788.0,2108.0,13616,25435,28362,28386,28996,23667,32767,32767,32767,32767,32767,2720.0,17300.0
2786.0,2521.0,8125,17152,20687,22159,22867,23672,32767,32767,32767,32767,32767,3288.0,12000.0
3291.0,3101.0,9045,19146,21953,24006,23387,23672,32767,32767,32767,32767,32767,3164.0,11042.0
1627.0,1539.0,9198,19146,19842,22159,21827,23672,32767,32767,32767,32767,32767,2109.0,12000.0
1832.0,1584.0,12878,21938,22797,25853,23906,23672,32767,32767,32767,32767,32767,4001.0,12000.0
2132.0,1941.0,11651,24332,25753,23544,23906,23672,32767,32767,32767,32767,32767,3815.0,12000.0
2734.0,2591.0,8289,17574,19446,22651,22897,23703,32767,32767,32767,32767,32767,3075.0,13100.0
2696.0,2435.0,8136,17574,18600,19415,20816,23703,32767,32767,32767,32767,32767,3013.0,13100.0
2584.0,2412.0,8904,18772,21137,23576,22897,23703,32767,32767,32767,32767,32767,3137.0,13100.0
2378.0,2100.0,8904,19172,19446,19878,21856,23703,32767,32767,32767,32767,32767,2920.0,13100.0
1816.0,1631.0,9364,19971,21137,21727,21856,23703,32767,32767,32767,32767,32767,2609.0,13100.0
1929.0,1564.0,13048,21568,23250,22651,20816,23703,32767,32767,32767,32767,32767,4752.0,13100.0
2060.0,1809.0,14123,21968,25364,26349,25499,23703,32767,32767,32767,32767,32767,4752.0,13100.0
3052.0,2750.0,11701,22013,24290,24936,25020,23728,32767,32767,32767,32767,32767,3569.0,11923.0
2876.0,2646.0,11881,22950,24786,27646,28071,23728,32767,32767,32767,32767,32767,3679.0,12100.0
3491.0,3196.0,12781,25292,27265,27104,28071,23728,32767,32767,32767,32767,32767,3934.0,11000.0
2606.0,2371.0,10146,19198,20319,22683,22408,23736,32767,32767,32767,32767,32767,3795.0,12200.0
2981.0,2729.0,8916,19198,22013,22220,22408,23736,32767,32767,32767,32767,32767,3484.0,12174.0
2006.0,1834.0,9377,19198,20743,21757,22408,23736,32767,32767,32767,32767,32767,3017.0,12200.0
2362.0,2147.0,10761,19598,22013,22683,22929,23736,32767,32767,32767,32767,32767,3857.0,12200.0
2437.0,2170.0,10761,19598,22013,21757,21366,23736,32767,32767,32767,32767,32767,3857.0,12200.0
1800.0,1476.0,9992,19598,19896,23608,23450,23736,32767,32767,32767,32767,32767,3826.0,12200.0
2531.0,2237.0,9684,19598,22013,21757,21366,23736,32767,32767,32767,32767,32767,3359.0,12200.0
2156.0,2013.0,13066,21198,23283,26386,26056,23736,32767,32767,32767,32767,32767,4572.0,12200.0
2586.0,2474.0,9989,20519,22682,23220,24358,23760,32767,32767,32767,32767,32767,2588.0,15100.0
2415.0,2321.0,9814,20975,21717,23748,24952,23760,32767,32767,32767,32767,32767,2624.0,15100.0
2928.0,2601.0,11391,21887,24613,23220,24952,23760,32767,32767,32767,32767,32767,3794.0,15100.0
2116.0,2270.0,13494,22799,25578,25859,25546,23760,32767,32767,32767,32767,32767,3298.0,15100.0
2779.0,2754.0,12092,22799,26060,25859,27922,23760,32767,32767,32767,32767,32767,3581.0,14961.0
2843.0,2652.0,11566,22799,26060,24804,25546,23760,32767,32767,32767,32767,32767,3830.0,15100.0
1924.0,1913.0,12618,23711,25578,26387,26734,23760,32767,32767,32767,32767,32767,2979.0,15100.0
2821.0,2729.0,12443,24167,27508,26914,26140,23760,32767,32767,32767,32767,32767,3120.0,14800.0
2052.0,2219.0,13845,24623,27508,27970,27328,23760,32767,32767,32767,32767,32767,3227.0,15100.0
3484.0,3341.0,13494,24623,29439,24276,25546,23760,32767,32767,32767,32767,32767,4397.0,13790.0
2031.0,2066.0,14195,25990,26543,27970,26734,23760,32767,32767,32767,32767,32767,2872.0,15100.0
2646.0,2394.0,9220,19755,20909,20686,22675,23828,32767,32767,32767,32767,32767,2816.0,12800.0
1610.0,1526.0,10666,20696,23398,22864,24513,23828,32767,32767,32767,32767,32767,2158.0,12800.0
2293.0,1999.0,12654,21166,24393,22864,22675,23828,32767,32767,32767,32767,32767,4206.0,12800.0
2315.0,2157.0,11027,21166,23398,23408,22675,23828,32767,32767,32767,32767,32767,3146.0,12800.0
2910.0,2631.0,10666,21166,23895,24497,25739,23828,32767,32767,32767,32767,32767,3072.0,12799.0
2492.0,2315.0,11208,22107,24891,26130,26351,23828,32767,32767,32767,32767,32767,2670.0,12800.0
2271.0,2104.0,10666,22577,23398,22864,23287,23828,32767,32767,32767,32767,32767,2780.0,12800.0
2139.0,2104.0,13739,23988,26385,28308,28190,23828,32767,32767,32767,32767,32767,3621.0,12800.0
1764.0,1736.0,13739,24458,26882,26130,27577,23828,32767,32767,32767,32767,32767,2707.0,12800.0
2359.0,2210.0,14643,24458,27878,27219,26964,23828,32767,32767,32767,32767,32767,3548.0,12800.0
2271.0,2473.0,15366,27280,31363,29396,29416,23828,32767,32767,32767,32767,32767,3292.0,12787.0
2498.0,2312.0,10945,21129,22849,23923,26332,23935,32767,32767,32767,32767,32767,3786.0,13900.0
2713.0,2466.0,9886,21129,21877,23923,22742,23935,32767,32767,32767,32767,32767,2858.0,13900.0
2412.0,2312.0,10416,21589,23335,25518,25734,23935,32767,32767,32767,32767,32767,2643.0,13900.0
2519.0,2184.0,12711,22507,25766,27113,27529,23935,32767,32767,32767,32767,32767,3751.0,13900.0
3402.0,3211.0,11298,23885,26252,24455,25135,23935,32767,32767,32767,32767,32767,3286.0,12716.0
1830.0,1798.0,13947,25263,28197,27113,26332,23935,32767,32767,32767,32767,32767,2608.0,13900.0
2196.0,2209.0,12358,25263,27711,28707,27529,23935,32767,32767,32767,32767,32767,2858.0,13900.0
1895.0,1875.0,13593,26182,28683,28707,28726,23935,32767,32767,32767,32767,32767,2786.0,13900.0
1852.0,1901.0,14300,26182,29655,29771,29325,23935,32767,32767,32767,32767,32767,2786.0,13900.0
2455.0,2338.0,15006,26182,29655,29771,28726,23935,32767,32767,32767,32767,32767,3822.0,13900.0
2024.0,2004.0,13770,26641,30142,29771,31719,23935,32767,32767,32767,32767,32767,2965.0,13900.0
3134.0,3023.0,10571,21339,24090,23599,25331,24023,32767,32767,32767,32767,32767,3393.0,13905.0
3090.0,2917.0,10753,21813,24592,24148,25331,24023,32767,32767,32767,32767,32767,3282.0,14068.0
2556.0,2387.0,13851,22287,26098,26892,25331,24023,32767,32767,32767,32767,32767,4130.0,14600.0
2134.0,1909.0,10388,22287,24592,25246,26566,24023,32767,32767,32767,32767,32767,2360.0,14600.0
2823.0,2652.0,11117,22761,25596,24148,25949,24023,32767,32767,32767,32767,32767,2987.0,14514.0
2712.0,2732.0,12758,23235,26600,26343,25949,24023,32767,32767,32767,32767,32767,3393.0,14391.0
2312.0,2387.0,13851,23710,27102,25795,25949,24023,32767,32767,32767,32767,32767,2876.0,14600.0
2601.0,2997.0,16220,25606,29109,27990,27802,24023,32767,32767,32767,32767,32767,3909.0,13619.0
1667.0,1671.0,14945,26081,28607,29087,27802,24023,32767,32767,32767,32767,32767,2950.0,14600.0
1912.0,2148.0,14762,26081,28607,27990,25949,24023,32767,32767,32767,32767,32767,2913.0,14600.0
2045.0,2281.0,15856,27503,30615,27990,28420,24023,32767,32767,32767,32767,32767,3208.0,14600.0
3265.0,2940.0,10281,19831,22942,25087,25838,24032,32767,32767,32767,32767,32767,3802.0,12558.0
2205.0,1960.0,9926,21676,20501,24020,24035,24032,32767,32767,32767,32767,32767,2367.0,13000.0
3286.0,2915.0,13117,23521,27335,26688,27040,24032,32767,32767,32767,32767,32767,4555.0,12536.0
2702.0,2450.0,15953,25365,29287,29891,27641,24032,32767,32767,32767,32767,32767,4304.0,13000.0
1839.0,2068.0,13520,25707,27685,28187,28793,24153,32767,32767,32767,32767,32767,2525.0,17800.0
1839.0,1917.0,13867,26158,29595,29231,30555,24153,32767,32767,32767,32767,32767,2876.0,17800.0
1670.0,1816.0,13867,26158,29117,29753,29968,24153,32767,32767,32767,32767,32767,2350.0,17800.0
1755.0,1841.0,13520,26609,29595,29753,29380,24153,32767,32767,32767,32767,32767,2420.0,17800.0
1987.0,2043.0,14387,26609,30072,30275,29968,24153,32767,32767,32767,32767,32767,2876.0,17800.0
2537.0,2573.0,14734,27060,30549,30275,30555,24153,32767,32767,32767,32767,32767,3016.0,17522.0
1649.0,1715.0,14560,27060,30072,29753,28793,24153,32767,32767,32767,32767,32767,2595.0,17800.0
2008.0,2371.0,14387,27060,30549,30797,30555,24153,32767,32767,32767,32767,32767,2876.0,17800.0
1649.0,1766.0,14734,27511,31027,30797,30555,24153,32767,32767,32767,32767,32767,2771.0,17800.0
1839.0,1942.0,14387,27511,31027,32362,31143,24153,32767,32767,32767,32767,32767,2701.0,17800.0
2474.0,2623.0,14040,27962,29595,31841,31143,24153,32767,32767,32767,32767,32767,2946.0,17521.0
1882.0,1993.0,14907,27962,30549,31319,30555,24153,32767,32767,32767,32767,32767,2630.0,17800.0
2114.0,2220.0,14560,28413,30549,31319,30555,24153,32767,32767,32767,32767,32767,2595.0,17800.0
2051.0,2194.0,14214,28864,30549,32362,31143,24153,32767,32767,32767,32767,32767,2665.0,17800.0
3287.0,3075.0,8115,18325,21504,24437,23876,24218,32767,32767,32767,32767,32767,3408.0,11732.0
2708.0,2451.0,11330,20715,24033,24437,24914,24218,32767,32767,32767,32767,32767,3903.0,12600.0
2932.0,2985.0,9952,20715,23612,25820,25433,24218,32767,32767,32767,32767,32767,3160.0,11966.0
2558.0,2362.0,11789,21911,25298,25359,25952,24218,32767,32767,32767,32767,32767,3377.0,12600.0
2222.0,2295.0,12402,23902,27406,27664,26471,24218,32767,32767,32767,32767,32767,2943.0,12600.0
2623.0,2460.0,10292,21517,23280,24350,23674,24224,32767,32767,32767,32767,32767,2863.0,14900.0
2511.0,2434.0,11578,22474,24292,23797,23674,24224,32767,32767,32767,32767,32767,3086.0,14900.0
1838.0,1872.0,14518,24865,26823,28224,28035,24224,32767,32767,32767,32767,32767,3458.0,14900.0
2286.0,2407.0,13600,25821,28341,28778,29281,24224,32767,32767,32767,32767,32767,3012.0,14900.0
2129.0,2327.0,15621,26777,30365,30991,29904,24224,32767,32767,32767,32767,32767,3198.0,14900.0
2169.0,1918.0,9505,19545,21109,23083,23906,24249,32767,32767,32767,32767,32767,2978.0,12000.0
2169.0,2008.0,10118,21141,21531,21236,21308,24249,32767,32767,32767,32767,32767,3133.0,12000.0
2041.0,1720.0,8443,17175,18178,19415,19775,24281,32767,32767,32767,32767,32767,3013.0,13100.0
1610.0,1407.0,9364,19571,21560,22651,21336,24281,32767,32767,32767,32767,32767,2485.0,13100.0
2453.0,2211.0,10439,20370,23250,25887,24458,24281,32767,32767,32767,32767,32767,3696.0,13100.0
1929.0,1720.0,11820,20370,22828,23113,22897,24281,32767,32767,32767,32767,32767,3634.0,13100.0
2060.0,2033.0,12741,23565,25787,26349,25499,24281,32767,32767,32767,32767,32767,3634.0,13100.0
2719.0,2438.0,9531,18398,22859,22683,22929,24315,32767,32767,32767,32767,32767,3328.0,12200.0
2156.0,2013.0,10914,20398,23283,24071,23450,24315,32767,32767,32767,32767,32767,3546.0,12200.0
2212.0,2147.0,11222,21198,22859,23608,22929,24315,32767,32767,32767,32767,32767,3390.0,12200.0
2023.0,2083.0,12394,23164,26920,26283,26038,24324,32767,32767,32767,32767,32767,2614.0,17300.0
1980.0,2159.0,12743,24072,26920,28912,26629,24324,32767,32767,32767,32767,32767,2932.0,17300.0
2214.0,2134.0,13267,24072,27881,27860,28996,24324,32767,32767,32767,32767,32767,3143.0,17300.0
1725.0,1676.0,13790,24526,28362,28386,28996,24324,32767,32767,32767,32767,32767,2896.0,17300.0
1895.0,2007.0,14140,25435,29323,28386,28405,24324,32767,32767,32767,32767,32767,2614.0,17300.0
1767.0,2007.0,13441,25435,28843,28386,28996,24324,32767,32767,32767,32767,32767,2543.0,17300.0
2342.0,2362.0,14140,25889,28843,28386,29588,24324,32767,32767,32767,32767,32767,2932.0,17300.0
1682.0,1829.0,13441,25889,28843,28386,28405,24324,32767,32767,32767,32767,32767,2614.0,17300.0
2193.0,2311.0,14314,26343,29804,30489,30180,24324,32767,32767,32767,32767,32767,3249.0,17300.0
1959.0,2134.0,14314,26797,29323,29437,29588,24324,32767,32767,32767,32767,32767,3038.0,17300.0
1639.0,1753.0,13790,26797,29323,29963,29588,24324,32767,32767,32767,32767,32767,2543.0,17300.0
1874.0,2083.0,14663,27251,30285,30489,30180,24324,32767,32767,32767,32767,32767,2755.0,17300.0
2789.0,2591.0,13092,27251,28362,27335,28996,24324,32767,32767,32767,32767,32767,3603.0,17300.0
2409.0,2391.0,10152,20172,23891,23902,24404,24331,32767,32767,32767,32767,32767,2801.0,11600.0
2184.0,1934.0,12737,23053,24908,26125,25656,24331,32767,32767,32767,32767,32767,3324.0,11600.0
2477.0,2283.0,12552,23053,25924,26681,26282,24331,32767,32767,32767,32767,32767,3660.0,11600.0
4791.0,5716.0,15558,25250,29270,30152,28198,24365,32767,32767,32767,32767,32767,5797.0,10540.0
2283.0,2253.0,13141,21545,23299,25478,25020,24406,32767,32767,32767,32767,32767,3387.0,12100.0
3667.0,3327.0,12241,22482,26273,26020,26240,24406,32767,32767,32767,32767,32767,4189.0,10837.0
4172.0,3903.0,12421,23887,28752,25478,26240,24406,32767,32767,32767,32767,32767,4189.0,9755.0
3798.0,3562.0,14221,23887,26769,28188,28681,24406,32767,32767,32767,32767,32767,4334.0,10252.0
2349.0,2410.0,14941,25760,26769,29815,29292,24406,32767,32767,32767,32767,32767,3788.0,12100.0
2886.0,2652.0,11216,21887,24613,25331,25546,24420,32767,32767,32767,32767,32767,3191.0,15071.0
2031.0,2168.0,13144,22799,25578,26387,26734,24420,32767,32767,32767,32767,32767,3262.0,15100.0
3206.0,3035.0,12793,24623,28473,25859,27328,24420,32767,32767,32767,32767,32767,4078.0,14392.0
2031.0,1989.0,14020,25534,28473,29025,28516,24420,32767,32767,32767,32767,32767,3120.0,15100.0
2756.0,2473.0,9400,19284,21406,21775,23900,24509,32767,32767,32767,32767,32767,3219.0,12800.0
2227.0,1999.0,9943,20696,23895,24497,25126,24509,32767,32767,32767,32767,32767,2268.0,12800.0
3021.0,2736.0,12112,21166,23895,23408,25126,24509,32767,32767,32767,32767,32767,4645.0,12800.0
3285.0,3025.0,10304,22577,24393,23408,23287,24509,32767,32767,32767,32767,32767,3255.0,12019.0
3197.0,2894.0,13377,22577,25389,26675,26964,24509,32767,32767,32767,32767,32767,4206.0,12304.0
2183.0,2104.0,13377,23047,24393,27219,27577,24509,32767,32767,32767,32767,32767,3182.0,12800.0
4785.0,4524.0,12654,23518,26385,29941,28190,24509,32767,32767,32767,32767,32767,4353.0,9390.0
2271.0,2262.0,13377,23518,25389,27219,25739,24509,32767,32767,32767,32767,32767,3292.0,12800.0
2183.0,2131.0,13739,25869,28376,28308,28803,24509,32767,32767,32767,32767,32767,3292.0,12800.0
2735.0,2440.0,10239,22507,23335,26049,27529,24600,32767,32767,32767,32767,32767,3036.0,13900.0
2562.0,2286.0,10945,23885,25280,27113,27529,24600,32767,32767,32767,32767,32767,3393.0,13900.0
2196.0,2132.0,12181,24344,25766,27644,25734,24600,32767,32767,32767,32767,32767,3429.0,13900.0
2261.0,2209.0,14829,26641,28197,29771,29923,24600,32767,32767,32767,32767,32767,3608.0,13900.0
2089.0,2235.0,15182,27100,30628,29771,28726,24600,32767,32767,32767,32767,32767,3143.0,13900.0
2390.0,2620.0,15712,27560,29655,30302,30522,24600,32767,32767,32767,32767,32767,3786.0,13676.0
3113.0,2760.0,13294,22598,25870,26688,26439,24699,32767,32767,32767,32767,32767,4842.0,12878.0
3092.0,2786.0,12408,22598,25382,25621,26439,24699,32767,32767,32767,32767,32767,4232.0,12843.0
2767.0,2502.0,13826,23982,27335,30425,28241,24699,32767,32767,32767,32767,32767,3945.0,13000.0
4129.0,3920.0,11699,24443,27335,25621,27641,24699,32767,32767,32767,32767,32767,4375.0,10720.0
2681.0,2657.0,12762,24443,26359,28290,28842,24699,32767,32767,32767,32767,32767,3084.0,12825.0
2919.0,3250.0,15421,25365,29287,29891,30044,24699,32767,32767,32767,32767,32767,3802.0,11613.0
4713.0,4411.0,13826,25826,29287,28824,30645,24699,32767,32767,32767,32767,32767,5057.0,9806.0
2616.0,2631.0,15598,26749,30263,28824,27641,24699,32767,32767,32767,32767,32767,3730.0,12697.0
3201.0,2997.0,11664,23235,26098,24148,25949,24709,32767,32767,32767,32767,32767,3651.0,13952.0
2534.0,2785.0,12575,24658,26098,27990,27802,24709,32767,32767,32767,32767,32767,2803.0,14124.0
1801.0,1803.0,14945,27029,28607,27990,27184,24709,32767,32767,32767,32767,32767,3024.0,14600.0
2134.0,2572.0,15309,27029,30615,31283,29038,24709,32767,32767,32767,32767,32767,3245.0,14435.0
2356.0,2572.0,15491,27977,30113,30734,29038,24709,32767,32767,32767,32767,32767,3061.0,14269.0
3156.0,2919.0,8727,18724,21925,23976,24395,24795,32767,32767,32767,32767,32767,3191.0,12034.0
2820.0,2607.0,9340,19122,23612,24898,23876,24795,32767,32767,32767,32767,32767,3222.0,12600.0
3212.0,2963.0,9034,19520,21504,23515,24395,24795,32767,32767,32767,32767,32767,3315.0,11985.0
3231.0,2985.0,9187,19919,24033,24898,24914,24795,32767,32767,32767,32767,32767,3439.0,11983.0
2521.0,2295.0,11177,21512,24877,25820,24914,24795,32767,32767,32767,32767,32767,3222.0,12600.0
2820.0,2674.0,12096,22707,26563,26742,26471,24795,32767,32767,32767,32767,32767,3718.0,12600.0
1886.0,1871.0,12555,23902,27406,28586,26990,24795,32767,32767,32767,32767,32767,2540.0,12600.0
2446.0,2362.0,14852,26691,29515,31814,29585,24795,32767,32767,32767,32767,32767,3841.0,12600.0
2135.0,2421.0,14387,25256,29595,29753,28793,24806,32767,32767,32767,32767,32767,2736.0,17800.0
2262.0,2295.0,12307,26158,29595,28709,28793,24806,32767,32767,32767,32767,32767,2525.0,17800.0
1882.0,2093.0,13867,26158,29117,30275,29968,24806,32767,32767,32767,32767,32767,2701.0,17800.0
1839.0,1942.0,13867,26158,29595,30275,29380,24806,32767,32767,32767,32767,32767,2630.0,17800.0
1480.0,1513.0,13347,26609,27685,28187,29380,24806,32767,32767,32767,32767,32767,2525.0,17800.0
2135.0,2320.0,14560,27511,30549,30797,30555,24806,32767,32767,32767,32767,32767,2736.0,17800.0
1882.0,2220.0,12307,27511,30072,31319,32318,24806,32767,32767,32767,32767,32767,2350.0,17800.0
1691.0,1740.0,14907,27962,31981,31841,31731,24806,32767,32767,32767,32767,32767,2350.0,17800.0
2156.0,2270.0,14560,27962,29595,31319,30555,24806,32767,32767,32767,32767,32767,2806.0,17800.0
2072.0,2093.0,15254,28413,31504,32362,32767,24806,32767,32767,32767,32767,32767,3086.0,17800.0
1755.0,1589.0,14040,28413,31504,32362,31731,24806,32767,32767,32767,32767,32767,2701.0,17800.0
2283.0,2547.0,15254,28864,31504,32767,31731,24806,32767,32767,32767,32767,32767,3016.0,17557.0
1755.0,1866.0,15080,29315,31981,32767,31731,24806,32767,32767,32767,32767,32767,2665.0,17800.0
1987.0,2194.0,15080,29315,31504,32767,32767,24806,32767,32767,32767,32767,32767,2981.0,17800.0
2304.0,2522.0,15600,30217,32767,32767,32767,24806,32767,32767,32767,32767,32767,3051.0,17554.0
2767.0,2454.0,9965,20343,22375,21698,23906,24826,32767,32767,32767,32767,32767,3815.0,12000.0
2786.0,2610.0,10118,20742,23642,24006,23906,24826,32767,32767,32767,32767,32767,3381.0,12000.0
2562.0,2298.0,11191,21141,23642,23544,24426,24826,32767,32767,32767,32767,32767,3939.0,12000.0
1739.0,1584.0,13338,22736,24486,26314,24946,24826,32767,32767,32767,32767,32767,3381.0,12000.0
1683.0,1450.0,13031,23534,25753,25391,24946,24826,32767,32767,32767,32767,32767,2885.0,12000.0
2153.0,2033.0,8443,19172,19869,22189,23418,24859,32767,32767,32767,32767,32767,2858.0,13100.0
1816.0,1541.0,9364,19172,21560,22651,23938,24859,32767,32767,32767,32767,32767,2485.0,13100.0
2078.0,1787.0,10439,19571,21137,22651,22377,24859,32767,32767,32767,32767,32767,3820.0,13100.0
2266.0,1966.0,11053,19971,21560,24500,23938,24859,32767,32767,32767,32767,32767,3727.0,13100.0
2078.0,1899.0,14123,23565,26210,27274,26020,24859,32767,32767,32767,32767,32767,4473.0,13100.0
2306.0,2080.0,9223,19598,22436,23146,22929,24894,32767,32767,32767,32767,32767,2737.0,12200.0
1950.0,1655.0,10453,20798,22859,22220,22408,24894,32767,32767,32767,32767,32767,3452.0,12200.0
2398.0,2246.0,10475,21039,22268,24350,23051,24916,32767,32767,32767,32767,32767,2677.0,14900.0
2354.0,2273.0,12129,22474,24292,26011,26789,24916,32767,32767,32767,32767,32767,3458.0,14900.0
2040.0,2006.0,14518,23908,27835,27671,26789,24916,32767,32767,32767,32767,32767,3049.0,14900.0
1883.0,1899.0,14151,25343,28847,28224,28658,24916,32767,32767,32767,32767,32767,2900.0,14900.0
2331.0,2434.0,14702,25343,30365,31545,30527,24916,32767,32767,32767,32767,32767,3570.0,14900.0
2107.0,2246.0,15070,25343,28847,29331,29904,24916,32767,32767,32767,32767,32767,3756.0,14900.0
1995.0,2059.0,14518,25343,27835,28778,27412,24916,32767,32767,32767,32767,32767,2938.0,14900.0
2062.0,1979.0,12864,25821,27329,29885,29904,24916,32767,32767,32767,32767,32767,2640.0,14900.0
1748.0,1845.0,15805,25821,28341,29331,28035,24916,32767,32767,32767,32767,32767,3570.0,14900.0
1748.0,1845.0,14518,26777,29353,27671,28658,24916,32767,32767,32767,32767,32767,2677.0,14900.0
2443.0,2407.0,14886,26777,30871,30991,29904,24916,32767,32767,32767,32767,32767,3309.0,14900.0
1905.0,2032.0,15253,27255,29859,30438,29281,24916,32767,32767,32767,32767,32767,2789.0,14900.0
2896.0,2642.0,8903,20893,21632,23655,27221,24982,32767,32767,32767,32767,32767,3108.0,17300.0
2661.0,2413.0,11172,21801,24997,24706,28405,24982,32767,32767,32767,32767,32767,3532.0,17300.0
2150.0,2108.0,12219,24072,27401,28386,31363,24982,32767,32767,32767,32767,32767,2684.0,17300.0
1597.0,1981.0,13092,24980,27881,28912,30772,24982,32767,32767,32767,32767,32767,2684.0,17300.0
1746.0,1930.0,13092,24980,27881,27860,28996,24982,32767,32767,32767,32767,32767,2331.0,17300.0
1725.0,2007.0,14140,25435,27881,28386,27813,24982,32767,32767,32767,32767,32767,2826.0,17300.0
1810.0,1981.0,12743,25435,27401,27335,28405,24982,32767,32767,32767,32767,32767,2614.0,17300.0
1788.0,1880.0,14489,26797,30285,29437,30180,24982,32767,32767,32767,32767,32767,2543.0,17300.0
1725.0,1854.0,14663,26797,29323,30489,29588,24982,32767,32767,32767,32767,32767,2543.0,17300.0
1767.0,1753.0,14140,27705,30285,30489,30772,24982,32767,32767,32767,32767,32767,2649.0,17300.0
2065.0,2032.0,14489,28614,30285,29963,30180,24982,32767,32767,32767,32767,32767,3461.0,17300.0
1703.0,1905.0,15012,29068,32208,31540,31363,24982,32767,32767,32767,32767,32767,2402.0,17300.0
2792.0,2525.0,11629,22093,24908,23902,25030,25026,32767,32767,32767,32767,32767,3623.0,11600.0
2161.0,1934.0,13844,23533,26941,26125,26282,25026,32767,32767,32767,32767,32767,3399.0,11600.0
2296.0,2122.0,13290,24494,27449,26681,26907,25026,32767,32767,32767,32767,32767,3697.0,11600.0
2387.0,2256.0,14029,24974,26941,27793,28159,25026,32767,32767,32767,32767,32767,3735.0,11600.0
3377.0,3035.0,9639,20519,22682,23748,26140,25080,32767,32767,32767,32767,32767,3581.0,14396.0
2608.0,2499.0,12968,22799,28473,26914,28516,25080,32767,32767,32767,32767,32767,3794.0,15100.0
2907.0,2601.0,10865,23255,26543,25331,26734,25080,32767,32767,32767,32767,32767,3191.0,15100.0
2137.0,2397.0,14546,24623,28956,29025,29110,25080,32767,32767,32767,32767,32767,3404.0,15100.0
2415.0,2652.0,14546,28270,31369,32767,32767,25080,32767,32767,32767,32767,32767,3298.0,14849.0
2920.0,2698.0,11161,21545,23795,23310,23799,25084,32767,32767,32767,32767,32767,3314.0,12021.0
2898.0,2646.0,12061,22013,24786,26020,25020,25084,32767,32767,32767,32767,32767,3824.0,12100.0
2613.0,2410.0,10621,22013,23299,26020,26240,25084,32767,32767,32767,32767,32767,2877.0,12100.0
2086.0,1676.0,12061,22482,23299,28730,27461,25084,32767,32767,32767,32767,32767,3533.0,12100.0
4325.0,4034.0,10981,22950,25282,24936,25630,25084,32767,32767,32767,32767,32767,4261.0,9587.0
3250.0,2986.0,12421,23419,25282,26020,25630,25084,32767,32767,32767,32767,32767,3824.0,11440.0
3776.0,3562.0,12781,24824,28256,29815,30512,25084,32767,32767,32767,32767,32767,4189.0,10374.0
3418.0,3104.0,10304,20225,23398,23953,25739,25190,32767,32767,32767,32767,32767,3731.0,11990.0
3241.0,2946.0,9943,21166,23398,25041,26964,25190,32767,32767,32767,32767,32767,2999.0,12087.0
2977.0,2762.0,10666,21636,23398,23408,25126,25190,32767,32767,32767,32767,32767,3402.0,12643.0
2800.0,2604.0,10485,23518,24891,25041,25126,25190,32767,32767,32767,32767,32767,2926.0,12800.0
2095.0,2104.0,13197,24458,26385,26675,28190,25190,32767,32767,32767,32767,32767,2743.0,12800.0
2390.0,2235.0,10592,22967,23822,25518,27529,25265,32767,32767,32767,32767,32767,2572.0,13900.0
3617.0,3237.0,12181,22967,26739,27113,28128,25265,32767,32767,32767,32767,32767,4751.0,12910.0
1766.0,1927.0,13947,25722,29169,29771,28726,25265,32767,32767,32767,32767,32767,3000.0,13900.0
2692.0,2569.0,13593,26641,30142,29239,30522,25265,32767,32767,32767,32767,32767,3715.0,13900.0
2153.0,2055.0,13947,26641,29655,28707,28726,25265,32767,32767,32767,32767,32767,3572.0,13900.0
2153.0,2184.0,13770,27100,29169,31366,30522,25265,32767,32767,32767,32767,32767,3501.0,13900.0
2369.0,2595.0,14829,28019,31114,32767,32767,25265,32767,32767,32767,32767,32767,3250.0,13707.0
2024.0,2209.0,16771,28938,32086,31366,31120,25265,32767,32767,32767,32767,32767,2929.0,13900.0
2495.0,2932.0,14961,27408,31532,32767,32605,25298,32767,32767,32767,32767,32767,4232.0,14927.0
2789.0,2605.0,11699,23059,26359,29357,28241,25367,32767,32767,32767,32767,32767,3443.0,13000.0
2054.0,1849.0,9952,20317,21925,27203,26471,25372,32767,32767,32767,32767,32767,2695.0,12600.0
2652.0,2384.0,11177,21512,25298,25359,24914,25372,32767,32767,32767,32767,32767,3501.0,12600.0
3025.0,2896.0,11177,22707,24877,27203,26471,25372,32767,32767,32767,32767,32767,3315.0,12112.0
2148.0,2072.0,15158,28284,32044,32767,32700,25372,32767,32767,32767,32767,32767,3253.0,12600.0
3445.0,3235.0,11482,21813,25094,25795,25949,25396,32767,32767,32767,32767,32767,4278.0,13628.0
3045.0,2838.0,10571,23235,24592,26892,26566,25396,32767,32767,32767,32767,32767,3319.0,14254.0
2001.0,2069.0,13304,26081,29611,31832,32745,25396,32767,32767,32767,32767,32767,2471.0,14600.0
2579.0,2732.0,14945,27503,29611,30185,30273,25396,32767,32767,32767,32767,32767,3282.0,14092.0
2023.0,2201.0,16403,27503,30113,30185,30273,25396,32767,32767,32767,32767,32767,3466.0,14600.0
1978.0,2069.0,15856,29874,32121,32767,32745,25396,32767,32767,32767,32767,32767,3134.0,14600.0
1926.0,1807.0,13338,23135,25330,25391,24946,25404,32767,32767,32767,32767,32767,3381.0,12000.0
2693.0,2454.0,12571,23135,25330,25853,25465,25404,32767,32767,32767,32767,32767,4094.0,12000.0
2696.0,2636.0,9671,19571,22828,24038,24458,25438,32767,32767,32767,32767,32767,3354.0,13100.0
2809.0,2546.0,11206,21568,23673,24038,24458,25438,32767,32767,32767,32767,32767,3851.0,13100.0
2584.0,2457.0,11360,22766,26632,24963,25499,25438,32767,32767,32767,32767,32767,3634.0,13100.0
2003.0,1921.0,14123,23166,27055,28661,27060,25438,32767,32767,32767,32767,32767,3603.0,13100.0
2896.0,2825.0,11787,24354,27685,25577,24679,25459,32767,32767,32767,32767,32767,2911.0,17273.0
1987.0,2169.0,13867,26158,28640,29753,30555,25459,32767,32767,32767,32767,32767,3086.0,17800.0
2283.0,2220.0,14040,27060,30072,30275,30555,25459,32767,32767,32767,32767,32767,2946.0,17800.0
1691.0,1715.0,14214,27511,29595,30275,30555,25459,32767,32767,32767,32767,32767,2525.0,17800.0
2156.0,2472.0,13694,27962,29595,32362,32767,25459,32767,32767,32767,32767,32767,2665.0,17800.0
2558.0,2724.0,14734,28864,31504,32362,31731,25459,32767,32767,32767,32767,32767,2736.0,17111.0
1882.0,1816.0,14734,29315,31027,32362,32318,25459,32767,32767,32767,32767,32767,2665.0,17800.0
2135.0,2472.0,15947,29766,32767,32767,32767,25459,32767,32767,32767,32767,32767,3051.0,17635.0
2431.0,2623.0,15947,30217,32459,32767,32767,25459,32767,32767,32767,32767,32767,3262.0,17357.0
2325.0,2058.0,11222,20798,24129,24997,26056,25473,32767,32767,32767,32767,32767,3670.0,12200.0
3000.0,2796.0,10607,20798,24553,24534,25014,25473,32767,32767,32767,32767,32767,3888.0,12116.0
2419.0,2237.0,9684,20798,23706,25923,26056,25473,32767,32767,32767,32767,32767,2955.0,12200.0
2400.0,2147.0,10914,21198,24129,24997,25014,25473,32767,32767,32767,32767,32767,3639.0,12200.0
2006.0,1722.0,9838,23198,23706,24071,22929,25473,32767,32767,32767,32767,32767,2706.0,12200.0
2667.0,2647.0,12313,22474,24292,27117,26789,25608,32767,32767,32767,32767,32767,2938.0,14735.0
2398.0,2193.0,12497,22952,25304,26011,26789,25608,32767,32767,32767,32767,32767,3347.0,14900.0
2062.0,2460.0,14886,25821,30365,28778,28658,25608,32767,32767,32767,32767,32767,3235.0,14900.0
2174.0,2193.0,15070,26299,29353,29885,29281,25608,32767,32767,32767,32767,32767,3086.0,14900.0
2085.0,2166.0,15070,26299,27835,28778,28658,25608,32767,32767,32767,32767,32767,2938.0,14900.0
2264.0,2434.0,15621,26777,29859,30438,29904,25608,32767,32767,32767,32767,32767,3123.0,14855.0
2197.0,2300.0,14886,27255,30365,29331,28658,25608,32767,32767,32767,32767,32767,2863.0,14900.0
2242.0,2193.0,13783,27734,29353,31545,30527,25608,32767,32767,32767,32767,32767,3123.0,14900.0
2264.0,2674.0,17275,29646,32767,32767,32767,25608,32767,32767,32767,32767,32767,3421.0,14233.0
1703.0,1905.0,13441,25889,28362,29437,29588,25639,32767,32767,32767,32767,32767,2437.0,17300.0
1682.0,1854.0,13616,25889,27881,28912,28996,25639,32767,32767,32767,32767,32767,2437.0,17300.0
1639.0,1829.0,13965,26343,28362,28386,29588,25639,32767,32767,32767,32767,32767,2402.0,17300.0
2432.0,2203.0,11260,21612,24399,25014,25656,25721,32767,32767,32767,32767,32767,2689.0,11600.0
2679.0,2471.0,11998,22573,26433,25014,25030,25721,32767,32767,32767,32767,32767,3548.0,11600.0
2702.0,2605.0,12183,23053,25416,26681,26282,25721,32767,32767,32767,32767,32767,3399.0,11600.0
2612.0,2417.0,11814,23053,25416,27237,26907,25721,32767,32767,32767,32767,32767,3212.0,11600.0
2341.0,2203.0,13475,24494,27449,27793,28159,25721,32767,32767,32767,32767,32767,3100.0,11600.0
3719.0,3417.0,12092,23711,27026,26914,29110,25740,32767,32767,32767,32767,32767,4397.0,13725.0
2116.0,2040.0,13669,26902,29439,31136,30893,25740,32767,32767,32767,32767,32767,3333.0,15100.0
3140.0,2777.0,11341,22950,25778,28188,28681,25762,32767,32767,32767,32767,32767,3788.0,11940.0
5094.0,4925.0,16381,28571,32718,32525,32343,25762,32767,32767,32767,32767,32767,5354.0,7882.0
2073.0,1841.0,12293,23518,26385,27219,27577,25871,32767,32767,32767,32767,32767,3146.0,12800.0
2029.0,2210.0,12293,23518,25887,25586,26351,25871,32767,32767,32767,32767,32767,2743.0,12800.0
2381.0,2394.0,14281,24458,25389,28308,28803,25871,32767,32767,32767,32767,32767,2890.0,12800.0
2734.0,2946.0,15004,26340,29371,30485,30028,25871,32767,32767,32767,32767,32767,3438.0,11919.0
2067.0,1955.0,15419,28600,31952,32767,31570,25873,32767,32767,32767,32767,32767,3645.0,15500.0
2551.0,2999.0,17404,29792,32767,32767,32605,25873,32767,32767,32767,32767,32767,4263.0,14408.0
2433.0,2132.0,11122,20670,23335,26049,26332,25929,32767,32767,32767,32767,32767,3536.0,13900.0
3725.0,3442.0,12358,24804,26252,27644,28128,25929,32767,32767,32767,32767,32767,4358.0,12454.0
2261.0,2389.0,13947,25263,27711,30302,28726,25929,32767,32767,32767,32767,32767,3179.0,13900.0
1873.0,2055.0,14476,27560,31114,30302,29923,25929,32767,32767,32767,32767,32767,2500.0,13900.0
2218.0,2184.0,15535,28019,30142,29771,29923,25929,32767,32767,32767,32767,32767,3965.0,13900.0
3417.0,3119.0,9799,20715,24033,26742,26990,25948,32767,32767,32767,32767,32767,3656.0,11749.0
3175.0,2963.0,10871,22707,25720,25820,25952,25948,32767,32767,32767,32767,32767,3532.0,12036.0
2689.0,2584.0,11330,23106,26985,27664,27509,25948,32767,32767,32767,32767,32767,2881.0,12600.0
2693.0,2454.0,8892,19146,21109,25391,24946,25981,32767,32767,32767,32767,32767,2916.0,12000.0
3235.0,2967.0,9812,19944,25753,26314,25985,25981,32767,32767,32767,32767,32767,3939.0,11563.0
2636.0,2365.0,10425,21539,22797,24468,25985,25981,32767,32767,32767,32767,32767,3660.0,12000.0
3216.0,3012.0,9658,21539,24486,26314,26505,25981,32767,32767,32767,32767,32767,3443.0,11341.0
2113.0,2142.0,11804,23135,25753,27699,27544,25981,32767,32767,32767,32767,32767,3102.0,12000.0
2094.0,2030.0,12571,23534,26175,26776,26505,25981,32767,32767,32767,32767,32767,3784.0,12000.0
2356.0,2231.0,12878,24731,28286,27238,27544,25981,32767,32767,32767,32767,32767,3722.0,12000.0
2528.0,2211.0,8596,18772,20291,22651,23418,26016,32767,32767,32767,32767,32767,3137.0,13100.0
2528.0,2457.0,9671,20370,23673,25887,26020,26016,32767,32767,32767,32767,32767,2578.0,13100.0
2958.0,2748.0,10439,20769,24096,25425,24979,26016,32767,32767,32767,32767,32767,4007.0,13100.0
2303.0,2077.0,13662,23965,26632,28198,28101,26016,32767,32767,32767,32767,32767,3914.0,13100.0
2415.0,2278.0,13355,24364,27478,28198,27581,26016,32767,32767,32767,32767,32767,3851.0,13100.0
2191.0,1988.0,13202,24763,26210,27274,26540,26016,32767,32767,32767,32767,32767,3727.0,13100.0
2767.0,2553.0,9572,20292,22454,24553,27040,26034,32767,32767,32767,32767,32767,3120.0,13000.0
3913.0,3663.0,11167,22598,24406,25621,28241,26034,32767,32767,32767,32767,32767,4124.0,11159.0
3459.0,3147.0,11521,24443,26847,27756,28241,26034,32767,32767,32767,32767,32767,3658.0,12023.0
2486.0,2192.0,14003,24904,28311,28824,28241,26034,32767,32767,32767,32767,32767,4268.0,13000.0
2724.0,2218.0,12408,25365,26359,27756,28842,26034,32767,32767,32767,32767,32767,3694.0,13000.0
4454.0,4178.0,13648,25826,29775,30425,32767,26034,32767,32767,32767,32767,32767,5021.0,10219.0
3356.0,3109.0,9377,20398,23706,23608,25014,26052,32767,32767,32767,32767,32767,3577.0,11359.0
2569.0,2304.0,11837,21198,23706,23608,24492,26052,32767,32767,32767,32767,32767,4168.0,12200.0
2269.0,2058.0,11222,21998,23706,24534,25535,26052,32767,32767,32767,32767,32767,3546.0,12200.0
2156.0,1879.0,10146,23198,27093,24071,23450,26052,32767,32767,32767,32767,32767,3048.0,12200.0
2934.0,2811.0,12393,23710,25596,28539,29038,26082,32767,32767,32767,32767,32767,2839.0,13997.0
2379.0,2493.0,15309,27029,31117,31832,30273,26082,32767,32767,32767,32767,32767,3466.0,14586.0
2090.0,2838.0,17496,29400,32622,32767,32127,26082,32767,32767,32767,32767,32767,3171.0,13575.0
2223.0,2440.0,16767,29874,32767,32767,32127,26082,32767,32767,32767,32767,32767,3098.0,14339.0
3214.0,3001.0,11960,23452,26731,28187,25855,26112,32767,32767,32767,32767,32767,4279.0,17270.0
2875.0,2699.0,13694,25707,28640,29753,31143,26112,32767,32767,32767,32767,32767,4138.0,17688.0
2135.0,2346.0,14560,27962,29595,31319,31143,26112,32767,32767,32767,32767,32767,2736.0,17800.0
1882.0,1917.0,14734,27962,31027,32362,31143,26112,32767,32767,32767,32767,32767,2630.0,17800.0
2093.0,2547.0,14560,28413,31027,32362,32318,26112,32767,32767,32767,32767,32767,2911.0,17677.0
1818.0,1816.0,15080,28413,32459,32362,32767,26112,32767,32767,32767,32767,32767,2525.0,17800.0
1712.0,1715.0,14907,28413,31981,32362,32318,26112,32767,32767,32767,32767,32767,2630.0,17800.0
2030.0,2320.0,14907,28864,31504,32767,32318,26112,32767,32767,32767,32767,32767,2841.0,17800.0
2093.0,2421.0,15427,29315,32459,32362,32318,26112,32767,32767,32767,32767,32767,2876.0,17756.0
1755.0,1892.0,14734,29315,31027,32767,31143,26112,32767,32767,32767,32767,32767,2525.0,17800.0
1755.0,1917.0,15254,29315,31981,32767,32318,26112,32767,32767,32767,32767,32767,2560.0,17800.0
2516.0,2901.0,15427,29315,31981,32767,32318,26112,32767,32767,32767,32767,32767,3227.0,16920.0
1924.0,2068.0,15254,30217,31981,32362,32767,26112,32767,32767,32767,32767,32767,2630.0,17800.0
3129.0,3128.0,14907,31119,32767,32767,32767,26112,32767,32767,32767,32767,32767,3437.0,16515.0
1852.0,2108.0,13965,26343,29804,31014,30180,26297,32767,32767,32767,32767,32767,2543.0,17300.0
1788.0,2057.0,14140,26797,29804,31014,31363,26297,32767,32767,32767,32767,32767,2543.0,17300.0
1874.0,1930.0,15012,26797,28843,29963,30180,26297,32767,32767,32767,32767,32767,2932.0,17300.0
1874.0,1930.0,14663,28160,30285,32066,31955,26297,32767,32767,32767,32767,32767,3391.0,17300.0
2023.0,2210.0,13790,28160,31246,29963,30180,26297,32767,32767,32767,32767,32767,2684.0,17300.0
1682.0,1880.0,14663,28614,31246,31540,31363,26297,32767,32767,32767,32767,32767,2578.0,17300.0
1661.0,2134.0,14140,28614,29804,31540,31955,26297,32767,32767,32767,32767,32767,2720.0,17300.0
2321.0,2921.0,14663,28614,32208,32066,31363,26297,32767,32767,32767,32767,32767,3179.0,16537.0
1938.0,2235.0,15885,29068,31727,32767,32547,26297,32767,32767,32767,32767,32767,2932.0,17300.0
2001.0,2311.0,15187,29068,32208,32767,32767,26297,32767,32767,32767,32767,32767,2790.0,17300.0
3641.0,4344.0,14140,29068,32767,32767,32767,26297,32767,32767,32767,32767,32767,3532.0,14146.0
1980.0,2184.0,15187,29522,32688,32591,32767,26297,32767,32767,32767,32767,32767,2720.0,17300.0
2129.0,2566.0,14838,29976,30285,32767,32767,26297,32767,32767,32767,32767,32767,3285.0,17239.0
2040.0,1979.0,10843,23908,24798,27671,29281,26301,32767,32767,32767,32767,32767,2231.0,14900.0
1771.0,1631.0,11578,23908,26823,27671,27412,26301,32767,32767,32767,32767,32767,2343.0,14900.0
2712.0,2594.0,13232,25343,28341,28224,28658,26301,32767,32767,32767,32767,32767,3384.0,14887.0
1995.0,2166.0,14886,26299,29859,30438,30527,26301,32767,32767,32767,32767,32767,2714.0,14900.0
1928.0,2086.0,15621,26299,27835,30438,29904,26301,32767,32767,32767,32767,32767,2938.0,14900.0
1995.0,2086.0,14886,26777,30365,30438,29281,26301,32767,32767,32767,32767,32767,2863.0,14900.0
4275.0,3927.0,12267,24623,27026,28498,30299,26400,32767,32767,32767,32767,32767,4255.0,12713.0
2287.0,2754.0,15422,26446,29439,31136,32081,26400,32767,32767,32767,32767,32767,3759.0,14711.0
2672.0,2729.0,14896,26446,29439,31136,32081,26400,32767,32767,32767,32767,32767,3617.0,14688.0
2202.0,2372.0,15772,26446,29439,30609,30893,26400,32767,32767,32767,32767,32767,3262.0,15100.0
2544.0,2678.0,14896,26446,30887,31136,31487,26400,32767,32767,32767,32767,32767,3085.0,14631.0
1966.0,2091.0,15247,27358,29921,32192,32767,26400,32767,32767,32767,32767,32767,3227.0,15100.0
2287.0,2550.0,17174,29638,32767,32192,32767,26400,32767,32767,32767,32767,32767,3652.0,14733.0
2274.0,2310.0,13475,25455,28466,29461,29410,26417,32767,32767,32767,32767,32767,2988.0,11600.0
3074.0,2777.0,12421,22482,25282,24936,27461,26440,32767,32767,32767,32767,32767,4444.0,12002.0
3974.0,3693.0,11341,22482,24786,26020,25630,26440,32767,32767,32767,32767,32767,3897.0,10129.0
3733.0,3510.0,11701,23419,24786,31983,30512,26440,32767,32767,32767,32767,32767,3642.0,10408.0
3667.0,3405.0,12961,23887,27265,27104,28071,26440,32767,32767,32767,32767,32767,4771.0,10751.0
4523.0,4165.0,12241,24355,28752,24936,25630,26440,32767,32767,32767,32767,32767,4480.0,9331.0
3645.0,3405.0,12241,25292,27761,28188,28681,26440,32767,32767,32767,32767,32767,3642.0,10570.0
3455.0,3208.0,9646,20715,24877,27203,26471,26525,32767,32767,32767,32767,32767,3532.0,11536.0
3119.0,2830.0,10718,21114,26142,26281,25952,26525,32767,32767,32767,32767,32767,3749.0,12376.0
2988.0,2740.0,11636,22707,26985,27664,26990,26525,32767,32767,32767,32767,32767,3594.0,12473.0
3007.0,2807.0,11177,24699,29093,27664,27509,26525,32767,32767,32767,32767,32767,3377.0,12307.0
2278.0,2295.0,14086,26293,30780,30892,30104,26525,32767,32767,32767,32767,32767,3129.0,12600.0
2353.0,2206.0,14086,27488,31623,32275,31662,26525,32767,32767,32767,32767,32767,2881.0,12600.0
2409.0,2696.0,15158,28683,32767,32736,32767,26525,32767,32767,32767,32767,32767,4027.0,12387.0
2073.0,1973.0,12835,24458,26882,27219,28803,26552,32767,32767,32767,32767,32767,2560.0,12800.0
4696.0,4367.0,12473,24458,28376,26130,26964,26552,32767,32767,32767,32767,32767,4645.0,9705.0
2800.0,2657.0,12835,24929,26882,28852,30028,26552,32767,32767,32767,32767,32767,3438.0,12711.0
1830.0,1710.0,12835,25399,26882,26675,27577,26552,32767,32767,32767,32767,32767,2670.0,12800.0
3682.0,3446.0,12112,25399,28376,27763,29416,26552,32767,32767,32767,32767,32767,3804.0,11248.0
2271.0,2025.0,13377,25399,27380,28852,29416,26552,32767,32767,32767,32767,32767,3914.0,12800.0
2359.0,2236.0,13197,25869,27380,27763,28190,26552,32767,32767,32767,32767,32767,3548.0,12800.0
2095.0,2052.0,16270,27751,29869,29941,31254,26552,32767,32767,32767,32767,32767,3511.0,12800.0
2636.0,2432.0,9812,19944,20687,24929,25985,26558,32767,32767,32767,32767,32767,3195.0,12000.0
2506.0,2231.0,10885,20742,23220,24929,25985,26558,32767,32767,32767,32767,32767,3288.0,12000.0
3179.0,2900.0,8892,20742,23642,25391,25985,26558,32767,32767,32767,32767,32767,3474.0,11570.0
3160.0,2900.0,9045,21141,24486,25391,25985,26558,32767,32767,32767,32767,32767,3319.0,11526.0
2412.0,2186.0,11191,22736,26175,25391,25465,26558,32767,32767,32767,32767,32767,3319.0,12000.0
2225.0,1852.0,11038,23135,24908,24468,25465,26558,32767,32767,32767,32767,32767,3660.0,12000.0
2206.0,1941.0,13491,23933,26175,24929,25985,26558,32767,32767,32767,32767,32767,3691.0,12000.0
1889.0,1852.0,14104,25927,28708,29546,29623,26558,32767,32767,32767,32767,32767,3877.0,12000.0
3052.0,2882.0,9211,18373,21982,25425,24979,26594,32767,32767,32767,32767,32767,3323.0,12697.0
2546.0,2256.0,8596,19971,20714,22651,22377,26594,32767,32767,32767,32767,32767,3013.0,13100.0
3632.0,3485.0,9825,20769,23673,27274,27581,26594,32767,32767,32767,32767,32767,3634.0,11527.0
2715.0,2524.0,11513,23166,25787,27274,27060,26594,32767,32767,32767,32767,32767,3572.0,13100.0
2907.0,2595.0,10416,23885,25766,25518,28128,26594,32767,32767,32767,32767,32767,3250.0,13900.0
1891.0,1787.0,13509,24364,26632,27274,26540,26594,32767,32767,32767,32767,32767,3789.0,13100.0
3208.0,2954.0,11652,24804,26739,28707,30522,26594,32767,32767,32767,32767,32767,3572.0,13304.0
2453.0,2345.0,13662,25163,29169,28198,29662,26594,32767,32767,32767,32767,32767,4193.0,13100.0
2024.0,2004.0,15359,29397,31600,31366,31120,26594,32767,32767,32767,32767,32767,2822.0,13900.0
2062.0,1857.0,10453,21998,23706,23146,25014,26631,32767,32767,32767,32767,32767,2893.0,12200.0
2419.0,2326.0,10453,22398,24976,24997,26056,26631,32767,32767,32767,32767,32767,3017.0,12200.0
2887.0,2528.0,11375,23198,26246,25460,26056,26631,32767,32767,32767,32767,32767,4137.0,12200.0
4791.0,5178.0,13401,24849,28421,29224,29243,26686,32767,32767,32767,32767,32767,4924.0,11271.0
3978.0,3559.0,12408,22598,26847,30425,31246,26702,32767,32767,32767,32767,32767,3443.0,11046.0
3048.0,2760.0,11167,24443,25870,29357,28842,26702,32767,32767,32767,32767,32767,3300.0,12759.0
5275.0,5055.0,14003,26288,30263,32560,32767,26702,32767,32767,32767,32767,32767,4913.0,8747.0
3956.0,3688.0,13648,26288,29775,30425,31847,26702,32767,32767,32767,32767,32767,4483.0,11004.0
2248.0,2089.0,13826,27210,28799,29891,30645,26702,32767,32767,32767,32767,32767,3479.0,13000.0
1797.0,1841.0,14907,29766,32459,32767,32767,26765,32767,32767,32767,32767,32767,2595.0,17800.0
1882.0,2169.0,14040,29766,31981,32767,32767,26765,32767,32767,32767,32767,32767,2385.0,17800.0
1755.0,1866.0,15947,30217,32767,32767,32767,26765,32767,32767,32767,32767,32767,2595.0,17800.0
2452.0,2699.0,15254,30668,32767,32767,32767,26765,32767,32767,32767,32767,32767,3016.0,17234.0
1987.0,2119.0,15947,31119,32767,32767,32767,26765,32767,32767,32767,32767,32767,2876.0,17800.0
2770.0,3027.0,15080,31570,32767,32767,32767,26765,32767,32767,32767,32767,32767,3367.0,16737.0
2445.0,2201.0,12758,25606,29611,29636,30273,26768,32767,32767,32767,32767,32767,3577.0,14600.0
2490.0,2599.0,15674,27503,30113,31832,31509,26768,32767,32767,32767,32767,32767,3909.0,14423.0
1889.0,2016.0,17132,28926,32767,32380,30891,26768,32767,32767,32767,32767,32767,3024.0,14600.0
2667.0,2678.0,14398,28926,31117,31283,32745,26768,32767,32767,32767,32767,32767,3208.0,14218.0
2001.0,2201.0,16220,29400,31619,31283,30273,26768,32767,32767,32767,32767,32767,2803.0,14600.0
2356.0,2997.0,17314,30822,32767,32767,32745,26768,32767,32767,32767,32767,32767,3614.0,13421.0
2290.0,3023.0,17861,30822,32767,32767,32767,26768,32767,32767,32767,32767,32767,3688.0,13321.0
2334.0,2944.0,18225,31297,32767,32767,32127,26768,32767,32767,32767,32767,32767,3614.0,13347.0
2470.0,2439.0,13965,24980,28362,29437,30772,26954,32767,32767,32767,32767,32767,3214.0,17300.0
2640.0,3277.0,15187,26343,30285,31540,32547,26954,32767,32767,32767,32767,32767,3461.0,15880.0
2044.0,2413.0,14314,27251,28843,31014,32547,26954,32767,32767,32767,32767,32767,2826.0,17300.0
2087.0,2235.0,13790,28160,31727,32591,32767,26954,32767,32767,32767,32767,32767,3108.0,17300.0
1810.0,2159.0,14489,28160,31246,30489,31363,26954,32767,32767,32767,32767,32767,2755.0,17300.0
2001.0,2134.0,14838,28160,30285,31540,31363,26954,32767,32767,32767,32767,32767,3038.0,17300.0
1767.0,1956.0,14489,28160,32208,31540,31955,26954,32767,32767,32767,32767,32767,2331.0,17300.0
2150.0,2439.0,16409,28614,32688,32767,32767,26954,32767,32767,32767,32767,32767,2896.0,17043.0
1980.0,2235.0,15012,28614,32208,32591,31955,26954,32767,32767,32767,32767,32767,3002.0,17300.0
1852.0,2134.0,14314,28614,31727,32591,32767,26954,32767,32767,32767,32767,32767,2508.0,17300.0
1788.0,1803.0,14838,28614,32208,32066,31955,26954,32767,32767,32767,32767,32767,2508.0,17300.0
2065.0,2464.0,15885,29976,32767,32767,32767,26954,32767,32767,32767,32767,32767,3002.0,17160.0
1682.0,1829.0,16234,30431,32767,32767,32767,26954,32767,32767,32767,32767,32767,2790.0,17300.0
2062.0,2246.0,14702,27255,30365,31545,31773,26993,32767,32767,32767,32767,32767,2752.0,14900.0
2219.0,2487.0,17091,28690,31884,32098,31150,26993,32767,32767,32767,32767,32767,3570.0,14656.0
2174.0,2300.0,16540,28690,32767,32767,31150,26993,32767,32767,32767,32767,32767,3272.0,14900.0
2398.0,2674.0,15621,29168,32767,32652,31773,26993,32767,32767,32767,32767,32767,3161.0,14392.0
4450.0,4310.0,12061,26217,28168,30343,30535,27023,32767,32767,32767,32767,32767,4170.0,12483.0
2067.0,1999.0,15267,28600,29850,32641,32605,27023,32767,32767,32767,32767,32767,3583.0,15500.0
2907.0,2780.0,14546,25990,28473,31664,31487,27060,32767,32767,32767,32767,32767,4184.0,14725.0
2415.0,2117.0,15071,27358,29921,32767,31487,27060,32767,32767,32767,32767,32767,4681.0,15100.0
2031.0,2346.0,15422,27814,31369,32720,32675,27060,32767,32767,32767,32767,32767,3014.0,15100.0
2951.0,2696.0,11789,22707,25720,28125,28028,27101,32767,32767,32767,32767,32767,3718.0,12590.0
2054.0,1871.0,13933,24699,26563,29508,28028,27101,32767,32767,32767,32767,32767,4027.0,12600.0
2913.0,2718.0,14392,27886,31623,29508,31662,27101,32767,32767,32767,32767,32767,3625.0,12216.0
2679.0,2525.0,12183,23533,26941,27237,29410,27112,32767,32767,32767,32767,32767,3175.0,11600.0
2810.0,2567.0,12421,26697,28256,30357,32767,27118,32767,32767,32767,32767,32767,3023.0,12074.0
4128.0,3903.0,13861,27166,30239,32767,32767,27118,32767,32767,32767,32767,32767,4407.0,9693.0
4128.0,3851.0,13501,27166,31231,29273,29902,27118,32767,32767,32767,32767,32767,4444.0,9814.0
3381.0,3196.0,15841,27634,32222,31441,31122,27118,32767,32767,32767,32767,32767,4735.0,10799.0
2393.0,2075.0,9352,19944,22375,22621,23906,27136,32767,32767,32767,32767,32767,3009.0,12000.0
3085.0,2833.0,10271,21539,24064,25391,26505,27136,32767,32767,32767,32767,32767,3381.0,11686.0
3459.0,3302.0,9198,21539,25753,24468,26505,27136,32767,32767,32767,32767,32767,3598.0,10777.0
2936.0,2655.0,8738,21938,26597,21698,22867,27136,32767,32767,32767,32767,32767,3133.0,12000.0
2431.0,2231.0,12418,23135,24908,26314,26505,27136,32767,32767,32767,32767,32767,4094.0,12000.0
2599.0,2365.0,13644,24731,27863,29084,28064,27136,32767,32767,32767,32767,32767,3877.0,12000.0
3183.0,3038.0,9978,21169,24096,26349,26020,27172,32767,32767,32767,32767,32767,3603.0,12449.0
2266.0,2055.0,13202,24364,27901,26349,26540,27172,32767,32767,32767,32767,32767,3758.0,13100.0
4331.0,4116.0,9992,21598,25823,27775,27619,27210,32767,32767,32767,32767,32767,3981.0,9490.0
3487.0,3288.0,10761,21998,25399,28701,28661,27210,32767,32767,32767,32767,32767,3888.0,11069.0
2962.0,2729.0,12605,23998,27516,26849,27098,27210,32767,32767,32767,32767,32767,4417.0,12196.0
1720.0,1841.0,12293,24929,26882,27219,29416,27233,32767,32767,32767,32767,32767,2743.0,12800.0
2690.0,2499.0,12112,25869,29371,27219,28803,27233,32767,32767,32767,32767,32767,2926.0,12800.0
2955.0,2867.0,15547,26810,30367,31030,31254,27233,32767,32767,32767,32767,32767,4353.0,12140.0
3594.0,3420.0,14281,28221,31363,31030,31867,27233,32767,32767,32767,32767,32767,4133.0,11185.0
2928.0,2723.0,11652,24344,26739,28707,31719,27259,32767,32767,32767,32767,32767,3108.0,13652.0
5362.0,5061.0,12887,24804,27711,27113,28726,27259,32767,32767,32767,32767,32767,4608.0,9636.0
3187.0,2929.0,13240,27560,30142,30302,32317,27259,32767,32767,32767,32767,32767,3608.0,13210.0
3811.0,3648.0,13593,28019,32086,30302,32317,27259,32767,32767,32767,32767,32767,3965.0,11900.0
4263.0,4007.0,14123,28478,31114,32767,32767,27259,32767,32767,32767,32767,32767,4179.0,11225.0
3005.0,2760.0,13117,25826,28311,29357,30044,27369,32767,32767,32767,32767,32767,4196.0,12827.0
1924.0,2295.0,15080,29315,31981,32767,32767,27417,32767,32767,32767,32767,32767,2911.0,17800.0
2558.0,2774.0,16120,31570,32767,32767,32767,27417,32767,32767,32767,32767,32767,3227.0,17012.0
2347.0,2648.0,15947,32021,32767,32767,32767,27417,32767,32767,32767,32767,32767,2981.0,17225.0
2664.0,2623.0,16120,32021,32767,32767,32767,27417,32767,32767,32767,32767,32767,3016.0,17164.0
2283.0,2421.0,16640,32767,32767,32767,32767,27417,32767,32767,32767,32767,32767,3086.0,17574.0
2756.0,2572.0,11482,24658,27102,31283,30891,27455,32767,32767,32767,32767,32767,2692.0,14522.0
3112.0,2970.0,14762,27503,30615,31283,30891,27455,32767,32767,32767,32767,32767,3245.0,13537.0
2067.0,2016.0,15674,29874,32767,32767,32767,27455,32767,32767,32767,32767,32767,3171.0,14600.0
2201.0,2387.0,17132,29874,32767,32767,32127,27455,32767,32767,32767,32767,32767,3024.0,14344.0
2490.0,2997.0,19136,31771,32767,32767,32767,27455,32767,32767,32767,32767,32767,3540.0,13022.0
2725.0,2616.0,11347,24980,27401,29963,31955,27611,32767,32767,32767,32767,32767,2720.0,17170.0
1959.0,2159.0,14489,27705,31246,32066,32767,27611,32767,32767,32767,32767,32767,2472.0,17300.0
2087.0,2388.0,14838,28160,31727,32591,32767,27611,32767,32767,32767,32767,32767,2861.0,17300.0
1916.0,2261.0,15012,29522,32688,32767,32767,27611,32767,32767,32767,32767,32767,2578.0,17300.0
2214.0,2591.0,16583,29522,32688,32767,32767,27611,32767,32767,32767,32767,32767,3426.0,16921.0
2789.0,3455.0,16758,32767,32767,32767,32767,27611,32767,32767,32767,32767,32767,3426.0,15311.0
3231.0,3052.0,9340,19520,22768,23515,24914,27678,32767,32767,32767,32767,32767,3377.0,11836.0
3455.0,3208.0,9493,20715,23190,26281,26471,27678,32767,32767,32767,32767,32767,3656.0,11573.0
3305.0,3119.0,10258,22707,26563,28125,28547,27678,32767,32767,32767,32767,32767,3377.0,11684.0
2839.0,2718.0,11483,24301,29093,28586,28547,27678,32767,32767,32767,32767,32767,3098.0,12398.0
3007.0,2852.0,12402,25496,29936,28586,30623,27678,32767,32767,32767,32767,32767,3687.0,12215.0
2857.0,2807.0,13474,25894,29515,31353,30104,27678,32767,32767,32767,32767,32767,3810.0,12249.0
2623.0,2487.0,12129,24865,26823,26564,28658,27685,32767,32767,32767,32767,32767,3495.0,14900.0
2936.0,2674.0,13416,25343,28847,28224,30527,27685,32767,32767,32767,32767,32767,4388.0,14900.0
3654.0,3690.0,12497,25821,28341,30438,31150,27685,32767,32767,32767,32767,32767,3644.0,12886.0
2936.0,2968.0,15437,26777,31884,31545,31773,27685,32767,32767,32767,32767,32767,3830.0,13975.0
2309.0,2594.0,16540,27255,29859,32767,31773,27685,32767,32767,32767,32767,32767,3421.0,14495.0
3004.0,2995.0,15437,27734,32390,32098,32767,27685,32767,32767,32767,32767,32767,3867.0,13921.0
2466.0,2300.0,15070,28690,31377,32098,32396,27685,32767,32767,32767,32767,32767,3570.0,14900.0
2936.0,2655.0,9965,22736,26175,26314,27024,27713,32767,32767,32767,32767,32767,3412.0,12000.0
2450.0,2231.0,11038,23135,24486,26314,27024,27713,32767,32767,32767,32767,32767,3381.0,12000.0
2263.0,1852.0,13338,23135,25330,26314,24426,27713,32767,32767,32767,32767,32767,5056.0,12000.0
2076.0,2298.0,16250,26725,29974,30469,31182,27713,32767,32767,32767,32767,32767,3939.0,12000.0
2487.0,2722.0,15177,26725,31241,31393,31182,27713,32767,32767,32767,32767,32767,4032.0,11717.0
2116.0,2142.0,14896,27358,31369,31664,31487,27720,32767,32767,32767,32767,32767,3156.0,15100.0
3399.0,3137.0,14370,27358,29921,31136,30893,27720,32767,32767,32767,32767,32767,4539.0,14068.0
3225.0,3020.0,10607,21598,24976,27775,27619,27789,32767,32767,32767,32767,32767,3670.0,11572.0
3412.0,3109.0,11375,21998,26246,28238,27619,27789,32767,32767,32767,32767,32767,4075.0,11421.0
3112.0,2841.0,11375,23198,27939,26849,26577,27789,32767,32767,32767,32767,32767,3981.0,11973.0
2119.0,1901.0,13220,23598,26669,28238,27619,27789,32767,32767,32767,32767,32767,3608.0,12200.0
3131.0,2818.0,13374,24798,27939,27312,27098,27789,32767,32767,32767,32767,32767,4790.0,11953.0
3008.0,2803.0,10981,22013,24786,25478,26851,27796,32767,32767,32767,32767,32767,3715.0,11934.0
3228.0,3091.0,11881,23887,25778,26562,26851,27796,32767,32767,32767,32767,32767,3642.0,11257.0
2437.0,2488.0,15841,27166,31231,32525,32343,27796,32767,32767,32767,32767,32767,3497.0,11996.0
2792.0,2525.0,12367,24014,25924,27793,28785,27807,32767,32767,32767,32767,32767,3810.0,11600.0
3197.0,2928.0,13106,25455,28974,28349,30662,27807,32767,32767,32767,32767,32767,4332.0,11101.0
2477.0,2605.0,15690,26895,31516,32240,31288,27807,32767,32767,32767,32767,32767,3399.0,11267.0
3418.0,3183.0,10304,21636,23398,23953,25739,27913,32767,32767,32767,32767,32767,3548.0,11792.0
2734.0,2367.0,12835,24929,27380,28308,31254,27913,32767,32767,32767,32767,32767,4316.0,12800.0
3748.0,3525.0,13377,26810,28874,31030,32480,27913,32767,32767,32767,32767,32767,3841.0,11001.0
5578.0,5314.0,15185,27280,30865,32118,32480,27913,32767,32767,32767,32767,32767,5084.0,8057.0
2347.0,2209.0,12358,25722,26739,29239,31120,27924,32767,32767,32767,32767,32767,2750.0,13900.0
2928.0,2595.0,13240,27100,30628,28707,29923,27924,32767,32767,32767,32767,32767,4072.0,13900.0
2003.0,2312.0,16065,28938,32572,32767,32317,27924,32767,32767,32767,32767,32767,2893.0,13900.0
2347.0,2697.0,16065,28938,31600,32767,32767,27924,32767,32767,32767,32767,32767,3286.0,13338.0
3122.0,2929.0,16418,30316,32767,32767,32767,27924,32767,32767,32767,32767,32767,3929.0,12855.0
3015.0,3006.0,15359,31694,32767,32767,32767,27924,32767,32767,32767,32767,32767,3893.0,12919.0
3610.0,3327.0,11876,24904,27823,29357,31847,28037,32767,32767,32767,32767,32767,3837.0,11694.0
4540.0,4333.0,12408,25365,29287,28290,29443,28037,32767,32767,32767,32767,32767,4519.0,9979.0
4475.0,4256.0,14003,25826,30752,29891,31246,28037,32767,32767,32767,32767,32767,4734.0,10027.0
5016.0,4746.0,13471,27210,30263,32026,32767,28037,32767,32767,32767,32767,32767,4662.0,9227.0
4886.0,4514.0,13117,28132,32767,27756,30044,28037,32767,32767,32767,32767,32767,4411.0,9560.0
4454.0,4204.0,14535,29055,32767,31492,32448,28037,32767,32767,32767,32767,32767,5057.0,10101.0
1776.0,2043.0,14734,29766,32767,32767,32767,28070,32767,32767,32767,32767,32767,2736.0,17800.0
3256.0,3279.0,15600,30217,32767,32767,32767,28070,32767,32767,32767,32767,32767,3753.0,16230.0
1882.0,2119.0,16467,31570,32767,32767,32767,28070,32767,32767,32767,32767,32767,2665.0,17800.0
2495.0,2699.0,16640,31570,32767,32767,32767,28070,32767,32767,32767,32767,32767,3121.0,17031.0
2622.0,2926.0,15774,31570,32767,32767,32767,28070,32767,32767,32767,32767,32767,3192.0,16778.0
2220.0,2320.0,16640,32021,32767,32767,32767,28070,32767,32767,32767,32767,32767,3156.0,17800.0
2643.0,2926.0,15774,32021,32767,32767,32767,28070,32767,32767,32767,32767,32767,3297.0,16812.0
2072.0,2295.0,16640,32472,32767,32767,32767,28070,32767,32767,32767,32767,32767,2946.0,17800.0
1987.0,2245.0,16640,32472,32767,32767,32767,28070,32767,32767,32767,32767,32767,2736.0,17800.0
2072.0,2320.0,16640,32767,32767,32767,32767,28070,32767,32767,32767,32767,32767,2736.0,17668.0
4224.0,4031.0,13487,25132,30615,30185,31509,28141,32767,32767,32767,32767,32767,4351.0,12000.0
3112.0,2732.0,14216,25606,29611,31283,30891,28141,32767,32767,32767,32767,32767,4904.0,14412.0
2134.0,2413.0,16767,28451,32622,32767,32745,28141,32767,32767,32767,32767,32767,3171.0,14441.0
2779.0,2785.0,14580,28451,31117,31283,32745,28141,32767,32767,32767,32767,32767,3614.0,14105.0
2690.0,2519.0,14762,28926,32121,31832,32127,28141,32767,32767,32767,32767,32767,4314.0,14600.0
2312.0,2334.0,16767,30348,32767,32767,32767,28141,32767,32767,32767,32767,32767,2913.0,14433.0
2356.0,2599.0,17314,30348,32767,32767,32767,28141,32767,32767,32767,32767,32767,3356.0,14008.0
2623.0,2917.0,16767,31297,32767,32767,32767,28141,32767,32767,32767,32767,32767,3761.0,13613.0
2067.0,2413.0,18772,32767,32767,32767,32767,28141,32767,32767,32767,32767,32767,3061.0,14023.0
2197.0,2355.0,16641,30189,32767,32767,32767,28173,32767,32767,32767,32767,32767,4201.0,15500.0
2197.0,2222.0,15725,30586,32767,32767,32767,28173,32767,32767,32767,32767,32767,3274.0,15500.0
2011.0,2044.0,16641,31381,32767,32767,32767,28173,32767,32767,32767,32767,32767,2996.0,15500.0
2607.0,2999.0,16946,31381,32767,32767,32767,28173,32767,32767,32767,32767,32767,3645.0,14319.0
3380.0,3097.0,10871,21911,27406,25359,25952,28255,32767,32767,32767,32767,32767,4089.0,11884.0
3586.0,3320.0,9799,21911,26142,29047,29066,28255,32767,32767,32767,32767,32767,3687.0,11346.0
2913.0,2696.0,10258,22707,24455,27203,26471,28255,32767,32767,32767,32767,32767,3377.0,12600.0
3119.0,2963.0,10718,23504,26563,29047,28547,28255,32767,32767,32767,32767,32767,3191.0,11941.0
3025.0,2785.0,10411,23504,27406,28125,28028,28255,32767,32767,32767,32767,32767,3315.0,12368.0
3604.0,3320.0,11177,25097,28671,29508,30104,28255,32767,32767,32767,32767,32767,3377.0,11208.0
2598.0,2718.0,13790,28160,31727,31014,31955,28269,32767,32767,32767,32767,32767,3038.0,16885.0
2129.0,2515.0,15361,28614,32688,32767,32767,28269,32767,32767,32767,32767,32767,2826.0,17059.0
1980.0,2311.0,14663,29068,32688,32591,32767,28269,32767,32767,32767,32767,32767,2614.0,17300.0
1703.0,1829.0,15187,29068,32208,32591,32767,28269,32767,32767,32767,32767,32767,2649.0,17300.0
3366.0,3078.0,8585,19545,23220,25853,27544,28291,32767,32767,32767,32767,32767,3288.0,11091.0
3291.0,2967.0,10578,21539,26597,26314,27544,28291,32767,32767,32767,32767,32767,4125.0,11568.0
3441.0,3101.0,9965,21938,22375,24929,25465,28291,32767,32767,32767,32767,32767,3753.0,11203.0
2263.0,2075.0,11958,23135,26597,27238,28064,28291,32767,32767,32767,32767,32767,3443.0,12000.0
3197.0,2900.0,10885,23534,26175,26776,28584,28291,32767,32767,32767,32767,32767,3660.0,11586.0
2996.0,2681.0,9364,20769,23250,24500,24979,28328,32767,32767,32767,32767,32767,3323.0,13100.0
2677.0,2412.0,9518,21568,22405,24963,27581,28328,32767,32767,32767,32767,32767,3292.0,13100.0
2565.0,2569.0,14430,25962,29169,31434,31224,28328,32767,32767,32767,32767,32767,4317.0,13100.0
2734.0,2681.0,14123,26361,29169,30048,30183,28328,32767,32767,32767,32767,32767,4317.0,13037.0
2509.0,2390.0,13509,26760,29591,29585,29142,28328,32767,32767,32767,32767,32767,3945.0,13100.0
2812.0,2528.0,11683,21998,24976,26386,25535,28368,32767,32767,32767,32767,32767,3950.0,12200.0
3506.0,3333.0,10299,21998,25823,27312,28661,28368,32767,32767,32767,32767,32767,3950.0,11013.0
3525.0,3333.0,10299,22398,24976,26849,26577,28368,32767,32767,32767,32767,32767,3888.0,10992.0
4106.0,3870.0,9992,23198,26246,24997,26056,28368,32767,32767,32767,32767,32767,4012.0,9953.0
3262.0,3132.0,11683,23998,26246,24997,27098,28368,32767,32767,32767,32767,32767,3919.0,11366.0
2700.0,2774.0,13528,25598,28786,29626,29182,28368,32767,32767,32767,32767,32767,4075.0,12012.0
3004.0,2942.0,11762,24865,26823,27117,28658,28377,32767,32767,32767,32767,32767,3161.0,14234.0
2331.0,2460.0,16540,30124,32767,32767,32767,28377,32767,32767,32767,32767,32767,3198.0,14651.0
2623.0,3343.0,19113,32515,32767,32767,32767,28377,32767,32767,32767,32767,32767,4016.0,12889.0
2017.0,2273.0,18378,32767,32767,32767,32767,28377,32767,32767,32767,32767,32767,2863.0,14590.0
3667.0,3405.0,11341,23887,25282,29815,29292,28474,32767,32767,32767,32767,32767,3569.0,10599.0
3667.0,3431.0,13141,24824,28752,29273,31122,28474,32767,32767,32767,32767,32767,3970.0,10532.0
3250.0,2986.0,13861,25760,28752,29273,31733,28474,32767,32767,32767,32767,32767,4553.0,11432.0
3228.0,3012.0,12241,25760,28752,28730,30512,28474,32767,32767,32767,32767,32767,3460.0,11308.0
3842.0,3562.0,13681,27166,29743,31983,32343,28474,32767,32767,32767,32767,32767,4626.0,10354.0
3842.0,3667.0,14941,28102,31726,32767,32767,28474,32767,32767,32767,32767,32767,4808.0,10075.0
5379.0,5160.0,14581,28102,29743,31441,32343,28474,32767,32767,32767,32767,32767,4553.0,7576.0
2679.0,2686.0,13475,24974,27958,28905,30036,28502,32767,32767,32767,32767,32767,3585.0,11457.0
2724.0,2471.0,13844,25455,28974,28349,31288,28502,32767,32767,32767,32767,32767,3772.0,11600.0
2679.0,2525.0,14029,25935,29483,30572,30036,28502,32767,32767,32767,32767,32767,3511.0,11600.0
5017.0,4855.0,14653,28019,32767,30302,32317,28589,32767,32767,32767,32767,32767,4786.0,9904.0
3445.0,3237.0,14829,28019,31114,32767,32767,28589,32767,32767,32767,32767,32767,3608.0,12411.0
3854.0,3673.0,13947,28478,32572,32767,32767,28589,32767,32767,32767,32767,32767,4251.0,11878.0
2756.0,2774.0,16065,30316,32767,32767,32767,28589,32767,32767,32767,32767,32767,3286.0,13087.0
3925.0,3630.0,10304,23047,25887,25586,29416,28594,32767,32767,32767,32767,32767,3585.0,10881.0
3153.0,3025.0,12293,25399,27878,30485,32480,28594,32767,32767,32767,32767,32767,3182.0,11902.0
4167.0,3998.0,13197,25399,28874,28852,30641,28594,32767,32767,32767,32767,32767,4426.0,10304.0
3859.0,3578.0,13197,25399,27878,29396,31867,28594,32767,32767,32767,32767,32767,4609.0,11072.0
2734.0,2631.0,13739,26340,28376,30485,32480,28594,32767,32767,32767,32767,32767,3548.0,12697.0
3947.0,3814.0,13197,26340,29371,28308,31254,28594,32767,32767,32767,32767,32767,4279.0,10615.0
3440.0,3367.0,15004,27280,30367,29941,31254,28594,32767,32767,32767,32767,32767,3950.0,11175.0
2910.0,2709.0,13920,28221,30865,31574,32480,28594,32767,32767,32767,32767,32767,3841.0,12559.0
3394.0,3069.0,12408,25365,28311,30959,32448,28704,32767,32767,32767,32767,32767,3694.0,12117.0
4864.0,4617.0,12939,26288,30263,29891,32448,28704,32767,32767,32767,32767,32767,4626.0,9475.0
4302.0,4127.0,15421,30438,32767,32767,32767,28704,32767,32767,32767,32767,32767,4626.0,10085.0
2368.0,2270.0,13000,27511,30072,31841,32767,28723,32767,32767,32767,32767,32767,2490.0,17800.0
2135.0,2396.0,16467,32021,32767,32767,32767,28723,32767,32767,32767,32767,32767,2911.0,17622.0
2368.0,2901.0,16640,32021,32767,32767,32767,28723,32767,32767,32767,32767,32767,3192.0,16749.0
2072.0,2295.0,15254,32021,32767,32767,32767,28723,32767,32767,32767,32767,32767,2560.0,17800.0
2114.0,2497.0,16467,32472,32767,32767,32767,28723,32767,32767,32767,32767,32767,2981.0,17472.0
1882.0,2093.0,16640,32767,32767,32767,32767,28723,32767,32767,32767,32767,32767,2560.0,17800.0
2328.0,2288.0,15725,31381,32767,32767,32767,28748,32767,32767,32767,32767,32767,3182.0,15500.0
3223.0,3209.0,12393,24184,27604,30185,30891,28827,32767,32767,32767,32767,32767,3061.0,13303.0
3357.0,3235.0,11846,25132,27102,27990,31509,28827,32767,32767,32767,32767,32767,3614.0,13461.0
2890.0,2732.0,12393,25132,30113,29087,30273,28827,32767,32767,32767,32767,32767,3356.0,14368.0
2979.0,2652.0,11664,26081,31619,26892,30891,28827,32767,32767,32767,32767,32767,2876.0,14375.0
4335.0,4190.0,14580,27977,32622,30734,32127,28827,32767,32767,32767,32767,32767,4646.0,11687.0
3334.0,3209.0,15491,28926,32622,31832,32767,28827,32767,32767,32767,32767,32767,4425.0,13292.0
2601.0,2572.0,14580,29400,31619,32380,32745,28827,32767,32767,32767,32767,32767,3282.0,14431.0
2445.0,3129.0,19683,32767,32767,32767,32767,28827,32767,32767,32767,32767,32767,3651.0,12755.0
2290.0,2678.0,19319,32767,32767,32767,32767,28827,32767,32767,32767,32767,32767,3503.0,13548.0
3772.0,3476.0,11177,22707,26985,29508,28028,28831,32767,32767,32767,32767,32767,4120.0,11107.0
3380.0,3231.0,11789,24699,29936,30892,32181,28831,32767,32767,32767,32767,32767,3408.0,11400.0
3343.0,3253.0,12708,25894,31201,32736,32181,28831,32767,32767,32767,32767,32767,3687.0,11385.0
3063.0,3052.0,14086,27089,32767,32767,32767,28831,32767,32767,32767,32767,32767,3439.0,11572.0
3216.0,2945.0,9505,21141,24064,28623,29103,28868,32767,32767,32767,32767,32767,3815.0,11581.0
2842.0,2699.0,9505,23135,27019,27699,28584,28868,32767,32767,32767,32767,32767,2978.0,11886.0
2378.0,2189.0,11053,21568,23673,25887,27060,28906,32767,32767,32767,32767,32767,3354.0,13100.0
2565.0,2301.0,10899,22367,24941,25425,26020,28906,32767,32767,32767,32767,32767,3044.0,13100.0
3033.0,2748.0,11360,23965,25364,27274,28101,28906,32767,32767,32767,32767,32767,4007.0,13078.0
4700.0,4378.0,11974,24763,27901,28661,29662,28906,32767,32767,32767,32767,32767,3976.0,9870.0
3033.0,2882.0,10746,25163,27901,26812,27581,28906,32767,32767,32767,32767,32767,3541.0,12739.0
3557.0,3418.0,12588,25562,27478,27736,27581,28906,32767,32767,32767,32767,32767,3883.0,11614.0
2846.0,2926.0,13969,25962,29591,31434,30703,28906,32767,32767,32767,32767,32767,3914.0,12505.0
2598.0,2616.0,13092,25889,28843,31014,31363,28926,32767,32767,32767,32767,32767,2932.0,17120.0
2172.0,2642.0,16234,28160,32688,32767,32767,28926,32767,32767,32767,32767,32767,3038.0,16761.0
2214.0,2667.0,15711,31339,32767,32767,32767,28926,32767,32767,32767,32767,32767,3038.0,16793.0
3600.0,3288.0,11990,23998,27939,27312,28661,28946,32767,32767,32767,32767,32767,3950.0,10984.0
3019.0,2818.0,11529,23998,27516,28701,29704,28946,32767,32767,32767,32767,32767,3763.0,11975.0
2531.0,2282.0,12605,24798,27939,29626,28661,28946,32767,32767,32767,32767,32767,3763.0,12200.0
2437.0,2416.0,13220,25198,28786,29626,28661,28946,32767,32767,32767,32767,32767,3608.0,12200.0
4115.0,3811.0,11861,24048,27997,27368,29243,29006,32767,32767,32767,32767,32767,4395.0,13392.0
4467.0,4310.0,11566,25990,30887,26914,29704,29040,32767,32767,32767,32767,32767,4220.0,12108.0
3078.0,2958.0,14370,27358,31369,32192,32675,29040,32767,32767,32767,32767,32767,4078.0,14369.0
3676.0,3647.0,14370,29182,31852,32192,32767,29040,32767,32767,32767,32767,32767,3581.0,12947.0
2667.0,2540.0,12129,24386,27329,28778,30527,29069,32767,32767,32767,32767,32767,2863.0,14900.0
2443.0,2407.0,12497,25821,28847,31545,32767,29069,32767,32767,32767,32767,32767,2603.0,14900.0
2735.0,2728.0,14702,27255,30871,32098,32767,29069,32767,32767,32767,32767,32767,3756.0,14541.0
2779.0,3369.0,17091,29646,32767,32767,32767,29069,32767,32767,32767,32767,32767,3756.0,13092.0
3474.0,3423.0,14518,29646,32767,32767,32767,29069,32767,32767,32767,32767,32767,3533.0,13120.0
2174.0,2460.0,17459,31081,32767,32767,32767,29069,32767,32767,32767,32767,32767,3309.0,14563.0
3381.0,3170.0,11701,23887,25778,27646,29902,29152,32767,32767,32767,32767,32767,3569.0,11065.0
4786.0,4532.0,13141,26229,28752,31441,30512,29152,32767,32767,32767,32767,32767,4589.0,8696.0
5467.0,5344.0,13141,26697,30239,29815,31122,29152,32767,32767,32767,32767,32767,4953.0,7486.0
2702.0,2579.0,14767,27376,32024,32240,32539,29197,32767,32767,32767,32767,32767,3399.0,11402.0
3467.0,3185.0,13947,27100,31600,32767,32767,29254,32767,32767,32767,32767,32767,3501.0,12570.0
3747.0,3391.0,14476,28019,31114,31366,31719,29254,32767,32767,32767,32767,32767,5072.0,12423.0
4759.0,4521.0,14829,29856,32767,32767,32767,29254,32767,32767,32767,32767,32767,4786.0,10404.0
2175.0,2261.0,18360,32153,32767,32767,32767,29254,32767,32767,32767,32767,32767,3215.0,13714.0
2218.0,2440.0,16771,32153,32767,32767,32767,29254,32767,32767,32767,32767,32767,2929.0,13568.0
3462.0,3209.0,11570,23518,25887,28308,30028,29275,32767,32767,32767,32767,32767,3987.0,11798.0
3131.0,3051.0,11570,23988,26882,28852,30641,29275,32767,32767,32767,32767,32767,3219.0,11935.0
3550.0,3367.0,12112,25869,28874,29941,31867,29275,32767,32767,32767,32767,32767,3548.0,11342.0
2646.0,2631.0,13920,27280,29371,31030,31867,29275,32767,32767,32767,32767,32767,3292.0,12612.0
2646.0,2420.0,13558,27751,30865,32767,32767,29275,32767,32767,32767,32767,32767,3438.0,12800.0
2346.0,2910.0,16946,30983,32767,32767,32767,29323,32767,32767,32767,32767,32767,3182.0,14383.0
3870.0,3534.0,13117,25365,28799,30425,32448,29372,32767,32767,32767,32767,32767,4591.0,11343.0
4454.0,4333.0,13471,26749,29775,32560,32767,29372,32767,32767,32767,32767,32767,4447.0,9918.0
3848.0,3559.0,13117,28594,31240,29891,32767,29372,32767,32767,32767,32767,32767,4555.0,11302.0
4064.0,4101.0,16307,30438,32767,32767,32767,29372,32767,32767,32767,32767,32767,4591.0,10066.0
2326.0,2194.0,13347,27060,29117,32362,32767,29376,32767,32767,32767,32767,32767,3121.0,17800.0
3277.0,3809.0,15774,32767,32767,32767,32767,29376,32767,32767,32767,32767,32767,3297.0,15244.0
2685.0,3052.0,17160,32767,32767,32767,32767,29376,32767,32767,32767,32767,32767,3051.0,16264.0
2199.0,2497.0,17160,32767,32767,32767,32767,29376,32767,32767,32767,32767,32767,3016.0,17335.0
2474.0,2926.0,16640,32767,32767,32767,32767,29376,32767,32767,32767,32767,32767,3297.0,16716.0
2135.0,2573.0,17334,32767,32767,32767,32767,29376,32767,32767,32767,32767,32767,3262.0,17281.0
3474.0,3253.0,10871,23504,26985,27203,28547,29408,32767,32767,32767,32767,32767,3594.0,11447.0
3459.0,3190.0,9812,21141,24908,27699,28584,29445,32767,32767,32767,32767,32767,3939.0,11084.0
3085.0,2766.0,11958,23135,25330,29084,29103,29445,32767,32767,32767,32767,32767,3939.0,11861.0
2711.0,2387.0,11498,23933,26175,27699,29103,29445,32767,32767,32767,32767,32767,3939.0,12000.0
3010.0,2788.0,11498,24332,28286,28161,27544,29445,32767,32767,32767,32767,32767,3319.0,11697.0
2188.0,2432.0,16557,29118,32507,32767,32767,29445,32767,32767,32767,32767,32767,4157.0,12000.0
2865.0,2591.0,10746,23166,27055,27274,28101,29484,32767,32767,32767,32767,32767,3448.0,13100.0
2677.0,2479.0,12434,23965,26210,27736,29142,29484,32767,32767,32767,32767,32767,4193.0,13100.0
2771.0,2658.0,11513,23965,26632,26349,27060,29484,32767,32767,32767,32767,32767,3448.0,13100.0
2956.0,2785.0,11664,25132,29109,27441,30273,29514,32767,32767,32767,32767,32767,2987.0,14176.0
3401.0,3288.0,13487,26555,29109,31832,32767,29514,32767,32767,32767,32767,32767,3798.0,13261.0
2912.0,2838.0,14033,27977,31117,32380,32745,29514,32767,32767,32767,32767,32767,3024.0,13840.0
2379.0,2572.0,17678,32719,32767,32767,32767,29514,32767,32767,32767,32767,32767,3245.0,13940.0
2667.0,3262.0,19501,32767,32767,32767,32767,29514,32767,32767,32767,32767,32767,4056.0,12634.0
2490.0,3368.0,20412,32767,32767,32767,32767,29514,32767,32767,32767,32767,32767,3909.0,12314.0
2912.0,3421.0,19319,32767,32767,32767,32767,29514,32767,32767,32767,32767,32767,3724.0,12275.0
2690.0,3129.0,19683,32767,32767,32767,32767,29514,32767,32767,32767,32767,32767,3761.0,12717.0
4050.0,3870.0,9838,22398,25399,29163,29182,29525,32767,32767,32767,32767,32767,3950.0,9950.0
3412.0,3042.0,12144,22398,27093,29163,28661,29525,32767,32767,32767,32767,32767,4479.0,11563.0
2681.0,2416.0,12298,24398,27516,28238,29704,29525,32767,32767,32767,32767,32767,3888.0,12200.0
2925.0,2729.0,11529,24798,29633,31478,31267,29525,32767,32767,32767,32767,32767,3546.0,12107.0
2081.0,1767.0,14604,26798,30056,32404,31267,29525,32767,32767,32767,32767,32767,3732.0,12200.0
2236.0,2540.0,14838,29068,32208,32591,32767,29584,32767,32767,32767,32767,32767,3143.0,17203.0
3045.0,3048.0,13267,29068,31727,31540,32767,29584,32767,32767,32767,32767,32767,3143.0,16277.0
2321.0,2667.0,15187,30431,32208,32767,32767,29584,32767,32767,32767,32767,32767,2790.0,16737.0
2747.0,2566.0,15012,30885,32767,32767,32767,29584,32767,32767,32767,32767,32767,3461.0,17095.0
3890.0,3672.0,13144,26446,31852,31136,32767,29700,32767,32767,32767,32767,32767,4113.0,13119.0
5451.0,5738.0,14370,30094,32334,31136,32767,29700,32767,32767,32767,32767,32767,5212.0,9965.0
2394.0,2856.0,19277,32767,32767,32767,32767,29700,32767,32767,32767,32767,32767,3830.0,13829.0
2286.0,2113.0,11210,23908,25811,29331,31773,29761,32767,32767,32767,32767,32767,2380.0,14900.0
3138.0,2995.0,12681,25821,28341,30438,32396,29761,32767,32767,32767,32767,32767,3421.0,14109.0
3654.0,3610.0,13783,26299,30365,32652,32767,29761,32767,32767,32767,32767,32767,3458.0,12836.0
3093.0,2995.0,14335,29168,32390,32098,32767,29761,32767,32767,32767,32767,32767,3458.0,13935.0
3116.0,3049.0,15437,29168,32767,32767,32767,29761,32767,32767,32767,32767,32767,3458.0,13679.0
2331.0,2300.0,14518,29646,32767,32098,32767,29761,32767,32767,32767,32767,32767,3123.0,14900.0
2242.0,2728.0,18010,30124,32767,32767,32767,29761,32767,32767,32767,32767,32767,3421.0,14010.0
4216.0,3903.0,12961,26229,30239,28188,29902,29830,32767,32767,32767,32767,32767,4589.0,9784.0
3271.0,3065.0,12781,26229,30239,31983,32767,29830,32767,32767,32767,32767,32767,3642.0,11208.0
3557.0,3300.0,13321,28102,31231,31983,32767,29830,32767,32767,32767,32767,32767,3934.0,10750.0
3908.0,3641.0,13861,28571,31726,32525,32767,29830,32767,32767,32767,32767,32767,4116.0,10092.0
4830.0,4636.0,15481,29507,32767,32767,32767,29830,32767,32767,32767,32767,32767,4553.0,8318.0
2569.0,2357.0,17281,31849,32767,32767,32767,29830,32767,32767,32767,32767,32767,3715.0,11994.0
3107.0,3062.0,14029,27376,32533,31684,32767,29892,32767,32767,32767,32767,32767,3473.0,10562.0
4748.0,5087.0,10381,25422,30270,32182,32767,29898,32767,32767,32767,32767,32767,2935.0,10945.0
2942.0,2888.0,14045,27806,31532,32767,32605,29898,32767,32767,32767,32767,32767,3707.0,14879.0
2950.0,2672.0,12534,25722,30142,32767,32767,29919,32767,32767,32767,32767,32767,3893.0,13900.0
2584.0,2363.0,15006,28019,31114,32767,32767,29919,32767,32767,32767,32767,32767,4108.0,13900.0
2110.0,2261.0,16595,29856,32572,32767,32767,29919,32767,32767,32767,32767,32767,2965.0,13900.0
4027.0,3828.0,15535,30775,32767,32429,32767,29919,32767,32767,32767,32767,32767,4429.0,11442.0
2412.0,2543.0,16948,31234,32767,32767,32767,29919,32767,32767,32767,32767,32767,3393.0,13472.0
4233.0,3893.0,12293,24458,29869,27763,30641,29956,32767,32767,32767,32767,32767,4023.0,10422.0
3726.0,3472.0,12835,26340,30367,29941,31254,29956,32767,32767,32767,32767,32767,3841.0,11144.0
3351.0,3025.0,13920,27751,30367,31574,31867,29956,32767,32767,32767,32767,32767,4023.0,11924.0
2425.0,2683.0,15547,28692,31861,32118,32767,29956,32767,32767,32767,32767,32767,3328.0,12343.0
3100.0,2830.0,11024,22309,26142,29508,30623,29985,32767,32767,32767,32767,32767,3656.0,12337.0
3828.0,3542.0,11177,22707,27406,28586,29066,29985,32767,32767,32767,32767,32767,4213.0,11000.0
3492.0,3231.0,10105,23106,26985,26742,28028,29985,32767,32767,32767,32767,32767,3594.0,11502.0
3586.0,3342.0,11330,23106,25720,29970,30623,29985,32767,32767,32767,32767,32767,3965.0,11342.0
3660.0,3431.0,11330,25097,29515,30892,30104,29985,32767,32767,32767,32767,32767,4089.0,11200.0
3791.0,3632.0,12402,25894,30780,32275,32700,29985,32767,32767,32767,32767,32767,3934.0,10729.0
2580.0,2342.0,11804,23933,26597,28161,30143,30023,32767,32767,32767,32767,32767,3567.0,12000.0
3777.0,3592.0,10731,23933,28708,30469,31182,30023,32767,32767,32767,32767,32767,3753.0,10232.0
4058.0,3926.0,11651,24332,27019,30931,31182,30023,32767,32767,32767,32767,32767,3815.0,9601.0
3571.0,3279.0,13184,25927,30819,30931,31702,30023,32767,32767,32767,32767,32767,4529.0,10823.0
3087.0,3102.0,16120,32021,32767,32767,32767,30029,32767,32767,32767,32767,32767,3507.0,16408.0
2389.0,2749.0,17160,32767,32767,32767,32767,30029,32767,32767,32767,32767,32767,3016.0,16837.0
2664.0,2850.0,15254,32767,32767,32767,32767,30029,32767,32767,32767,32767,32767,2911.0,16861.0
2706.0,3430.0,18027,32767,32767,32767,32767,30029,32767,32767,32767,32767,32767,3577.0,15709.0
5081.0,4720.0,14712,27671,31240,32767,32767,30040,32767,32767,32767,32767,32767,4985.0,9189.0
4021.0,3740.0,13826,29055,32216,32767,32767,30040,32767,32767,32767,32767,32767,4340.0,10860.0
4129.0,3766.0,14180,29977,31728,32767,32767,30040,32767,32767,32767,32767,32767,4770.0,10829.0
2209.0,2033.0,11206,23166,25364,28661,28622,30063,32767,32767,32767,32767,32767,3044.0,13100.0
2790.0,2681.0,11360,24364,27055,30510,29142,30063,32767,32767,32767,32767,32767,3230.0,13046.0
3389.0,3127.0,12588,24763,29169,30510,30703,30063,32767,32767,32767,32767,32767,4069.0,12198.0
3108.0,2926.0,11513,25163,27901,26812,28622,30063,32767,32767,32767,32767,32767,3572.0,12595.0
2977.0,2681.0,12741,25562,27901,29123,30183,30063,32767,32767,32767,32767,32767,4224.0,13100.0
3014.0,2792.0,11974,26361,27478,27736,31224,30063,32767,32767,32767,32767,32767,3510.0,12811.0
2940.0,2792.0,15197,29157,32767,31434,32767,30063,32767,32767,32767,32767,32767,4379.0,12632.0
3956.0,3691.0,9838,22398,26669,27775,28661,30104,32767,32767,32767,32767,32767,3857.0,10247.0
2850.0,2550.0,10761,22398,24976,27775,28661,30104,32767,32767,32767,32767,32767,3577.0,12200.0
3844.0,3579.0,11990,23998,27939,25923,27098,30104,32767,32767,32767,32767,32767,4479.0,10547.0
4312.0,4116.0,11837,24798,29209,29626,31267,30104,32767,32767,32767,32767,32767,4199.0,9526.0
2044.0,1968.0,12605,26398,29633,31015,31788,30104,32767,32767,32767,32767,32767,2830.0,12200.0
3262.0,3221.0,13681,26798,29633,30552,32767,30104,32767,32767,32767,32767,32767,4323.0,11114.0
2831.0,3109.0,15526,28797,30903,32767,32767,30104,32767,32767,32767,32767,32767,3950.0,11089.0
4112.0,3925.0,13851,27977,30615,30734,32767,30200,32767,32767,32767,32767,32767,4314.0,12147.0
3623.0,3580.0,14945,29400,32767,32767,32767,30200,32767,32767,32767,32767,32767,3761.0,12547.0
5179.0,5118.0,14398,29400,32622,32380,32767,30200,32767,32767,32767,32767,32767,4941.0,10266.0
3912.0,3845.0,14762,30348,32767,32767,32767,30200,32767,32767,32767,32767,32767,3688.0,12065.0
2623.0,3023.0,17861,32245,32767,32767,32767,30200,32767,32767,32767,32767,32767,3651.0,13215.0
3134.0,3739.0,21323,32767,32767,32767,32767,30200,32767,32767,32767,32767,32767,4167.0,11490.0
2385.0,2515.0,14838,29976,32767,32767,32767,30241,32767,32767,32767,32767,32767,2684.0,17003.0
2193.0,2667.0,14663,31339,32767,32767,32767,30241,32767,32767,32767,32767,32767,2826.0,16873.0
3057.0,2882.0,14020,26902,31852,32767,32767,30360,32767,32767,32767,32767,32767,3900.0,14513.0
3976.0,3723.0,14546,26902,31852,32767,32767,30360,32767,32767,32767,32767,32767,4610.0,12969.0
3954.0,3851.0,14546,28726,31852,32767,32767,30360,32767,32767,32767,32767,32767,4220.0,12708.0
2159.0,2372.0,16824,31006,32767,32767,32767,30360,32767,32767,32767,32767,32767,3404.0,15082.0
3035.0,3264.0,17700,32767,32767,32767,32767,30360,32767,32767,32767,32767,32767,3900.0,13317.0
2578.0,2380.0,15070,28212,32390,32767,32767,30453,32767,32767,32767,32767,32767,3793.0,14900.0
1793.0,2006.0,16907,31559,32767,32767,32767,30453,32767,32767,32767,32767,32767,3123.0,14900.0
3469.0,3143.0,13861,25760,28256,30357,32767,30508,32767,32767,32767,32767,32767,4516.0,11098.0
3908.0,3589.0,13501,27166,30735,32525,32767,30508,32767,32767,32767,32767,32767,4626.0,10313.0
4347.0,4086.0,13681,27634,30735,32525,32343,30508,32767,32767,32767,32767,32767,4334.0,9362.0
3604.0,3320.0,10258,22309,26142,30431,30104,30561,32767,32767,32767,32767,32767,3377.0,11238.0
3922.0,3654.0,11789,24699,29093,29508,30104,30561,32767,32767,32767,32767,32767,4120.0,10741.0
3530.0,3431.0,12249,26293,30780,31814,32181,30561,32767,32767,32767,32767,32767,3532.0,11025.0
3962.0,3751.0,14300,28019,32572,32767,32767,30583,32767,32767,32767,32767,32767,4322.0,11705.0
3531.0,3288.0,13770,29397,31600,32767,32767,30583,32767,32767,32767,32767,32767,4072.0,12562.0
3242.0,3250.0,14398,28336,31516,32767,32767,30588,32767,32767,32767,32767,32767,3660.0,10220.0
3216.0,2945.0,10425,23135,27019,30008,30143,30600,32767,32767,32767,32767,32767,3443.0,11451.0
3740.0,3480.0,10578,24731,29974,29084,30662,30600,32767,32767,32767,32767,32767,3877.0,10468.0
2917.0,2766.0,11651,26326,28708,30469,32221,30600,32767,32767,32767,32767,32767,3722.0,11880.0
4101.0,3867.0,14281,28221,31861,32663,32767,30637,32767,32767,32767,32767,32767,4499.0,10428.0
4013.0,3867.0,15185,28692,31861,32118,32767,30637,32767,32767,32767,32767,32767,4645.0,10373.0
5049.0,4866.0,13739,29632,32767,31030,32767,30637,32767,32767,32767,32767,32767,4572.0,8821.0
2602.0,2972.0,15908,30573,32767,32767,32767,30637,32767,32767,32767,32767,32767,3548.0,11808.0
3052.0,2725.0,10746,23565,27055,27736,29142,30641,32767,32767,32767,32767,32767,3541.0,13034.0
3745.0,3552.0,12281,25962,30437,30510,30703,30641,32767,32767,32767,32767,32767,4193.0,11441.0
4531.0,4289.0,13816,26361,30437,32767,32264,30641,32767,32767,32767,32767,32767,4442.0,10028.0
3089.0,3016.0,14890,27959,31705,32767,32767,30641,32767,32767,32767,32767,32767,4224.0,12227.0
2262.0,2648.0,16814,32767,32767,32767,32767,30681,32767,32767,32767,32767,32767,2841.0,17033.0
2178.0,2346.0,16640,32767,32767,32767,32767,30681,32767,32767,32767,32767,32767,2736.0,17590.0
2875.0,2901.0,16987,32767,32767,32767,32767,30681,32767,32767,32767,32767,32767,3507.0,16655.0
3637.0,3378.0,11222,23198,27939,28701,29182,30683,32767,32767,32767,32767,32767,3826.0,10836.0
3769.0,3534.0,11222,24798,28786,30552,32309,30683,32767,32767,32767,32767,32767,3981.0,10575.0
3187.0,3042.0,11375,24798,28786,28701,29704,30683,32767,32767,32767,32767,32767,3079.0,11294.0
3581.0,3355.0,12298,25198,27939,29163,30225,30683,32767,32767,32767,32767,32767,4199.0,10911.0
4162.0,3959.0,12298,25198,30479,32404,32309,30683,32767,32767,32767,32767,32767,4572.0,9857.0
3244.0,3132.0,12451,27198,29209,30552,32767,30683,32767,32767,32767,32767,32767,4012.0,11331.0
4951.0,4617.0,13471,25365,26847,32767,32767,30707,32767,32767,32767,32767,32767,4626.0,9414.0
5145.0,4978.0,14889,29977,32767,32767,32767,30707,32767,32767,32767,32767,32767,4232.0,8682.0
5362.0,5055.0,15421,29977,32767,32767,32767,30707,32767,32767,32767,32767,32767,4913.0,8592.0
2756.0,2785.0,13122,27977,30615,30734,32767,30887,32767,32767,32767,32767,32767,3208.0,14171.0
3134.0,3156.0,15674,29400,32121,32767,32767,30887,32767,32767,32767,32767,32767,3429.0,13152.0
3290.0,3341.0,14398,29400,32767,31832,32745,30887,32767,32767,32767,32767,32767,3577.0,13033.0
3623.0,3633.0,14580,29874,32767,32767,32767,30887,32767,32767,32767,32767,32767,3688.0,12490.0
3534.0,3792.0,18772,31771,32767,32767,32767,30887,32767,32767,32767,32767,32767,4167.0,11776.0
3045.0,2972.0,13092,27251,32208,32767,32767,30898,32767,32767,32767,32767,32767,2967.0,16357.0
4237.0,4064.0,13441,27251,31246,32767,32767,30898,32767,32767,32767,32767,32767,3991.0,14569.0
3662.0,3480.0,14838,28614,32208,32767,32767,30898,32767,32767,32767,32767,32767,4486.0,15573.0
2087.0,2515.0,15711,31339,32767,32767,32767,30898,32767,32767,32767,32767,32767,2861.0,17028.0
2406.0,2972.0,18853,32767,32767,32767,32767,30898,32767,32767,32767,32767,32767,3497.0,15826.0
2619.0,3175.0,16409,32767,32767,32767,32767,30898,32767,32767,32767,32767,32767,3355.0,15827.0
2108.0,2591.0,17805,32767,32767,32767,32767,30898,32767,32767,32767,32767,32767,3108.0,16609.0
3334.0,3213.0,12443,26902,29921,32767,32767,31020,32767,32767,32767,32767,32767,3404.0,13890.0
3634.0,3545.0,14020,28726,32767,32767,32767,31020,32767,32767,32767,32767,32767,4255.0,13334.0
2864.0,2984.0,15071,30550,32767,32767,32767,31020,32767,32767,32767,32767,32767,3936.0,14252.0
3922.0,3698.0,11330,24301,29093,30892,31662,31138,32767,32767,32767,32767,32767,4027.0,10669.0
3754.0,3453.0,10871,25097,31201,29047,30623,31138,32767,32767,32767,32767,32767,3779.0,11075.0
3399.0,3320.0,11330,25496,29093,32736,32767,31138,32767,32767,32767,32767,32767,3315.0,11237.0
3548.0,3297.0,11330,25496,29936,30431,31142,31138,32767,32767,32767,32767,32767,3625.0,11335.0
3025.0,2919.0,11943,26691,30780,31814,32767,31138,32767,32767,32767,32767,32767,3222.0,11978.0
3119.0,3141.0,14392,29081,32767,32767,32767,31138,32767,32767,32767,32767,32767,3625.0,11425.0
2783.0,2785.0,16230,31073,32767,32767,32767,31138,32767,32767,32767,32767,32767,3841.0,11904.0
3273.0,3182.0,12497,26777,29859,31545,32767,31145,32767,32767,32767,32767,32767,3309.0,13722.0
4461.0,4332.0,12681,26777,30871,28778,32396,31145,32767,32767,32767,32767,32767,4165.0,11814.0
3138.0,3022.0,16172,30602,32767,32767,32767,31145,32767,32767,32767,32767,32767,4053.0,13767.0
2488.0,3316.0,19297,32767,32767,32767,32767,31145,32767,32767,32767,32767,32767,3979.0,12924.0
3628.0,3435.0,10118,23933,28286,30469,30662,31177,32767,32767,32767,32767,32767,3691.0,10531.0
4319.0,4082.0,10271,23933,28286,30469,31702,31177,32767,32767,32767,32767,32767,4032.0,9363.0
3590.0,3368.0,11191,25927,29552,30008,31182,31177,32767,32767,32767,32767,32767,3722.0,10637.0
4238.0,4034.0,13141,26697,30735,32525,32767,31185,32767,32767,32767,32767,32767,4189.0,9486.0
3952.0,3667.0,14581,27634,31726,30357,32343,31185,32767,32767,32767,32767,32767,4334.0,10004.0
4018.0,3693.0,13681,27634,30735,32767,32767,31185,32767,32767,32767,32767,32767,4189.0,10015.0
4457.0,4270.0,14221,29039,31231,32525,32767,31185,32767,32767,32767,32767,32767,4407.0,9031.0
3755.0,3562.0,15841,29039,32767,32767,32767,31185,32767,32767,32767,32767,32767,4334.0,10053.0
3164.0,2926.0,10439,23565,27055,29123,30183,31219,32767,32767,32767,32767,32767,3230.0,12525.0
3539.0,3284.0,12281,25962,29169,29585,32264,31219,32767,32767,32767,32767,32767,3851.0,11861.0
2284.0,2368.0,15965,29556,32767,32767,32767,31219,32767,32767,32767,32767,32767,3572.0,13100.0
4716.0,4470.0,14300,30316,32767,32767,32767,31248,32767,32767,32767,32767,32767,4429.0,10476.0
3273.0,3211.0,16595,30775,32767,32767,32767,31248,32767,32767,32767,32767,32767,4108.0,12368.0
4780.0,4547.0,15182,31694,32767,32767,32767,31248,32767,32767,32767,32767,32767,4751.0,10320.0
2627.0,2774.0,17124,32767,32767,32767,32767,31248,32767,32767,32767,32767,32767,3215.0,12912.0
4481.0,4228.0,11990,25598,30479,30552,31267,31262,32767,32767,32767,32767,32767,4728.0,9407.0
3187.0,3042.0,12144,25598,27939,31941,31267,31262,32767,32767,32767,32767,32767,3826.0,11484.0
3769.0,3803.0,14142,27198,30903,32767,32767,31262,32767,32767,32767,32767,32767,4665.0,10064.0
2587.0,2751.0,14757,27998,31749,32767,32309,31262,32767,32767,32767,32767,32767,3950.0,11882.0
2475.0,3020.0,16756,29997,32767,32767,32767,31262,32767,32767,32767,32767,32767,3826.0,11107.0
2657.0,2471.0,11998,24494,25924,32767,32767,31283,32767,32767,32767,32767,32767,3063.0,11600.0
3310.0,3169.0,13290,27376,31008,31128,32539,31283,32767,32767,32767,32767,32767,3772.0,10500.0
3947.0,3735.0,12293,24929,27878,30485,32767,31317,32767,32767,32767,32767,32767,3877.0,10712.0
3947.0,3683.0,11931,25869,29371,30485,32480,31317,32767,32767,32767,32767,32767,3548.0,10723.0
3660.0,3367.0,13739,27280,29869,32118,32767,31317,32767,32767,32767,32767,32767,4536.0,11395.0
4189.0,3972.0,14462,28692,32767,32767,32767,31317,32767,32767,32767,32767,32767,5048.0,10316.0
4498.0,4288.0,14824,29632,32767,32767,32767,31317,32767,32767,32767,32767,32767,4206.0,9589.0
4035.0,3814.0,15004,30573,32767,32767,32767,31317,32767,32767,32767,32767,32767,3877.0,10300.0
2495.0,3556.0,15600,32767,32767,32767,32767,31334,32767,32767,32767,32767,32767,3297.0,15868.0
4843.0,4591.0,14535,27210,32704,32026,32767,31375,32767,32767,32767,32767,32767,5451.0,9504.0
4410.0,4153.0,13648,29516,32767,32767,32767,31375,32767,32767,32767,32767,32767,4089.0,10096.0
3632.0,3559.0,16662,31361,32767,32767,32767,31375,32767,32767,32767,32767,32767,4304.0,10863.0
2363.0,2743.0,16933,32767,32767,32767,32767,31556,32767,32767,32767,32767,32767,3179.0,16461.0
2278.0,2693.0,18504,32767,32767,32767,32767,31556,32767,32767,32767,32767,32767,3391.0,16354.0
3490.0,3288.0,14216,28926,32767,32767,32767,31573,32767,32767,32767,32767,32767,3835.0,13160.0
3846.0,3660.0,15491,29874,32767,32767,32767,31573,32767,32767,32767,32767,32767,4573.0,12475.0
2712.0,2652.0,14580,30822,32767,32767,32767,31573,32767,32767,32767,32767,32767,3061.0,14168.0
2312.0,2758.0,18225,32245,32767,32767,32767,31573,32767,32767,32767,32767,32767,3946.0,13747.0
4424.0,4482.0,17861,32719,32767,32767,32767,31573,32767,32767,32767,32767,32767,4499.0,10809.0
5151.0,5202.0,16298,32767,32767,32767,32767,31680,32767,32767,32767,32767,32767,4964.0,10480.0
3847.0,3800.0,16999,32767,32767,32767,32767,31680,32767,32767,32767,32767,32767,4078.0,12447.0
4164.0,3943.0,12402,25894,32044,32275,32767,31714,32767,32767,32767,32767,32767,4399.0,10241.0
3996.0,3765.0,12402,25894,29936,32736,32181,31714,32767,32767,32767,32767,32767,4275.0,10539.0
3548.0,3342.0,12708,26691,31201,32275,32767,31714,32767,32767,32767,32767,32767,3810.0,11212.0
3847.0,3743.0,13014,27488,32044,32767,32767,31714,32767,32767,32767,32767,32767,3965.0,10496.0
3927.0,3681.0,10731,23135,25753,30931,32741,31755,32767,32767,32767,32767,32767,4032.0,10116.0
3534.0,3324.0,9965,23534,27019,29546,30143,31755,32767,32767,32767,32767,32767,3319.0,10633.0
4039.0,3815.0,10271,23933,27863,30931,31182,31755,32767,32767,32767,32767,32767,3970.0,9853.0
3534.0,3279.0,11345,23933,26597,30008,31702,31755,32767,32767,32767,32767,32767,4032.0,10881.0
3160.0,2945.0,12878,25927,28286,32316,32767,31755,32767,32767,32767,32767,32767,3660.0,11346.0
3048.0,2878.0,13338,26725,31663,32316,32741,31755,32767,32767,32767,32767,32767,3970.0,11526.0
2636.0,2811.0,16710,30714,32767,32767,32767,31755,32767,32767,32767,32767,32767,4032.0,11265.0
2284.0,2100.0,12434,25163,27478,30510,31744,31797,32767,32767,32767,32767,32767,3323.0,13100.0
4213.0,4021.0,11360,25163,30014,30048,32767,31797,32767,32767,32767,32767,32767,4193.0,10615.0
3389.0,3172.0,13662,27160,30860,30510,31224,31797,32767,32767,32767,32767,32767,4255.0,12048.0
2209.0,2122.0,16118,31553,32767,32767,32767,31797,32767,32767,32767,32767,32767,3603.0,13100.0
4281.0,4279.0,13416,27255,31884,32098,32767,31837,32767,32767,32767,32767,32767,3793.0,11795.0
3093.0,3022.0,15253,27255,30871,32098,32767,31837,32767,32767,32767,32767,32767,3681.0,13827.0
3833.0,3664.0,13967,28212,30365,32767,32767,31837,32767,32767,32767,32767,32767,3607.0,12729.0
2981.0,2781.0,14518,30124,32767,32767,32767,31837,32767,32767,32767,32767,32767,4127.0,14493.0
4369.0,4250.0,12451,25998,30479,32404,32767,31841,32767,32767,32767,32767,32767,4448.0,9332.0
4012.0,3736.0,12759,26398,30479,31015,30746,31841,32767,32767,32767,32767,32767,4821.0,10253.0
4744.0,4586.0,12298,26798,30903,32767,32767,31841,32767,32767,32767,32767,32767,4697.0,8799.0
2119.0,2371.0,15218,29197,30056,32767,32767,31841,32767,32767,32767,32767,32767,3515.0,12200.0
2925.0,2707.0,13374,30397,32767,32767,32767,31841,32767,32767,32767,32767,32767,3826.0,12029.0
4677.0,4479.0,16021,30444,32767,32767,32767,31863,32767,32767,32767,32767,32767,4990.0,8577.0
5182.0,5003.0,16021,30444,32767,32767,32767,31863,32767,32767,32767,32767,32767,5063.0,7765.0
5291.0,5082.0,15841,31849,32767,32767,32767,31863,32767,32767,32767,32767,32767,4953.0,7640.0
3601.0,3300.0,16381,32318,32767,32767,32767,31863,32767,32767,32767,32767,32767,5136.0,10540.0
3101.0,3031.0,13064,28938,31114,32767,32767,31913,32767,32767,32767,32767,32767,3250.0,12954.0
3615.0,3683.0,16120,32767,32767,32767,32767,31987,32767,32767,32767,32767,32767,3928.0,15479.0
2220.0,3001.0,15600,32767,32767,32767,32767,31987,32767,32767,32767,32767,32767,3227.0,16807.0
3440.0,3314.0,15185,26810,32767,32767,32767,31998,32767,32767,32767,32767,32767,3804.0,11195.0
5226.0,5077.0,14462,29632,32358,32767,32767,31998,32767,32767,32767,32767,32767,4462.0,8419.0
4778.0,4617.0,14003,26749,31240,32026,32767,32042,32767,32767,32767,32767,32767,4662.0,9427.0
4108.0,3843.0,15421,29977,32767,32767,32767,32042,32767,32767,32767,32767,32767,4591.0,10541.0
4389.0,4204.0,17016,32283,32767,32767,32767,32042,32767,32767,32767,32767,32767,4985.0,9794.0
4312.0,4031.0,13851,27503,32622,32380,32767,32259,32767,32767,32767,32767,32767,4425.0,11956.0
3646.0,3580.0,14945,30348,32767,32767,32767,32259,32767,32767,32767,32767,32767,4130.0,12635.0
4979.0,4827.0,15856,30822,32767,32767,32767,32259,32767,32767,32767,32767,32767,4462.0,10467.0
4312.0,4217.0,14945,30822,32767,32767,32767,32259,32767,32767,32767,32767,32767,4388.0,11567.0
3490.0,3262.0,17678,31771,32767,32767,32767,32259,32767,32767,32767,32767,32767,4646.0,12849.0
5424.0,5437.0,16038,32245,32767,32767,32767,32259,32767,32767,32767,32767,32767,5052.0,9660.0
2756.0,3739.0,20959,32767,32767,32767,32767,32259,32767,32767,32767,32767,32767,4056.0,11643.0
4407.0,4144.0,11177,25496,30358,31814,32700,32291,32767,32767,32767,32767,32767,4182.0,9874.0
3959.0,3698.0,12249,26293,32044,32736,32767,32291,32767,32767,32767,32767,32767,3903.0,10577.0
2801.0,2629.0,13933,27089,31201,32767,32767,32291,32767,32767,32767,32767,32767,3749.0,12511.0
3735.0,3676.0,13321,27488,32767,32767,32767,32291,32767,32767,32767,32767,32767,3841.0,10572.0
3530.0,3409.0,13474,27886,32466,32767,32767,32291,32767,32767,32767,32767,32767,3625.0,10978.0
2932.0,2718.0,12708,29081,32767,32767,32767,32291,32767,32767,32767,32767,32767,3377.0,12353.0
4001.0,3703.0,11038,25129,29552,32316,32741,32332,32767,32767,32767,32767,32767,3908.0,10019.0
3534.0,3279.0,11804,25927,29130,31854,32741,32332,32767,32767,32767,32767,32767,3939.0,10829.0
3796.0,3525.0,13184,27523,30819,32767,32741,32332,32767,32767,32767,32767,32767,4746.0,10397.0
4104.0,4029.0,13845,29182,32767,32767,32767,32340,32767,32767,32767,32767,32767,4255.0,12483.0
2800.0,2882.0,16999,32374,32767,32767,32767,32340,32767,32767,32767,32767,32767,3617.0,14040.0
3071.0,2837.0,12434,23965,27478,31434,31744,32375,32767,32767,32767,32767,32767,3914.0,12781.0
3351.0,3038.0,13816,26361,30014,28661,28622,32375,32767,32767,32767,32767,32767,4721.0,12347.0
3202.0,3060.0,14430,27559,32128,32767,32767,32375,32767,32767,32767,32767,32767,4379.0,12215.0
2827.0,3284.0,14890,27959,32128,32767,32767,32375,32767,32767,32767,32767,32767,4224.0,11862.0
4791.0,5716.0,15404,29659,32767,32767,32767,32487,32767,32767,32767,32767,32767,5361.0,10511.0
3699.0,3530.0,13048,26777,29353,32767,32767,32530,32767,32767,32767,32767,32767,3607.0,13071.0
4505.0,4439.0,14335,29168,32767,32767,32767,32530,32767,32767,32767,32767,32767,4127.0,11510.0
3295.0,3423.0,15621,29646,32767,32767,32767,32530,32767,32767,32767,32767,32767,4202.0,13201.0
3519.0,3476.0,15805,30602,32767,32767,32767,32530,32767,32767,32767,32767,32767,4016.0,12985.0
3026.0,3182.0,15621,31081,32767,32767,32767,32530,32767,32767,32767,32767,32767,3979.0,13607.0
2802.0,2781.0,15989,31559,32767,32767,32767,32530,32767,32767,32767,32767,32767,3049.0,13983.0
4786.0,4715.0,15301,29507,32767,32767,32767,32541,32767,32767,32767,32767,32767,4699.0,8273.0
3798.0,3510.0,14941,29507,32767,32767,32767,32541,32767,32767,32767,32767,32767,4844.0,10333.0
4369.0,4060.0,15301,30912,32767,32767,32767,32541,32767,32767,32767,32767,32767,5245.0,9364.0
5006.0,4767.0,16561,30912,32767,32767,32767,32541,32767,32767,32767,32767,32767,4953.0,8033.0
3101.0,2851.0,15006,29397,32767,32767,32767,32578,32767,32767,32767,32767,32767,3929.0,13218.0
4156.0,3956.0,15888,31694,32767,32767,32767,32578,32767,32767,32767,32767,32767,3858.0,11039.0
2304.0,2415.0,16948,32767,32767,32767,32767,32578,32767,32767,32767,32767,32767,3072.0,13617.0
3087.0,3178.0,17680,32767,32767,32767,32767,32640,32767,32767,32767,32767,32767,3612.0,16058.0
2600.0,3153.0,17507,32767,32767,32767,32767,32640,32767,32767,32767,32767,32767,3192.0,16122.0
3602.0,3358.0,14582,30257,32767,32767,32767,32673,32767,32767,32767,32767,32767,3959.0,10002.0
3903.0,3683.0,14100,27280,31861,32767,32767,32679,32767,32767,32767,32767,32767,4097.0,10698.0
4013.0,3788.0,12112,28221,32767,30485,32767,32679,32767,32767,32767,32767,32767,3841.0,10612.0
3506.0,3367.0,14281,29162,32358,32767,32767,32679,32767,32767,32767,32767,32767,3658.0,11169.0
4983.0,4814.0,14100,30103,32767,32767,32767,32679,32767,32767,32767,32767,32767,4426.0,8853.0
5226.0,4972.0,14281,30103,32767,32767,32767,32679,32767,32767,32767,32767,32767,4572.0,8590.0
5314.0,5156.0,14281,30103,32767,32767,32767,32679,32767,32767,32767,32767,32767,4536.0,8322.0
5534.0,5393.0,17897,32767,32767,32767,32767,32679,32767,32767,32767,32767,32767,5450.0,7700.0
4670.0,4411.0,13117,29516,30752,32767,32767,32710,32767,32767,32767,32767,32767,4411.0,9766.0
4994.0,4746.0,15244,30900,32767,32767,32767,32710,32767,32767,32767,32767,32767,5344.0,9171.0
5448.0,5236.0,17016,32767,32767,32767,32767,32710,32767,32767,32767,32767,32767,5559.0,8239.0
5145.0,4901.0,18434,32767,32767,32767,32767,32710,32767,32767,32767,32767,32767,5415.0,8522.0
3104.0,2967.0,10731,24731,29130,31854,32767,32767,32767,32767,32767,32767,32767,3195.0,11339.0
2831.0,2729.0,12451,24798,27093,32404,32309,32767,32767,32767,32767,32767,32767,3577.0,12054.0
4087.0,3825.0,11683,24798,29633,31015,32309,32767,32767,32767,32767,32767,32767,3981.0,9993.0
3815.0,3569.0,11191,25129,29130,31854,32767,32767,32767,32767,32767,32767,32767,4001.0,10310.0
2865.0,2658.0,11360,25163,27901,32767,32767,32767,32767,32767,32767,32767,32767,3323.0,13100.0
3127.0,2904.0,11360,25163,27901,30048,32767,32767,32767,32767,32767,32767,32767,3634.0,12661.0
3900.0,3713.0,11683,25198,27939,31941,32767,32767,32767,32767,32767,32767,32767,4168.0,10268.0
3750.0,3512.0,11990,25198,28786,30552,32767,32767,32767,32767,32767,32767,32767,4168.0,10619.0
3833.0,3636.0,12111,25528,29974,31854,32221,32767,32767,32767,32767,32767,32767,3908.0,10123.0
3913.0,3641.0,11820,25562,29169,30510,32767,32767,32767,32767,32767,32767,32767,4100.0,11258.0
2869.0,2639.0,11529,25598,27093,32767,32767,32767,32767,32767,32767,32767,32767,3670.0,12200.0
4239.0,3943.0,12555,25894,31201,32767,32767,32767,32767,32767,32767,32767,32767,4275.0,10184.0
3740.0,3458.0,11958,25927,29974,29084,31182,32767,32767,32767,32767,32767,32767,4125.0,10504.0
4194.0,3931.0,11513,25962,30437,32767,32767,32767,32767,32767,32767,32767,32767,4069.0,10725.0
2730.0,2543.0,12724,26326,27863,31854,32767,32767,32767,32767,32767,32767,32767,3722.0,12000.0
3314.0,3060.0,13509,26361,30014,32767,32767,32767,32767,32767,32767,32767,32767,4069.0,12235.0
4312.0,4116.0,12144,26398,29633,29626,31788,32767,32767,32767,32767,32767,32767,4417.0,9557.0
2644.0,2349.0,12759,26798,31326,32767,32767,32767,32767,32767,32767,32767,32767,3204.0,12200.0
4114.0,3993.0,12418,27124,32767,32767,32767,32767,32767,32767,32767,32767,32767,4094.0,9513.0
3913.0,3641.0,13202,27160,29591,32767,32767,32767,32767,32767,32767,32767,32767,4224.0,11181.0
3295.0,3127.0,12895,27160,30014,30972,32767,32767,32767,32767,32767,32767,32767,3820.0,12132.0
4231.0,3998.0,12895,27160,30860,32767,32767,32767,32767,32767,32767,32767,32767,4007.0,10517.0
3071.0,2926.0,12895,27160,30437,32359,32767,32767,32767,32767,32767,32767,32767,3914.0,12571.0
3820.0,3574.0,11974,27160,31705,30510,32767,32767,32767,32767,32767,32767,32767,3976.0,11353.0
3614.0,3328.0,12127,27160,30014,31434,32767,32767,32767,32767,32767,32767,32767,3976.0,11808.0
3637.0,3489.0,13835,27198,28786,32767,32767,32767,32767,32767,32767,32767,32767,4386.0,10567.0
4012.0,3870.0,11990,27198,31749,32767,32767,32767,32767,32767,32767,32767,32767,4292.0,10001.0
3994.0,3825.0,12913,27198,30056,32767,32767,32767,32767,32767,32767,32767,32767,4665.0,10083.0
3474.0,3141.0,12708,27488,32466,32767,32767,32767,32767,32767,32767,32767,32767,4151.0,11656.0
3324.0,3052.0,12708,27488,30358,32767,32767,32767,32767,32767,32767,32767,32767,3934.0,11802.0
4245.0,3948.0,13644,27523,32085,32767,32767,32767,32767,32767,32767,32767,32767,4963.0,9607.0
3721.0,3502.0,11498,27523,29974,32767,32767,32767,32767,32767,32767,32767,32767,3753.0,10368.0
3763.0,3663.0,13969,27559,31282,32767,32767,32767,32767,32767,32767,32767,32767,4442.0,11156.0
4475.0,4311.0,12588,27559,30437,32767,32767,32767,32767,32767,32767,32767,32767,4442.0,10104.0
3876.0,3641.0,13662,27559,31705,32767,32767,32767,32767,32767,32767,32767,32767,3914.0,11072.0
4087.0,3847.0,13374,27598,32767,32767,32767,32767,32767,32767,32767,32767,32767,4386.0,9931.0
4256.0,4071.0,13066,27598,32173,32767,32767,32767,32767,32767,32767,32767,32767,4759.0,9641.0
4331.0,4116.0,13220,27598,32767,31478,32767,32767,32767,32767,32767,32767,32767,5070.0,9588.0
3295.0,3182.0,11946,27734,30365,32767,32767,32767,32767,32767,32767,32767,32767,3123.0,13691.0
4098.0,3868.0,13660,27856,32767,32767,32767,32767,32767,32767,32767,32767,32767,4108.0,9210.0
3847.0,3587.0,13014,27886,32466,32767,32767,32767,32767,32767,32767,32767,32767,4244.0,10806.0
4108.0,3921.0,12555,27886,32767,32767,32767,32767,32767,32767,32767,32767,32767,3841.0,10150.0
4544.0,4328.0,12571,27922,32767,32767,32767,32767,32767,32767,32767,32767,32767,4467.0,8966.0
3071.0,2882.0,13969,27959,31705,32767,32767,32767,32767,32767,32767,32767,32767,3883.0,12511.0
4050.0,3870.0,13220,27998,32767,32767,32767,32767,32767,32767,32767,32767,32767,4541.0,9951.0
3562.0,3445.0,13989,27998,31326,32767,32767,32767,32767,32767,32767,32767,32767,4386.0,10642.0
4256.0,4161.0,13681,27998,32596,32767,32767,32767,32767,32767,32767,32767,32767,4634.0,9438.0
2887.0,2953.0,11683,27998,32767,31941,32767,32767,32767,32767,32767,32767,32767,3017.0,11494.0
3291.0,3056.0,13031,28320,31241,32767,32767,32767,32767,32767,32767,32767,32767,3877.0,11156.0
3962.0,3787.0,13660,28336,32767,32767,32767,32767,32767,32767,32767,32767,32767,3996.0,9343.0
4012.0,3825.0,13374,28397,32767,32767,32767,32767,32767,32767,32767,32767,32767,4230.0,9953.0
4687.0,4451.0,13528,28397,32767,32767,32767,32767,32767,32767,32767,32767,32767,4697.0,8926.0
4370.0,4189.0,12861,28683,32767,32767,32767,32767,32767,32767,32767,32767,32767,3934.0,9680.0
2913.0,2740.0,13014,28683,32044,32767,32767,32767,32767,32767,32767,32767,32767,3222.0,12226.0
4630.0,4419.0,14643,28692,32767,32767,32767,32767,32767,32767,32767,32767,32767,4243.0,9397.0
4469.0,4261.0,11804,28719,32767,32767,32767,32767,32767,32767,32767,32767,32767,4094.0,9042.0
4319.0,4105.0,13491,28719,32085,32767,32767,32767,32767,32767,32767,32767,32767,4436.0,9281.0
3403.0,3168.0,12418,28719,32085,32767,32767,32767,32767,32767,32767,32767,32767,3784.0,10968.0
4213.0,3998.0,14430,28758,32767,32359,32767,32767,32767,32767,32767,32767,32767,4566.0,10499.0
4594.0,4429.0,13374,28797,32173,32767,32767,32767,32767,32767,32767,32767,32767,5008.0,9044.0
3881.0,3780.0,13989,28797,32173,32767,32767,32767,32767,32767,32767,32767,32767,4510.0,10055.0
4390.0,4136.0,13475,28816,32767,32767,32767,32767,32767,32767,32767,32767,32767,4108.0,8745.0
3645.0,3353.0,13141,29039,31726,32767,32767,32767,32767,32767,32767,32767,32767,3861.0,10638.0
4100.0,3998.0,13816,29157,32551,32767,32767,32767,32767,32767,32767,32767,32767,4379.0,10558.0
4895.0,4761.0,14462,29162,32767,32767,32767,32767,32767,32767,32767,32767,32767,4389.0,8908.0
5156.0,5001.0,13416,29168,32767,32652,32767,32767,32767,32767,32767,32767,32767,4499.0,10723.0
3937.0,3758.0,13374,29197,32767,32767,32767,32767,32767,32767,32767,32767,32767,4572.0,10145.0
2775.0,2796.0,16141,29197,32767,32767,32767,32767,32767,32767,32767,32767,32767,4914.0,11698.0
3790.0,3596.0,13593,29397,32767,32767,32767,32767,32767,32767,32767,32767,32767,3286.0,11778.0
3044.0,2896.0,12096,29480,32767,30892,32767,32767,32767,32767,32767,32767,32767,3408.0,12066.0
3497.0,3279.0,13338,29517,32767,31854,32767,32767,32767,32767,32767,32767,32767,3908.0,10694.0
4749.0,4551.0,13491,29517,32767,32767,32767,32767,32767,32767,32767,32767,32767,4560.0,8549.0
3497.0,3302.0,13951,29517,32767,32767,32767,32767,32767,32767,32767,32767,32767,3970.0,10604.0
3871.0,3658.0,13184,29517,32767,32767,32767,32767,32767,32767,32767,32767,32767,3970.0,10007.0
3670.0,3708.0,15658,29556,32128,32767,32767,32767,32767,32767,32767,32767,32767,4752.0,10960.0
3089.0,3217.0,15811,29556,32767,32767,32767,32767,32767,32767,32767,32767,32767,4379.0,11793.0
4125.0,3982.0,14911,29597,32767,32767,32767,32767,32767,32767,32767,32767,32767,5163.0,9684.0
3826.0,3647.0,15247,29638,32767,32767,32767,32767,32767,32767,32767,32767,32767,4432.0,13007.0
3654.0,3583.0,15437,29646,32767,32767,32767,32767,32767,32767,32767,32767,32767,4127.0,12862.0
5021.0,4947.0,14335,29646,32767,32767,32767,32767,32767,32767,32767,32767,32767,4425.0,10747.0
4147.0,4065.0,13967,29646,32390,32767,32767,32767,32767,32767,32767,32767,32767,4053.0,12161.0
4886.0,4620.0,14029,29777,32767,32767,32767,32767,32767,32767,32767,32767,32767,4444.0,7950.0
4001.0,3859.0,14564,29916,32767,32767,32767,32767,32767,32767,32767,32767,32767,4250.0,9586.0
4488.0,4238.0,13491,29916,32767,32767,32767,32767,32767,32767,32767,32767,32767,4560.0,9063.0
4076.0,3882.0,13644,29916,32767,32767,32767,32767,32767,32767,32767,32767,32767,4188.0,9615.0
3632.0,3574.0,15504,29956,32767,32767,32767,32767,32767,32767,32767,32767,32767,4535.0,11156.0
3014.0,2770.0,13202,29956,32767,32767,32767,32767,32767,32767,32767,32767,32767,3696.0,12775.0
2603.0,2435.0,13662,29956,32767,32767,32767,32767,32767,32767,32767,32767,32767,3168.0,13100.0
5116.0,4846.0,14761,29976,32767,32767,32767,32767,32767,32767,32767,32767,32767,4699.0,8063.0
4479.0,4217.0,14401,29976,32767,32767,32767,32767,32767,32767,32767,32767,32767,4553.0,9109.0
3698.0,3800.0,13845,30094,32767,32767,32767,32767,32767,32767,32767,32767,32767,3830.0,12838.0
4476.0,4235.0,16089,30103,32767,32767,32767,32767,32767,32767,32767,32767,32767,5121.0,9674.0
3616.0,3472.0,16270,30103,32767,32767,32767,32767,32767,32767,32767,32767,32767,3987.0,10787.0
4797.0,4680.0,15989,30124,32767,32767,32767,32767,32767,32767,32767,32767,32767,4797.0,11053.0
3784.0,3582.0,13867,30217,32767,32767,32767,32767,32767,32767,32767,32767,32767,3542.0,15762.0
3810.0,3565.0,14086,30276,32767,32767,32767,32767,32767,32767,32767,32767,32767,3810.0,10636.0
3716.0,3542.0,13933,30276,32767,32767,32767,32767,32767,32767,32767,32767,32767,3965.0,10756.0
4675.0,4462.0,14104,30315,32767,32767,32767,32767,32767,32767,32767,32767,32767,4436.0,8618.0
3908.0,3636.0,12878,30315,32767,32767,32767,32767,32767,32767,32767,32767,32767,3939.0,10051.0
4058.0,3926.0,12878,30315,32767,32767,32767,32767,32767,32767,32767,32767,32767,3908.0,9551.0
5405.0,5112.0,15359,30316,32767,32767,32767,32767,32767,32767,32767,32767,32767,5179.0,9452.0
4868.0,4694.0,15309,30348,32767,32767,32767,32767,32767,32767,32767,32767,32767,4388.0,10719.0
3600.0,3624.0,14450,30397,32173,32767,32767,32767,32767,32767,32767,32767,32767,3981.0,10207.0
3544.0,3758.0,15218,30397,32767,32767,32767,32767,32767,32767,32767,32767,32767,4417.0,10022.0
4350.0,4183.0,13835,30397,32767,32767,32767,32767,32767,32767,32767,32767,32767,4043.0,9242.0
5116.0,4820.0,14401,30444,32767,32767,32767,32767,32767,32767,32767,32767,32767,5063.0,8187.0
4829.0,4577.0,15185,30573,32767,31574,32767,32767,32767,32767,32767,32767,32767,5011.0,9205.0
3646.0,3569.0,14257,30714,32767,32767,32767,32767,32767,32767,32767,32767,32767,4125.0,10136.0
3497.0,3302.0,14564,30714,32767,32767,32767,32767,32767,32767,32767,32767,32767,3970.0,10527.0
3515.0,3346.0,14564,30714,32767,32767,32767,32767,32767,32767,32767,32767,32767,4219.0,10508.0
4132.0,4015.0,14104,30714,32767,32767,32767,32767,32767,32767,32767,32767,32767,4374.0,9394.0
3445.0,3261.0,15811,30755,32767,32767,32767,32767,32767,32767,32767,32767,32767,4845.0,11697.0
2362.0,2416.0,15526,30797,32767,32767,32767,32767,32767,32767,32767,32767,32767,3546.0,12200.0
4462.0,4250.0,15680,30797,32767,32767,32767,32767,32767,32767,32767,32767,32767,4883.0,9077.0
5246.0,5092.0,14216,30822,32767,32767,32767,32767,32767,32767,32767,32767,32767,4794.0,10273.0
4001.0,4084.0,15127,30822,32767,32767,32767,32767,32767,32767,32767,32767,32767,3909.0,11711.0
4601.0,4429.0,14033,30822,32767,32767,32767,32767,32767,32767,32767,32767,32767,4019.0,11199.0
5210.0,5004.0,14003,30900,32767,32767,32767,32767,32767,32767,32767,32767,32767,4555.0,8772.0
4874.0,4741.0,15661,30912,32767,32767,32767,32767,32767,32767,32767,32767,32767,4589.0,8154.0
4741.0,4498.0,14824,31043,32767,32767,32767,32767,32767,32767,32767,32767,32767,4572.0,9304.0
4445.0,4189.0,14086,31073,32767,32767,32767,32767,32767,32767,32767,32767,32767,4492.0,9680.0
3609.0,3503.0,14886,31081,32767,32767,32767,32767,32767,32767,32767,32767,32767,3309.0,12833.0
3699.0,3690.0,15253,31081,32767,32767,32767,32767,32767,32767,32767,32767,32767,3867.0,12647.0
4819.0,4653.0,14702,31081,32767,32767,32767,32767,32767,32767,32767,32767,32767,4648.0,11199.0
3900.0,3851.0,14702,31081,32767,32767,32767,32767,32767,32767,32767,32767,32767,3756.0,12388.0
4693.0,4439.0,14717,31113,32767,32767,32767,32767,32767,32767,32767,32767,32767,4777.0,8645.0
3646.0,3435.0,14564,31113,32767,32767,32767,32767,32767,32767,32767,32767,32767,4188.0,10322.0
4138.0,3954.0,15658,31154,32767,32767,32767,32767,32767,32767,32767,32767,32767,4721.0,10463.0
3919.0,3847.0,14757,31197,32767,32767,32767,32767,32767,32767,32767,32767,32767,4168.0,9786.0
4759.0,4675.0,14653,31234,32767,32767,32767,32767,32767,32767,32767,32767,32767,4465.0,10158.0
3157.0,3103.0,15491,31297,32767,32767,32767,32767,32767,32767,32767,32767,32767,3540.0,13296.0
4916.0,4743.0,15948,31462,32767,32767,32767,32767,32767,32767,32767,32767,32767,4645.0,11116.0
3361.0,3297.0,15005,31471,32767,32767,32767,32767,32767,32767,32767,32767,32767,3903.0,11096.0
3043.0,2999.0,16089,31514,32767,32767,32767,32767,32767,32767,32767,32767,32767,3767.0,11674.0
5314.0,5051.0,16451,31514,32767,32767,32767,32767,32767,32767,32767,32767,32767,5121.0,8324.0
3370.0,3150.0,14583,31553,32767,32767,32767,32767,32767,32767,32767,32767,32767,4038.0,11925.0
4175.0,3998.0,13355,31553,32767,32767,32767,32767,32767,32767,32767,32767,32767,4255.0,10553.0
4169.0,4118.0,14886,31559,32767,32767,32767,32767,32767,32767,32767,32767,32767,4239.0,12022.0
4331.0,4272.0,15372,31597,32767,32767,32767,32767,32767,32767,32767,32767,32767,4977.0,9135.0
4031.0,3915.0,14296,31597,32767,32767,32767,32767,32767,32767,32767,32767,32767,3763.0,9604.0
4331.0,4138.0,14604,31597,32767,32767,32767,32767,32767,32767,32767,32767,32767,4386.0,9310.0
4984.0,4767.0,15661,31849,32767,32767,32767,32767,32767,32767,32767,32767,32767,4589.0,8089.0
4786.0,4558.0,16021,31849,32767,32767,32767,32767,32767,32767,32767,32767,32767,4953.0,8436.0
4076.0,3882.0,14257,31910,32767,32767,32767,32767,32767,32767,32767,32767,32767,4094.0,9530.0
3591.0,3621.0,16123,31918,32767,32767,32767,32767,32767,32767,32767,32767,32767,4290.0,12961.0
4231.0,4199.0,14583,31953,32767,32767,32767,32767,32767,32767,32767,32767,32767,4442.0,10165.0
4410.0,4314.0,16089,31984,32767,32767,32767,32767,32767,32767,32767,32767,32767,4828.0,9543.0
4390.0,4217.0,14398,32178,32767,32767,32767,32767,32767,32767,32767,32767,32767,4258.0,8576.0
4735.0,4614.0,15491,32245,32767,32767,32767,32767,32767,32767,32767,32767,32767,4573.0,10877.0
4735.0,4721.0,16220,32245,32767,32767,32767,32767,32767,32767,32767,32767,32767,4351.0,10608.0
3492.0,3431.0,14392,32268,32767,32767,32767,32767,32767,32767,32767,32767,32767,3501.0,10808.0
3847.0,3765.0,14852,32268,32767,32767,32767,32767,32767,32767,32767,32767,32767,4368.0,10360.0
5145.0,4952.0,16307,32283,32767,32767,32767,32767,32767,32767,32767,32767,32767,5093.0,8709.0
5059.0,4901.0,15598,32283,32767,32767,32767,32767,32767,32767,32767,32767,32767,4734.0,8828.0
3197.0,3123.0,17937,32309,32767,32767,32767,32767,32767,32767,32767,32767,32767,4963.0,10545.0
5335.0,5134.0,16381,32318,32767,32767,32767,32767,32767,32767,32767,32767,32767,5063.0,7515.0
4061.0,3927.0,15772,32374,32767,32767,32767,32767,32767,32767,32767,32767,32767,4290.0,12427.0
3975.0,3937.0,16141,32397,32767,32767,32767,32767,32767,32767,32767,32767,32767,5319.0,9650.0
3205.0,3209.0,16724,32515,32767,32767,32767,32767,32767,32767,32767,32767,32767,3793.0,13291.0
5189.0,5061.0,16242,32612,32767,32767,32767,32767,32767,32767,32767,32767,32767,4929.0,9446.0
4371.0,4213.0,16595,32612,32767,32767,32767,32767,32767,32767,32767,32767,32767,4858.0,10729.0
4350.0,4213.0,15712,32612,32767,32767,32767,32767,32767,32767,32767,32767,32767,4501.0,10791.0
4255.0,4163.0,15875,32659,32767,32767,32767,32767,32767,32767,32767,32767,32767,4370.0,8541.0
2087.0,2591.0,16758,32702,32767,32767,32767,32767,32767,32767,32767,32767,32767,2861.0,16705.0
3539.0,3820.0,17654,32752,32767,32767,32767,32767,32767,32767,32767,32767,32767,4535.0,10499.0
5451.0,6503.0,22081,32767,32767,32767,32767,32767,32767,32767,32767,32767,32767,6808.0,8259.0
4345.0,4127.0,16662,32767,32767,32767,32767,32767,32767,32767,32767,32767,32767,4698.0,9919.0
4748.0,5643.0,17404,32767,32767,32767,32767,32767,32767,32767,32767,32767,32767,5375.0,10389.0
3876.0,3775.0,17807,32767,32767,32767,32767,32767,32767,32767,32767,32767,32767,4876.0,10498.0
5451.0,5942.0,16999,32767,32767,32767,32767,32767,32767,32767,32767,32767,32767,5248.0,9481.0
3699.0,3771.0,17091,32767,32767,32767,32767,32767,32767,32767,32767,32767,32767,3681.0,12211.0
4393.0,4332.0,16907,32767,32767,32767,32767,32767,32767,32767,32767,32767,32767,3830.0,11302.0
5559.0,5429.0,19480,32767,32767,32767,32767,32767,32767,32767,32767,32767,32767,5503.0,9526.0
4748.0,5665.0,21526,32767,32767,32767,32767,32767,32767,32767,32767,32767,32767,5715.0,9778.0
5088.0,4942.0,16059,32767,32767,32767,32767,32767,32767,32767,32767,32767,32767,4781.0,7322.0
3564.0,4546.0,23891,32767,32767,32767,32767,32767,32767,32767,32767,32767,32767,4760.0,10240.0
4083.0,4004.0,15948,32767,32767,32767,32767,32767,32767,32767,32767,32767,32767,4078.0,12240.0
3285.0,3209.0,17174,32767,32767,32767,32767,32767,32767,32767,32767,32767,32767,3804.0,11095.0
4446.0,4386.0,16473,32767,32767,32767,32767,32767,32767,32767,32767,32767,32767,4361.0,11600.0
3694.0,3691.0,16141,32767,32767,32767,32767,32767,32767,32767,32767,32767,32767,4012.0,9862.0
5741.0,6849.0,25473,32767,32767,32767,32767,32767,32767,32767,32767,32767,32767,8627.0,3716.0
3632.0,3998.0,17654,32767,32767,32767,32767,32767,32767,32767,32767,32767,32767,4783.0,10265.0
5237.0,5100.0,17525,32767,32767,32767,32767,32767,32767,32767,32767,32767,32767,5106.0,10445.0
5451.0,6503.0,19978,32767,32767,32767,32767,32767,32767,32767,32767,32767,32767,5993.0,8549.0
4214.0,4145.0,15805,32767,32767,32767,32767,32767,32767,32767,32767,32767,32767,3830.0,11759.0
4338.0,4283.0,17017,32767,32767,32767,32767,32767,32767,32767,32767,32767,32767,5056.0,8712.0
2902.0,3462.0,18114,32767,32767,32767,32767,32767,32767,32767,32767,32767,32767,3914.0,10986.0
4456.0,4289.0,16272,32767,32767,32767,32767,32767,32767,32767,32767,32767,32767,4845.0,9843.0
3441.0,3290.0,17525,32767,32767,32767,32767,32767,32767,32767,32767,32767,32767,4255.0,13275.0
4681.0,4579.0,16272,32767,32767,32767,32767,32767,32767,32767,32767,32767,32767,4845.0,9390.0
4210.0,4163.0,17351,32767,32767,32767,32767,32767,32767,32767,32767,32767,32767,4557.0,8382.0
4687.0,4634.0,16230,32767,32767,32767,32767,32767,32767,32767,32767,32767,32767,4554.0,8772.0
4886.0,4835.0,19382,32767,32767,32767,32767,32767,32767,32767,32767,32767,32767,4893.0,7061.0
4326.0,4198.0,16724,32767,32767,32767,32767,32767,32767,32767,32767,32767,32767,4388.0,11660.0
4785.0,4472.0,16812,32767,32767,32767,32767,32767,32767,32767,32767,32767,32767,5231.0,9184.0
4646.0,4535.0,17314,32767,32767,32767,32767,32767,32767,32767,32767,32767,32767,4683.0,10791.0
3836.0,3754.0,15725,32767,32767,32767,32767,32767,32767,32767,32767,32767,32767,4170.0,13124.0
3868.0,4190.0,18772,32767,32767,32767,32767,32767,32767,32767,32767,32767,32767,4499.0,11207.0
2938.0,4140.0,18504,32767,32767,32767,32767,32767,32767,32767,32767,32767,32767,4026.0,14181.0
4463.0,4233.0,15158,32767,32767,32767,32767,32767,32767,32767,32767,32767,32767,4368.0,9472.0
2090.0,2175.0,18043,32767,32767,32767,32767,32767,32767,32767,32767,32767,32767,3393.0,14600.0
3333.0,3730.0,17807,32767,32767,32767,32767,32767,32767,32767,32767,32767,32767,4162.0,10584.0
5451.0,6503.0,18927,32767,32767,32767,32767,32767,32767,32767,32767,32767,32767,6099.0,8704.0
3068.0,3792.0,22964,32767,32767,32767,32767,32767,32767,32767,32767,32767,32767,4351.0,11147.0
4314.0,4122.0,14852,32767,32767,32767,32767,32767,32767,32767,32767,32767,32767,4430.0,9720.0
5426.0,5318.0,16771,32767,32767,32767,32767,32767,32767,32767,32767,32767,32767,5036.0,9015.0
4954.0,4921.0,17459,32767,32767,32767,32767,32767,32767,32767,32767,32767,32767,4611.0,10479.0
3762.0,3953.0,18576,32767,32767,32767,32767,32767,32767,32767,32767,32767,32767,4964.0,12167.0
5451.0,6503.0,19978,32767,32767,32767,32767,32767,32767,32767,32767,32767,32767,6170.0,8561.0
5606.0,5453.0,17351,32767,32767,32767,32767,32767,32767,32767,32767,32767,32767,5229.0,6455.0
2511.0,2968.0,21318,32767,32767,32767,32767,32767,32767,32767,32767,32767,32767,3235.0,12813.0
4044.0,3820.0,15658,32767,32767,32767,32767,32767,32767,32767,32767,32767,32767,5063.0,10734.0
4873.0,4973.0,19628,32767,32767,32767,32767,32767,32767,32767,32767,32767,32767,4893.0,10357.0
4550.0,4356.0,17039,32767,32767,32767,32767,32767,32767,32767,32767,32767,32767,4876.0,9625.0
5089.0,4953.0,16758,32767,32767,32767,32767,32767,32767,32767,32767,32767,32767,4733.0,12914.0
2534.0,2785.0,18407,32767,32767,32767,32767,32767,32767,32767,32767,32767,32767,3208.0,13379.0
2448.0,3099.0,17107,32767,32767,32767,32767,32767,32767,32767,32767,32767,32767,3320.0,15869.0
2452.0,3102.0,18720,32767,32767,32767,32767,32767,32767,32767,32767,32767,32767,3402.0,16100.0
4575.0,4429.0,15526,32767,32767,32767,32767,32767,32767,32767,32767,32767,32767,4914.0,8824.0
3520.0,3864.0,18575,32767,32767,32767,32767,32767,32767,32767,32767,32767,32767,4566.0,10295.0
4450.0,4238.0,17323,32767,32767,32767,32767,32767,32767,32767,32767,32767,32767,4870.0,8668.0
4468.0,4455.0,17132,32767,32767,32767,32767,32767,32767,32767,32767,32767,32767,4536.0,10945.0
4483.0,4412.0,17091,32767,32767,32767,32767,32767,32767,32767,32767,32767,32767,4760.0,11342.0
3334.0,3315.0,19683,32767,32767,32767,32767,32767,32767,32767,32767,32767,32767,3356.0,12125.0
5275.0,5133.0,17371,32767,32767,32767,32767,32767,32767,32767,32767,32767,32767,5559.0,8367.0
5087.0,4922.0,18226,32767,32767,32767,32767,32767,32767,32767,32767,32767,32767,5177.0,10616.0
5451.0,6503.0,23308,32767,32767,32767,32767,32767,32767,32767,32767,32767,32767,7056.0,8055.0
5451.0,5559.0,20504,32767,32767,32767,32767,32767,32767,32767,32767,32767,32767,5071.0,9394.0
3683.0,3810.0,17631,32767,32767,32767,32767,32767,32767,32767,32767,32767,32767,3921.0,14540.0
4940.0,4636.0,15841,32767,32767,32767,32767,32767,32767,32767,32767,32767,32767,4662.0,8264.0
4304.0,4252.0,15989,32767,32767,32767,32767,32767,32767,32767,32767,32767,32767,4276.0,11670.0
5380.0,5130.0,16993,32767,32767,32767,32767,32767,32767,32767,32767,32767,32767,5231.0,8154.0
4748.0,4954.0,18015,32767,32767,32767,32767,32767,32767,32767,32767,32767,32767,4850.0,11057.0
5429.0,6045.0,19202,32767,32767,32767,32767,32767,32767,32767,32767,32767,32767,5475.0,11310.0
4416.0,5027.0,16724,32767,32767,32767,32767,32767,32767,32767,32767,32767,32767,4351.0,10547.0
4170.0,4015.0,15790,32767,32767,32767,32767,32767,32767,32767,32767,32767,32767,4653.0,9237.0
4823.0,4547.0,16595,32767,32767,32767,32767,32767,32767,32767,32767,32767,32767,5287.0,10210.0
5451.0,6503.0,21205,32767,32767,32767,32767,32767,32767,32767,32767,32767,32767,6028.0,8364.0
4748.0,5665.0,22595,32767,32767,32767,32767,32767,32767,32767,32767,32767,32767,6765.0,9652.0
2132.0,3190.0,21309,32767,32767,32767,32767,32767,32767,32767,32767,32767,32767,3939.0,9906.0
4767.0,5024.0,20154,32767,32767,32767,32767,32767,32767,32767,32767,32767,32767,5283.0,10293.0
4564.0,4393.0,16451,32767,32767,32767,32767,32767,32767,32767,32767,32767,32767,4243.0,9235.0
4979.0,4933.0,19136,32767,32767,32767,32767,32767,32767,32767,32767,32767,32767,4941.0,9961.0
5451.0,6146.0,15772,32767,32767,32767,32767,32767,32767,32767,32767,32767,32767,5390.0,9397.0
4236.0,4225.0,16172,32767,32767,32767,32767,32767,32767,32767,32767,32767,32767,4127.0,11668.0
3488.0,3683.0,17680,32767,32767,32767,32767,32767,32767,32767,32767,32767,32767,3823.0,15245.0
5391.0,6432.0,22707,32767,32767,32767,32767,32767,32767,32767,32767,32767,32767,5576.0,10868.0
4525.0,4417.0,16250,32767,32767,32767,32767,32767,32767,32767,32767,32767,32767,4591.0,8510.0
4730.0,5043.0,18778,32767,32767,32767,32767,32767,32767,32767,32767,32767,32767,4912.0,10850.0
5468.0,5208.0,16089,32767,32767,32767,32767,32767,32767,32767,32767,32767,32767,4645.0,8055.0
2044.0,2413.0,16060,32767,32767,32767,32767,32767,32767,32767,32767,32767,32767,2755.0,17118.0
2065.0,2337.0,17980,32767,32767,32767,32767,32767,32767,32767,32767,32767,32767,2790.0,16904.0
5429.0,6477.0,21297,32767,32767,32767,32767,32767,32767,32767,32767,32767,32767,6110.0,10587.0
4637.0,4484.0,16864,32767,32767,32767,32767,32767,32767,32767,32767,32767,32767,5149.0,8393.0
3574.0,3519.0,17124,32767,32767,32767,32767,32767,32767,32767,32767,32767,32767,3572.0,11577.0
5451.0,5712.0,18752,32767,32767,32767,32767,32767,32767,32767,32767,32767,32767,5071.0,9490.0
3163.0,3647.0,20154,32767,32767,32767,32767,32767,32767,32767,32767,32767,32767,4610.0,12424.0
5238.0,5029.0,15885,32767,32767,32767,32767,32767,32767,32767,32767,32767,32767,5121.0,12939.0
3221.0,3754.0,18778,32767,32767,32767,32767,32767,32767,32767,32767,32767,32767,3954.0,12767.0
4631.0,4523.0,17148,32767,32767,32767,32767,32767,32767,32767,32767,32767,32767,4523.0,8805.0
4748.0,5665.0,23664,32767,32767,32767,32767,32767,32767,32767,32767,32767,32767,6796.0,9457.0
4388.0,4367.0,17897,32767,32767,32767,32767,32767,32767,32767,32767,32767,32767,4389.0,9143.0
4706.0,4586.0,15218,32767,32767,32767,32767,32767,32767,32767,32767,32767,32767,4417.0,8524.0
2704.0,3150.0,18504,32767,32767,32767,32767,32767,32767,32767,32767,32767,32767,3673.0,15581.0
3513.0,3505.0,15361,32767,32767,32767,32767,32767,32767,32767,32767,32767,32767,3461.0,15246.0
4718.0,4624.0,18575,32767,32767,32767,32767,32767,32767,32767,32767,32767,32767,5342.0,9059.0
5741.0,6849.0,21228,32767,32767,32767,32767,32767,32767,32767,32767,32767,32767,6947.0,4467.0
4057.0,4065.0,17091,32767,32767,32767,32767,32767,32767,32767,32767,32767,32767,4016.0,11784.0
5741.0,5936.0,18090,32767,32767,32767,32767,32767,32767,32767,32767,32767,32767,5416.0,5788.0
2790.0,2569.0,13662,32767,32767,32767,32767,32767,32767,32767,32767,32767,32767,3386.0,13055.0
3919.0,3803.0,16448,32767,32767,32767,32767,32767,32767,32767,32767,32767,32767,4790.0,9744.0
4012.0,3931.0,16172,32767,32767,32767,32767,32767,32767,32767,32767,32767,32767,4053.0,12127.0
4039.0,3859.0,15944,32767,32767,32767,32767,32767,32767,32767,32767,32767,32767,4622.0,9472.0
4693.0,4691.0,19240,32767,32767,32767,32767,32767,32767,32767,32767,32767,32767,4735.0,13491.0
4379.0,4296.0,17314,32767,32767,32767,32767,32767,32767,32767,32767,32767,32767,4204.0,11088.0
3777.0,3458.0,16097,32767,32767,32767,32767,32767,32767,32767,32767,32767,32767,4219.0,10044.0
4400.0,4266.0,17193,32767,32767,32767,32767,32767,32767,32767,32767,32767,32767,4473.0,9695.0
3445.0,3395.0,16220,32767,32767,32767,32767,32767,32767,32767,32767,32767,32767,3688.0,12682.0
4063.0,4043.0,16272,32767,32767,32767,32767,32767,32767,32767,32767,32767,32767,4907.0,10304.0
4151.0,4015.0,15330,32767,32767,32767,32767,32767,32767,32767,32767,32767,32767,4560.0,9285.0
4581.0,4372.0,16557,32767,32767,32767,32767,32767,32767,32767,32767,32767,32767,4994.0,8578.0
4312.0,4161.0,15833,32767,32767,32767,32767,32767,32767,32767,32767,32767,32767,4852.0,9219.0
5066.0,5027.0,17091,32767,32767,32767,32767,32767,32767,32767,32767,32767,32767,4536.0,10350.0
5248.0,4767.0,17101,32767,32767,32767,32767,32767,32767,32767,32767,32767,32767,5500.0,7960.0
4490.0,4667.0,18954,32767,32767,32767,32767,32767,32767,32767,32767,32767,32767,4609.0,10403.0
4593.0,4432.0,18459,32767,32767,32767,32767,32767,32767,32767,32767,32767,32767,4781.0,7783.0
2466.0,2407.0,18929,32767,32767,32767,32767,32767,32767,32767,32767,32767,32767,3793.0,14425.0
4706.0,4675.0,15680,32767,32767,32767,32767,32767,32767,32767,32767,32767,32767,5319.0,8494.0
5512.0,5524.0,17716,32767,32767,32767,32767,32767,32767,32767,32767,32767,32767,5011.0,7522.0
5581.0,5509.0,18194,32767,32767,32767,32767,32767,32767,32767,32767,32767,32767,5317.0,9595.0
4888.0,4881.0,16595,32767,32767,32767,32767,32767,32767,32767,32767,32767,32767,4822.0,9698.0
5741.0,6473.0,20674,32767,32767,32767,32767,32767,32767,32767,32767,32767,32767,5976.0,4891.0
4846.0,4827.0,18407,32767,32767,32767,32767,32767,32767,32767,32767,32767,32767,4978.0,10248.0
4873.0,4840.0,18258,32767,32767,32767,32767,32767,32767,32767,32767,32767,32767,4645.0,8393.0
5071.0,5051.0,17897,32767,32767,32767,32767,32767,32767,32767,32767,32767,32767,5450.0,8242.0
3646.0,3554.0,15674,32767,32767,32767,32767,32767,32767,32767,32767,32767,32767,3835.0,12503.0
4550.0,4573.0,18929,32767,32767,32767,32767,32767,32767,32767,32767,32767,32767,4536.0,10796.0
4730.0,4760.0,18745,32767,32767,32767,32767,32767,32767,32767,32767,32767,32767,4499.0,10532.0
4349.0,4279.0,17091,32767,32767,32767,32767,32767,32767,32767,32767,32767,32767,3979.0,11399.0
3377.0,3596.0,17875,32767,32767,32767,32767,32767,32767,32767,32767,32767,32767,3971.0,12710.0
3228.0,3213.0,16473,32767,32767,32767,32767,32767,32767,32767,32767,32767,32767,3900.0,13547.0
4748.0,5665.0,22442,32767,32767,32767,32767,32767,32767,32767,32767,32767,32767,6487.0,9669.0
4001.0,3815.0,15944,32767,32767,32767,32767,32767,32767,32767,32767,32767,32767,4622.0,9548.0
5006.0,4794.0,16381,32767,32767,32767,32767,32767,32767,32767,32767,32767,32767,5208.0,8057.0
2116.0,2372.0,19453,32767,32767,32767,32767,32767,32767,32767,32767,32767,32767,3688.0,14650.0
4357.0,4243.0,16038,32767,32767,32767,32767,32767,32767,32767,32767,32767,32767,4314.0,11368.0
4630.0,4446.0,17174,32767,32767,32767,32767,32767,32767,32767,32767,32767,32767,4536.0,9106.0
4435.0,4244.0,16428,32767,32767,32767,32767,32767,32767,32767,32767,32767,32767,4482.0,8326.0
4458.0,4324.0,16059,32767,32767,32767,32767,32767,32767,32767,32767,32767,32767,4594.0,8280.0
5111.0,5161.0,20399,32767,32767,32767,32767,32767,32767,32767,32767,32767,32767,4648.0,9699.0
5624.0,5516.0,17496,32767,32767,32767,32767,32767,32767,32767,32767,32767,32767,5052.0,9334.0
4929.0,4797.0,16484,32767,32767,32767,32767,32767,32767,32767,32767,32767,32767,4662.0,8879.0
4188.0,3993.0,17170,32767,32767,32767,32767,32767,32767,32767,32767,32767,32767,4901.0,9106.0
4830.0,4663.0,16741,32767,32767,32767,32767,32767,32767,32767,32767,32767,32767,4808.0,8172.0
3976.0,3800.0,15422,32767,32767,32767,32767,32767,32767,32767,32767,32767,32767,4468.0,12720.0
4211.0,3978.0,15948,32767,32767,32767,32767,32767,32767,32767,32767,32767,32767,4787.0,12380.0
4548.0,4432.0,17351,32767,32767,32767,32767,32767,32767,32767,32767,32767,32767,4594.0,7932.0
2663.0,3199.0,19847,32767,32767,32767,32767,32767,32767,32767,32767,32767,32767,3769.0,13489.0
4290.0,4482.0,18407,32767,32767,32767,32767,32767,32767,32767,32767,32767,32767,4462.0,10756.0
5060.0,4907.0,16595,32767,32767,32767,32767,32767,32767,32767,32767,32767,32767,5108.0,9658.0
2696.0,3127.0,18575,32767,32767,32767,32767,32767,32767,32767,32767,32767,32767,4286.0,11556.0
3779.0,3713.0,17861,32767,32767,32767,32767,32767,32767,32767,32767,32767,32767,3835.0,11892.0
4599.0,4496.0,15885,32767,32767,32767,32767,32767,32767,32767,32767,32767,32767,4380.0,13689.0
4779.0,4933.0,19136,32767,32767,32767,32767,32767,32767,32767,32767,32767,32767,4646.0,9971.0
2866.0,2972.0,16812,32767,32767,32767,32767,32767,32767,32767,32767,32767,32767,3365.0,11522.0
3660.0,3545.0,15006,32767,32767,32767,32767,32767,32767,32767,32767,32767,32767,3679.0,11859.0
4756.0,4565.0,15775,32767,32767,32767,32767,32767,32767,32767,32767,32767,32767,5164.0,9394.0
4581.0,4350.0,15484,32767,32767,32767,32767,32767,32767,32767,32767,32767,32767,4839.0,8723.0
5115.0,4919.0,16993,32767,32767,32767,32767,32767,32767,32767,32767,32767,32767,5267.0,8495.0
5646.0,5490.0,18954,32767,32767,32767,32767,32767,32767,32767,32767,32767,32767,4904.0,9135.0
4957.0,4880.0,17496,32767,32767,32767,32767,32767,32767,32767,32767,32767,32767,4904.0,10272.0
1734.0,1513.0,9533,16236,16707,16703,15278,15014,32767,32767,32767,32767,32767,3332.0,17800.0
1734.0,1459.0,6926,12329,13551,13172,12356,15100,32767,32767,32767,32767,32767,2581.0,14600.0
1734.0,1766.0,9360,18942,19093,21401,21154,17626,32767,32767,32767,32767,32767,1964.0,17800.0
1734.0,1690.0,11613,21648,23867,23489,22329,18278,32767,32767,32767,32767,32767,2455.0,17800.0
1734.0,1740.0,11440,20746,21480,22967,22917,18931,32767,32767,32767,32767,32767,2455.0,17800.0
1734.0,1740.0,11960,20746,22912,23489,22329,18931,32767,32767,32767,32767,32767,2665.0,17800.0
1734.0,1538.0,10753,19442,21079,20306,19770,19905,32767,32767,32767,32767,32767,2876.0,14600.0
1734.0,1841.0,13000,24354,25776,26621,25267,20889,32767,32767,32767,32767,32767,2385.0,17800.0
1734.0,1665.0,13694,25707,27685,28709,28205,21542,32767,32767,32767,32767,32767,2841.0,17800.0
1734.0,1803.0,13669,23710,26098,25246,24713,21964,32767,32767,32767,32767,32767,2803.0,14600.0
1734.0,1766.0,13520,25707,28640,27665,27617,22195,32767,32767,32767,32767,32767,2490.0,17800.0
1734.0,1803.0,14033,24184,27102,26892,26566,22650,32767,32767,32767,32767,32767,2655.0,14600.0
1734.0,1665.0,14040,28413,31504,30797,30555,22848,32767,32767,32767,32767,32767,2350.0,17800.0
1734.0,1724.0,13669,24184,26098,27441,25949,23337,32767,32767,32767,32767,32767,2618.0,14600.0
1734.0,1589.0,11440,22099,24344,24533,24679,23501,32767,32767,32767,32767,32767,2455.0,17800.0
1734.0,1766.0,13174,25256,26731,26621,27030,23501,32767,32767,32767,32767,32767,2595.0,17800.0
1734.0,1892.0,14387,27962,31981,32362,31143,25459,32767,32767,32767,32767,32767,2525.0,17800.0
1860.0,1479.0,7086,12024,12726,12988,12010,13923,32767,32767,32767,32767,32767,3366.0,15500.0
1860.0,1454.0,9989,13679,16408,16360,16040,15180,32767,32767,32767,32767,32767,4397.0,15100.0
1860.0,1403.0,9639,16415,16891,16360,14852,15840,32767,32767,32767,32767,32767,4149.0,15100.0
1860.0,1428.0,10164,16415,17374,16888,15446,15840,32767,32767,32767,32767,32767,4503.0,15100.0
1860.0,1428.0,11391,18695,18339,18471,16634,15840,32767,32767,32767,32767,32767,4503.0,15100.0
1860.0,1581.0,9639,15503,16408,18998,17229,16500,32767,32767,32767,32767,32767,3723.0,15100.0
1860.0,1479.0,10515,17327,18821,19526,18417,17820,32767,32767,32767,32767,32767,4007.0,15100.0
1860.0,1765.0,11027,18648,20244,19923,19313,18687,32767,32767,32767,32767,32767,3421.0,14900.0
1860.0,1791.0,11613,21197,22912,22967,22329,19584,32767,32767,32767,32767,32767,2630.0,17800.0
1860.0,1967.0,11267,23452,27208,23489,23504,20237,32767,32767,32767,32767,32767,2420.0,17800.0
1860.0,1766.0,12307,22099,24344,24533,25267,22195,32767,32767,32767,32767,32767,2595.0,17800.0
1860.0,1917.0,13694,23903,26731,27143,25855,22195,32767,32767,32767,32767,32767,2736.0,17800.0
1860.0,2193.0,13967,23430,26317,27117,26166,23532,32767,32767,32767,32767,32767,2826.0,14900.0
1860.0,1892.0,14387,27060,30549,29753,30555,24153,32767,32767,32767,32767,32767,2490.0,17800.0
1860.0,2144.0,13347,26609,29117,29231,28793,24806,32767,32767,32767,32767,32767,2771.0,17800.0
1860.0,1993.0,15254,29315,31981,32767,32318,24806,32767,32767,32767,32767,32767,2806.0,17800.0
1860.0,2514.0,14702,28212,30365,32098,31773,26993,32767,32767,32767,32767,32767,3049.0,14900.0
1945.0,1505.0,10340,15503,16891,16888,14852,15840,32767,32767,32767,32767,32767,4929.0,15100.0
1945.0,1866.0,9533,17138,18616,18269,17041,16320,32767,32767,32767,32767,32767,2771.0,17800.0
1945.0,1607.0,9989,15959,17856,17943,17823,17160,32767,32767,32767,32767,32767,3794.0,15100.0
1945.0,1479.0,11917,18695,20269,20582,20793,17820,32767,32767,32767,32767,32767,4610.0,15100.0
1945.0,1658.0,11566,20519,22200,22165,21981,18480,32767,32767,32767,32767,32767,3794.0,15100.0
1945.0,1785.0,11917,19607,23165,20582,20793,19140,32767,32767,32767,32767,32767,3404.0,15100.0
1945.0,2144.0,12307,22099,23389,26099,24679,20237,32767,32767,32767,32767,32767,2385.0,17800.0
1945.0,2043.0,12654,23903,25776,26099,25267,20889,32767,32767,32767,32767,32767,2665.0,17800.0
1945.0,2194.0,13520,25256,26253,27665,28205,20889,32767,32767,32767,32767,32767,2525.0,17800.0
1945.0,1989.0,12968,23255,25578,24804,24358,21780,32767,32767,32767,32767,32767,3085.0,15100.0
1945.0,2093.0,14040,27060,28640,29231,27617,22848,32767,32767,32767,32767,32767,2771.0,17800.0
1945.0,2220.0,14907,28413,31981,32767,32767,23501,32767,32767,32767,32767,32767,3121.0,17800.0
1945.0,2066.0,14546,25990,30404,29553,29110,24420,32767,32767,32767,32767,32767,2801.0,15100.0
1945.0,2169.0,14907,27511,31504,31319,30555,24806,32767,32767,32767,32767,32767,2630.0,17800.0
1945.0,2169.0,14560,29315,31504,32767,32767,26112,32767,32767,32767,32767,32767,2665.0,17800.0
1945.0,2144.0,15600,29315,32767,32767,32767,27417,32767,32767,32767,32767,32767,2630.0,17800.0
1945.0,2295.0,15774,32021,32767,32767,32767,30029,32767,32767,32767,32767,32767,2806.0,17800.0
4762.0,4656.0,13321,30675,32767,32767,32767,32767,32767,32767,32767,32767,32767,4647.0,9029.0
4762.0,5681.0,15464,31870,32767,32767,32767,32767,32767,32767,32767,32767,32767,5297.0,7647.0
4762.0,4790.0,14545,32667,32767,32767,32767,32767,32767,32767,32767,32767,32767,4523.0,8727.0
4762.0,4768.0,16842,32767,32767,32767,32767,32767,32767,32767,32767,32767,32767,5081.0,8583.0
4762.0,5681.0,20823,32767,32767,32767,32767,32767,32767,32767,32767,32767,32767,6351.0,7018.0
4762.0,5392.0,17301,32767,32767,32767,32767,32767,32767,32767,32767,32767,32767,5019.0,7747.0
4762.0,5681.0,18833,32767,32767,32767,32767,32767,32767,32767,32767,32767,32767,5948.0,7301.0
4762.0,5681.0,16995,32767,32767,32767,32767,32767,32767,32767,32767,32767,32767,5607.0,7515.0
4762.0,5280.0,16536,32767,32767,32767,32767,32767,32767,32767,32767,32767,32767,4771.0,7938.0
4762.0,5013.0,15464,32767,32767,32767,32767,32767,32767,32767,32767,32767,32767,4740.0,8385.0
4762.0,5681.0,18373,32767,32767,32767,32767,32767,32767,32767,32767,32767,32767,5886.0,7361.0
4762.0,5548.0,15464,32767,32767,32767,32767,32767,32767,32767,32767,32767,32767,5297.0,7806.0
4762.0,5080.0,15770,32767,32767,32767,32767,32767,32767,32767,32767,32767,32767,4926.0,8297.0
4762.0,5681.0,18679,32767,32767,32767,32767,32767,32767,32767,32767,32767,32767,5576.0,7291.0
4762.0,5681.0,18679,32767,32767,32767,32767,32767,32767,32767,32767,32767,32767,6041.0,7329.0
4762.0,4812.0,17301,32767,32767,32767,32767,32767,32767,32767,32767,32767,32767,5143.0,8473.0
4762.0,5681.0,22354,32767,32767,32767,32767,32767,32767,32767,32767,32767,32767,7063.0,6779.0
4762.0,4835.0,17301,32767,32767,32767,32767,32767,32767,32767,32767,32767,32767,4585.0,8358.0
4762.0,5681.0,22507,32767,32767,32767,32767,32767,32767,32767,32767,32767,32767,6630.0,6741.0
4762.0,5681.0,23120,32767,32767,32767,32767,32767,32767,32767,32767,32767,32767,7156.0,6642.0
4762.0,5681.0,19598,32767,32767,32767,32767,32767,32767,32767,32767,32767,32767,5669.0,7164.0
4762.0,4812.0,16842,32767,32767,32767,32767,32767,32767,32767,32767,32767,32767,4895.0,8500.0
4762.0,5681.0,23732,32767,32767,32767,32767,32767,32767,32767,32767,32767,32767,7745.0,6527.0
4762.0,5681.0,24651,32767,32767,32767,32767,32767,32767,32767,32767,32767,32767,7156.0,6354.0
4762.0,5681.0,19292,32767,32767,32767,32767,32767,32767,32767,32767,32767,32767,5236.0,7164.0
4762.0,5681.0,20823,32767,32767,32767,32767,32767,32767,32767,32767,32767,32767,5762.0,6978.0
4762.0,5681.0,19751,32767,32767,32767,32767,32767,32767,32767,32767,32767,32767,6010.0,7168.0
4762.0,5013.0,15923,32767,32767,32767,32767,32767,32767,32767,32767,32767,32767,4709.0,8329.0
4762.0,5659.0,16536,32767,32767,32767,32767,32767,32767,32767,32767,32767,32767,5514.0,7585.0
4762.0,5681.0,17148,32767,32767,32767,32767,32767,32767,32767,32767,32767,32767,5886.0,7521.0
4768.0,5465.0,12571,25927,30397,30931,31702,30600,32767,32767,32767,32767,32767,4560.0,7392.0
4768.0,5577.0,15484,30315,32767,32767,32767,32332,32767,32767,32767,32767,32767,4901.0,7114.0
4768.0,4551.0,12878,28320,32767,32767,32767,32767,32767,32767,32767,32767,32767,4467.0,8568.0
4768.0,4841.0,13184,28719,32767,32767,32767,32767,32767,32767,32767,32767,32767,4622.0,8182.0
4768.0,5689.0,14717,29118,32767,32767,32767,32767,32767,32767,32767,32767,32767,4932.0,7054.0
4768.0,5689.0,13491,29916,32767,32767,32767,32767,32767,32767,32767,32767,32767,4932.0,7137.0
4768.0,4885.0,13184,29916,32767,32767,32767,32767,32767,32767,32767,32767,32767,4622.0,8123.0
4768.0,5265.0,13797,30315,32767,32767,32767,32767,32767,32767,32767,32767,32767,4932.0,7642.0
4768.0,4707.0,14257,30714,32767,32767,32767,32767,32767,32767,32767,32767,32767,4808.0,8311.0
4768.0,5644.0,14564,31910,32767,32767,32767,32767,32767,32767,32767,32767,32767,5335.0,7173.0
4768.0,5622.0,14871,31910,32767,32767,32767,32767,32767,32767,32767,32767,32767,5242.0,7163.0
4768.0,5421.0,15637,32309,32767,32767,32767,32767,32767,32767,32767,32767,32767,5180.0,7325.0
4768.0,4908.0,14104,32309,32767,32767,32767,32767,32767,32767,32767,32767,32767,4808.0,8059.0
4768.0,4863.0,13951,32309,32767,32767,32767,32767,32767,32767,32767,32767,32767,4529.0,8081.0
4768.0,5042.0,15177,32309,32767,32767,32767,32767,32767,32767,32767,32767,32767,5242.0,7849.0
4768.0,5309.0,17477,32767,32767,32767,32767,32767,32767,32767,32767,32767,32767,5366.0,7265.0
4768.0,5689.0,18856,32767,32767,32767,32767,32767,32767,32767,32767,32767,32767,6204.0,6704.0
4768.0,5689.0,25602,32767,32767,32767,32767,32767,32767,32767,32767,32767,32767,7910.0,5554.0
4768.0,5689.0,16250,32767,32767,32767,32767,32767,32767,32767,32767,32767,32767,5366.0,6965.0
4768.0,5689.0,24682,32767,32767,32767,32767,32767,32767,32767,32767,32767,32767,7289.0,5740.0
4768.0,5689.0,22842,32767,32767,32767,32767,32767,32767,32767,32767,32767,32767,6886.0,6079.0
4768.0,5242.0,15944,32767,32767,32767,32767,32767,32767,32767,32767,32767,32767,5087.0,7498.0
4768.0,5689.0,21616,32767,32767,32767,32767,32767,32767,32767,32767,32767,32767,6297.0,6273.0
4768.0,5689.0,19316,32767,32767,32767,32767,32767,32767,32767,32767,32767,32767,5490.0,6579.0
4768.0,5689.0,21463,32767,32767,32767,32767,32767,32767,32767,32767,32767,32767,5925.0,6275.0
4768.0,5689.0,26675,32767,32767,32767,32767,32767,32767,32767,32767,32767,32767,7910.0,5337.0
4768.0,5666.0,16557,32767,32767,32767,32767,32767,32767,32767,32767,32767,32767,5087.0,6922.0
4768.0,5689.0,25449,32767,32767,32767,32767,32767,32767,32767,32767,32767,32767,7258.0,5590.0
4768.0,5689.0,23302,32767,32767,32767,32767,32767,32767,32767,32767,32767,32767,7631.0,5999.0
4768.0,5689.0,18856,32767,32767,32767,32767,32767,32767,32767,32767,32767,32767,5925.0,6686.0
4768.0,4885.0,16250,32767,32767,32767,32767,32767,32767,32767,32767,32767,32767,4994.0,7895.0
4768.0,5689.0,19470,32767,32767,32767,32767,32767,32767,32767,32767,32767,32767,5863.0,6590.0
4768.0,5689.0,26062,32767,32767,32767,32767,32767,32767,32767,32767,32767,32767,7910.0,5462.0
4768.0,5689.0,26522,32767,32767,32767,32767,32767,32767,32767,32767,32767,32767,7910.0,5369.0
4768.0,5689.0,20696,32767,32767,32767,32767,32767,32767,32767,32767,32767,32767,6948.0,6450.0
4768.0,5689.0,24529,32767,32767,32767,32767,32767,32767,32767,32767,32767,32767,7910.0,5763.0
4768.0,5689.0,25295,32767,32767,32767,32767,32767,32767,32767,32767,32767,32767,7445.0,5620.0
4768.0,5689.0,19623,32767,32767,32767,32767,32767,32767,32767,32767,32767,32767,5987.0,6577.0
4768.0,5689.0,21616,32767,32767,32767,32767,32767,32767,32767,32767,32767,32767,7134.0,6299.0
4768.0,5689.0,20083,32767,32767,32767,32767,32767,32767,32767,32767,32767,32767,6390.0,6530.0
4768.0,5689.0,19010,32767,32767,32767,32767,32767,32767,32767,32767,32767,32767,5583.0,6634.0
4768.0,5689.0,23456,32767,32767,32767,32767,32767,32767,32767,32767,32767,32767,7103.0,5970.0
4768.0,5689.0,17630,32767,32767,32767,32767,32767,32767,32767,32767,32767,32767,5583.0,6824.0
4768.0,5689.0,24989,32767,32767,32767,32767,32767,32767,32767,32767,32767,32767,7507.0,5680.0
4768.0,5689.0,26368,32767,32767,32767,32767,32767,32767,32767,32767,32767,32767,7910.0,5400.0
4768.0,5689.0,24069,32767,32767,32767,32767,32767,32767,32767,32767,32767,32767,7910.0,5851.0
4768.0,5689.0,23149,32767,32767,32767,32767,32767,32767,32767,32767,32767,32767,6855.0,6022.0
4768.0,5689.0,22842,32767,32767,32767,32767,32767,32767,32767,32767,32767,32767,7507.0,6084.0
4768.0,5689.0,23916,32767,32767,32767,32767,32767,32767,32767,32767,32767,32767,7382.0,5886.0
4768.0,5354.0,14564,32767,32767,32767,32767,32767,32767,32767,32767,32767,32767,4777.0,7449.0
4768.0,5689.0,19930,32767,32767,32767,32767,32767,32767,32767,32767,32767,32767,6638.0,6564.0
4768.0,5689.0,22229,32767,32767,32767,32767,32767,32767,32767,32767,32767,32767,7258.0,6193.0
4768.0,5689.0,19623,32767,32767,32767,32767,32767,32767,32767,32767,32767,32767,6266.0,6594.0
4768.0,5689.0,23609,32767,32767,32767,32767,32767,32767,32767,32767,32767,32767,7507.0,5943.0
4768.0,5689.0,19776,32767,32767,32767,32767,32767,32767,32767,32767,32767,32767,5490.0,6509.0
4768.0,5689.0,16557,32767,32767,32767,32767,32767,32767,32767,32767,32767,32767,5149.0,6904.0
4768.0,5689.0,24069,32767,32767,32767,32767,32767,32767,32767,32767,32767,32767,7289.0,5857.0
4768.0,5689.0,18703,32767,32767,32767,32767,32767,32767,32767,32767,32767,32767,6173.0,6725.0
4768.0,5465.0,17170,32767,32767,32767,32767,32767,32767,32767,32767,32767,32767,5118.0,7088.0
4768.0,5689.0,18856,32767,32767,32767,32767,32767,32767,32767,32767,32767,32767,5676.0,6665.0
4768.0,4796.0,15790,32767,32767,32767,32767,32767,32767,32767,32767,32767,32767,4932.0,8055.0
4768.0,4752.0,16097,32767,32767,32767,32767,32767,32767,32767,32767,32767,32767,4684.0,8036.0
4768.0,5689.0,20849,32767,32767,32767,32767,32767,32767,32767,32767,32767,32767,6390.0,6406.0
4768.0,5689.0,23302,32767,32767,32767,32767,32767,32767,32767,32767,32767,32767,7041.0,5998.0
4768.0,5689.0,24989,32767,32767,32767,32767,32767,32767,32767,32767,32767,32767,7910.0,5674.0
4768.0,5689.0,20083,32767,32767,32767,32767,32767,32767,32767,32767,32767,32767,6173.0,6518.0
4768.0,5689.0,22842,32767,32767,32767,32767,32767,32767,32767,32767,32767,32767,7538.0,6084.0
4768.0,5689.0,22842,32767,32767,32767,32767,32767,32767,32767,32767,32767,32767,7041.0,6082.0
4768.0,5689.0,20236,32767,32767,32767,32767,32767,32767,32767,32767,32767,32767,6173.0,6493.0
4768.0,5689.0,20696,32767,32767,32767,32767,32767,32767,32767,32767,32767,32767,5925.0,6402.0
4768.0,5198.0,17170,32767,32767,32767,32767,32767,32767,32767,32767,32767,32767,5459.0,7449.0
4768.0,5198.0,18090,32767,32767,32767,32767,32767,32767,32767,32767,32767,32767,5366.0,7314.0
4768.0,5689.0,17630,32767,32767,32767,32767,32767,32767,32767,32767,32767,32767,5645.0,6830.0
4768.0,5689.0,18856,32767,32767,32767,32767,32767,32767,32767,32767,32767,32767,5645.0,6662.0
4768.0,5689.0,25142,32767,32767,32767,32767,32767,32767,32767,32767,32767,32767,7817.0,5646.0
4768.0,5689.0,24529,32767,32767,32767,32767,32767,32767,32767,32767,32767,32767,6917.0,5765.0
4768.0,5153.0,18703,32767,32767,32767,32767,32767,32767,32767,32767,32767,32767,5428.0,7285.0
4768.0,5689.0,21003,32767,32767,32767,32767,32767,32767,32767,32767,32767,32767,6297.0,6376.0
4768.0,5689.0,16864,32767,32767,32767,32767,32767,32767,32767,32767,32767,32767,5801.0,6938.0
4768.0,5376.0,17323,32767,32767,32767,32767,32767,32767,32767,32767,32767,32767,5118.0,7175.0
4768.0,5689.0,15484,32767,32767,32767,32767,32767,32767,32767,32767,32767,32767,5304.0,7036.0
4768.0,5689.0,26675,32767,32767,32767,32767,32767,32767,32767,32767,32767,32767,7910.0,5337.0
4768.0,5689.0,21616,32767,32767,32767,32767,32767,32767,32767,32767,32767,32767,7072.0,6298.0
4768.0,5689.0,20543,32767,32767,32767,32767,32767,32767,32767,32767,32767,32767,7103.0,6477.0
4768.0,4819.0,18090,32767,32767,32767,32767,32767,32767,32767,32767,32767,32767,5211.0,7759.0
4768.0,5689.0,17937,32767,32767,32767,32767,32767,32767,32767,32767,32767,32767,6018.0,6820.0
4768.0,5689.0,22996,32767,32767,32767,32767,32767,32767,32767,32767,32767,32767,7258.0,6056.0
4768.0,5689.0,21156,32767,32767,32767,32767,32767,32767,32767,32767,32767,32767,6235.0,6347.0
4768.0,5689.0,21156,32767,32767,32767,32767,32767,32767,32767,32767,32767,32767,6638.0,6366.0
4768.0,5689.0,20236,32767,32767,32767,32767,32767,32767,32767,32767,32767,32767,5925.0,6476.0
4768.0,5689.0,22842,32767,32767,32767,32767,32767,32767,32767,32767,32767,32767,6917.0,6080.0
4768.0,5689.0,20236,32767,32767,32767,32767,32767,32767,32767,32767,32767,32767,6235.0,6497.0
4768.0,5689.0,27135,32767,32767,32767,32767,32767,32767,32767,32767,32767,32767,7910.0,5243.0
4768.0,5689.0,17937,32767,32767,32767,32767,32767,32767,32767,32767,32767,32767,5769.0,6801.0
4768.0,5689.0,24375,32767,32767,32767,32767,32767,32767,32767,32767,32767,32767,7413.0,5799.0
4768.0,5689.0,19776,32767,32767,32767,32767,32767,32767,32767,32767,32767,32767,6142.0,6563.0
4768.0,5689.0,19623,32767,32767,32767,32767,32767,32767,32767,32767,32767,32767,5490.0,6533.0
4768.0,5689.0,16710,32767,32767,32767,32767,32767,32767,32767,32767,32767,32767,5366.0,6913.0
4768.0,5689.0,20083,32767,32767,32767,32767,32767,32767,32767,32767,32767,32767,6204.0,6520.0
4768.0,5332.0,19316,32767,32767,32767,32767,32767,32767,32767,32767,32767,32767,5583.0,6997.0
4768.0,5689.0,19623,32767,32767,32767,32767,32767,32767,32767,32767,32767,32767,6638.0,6611.0
4768.0,5689.0,21616,32767,32767,32767,32767,32767,32767,32767,32767,32767,32767,6421.0,6279.0
4768.0,5689.0,19010,32767,32767,32767,32767,32767,32767,32767,32767,32767,32767,6111.0,6677.0
4768.0,5689.0,18856,32767,32767,32767,32767,32767,32767,32767,32767,32767,32767,5987.0,6690.0
4768.0,5644.0,15637,32767,32767,32767,32767,32767,32767,32767,32767,32767,32767,5211.0,7062.0
4768.0,5689.0,24989,32767,32767,32767,32767,32767,32767,32767,32767,32767,32767,7445.0,5680.0
4768.0,5689.0,19930,32767,32767,32767,32767,32767,32767,32767,32767,32767,32767,5894.0,6522.0
4768.0,5689.0,21156,32767,32767,32767,32767,32767,32767,32767,32767,32767,32767,6173.0,6343.0
4768.0,5689.0,24069,32767,32767,32767,32767,32767,32767,32767,32767,32767,32767,6731.0,5848.0
4768.0,5689.0,19316,32767,32767,32767,32767,32767,32767,32767,32767,32767,32767,5769.0,6606.0
4768.0,5689.0,18856,32767,32767,32767,32767,32767,32767,32767,32767,32767,32767,6638.0,6725.0
4768.0,5287.0,17170,32767,32767,32767,32767,32767,32767,32767,32767,32767,32767,5335.0,7328.0
4768.0,5689.0,22842,32767,32767,32767,32767,32767,32767,32767,32767,32767,32767,7258.0,6084.0
4768.0,5689.0,22383,32767,32767,32767,32767,32767,32767,32767,32767,32767,32767,7413.0,6167.0
4768.0,5689.0,20083,32767,32767,32767,32767,32767,32767,32767,32767,32767,32767,6700.0,6542.0
4768.0,5622.0,15944,32767,32767,32767,32767,32767,32767,32767,32767,32767,32767,5242.0,7061.0
4768.0,5689.0,24989,32767,32767,32767,32767,32767,32767,32767,32767,32767,32767,7289.0,5680.0
4768.0,5689.0,19623,32767,32767,32767,32767,32767,32767,32767,32767,32767,32767,5925.0,6572.0
4768.0,5689.0,21463,32767,32767,32767,32767,32767,32767,32767,32767,32767,32767,6173.0,6292.0
4768.0,5689.0,19163,32767,32767,32767,32767,32767,32767,32767,32767,32767,32767,6700.0,6682.0
4768.0,5689.0,28361,32767,32767,32767,32767,32767,32767,32767,32767,32767,32767,7910.0,4986.0
4768.0,5689.0,22383,32767,32767,32767,32767,32767,32767,32767,32767,32767,32767,7569.0,6166.0
4768.0,5689.0,20236,32767,32767,32767,32767,32767,32767,32767,32767,32767,32767,6483.0,6510.0
4768.0,5689.0,19470,32767,32767,32767,32767,32767,32767,32767,32767,32767,32767,6111.0,6608.0
4768.0,5689.0,16864,32767,32767,32767,32767,32767,32767,32767,32767,32767,32767,5304.0,6888.0
4768.0,5689.0,18090,32767,32767,32767,32767,32767,32767,32767,32767,32767,32767,5521.0,6757.0
4768.0,5689.0,16557,32767,32767,32767,32767,32767,32767,32767,32767,32767,32767,5707.0,6965.0
4768.0,5622.0,15790,32767,32767,32767,32767,32767,32767,32767,32767,32767,32767,5335.0,7088.0
4768.0,5689.0,21156,32767,32767,32767,32767,32767,32767,32767,32767,32767,32767,6328.0,6352.0
4768.0,5064.0,18243,32767,32767,32767,32767,32767,32767,32767,32767,32767,32767,5180.0,7431.0
4768.0,5689.0,20083,32767,32767,32767,32767,32767,32767,32767,32767,32767,32767,6545.0,6536.0
4774.0,5004.0,13662,26361,30437,31434,32767,31797,32767,32767,32767,32767,32767,4628.0,9035.0
4774.0,5316.0,12741,27160,32128,32767,32767,31797,32767,32767,32767,32767,32767,4845.0,8720.0
4774.0,4713.0,14123,30355,32767,32767,32767,32767,32767,32767,32767,32767,32767,4473.0,9353.0
4774.0,5696.0,16732,31953,32767,32767,32767,32767,32767,32767,32767,32767,32767,5964.0,8056.0
4774.0,4736.0,15658,32752,32767,32767,32767,32767,32767,32767,32767,32767,32767,4814.0,9229.0
4774.0,5383.0,16886,32752,32767,32767,32767,32767,32767,32767,32767,32767,32767,5436.0,8358.0
4774.0,5696.0,18882,32767,32767,32767,32767,32767,32767,32767,32767,32767,32767,5808.0,7762.0
4774.0,5696.0,24408,32767,32767,32767,32767,32767,32767,32767,32767,32767,32767,7579.0,6882.0
4774.0,5696.0,23794,32767,32767,32767,32767,32767,32767,32767,32767,32767,32767,7113.0,6998.0
4774.0,4646.0,15658,32767,32767,32767,32767,32767,32767,32767,32767,32767,32767,4876.0,9355.0
4774.0,5696.0,23180,32767,32767,32767,32767,32767,32767,32767,32767,32767,32767,7485.0,7113.0
4774.0,5696.0,22259,32767,32767,32767,32767,32767,32767,32767,32767,32767,32767,7020.0,7276.0
4774.0,5696.0,21031,32767,32767,32767,32767,32767,32767,32767,32767,32767,32767,7020.0,7486.0
4774.0,5696.0,24868,32767,32767,32767,32767,32767,32767,32767,32767,32767,32767,7517.0,6793.0
4774.0,5696.0,24561,32767,32767,32767,32767,32767,32767,32767,32767,32767,32767,7703.0,6851.0
4774.0,5696.0,19035,32767,32767,32767,32767,32767,32767,32767,32767,32767,32767,5964.0,7752.0
4774.0,5696.0,20417,32767,32767,32767,32767,32767,32767,32767,32767,32767,32767,6492.0,7571.0
4774.0,5696.0,20724,32767,32767,32767,32767,32767,32767,32767,32767,32767,32767,6523.0,7523.0
4774.0,5696.0,18575,32767,32767,32767,32767,32767,32767,32767,32767,32767,32767,6119.0,7829.0
4774.0,5696.0,20110,32767,32767,32767,32767,32767,32767,32767,32767,32767,32767,7051.0,7636.0
4774.0,5629.0,20417,32767,32767,32767,32767,32767,32767,32767,32767,32767,32767,5404.0,7564.0
4774.0,5696.0,23794,32767,32767,32767,32767,32767,32767,32767,32767,32767,32767,7641.0,6998.0
4774.0,5696.0,19035,32767,32767,32767,32767,32767,32767,32767,32767,32767,32767,5964.0,7752.0
4774.0,5138.0,16579,32767,32767,32767,32767,32767,32767,32767,32767,32767,32767,4876.0,8620.0
4774.0,5249.0,15658,32767,32767,32767,32767,32767,32767,32767,32767,32767,32767,5311.0,8647.0
4774.0,5696.0,20417,32767,32767,32767,32767,32767,32767,32767,32767,32767,32767,5995.0,7543.0
4774.0,5696.0,25175,32767,32767,32767,32767,32767,32767,32767,32767,32767,32767,7920.0,6728.0
4774.0,5629.0,17807,32767,32767,32767,32767,32767,32767,32767,32767,32767,32767,5622.0,7971.0
4774.0,5696.0,17961,32767,32767,32767,32767,32767,32767,32767,32767,32767,32767,5870.0,7895.0
4774.0,5696.0,25175,32767,32767,32767,32767,32767,32767,32767,32767,32767,32767,7920.0,6728.0
4774.0,5696.0,21184,32767,32767,32767,32767,32767,32767,32767,32767,32767,32767,7299.0,7463.0
4774.0,5696.0,21491,32767,32767,32767,32767,32767,32767,32767,32767,32767,32767,6678.0,7400.0
4774.0,5696.0,20570,32767,32767,32767,32767,32767,32767,32767,32767,32767,32767,6181.0,7530.0
4774.0,4736.0,18114,32767,32767,32767,32767,32767,32767,32767,32767,32767,32767,5063.0,8938.0
4774.0,5696.0,24715,32767,32767,32767,32767,32767,32767,32767,32767,32767,32767,7920.0,6817.0
4774.0,5696.0,19189,32767,32767,32767,32767,32767,32767,32767,32767,32767,32767,6150.0,7742.0
4774.0,5696.0,21491,32767,32767,32767,32767,32767,32767,32767,32767,32767,32767,6554.0,7396.0
4774.0,5696.0,25329,32767,32767,32767,32767,32767,32767,32767,32767,32767,32767,7920.0,6698.0
4774.0,5696.0,19956,32767,32767,32767,32767,32767,32767,32767,32767,32767,32767,5808.0,7601.0
4774.0,5696.0,21952,32767,32767,32767,32767,32767,32767,32767,32767,32767,32767,6150.0,7296.0
4774.0,5696.0,21798,32767,32767,32767,32767,32767,32767,32767,32767,32767,32767,6460.0,7339.0
4774.0,4780.0,16118,32767,32767,32767,32767,32767,32767,32767,32767,32767,32767,4939.0,9135.0
4774.0,5584.0,17807,32767,32767,32767,32767,32767,32767,32767,32767,32767,32767,5684.0,8028.0
4774.0,5696.0,21645,32767,32767,32767,32767,32767,32767,32767,32767,32767,32767,7299.0,7385.0
4774.0,5696.0,23794,32767,32767,32767,32767,32767,32767,32767,32767,32767,32767,7641.0,6998.0
4774.0,5696.0,20263,32767,32767,32767,32767,32767,32767,32767,32767,32767,32767,6243.0,7583.0
4774.0,5696.0,19189,32767,32767,32767,32767,32767,32767,32767,32767,32767,32767,5839.0,7720.0
4774.0,5696.0,25022,32767,32767,32767,32767,32767,32767,32767,32767,32767,32767,7672.0,6762.0
4774.0,5696.0,21491,32767,32767,32767,32767,32767,32767,32767,32767,32767,32767,5684.0,7340.0
4774.0,5696.0,26096,32767,32767,32767,32767,32767,32767,32767,32767,32767,32767,7920.0,6545.0
4774.0,5696.0,21798,32767,32767,32767,32767,32767,32767,32767,32767,32767,32767,6523.0,7342.0
4774.0,5696.0,24408,32767,32767,32767,32767,32767,32767,32767,32767,32767,32767,7485.0,6882.0
4774.0,5696.0,20110,32767,32767,32767,32767,32767,32767,32767,32767,32767,32767,6057.0,7596.0
4774.0,5696.0,23794,32767,32767,32767,32767,32767,32767,32767,32767,32767,32767,7765.0,6996.0
4774.0,5696.0,23640,32767,32767,32767,32767,32767,32767,32767,32767,32767,32767,7920.0,7022.0
4774.0,5696.0,23487,32767,32767,32767,32767,32767,32767,32767,32767,32767,32767,7144.0,7055.0
4774.0,4892.0,18728,32767,32767,32767,32767,32767,32767,32767,32767,32767,32767,5032.0,8646.0
4774.0,5696.0,25789,32767,32767,32767,32767,32767,32767,32767,32767,32767,32767,7734.0,6610.0
4774.0,5696.0,21338,32767,32767,32767,32767,32767,32767,32767,32767,32767,32767,6585.0,7423.0
4774.0,5696.0,19342,32767,32767,32767,32767,32767,32767,32767,32767,32767,32767,5715.0,7687.0
4774.0,5696.0,24715,32767,32767,32767,32767,32767,32767,32767,32767,32767,32767,7889.0,6818.0
4774.0,5696.0,18728,32767,32767,32767,32767,32767,32767,32767,32767,32767,32767,5995.0,7799.0
4774.0,5696.0,25636,32767,32767,32767,32767,32767,32767,32767,32767,32767,32767,7920.0,6637.0
4774.0,5182.0,17193,32767,32767,32767,32767,32767,32767,32767,32767,32767,32767,5125.0,8524.0
4774.0,5696.0,19803,32767,32767,32767,32767,32767,32767,32767,32767,32767,32767,6212.0,7653.0
4774.0,5696.0,21184,32767,32767,32767,32767,32767,32767,32767,32767,32767,32767,6398.0,7441.0
4774.0,5696.0,19496,32767,32767,32767,32767,32767,32767,32767,32767,32767,32767,5839.0,7674.0
4774.0,5696.0,24715,32767,32767,32767,32767,32767,32767,32767,32767,32767,32767,7920.0,6817.0
4774.0,5696.0,21952,32767,32767,32767,32767,32767,32767,32767,32767,32767,32767,6429.0,7311.0
4774.0,5696.0,20877,32767,32767,32767,32767,32767,32767,32767,32767,32767,32767,6212.0,7482.0
4774.0,5696.0,20570,32767,32767,32767,32767,32767,32767,32767,32767,32767,32767,6243.0,7534.0
4774.0,5696.0,25022,32767,32767,32767,32767,32767,32767,32767,32767,32767,32767,7330.0,6764.0
4774.0,5406.0,20417,32767,32767,32767,32767,32767,32767,32767,32767,32767,32767,5436.0,7820.0
4774.0,5696.0,26711,32767,32767,32767,32767,32767,32767,32767,32767,32767,32767,7920.0,6420.0
4774.0,5696.0,22412,32767,32767,32767,32767,32767,32767,32767,32767,32767,32767,7765.0,7248.0
4774.0,5696.0,19342,32767,32767,32767,32767,32767,32767,32767,32767,32767,32767,6709.0,7746.0
4774.0,5696.0,18575,32767,32767,32767,32767,32767,32767,32767,32767,32767,32767,6398.0,7845.0
4774.0,5696.0,20110,32767,32767,32767,32767,32767,32767,32767,32767,32767,32767,5653.0,7563.0
4774.0,4646.0,14737,32767,32767,32767,32767,32767,32767,32767,32767,32767,32767,4628.0,9414.0
4774.0,5696.0,19496,32767,32767,32767,32767,32767,32767,32767,32767,32767,32767,7579.0,7732.0
4774.0,4914.0,19342,32767,32767,32767,32767,32767,32767,32767,32767,32767,32767,5529.0,8582.0
4774.0,5696.0,19496,32767,32767,32767,32767,32767,32767,32767,32767,32767,32767,6243.0,7702.0
4774.0,5696.0,23947,32767,32767,32767,32767,32767,32767,32767,32767,32767,32767,7020.0,6967.0
4774.0,5093.0,16272,32767,32767,32767,32767,32767,32767,32767,32767,32767,32767,5249.0,8764.0
4774.0,5696.0,22105,32767,32767,32767,32767,32767,32767,32767,32767,32767,32767,7144.0,7304.0
4774.0,5696.0,19035,32767,32767,32767,32767,32767,32767,32767,32767,32767,32767,5932.0,7750.0
4774.0,5696.0,18575,32767,32767,32767,32767,32767,32767,32767,32767,32767,32767,5746.0,7801.0
4774.0,5495.0,17961,32767,32767,32767,32767,32767,32767,32767,32767,32767,32767,5373.0,8080.0
4774.0,5093.0,18421,32767,32767,32767,32767,32767,32767,32767,32767,32767,32767,5125.0,8461.0
4774.0,5696.0,21798,32767,32767,32767,32767,32767,32767,32767,32767,32767,32767,6492.0,7341.0
4774.0,5696.0,24715,32767,32767,32767,32767,32767,32767,32767,32767,32767,32767,7641.0,6822.0
4774.0,5696.0,20724,32767,32767,32767,32767,32767,32767,32767,32767,32767,32767,7144.0,7538.0
4774.0,5696.0,20263,32767,32767,32767,32767,32767,32767,32767,32767,32767,32767,6429.0,7593.0
4774.0,5696.0,20570,32767,32767,32767,32767,32767,32767,32767,32767,32767,32767,5964.0,7516.0
4774.0,5696.0,18268,32767,32767,32767,32767,32767,32767,32767,32767,32767,32767,5498.0,7820.0
4774.0,5696.0,23180,32767,32767,32767,32767,32767,32767,32767,32767,32767,32767,7051.0,7111.0
4774.0,5696.0,23794,32767,32767,32767,32767,32767,32767,32767,32767,32767,32767,7548.0,6998.0
4781.0,5704.0,14296,28797,32173,32767,32767,31841,32767,32767,32767,32767,32767,5381.0,7322.0
4781.0,4697.0,12913,27998,32173,32767,32767,32767,32767,32767,32767,32767,32767,4821.0,8622.0
4781.0,4518.0,14757,28797,32767,32767,32767,32767,32767,32767,32767,32767,32767,4479.0,8655.0
4781.0,4921.0,13066,28797,32767,32767,32767,32767,32767,32767,32767,32767,32767,5039.0,8345.0
4781.0,5078.0,13374,29197,32767,32767,32767,32767,32767,32767,32767,32767,32767,5101.0,8130.0
4781.0,5368.0,13989,30397,32767,32767,32767,32767,32767,32767,32767,32767,32767,5101.0,7719.0
4781.0,5055.0,14142,31197,32767,32767,32767,32767,32767,32767,32767,32767,32767,4914.0,8077.0
4781.0,5033.0,14757,31597,32767,32767,32767,32767,32767,32767,32767,32767,32767,5132.0,8083.0
4781.0,5704.0,17217,31597,32767,32767,32767,32767,32767,32767,32767,32767,32767,6687.0,7125.0
4781.0,5078.0,14757,31597,32767,32767,32767,32767,32767,32767,32767,32767,32767,4821.0,7981.0
4781.0,5704.0,15680,31597,32767,32767,32767,32767,32767,32767,32767,32767,32767,5381.0,7204.0
4781.0,5704.0,16448,31997,32767,32767,32767,32767,32767,32767,32767,32767,32767,6034.0,7182.0
4781.0,4653.0,15218,32397,32767,32767,32767,32767,32767,32767,32767,32767,32767,4852.0,8491.0
4781.0,5570.0,15372,32397,32767,32767,32767,32767,32767,32767,32767,32767,32767,5194.0,7370.0
4781.0,5704.0,23366,32767,32767,32767,32767,32767,32767,32767,32767,32767,32767,7371.0,6168.0
4781.0,5704.0,25979,32767,32767,32767,32767,32767,32767,32767,32767,32767,32767,7931.0,5658.0
4781.0,5704.0,15680,32767,32767,32767,32767,32767,32767,32767,32767,32767,32767,5599.0,7226.0
4781.0,5704.0,18293,32767,32767,32767,32767,32767,32767,32767,32767,32767,32767,5754.0,6930.0
4781.0,5704.0,24442,32767,32767,32767,32767,32767,32767,32767,32767,32767,32767,7496.0,5966.0
4781.0,5704.0,26594,32767,32767,32767,32767,32767,32767,32767,32767,32767,32767,7931.0,5534.0
4781.0,5704.0,22290,32767,32767,32767,32767,32767,32767,32767,32767,32767,32767,7589.0,6362.0
4781.0,5190.0,17063,32767,32767,32767,32767,32767,32767,32767,32767,32767,32767,5256.0,7646.0
4781.0,5503.0,15987,32767,32767,32767,32767,32767,32767,32767,32767,32767,32767,5443.0,7417.0
4781.0,5704.0,16909,32767,32767,32767,32767,32767,32767,32767,32767,32767,32767,5661.0,7099.0
4781.0,5704.0,18139,32767,32767,32767,32767,32767,32767,32767,32767,32767,32767,5505.0,6927.0
4781.0,5704.0,20445,32767,32767,32767,32767,32767,32767,32767,32767,32767,32767,6874.0,6668.0
4781.0,5704.0,24903,32767,32767,32767,32767,32767,32767,32767,32767,32767,32767,7714.0,5875.0
4781.0,5368.0,17985,32767,32767,32767,32767,32767,32767,32767,32767,32767,32767,5474.0,7334.0
4781.0,5704.0,20599,32767,32767,32767,32767,32767,32767,32767,32767,32767,32767,6532.0,6633.0
4781.0,5100.0,15372,32767,32767,32767,32767,32767,32767,32767,32767,32767,32767,5132.0,7938.0
4781.0,5704.0,21829,32767,32767,32767,32767,32767,32767,32767,32767,32767,32767,5972.0,6395.0
4781.0,5704.0,21521,32767,32767,32767,32767,32767,32767,32767,32767,32767,32767,7278.0,6496.0
4781.0,5704.0,25825,32767,32767,32767,32767,32767,32767,32767,32767,32767,32767,7931.0,5689.0
4781.0,5704.0,17371,32767,32767,32767,32767,32767,32767,32767,32767,32767,32767,5972.0,7068.0
4781.0,5592.0,17678,32767,32767,32767,32767,32767,32767,32767,32767,32767,32767,5225.0,7085.0
4781.0,4832.0,17678,32767,32767,32767,32767,32767,32767,32767,32767,32767,32767,5225.0,8001.0
4781.0,5704.0,18908,32767,32767,32767,32767,32767,32767,32767,32767,32767,32767,5630.0,6832.0
4781.0,5682.0,16909,32767,32767,32767,32767,32767,32767,32767,32767,32767,32767,5723.0,7130.0
4781.0,5704.0,22751,32767,32767,32767,32767,32767,32767,32767,32767,32767,32767,7651.0,6279.0
4781.0,5704.0,18139,32767,32767,32767,32767,32767,32767,32767,32767,32767,32767,5630.0,6939.0
4781.0,5704.0,17063,32767,32767,32767,32767,32767,32767,32767,32767,32767,32767,6345.0,7129.0
4781.0,5055.0,16141,32767,32767,32767,32767,32767,32767,32767,32767,32767,32767,4945.0,7883.0
4781.0,5704.0,19523,32767,32767,32767,32767,32767,32767,32767,32767,32767,32767,6998.0,6815.0
4781.0,5704.0,21367,32767,32767,32767,32767,32767,32767,32767,32767,32767,32767,7278.0,6522.0
4781.0,5324.0,16756,32767,32767,32767,32767,32767,32767,32767,32767,32767,32767,5132.0,7507.0
4781.0,5704.0,21982,32767,32767,32767,32767,32767,32767,32767,32767,32767,32767,6780.0,6408.0
4781.0,5704.0,20445,32767,32767,32767,32767,32767,32767,32767,32767,32767,32767,5941.0,6623.0
4781.0,5704.0,22751,32767,32767,32767,32767,32767,32767,32767,32767,32767,32767,7434.0,6280.0
4781.0,5704.0,20291,32767,32767,32767,32767,32767,32767,32767,32767,32767,32767,6283.0,6670.0
4781.0,5704.0,16295,32767,32767,32767,32767,32767,32767,32767,32767,32767,32767,5474.0,7150.0
4781.0,5704.0,19215,32767,32767,32767,32767,32767,32767,32767,32767,32767,32767,5692.0,6793.0
4781.0,4966.0,15987,32767,32767,32767,32767,32767,32767,32767,32767,32767,32767,5256.0,8055.0
4781.0,5704.0,18139,32767,32767,32767,32767,32767,32767,32767,32767,32767,32767,6812.0,7009.0
4781.0,5704.0,23827,32767,32767,32767,32767,32767,32767,32767,32767,32767,32767,7807.0,6079.0
4781.0,5704.0,24442,32767,32767,32767,32767,32767,32767,32767,32767,32767,32767,7465.0,5966.0
4781.0,5704.0,22751,32767,32767,32767,32767,32767,32767,32767,32767,32767,32767,7092.0,6279.0
4781.0,5704.0,19676,32767,32767,32767,32767,32767,32767,32767,32767,32767,32767,6874.0,6789.0
4781.0,5704.0,21675,32767,32767,32767,32767,32767,32767,32767,32767,32767,32767,7123.0,6468.0
4781.0,4765.0,16448,32767,32767,32767,32767,32767,32767,32767,32767,32767,32767,5039.0,8227.0
4781.0,5704.0,18754,32767,32767,32767,32767,32767,32767,32767,32767,32767,32767,6376.0,6907.0
4781.0,5704.0,22290,32767,32767,32767,32767,32767,32767,32767,32767,32767,32767,7931.0,6356.0
4781.0,5704.0,20906,32767,32767,32767,32767,32767,32767,32767,32767,32767,32767,6190.0,6565.0
4781.0,5704.0,23981,32767,32767,32767,32767,32767,32767,32767,32767,32767,32767,7278.0,6053.0
4781.0,5704.0,25979,32767,32767,32767,32767,32767,32767,32767,32767,32767,32767,7931.0,5658.0
4781.0,5704.0,23212,32767,32767,32767,32767,32767,32767,32767,32767,32767,32767,7154.0,6196.0
4781.0,5704.0,23212,32767,32767,32767,32767,32767,32767,32767,32767,32767,32767,7931.0,6190.0
4781.0,5458.0,18754,32767,32767,32767,32767,32767,32767,32767,32767,32767,32767,5319.0,7103.0
4781.0,5704.0,21675,32767,32767,32767,32767,32767,32767,32767,32767,32767,32767,7682.0,6468.0
4781.0,5704.0,18754,32767,32767,32767,32767,32767,32767,32767,32767,32767,32767,5754.0,6865.0
4781.0,4653.0,15065,32767,32767,32767,32767,32767,32767,32767,32767,32767,32767,4541.0,8454.0
4781.0,5704.0,16756,32767,32767,32767,32767,32767,32767,32767,32767,32767,32767,6345.0,7165.0
4781.0,5704.0,24903,32767,32767,32767,32767,32767,32767,32767,32767,32767,32767,7931.0,5871.0
4781.0,5704.0,22905,32767,32767,32767,32767,32767,32767,32767,32767,32767,32767,7651.0,6251.0
4781.0,5704.0,20906,32767,32767,32767,32767,32767,32767,32767,32767,32767,32767,7403.0,6599.0
4781.0,5704.0,22136,32767,32767,32767,32767,32767,32767,32767,32767,32767,32767,6749.0,6381.0
4781.0,5704.0,17524,32767,32767,32767,32767,32767,32767,32767,32767,32767,32767,6158.0,7061.0
4781.0,5704.0,18139,32767,32767,32767,32767,32767,32767,32767,32767,32767,32767,5567.0,6933.0
4781.0,5682.0,15680,32767,32767,32767,32767,32767,32767,32767,32767,32767,32767,5163.0,7204.0
4781.0,5704.0,21675,32767,32767,32767,32767,32767,32767,32767,32767,32767,32767,6967.0,6466.0
4781.0,5704.0,21675,32767,32767,32767,32767,32767,32767,32767,32767,32767,32767,7278.0,6469.0
4781.0,5704.0,17678,32767,32767,32767,32767,32767,32767,32767,32767,32767,32767,6563.0,7062.0
4781.0,5704.0,20291,32767,32767,32767,32767,32767,32767,32767,32767,32767,32767,5816.0,6638.0
4781.0,5570.0,18293,32767,32767,32767,32767,32767,32767,32767,32767,32767,32767,5381.0,7046.0
4781.0,5704.0,23366,32767,32767,32767,32767,32767,32767,32767,32767,32767,32767,7931.0,6162.0
4781.0,5547.0,17678,32767,32767,32767,32767,32767,32767,32767,32767,32767,32767,5256.0,7141.0
4781.0,5704.0,22443,32767,32767,32767,32767,32767,32767,32767,32767,32767,32767,6438.0,6315.0
4781.0,5704.0,18754,32767,32767,32767,32767,32767,32767,32767,32767,32767,32767,6718.0,6921.0
4781.0,5704.0,19215,32767,32767,32767,32767,32767,32767,32767,32767,32767,32767,5816.0,6804.0
4781.0,5704.0,22751,32767,32767,32767,32767,32767,32767,32767,32767,32767,32767,6874.0,6275.0
4781.0,5704.0,17985,32767,32767,32767,32767,32767,32767,32767,32767,32767,32767,5661.0,6963.0
4781.0,5704.0,21982,32767,32767,32767,32767,32767,32767,32767,32767,32767,32767,6469.0,6397.0
4781.0,5704.0,20291,32767,32767,32767,32767,32767,32767,32767,32767,32767,32767,7123.0,6697.0
4781.0,5704.0,21675,32767,32767,32767,32767,32767,32767,32767,32767,32767,32767,7589.0,6469.0
4781.0,5704.0,22136,32767,32767,32767,32767,32767,32767,32767,32767,32767,32767,6998.0,6386.0
4781.0,5704.0,19369,32767,32767,32767,32767,32767,32767,32767,32767,32767,32767,6190.0,6807.0
4781.0,5704.0,19062,32767,32767,32767,32767,32767,32767,32767,32767,32767,32767,6003.0,6840.0
4781.0,5704.0,21367,32767,32767,32767,32767,32767,32767,32767,32767,32767,32767,6749.0,6513.0
4781.0,5704.0,20599,32767,32767,32767,32767,32767,32767,32767,32767,32767,32767,7589.0,6648.0
4781.0,5480.0,17371,32767,32767,32767,32767,32767,32767,32767,32767,32767,32767,5443.0,7281.0
4781.0,5525.0,19215,32767,32767,32767,32767,32767,32767,32767,32767,32767,32767,5661.0,6993.0
4781.0,5704.0,18754,32767,32767,32767,32767,32767,32767,32767,32767,32767,32767,5723.0,6863.0
4781.0,5704.0,22905,32767,32767,32767,32767,32767,32767,32767,32767,32767,32767,7931.0,6246.0
4781.0,5704.0,22751,32767,32767,32767,32767,32767,32767,32767,32767,32767,32767,6532.0,6264.0
4781.0,5078.0,16448,32767,32767,32767,32767,32767,32767,32767,32767,32767,32767,5256.0,7861.0
4781.0,5704.0,21214,32767,32767,32767,32767,32767,32767,32767,32767,32767,32767,7620.0,6547.0
4781.0,5704.0,19830,32767,32767,32767,32767,32767,32767,32767,32767,32767,32767,6034.0,6727.0
4781.0,5704.0,23827,32767,32767,32767,32767,32767,32767,32767,32767,32767,32767,7620.0,6081.0
4781.0,5704.0,21521,32767,32767,32767,32767,32767,32767,32767,32767,32767,32767,6780.0,6488.0
4781.0,5704.0,24903,32767,32767,32767,32767,32767,32767,32767,32767,32767,32767,7496.0,5877.0
5491.0,5780.0,13947,27100,27711,29239,30522,24600,32767,32767,32767,32767,32767,5036.0,8709.0
5491.0,6551.0,15359,28478,32767,32429,32317,27924,32767,32767,32767,32767,32767,5537.0,7788.0
5491.0,5266.0,14829,28478,31600,32767,32767,30583,32767,32767,32767,32767,32767,4858.0,9241.0
5491.0,5497.0,15535,30316,32767,32767,32767,32578,32767,32767,32767,32767,32767,5251.0,8946.0
5491.0,5395.0,16242,32153,32767,32767,32767,32578,32767,32767,32767,32767,32767,5572.0,9030.0
5491.0,5677.0,17654,32612,32767,32767,32767,32578,32767,32767,32767,32767,32767,5501.0,8519.0
5491.0,6551.0,19596,32767,32767,32767,32767,32767,32767,32767,32767,32767,32767,5858.0,7333.0
5491.0,6551.0,28952,32767,32767,32767,32767,32767,32767,32767,32767,32767,32767,9109.0,5660.0
5491.0,6551.0,21008,32767,32767,32767,32767,32767,32767,32767,32767,32767,32767,7858.0,7178.0
5491.0,6551.0,24892,32767,32767,32767,32767,32767,32767,32767,32767,32767,32767,7537.0,6512.0
5491.0,5600.0,17477,32767,32767,32767,32767,32767,32767,32767,32767,32767,32767,5679.0,8648.0
5491.0,6551.0,20302,32767,32767,32767,32767,32767,32767,32767,32767,32767,32767,7251.0,7288.0
5491.0,5934.0,17477,32767,32767,32767,32767,32767,32767,32767,32767,32767,32767,5358.0,8234.0
5491.0,6551.0,23127,32767,32767,32767,32767,32767,32767,32767,32767,32767,32767,7108.0,6828.0
5491.0,6551.0,20832,32767,32767,32767,32767,32767,32767,32767,32767,32767,32767,6322.0,7180.0
5491.0,6551.0,21714,32767,32767,32767,32767,32767,32767,32767,32767,32767,32767,7215.0,7067.0
5491.0,6114.0,18890,32767,32767,32767,32767,32767,32767,32767,32767,32767,32767,6287.0,7926.0
5491.0,5960.0,18890,32767,32767,32767,32767,32767,32767,32767,32767,32767,32767,5787.0,8060.0
5491.0,6551.0,23656,32767,32767,32767,32767,32767,32767,32767,32767,32767,32767,7751.0,6736.0
5491.0,6551.0,24539,32767,32767,32767,32767,32767,32767,32767,32767,32767,32767,6358.0,6550.0
5491.0,5960.0,18183,32767,32767,32767,32767,32767,32767,32767,32767,32767,32767,5072.0,8079.0
5491.0,5652.0,16948,32767,32767,32767,32767,32767,32767,32767,32767,32767,32767,4929.0,8565.0
5491.0,5729.0,20655,32767,32767,32767,32767,32767,32767,32767,32767,32767,32767,5287.0,7997.0
5491.0,6551.0,20478,32767,32767,32767,32767,32767,32767,32767,32767,32767,32767,6001.0,7214.0
5491.0,6551.0,23127,32767,32767,32767,32767,32767,32767,32767,32767,32767,32767,7215.0,6829.0
5491.0,6551.0,19949,32767,32767,32767,32767,32767,32767,32767,32767,32767,32767,6858.0,7334.0
5491.0,6551.0,19419,32767,32767,32767,32767,32767,32767,32767,32767,32767,32767,6501.0,7397.0
5491.0,6551.0,20302,32767,32767,32767,32767,32767,32767,32767,32767,32767,32767,7001.0,7285.0
5491.0,6551.0,21891,32767,32767,32767,32767,32767,32767,32767,32767,32767,32767,7323.0,7039.0
5491.0,5549.0,16948,32767,32767,32767,32767,32767,32767,32767,32767,32767,32767,4929.0,8685.0
5491.0,6063.0,18537,32767,32767,32767,32767,32767,32767,32767,32767,32767,32767,5501.0,7969.0
5491.0,6551.0,23303,32767,32767,32767,32767,32767,32767,32767,32767,32767,32767,7394.0,6800.0
5491.0,6551.0,25068,32767,32767,32767,32767,32767,32767,32767,32767,32767,32767,7108.0,6476.0
5491.0,5703.0,18007,32767,32767,32767,32767,32767,32767,32767,32767,32767,32767,5429.0,8435.0
5491.0,6551.0,23833,32767,32767,32767,32767,32767,32767,32767,32767,32767,32767,6680.0,6692.0
5491.0,6551.0,20655,32767,32767,32767,32767,32767,32767,32767,32767,32767,32767,6822.0,7227.0
5491.0,6165.0,18360,32767,32767,32767,32767,32767,32767,32767,32767,32767,32767,5215.0,7848.0
5491.0,6011.0,18713,32767,32767,32767,32767,32767,32767,32767,32767,32767,32767,5501.0,8001.0
5491.0,5420.0,16242,32767,32767,32767,32767,32767,32767,32767,32767,32767,32767,4894.0,8915.0
5491.0,5266.0,17477,32767,32767,32767,32767,32767,32767,32767,32767,32767,32767,5358.0,9009.0
5491.0,6551.0,19949,32767,32767,32767,32767,32767,32767,32767,32767,32767,32767,5787.0,7276.0
5491.0,5857.0,16948,32767,32767,32767,32767,32767,32767,32767,32767,32767,32767,5322.0,8380.0
5491.0,6551.0,23833,32767,32767,32767,32767,32767,32767,32767,32767,32767,32767,7573.0,6706.0
5491.0,6551.0,26834,32767,32767,32767,32767,32767,32767,32767,32767,32767,32767,7787.0,6137.0
5491.0,5369.0,16771,32767,32767,32767,32767,32767,32767,32767,32767,32767,32767,4786.0,8897.0
5491.0,6551.0,23480,32767,32767,32767,32767,32767,32767,32767,32767,32767,32767,6751.0,6758.0
5491.0,5754.0,21361,32767,32767,32767,32767,32767,32767,32767,32767,32767,32767,5287.0,7852.0
5491.0,6551.0,16418,32767,32767,32767,32767,32767,32767,32767,32767,32767,32767,5358.0,7674.0
5491.0,6551.0,23833,32767,32767,32767,32767,32767,32767,32767,32767,32767,32767,7323.0,6705.0
5491.0,6551.0,24892,32767,32767,32767,32767,32767,32767,32767,32767,32767,32767,8144.0,6503.0
5513.0,6577.0,13826,24443,26847,27756,27040,22697,32767,32767,32767,32767,32767,6240.0,7007.0
5513.0,6577.0,14889,27671,29775,30959,29443,24699,32767,32767,32767,32767,32767,5846.0,6916.0
5513.0,6577.0,14180,25365,27823,28290,27641,25367,32767,32767,32767,32767,32767,6025.0,6975.0
5513.0,6448.0,16484,30438,32767,32767,32767,28037,32767,32767,32767,32767,32767,5846.0,6918.0
5513.0,6577.0,17016,29977,31240,32767,32767,28704,32767,32767,32767,32767,32767,6707.0,6771.0
5513.0,6577.0,17193,31822,32767,32767,32767,28704,32767,32767,32767,32767,32767,6599.0,6747.0
5513.0,5803.0,15953,29977,32767,32767,32767,29372,32767,32767,32767,32767,32767,5308.0,7643.0
5513.0,6577.0,16839,28594,32767,32767,32767,30040,32767,32767,32767,32767,32767,6061.0,6758.0
5513.0,5391.0,15066,29055,32767,30959,32767,30040,32767,32767,32767,32767,32767,5451.0,8237.0
5513.0,6577.0,16839,30438,32767,32767,32767,30707,32767,32767,32767,32767,32767,6922.0,6796.0
5513.0,5778.0,17548,32767,32767,32767,32767,32042,32767,32767,32767,32767,32767,5559.0,7517.0
5513.0,5339.0,16839,32283,32767,32767,32767,32710,32767,32767,32767,32767,32767,5595.0,8122.0
5513.0,5649.0,15953,30438,32767,32767,32767,32767,32767,32767,32767,32767,32767,5667.0,7861.0
5513.0,6397.0,17371,32767,32767,32767,32767,32767,32767,32767,32767,32767,32767,5523.0,6848.0
5513.0,6577.0,20916,32767,32767,32767,32767,32767,32767,32767,32767,32767,32767,6456.0,6240.0
5513.0,6577.0,19675,32767,32767,32767,32767,32767,32767,32767,32767,32767,32767,6742.0,6436.0
5513.0,6577.0,20384,32767,32767,32767,32767,32767,32767,32767,32767,32767,32767,6707.0,6331.0
5513.0,6577.0,22688,32767,32767,32767,32767,32767,32767,32767,32767,32767,32767,7316.0,5973.0
5513.0,5752.0,17193,32767,32767,32767,32767,32767,32767,32767,32767,32767,32767,5415.0,7576.0
5513.0,6577.0,27651,32767,32767,32767,32767,32767,32767,32767,32767,32767,32767,8751.0,5013.0
5513.0,6577.0,24815,32767,32767,32767,32767,32767,32767,32767,32767,32767,32767,7783.0,5592.0
5513.0,6577.0,18080,32767,32767,32767,32767,32767,32767,32767,32767,32767,32767,6240.0,6626.0
5513.0,5726.0,18080,32767,32767,32767,32767,32767,32767,32767,32767,32767,32767,5523.0,7503.0
5513.0,6577.0,20739,32767,32767,32767,32767,32767,32767,32767,32767,32767,32767,8500.0,6270.0
5513.0,6577.0,25879,32767,32767,32767,32767,32767,32767,32767,32767,32767,32767,9145.0,5342.0
5513.0,6577.0,23220,32767,32767,32767,32767,32767,32767,32767,32767,32767,32767,9145.0,5830.0
5513.0,6577.0,20207,32767,32767,32767,32767,32767,32767,32767,32767,32767,32767,6312.0,6340.0
5513.0,6577.0,19852,32767,32767,32767,32767,32767,32767,32767,32767,32767,32767,6133.0,6382.0
5513.0,6577.0,20916,32767,32767,32767,32767,32767,32767,32767,32767,32767,32767,7316.0,6262.0
5513.0,6061.0,16662,32767,32767,32767,32767,32767,32767,32767,32767,32767,32767,5380.0,7282.0
5513.0,6577.0,18080,32767,32767,32767,32767,32767,32767,32767,32767,32767,32767,6133.0,6620.0
5513.0,5313.0,18966,32767,32767,32767,32767,32767,32767,32767,32767,32767,32767,5953.0,7891.0
5513.0,5803.0,18966,32767,32767,32767,32767,32767,32767,32767,32767,32767,32767,6061.0,7338.0
5513.0,6577.0,20916,32767,32767,32767,32767,32767,32767,32767,32767,32767,32767,7173.0,6260.0
5513.0,6577.0,23929,32767,32767,32767,32767,32767,32767,32767,32767,32767,32767,8069.0,5749.0
5513.0,6577.0,20384,32767,32767,32767,32767,32767,32767,32767,32767,32767,32767,7675.0,6343.0
5513.0,6577.0,20030,32767,32767,32767,32767,32767,32767,32767,32767,32767,32767,7531.0,6396.0
5513.0,6577.0,21270,32767,32767,32767,32767,32767,32767,32767,32767,32767,32767,7029.0,6203.0
5513.0,6577.0,16839,32767,32767,32767,32767,32767,32767,32767,32767,32767,32767,5882.0,6745.0
5513.0,6577.0,19852,32767,32767,32767,32767,32767,32767,32767,32767,32767,32767,6384.0,6396.0
5513.0,6577.0,19498,32767,32767,32767,32767,32767,32767,32767,32767,32767,32767,5989.0,6422.0
5513.0,5543.0,18043,32767,32767,32767,32767,32767,32767,32767,32767,32767,32767,5052.0,9262.0
5513.0,6577.0,22866,32767,32767,32767,32767,32767,32767,32767,32767,32767,32767,7926.0,5939.0
5513.0,6577.0,27829,32767,32767,32767,32767,32767,32767,32767,32767,32767,32767,9074.0,4961.0
5513.0,6577.0,25524,32767,32767,32767,32767,32767,32767,32767,32767,32767,32767,8572.0,5438.0
5513.0,6577.0,21625,32767,32767,32767,32767,32767,32767,32767,32767,32767,32767,7137.0,6148.0
5513.0,5881.0,18611,32767,32767,32767,32767,32767,32767,32767,32767,32767,32767,5882.0,7288.0
5513.0,5674.0,16662,32767,32767,32767,32767,32767,32767,32767,32767,32767,32767,5559.0,7743.0
5513.0,5442.0,17725,32767,32767,32767,32767,32767,32767,32767,32767,32767,32767,5702.0,7896.0
5513.0,6422.0,18257,32767,32767,32767,32767,32767,32767,32767,32767,32767,32767,5989.0,6752.0
5513.0,6087.0,17548,32767,32767,32767,32767,32767,32767,32767,32767,32767,32767,5380.0,7150.0
5513.0,6577.0,20384,32767,32767,32767,32767,32767,32767,32767,32767,32767,32767,6922.0,6337.0
5513.0,6139.0,18966,32767,32767,32767,32767,32767,32767,32767,32767,32767,32767,5451.0,6915.0
5513.0,6577.0,18966,32767,32767,32767,32767,32767,32767,32767,32767,32767,32767,6491.0,6525.0
5513.0,6577.0,21802,32767,32767,32767,32767,32767,32767,32767,32767,32767,32767,6707.0,6109.0
5513.0,5700.0,18080,32767,32767,32767,32767,32767,32767,32767,32767,32767,32767,5236.0,7500.0
5513.0,6010.0,17193,32767,32767,32767,32767,32767,32767,32767,32767,32767,32767,5272.0,7267.0
5599.0,6680.0,14221,26229,29248,27104,26240,23050,32767,32767,32767,32767,32767,6374.0,5956.0
5599.0,5894.0,13861,26229,29743,29273,28681,25084,32767,32767,32767,32767,32767,5172.0,6767.0
5599.0,6680.0,18181,29976,32767,32767,32767,27118,32767,32767,32767,32767,32767,6702.0,5602.0
5599.0,6680.0,14221,28102,32718,28730,30512,27796,32767,32767,32767,32767,32767,6155.0,5944.0
5599.0,6208.0,15121,28571,32767,32525,32767,29152,32767,32767,32767,32767,32767,5354.0,6337.0
5599.0,6680.0,16021,30444,32767,32767,32767,29152,32767,32767,32767,32767,32767,5864.0,5790.0
5599.0,6680.0,17281,31381,32767,32767,31733,29152,32767,32767,32767,32767,32767,6884.0,5713.0
5599.0,6680.0,18721,31849,32767,32767,32767,29152,32767,32767,32767,32767,32767,6920.0,5540.0
5599.0,6680.0,16561,29507,32718,32767,32767,29830,32767,32767,32767,32767,32767,5828.0,5735.0
5599.0,6680.0,16741,30444,32767,32767,32767,31185,32767,32767,32767,32767,32767,6119.0,5738.0
5599.0,6025.0,16741,30444,32767,32767,32767,31863,32767,32767,32767,32767,32767,5281.0,6378.0
5599.0,5710.0,16201,30912,32767,32767,32767,31863,32767,32767,32767,32767,32767,5245.0,6793.0
5599.0,6680.0,18541,32318,32767,32767,32767,31863,32767,32767,32767,32767,32767,7831.0,5567.0
5599.0,6680.0,19441,32767,32767,32767,32767,31863,32767,32767,32767,32767,32767,7794.0,5447.0
5599.0,5475.0,14941,29976,32222,32767,32767,32541,32767,32767,32767,32767,32767,5026.0,7169.0
5599.0,6391.0,15661,30912,32767,32525,32767,32541,32767,32767,32767,32767,32767,5609.0,6113.0
5599.0,6234.0,16201,32318,32767,32767,32767,32541,32767,32767,32767,32767,32767,5864.0,6258.0
5599.0,6680.0,18541,32318,32767,32767,32767,32541,32767,32767,32767,32767,32767,6447.0,5547.0
5599.0,6680.0,18541,32767,32767,32767,32767,32541,32767,32767,32767,32767,32767,6702.0,5557.0
5599.0,6680.0,19801,32767,32767,32767,32767,32541,32767,32767,32767,32767,32767,6920.0,5392.0
5599.0,5789.0,15841,31849,32767,32767,32767,32767,32767,32767,32767,32767,32767,5828.0,6798.0
5599.0,6680.0,22322,32767,32767,32767,32767,32767,32767,32767,32767,32767,32767,7212.0,5006.0
5599.0,6680.0,18721,32767,32767,32767,32767,32767,32767,32767,32767,32767,32767,6192.0,5510.0
5599.0,5894.0,19261,32767,32767,32767,32767,32767,32767,32767,32767,32767,32767,5900.0,6258.0
5599.0,6680.0,24662,32767,32767,32767,32767,32767,32767,32767,32767,32767,32767,9288.0,4538.0
5599.0,6549.0,18721,32767,32767,32767,32767,32767,32767,32767,32767,32767,32767,5937.0,5630.0
5599.0,6680.0,21962,32767,32767,32767,32767,32767,32767,32767,32767,32767,32767,6920.0,5060.0
5599.0,6680.0,20522,32767,32767,32767,32767,32767,32767,32767,32767,32767,32767,6483.0,5272.0
5599.0,6680.0,25922,32767,32767,32767,32767,32767,32767,32767,32767,32767,32767,9288.0,4302.0
5599.0,6549.0,21242,32767,32767,32767,32767,32767,32767,32767,32767,32767,32767,6301.0,5286.0
5599.0,6680.0,19441,32767,32767,32767,32767,32767,32767,32767,32767,32767,32767,6338.0,5421.0
5599.0,6444.0,18721,32767,32767,32767,32767,32767,32767,32767,32767,32767,32767,6083.0,5751.0
5599.0,6680.0,22322,32767,32767,32767,32767,32767,32767,32767,32767,32767,32767,7248.0,5006.0
5599.0,6680.0,21422,32767,32767,32767,32767,32767,32767,32767,32767,32767,32767,6993.0,5149.0
5599.0,6680.0,25562,32767,32767,32767,32767,32767,32767,32767,32767,32767,32767,7867.0,4426.0
5599.0,6680.0,18181,32767,32767,32767,32767,32767,32767,32767,32767,32767,32767,6155.0,5576.0
5599.0,6680.0,19621,32767,32767,32767,32767,32767,32767,32767,32767,32767,32767,6447.0,5401.0
5599.0,6208.0,17461,32767,32767,32767,32767,32767,32767,32767,32767,32767,32767,5864.0,6149.0
5599.0,6680.0,21602,32767,32767,32767,32767,32767,32767,32767,32767,32767,32767,6593.0,5108.0
5599.0,6680.0,19981,32767,32767,32767,32767,32767,32767,32767,32767,32767,32767,7102.0,5370.0
5599.0,6156.0,17101,32767,32767,32767,32767,32767,32767,32767,32767,32767,32767,5646.0,6230.0
5599.0,6470.0,18181,32767,32767,32767,32767,32767,32767,32767,32767,32767,32767,6046.0,5790.0
5599.0,6680.0,22682,32767,32767,32767,32767,32767,32767,32767,32767,32767,32767,8559.0,4925.0
5599.0,6627.0,20882,32767,32767,32767,32767,32767,32767,32767,32767,32767,32767,6265.0,5259.0
5599.0,6680.0,20882,32767,32767,32767,32767,32767,32767,32767,32767,32767,32767,7649.0,5238.0
5599.0,6680.0,23222,32767,32767,32767,32767,32767,32767,32767,32767,32767,32767,8741.0,4825.0
5599.0,6680.0,21062,32767,32767,32767,32767,32767,32767,32767,32767,32767,32767,7248.0,5210.0
5599.0,6680.0,20522,32767,32767,32767,32767,32767,32767,32767,32767,32767,32767,7321.0,5293.0
5599.0,6680.0,19801,32767,32767,32767,32767,32767,32767,32767,32767,32767,32767,7030.0,5395.0
5599.0,6680.0,21422,32767,32767,32767,32767,32767,32767,32767,32767,32767,32767,7175.0,5152.0
5599.0,6680.0,21962,32767,32767,32767,32767,32767,32767,32767,32767,32767,32767,6556.0,5049.0
5599.0,6680.0,19981,32767,32767,32767,32767,32767,32767,32767,32767,32767,32767,8377.0,5357.0
5599.0,6680.0,19081,32767,32767,32767,32767,32767,32767,32767,32767,32767,32767,6520.0,5479.0
5599.0,6680.0,23582,32767,32767,32767,32767,32767,32767,32767,32767,32767,32767,8304.0,4778.0
5599.0,6680.0,20161,32767,32767,32767,32767,32767,32767,32767,32767,32767,32767,7503.0,5347.0
5599.0,6680.0,19801,32767,32767,32767,32767,32767,32767,32767,32767,32767,32767,6665.0,5385.0
5599.0,6234.0,17101,32767,32767,32767,32767,32767,32767,32767,32767,32767,32767,5573.0,6136.0
5599.0,6680.0,22502,32767,32767,32767,32767,32767,32767,32767,32767,32767,32767,8195.0,4967.0
5599.0,6680.0,20882,32767,32767,32767,32767,32767,32767,32767,32767,32767,32767,6738.0,5227.0
5599.0,6680.0,23222,32767,32767,32767,32767,32767,32767,32767,32767,32767,32767,7248.0,4853.0
5599.0,6680.0,23402,32767,32767,32767,32767,32767,32767,32767,32767,32767,32767,7612.0,4823.0
5599.0,6680.0,22862,32767,32767,32767,32767,32767,32767,32767,32767,32767,32767,7102.0,4913.0
5599.0,6680.0,28622,32767,32767,32767,32767,32767,32767,32767,32767,32767,32767,8996.0,3782.0
5599.0,6680.0,21062,32767,32767,32767,32767,32767,32767,32767,32767,32767,32767,7066.0,5207.0
5599.0,6680.0,20522,32767,32767,32767,32767,32767,32767,32767,32767,32767,32767,6483.0,5272.0
5599.0,5841.0,17281,32767,32767,32767,32767,32767,32767,32767,32767,32767,32767,5427.0,6539.0
5599.0,6680.0,21242,32767,32767,32767,32767,32767,32767,32767,32767,32767,32767,6702.0,5170.0
5599.0,6208.0,18541,32767,32767,32767,32767,32767,32767,32767,32767,32767,32767,5755.0,6003.0
5599.0,6680.0,19621,32767,32767,32767,32767,32767,32767,32767,32767,32767,32767,6447.0,5401.0
5599.0,5789.0,16561,32767,32767,32767,32767,32767,32767,32767,32767,32767,32767,5208.0,6658.0
5599.0,6680.0,23582,32767,32767,32767,32767,32767,32767,32767,32767,32767,32767,8268.0,4779.0
5599.0,6680.0,23402,32767,32767,32767,32767,32767,32767,32767,32767,32767,32767,7102.0,4820.0
5599.0,6680.0,19801,32767,32767,32767,32767,32767,32767,32767,32767,32767,32767,6374.0,5372.0
5599.0,6680.0,25742,32767,32767,32767,32767,32767,32767,32767,32767,32767,32767,9288.0,4336.0
5599.0,6680.0,19081,32767,32767,32767,32767,32767,32767,32767,32767,32767,32767,5864.0,5440.0
5599.0,6549.0,18181,32767,32767,32767,32767,32767,32767,32767,32767,32767,32767,5864.0,5694.0
5599.0,5632.0,17101,32767,32767,32767,32767,32767,32767,32767,32767,32767,32767,5391.0,6798.0
5599.0,6680.0,20702,32767,32767,32767,32767,32767,32767,32767,32767,32767,32767,6556.0,5248.0
5599.0,6208.0,18541,32767,32767,32767,32767,32767,32767,32767,32767,32767,32767,5755.0,6003.0
5599.0,6653.0,18001,32767,32767,32767,32767,32767,32767,32767,32767,32767,32767,5864.0,5605.0
5599.0,6680.0,20882,32767,32767,32767,32767,32767,32767,32767,32767,32767,32767,7831.0,5236.0
5599.0,6287.0,19621,32767,32767,32767,32767,32767,32767,32767,32767,32767,32767,6083.0,5793.0
5599.0,6680.0,23222,32767,32767,32767,32767,32767,32767,32767,32767,32767,32767,8086.0,4847.0
5599.0,6680.0,19441,32767,32767,32767,32767,32767,32767,32767,32767,32767,32767,6119.0,5408.0
5599.0,6680.0,19441,32767,32767,32767,32767,32767,32767,32767,32767,32767,32767,6993.0,5445.0
5599.0,6601.0,19801,32767,32767,32767,32767,32767,32767,32767,32767,32767,32767,6192.0,5443.0
5599.0,6680.0,27002,32767,32767,32767,32767,32767,32767,32767,32767,32767,32767,8887.0,4114.0
5623.0,6708.0,13016,23988,28874,26130,26351,25190,32767,32767,32767,32767,32767,6108.0,6654.0
5623.0,5471.0,15004,26340,30367,32118,31254,25871,32767,32767,32767,32767,32767,5011.0,7858.0
5623.0,6708.0,15727,27751,31861,32767,32767,29275,32767,32767,32767,32767,32767,5669.0,6462.0
5623.0,6550.0,15185,28221,32358,32767,32767,29275,32767,32767,32767,32767,32767,5523.0,6664.0
5623.0,6629.0,17354,30103,32767,32767,32767,29956,32767,32767,32767,32767,32767,5560.0,6374.0
5623.0,6708.0,17174,29162,32767,32767,32767,30637,32767,32767,32767,32767,32767,6474.0,6374.0
5623.0,6050.0,14643,29632,32767,32767,32767,30637,32767,32767,32767,32767,32767,5560.0,7269.0
5623.0,6708.0,19162,32767,32767,32767,32767,30637,32767,32767,32767,32767,32767,6547.0,6133.0
5623.0,6708.0,16089,29162,32358,32767,32767,31317,32767,32767,32767,32767,32767,5779.0,6439.0
5623.0,6155.0,15727,29632,32767,32767,32767,31317,32767,32767,32767,32767,32767,5743.0,7075.0
5623.0,5498.0,15366,30103,32767,32767,32767,31317,32767,32767,32767,32767,32767,4828.0,7765.0
5623.0,6708.0,17354,31984,32767,32767,32767,31998,32767,32767,32767,32767,32767,6547.0,6357.0
5623.0,5498.0,16631,32454,32767,32767,32767,31998,32767,32767,32767,32767,32767,5194.0,7681.0
5623.0,6708.0,16451,30103,32767,32767,32767,32679,32767,32767,32767,32767,32767,6218.0,6436.0
5623.0,6708.0,20066,32454,32767,32767,32767,32679,32767,32767,32767,32767,32767,7937.0,6021.0
5623.0,6708.0,17897,31514,32767,32767,32767,32767,32767,32767,32767,32767,32767,6767.0,6303.0
5623.0,6682.0,17174,31984,32767,32767,32767,32767,32767,32767,32767,32767,32767,5706.0,6352.0
5623.0,6550.0,15727,32454,32767,32767,32767,32767,32767,32767,32767,32767,32767,5669.0,6632.0
5623.0,5340.0,16270,32454,32767,32767,32767,32767,32767,32767,32767,32767,32767,5011.0,7888.0
5623.0,6708.0,21693,32767,32767,32767,32767,32767,32767,32767,32767,32767,32767,7169.0,5773.0
5623.0,6129.0,18620,32767,32767,32767,32767,32767,32767,32767,32767,32767,32767,5450.0,6742.0
5623.0,6708.0,20970,32767,32767,32767,32767,32767,32767,32767,32767,32767,32767,6657.0,5875.0
5623.0,6708.0,24405,32767,32767,32767,32767,32767,32767,32767,32767,32767,32767,8340.0,5295.0
5623.0,6261.0,17535,32767,32767,32767,32767,32767,32767,32767,32767,32767,32767,5340.0,6725.0
5623.0,6708.0,21151,32767,32767,32767,32767,32767,32767,32767,32767,32767,32767,6657.0,5847.0
5623.0,5708.0,17354,32767,32767,32767,32767,32767,32767,32767,32767,32767,32767,5377.0,7370.0
5623.0,6708.0,18258,32767,32767,32767,32767,32767,32767,32767,32767,32767,32767,5999.0,6220.0
5623.0,6708.0,19343,32767,32767,32767,32767,32767,32767,32767,32767,32767,32767,6547.0,6108.0
5623.0,5945.0,18258,32767,32767,32767,32767,32767,32767,32767,32767,32767,32767,5450.0,6994.0
5623.0,6708.0,24947,32767,32767,32767,32767,32767,32767,32767,32767,32767,32767,8083.0,5203.0
5623.0,6708.0,19162,32767,32767,32767,32767,32767,32767,32767,32767,32767,32767,6986.0,6147.0
5623.0,5813.0,16451,32767,32767,32767,32767,32767,32767,32767,32767,32767,32767,5267.0,7342.0
5623.0,6708.0,21151,32767,32767,32767,32767,32767,32767,32767,32767,32767,32767,6620.0,5845.0
5623.0,6182.0,20066,32767,32767,32767,32767,32767,32767,32767,32767,32767,32767,5340.0,6466.0
5623.0,6550.0,19524,32767,32767,32767,32767,32767,32767,32767,32767,32767,32767,5633.0,6187.0
5623.0,6708.0,25128,32767,32767,32767,32767,32767,32767,32767,32767,32767,32767,8925.0,5138.0
5623.0,6708.0,25489,32767,32767,32767,32767,32767,32767,32767,32767,32767,32767,8340.0,5094.0
5623.0,6208.0,20066,32767,32767,32767,32767,32767,32767,32767,32767,32767,32767,5779.0,6481.0
5623.0,6708.0,20066,32767,32767,32767,32767,32767,32767,32767,32767,32767,32767,7974.0,6020.0
5623.0,6708.0,21693,32767,32767,32767,32767,32767,32767,32767,32767,32767,32767,7206.0,5774.0
5623.0,6708.0,19885,32767,32767,32767,32767,32767,32767,32767,32767,32767,32767,6876.0,6043.0
5623.0,5892.0,16812,32767,32767,32767,32767,32767,32767,32767,32767,32767,32767,5413.0,7228.0
5623.0,6708.0,18801,32767,32767,32767,32767,32767,32767,32767,32767,32767,32767,6620.0,6184.0
5623.0,6708.0,22055,32767,32767,32767,32767,32767,32767,32767,32767,32767,32767,6950.0,5711.0
5623.0,6708.0,20608,32767,32767,32767,32767,32767,32767,32767,32767,32767,32767,6145.0,5905.0
5623.0,5998.0,18078,32767,32767,32767,32767,32767,32767,32767,32767,32767,32767,5706.0,6984.0
5623.0,6708.0,20066,32767,32767,32767,32767,32767,32767,32767,32767,32767,32767,6620.0,6009.0
5623.0,6708.0,25128,32767,32767,32767,32767,32767,32767,32767,32767,32767,32767,8193.0,5166.0
5623.0,6708.0,19162,32767,32767,32767,32767,32767,32767,32767,32767,32767,32767,6474.0,6130.0
5623.0,6076.0,20789,32767,32767,32767,32767,32767,32767,32767,32767,32767,32767,5889.0,6518.0
5623.0,6708.0,19162,32767,32767,32767,32767,32767,32767,32767,32767,32767,32767,6401.0,6126.0
5623.0,5813.0,16993,32767,32767,32767,32767,32767,32767,32767,32767,32767,32767,5560.0,7313.0
5623.0,6418.0,20608,32767,32767,32767,32767,32767,32767,32767,32767,32767,32767,5706.0,6170.0
5623.0,6076.0,16451,32767,32767,32767,32767,32767,32767,32767,32767,32767,32767,5340.0,7052.0
5623.0,5945.0,16812,32767,32767,32767,32767,32767,32767,32767,32767,32767,32767,5340.0,7160.0
5623.0,6708.0,20428,32767,32767,32767,32767,32767,32767,32767,32767,32767,32767,6876.0,5964.0
5623.0,6708.0,21331,32767,32767,32767,32767,32767,32767,32767,32767,32767,32767,7169.0,5831.0
5623.0,6708.0,23501,32767,32767,32767,32767,32767,32767,32767,32767,32767,32767,8742.0,5441.0
5623.0,6155.0,18620,32767,32767,32767,32767,32767,32767,32767,32767,32767,32767,5962.0,6759.0
5623.0,6708.0,20066,32767,32767,32767,32767,32767,32767,32767,32767,32767,32767,6694.0,6012.0
5623.0,5419.0,17354,32767,32767,32767,32767,32767,32767,32767,32767,32767,32767,4865.0,7640.0
5623.0,5840.0,18078,32767,32767,32767,32767,32767,32767,32767,32767,32767,32767,5523.0,7143.0
5623.0,6708.0,23682,32767,32767,32767,32767,32767,32767,32767,32767,32767,32767,7901.0,5435.0
5623.0,6708.0,25851,32767,32767,32767,32767,32767,32767,32767,32767,32767,32767,7827.0,5037.0
5623.0,6708.0,20428,32767,32767,32767,32767,32767,32767,32767,32767,32767,32767,6657.0,5957.0
5623.0,6708.0,23139,32767,32767,32767,32767,32767,32767,32767,32767,32767,32767,8120.0,5526.0
5623.0,6708.0,18801,32767,32767,32767,32767,32767,32767,32767,32767,32767,32767,6291.0,6169.0
5623.0,6708.0,21693,32767,32767,32767,32767,32767,32767,32767,32767,32767,32767,6950.0,5769.0
5623.0,5682.0,17716,32767,32767,32767,32767,32767,32767,32767,32767,32767,32767,5487.0,7366.0
5623.0,6708.0,22235,32767,32767,32767,32767,32767,32767,32767,32767,32767,32767,8742.0,5657.0
5668.0,5781.0,15856,31771,32767,32767,32767,32767,32767,32767,32767,32767,32767,5163.0,9216.0
5668.0,6763.0,20959,32767,32767,32767,32767,32767,32767,32767,32767,32767,32767,6306.0,7592.0
5668.0,6763.0,20230,32767,32767,32767,32767,32767,32767,32767,32767,32767,32767,5937.0,7678.0
5668.0,6763.0,22235,32767,32767,32767,32767,32767,32767,32767,32767,32767,32767,7154.0,7417.0
5668.0,5993.0,17132,32767,32767,32767,32767,32767,32767,32767,32767,32767,32767,5015.0,8815.0
5668.0,6763.0,20959,32767,32767,32767,32767,32767,32767,32767,32767,32767,32767,6674.0,7609.0
5668.0,6763.0,21323,32767,32767,32767,32767,32767,32767,32767,32767,32767,32767,6564.0,7548.0
5668.0,6763.0,27155,32767,32767,32767,32767,32767,32767,32767,32767,32767,32767,8371.0,6506.0
5668.0,5834.0,20959,32767,32767,32767,32767,32767,32767,32767,32767,32767,32767,5273.0,8479.0
5668.0,6763.0,27155,32767,32767,32767,32767,32767,32767,32767,32767,32767,32767,8481.0,6502.0
5668.0,6763.0,19319,32767,32767,32767,32767,32767,32767,32767,32767,32767,32767,6343.0,7833.0
5668.0,6683.0,19865,32767,32767,32767,32767,32767,32767,32767,32767,32767,32767,5568.0,7781.0
5668.0,6763.0,22417,32767,32767,32767,32767,32767,32767,32767,32767,32767,32767,6527.0,7369.0
5668.0,6763.0,20412,32767,32767,32767,32767,32767,32767,32767,32767,32767,32767,6490.0,7684.0
5668.0,5967.0,18225,32767,32767,32767,32767,32767,32767,32767,32767,32767,32767,5605.0,8776.0
5668.0,5675.0,16585,32767,32767,32767,32767,32767,32767,32767,32767,32767,32767,4941.0,9231.0
5668.0,6763.0,22781,32767,32767,32767,32767,32767,32767,32767,32767,32767,32767,7117.0,7325.0
5668.0,6630.0,20594,32767,32767,32767,32767,32767,32767,32767,32767,32767,32767,5900.0,7757.0
5668.0,6153.0,21870,32767,32767,32767,32767,32767,32767,32767,32767,32767,32767,5605.0,8022.0
5668.0,6418.0,20230,32767,32767,32767,32767,32767,32767,32767,32767,32767,32767,5789.0,8022.0
5668.0,5596.0,16403,32767,32767,32767,32767,32767,32767,32767,32767,32767,32767,4978.0,9350.0
5668.0,6763.0,21870,32767,32767,32767,32767,32767,32767,32767,32767,32767,32767,5826.0,7416.0
5668.0,6763.0,19683,32767,32767,32767,32767,32767,32767,32767,32767,32767,32767,6158.0,7772.0
5716.0,6819.0,27015,32767,32767,32767,32767,32767,32767,32767,32767,32767,32767,7846.0,6778.0
5716.0,6819.0,22421,32767,32767,32767,32767,32767,32767,32767,32767,32767,32767,5949.0,7565.0
5716.0,6766.0,23707,32767,32767,32767,32767,32767,32767,32767,32767,32767,32767,5801.0,7386.0
5716.0,5803.0,18929,32767,32767,32767,32767,32767,32767,32767,32767,32767,32767,5466.0,9134.0
5716.0,6819.0,25545,32767,32767,32767,32767,32767,32767,32767,32767,32767,32767,6544.0,7044.0
5716.0,6498.0,19480,32767,32767,32767,32767,32767,32767,32767,32767,32767,32767,5689.0,8325.0
5716.0,6819.0,22237,32767,32767,32767,32767,32767,32767,32767,32767,32767,32767,6805.0,7639.0
5716.0,6097.0,20767,32767,32767,32767,32767,32767,32767,32767,32767,32767,32767,5615.0,8549.0
5716.0,6819.0,23340,32767,32767,32767,32767,32767,32767,32767,32767,32767,32767,6507.0,7442.0
5716.0,6819.0,22237,32767,32767,32767,32767,32767,32767,32767,32767,32767,32767,6619.0,7633.0
5716.0,6418.0,19297,32767,32767,32767,32767,32767,32767,32767,32767,32767,32767,5503.0,8418.0
5716.0,6819.0,22237,32767,32767,32767,32767,32767,32767,32767,32767,32767,32767,6433.0,7625.0
5716.0,6284.0,23340,32767,32767,32767,32767,32767,32767,32767,32767,32767,32767,5355.0,7891.0
5716.0,6819.0,22605,32767,32767,32767,32767,32767,32767,32767,32767,32767,32767,6693.0,7574.0
5716.0,6204.0,21134,32767,32767,32767,32767,32767,32767,32767,32767,32767,32767,5429.0,8358.0
5716.0,5750.0,17275,32767,32767,32767,32767,32767,32767,32767,32767,32767,32767,5057.0,9366.0
5716.0,6819.0,21869,32767,32767,32767,32767,32767,32767,32767,32767,32767,32767,6321.0,7679.0
5716.0,6819.0,24994,32767,32767,32767,32767,32767,32767,32767,32767,32767,32767,6916.0,7159.0
5716.0,6044.0,19297,32767,32767,32767,32767,32767,32767,32767,32767,32767,32767,5206.0,8786.0
5716.0,6819.0,21686,32767,32767,32767,32767,32767,32767,32767,32767,32767,32767,6173.0,7700.0
5716.0,5696.0,18378,32767,32767,32767,32767,32767,32767,32767,32767,32767,32767,5020.0,9278.0
5716.0,5856.0,17275,32767,32767,32767,32767,32767,32767,32767,32767,32767,32767,5243.0,9268.0
5716.0,6819.0,22421,32767,32767,32767,32767,32767,32767,32767,32767,32767,32767,6247.0,7585.0
