B01,B02,B04,B05,B06,B07,B08,B09,B10,B11,B12,B13,B14,B3N,quality
2671.0,2167.0,2803,6381,6753,8440,8907,9236,32767,32767,32767,32767,32767,1063.0,14252.0
2735.0,2192.0,2452,6836,6271,7912,7126,9236,32767,32767,32767,32767,32767,1028.0,13712.0
2692.0,2192.0,2627,6836,6753,7912,7720,9236,32767,32767,32767,32767,32767,1134.0,14087.0
3974.0,4435.0,19093,32767,31837,17935,32767,9236,32767,32767,32767,32767,32767,3792.0,12639.0
2756.0,2218.0,2452,6381,7236,8440,8313,9895,32767,32767,32767,32767,32767,1099.0,13738.0
2713.0,2218.0,2627,6836,6753,7912,7720,9895,32767,32767,32767,32767,32767,1099.0,13958.0
2713.0,2218.0,2452,6836,6271,7912,7126,9895,32767,32767,32767,32767,32767,1063.0,13699.0
2607.0,2090.0,2803,6836,6753,7385,8313,10555,32767,32767,32767,32767,32767,1063.0,14493.0
2671.0,2192.0,2627,6836,6753,8440,8313,10555,32767,32767,32767,32767,32767,1063.0,13991.0
2735.0,2243.0,2803,7748,8200,8440,7720,11215,32767,32767,32767,32767,32767,1063.0,14019.0
2671.0,2192.0,3153,8204,8200,10022,10095,11215,32767,32767,32767,32767,32767,1170.0,14663.0
2607.0,2167.0,3503,9115,9648,9495,8907,11215,32767,32767,32767,32767,32767,1099.0,14931.0
2649.0,2141.0,2803,7292,7236,9495,8313,11874,32767,32767,32767,32767,32767,1099.0,14384.0
2628.0,2090.0,2978,7748,6753,9495,10095,11874,32767,32767,32767,32767,32767,1063.0,14658.0
2607.0,2116.0,3328,9115,9648,8967,9501,11874,32767,32767,32767,32767,32767,1170.0,15045.0
2414.0,1937.0,3328,7748,7718,10022,9501,12534,32767,32767,32767,32767,32767,1028.0,15422.0
2564.0,2039.0,3328,7748,7718,9495,9501,12534,32767,32767,32767,32767,32767,1063.0,15126.0
2649.0,2141.0,3503,9115,10130,9495,10095,12534,32767,32767,32767,32767,32767,1170.0,15092.0
2607.0,2116.0,3503,9571,8683,11077,10689,12534,32767,32767,32767,32767,32767,1170.0,15177.0
2649.0,2167.0,3503,10482,10130,10550,10689,12534,32767,32767,32767,32767,32767,1240.0,15115.0
2649.0,2141.0,3153,8659,6753,9495,8907,13194,32767,32767,32767,32767,32767,1170.0,14815.0
2735.0,2243.0,3328,8659,8200,10550,9501,13194,32767,32767,32767,32767,32767,1134.0,14599.0
2607.0,2116.0,3503,9571,10130,10022,10689,13194,32767,32767,32767,32767,32767,1240.0,15273.0
2542.0,2039.0,4204,10482,10612,11605,11282,13194,32767,32767,32767,32767,32767,1240.0,15935.0
2884.0,2370.0,4029,10938,11577,12660,12470,13194,32767,32767,32767,32767,32767,1240.0,14838.0
2179.0,1759.0,3328,8204,8200,10550,10689,13854,32767,32767,32767,32767,32767,1134.0,16231.0
2649.0,2269.0,3854,10027,10130,10550,10689,13854,32767,32767,32767,32767,32767,1240.0,15069.0
2372.0,1988.0,4029,10938,10130,12132,12470,15173,32767,32767,32767,32767,32767,1170.0,15945.0
3034.0,2574.0,4204,10938,12542,11605,12470,15173,32767,32767,32767,32767,32767,1418.0,14596.0
3012.0,2625.0,7007,16407,17848,19517,18408,19791,32767,32767,32767,32767,32767,1808.0,15735.0
2713.0,2676.0,11911,22788,25566,26374,24940,20450,32767,32767,32767,32767,32767,2764.0,16327.0
2628.0,2320.0,6656,17319,18813,19517,21377,21110,32767,32767,32767,32767,32767,1524.0,16229.0
3149.0,2882.0,9018,17942,18990,20766,20380,21309,32767,32767,32767,32767,32767,2826.0,14762.0
4098.0,3937.0,9725,21623,23373,21831,22178,21309,32767,32767,32767,32767,32767,3184.0,12784.0
2350.0,2651.0,14714,25978,29907,29539,27909,21770,32767,32767,32767,32767,32767,2835.0,16154.0
2393.0,2727.0,13838,24611,27013,27957,26722,22430,32767,32767,32767,32767,32767,3083.0,16238.0
2301.0,2438.0,14459,28445,32534,30267,28693,22579,32767,32767,32767,32767,32767,2426.0,15190.0
2457.0,2549.0,13488,24155,26531,28484,27909,23089,32767,32767,32767,32767,32767,3048.0,16586.0
2414.0,2753.0,14188,25067,27495,29539,28503,23089,32767,32767,32767,32767,32767,2835.0,16029.0
2933.0,2753.0,8841,18403,18990,22896,22178,23307,32767,32767,32767,32767,32767,2969.0,15144.0
2890.0,2727.0,9548,20703,21912,23961,24576,23307,32767,32767,32767,32767,32767,3113.0,15271.0
2696.0,2650.0,10256,21623,22886,24494,23977,23307,32767,32767,32767,32767,32767,2433.0,15127.0
2847.0,2779.0,12731,23003,25807,26623,26974,23307,32767,32767,32767,32767,32767,3613.0,15138.0
3364.0,3361.0,11998,21433,25643,27502,25497,23605,32767,32767,32767,32767,32767,3116.0,15258.0
2436.0,2549.0,13838,25978,29425,30594,29097,23749,32767,32767,32767,32767,32767,2835.0,16450.0
2243.0,2345.0,15239,27346,30872,31122,29691,23749,32767,32767,32767,32767,32767,2623.0,16568.0
2517.0,2770.0,15123,26849,30377,31610,30156,24121,32767,32767,32767,32767,32767,3096.0,15543.0
3076.0,3002.0,8993,19728,22337,24426,25106,24571,32767,32767,32767,32767,32767,2854.0,14559.0
2301.0,2412.0,14636,28445,32049,31860,30486,24571,32767,32767,32767,32767,32767,2497.0,15254.0
2473.0,2771.0,15341,28904,32534,30798,29888,24571,32767,32767,32767,32767,32767,2640.0,14508.0
2473.0,2771.0,15341,30280,32767,32767,32279,24571,32767,32767,32767,32767,32767,2747.0,14563.0
3062.0,3654.0,13262,24383,24347,29286,28772,24639,32767,32767,32767,32767,32767,3470.0,13493.0
2517.0,2796.0,14945,27775,30377,31074,28950,24791,32767,32767,32767,32767,32767,2844.0,15415.0
2649.0,2498.0,10335,20509,24119,26374,26722,25068,32767,32767,32767,32767,32767,2339.0,16591.0
2777.0,2906.0,13313,25523,29907,30067,28503,25068,32767,32767,32767,32767,32767,3296.0,15956.0
2602.0,3053.0,17457,32767,32767,32767,32767,25235,32767,32767,32767,32767,32767,2819.0,13729.0
2394.0,2599.0,12377,25303,27268,30351,28772,25305,32767,32767,32767,32767,32767,2719.0,15297.0
2409.0,2589.0,13877,25460,27927,28931,27744,25462,32767,32767,32767,32767,32767,2700.0,15910.0
2235.0,2459.0,15834,29626,32336,32767,32569,25462,32767,32767,32767,32767,32767,2952.0,16007.0
2564.0,2625.0,13838,25067,28943,31122,30284,25728,32767,32767,32767,32767,32767,2942.0,16318.0
2585.0,2702.0,15415,26890,31354,32704,31472,25728,32767,32767,32767,32767,32767,3544.0,16156.0
2607.0,2676.0,14714,28257,31837,32177,31472,25728,32767,32767,32767,32767,32767,3190.0,16185.0
2329.0,2498.0,15590,29169,32767,32767,32066,25728,32767,32767,32767,32767,32767,2481.0,16115.0
2436.0,2625.0,16816,30080,32767,32767,32767,25728,32767,32767,32767,32767,32767,2906.0,15854.0
3008.0,2855.0,11521,21077,24290,23309,24409,25762,32767,32767,32767,32767,32767,3934.0,12354.0
4129.0,3874.0,12696,25234,29135,30798,29290,25899,32767,32767,32767,32767,32767,3247.0,12816.0
2602.0,2566.0,13930,27528,31078,29736,29290,25899,32767,32767,32767,32767,32767,3104.0,15273.0
2645.0,2848.0,15341,28904,32767,32391,31682,25899,32767,32767,32767,32767,32767,2961.0,14479.0
2194.0,2438.0,14636,29363,32534,32767,31084,25899,32767,32767,32767,32767,32767,2390.0,15172.0
2559.0,2720.0,16399,31657,32767,32767,32767,25899,32767,32767,32767,32767,32767,2712.0,14434.0
3494.0,3396.0,13438,25764,29216,29286,29371,25971,32767,32767,32767,32767,32767,3900.0,13890.0
3364.0,3319.0,12908,25764,29216,28221,29971,25971,32767,32767,32767,32767,32767,3578.0,14016.0
2612.0,2931.0,11978,23609,25988,25685,28300,25972,32767,32767,32767,32767,32767,3048.0,14600.0
2409.0,2667.0,13521,26849,29887,30539,30759,26132,32767,32767,32767,32767,32767,2916.0,15917.0
2257.0,2408.0,14589,28238,30866,32767,31966,26132,32767,32767,32767,32767,32767,2700.0,16191.0
2170.0,2667.0,15123,28700,31846,32767,32767,26132,32767,32767,32767,32767,32767,3204.0,15869.0
1417.0,1154.0,11432,23987,26403,25541,26252,26387,32767,32767,32767,32767,32767,1903.0,25000.0
2863.0,2753.0,12086,23700,26531,29539,29097,26388,32767,32767,32767,32767,32767,3119.0,16279.0
2842.0,2957.0,14714,26890,32319,32704,32660,26388,32767,32767,32767,32767,32767,3367.0,15688.0
3077.0,3008.0,14013,27346,30872,31649,32066,26388,32767,32767,32767,32767,32767,3332.0,15617.0
3076.0,2951.0,11462,22940,25736,26550,27497,26563,32767,32767,32767,32767,32767,3282.0,14765.0
2990.0,2874.0,11991,24316,26222,26550,28095,26563,32767,32767,32767,32767,32767,3318.0,14901.0
2602.0,2617.0,12872,25234,29135,28674,30486,26563,32767,32767,32767,32767,32767,2854.0,15209.0
2366.0,2438.0,14988,27986,32049,32391,31084,26563,32767,32767,32767,32767,32767,2854.0,15312.0
2516.0,2617.0,15165,27986,31563,31860,30486,26563,32767,32767,32767,32767,32767,2926.0,14938.0
2344.0,2489.0,14636,27986,31563,31329,30486,26563,32767,32767,32767,32767,32767,2783.0,15244.0
2581.0,2925.0,16752,31657,32767,32767,32767,26563,32767,32767,32767,32767,32767,2997.0,14149.0
2731.0,3182.0,17281,32574,32767,32767,32767,26563,32767,32767,32767,32767,32767,3068.0,13629.0
3386.0,3422.0,12908,26224,30190,31948,31170,26637,32767,32767,32767,32767,32767,2934.0,13599.0
2517.0,2563.0,12632,26386,28907,28931,28950,26802,32767,32767,32767,32767,32767,2628.0,16055.0
2365.0,2641.0,13877,27312,30377,30539,30759,26802,32767,32767,32767,32767,32767,2700.0,15826.0
2322.0,2589.0,14055,27775,31356,31610,31363,26802,32767,32767,32767,32767,32767,2736.0,15927.0
2228.0,2606.0,11998,23297,26137,29659,29139,26977,32767,32767,32767,32767,32767,2681.0,16752.0
2228.0,2762.0,14326,26558,29095,30199,30960,26977,32767,32767,32767,32767,32767,3370.0,16461.0
2799.0,3008.0,14714,26434,31354,32767,32066,27047,32767,32767,32767,32767,32767,3544.0,15672.0
3119.0,3002.0,14283,28445,32767,31329,32279,27227,32767,32767,32767,32767,32767,3354.0,14387.0
2602.0,2515.0,14107,28904,31078,31329,29888,27227,32767,32767,32767,32767,32767,3033.0,15315.0
2839.0,3336.0,17810,32767,32767,32767,32767,27227,32767,32767,32767,32767,32767,3033.0,13254.0
2588.0,2599.0,13969,27604,30190,31948,30570,27303,32767,32767,32767,32767,32767,2755.0,15055.0
2930.0,3676.0,15656,31015,32767,32767,32767,27472,32767,32767,32767,32767,32767,3564.0,14045.0
2687.0,2762.0,11103,22365,23671,26963,27318,27651,32767,32767,32767,32767,32767,2826.0,16467.0
2777.0,2931.0,14013,26890,31837,30067,32066,27707,32767,32767,32767,32767,32767,3225.0,15796.0
2991.0,2931.0,13663,27346,30390,32177,30878,27707,32767,32767,32767,32767,32767,3402.0,15844.0
3055.0,3186.0,15765,30536,32767,32767,32767,27707,32767,32767,32767,32767,32767,3651.0,15182.0
2766.0,3065.0,14401,25292,28256,31983,31732,27795,32767,32767,32767,32767,32767,3606.0,11648.0
3334.0,3310.0,14812,28445,31563,32767,31682,27892,32767,32767,32767,32767,32767,3603.0,13825.0
2624.0,2643.0,14812,28904,32767,32391,31682,27892,32767,32767,32767,32767,32767,3104.0,14992.0
2538.0,2566.0,14988,29822,32767,32767,32279,27892,32767,32767,32767,32767,32767,2854.0,15022.0
3364.0,3474.0,13085,27144,30677,31416,31170,27969,32767,32767,32767,32767,32767,3435.0,13699.0
2437.0,2522.0,14499,29444,31651,31948,31170,27969,32767,32767,32767,32767,32767,2612.0,15090.0
2265.0,2573.0,14853,29904,31651,32767,32767,27969,32767,32767,32767,32767,32767,2862.0,15113.0
2286.0,2522.0,15560,31284,32767,32767,32767,27969,32767,32767,32767,32767,32767,2647.0,14980.0
2496.0,2615.0,12098,24071,25967,30003,29553,28142,32767,32767,32767,32767,32767,2988.0,16192.0
2192.0,2537.0,13699,27312,30377,30539,30759,28142,32767,32767,32767,32767,32767,2808.0,16149.0
2300.0,2537.0,15301,28238,31846,32146,30759,28142,32767,32767,32767,32767,32767,3240.0,16051.0
2626.0,2822.0,14233,28700,31356,32146,31363,28142,32767,32767,32767,32767,32767,2916.0,15475.0
2517.0,2718.0,15123,29163,32767,32682,31966,28142,32767,32767,32767,32767,32767,2772.0,15491.0
2213.0,2589.0,15834,29163,31356,32767,32767,28142,32767,32767,32767,32767,32767,2916.0,15760.0
2517.0,2900.0,15656,30089,32767,32767,32569,28142,32767,32767,32767,32767,32767,2772.0,15090.0
2687.0,2762.0,11640,24229,26137,28581,29139,28325,32767,32767,32767,32767,32767,2717.0,16372.0
2708.0,2736.0,13073,25160,27123,30199,30353,28325,32767,32767,32767,32767,32767,3007.0,16399.0
2206.0,2449.0,14684,27024,31068,31277,31567,28325,32767,32767,32767,32767,32767,2826.0,16771.0
2272.0,2528.0,15401,27024,30082,32767,31567,28325,32767,32767,32767,32767,32767,3261.0,16668.0
2585.0,2804.0,15940,32359,32767,32767,32767,28367,32767,32767,32767,32767,32767,3048.0,15713.0
2723.0,2646.0,13501,25292,28256,29814,31122,28473,32767,32767,32767,32767,32767,3715.0,12553.0
2635.0,2724.0,13681,25292,29743,31441,31732,28473,32767,32767,32767,32767,32767,3314.0,12284.0
3798.0,3798.0,14041,27165,31230,31983,32767,28473,32767,32767,32767,32767,32767,4116.0,10363.0
2774.0,2771.0,13401,26151,30106,32391,31682,28556,32767,32767,32767,32767,32767,3461.0,15045.0
3420.0,3310.0,13578,27986,31563,31860,31682,28556,32767,32767,32767,32767,32767,3461.0,13907.0
3377.0,3387.0,12696,27986,31078,32391,32767,28556,32767,32767,32767,32767,32767,3068.0,13736.0
3183.0,3130.0,14107,30739,32767,32767,32767,28556,32767,32767,32767,32767,32767,2961.0,14019.0
3235.0,3190.0,12377,27604,30677,32481,31769,28635,32767,32767,32767,32767,32767,3256.0,14210.0
3257.0,3139.0,14322,28984,32137,32481,32767,28635,32767,32767,32767,32767,32767,3792.0,14247.0
2761.0,2727.0,15207,29904,32767,32767,32369,28635,32767,32767,32767,32767,32767,3685.0,14936.0
2496.0,2485.0,13699,27312,31356,30539,30759,28812,32767,32767,32767,32767,32767,2592.0,16052.0
2539.0,2641.0,13521,27775,30377,32146,31363,28812,32767,32767,32767,32767,32767,2880.0,15912.0
2647.0,2900.0,14055,28238,30866,32682,32767,28812,32767,32767,32767,32767,32767,2772.0,15289.0
2365.0,2874.0,15123,29163,32336,32767,32767,28812,32767,32767,32767,32767,32767,3420.0,15525.0
2279.0,2511.0,15301,29163,31356,32767,32767,28812,32767,32767,32767,32767,32767,3204.0,16092.0
2322.0,2822.0,15301,29163,30866,32767,32767,28812,32767,32767,32767,32767,32767,2844.0,15370.0
2279.0,2589.0,15834,29626,32767,32767,32767,28812,32767,32767,32767,32767,32767,2700.0,15639.0
2170.0,2744.0,15479,30089,32767,32767,32767,28812,32767,32767,32767,32767,32767,2808.0,15504.0
2365.0,2822.0,15301,30552,32767,32767,32767,28812,32767,32767,32767,32767,32767,2772.0,15323.0
2235.0,2667.0,15656,30552,32767,32767,32767,28812,32767,32767,32767,32767,32767,2772.0,15577.0
3123.0,3127.0,12714,25626,27616,29659,29746,29000,32767,32767,32767,32767,32767,3007.0,15621.0
3145.0,3101.0,13431,26092,29589,29120,30353,29000,32767,32767,32767,32767,32767,3478.0,15759.0
2424.0,2632.0,14505,27956,31068,32767,30960,29000,32767,32767,32767,32767,32767,3261.0,16576.0
2184.0,2554.0,16296,28422,31561,32767,32767,29000,32767,32767,32767,32767,32767,2826.0,16311.0
2272.0,2449.0,15759,28888,31068,32767,32174,29000,32767,32767,32767,32767,32767,3152.0,16711.0
2206.0,2371.0,15401,28888,32054,32767,32174,29000,32767,32767,32767,32767,32767,2609.0,16692.0
2053.0,2423.0,16117,29820,31561,32767,32767,29000,32767,32767,32767,32767,32767,2826.0,16620.0
2075.0,2423.0,17191,30286,32767,32767,32767,29000,32767,32767,32767,32767,32767,2754.0,16379.0
4615.0,5149.0,16466,30080,32767,32767,32767,29026,32767,32767,32767,32767,32767,4430.0,12088.0
2884.0,2855.0,15765,30536,32767,32767,32767,29026,32767,32767,32767,32767,32767,3438.0,15714.0
2481.0,2646.0,13501,24823,29247,31441,31122,29151,32767,32767,32767,32767,32767,3059.0,12400.0
2569.0,2750.0,14041,25760,30239,30899,32343,29151,32767,32767,32767,32767,32767,3424.0,12244.0
2280.0,2540.0,16046,32767,32767,32767,32767,29220,32767,32767,32767,32767,32767,2676.0,14878.0
3140.0,3387.0,17810,32767,32767,32767,32767,29220,32767,32767,32767,32767,32767,3603.0,13296.0
2545.0,2522.0,14853,28524,31164,32767,32767,29300,32767,32767,32767,32767,32767,3077.0,15221.0
2745.0,2826.0,13611,25026,27987,31150,31376,29389,32767,32767,32767,32767,32767,3452.0,14725.0
2365.0,2770.0,14233,29626,32767,32767,32767,29482,32767,32767,32767,32767,32767,2772.0,15575.0
2474.0,2615.0,14411,29626,32767,32767,31966,29482,32767,32767,32767,32767,32767,2664.0,15747.0
2279.0,2692.0,16012,30089,32767,32767,32767,29482,32767,32767,32767,32767,32767,2880.0,15510.0
2365.0,2641.0,15834,31478,32767,32767,32767,29482,32767,32767,32767,32767,32767,2952.0,15640.0
2257.0,2951.0,16902,31941,32767,32767,32767,29482,32767,32767,32767,32767,32767,2916.0,14937.0
1845.0,2408.0,17436,31941,32767,32767,32767,29482,32767,32767,32767,32767,32767,3096.0,15978.0
1975.0,2330.0,16012,32404,32767,32767,32767,29482,32767,32767,32767,32767,32767,2412.0,16017.0
2300.0,2537.0,15834,32404,32767,32767,32767,29482,32767,32767,32767,32767,32767,2664.0,15708.0
2424.0,2528.0,14147,27490,31561,32767,32767,29674,32767,32767,32767,32767,32767,2862.0,16661.0
2206.0,2554.0,15221,27956,30575,32767,32767,29674,32767,32767,32767,32767,32767,3152.0,16628.0
2075.0,2684.0,15042,27956,29589,32767,32767,29674,32767,32767,32767,32767,32767,3297.0,16512.0
2337.0,2449.0,14863,28422,31561,32767,32767,29674,32767,32767,32767,32767,32767,2790.0,16688.0
2839.0,2918.0,14505,28888,32547,32767,32174,29674,32767,32767,32767,32767,32767,3080.0,15876.0
2009.0,2371.0,16296,29820,32547,32767,32767,29674,32767,32767,32767,32767,32767,2935.0,16746.0
2665.0,2814.0,15401,29820,32767,32767,32767,29674,32767,32767,32767,32767,32767,3116.0,15988.0
2337.0,2736.0,16654,30752,32054,32767,32767,29674,32767,32767,32767,32767,32767,3515.0,16148.0
2184.0,2632.0,16833,30752,32767,32767,32767,29674,32767,32767,32767,32767,32767,3261.0,16255.0
2075.0,2423.0,17908,31218,32767,32767,32767,29674,32767,32767,32767,32767,32767,3370.0,16490.0
2876.0,2750.0,13681,24823,28256,29272,31122,29829,32767,32767,32767,32767,32767,3970.0,12359.0
4517.0,4439.0,13754,29363,32534,32767,32767,29884,32767,32767,32767,32767,32767,3996.0,12028.0
3269.0,3259.0,14988,31198,32767,32767,32767,29884,32767,32767,32767,32767,32767,3496.0,13868.0
4474.0,4465.0,14459,31198,32767,32767,32767,29884,32767,32767,32767,32767,32767,3996.0,11940.0
2624.0,2925.0,17633,32767,32767,32767,32767,29884,32767,32767,32767,32767,32767,2854.0,13917.0
2968.0,3515.0,19397,32767,32767,32767,32767,29884,32767,32767,32767,32767,32767,3140.0,12708.0
3106.0,2985.0,14499,27604,30677,32767,32767,29966,32767,32767,32767,32767,32767,4222.0,14629.0
2998.0,2933.0,14146,28984,32767,32767,32767,29966,32767,32767,32767,32767,32767,3256.0,14524.0
2459.0,2547.0,15207,30364,32767,32767,32767,29966,32767,32767,32767,32767,32767,3291.0,15222.0
3321.0,3371.0,14853,30824,32767,32767,32767,29966,32767,32767,32767,32767,32767,3148.0,13567.0
2200.0,2599.0,16621,31744,32767,32767,32767,29966,32767,32767,32767,32767,32767,2791.0,14750.0
3077.0,2878.0,12341,24554,27987,27871,30761,30073,32767,32767,32767,32767,32767,3672.0,14749.0
2496.0,2563.0,12276,24534,29397,30539,31363,30152,32767,32767,32767,32767,32767,2664.0,16121.0
2474.0,2537.0,15479,29626,32767,32767,32767,30152,32767,32767,32767,32767,32767,3024.0,15887.0
2148.0,2434.0,15123,30089,32767,32767,32767,30152,32767,32767,32767,32767,32767,2772.0,16120.0
2170.0,2356.0,15656,30089,32767,32767,32767,30152,32767,32767,32767,32767,32767,2808.0,16187.0
2387.0,2641.0,16012,30089,32767,32767,32767,30152,32767,32767,32767,32767,32767,2772.0,15520.0
2192.0,2511.0,16546,31941,32767,32767,32767,30152,32767,32767,32767,32767,32767,2556.0,15603.0
2062.0,2408.0,15656,32404,32767,32767,32767,30152,32767,32767,32767,32767,32767,2880.0,16153.0
3034.0,3237.0,18217,32767,32767,32767,32767,30346,32767,32767,32767,32767,32767,3686.0,14708.0
2424.0,2710.0,14147,27490,30082,32356,32767,30349,32767,32767,32767,32767,32767,3116.0,16431.0
2468.0,2502.0,15221,28888,31068,32767,32767,30349,32767,32767,32767,32767,32767,3406.0,16740.0
2272.0,2423.0,15221,29354,32767,32767,32767,30349,32767,32767,32767,32767,32767,2862.0,16730.0
2272.0,2476.0,16296,29354,32767,32767,32767,30349,32767,32767,32767,32767,32767,2935.0,16478.0
2293.0,2528.0,16296,29354,32767,32767,32767,30349,32767,32767,32767,32767,32767,3261.0,16506.0
2534.0,3049.0,14326,29820,31561,32767,32767,30349,32767,32767,32767,32767,32767,3080.0,15764.0
2359.0,2502.0,15401,29820,32054,32767,32767,30349,32767,32767,32767,32767,32767,3406.0,16741.0
2228.0,2502.0,17012,31218,32767,32767,32767,30349,32767,32767,32767,32767,32767,3044.0,16357.0
2119.0,2449.0,16654,31218,32767,32767,32767,30349,32767,32767,32767,32767,32767,2971.0,16520.0
2162.0,2658.0,18087,31683,32767,32767,32767,30349,32767,32767,32767,32767,32767,3333.0,16007.0
2119.0,2554.0,17549,32615,32767,32767,32767,30349,32767,32767,32767,32767,32767,3406.0,16328.0
2701.0,2593.0,13501,25760,29247,30899,32343,30507,32767,32767,32767,32767,32767,3497.0,12593.0
2753.0,2643.0,11109,26151,29621,32767,32279,30548,32767,32767,32767,32767,32767,2819.0,15277.0
3226.0,3028.0,13225,28904,32767,32767,32767,30548,32767,32767,32767,32767,32767,2890.0,14258.0
3291.0,3233.0,14283,29822,32767,32767,32767,30548,32767,32767,32767,32767,32767,3175.0,13884.0
5484.0,5825.0,14459,31657,32767,32767,32767,30548,32767,32767,32767,32767,32767,4674.0,10068.0
2588.0,2727.0,16091,29904,32767,32767,32767,30632,32767,32767,32767,32767,32767,3363.0,14739.0
2523.0,2959.0,17152,31284,32767,32767,32767,30632,32767,32767,32767,32767,32767,3506.0,14230.0
2459.0,2702.0,16975,31284,32767,32767,32767,30632,32767,32767,32767,32767,32767,3792.0,14795.0
3016.0,3107.0,12276,26386,27437,31074,30759,30822,32767,32767,32767,32767,32767,3060.0,15150.0
3646.0,3599.0,12810,26849,29397,32146,31966,30822,32767,32767,32767,32767,32767,3240.0,14173.0
2539.0,2770.0,15123,31015,32767,32767,32767,30822,32767,32767,32767,32767,32767,2592.0,15300.0
2213.0,2485.0,14589,31015,32767,32767,32767,30822,32767,32767,32767,32767,32767,2592.0,15998.0
2300.0,2718.0,16902,31478,32767,32767,32767,30822,32767,32767,32767,32767,32767,3024.0,15366.0
2300.0,2692.0,17791,32404,32767,32767,32767,30822,32767,32767,32767,32767,32767,3060.0,15261.0
1931.0,2408.0,16190,32404,32767,32767,32767,30822,32767,32767,32767,32767,32767,2628.0,15972.0
2213.0,2692.0,17969,32767,32767,32767,32767,30822,32767,32767,32767,32767,32767,3312.0,15348.0
2170.0,2511.0,16368,32767,32767,32767,32767,30822,32767,32767,32767,32767,32767,2664.0,15699.0
3568.0,3696.0,17692,32767,32767,32767,32767,31005,32767,32767,32767,32767,32767,3686.0,13962.0
2621.0,2632.0,13073,27490,29095,32767,32767,31023,32767,32767,32767,32767,32767,2717.0,16485.0
2206.0,2241.0,16117,28888,32547,32767,32767,31023,32767,32767,32767,32767,32767,2536.0,16777.0
2381.0,2788.0,16296,29820,32767,32767,32767,31023,32767,32767,32767,32767,32767,3152.0,15981.0
2708.0,3023.0,15938,30752,32767,32767,32767,31023,32767,32767,32767,32767,32767,3152.0,15550.0
2905.0,2945.0,15938,30752,32767,32767,32767,31023,32767,32767,32767,32767,32767,3370.0,15705.0
2315.0,2606.0,17191,30752,32054,32767,32767,31023,32767,32767,32767,32767,32767,3587.0,16305.0
2359.0,2736.0,17191,31218,32767,32767,32767,31023,32767,32767,32767,32767,32767,3152.0,15918.0
2119.0,2554.0,17549,31683,32767,32767,32767,31023,32767,32767,32767,32767,32767,2935.0,16147.0
2119.0,2528.0,17370,32767,32767,32767,32767,31023,32767,32767,32767,32767,32767,3370.0,16396.0
3249.0,3012.0,12601,24823,27760,30899,31732,31185,32767,32767,32767,32767,32767,3351.0,11730.0
3441.0,3387.0,11814,26151,28650,30798,32279,31212,32767,32767,32767,32767,32767,3247.0,13856.0
2990.0,3028.0,15517,31198,32767,32767,32767,31212,32767,32767,32767,32767,32767,3675.0,14305.0
3463.0,3413.0,15341,31198,32767,32767,32767,31212,32767,32767,32767,32767,32767,3532.0,13530.0
2559.0,2899.0,17633,32767,32767,32767,32767,31212,32767,32767,32767,32767,32767,3104.0,14086.0
3709.0,3602.0,13969,28524,32137,32767,32767,31298,32767,32767,32767,32767,32767,3613.0,13362.0
2696.0,2907.0,18389,32767,32767,32767,32767,31298,32767,32767,32767,32767,32767,2898.0,13805.0
2566.0,3010.0,17505,32767,32767,32767,32767,31298,32767,32767,32767,32767,32767,3005.0,13885.0
2656.0,2694.0,12341,25026,28486,28418,31376,31439,32767,32767,32767,32767,32767,3011.0,14979.0
2878.0,3090.0,16152,28331,32767,32767,32767,31439,32767,32767,32767,32767,32767,3635.0,13924.0
2081.0,2535.0,15244,30692,32767,32767,32767,31439,32767,32767,32767,32767,32767,2864.0,14973.0
2561.0,2667.0,14411,29163,32336,32767,32767,31492,32767,32767,32767,32767,32767,2844.0,15715.0
2409.0,2641.0,16012,30089,32767,32767,32767,31492,32767,32767,32767,32767,32767,2880.0,15565.0
2105.0,2485.0,16902,31941,32767,32767,32767,31492,32767,32767,32767,32767,32767,3096.0,15864.0
2213.0,2589.0,17614,32767,32767,32767,32767,31492,32767,32767,32767,32767,32767,2592.0,15278.0
4358.0,4257.0,13663,28257,32767,32767,32767,31665,32767,32767,32767,32767,32767,3615.0,13432.0
3145.0,3179.0,12356,26092,29095,31277,32174,31698,32767,32767,32767,32767,32767,2899.0,15510.0
2687.0,2710.0,14147,28888,31561,32767,32767,31698,32767,32767,32767,32767,32767,2899.0,16263.0
2446.0,2684.0,15759,28888,32547,32767,32767,31698,32767,32767,32767,32767,32767,3007.0,16176.0
2337.0,2476.0,15221,28888,32054,32767,32767,31698,32767,32767,32767,32767,32767,2826.0,16597.0
2424.0,2710.0,15938,29820,32767,32767,32767,31698,32767,32767,32767,32767,32767,2971.0,16090.0
2468.0,2762.0,16296,30752,32767,32767,32767,31698,32767,32767,32767,32767,32767,2971.0,15926.0
2403.0,2684.0,16833,30752,32767,32767,32767,31698,32767,32767,32767,32767,32767,3116.0,16046.0
2665.0,3049.0,16296,30752,32767,32767,32767,31698,32767,32767,32767,32767,32767,3370.0,15542.0
2250.0,2476.0,16296,31218,32767,32767,32767,31698,32767,32767,32767,32767,32767,2935.0,16484.0
2337.0,2397.0,14684,31218,32767,32767,32767,31698,32767,32767,32767,32767,32767,2609.0,16725.0
2184.0,2606.0,16833,31683,32767,32767,32767,31698,32767,32767,32767,32767,32767,2754.0,16086.0
2206.0,2658.0,18624,32767,32767,32767,32767,31698,32767,32767,32767,32767,32767,3225.0,15850.0
3381.0,3327.0,13501,26229,28752,31441,32767,31863,32767,32767,32767,32767,32767,3788.0,11199.0
3776.0,3772.0,15121,29975,32767,32767,32767,31863,32767,32767,32767,32767,32767,3824.0,10208.0
2990.0,2874.0,12343,27069,30592,31860,32279,31876,32767,32767,32767,32767,32767,3175.0,14815.0
3291.0,3182.0,14636,31198,32767,32767,32767,31876,32767,32767,32767,32767,32767,3104.0,13894.0
2717.0,2676.0,12024,27604,30677,29818,31769,31964,32767,32767,32767,32767,32767,2647.0,15057.0
4313.0,4245.0,13262,28984,32767,32767,32767,31964,32767,32767,32767,32767,32767,3935.0,12384.0
3170.0,2985.0,15737,31744,32767,32767,32767,31964,32767,32767,32767,32767,32767,4401.0,14461.0
2351.0,2727.0,17682,32664,32767,32767,32767,31964,32767,32767,32767,32767,32767,2791.0,14287.0
2351.0,2676.0,18036,32767,32767,32767,32767,31964,32767,32767,32767,32767,32767,3864.0,14690.0
2988.0,2931.0,13067,26915,30485,31150,32767,32123,32767,32767,32767,32767,32767,3341.0,14495.0
2501.0,2667.0,14700,27859,31985,32767,32767,32123,32767,32767,32767,32767,32767,3341.0,14889.0
2322.0,2589.0,16190,31015,32767,32767,32767,32162,32767,32767,32767,32767,32767,3096.0,15744.0
2409.0,2459.0,15301,31015,32767,32767,32767,32162,32767,32767,32767,32767,32767,2664.0,15913.0
3190.0,3107.0,14767,31015,32767,32767,32767,32162,32767,32767,32767,32767,32767,3312.0,14908.0
2322.0,2537.0,16012,31478,32767,32767,32767,32162,32767,32767,32767,32767,32767,2844.0,15760.0
3450.0,3599.0,15301,31478,32767,32767,32767,32162,32767,32767,32767,32767,32767,3132.0,13909.0
2148.0,2537.0,16724,32767,32767,32767,32767,32162,32767,32767,32767,32767,32767,2592.0,15555.0
2279.0,2796.0,17080,32767,32767,32767,32767,32162,32767,32767,32767,32767,32767,2988.0,15191.0
2322.0,2900.0,17969,32767,32767,32767,32767,32162,32767,32767,32767,32767,32767,2880.0,14795.0
2517.0,2874.0,17258,32767,32767,32767,32767,32162,32767,32767,32767,32767,32767,2880.0,14912.0
2474.0,3003.0,18859,32767,32767,32767,32767,32162,32767,32767,32767,32767,32767,3204.0,14552.0
4636.0,4512.0,15064,30080,32767,32767,32767,32325,32767,32767,32767,32767,32767,4076.0,12986.0
4059.0,4027.0,13313,30536,32767,32767,32767,32325,32767,32767,32767,32767,32767,3367.0,13800.0
2381.0,2580.0,15938,30286,32767,32767,32767,32372,32767,32767,32767,32767,32767,2717.0,16217.0
2315.0,2684.0,15580,30286,32767,32767,32767,32372,32767,32767,32767,32767,32767,2935.0,16212.0
2665.0,2997.0,15938,31218,32767,32767,32767,32372,32767,32767,32767,32767,32767,3261.0,15647.0
2555.0,2606.0,15759,31683,32767,32767,32767,32372,32767,32767,32767,32767,32767,2754.0,16169.0
2184.0,2528.0,17908,32149,32767,32767,32767,32372,32767,32767,32767,32767,32767,3080.0,16167.0
2272.0,2736.0,17549,32149,32767,32767,32767,32372,32767,32767,32767,32767,32767,2899.0,15770.0
1966.0,2476.0,17549,32615,32767,32767,32767,32372,32767,32767,32767,32767,32767,2862.0,16298.0
2512.0,3153.0,18982,32767,32767,32767,32767,32372,32767,32767,32767,32767,32767,3551.0,15004.0
2119.0,2606.0,17908,32767,32767,32767,32767,32372,32767,32767,32767,32767,32767,3152.0,16077.0
2424.0,2814.0,17549,32767,32767,32767,32767,32372,32767,32767,32767,32767,32767,3333.0,15768.0
3054.0,3130.0,13578,28445,32049,32767,32767,32540,32767,32767,32767,32767,32767,3104.0,14181.0
3699.0,3977.0,16046,32767,32767,32767,32767,32540,32767,32767,32767,32767,32767,3889.0,12626.0
3472.0,3319.0,12908,25303,28729,32481,32767,32630,32767,32767,32767,32767,32767,3613.0,13996.0
4086.0,4028.0,13225,27528,30592,32767,32767,32767,32767,32767,32767,32767,32767,3853.0,12747.0
3709.0,3551.0,14499,27604,31164,30883,32767,32767,32767,32767,32767,32767,32767,4114.0,13515.0
3623.0,3448.0,13085,28064,31651,32481,32767,32767,32767,32767,32767,32767,32767,3649.0,13735.0
4658.0,4580.0,13969,28524,32767,32767,32767,32767,32767,32767,32767,32767,32767,4043.0,11787.0
3062.0,3010.0,13615,28524,32767,30883,32767,32767,32767,32767,32767,32767,32767,3291.0,14452.0
2992.0,3127.0,15580,28888,31561,32767,32767,32767,32767,32767,32767,32767,32767,3406.0,15446.0
3581.0,3624.0,14233,29163,32336,32767,32767,32767,32767,32767,32767,32767,32767,3528.0,14107.0
2196.0,2672.0,14941,29507,32767,32767,32767,32767,32767,32767,32767,32767,32767,2841.0,12128.0
4145.0,4220.0,13344,29626,32767,32767,32767,32767,32767,32767,32767,32767,32767,3564.0,13157.0
3183.0,3002.0,12696,29822,32767,32767,32767,32767,32767,32767,32767,32767,32767,3354.0,14559.0
3882.0,3911.0,13792,29904,32767,32767,32767,32767,32767,32767,32767,32767,32767,3542.0,12838.0
3212.0,3314.0,14055,30089,32767,32767,32767,32767,32767,32767,32767,32767,32767,3132.0,14585.0
3429.0,3469.0,14055,30089,32767,32767,32767,32767,32767,32767,32767,32767,32767,3168.0,14287.0
2678.0,2720.0,15244,30220,32767,32767,32767,32767,32767,32767,32767,32767,32767,3305.0,14646.0
3527.0,3541.0,13930,30280,32767,32767,32767,32767,32767,32767,32767,32767,32767,3425.0,13453.0
2687.0,2866.0,15401,30286,32767,32767,32767,32767,32767,32767,32767,32767,32767,2899.0,15798.0
2577.0,2736.0,14505,30286,32767,32767,32767,32767,32767,32767,32767,32767,32767,2790.0,16145.0
2517.0,2822.0,15479,31015,32767,32767,32767,32767,32767,32767,32767,32767,32767,3024.0,15366.0
4041.0,4091.0,15580,31218,32767,32767,32767,32767,32767,32767,32767,32767,32767,3732.0,13785.0
2687.0,2762.0,15042,31218,32767,32767,32767,32767,32767,32767,32767,32767,32767,2681.0,15931.0
2512.0,2528.0,13968,31218,32767,32767,32767,32767,32767,32767,32767,32767,32767,2717.0,16592.0
2250.0,2762.0,15938,31218,32767,32767,32767,32767,32767,32767,32767,32767,32767,3261.0,16165.0
3754.0,3746.0,14941,31381,32767,32767,32767,32767,32767,32767,32767,32767,32767,4079.0,10342.0
3798.0,3832.0,15301,31478,32767,32767,32767,32767,32767,32767,32767,32767,32767,3456.0,13579.0
3038.0,3210.0,15479,31478,32767,32767,32767,32767,32767,32767,32767,32767,32767,3240.0,14653.0
4280.0,4234.0,14107,31657,32767,32767,32767,32767,32767,32767,32767,32767,32767,3746.0,12285.0
2162.0,2449.0,16296,31683,32767,32767,32767,32767,32767,32767,32767,32767,32767,2790.0,16491.0
2512.0,2814.0,17012,31683,32767,32767,32767,32767,32767,32767,32767,32767,32767,3189.0,15788.0
2886.0,3158.0,16012,31941,32767,32767,32767,32767,32767,32767,32767,32767,32767,3312.0,14725.0
2643.0,2866.0,15759,32149,32767,32767,32767,32767,32767,32767,32767,32767,32767,2899.0,15754.0
3688.0,3525.0,15207,32204,32767,32767,32767,32767,32767,32767,32767,32767,32767,4186.0,13486.0
3860.0,3834.0,14499,32204,32767,32767,32767,32767,32767,32767,32767,32767,32767,3792.0,12958.0
5448.0,5455.0,15415,32359,32767,32767,32767,32767,32767,32767,32767,32767,32767,4182.0,11542.0
2430.0,2796.0,16546,32404,32767,32767,32767,32767,32767,32767,32767,32767,32767,3204.0,15330.0
4129.0,4080.0,14283,32574,32767,32767,32767,32767,32767,32767,32767,32767,32767,3568.0,12478.0
2381.0,2918.0,17191,32615,32767,32767,32767,32767,32767,32767,32767,32767,32767,3333.0,15672.0
2512.0,2814.0,16296,32615,32767,32767,32767,32767,32767,32767,32767,32767,32767,3660.0,16070.0
3145.0,3309.0,16117,32615,32767,32767,32767,32767,32767,32767,32767,32767,32767,3406.0,15027.0
2599.0,2788.0,16296,32615,32767,32767,32767,32767,32767,32767,32767,32767,32767,3116.0,15904.0
2359.0,2658.0,17191,32615,32767,32767,32767,32767,32767,32767,32767,32767,32767,3116.0,16039.0
3429.0,3492.0,15401,32615,32767,32767,32767,32767,32767,32767,32767,32767,32767,3297.0,14728.0
2490.0,2918.0,17729,32615,32767,32767,32767,32767,32767,32767,32767,32767,32767,3261.0,15518.0
3386.0,3216.0,15207,32664,32767,32767,32767,32767,32767,32767,32767,32767,32767,3721.0,13942.0
5484.0,5722.0,19220,32767,32767,32767,32767,32767,32767,32767,32767,32767,32767,4745.0,9653.0
5078.0,5411.0,22239,32767,32767,32767,32767,32767,32767,32767,32767,32767,32767,5040.0,10465.0
4968.0,5209.0,22042,32767,32767,32767,32767,32767,32767,32767,32767,32767,32767,4495.0,9871.0
5484.0,6415.0,20984,32767,32767,32767,32767,32767,32767,32767,32767,32767,32767,5494.0,8735.0
4939.0,4889.0,17859,32767,32767,32767,32767,32767,32767,32767,32767,32767,32767,4794.0,10997.0
4809.0,4940.0,16798,32767,32767,32767,32767,32767,32767,32767,32767,32767,32767,4508.0,11065.0
5484.0,6132.0,19573,32767,32767,32767,32767,32767,32767,32767,32767,32767,32767,4781.0,9156.0
2170.0,2304.0,17436,32767,32767,32767,32767,32767,32767,32767,32767,32767,32767,2988.0,16032.0
5484.0,6543.0,23805,32767,32767,32767,32767,32767,32767,32767,32767,32767,32767,7029.0,8216.0
5013.0,5126.0,17436,32767,32767,32767,32767,32767,32767,32767,32767,32767,32767,4284.0,11449.0
2534.0,2918.0,18624,32767,32767,32767,32767,32767,32767,32767,32767,32767,32767,3297.0,15351.0
2545.0,3242.0,19804,32767,32767,32767,32767,32767,32767,32767,32767,32767,32767,3363.0,13239.0
4709.0,4867.0,17258,32767,32767,32767,32767,32767,32767,32767,32767,32767,32767,4068.0,11831.0
2365.0,3003.0,17614,32767,32767,32767,32767,32767,32767,32767,32767,32767,32767,2916.0,14695.0
5500.0,5763.0,19273,32767,32767,32767,32767,32767,32767,32767,32767,32767,32767,4937.0,9624.0
5448.0,5888.0,21545,32767,32767,32767,32767,32767,32767,32767,32767,32767,32767,4785.0,10319.0
2474.0,3158.0,18681,32767,32767,32767,32767,32767,32767,32767,32767,32767,32767,3348.0,14395.0
4745.0,4760.0,17682,32767,32767,32767,32767,32767,32767,32767,32767,32767,32767,4222.0,11131.0
4624.0,4721.0,19573,32767,32767,32767,32767,32767,32767,32767,32767,32767,32767,4210.0,10917.0
4947.0,5876.0,17986,32767,32767,32767,32767,32767,32767,32767,32767,32767,32767,4817.0,9817.0
5500.0,6561.0,23871,32767,32767,32767,32767,32767,32767,32767,32767,32767,32767,6225.0,8152.0
5456.0,5506.0,20158,32767,32767,32767,32767,32767,32767,32767,32767,32767,32767,4937.0,9789.0
5500.0,6561.0,23163,32767,32767,32767,32767,32767,32767,32767,32767,32767,32767,5939.0,8258.0
4960.0,5300.0,21218,32767,32767,32767,32767,32767,32767,32767,32767,32767,32767,4830.0,9972.0
4325.0,4508.0,17370,32767,32767,32767,32767,32767,32767,32767,32767,32767,32767,3986.0,12963.0
4658.0,4863.0,21395,32767,32767,32767,32767,32767,32767,32767,32767,32767,32767,4579.0,10495.0
5500.0,5995.0,19450,32767,32767,32767,32767,32767,32767,32767,32767,32767,32767,4794.0,9321.0
2409.0,3107.0,17258,32767,32767,32767,32767,32767,32767,32767,32767,32767,32767,3348.0,14752.0
4162.0,4683.0,21395,32767,32767,32767,32767,32767,32767,32767,32767,32767,32767,4114.0,10757.0
2221.0,2856.0,18743,32767,32767,32767,32767,32767,32767,32767,32767,32767,32767,2934.0,13973.0
4516.0,4436.0,15607,32767,32767,32767,32767,32767,32767,32767,32767,32767,32767,4590.0,11767.0
5460.0,5941.0,22385,32767,32767,32767,32767,32767,32767,32767,32767,32767,32767,5000.0,10346.0
2756.0,3262.0,19393,32767,32767,32767,32767,32767,32767,32767,32767,32767,32767,3312.0,14009.0
5484.0,6235.0,19397,32767,32767,32767,32767,32767,32767,32767,32767,32767,32767,5066.0,9113.0
3408.0,3371.0,15914,32767,32767,32767,32767,32767,32767,32767,32767,32767,32767,3399.0,13484.0
2561.0,3133.0,17969,32767,32767,32767,32767,32767,32767,32767,32767,32767,32767,3096.0,14446.0
5500.0,6561.0,24932,32767,32767,32767,32767,32767,32767,32767,32767,32767,32767,8193.0,7982.0
2387.0,2977.0,19393,32767,32767,32767,32767,32767,32767,32767,32767,32767,32767,3132.0,14487.0
4914.0,5186.0,18445,32767,32767,32767,32767,32767,32767,32767,32767,32767,32767,4602.0,11925.0
2626.0,2667.0,17080,32767,32767,32767,32767,32767,32767,32767,32767,32767,32767,2844.0,15251.0
5484.0,6543.0,22923,32767,32767,32767,32767,32767,32767,32767,32767,32767,32767,6030.0,8328.0
2206.0,2736.0,18624,32767,32767,32767,32767,32767,32767,32767,32767,32767,32767,3297.0,15745.0
3844.0,3909.0,16475,32767,32767,32767,32767,32767,32767,32767,32767,32767,32767,3660.0,13958.0
1953.0,2925.0,17969,32767,32767,32767,32767,32767,32767,32767,32767,32767,32767,3024.0,14922.0
3735.0,3752.0,17370,32767,32767,32767,32767,32767,32767,32767,32767,32767,32767,3551.0,14043.0
4565.0,4743.0,18445,32767,32767,32767,32767,32767,32767,32767,32767,32767,32767,4276.0,12502.0
2970.0,2997.0,16296,32767,32767,32767,32767,32767,32767,32767,32767,32767,32767,3116.0,15445.0
5500.0,6046.0,18036,32767,32767,32767,32767,32767,32767,32767,32767,32767,32767,5045.0,9496.0
2621.0,3231.0,18266,32767,32767,32767,32767,32767,32767,32767,32767,32767,32767,3225.0,14872.0
2018.0,2459.0,16724,32767,32767,32767,32767,32767,32767,32767,32767,32767,32767,2772.0,15826.0
3226.0,3156.0,17281,32767,32767,32767,32767,32767,32767,32767,32767,32767,32767,3639.0,13731.0
4572.0,4503.0,15560,32767,32767,32767,32767,32767,32767,32767,32767,32767,32767,4257.0,11801.0
5570.0,6645.0,22564,32767,32767,32767,32767,32767,32767,32767,32767,32767,32767,5870.0,9651.0
3451.0,3551.0,18566,32767,32767,32767,32767,32767,32767,32767,32767,32767,32767,3935.0,12926.0
4674.0,4847.0,19519,32767,32767,32767,32767,32767,32767,32767,32767,32767,32767,4565.0,12229.0
5500.0,6561.0,23340,32767,32767,32767,32767,32767,32767,32767,32767,32767,32767,6154.0,8241.0
5484.0,5696.0,17986,32767,32767,32767,32767,32767,32767,32767,32767,32767,32767,4781.0,9861.0
4560.0,4439.0,17810,32767,32767,32767,32767,32767,32767,32767,32767,32767,32767,3818.0,11477.0
5484.0,6543.0,22394,32767,32767,32767,32767,32767,32767,32767,32767,32767,32767,6172.0,8428.0
4237.0,4157.0,17457,32767,32767,32767,32767,32767,32767,32767,32767,32767,32767,4174.0,12089.0
4270.0,4245.0,16091,32767,32767,32767,32767,32767,32767,32767,32767,32767,32767,3864.0,12075.0
2315.0,2762.0,17549,32767,32767,32767,32767,32767,32767,32767,32767,32767,32767,2826.0,15680.0
5500.0,6561.0,24755,32767,32767,32767,32767,32767,32767,32767,32767,32767,32767,6583.0,8008.0
2643.0,3153.0,18624,32767,32767,32767,32767,32767,32767,32767,32767,32767,32767,2971.0,14818.0
5484.0,6543.0,24510,32767,32767,32767,32767,32767,32767,32767,32767,32767,32767,7136.0,8090.0
5484.0,6055.0,20102,32767,32767,32767,32767,32767,32767,32767,32767,32767,32767,5209.0,9220.0
4775.0,4773.0,17281,32767,32767,32767,32767,32767,32767,32767,32767,32767,32767,4246.0,11168.0
2691.0,3210.0,19571,32767,32767,32767,32767,32767,32767,32767,32767,32767,32767,3204.0,14032.0
5484.0,6543.0,26097,32767,32767,32767,32767,32767,32767,32767,32767,32767,32767,6600.0,7776.0
5534.0,5851.0,20816,32767,32767,32767,32767,32767,32767,32767,32767,32767,32767,4824.0,10061.0
5448.0,6500.0,21721,32767,32767,32767,32767,32767,32767,32767,32767,32767,32767,5352.0,9724.0
2752.0,3179.0,19161,32767,32767,32767,32767,32767,32767,32767,32767,32767,32767,3732.0,14916.0
5500.0,6561.0,29706,32767,32767,32767,32767,32767,32767,32767,32767,32767,32767,8014.0,7033.0
5456.0,5661.0,18920,32767,32767,32767,32767,32767,32767,32767,32767,32767,32767,4758.0,9776.0
4551.0,4554.0,16798,32767,32767,32767,32767,32767,32767,32767,32767,32767,32767,4257.0,11582.0
2300.0,3236.0,19748,32767,32767,32767,32767,32767,32767,32767,32767,32767,32767,3276.0,14097.0
5500.0,5429.0,15383,32767,32767,32767,32767,32767,32767,32767,32767,32767,32767,4615.0,10447.0
5534.0,5954.0,20104,32767,32767,32767,32767,32767,32767,32767,32767,32767,32767,5112.0,10102.0
5248.0,5337.0,18162,32767,32767,32767,32767,32767,32767,32767,32767,32767,32767,4674.0,10303.0
5403.0,5411.0,16724,32767,32767,32767,32767,32767,32767,32767,32767,32767,32767,4464.0,11122.0
4874.0,5043.0,20158,32767,32767,32767,32767,32767,32767,32767,32767,32767,32767,4579.0,10433.0
5484.0,6030.0,21336,32767,32767,32767,32767,32767,32767,32767,32767,32767,32767,4995.0,9023.0
3440.0,3798.0,19268,32767,32767,32767,32767,32767,32767,32767,32767,32767,32767,3828.0,13623.0
3016.0,3314.0,17080,32767,32767,32767,32767,32767,32767,32767,32767,32767,32767,3852.0,14438.0
5484.0,6440.0,19397,32767,32767,32767,32767,32767,32767,32767,32767,32767,32767,5138.0,8905.0
3828.0,3695.0,17986,32767,32767,32767,32767,32767,32767,32767,32767,32767,32767,3461.0,12569.0
5382.0,5670.0,21706,32767,32767,32767,32767,32767,32767,32767,32767,32767,32767,4932.0,10170.0
2097.0,2580.0,16296,32767,32767,32767,32767,32767,32767,32767,32767,32767,32767,2826.0,16289.0
5484.0,6543.0,20278,32767,32767,32767,32767,32767,32767,32767,32767,32767,32767,6458.0,8780.0
4000.0,4644.0,17104,32767,32767,32767,32767,32767,32767,32767,32767,32767,32767,4246.0,11578.0
4796.0,4747.0,16575,32767,32767,32767,32767,32767,32767,32767,32767,32767,32767,4067.0,11249.0
5644.0,6523.0,19600,32767,32767,32767,32767,32767,32767,32767,32767,32767,32767,5618.0,8597.0
2517.0,2900.0,19748,32767,32767,32767,32767,32767,32767,32767,32767,32767,32767,3060.0,14473.0
3537.0,3551.0,15737,32767,32767,32767,32767,32767,32767,32767,32767,32767,32767,3792.0,13318.0
3547.0,3951.0,18568,32767,32767,32767,32767,32767,32767,32767,32767,32767,32767,3615.0,13441.0
4209.0,4894.0,19443,32767,32767,32767,32767,32767,32767,32767,32767,32767,32767,4572.0,12118.0
4593.0,4715.0,17867,32767,32767,32767,32767,32767,32767,32767,32767,32767,32767,4288.0,12418.0
4551.0,4766.0,18568,32767,32767,32767,32767,32767,32767,32767,32767,32767,32767,4005.0,12195.0
3910.0,4091.0,18445,32767,32767,32767,32767,32767,32767,32767,32767,32767,32767,3877.0,13441.0
4521.0,4586.0,16833,32767,32767,32767,32767,32767,32767,32767,32767,32767,32767,4131.0,12915.0
4141.0,4142.0,19097,32767,32767,32767,32767,32767,32767,32767,32767,32767,32767,4365.0,11911.0
3102.0,3414.0,17191,32767,32767,32767,32767,32767,32767,32767,32767,32767,32767,3551.0,14754.0
1944.0,2528.0,18624,32767,32767,32767,32767,32767,32767,32767,32767,32767,32767,3080.0,16094.0
5484.0,6312.0,21336,32767,32767,32767,32767,32767,32767,32767,32767,32767,32767,5352.0,8770.0
3760.0,4563.0,19268,32767,32767,32767,32767,32767,32767,32767,32767,32767,32767,3934.0,12547.0
5484.0,6543.0,23805,32767,32767,32767,32767,32767,32767,32767,32767,32767,32767,6351.0,8193.0
4762.0,4873.0,17729,32767,32767,32767,32767,32767,32767,32767,32767,32767,32767,4276.0,12389.0
5570.0,5915.0,17908,32767,32767,32767,32767,32767,32767,32767,32767,32767,32767,5036.0,11038.0
2647.0,3210.0,17614,32767,32767,32767,32767,32767,32767,32767,32767,32767,32767,3168.0,14391.0
5484.0,6543.0,19044,32767,32767,32767,32767,32767,32767,32767,32767,32767,32767,5494.0,8886.0
2127.0,2434.0,17258,32767,32767,32767,32767,32767,32767,32767,32767,32767,32767,2700.0,15706.0
2097.0,2580.0,18266,32767,32767,32767,32767,32767,32767,32767,32767,32767,32767,3044.0,16015.0
2359.0,3023.0,19519,32767,32767,32767,32767,32767,32767,32767,32767,32767,32767,3406.0,15099.0
5013.0,5411.0,24196,32767,32767,32767,32767,32767,32767,32767,32767,32767,32767,4428.0,10017.0
5448.0,5582.0,17692,32767,32767,32767,32767,32767,32767,32767,32767,32767,32767,4537.0,11200.0
2647.0,3340.0,18859,32767,32767,32767,32767,32767,32767,32767,32767,32767,32767,3132.0,13955.0
2752.0,3075.0,18087,32767,32767,32767,32767,32767,32767,32767,32767,32767,32767,3116.0,15069.0
5500.0,6561.0,24224,32767,32767,32767,32767,32767,32767,32767,32767,32767,32767,5939.0,8069.0
2213.0,2615.0,17614,32767,32767,32767,32767,32767,32767,32767,32767,32767,32767,2700.0,15289.0
2430.0,2822.0,18325,32767,32767,32767,32767,32767,32767,32767,32767,32767,32767,3384.0,15026.0
2300.0,3029.0,20104,32767,32767,32767,32767,32767,32767,32767,32767,32767,32767,3096.0,14274.0
5500.0,6561.0,23517,32767,32767,32767,32767,32767,32767,32767,32767,32767,32767,5975.0,8198.0
2517.0,2900.0,16724,32767,32767,32767,32767,32767,32767,32767,32767,32767,32767,3240.0,15112.0
5484.0,6543.0,21160,32767,32767,32767,32767,32767,32767,32767,32767,32767,32767,5816.0,8604.0
2424.0,2710.0,18445,32767,32767,32767,32767,32767,32767,32767,32767,32767,32767,3116.0,15693.0
4464.0,4400.0,16267,32767,32767,32767,32767,32767,32767,32767,32767,32767,32767,4365.0,11905.0
4227.0,4374.0,16975,32767,32767,32767,32767,32767,32767,32767,32767,32767,32767,3864.0,11793.0
4421.0,4400.0,16621,32767,32767,32767,32767,32767,32767,32767,32767,32767,32767,4150.0,11823.0
5484.0,6543.0,23276,32767,32767,32767,32767,32767,32767,32767,32767,32767,32767,6493.0,8293.0
4960.0,4992.0,17505,32767,32767,32767,32767,32767,32767,32767,32767,32767,32767,4866.0,10925.0
5484.0,6543.0,25392,32767,32767,32767,32767,32767,32767,32767,32767,32767,32767,6850.0,7919.0
3385.0,3544.0,18087,32767,32767,32767,32767,32767,32767,32767,32767,32767,32767,3587.0,14339.0
5484.0,6543.0,22042,32767,32767,32767,32767,32767,32767,32767,32767,32767,32767,5566.0,8439.0
2496.0,2977.0,17614,32767,32767,32767,32767,32767,32767,32767,32767,32767,32767,3060.0,14762.0
5500.0,5841.0,19450,32767,32767,32767,32767,32767,32767,32767,32767,32767,32767,4901.0,9506.0
5192.0,5225.0,15590,32767,32767,32767,32767,32767,32767,32767,32767,32767,32767,4288.0,11900.0
4732.0,4824.0,17810,32767,32767,32767,32767,32767,32767,32767,32767,32767,32767,4317.0,11056.0
4947.0,4721.0,16046,32767,32767,32767,32767,32767,32767,32767,32767,32767,32767,3889.0,11261.0
3928.0,4272.0,19926,32767,32767,32767,32767,32767,32767,32767,32767,32767,32767,3888.0,12347.0
2381.0,2971.0,19340,32767,32767,32767,32767,32767,32767,32767,32767,32767,32767,3189.0,15132.0
4764.0,4715.0,15239,32767,32767,32767,32767,32767,32767,32767,32767,32767,32767,3899.0,12615.0
3828.0,3746.0,16223,32767,32767,32767,32767,32767,32767,32767,32767,32767,32767,3711.0,12849.0
4896.0,4811.0,19097,32767,32767,32767,32767,32767,32767,32767,32767,32767,32767,4222.0,10808.0
2643.0,3049.0,17549,32767,32767,32767,32767,32767,32767,32767,32767,32767,32767,3442.0,15359.0
5186.0,5437.0,21528,32767,32767,32767,32767,32767,32767,32767,32767,32767,32767,4860.0,10504.0
4098.0,4091.0,15914,32767,32767,32767,32767,32767,32767,32767,32767,32767,32767,4043.0,12408.0
5111.0,5420.0,21131,32767,32767,32767,32767,32767,32767,32767,32767,32767,32767,4638.0,11176.0
5484.0,6543.0,20455,32767,32767,32767,32767,32767,32767,32767,32767,32767,32767,5566.0,8691.0
5484.0,6543.0,28566,32767,32767,32767,32767,32767,32767,32767,32767,32767,32767,7778.0,7297.0
2437.0,2856.0,18566,32767,32767,32767,32767,32767,32767,32767,32767,32767,32767,3685.0,14216.0
5484.0,6543.0,21513,32767,32767,32767,32767,32767,32767,32767,32767,32767,32767,6065.0,8566.0
2359.0,2918.0,18445,32767,32767,32767,32767,32767,32767,32767,32767,32767,32767,3152.0,15380.0
3602.0,3780.0,17436,32767,32767,32767,32767,32767,32767,32767,32767,32767,32767,3636.0,13458.0
3441.0,3541.0,17457,32767,32767,32767,32767,32767,32767,32767,32767,32767,32767,3425.0,12981.0
2713.0,3158.0,16546,32767,32767,32767,32767,32767,32767,32767,32767,32767,32767,3240.0,14662.0
2468.0,3101.0,19877,32767,32767,32767,32767,32767,32767,32767,32767,32767,32767,3551.0,14924.0
3648.0,3935.0,18803,32767,32767,32767,32767,32767,32767,32767,32767,32767,32767,3804.0,13649.0
5500.0,6561.0,22987,32767,32767,32767,32767,32767,32767,32767,32767,32767,32767,6726.0,8330.0
3602.0,3937.0,18920,32767,32767,32767,32767,32767,32767,32767,32767,32767,32767,3613.0,12184.0
2083.0,2589.0,16902,32767,32767,32767,32767,32767,32767,32767,32767,32767,32767,2844.0,15575.0
3888.0,4117.0,19161,32767,32767,32767,32767,32767,32767,32767,32767,32767,32767,4276.0,13387.0
5484.0,6543.0,22747,32767,32767,32767,32767,32767,32767,32767,32767,32767,32767,6101.0,8364.0
2951.0,3184.0,18325,32767,32767,32767,32767,32767,32767,32767,32767,32767,32767,3816.0,14430.0
4172.0,4311.0,19397,32767,32767,32767,32767,32767,32767,32767,32767,32767,32767,3925.0,11528.0
2687.0,3309.0,18624,32767,32767,32767,32767,32767,32767,32767,32767,32767,32767,3478.0,14758.0
4292.0,4400.0,16975,32767,32767,32767,32767,32767,32767,32767,32767,32767,32767,4257.0,11835.0
2286.0,2676.0,18566,32767,32767,32767,32767,32767,32767,32767,32767,32767,32767,2969.0,14305.0
3828.0,4003.0,19397,32767,32767,32767,32767,32767,32767,32767,32767,32767,32767,3639.0,11954.0
3407.0,3599.0,17258,32767,32767,32767,32767,32767,32767,32767,32767,32767,32767,3600.0,13795.0
4421.0,4374.0,15560,32767,32767,32767,32767,32767,32767,32767,32767,32767,32767,4293.0,12026.0
2713.0,2667.0,14767,32767,32767,32767,32767,32767,32767,32767,32767,32767,32767,2520.0,15451.0
5500.0,6561.0,26346,32767,32767,32767,32767,32767,32767,32767,32767,32767,32767,7155.0,7720.0
5500.0,5712.0,19627,32767,32767,32767,32767,32767,32767,32767,32767,32767,32767,5045.0,9643.0
5111.0,5120.0,17859,32767,32767,32767,32767,32767,32767,32767,32767,32767,32767,4901.0,10681.0
3953.0,4169.0,18982,32767,32767,32767,32767,32767,32767,32767,32767,32767,32767,4022.0,13271.0
5056.0,5074.0,17969,32767,32767,32767,32767,32767,32767,32767,32767,32767,32767,4464.0,11462.0
5484.0,6543.0,20984,32767,32767,32767,32767,32767,32767,32767,32767,32767,32767,5601.0,8613.0
3559.0,3602.0,15737,32767,32767,32767,32767,32767,32767,32767,32767,32767,32767,3578.0,13170.0
2647.0,3158.0,17258,32767,32767,32767,32767,32767,32767,32767,32767,32767,32767,3132.0,14520.0
2222.0,1555.0,2452,5925,6753,6330,6532,7916,32767,32767,32767,32767,32767,780.0,1000.0
2286.0,1631.0,2452,5925,6271,6857,6532,7916,32767,32767,32767,32767,32767,780.0,1000.0
2265.0,1555.0,2452,6381,6753,6857,6532,7916,32767,32767,32767,32767,32767,744.0,1000.0
2307.0,1759.0,2452,5925,6271,7912,7720,8576,32767,32767,32767,32767,32767,851.0,1000.0
2265.0,1555.0,2452,5925,6271,6330,6532,8576,32767,32767,32767,32767,32767,744.0,1000.0
2393.0,1708.0,2452,5925,5789,6857,6532,8576,32767,32767,32767,32767,32767,780.0,1000.0
2414.0,1759.0,2452,5925,6753,6330,6532,8576,32767,32767,32767,32767,32767,815.0,1000.0
2372.0,1733.0,2452,5925,6271,6857,7126,8576,32767,32767,32767,32767,32767,815.0,1000.0
2286.0,1657.0,2452,5925,6271,6857,5938,8576,32767,32767,32767,32767,32767,780.0,1000.0
2350.0,1733.0,2277,6381,6753,6857,6532,8576,32767,32767,32767,32767,32767,815.0,1000.0
2329.0,1733.0,2452,6381,6271,6857,6532,8576,32767,32767,32767,32767,32767,815.0,1000.0
2372.0,1759.0,2627,6381,6271,6857,7126,8576,32767,32767,32767,32767,32767,815.0,1000.0
2372.0,1733.0,2277,6381,6271,6330,5344,8576,32767,32767,32767,32767,32767,780.0,1000.0
2258.0,1617.0,2469,6423,6798,6903,5978,8633,32767,32767,32767,32767,32767,749.0,1000.0
2387.0,1668.0,2469,6882,7769,6903,6575,8633,32767,32767,32767,32767,32767,821.0,1000.0
2409.0,1642.0,2469,7800,7284,6372,7173,8633,32767,32767,32767,32767,32767,785.0,1000.0
2366.0,1693.0,2292,8258,7769,6903,6575,8633,32767,32767,32767,32767,32767,749.0,1000.0
2372.0,1682.0,2452,5925,5789,6330,6532,9236,32767,32767,32767,32767,32767,815.0,1000.0
2222.0,1529.0,2452,5925,7236,6857,5938,9236,32767,32767,32767,32767,32767,744.0,1000.0
2457.0,1810.0,2627,6381,6753,6857,7720,9236,32767,32767,32767,32767,32767,886.0,1000.0
2692.0,2167.0,2452,6381,6753,7385,7126,9236,32767,32767,32767,32767,32767,1028.0,1000.0
2436.0,1835.0,2452,6381,6753,6857,6532,9236,32767,32767,32767,32767,32767,886.0,1000.0
2414.0,1759.0,2452,6381,7718,6857,6532,9236,32767,32767,32767,32767,32767,815.0,1000.0
2457.0,1912.0,2803,7292,8683,7385,7126,9236,32767,32767,32767,32767,32767,886.0,1000.0
2671.0,2141.0,2627,6381,7236,7912,7126,9895,32767,32767,32767,32767,32767,1028.0,1000.0
2393.0,1835.0,2627,6381,6753,7385,7126,9895,32767,32767,32767,32767,32767,886.0,1000.0
2649.0,2090.0,2803,7292,7718,7385,7720,9895,32767,32767,32767,32767,32767,992.0,1000.0
2671.0,2090.0,2627,7748,7236,6857,7720,9895,32767,32767,32767,32767,32767,1028.0,1000.0
2713.0,2218.0,2627,7748,7718,7912,7720,9895,32767,32767,32767,32767,32767,957.0,1000.0
2414.0,1886.0,3153,7292,7236,9495,8907,10555,32767,32767,32767,32767,32767,992.0,1000.0
2628.0,2039.0,3153,8204,8200,7912,8907,10555,32767,32767,32767,32767,32767,1028.0,1000.0
2628.0,2014.0,2803,8204,8683,8440,8907,10555,32767,32767,32767,32767,32767,992.0,1000.0
2585.0,2065.0,3153,8659,9165,7912,8907,10555,32767,32767,32767,32767,32767,992.0,1000.0
2366.0,1899.0,3350,9176,8741,9027,9564,10625,32767,32767,32767,32767,32767,892.0,1000.0
2414.0,1886.0,2978,6836,7236,8440,8907,11215,32767,32767,32767,32767,32767,957.0,1000.0
2585.0,2039.0,3328,8659,9165,8440,9501,11215,32767,32767,32767,32767,32767,992.0,1000.0
2414.0,1912.0,3328,9571,10130,9495,8907,11215,32767,32767,32767,32767,32767,1063.0,1000.0
2564.0,2014.0,2978,6381,6753,8967,9501,11874,32767,32767,32767,32767,32767,1028.0,1000.0
1361.0,1100.0,7560,13114,13384,13552,13425,14237,32767,32767,32767,32767,32767,2695.0,12600.0
1383.0,1153.0,7380,13114,13384,14094,14035,14915,32767,32767,32767,32767,32767,2440.0,12600.0
1471.0,1205.0,8461,14519,15367,15720,15256,15593,32767,32767,32767,32767,32767,2950.0,12600.0
1647.0,1362.0,9541,14988,16854,16804,15866,15593,32767,32767,32767,32767,32767,3205.0,12600.0
1581.0,1362.0,7740,13583,14872,15178,14646,16271,32767,32767,32767,32767,32767,2768.0,12600.0
1559.0,1310.0,8461,14988,15367,16262,15866,16271,32767,32767,32767,32767,32767,3023.0,12600.0
1493.0,1310.0,7740,13583,14872,15178,14646,16948,32767,32767,32767,32767,32767,2695.0,12600.0
1537.0,1205.0,9901,14988,16854,16804,16476,16948,32767,32767,32767,32767,32767,3752.0,12600.0
1471.0,1205.0,8821,15456,18342,16804,16476,16948,32767,32767,32767,32767,32767,2622.0,12600.0
1493.0,1231.0,9181,15456,17846,17347,17087,16948,32767,32767,32767,32767,32767,3023.0,12600.0
1691.0,1414.0,9721,16393,18342,17889,16476,16948,32767,32767,32767,32767,32767,3059.0,12600.0
1625.0,1441.0,7740,13583,14872,16262,15866,17626,32767,32767,32767,32767,32767,2659.0,12600.0
1361.0,1153.0,7200,13583,14872,15720,14646,17626,32767,32767,32767,32767,32767,1930.0,12600.0
1493.0,1310.0,8101,14519,15863,15720,15866,17626,32767,32767,32767,32767,32767,2440.0,12600.0
1756.0,1545.0,9721,16393,18342,17889,17697,17626,32767,32767,32767,32767,32767,2914.0,12600.0
1625.0,1362.0,9721,16861,20324,18973,18307,17626,32767,32767,32767,32767,32767,2550.0,12600.0
1537.0,1310.0,11161,19203,20820,20057,20138,17626,32767,32767,32767,32767,32767,3278.0,12600.0
1844.0,1598.0,8641,14519,17350,16804,17087,18304,32767,32767,32767,32767,32767,2877.0,12600.0
1866.0,1650.0,7921,14519,16359,17347,16476,18304,32767,32767,32767,32767,32767,2805.0,12600.0
1691.0,1467.0,9901,15924,17846,17889,17087,18304,32767,32767,32767,32767,32767,3059.0,12600.0
1559.0,1284.0,10081,17330,19333,19515,18307,18304,32767,32767,32767,32767,32767,2950.0,12600.0
1713.0,1467.0,10261,17798,19333,20057,18917,18304,32767,32767,32767,32767,32767,3715.0,12600.0
1537.0,1310.0,10441,17798,19829,20599,20138,18304,32767,32767,32767,32767,32767,2695.0,12600.0
1581.0,1545.0,10081,18266,18837,20057,21358,18304,32767,32767,32767,32767,32767,3169.0,12600.0
1932.0,1703.0,8641,14988,16854,17889,17697,18982,32767,32767,32767,32767,32767,3023.0,12600.0
1735.0,1519.0,9001,14988,16854,17347,17087,18982,32767,32767,32767,32767,32767,3023.0,12600.0
1844.0,1676.0,8821,15924,17846,18431,18307,18982,32767,32767,32767,32767,32767,2950.0,12600.0
1691.0,1441.0,9361,15924,18837,18431,19528,18982,32767,32767,32767,32767,32767,2841.0,12600.0
1691.0,1467.0,9181,15924,18837,17889,17697,18982,32767,32767,32767,32767,32767,2841.0,12600.0
1713.0,1467.0,9181,15924,17846,17889,18307,18982,32767,32767,32767,32767,32767,2805.0,12600.0
1515.0,1336.0,8641,16393,17846,18431,17697,18982,32767,32767,32767,32767,32767,2040.0,12600.0
1471.0,1362.0,9181,16861,18342,19515,18917,18982,32767,32767,32767,32767,32767,2076.0,12600.0
1976.0,1886.0,10261,16861,19333,20599,20138,18982,32767,32767,32767,32767,32767,3242.0,12600.0
1866.0,1650.0,10261,17330,19333,19515,18307,18982,32767,32767,32767,32767,32767,3278.0,12600.0
1866.0,1624.0,10441,17798,19829,19515,19528,18982,32767,32767,32767,32767,32767,3351.0,12600.0
1427.0,1257.0,11161,18735,21316,22225,20748,18982,32767,32767,32767,32767,32767,2950.0,12600.0
1998.0,1781.0,9361,15924,18342,18973,19528,19660,32767,32767,32767,32767,32767,3023.0,12600.0
1910.0,1729.0,8461,15924,16854,18431,18917,19660,32767,32767,32767,32767,32767,2550.0,12600.0
1778.0,1598.0,9541,16393,18342,19515,18917,19660,32767,32767,32767,32767,32767,2877.0,12600.0
1998.0,1807.0,9181,16393,18342,17889,18307,19660,32767,32767,32767,32767,32767,2950.0,12600.0
2108.0,1886.0,9721,16861,19829,19515,19528,19660,32767,32767,32767,32767,32767,3351.0,12600.0
1778.0,1598.0,10081,17330,18837,20057,18917,19660,32767,32767,32767,32767,32767,3169.0,12600.0
1625.0,1493.0,9361,17330,19829,18973,19528,19660,32767,32767,32767,32767,32767,2768.0,12600.0
1888.0,1650.0,10981,18735,21316,21141,20138,19660,32767,32767,32767,32767,32767,3351.0,12600.0
1603.0,1467.0,11161,19203,21316,21683,20748,19660,32767,32767,32767,32767,32767,2950.0,12600.0
1625.0,1362.0,11701,20608,22307,22225,20748,19660,32767,32767,32767,32767,32767,3023.0,12600.0
1932.0,1755.0,9541,15924,18342,18431,18307,20338,32767,32767,32767,32767,32767,2987.0,12600.0
2108.0,1860.0,9541,16393,18342,18973,18917,20338,32767,32767,32767,32767,32767,3132.0,12600.0
1932.0,1703.0,9541,16861,19829,18973,20138,20338,32767,32767,32767,32767,32767,2877.0,12600.0
1822.0,1624.0,9181,16861,18342,17889,19528,20338,32767,32767,32767,32767,32767,2987.0,12600.0
1778.0,1545.0,9541,17330,18837,18973,19528,20338,32767,32767,32767,32767,32767,2805.0,12600.0
1778.0,1729.0,10261,18735,19829,21683,20748,20338,32767,32767,32767,32767,32767,2622.0,12600.0
1537.0,1650.0,12421,21545,24290,25478,24409,20338,32767,32767,32767,32767,32767,2877.0,12600.0
1954.0,1755.0,8641,15924,17846,18973,18917,21016,32767,32767,32767,32767,32767,2659.0,12600.0
1778.0,1545.0,8461,15924,17350,17889,18917,21016,32767,32767,32767,32767,32767,2550.0,12600.0
1822.0,1598.0,8641,16393,18837,18973,18917,21016,32767,32767,32767,32767,32767,2404.0,12600.0
1910.0,1755.0,8821,16393,19333,19515,20138,21016,32767,32767,32767,32767,32767,2586.0,12600.0
1976.0,1781.0,8821,16393,18342,18973,18917,21016,32767,32767,32767,32767,32767,3059.0,12600.0
2042.0,1807.0,9361,16861,18342,20057,19528,21016,32767,32767,32767,32767,32767,2695.0,12600.0
2020.0,1781.0,9541,17330,19333,20599,19528,21016,32767,32767,32767,32767,32767,3242.0,12600.0
2174.0,1991.0,9541,17798,19829,21683,20748,21016,32767,32767,32767,32767,32767,2732.0,12600.0
1932.0,1729.0,9721,17798,20324,20599,20138,21016,32767,32767,32767,32767,32767,2732.0,12600.0
2020.0,1912.0,10261,18266,20324,21683,20748,21016,32767,32767,32767,32767,32767,3059.0,12600.0
2020.0,1860.0,10081,18266,20324,20599,20138,21016,32767,32767,32767,32767,32767,2950.0,12600.0
1822.0,1703.0,10261,18266,21316,21141,21358,21016,32767,32767,32767,32767,32767,2513.0,12600.0
1932.0,1807.0,10441,18735,21316,21683,20748,21016,32767,32767,32767,32767,32767,2768.0,12600.0
1866.0,1676.0,10261,18735,19829,21141,19528,21016,32767,32767,32767,32767,32767,2950.0,12600.0
1998.0,1807.0,10441,19203,21316,21141,21969,21016,32767,32767,32767,32767,32767,3059.0,12600.0
2108.0,2069.0,10441,19203,21316,21141,21969,21016,32767,32767,32767,32767,32767,2877.0,12600.0
2152.0,2017.0,13141,21077,23795,24394,25020,21016,32767,32767,32767,32767,32767,3497.0,12600.0
1844.0,1703.0,9001,16393,18837,19515,18917,21694,32767,32767,32767,32767,32767,2404.0,12600.0
2064.0,1912.0,8641,16393,17846,19515,19528,21694,32767,32767,32767,32767,32767,2659.0,12600.0
2042.0,1807.0,8821,16393,18837,18973,18917,21694,32767,32767,32767,32767,32767,2805.0,12600.0
2064.0,1938.0,8641,16393,18342,20057,19528,21694,32767,32767,32767,32767,32767,2914.0,12600.0
2152.0,1991.0,9901,16861,19829,21141,21358,21694,32767,32767,32767,32767,32767,3059.0,12600.0
2086.0,1886.0,8461,16861,19333,20057,20138,21694,32767,32767,32767,32767,32767,2659.0,12600.0
2152.0,1938.0,9541,17330,18837,19515,20138,21694,32767,32767,32767,32767,32767,3314.0,12600.0
2196.0,1991.0,9901,17798,19829,20057,20138,21694,32767,32767,32767,32767,32767,3424.0,12600.0
2020.0,2043.0,10621,17798,21316,22225,21358,21694,32767,32767,32767,32767,32767,3096.0,12600.0
2108.0,1834.0,9901,17798,19333,20599,21358,21694,32767,32767,32767,32767,32767,3314.0,12600.0
2086.0,1938.0,10081,17798,20324,20057,20138,21694,32767,32767,32767,32767,32767,3132.0,12600.0
1932.0,1807.0,9361,18266,19829,20057,21358,21694,32767,32767,32767,32767,32767,2513.0,12600.0
2108.0,2017.0,9901,18735,20820,21683,21358,21694,32767,32767,32767,32767,32767,2732.0,12600.0
1954.0,1860.0,10801,19671,22307,21141,21358,21694,32767,32767,32767,32767,32767,2987.0,12600.0
1888.0,1650.0,12241,21077,24290,24936,23189,21694,32767,32767,32767,32767,32767,3460.0,12600.0
1888.0,2122.0,13321,21545,24290,26562,26240,21694,32767,32767,32767,32767,32767,3351.0,12600.0
2020.0,1860.0,9541,16393,19829,19515,20748,22372,32767,32767,32767,32767,32767,2914.0,12600.0
2130.0,1938.0,8641,16861,19333,19515,20748,22372,32767,32767,32767,32767,32767,2695.0,12600.0
2086.0,1938.0,9181,17330,18837,20599,21969,22372,32767,32767,32767,32767,32767,2659.0,12600.0
2261.0,2069.0,9721,17330,19829,20599,21358,22372,32767,32767,32767,32767,32767,3314.0,12600.0
2064.0,1860.0,9721,17330,20324,19515,20138,22372,32767,32767,32767,32767,32767,2987.0,12600.0
1844.0,1676.0,9541,17330,18837,20057,20748,22372,32767,32767,32767,32767,32767,2513.0,12600.0
2130.0,1834.0,9901,17798,20820,20599,21358,22372,32767,32767,32767,32767,32767,3314.0,12600.0
1910.0,1729.0,9001,17798,19829,19515,21358,22372,32767,32767,32767,32767,32767,2477.0,12600.0
2240.0,2096.0,9901,17798,20324,20599,20748,22372,32767,32767,32767,32767,32767,3096.0,12600.0
1932.0,1676.0,10261,18266,20324,19515,20748,22372,32767,32767,32767,32767,32767,3096.0,12600.0
2020.0,1834.0,9901,18266,20820,21141,21358,22372,32767,32767,32767,32767,32767,2732.0,12600.0
2218.0,2017.0,9721,18266,20324,20057,21358,22372,32767,32767,32767,32767,32767,3096.0,12600.0
2064.0,1860.0,9721,18266,20324,20599,20748,22372,32767,32767,32767,32767,32767,2914.0,12600.0
1932.0,1807.0,10441,18735,21812,22225,22579,22372,32767,32767,32767,32767,32767,2768.0,12600.0
2152.0,2069.0,10261,18735,21316,22767,23189,22372,32767,32767,32767,32767,32767,3169.0,12600.0
1976.0,1781.0,10261,18735,20820,21141,21969,22372,32767,32767,32767,32767,32767,3205.0,12600.0
2086.0,1860.0,9721,18735,20820,21141,21358,22372,32767,32767,32767,32767,32767,2914.0,12600.0
1778.0,1676.0,9361,18735,21316,21683,22579,22372,32767,32767,32767,32767,32767,2550.0,12600.0
2086.0,1965.0,9901,19203,21316,22225,21358,22372,32767,32767,32767,32767,32767,2768.0,12600.0
2327.0,2096.0,10441,19203,21316,21683,22579,22372,32767,32767,32767,32767,32767,3569.0,12600.0
1756.0,1729.0,10261,19671,22307,23309,23189,22372,32767,32767,32767,32767,32767,2732.0,12600.0
1954.0,1912.0,10801,20140,22803,23309,23799,22372,32767,32767,32767,32767,32767,2877.0,12600.0
2130.0,2096.0,10981,20140,22803,23851,24409,22372,32767,32767,32767,32767,32767,2695.0,12600.0
1669.0,1807.0,11521,20608,22307,24394,24409,22372,32767,32767,32767,32767,32767,2659.0,12600.0
2196.0,1991.0,9361,17798,21316,21141,21358,23050,32767,32767,32767,32767,32767,2914.0,12600.0
2086.0,1912.0,9541,17798,20820,21141,21358,23050,32767,32767,32767,32767,32767,2768.0,12600.0
2240.0,2017.0,9181,17798,20820,21683,21969,23050,32767,32767,32767,32767,32767,2987.0,12600.0
2174.0,1991.0,9181,17798,21316,20599,21358,23050,32767,32767,32767,32767,32767,2695.0,12600.0
2108.0,1860.0,10441,18266,21812,21141,21358,23050,32767,32767,32767,32767,32767,3351.0,12600.0
2393.0,2200.0,9181,18266,20324,20599,21358,23050,32767,32767,32767,32767,32767,3242.0,12600.0
2152.0,1965.0,9721,18266,21316,21683,21969,23050,32767,32767,32767,32767,32767,3132.0,12600.0
2086.0,1965.0,9901,18266,21812,21141,21969,23050,32767,32767,32767,32767,32767,2768.0,12600.0
2152.0,1938.0,9721,18735,20324,20599,21969,23050,32767,32767,32767,32767,32767,3023.0,12600.0
2196.0,2043.0,10081,18735,21316,21141,21969,23050,32767,32767,32767,32767,32767,3059.0,12600.0
2152.0,1912.0,10801,18735,20820,21141,21358,23050,32767,32767,32767,32767,32767,3533.0,12600.0
2064.0,1834.0,9901,18735,20820,20599,20748,23050,32767,32767,32767,32767,32767,2732.0,12600.0
2218.0,2017.0,10441,19671,21812,22767,21969,23050,32767,32767,32767,32767,32767,3096.0,12600.0
2349.0,2174.0,10801,19671,23299,23309,24409,23050,32767,32767,32767,32767,32767,3096.0,12600.0
2020.0,1886.0,10981,19671,23795,22767,22579,23050,32767,32767,32767,32767,32767,2841.0,12600.0
1954.0,1807.0,11341,20140,22803,23851,23189,23050,32767,32767,32767,32767,32767,2914.0,12600.0
2305.0,2096.0,11521,20140,22307,23309,23189,23050,32767,32767,32767,32767,32767,3715.0,12600.0
1800.0,1676.0,11521,20608,23299,24936,24409,23050,32767,32767,32767,32767,32767,2768.0,12600.0
1888.0,1781.0,10981,20608,22307,23851,23189,23050,32767,32767,32767,32767,32767,2550.0,12600.0
2196.0,1991.0,9721,17798,20324,20599,20748,23728,32767,32767,32767,32767,32767,3278.0,12600.0
2261.0,2043.0,10261,18266,20820,21141,21969,23728,32767,32767,32767,32767,32767,3096.0,12600.0
2327.0,2096.0,9721,18266,21316,21141,21969,23728,32767,32767,32767,32767,32767,3023.0,12600.0
2130.0,1938.0,10081,18266,20820,20599,22579,23728,32767,32767,32767,32767,32767,2877.0,12600.0
2174.0,1938.0,10261,18735,21316,21141,21358,23728,32767,32767,32767,32767,32767,3205.0,12600.0
2196.0,1991.0,10261,18735,20820,22225,22579,23728,32767,32767,32767,32767,32767,2950.0,12600.0
2327.0,2174.0,10441,18735,21812,21683,21969,23728,32767,32767,32767,32767,32767,3606.0,12600.0
2064.0,1991.0,9901,18735,21316,22225,23189,23728,32767,32767,32767,32767,32767,2622.0,12600.0
1888.0,1729.0,9901,19203,20324,22767,21969,23728,32767,32767,32767,32767,32767,2659.0,12600.0
2130.0,1938.0,9541,19203,21316,21141,23189,23728,32767,32767,32767,32767,32767,2550.0,12600.0
2261.0,2148.0,10441,19671,22803,23309,23189,23728,32767,32767,32767,32767,32767,3278.0,12600.0
2174.0,2069.0,10981,19671,22803,23309,23799,23728,32767,32767,32767,32767,32767,2805.0,12600.0
2371.0,2200.0,11161,19671,23795,23309,23189,23728,32767,32767,32767,32767,32767,3569.0,12600.0
2305.0,2122.0,10441,19671,21812,22225,22579,23728,32767,32767,32767,32767,32767,3205.0,12600.0
2283.0,2043.0,10081,19671,21812,21141,22579,23728,32767,32767,32767,32767,32767,3169.0,12600.0
2130.0,1965.0,10621,20140,22307,23851,23189,23728,32767,32767,32767,32767,32767,2950.0,12600.0
2305.0,2148.0,10981,20140,22307,22225,23189,23728,32767,32767,32767,32767,32767,3387.0,12600.0
2218.0,2096.0,11521,20608,22803,24394,24409,23728,32767,32767,32767,32767,32767,3059.0,12600.0
2218.0,2017.0,10441,21077,22803,23309,24409,23728,32767,32767,32767,32767,32767,2805.0,12600.0
2108.0,1965.0,11341,21077,23795,24936,24409,23728,32767,32767,32767,32767,32767,2805.0,12600.0
1778.0,1938.0,11521,21077,24290,24936,25630,23728,32767,32767,32767,32767,32767,2659.0,12600.0
2174.0,2200.0,13681,23418,25282,26562,26850,23728,32767,32767,32767,32767,32767,4261.0,12600.0
2261.0,2043.0,9541,17798,20820,20057,21969,24406,32767,32767,32767,32767,32767,3023.0,12600.0
2327.0,2148.0,9361,17798,20820,21683,21969,24406,32767,32767,32767,32767,32767,3059.0,12600.0
2283.0,2096.0,10981,19203,22307,22767,23189,24406,32767,32767,32767,32767,32767,3205.0,12600.0
2305.0,2174.0,10261,20140,23299,23851,23799,24406,32767,32767,32767,32767,32767,2877.0,12600.0
2174.0,1965.0,10621,20140,22803,22767,22579,24406,32767,32767,32767,32767,32767,2914.0,12600.0
2240.0,2122.0,10441,20140,23299,24394,23189,24406,32767,32767,32767,32767,32767,2950.0,12600.0
2196.0,2017.0,10081,20140,22307,23851,22579,24406,32767,32767,32767,32767,32767,2914.0,12600.0
2283.0,2148.0,10441,20140,22803,22225,23799,24406,32767,32767,32767,32767,32767,3096.0,12600.0
2371.0,2200.0,10981,20140,22307,23309,23189,24406,32767,32767,32767,32767,32767,3351.0,12600.0
2349.0,2226.0,11341,20608,23795,24394,23799,24406,32767,32767,32767,32767,32767,3314.0,12600.0
2064.0,2069.0,11161,21077,23795,25478,24409,24406,32767,32767,32767,32767,32767,2914.0,12600.0
1976.0,1938.0,11521,21077,25282,24936,25630,24406,32767,32767,32767,32767,32767,2513.0,12600.0
2130.0,1965.0,11881,21545,24786,25478,25020,24406,32767,32767,32767,32767,32767,3497.0,12600.0
1932.0,2043.0,12241,22013,25777,26562,26240,24406,32767,32767,32767,32767,32767,2586.0,12600.0
2042.0,1991.0,10801,22013,23795,23851,25020,24406,32767,32767,32767,32767,32767,2513.0,12600.0
2196.0,2043.0,11521,22013,25282,26562,25630,24406,32767,32767,32767,32767,32767,2950.0,12600.0
2152.0,2122.0,11701,22013,25282,25478,25020,24406,32767,32767,32767,32767,32767,2877.0,12600.0
2086.0,2096.0,12061,22482,24786,26562,26850,24406,32767,32767,32767,32767,32767,2841.0,12600.0
1976.0,2043.0,12961,22950,26769,26562,26850,24406,32767,32767,32767,32767,32767,3205.0,12600.0
1998.0,1965.0,12061,22950,26273,27104,26850,24406,32767,32767,32767,32767,32767,2732.0,12600.0
2437.0,2305.0,10441,18735,22307,22767,23799,25084,32767,32767,32767,32767,32767,3497.0,12600.0
2327.0,2253.0,10081,19203,21316,23309,24409,25084,32767,32767,32767,32767,32767,3096.0,12600.0
2349.0,2148.0,9901,19203,21812,22225,23189,25084,32767,32767,32767,32767,32767,3132.0,12600.0
2327.0,2148.0,9901,19671,22307,23851,24409,25084,32767,32767,32767,32767,32767,2950.0,12600.0
2283.0,2122.0,11341,20140,23299,23851,23799,25084,32767,32767,32767,32767,32767,3314.0,12600.0
2371.0,2226.0,10621,20140,23299,24394,25020,25084,32767,32767,32767,32767,32767,3132.0,12600.0
2393.0,2305.0,10081,20140,23299,23851,24409,25084,32767,32767,32767,32767,32767,2914.0,12600.0
2459.0,2253.0,10801,20608,22803,23851,24409,25084,32767,32767,32767,32767,32767,3278.0,12600.0
2305.0,2253.0,11161,20608,24290,24936,25020,25084,32767,32767,32767,32767,32767,3023.0,12600.0
2481.0,2305.0,10621,20608,23795,24394,24409,25084,32767,32767,32767,32767,32767,2987.0,12600.0
2349.0,2357.0,10981,20608,23299,24936,24409,25084,32767,32767,32767,32767,32767,2914.0,12600.0
2415.0,2357.0,10261,20608,23299,24936,24409,25084,32767,32767,32767,32767,32767,3059.0,12600.0
2218.0,2436.0,11521,21077,22803,25478,25630,25084,32767,32767,32767,32767,32767,2877.0,12600.0
2459.0,2384.0,11161,21077,24290,24936,25020,25084,32767,32767,32767,32767,32767,3059.0,12600.0
2481.0,2410.0,10981,21077,23795,25478,25630,25084,32767,32767,32767,32767,32767,3169.0,12600.0
2152.0,2096.0,11521,21545,25282,25478,26240,25084,32767,32767,32767,32767,32767,2877.0,12600.0
2261.0,2122.0,11521,22013,24290,26020,25630,25084,32767,32767,32767,32767,32767,3569.0,12600.0
2305.0,2148.0,11341,22013,25282,26020,25630,25084,32767,32767,32767,32767,32767,2841.0,12600.0
1932.0,2096.0,12421,22482,25282,26562,26850,25084,32767,32767,32767,32767,32767,2841.0,12600.0
2042.0,2043.0,12061,22482,24786,25478,25020,25084,32767,32767,32767,32767,32767,2805.0,12600.0
2108.0,2174.0,12061,23418,26273,26562,26850,25084,32767,32767,32767,32767,32767,2695.0,12600.0
2305.0,2096.0,13321,23887,26769,27104,28071,25084,32767,32767,32767,32767,32767,3861.0,12600.0
2415.0,2253.0,8821,18266,22307,22225,23799,25762,32767,32767,32767,32767,32767,2732.0,12600.0
2437.0,2226.0,9541,18735,21316,21683,22579,25762,32767,32767,32767,32767,32767,3023.0,12600.0
2196.0,2069.0,10081,18735,21316,22225,21969,25762,32767,32767,32767,32767,32767,3351.0,12600.0
2349.0,2148.0,9541,19203,22803,22225,23189,25762,32767,32767,32767,32767,32767,2987.0,12600.0
2261.0,2096.0,10081,20140,22803,22767,25020,25762,32767,32767,32767,32767,32767,2950.0,12600.0
2305.0,2174.0,10621,20140,22803,22767,24409,25762,32767,32767,32767,32767,32767,2914.0,12600.0
2349.0,2279.0,10981,21077,23795,24394,25020,25762,32767,32767,32767,32767,32767,2987.0,12600.0
2437.0,2331.0,10981,21077,23795,24394,25020,25762,32767,32767,32767,32767,32767,3059.0,12600.0
2283.0,2122.0,11161,21077,23795,24394,25020,25762,32767,32767,32767,32767,32767,2841.0,12600.0
2415.0,2410.0,10801,21077,24290,24936,26240,25762,32767,32767,32767,32767,32767,2805.0,12600.0
2261.0,2200.0,12061,22013,25777,26020,26850,25762,32767,32767,32767,32767,32767,3023.0,12600.0
2481.0,2410.0,11881,22482,25777,27104,28071,25762,32767,32767,32767,32767,32767,3205.0,12600.0
2086.0,2043.0,11701,23418,25777,26562,28071,25762,32767,32767,32767,32767,32767,2914.0,12600.0
1735.0,1834.0,11881,23418,25282,25478,25630,25762,32767,32767,32767,32767,32767,2258.0,12600.0
1822.0,1886.0,13141,23887,26769,29814,29291,25762,32767,32767,32767,32767,32767,2877.0,12600.0
1976.0,1912.0,12961,23887,27265,27104,28071,25762,32767,32767,32767,32767,32767,2622.0,12600.0
2525.0,2410.0,10081,20140,22803,23309,25020,26440,32767,32767,32767,32767,32767,3096.0,12600.0
2393.0,2331.0,10801,20608,24290,24394,26850,26440,32767,32767,32767,32767,32767,3059.0,12600.0
2393.0,2279.0,11341,20608,23795,23851,25630,26440,32767,32767,32767,32767,32767,3314.0,12600.0
2723.0,2619.0,10981,21545,24290,24394,25630,26440,32767,32767,32767,32767,32767,3497.0,12600.0
2218.0,2122.0,12241,22482,25282,26020,25020,26440,32767,32767,32767,32767,32767,2987.0,12600.0
1954.0,2017.0,12601,23418,26273,28188,28071,26440,32767,32767,32767,32767,32767,2695.0,12600.0
2481.0,2357.0,11341,21077,25282,24394,26850,27118,32767,32767,32767,32767,32767,3205.0,12600.0
2349.0,2174.0,11521,21545,23795,24936,25630,27118,32767,32767,32767,32767,32767,3096.0,12600.0
2569.0,2488.0,11341,22013,25282,25478,26240,27118,32767,32767,32767,32767,32767,3242.0,12600.0
2327.0,2200.0,11161,22013,23795,25478,27461,27118,32767,32767,32767,32767,32767,3169.0,12600.0
2261.0,2174.0,11521,22013,25777,26562,26850,27118,32767,32767,32767,32767,32767,3205.0,12600.0
2415.0,2357.0,11521,22482,24786,27104,28071,27118,32767,32767,32767,32767,32767,3169.0,12600.0
2283.0,2384.0,12061,22950,25777,28188,27461,27118,32767,32767,32767,32767,32767,3132.0,12600.0
2305.0,2357.0,11881,22950,25777,27646,27461,27118,32767,32767,32767,32767,32767,2877.0,12600.0
2371.0,2462.0,12781,23418,27760,28730,28681,27118,32767,32767,32767,32767,32767,3023.0,12600.0
2393.0,2515.0,12781,23418,27265,29814,29291,27118,32767,32767,32767,32767,32767,3242.0,12600.0
2196.0,2226.0,12421,23887,27265,28730,28071,27118,32767,32767,32767,32767,32767,2768.0,12600.0
2130.0,2174.0,12601,24355,28752,28730,28681,27118,32767,32767,32767,32767,32767,2622.0,12600.0
2240.0,2279.0,12781,24355,27265,29272,28681,27118,32767,32767,32767,32767,32767,2841.0,12600.0
2196.0,2410.0,13321,24823,27265,29814,29902,27118,32767,32767,32767,32767,32767,2950.0,12600.0
2415.0,2331.0,12241,21077,25282,25478,26240,27795,32767,32767,32767,32767,32767,3278.0,12600.0
2393.0,2200.0,12421,22482,25777,26020,26240,27795,32767,32767,32767,32767,32767,3387.0,12600.0
2613.0,2488.0,11521,22482,26273,27104,29291,27795,32767,32767,32767,32767,32767,3314.0,12600.0
2218.0,2253.0,11701,22482,25777,27646,27461,27795,32767,32767,32767,32767,32767,2877.0,12600.0
2569.0,2462.0,12061,22950,26273,26562,27461,27795,32767,32767,32767,32767,32767,3169.0,12600.0
2283.0,2226.0,12961,23418,27265,28188,28681,27795,32767,32767,32767,32767,32767,3169.0,12600.0
2218.0,2279.0,12961,23887,27760,29272,29291,27795,32767,32767,32767,32767,32767,2914.0,12600.0
1998.0,1912.0,11881,24355,28256,28730,30512,27795,32767,32767,32767,32767,32767,2732.0,12600.0
2349.0,2462.0,13681,24823,28256,30899,29291,27795,32767,32767,32767,32767,32767,3242.0,12600.0
2459.0,2331.0,13141,24355,27760,29814,31122,28473,32767,32767,32767,32767,32767,3205.0,12600.0
2261.0,2384.0,13501,25292,28256,30356,31122,28473,32767,32767,32767,32767,32767,2841.0,12600.0
2701.0,2619.0,12061,24355,27760,28730,28681,29151,32767,32767,32767,32767,32767,3278.0,12600.0
2064.0,2305.0,13861,26697,29247,32767,32767,29829,32767,32767,32767,32767,32767,2987.0,12600.0
2196.0,2148.0,12601,25292,29247,30356,31732,30507,32767,32767,32767,32767,32767,2805.0,12600.0
2613.0,2567.0,13321,24823,28752,29272,30512,31185,32767,32767,32767,32767,32767,3278.0,12600.0
1195.0,977.0,6896,12749,13494,13116,12304,14353,32767,32767,32767,32767,32767,2093.0,15200.0
1240.0,1030.0,7622,12277,13993,14209,12919,15036,32767,32767,32767,32767,32767,2534.0,15200.0
1284.0,1056.0,7985,13221,14493,14209,13535,15036,32767,32767,32767,32767,32767,2570.0,15200.0
1195.0,977.0,7622,13221,14493,14209,14150,15036,32767,32767,32767,32767,32767,2277.0,15200.0
1284.0,1109.0,5989,11805,12994,13662,12304,15720,32767,32767,32767,32767,32767,1579.0,15200.0
1284.0,1056.0,7804,12749,14493,14209,14150,15720,32767,32767,32767,32767,32767,2460.0,15200.0
1328.0,1188.0,8167,14166,15493,15302,15380,16403,32767,32767,32767,32767,32767,2313.0,15200.0
1284.0,1109.0,8348,14166,15493,15302,14765,16403,32767,32767,32767,32767,32767,2423.0,15200.0
1395.0,1215.0,9074,14638,15992,15848,15380,16403,32767,32767,32767,32767,32767,2827.0,15200.0
1262.0,977.0,9074,14638,16492,15302,14150,16403,32767,32767,32767,32767,32767,2827.0,15200.0
1483.0,1294.0,7804,13693,14993,15848,15380,17087,32767,32767,32767,32767,32767,2387.0,15200.0
1372.0,1136.0,8892,14166,14993,15848,14150,17087,32767,32767,32767,32767,32767,2938.0,15200.0
1372.0,1215.0,9074,14166,15992,16395,15996,17087,32767,32767,32767,32767,32767,2717.0,15200.0
1439.0,1188.0,7622,14166,14993,15848,15380,17087,32767,32767,32767,32767,32767,2460.0,15200.0
1262.0,1030.0,7259,14166,15493,14755,15996,17087,32767,32767,32767,32767,32767,1836.0,15200.0
1350.0,1215.0,8348,14638,15992,16941,15996,17087,32767,32767,32767,32767,32767,2240.0,15200.0
1505.0,1320.0,8892,15110,15493,16941,16611,17087,32767,32767,32767,32767,32767,2827.0,15200.0
1262.0,1083.0,9437,15110,16492,16395,15996,17087,32767,32767,32767,32767,32767,2644.0,15200.0
1350.0,1215.0,8892,15582,16992,16941,16611,17087,32767,32767,32767,32767,32767,2166.0,15200.0
1395.0,1188.0,8711,15582,16492,16941,16611,17087,32767,32767,32767,32767,32767,2791.0,15200.0
1461.0,1241.0,8711,13693,15992,16941,15380,17770,32767,32767,32767,32767,32767,2938.0,15200.0
1527.0,1320.0,7985,13693,15493,16395,15996,17770,32767,32767,32767,32767,32767,2387.0,15200.0
1417.0,1294.0,7259,14166,14493,15302,15380,17770,32767,32767,32767,32767,32767,1983.0,15200.0
1395.0,1215.0,7985,14166,15493,16941,14765,17770,32767,32767,32767,32767,32767,2240.0,15200.0
1461.0,1294.0,7441,14166,15493,15302,15996,17770,32767,32767,32767,32767,32767,2277.0,15200.0
1417.0,1188.0,8711,14166,15992,15302,15996,17770,32767,32767,32767,32767,32767,2681.0,15200.0
1527.0,1320.0,7804,14166,14993,15848,15380,17770,32767,32767,32767,32767,32767,2497.0,15200.0
1306.0,1056.0,7985,14166,15992,15302,15380,17770,32767,32767,32767,32767,32767,2827.0,15200.0
1395.0,1188.0,8892,14638,15992,15848,15996,17770,32767,32767,32767,32767,32767,2754.0,15200.0
1417.0,1241.0,8892,14638,16492,15848,15380,17770,32767,32767,32767,32767,32767,2864.0,15200.0
1372.0,1162.0,9800,15110,16992,16941,15996,17770,32767,32767,32767,32767,32767,3084.0,15200.0
1483.0,1241.0,8348,15110,16492,16395,17226,17770,32767,32767,32767,32767,32767,2423.0,15200.0
1417.0,1215.0,8530,15110,16992,16941,16611,17770,32767,32767,32767,32767,32767,2093.0,15200.0
1350.0,1188.0,8348,15110,16992,16395,15996,17770,32767,32767,32767,32767,32767,2020.0,15200.0
1439.0,1268.0,9437,15582,16992,16941,15996,17770,32767,32767,32767,32767,32767,2607.0,15200.0
1372.0,1136.0,9074,15582,16492,17488,16611,17770,32767,32767,32767,32767,32767,2717.0,15200.0
1350.0,1162.0,9800,16054,18491,18581,17841,17770,32767,32767,32767,32767,32767,3084.0,15200.0
1505.0,1268.0,8711,15582,18491,16941,17226,18454,32767,32767,32767,32767,32767,2534.0,15200.0
1417.0,1188.0,9618,15582,17991,18034,17226,18454,32767,32767,32767,32767,32767,2791.0,15200.0
1549.0,1294.0,9437,16054,17492,18034,17841,18454,32767,32767,32767,32767,32767,2864.0,15200.0
1439.0,1136.0,9800,16527,17991,17488,17841,18454,32767,32767,32767,32767,32767,3305.0,15200.0
1527.0,1426.0,9437,16527,17991,18581,19072,18454,32767,32767,32767,32767,32767,2387.0,15200.0
1549.0,1347.0,8711,15110,16492,16941,17841,19137,32767,32767,32767,32767,32767,2534.0,15200.0
1727.0,1558.0,8892,15582,17492,18034,19072,19137,32767,32767,32767,32767,32767,2791.0,15200.0
1682.0,1452.0,9437,15582,16992,17488,16611,19137,32767,32767,32767,32767,32767,3084.0,15200.0
1682.0,1505.0,7985,15582,16992,16941,17841,19137,32767,32767,32767,32767,32767,2277.0,15200.0
1439.0,1241.0,8892,15582,17492,16941,16611,19137,32767,32767,32767,32767,32767,2644.0,15200.0
1350.0,1162.0,8530,16054,16992,16941,16611,19137,32767,32767,32767,32767,32767,2277.0,15200.0
1284.0,1136.0,9255,16054,17991,18034,17226,19137,32767,32767,32767,32767,32767,2203.0,15200.0
1704.0,1452.0,9437,16054,17991,17488,17841,19137,32767,32767,32767,32767,32767,2974.0,15200.0
1815.0,1690.0,8167,16054,17492,18581,18456,19137,32767,32767,32767,32767,32767,2093.0,15200.0
1284.0,1056.0,8892,16054,17492,17488,17226,19137,32767,32767,32767,32767,32767,2681.0,15200.0
1704.0,1479.0,8892,16054,17991,16941,17841,19137,32767,32767,32767,32767,32767,2754.0,15200.0
1616.0,1347.0,10889,16527,18991,18581,17841,19137,32767,32767,32767,32767,32767,3452.0,15200.0
1594.0,1426.0,9255,16527,17991,18581,18456,19137,32767,32767,32767,32767,32767,2497.0,15200.0
1461.0,1373.0,9255,16527,18991,18581,19072,19137,32767,32767,32767,32767,32767,2203.0,15200.0
1505.0,1268.0,10889,16999,18991,19127,18456,19137,32767,32767,32767,32767,32767,3121.0,15200.0
1616.0,1479.0,9618,16999,19491,19127,19072,19137,32767,32767,32767,32767,32767,2497.0,15200.0
1483.0,1268.0,9800,16999,18491,18581,19072,19137,32767,32767,32767,32767,32767,2754.0,15200.0
1483.0,1294.0,10526,16999,19491,18034,19072,19137,32767,32767,32767,32767,32767,3011.0,15200.0
1328.0,1188.0,10344,16999,18991,18581,19072,19137,32767,32767,32767,32767,32767,2644.0,15200.0
1549.0,1505.0,10707,17471,19990,19127,19687,19137,32767,32767,32767,32767,32767,2791.0,15200.0
1660.0,1320.0,11070,18415,21490,20220,19687,19137,32767,32767,32767,32767,32767,3745.0,15200.0
1771.0,1611.0,8167,15110,16992,17488,17841,19821,32767,32767,32767,32767,32767,2423.0,15200.0
1771.0,1611.0,8530,15110,17492,18034,18456,19821,32767,32767,32767,32767,32767,2754.0,15200.0
1527.0,1373.0,8711,15582,17492,17488,17226,19821,32767,32767,32767,32767,32767,2644.0,15200.0
1616.0,1505.0,8530,15582,16992,18581,18456,19821,32767,32767,32767,32767,32767,2130.0,15200.0
1859.0,1690.0,8711,16054,17991,18581,19072,19821,32767,32767,32767,32767,32767,2534.0,15200.0
1572.0,1373.0,9074,16054,18491,18581,16611,19821,32767,32767,32767,32767,32767,2607.0,15200.0
1527.0,1347.0,8892,16054,17991,18034,20302,19821,32767,32767,32767,32767,32767,2681.0,15200.0
1417.0,1215.0,9074,16527,17492,17488,18456,19821,32767,32767,32767,32767,32767,2240.0,15200.0
1527.0,1320.0,10344,16527,19491,19127,19687,19821,32767,32767,32767,32767,32767,3121.0,15200.0
1328.0,1109.0,9800,16527,19491,19127,19072,19821,32767,32767,32767,32767,32767,2864.0,15200.0
1815.0,1558.0,10163,16527,18491,18034,18456,19821,32767,32767,32767,32767,32767,3378.0,15200.0
1461.0,1294.0,8892,16527,17991,18034,19072,19821,32767,32767,32767,32767,32767,2056.0,15200.0
1505.0,1320.0,9800,16527,18491,18581,17841,19821,32767,32767,32767,32767,32767,2717.0,15200.0
1793.0,1796.0,9800,16999,18991,20767,20302,19821,32767,32767,32767,32767,32767,2791.0,15200.0
1727.0,1584.0,9981,17471,19491,19674,19072,19821,32767,32767,32767,32767,32767,2938.0,15200.0
1483.0,1426.0,10526,17943,19491,19127,18456,19821,32767,32767,32767,32767,32767,2717.0,15200.0
1704.0,1532.0,10344,17943,19990,20767,20917,19821,32767,32767,32767,32767,32767,2938.0,15200.0
1749.0,1584.0,8892,15582,17492,19127,19687,20504,32767,32767,32767,32767,32767,2791.0,15200.0
1970.0,1743.0,8530,16054,17492,18034,18456,20504,32767,32767,32767,32767,32767,2938.0,15200.0
1837.0,1664.0,8711,16054,17492,19127,19072,20504,32767,32767,32767,32767,32767,2570.0,15200.0
1505.0,1268.0,9800,16527,18491,17488,17841,20504,32767,32767,32767,32767,32767,2754.0,15200.0
1549.0,1347.0,8892,16527,18991,19674,19072,20504,32767,32767,32767,32767,32767,2717.0,15200.0
1704.0,1558.0,8348,16527,17991,18034,18456,20504,32767,32767,32767,32767,32767,2313.0,15200.0
1527.0,1268.0,9800,16999,19491,19127,18456,20504,32767,32767,32767,32767,32767,2754.0,15200.0
1771.0,1664.0,9074,16999,18491,18581,19072,20504,32767,32767,32767,32767,32767,2681.0,15200.0
1549.0,1505.0,9255,17471,18991,19674,18456,20504,32767,32767,32767,32767,32767,2093.0,15200.0
1527.0,1400.0,9618,17471,19491,18581,19072,20504,32767,32767,32767,32767,32767,2313.0,15200.0
1815.0,1637.0,9437,17471,19990,20220,20917,20504,32767,32767,32767,32767,32767,2791.0,15200.0
1505.0,1320.0,10344,17471,19990,19674,19072,20504,32767,32767,32767,32767,32767,3305.0,15200.0
1660.0,1611.0,9800,17471,19990,19674,20302,20504,32767,32767,32767,32767,32767,2607.0,15200.0
1527.0,1400.0,9618,17471,19491,19674,20302,20504,32767,32767,32767,32767,32767,2460.0,15200.0
1771.0,1558.0,9255,17471,19491,18581,19687,20504,32767,32767,32767,32767,32767,2570.0,15200.0
1549.0,1347.0,9800,17471,19990,19127,19072,20504,32767,32767,32767,32767,32767,2460.0,15200.0
1793.0,1637.0,9255,17471,18991,19674,20302,20504,32767,32767,32767,32767,32767,2681.0,15200.0
1727.0,1558.0,9255,17471,18991,19674,20917,20504,32767,32767,32767,32767,32767,2423.0,15200.0
1992.0,1849.0,10163,17943,21490,20767,20917,20504,32767,32767,32767,32767,32767,2901.0,15200.0
1727.0,1664.0,10163,17943,19491,20220,21532,20504,32767,32767,32767,32767,32767,2791.0,15200.0
1970.0,1743.0,9981,17943,19491,21313,20917,20504,32767,32767,32767,32767,32767,3231.0,15200.0
1439.0,1373.0,11252,18887,20490,21860,20917,20504,32767,32767,32767,32767,32767,2607.0,15200.0
1572.0,1532.0,10707,18887,20990,21313,20917,20504,32767,32767,32767,32767,32767,2644.0,15200.0
1417.0,1347.0,11796,20304,22989,22406,22763,20504,32767,32767,32767,32767,32767,2901.0,15200.0
1881.0,1743.0,9074,15582,17991,19127,19687,21187,32767,32767,32767,32767,32767,2717.0,15200.0
1859.0,1637.0,9437,16527,19491,19674,20302,21187,32767,32767,32767,32767,32767,2754.0,15200.0
1881.0,1743.0,9981,16999,19491,20767,20917,21187,32767,32767,32767,32767,32767,2864.0,15200.0
1439.0,1241.0,9255,17943,18991,19127,19687,21187,32767,32767,32767,32767,32767,2423.0,15200.0
1483.0,1373.0,8892,17943,20990,19127,20302,21187,32767,32767,32767,32767,32767,2166.0,15200.0
1616.0,1479.0,11070,18415,20990,20767,21532,21187,32767,32767,32767,32767,32767,3158.0,15200.0
1727.0,1584.0,9800,18415,19491,20220,19687,21187,32767,32767,32767,32767,32767,2387.0,15200.0
1417.0,1188.0,9800,18415,20490,20767,22148,21187,32767,32767,32767,32767,32767,2460.0,15200.0
1727.0,1637.0,9074,18415,19990,20767,20917,21187,32767,32767,32767,32767,32767,2277.0,15200.0
1749.0,1849.0,9981,18415,19491,20220,20917,21187,32767,32767,32767,32767,32767,2827.0,15200.0
1461.0,1320.0,9981,18415,20990,20220,21532,21187,32767,32767,32767,32767,32767,2423.0,15200.0
1815.0,1822.0,10163,18415,20490,20767,20917,21187,32767,32767,32767,32767,32767,2717.0,15200.0
1749.0,1769.0,10707,18887,21490,21860,21532,21187,32767,32767,32767,32767,32767,2717.0,15200.0
1439.0,1347.0,11252,18887,20990,21860,21532,21187,32767,32767,32767,32767,32767,2607.0,15200.0
1594.0,1452.0,10344,18887,21490,20220,20917,21187,32767,32767,32767,32767,32767,2313.0,15200.0
1837.0,1690.0,10889,18887,21490,21313,20917,21187,32767,32767,32767,32767,32767,2974.0,15200.0
1549.0,1452.0,12341,20304,23489,23499,22763,21187,32767,32767,32767,32767,32767,2791.0,15200.0
1992.0,1796.0,8711,16527,18491,19674,19687,21871,32767,32767,32767,32767,32767,2864.0,15200.0
1505.0,1347.0,9437,17471,20990,20220,20917,21871,32767,32767,32767,32767,32767,2203.0,15200.0
1881.0,1796.0,9800,17471,19990,21860,21532,21871,32767,32767,32767,32767,32767,2754.0,15200.0
1793.0,1584.0,8892,17471,19491,18581,20302,21871,32767,32767,32767,32767,32767,2497.0,15200.0
1549.0,1426.0,9437,17471,20990,19674,20917,21871,32767,32767,32767,32767,32767,2020.0,15200.0
1881.0,1637.0,9074,17471,18991,19674,20917,21871,32767,32767,32767,32767,32767,2901.0,15200.0
2014.0,1849.0,9074,17943,19491,19674,19687,21871,32767,32767,32767,32767,32767,2901.0,15200.0
1815.0,1584.0,9800,17943,18991,19674,20302,21871,32767,32767,32767,32767,32767,2864.0,15200.0
1859.0,1664.0,10707,17943,20990,21313,22148,21871,32767,32767,32767,32767,32767,2754.0,15200.0
1682.0,1505.0,10163,17943,19491,19674,20917,21871,32767,32767,32767,32767,32767,2864.0,15200.0
1948.0,1875.0,9981,18415,19491,21860,22148,21871,32767,32767,32767,32767,32767,2717.0,15200.0
1572.0,1558.0,9618,18415,20990,21860,22148,21871,32767,32767,32767,32767,32767,1873.0,15200.0
1527.0,1400.0,10526,18887,20490,20220,20302,21871,32767,32767,32767,32767,32767,2350.0,15200.0
1682.0,1452.0,9800,18887,20490,20220,20917,21871,32767,32767,32767,32767,32767,2387.0,15200.0
1594.0,1479.0,11070,18887,20990,22406,20917,21871,32767,32767,32767,32767,32767,2938.0,15200.0
1483.0,1294.0,10889,19360,21490,20767,22148,21871,32767,32767,32767,32767,32767,2938.0,15200.0
1549.0,1558.0,10163,19360,21490,22406,23378,21871,32767,32767,32767,32767,32767,2240.0,15200.0
1793.0,1637.0,10889,19360,21490,21313,20917,21871,32767,32767,32767,32767,32767,2974.0,15200.0
1771.0,1796.0,11615,19832,22489,22406,22763,21871,32767,32767,32767,32767,32767,3121.0,15200.0
1704.0,1505.0,11433,20776,22989,21313,22148,21871,32767,32767,32767,32767,32767,2864.0,15200.0
1749.0,1743.0,11252,20776,23489,22953,23993,21871,32767,32767,32767,32767,32767,3158.0,15200.0
2059.0,1849.0,9618,17471,19491,19674,20917,22554,32767,32767,32767,32767,32767,3195.0,15200.0
1638.0,1452.0,8892,17471,20490,19127,19687,22554,32767,32767,32767,32767,32767,2313.0,15200.0
2036.0,1796.0,9800,17943,18991,20767,21532,22554,32767,32767,32767,32767,32767,2901.0,15200.0
1815.0,1690.0,9074,18415,18991,20220,21532,22554,32767,32767,32767,32767,32767,2240.0,15200.0
1904.0,1716.0,10707,18415,21490,20767,22148,22554,32767,32767,32767,32767,32767,3048.0,15200.0
1771.0,1690.0,10889,18415,20490,21860,20917,22554,32767,32767,32767,32767,32767,2864.0,15200.0
1793.0,1743.0,9800,18415,20990,19127,20302,22554,32767,32767,32767,32767,32767,2497.0,15200.0
2059.0,1849.0,10344,18415,20990,20220,20917,22554,32767,32767,32767,32767,32767,3378.0,15200.0
1904.0,1849.0,9981,18887,20990,21313,22148,22554,32767,32767,32767,32767,32767,2570.0,15200.0
1505.0,1426.0,11070,18887,21990,21860,21532,22554,32767,32767,32767,32767,32767,2681.0,15200.0
1749.0,1664.0,10344,18887,21990,21860,22763,22554,32767,32767,32767,32767,32767,2277.0,15200.0
1881.0,1690.0,9800,18887,19990,19674,21532,22554,32767,32767,32767,32767,32767,2644.0,15200.0
1616.0,1584.0,9800,19360,21990,20767,22148,22554,32767,32767,32767,32767,32767,1873.0,15200.0
2103.0,1954.0,10889,19360,21490,22406,23378,22554,32767,32767,32767,32767,32767,3195.0,15200.0
1527.0,1452.0,9981,19360,22489,20767,21532,22554,32767,32767,32767,32767,32767,2056.0,15200.0
1837.0,1690.0,10889,19832,21990,22406,22763,22554,32767,32767,32767,32767,32767,2570.0,15200.0
1704.0,1611.0,9618,19832,21490,20767,21532,22554,32767,32767,32767,32767,32767,1983.0,15200.0
1594.0,1452.0,11070,19832,22989,21313,22763,22554,32767,32767,32767,32767,32767,2717.0,15200.0
1815.0,1664.0,11252,20304,22989,22406,23378,22554,32767,32767,32767,32767,32767,2791.0,15200.0
1616.0,1479.0,10889,20304,22989,22406,22763,22554,32767,32767,32767,32767,32767,2240.0,15200.0
1704.0,1637.0,11796,21248,23989,23499,23378,22554,32767,32767,32767,32767,32767,2534.0,15200.0
2236.0,2086.0,9618,17943,19990,20767,22763,23238,32767,32767,32767,32767,32767,3158.0,15200.0
2147.0,1981.0,9618,18415,21490,21313,22763,23238,32767,32767,32767,32767,32767,3048.0,15200.0
2191.0,2007.0,10526,18415,21990,21313,22148,23238,32767,32767,32767,32767,32767,3341.0,15200.0
1638.0,1452.0,10526,18887,20990,21313,22763,23238,32767,32767,32767,32767,32767,2827.0,15200.0
1970.0,1875.0,10344,19360,21990,22953,23378,23238,32767,32767,32767,32767,32767,2570.0,15200.0
1771.0,1611.0,9800,19360,21490,21860,22148,23238,32767,32767,32767,32767,32767,2607.0,15200.0
2147.0,1928.0,10526,19360,20490,21313,21532,23238,32767,32767,32767,32767,32767,3305.0,15200.0
1549.0,1400.0,11070,19360,22989,23499,23378,23238,32767,32767,32767,32767,32767,2570.0,15200.0
1948.0,1769.0,10889,19360,21990,22406,22148,23238,32767,32767,32767,32767,32767,2974.0,15200.0
1837.0,1716.0,9618,19360,20990,21313,21532,23238,32767,32767,32767,32767,32767,2534.0,15200.0
1793.0,1901.0,11070,19360,22489,21860,23378,23238,32767,32767,32767,32767,32767,2864.0,15200.0
1793.0,1716.0,11070,19832,21990,21313,23378,23238,32767,32767,32767,32767,32767,2717.0,15200.0
1881.0,1769.0,10889,20304,22989,23499,23378,23238,32767,32767,32767,32767,32767,2754.0,15200.0
1771.0,1743.0,10707,20304,21990,23499,23993,23238,32767,32767,32767,32767,32767,3084.0,15200.0
1594.0,1505.0,11978,20776,23989,23499,23993,23238,32767,32767,32767,32767,32767,2827.0,15200.0
1505.0,1347.0,11978,20776,23989,22953,22763,23238,32767,32767,32767,32767,32767,3121.0,15200.0
1904.0,1796.0,11070,20776,24488,22953,23378,23238,32767,32767,32767,32767,32767,2791.0,15200.0
1638.0,1716.0,12159,21721,24488,25685,25224,23238,32767,32767,32767,32767,32767,2570.0,15200.0
1727.0,1875.0,11615,21721,24488,27325,27685,23238,32767,32767,32767,32767,32767,2166.0,15200.0
1793.0,1664.0,11978,21721,24488,24046,24609,23238,32767,32767,32767,32767,32767,2644.0,15200.0
1749.0,1954.0,13429,21721,24488,25139,25224,23238,32767,32767,32767,32767,32767,3341.0,15200.0
1461.0,1373.0,13067,22193,24988,25139,24609,23238,32767,32767,32767,32767,32767,3268.0,15200.0
2081.0,1901.0,9255,17943,20990,21313,21532,23921,32767,32767,32767,32767,32767,2754.0,15200.0
1727.0,1558.0,9074,17943,19990,20767,22148,23921,32767,32767,32767,32767,32767,2350.0,15200.0
2014.0,1822.0,9437,17943,20490,21313,22148,23921,32767,32767,32767,32767,32767,2350.0,15200.0
2214.0,2086.0,9074,18887,21490,21860,22148,23921,32767,32767,32767,32767,32767,2791.0,15200.0
2191.0,1981.0,10163,18887,20490,21860,22763,23921,32767,32767,32767,32767,32767,3195.0,15200.0
1992.0,1743.0,10889,19360,22989,21860,22148,23921,32767,32767,32767,32767,32767,2938.0,15200.0
1904.0,1769.0,10344,19360,21990,20767,22148,23921,32767,32767,32767,32767,32767,2754.0,15200.0
2191.0,2007.0,10344,19360,21490,22406,22763,23921,32767,32767,32767,32767,32767,3305.0,15200.0
2324.0,2271.0,9981,19360,21990,22406,23378,23921,32767,32767,32767,32767,32767,2901.0,15200.0
1682.0,1611.0,10889,19360,21490,21860,22148,23921,32767,32767,32767,32767,32767,2644.0,15200.0
1616.0,1664.0,11433,20304,22989,22406,22148,23921,32767,32767,32767,32767,32767,2607.0,15200.0
2236.0,2113.0,11070,20776,23489,22406,23378,23921,32767,32767,32767,32767,32767,3231.0,15200.0
1505.0,1400.0,10526,21248,22989,24592,25224,23921,32767,32767,32767,32767,32767,2020.0,15200.0
1749.0,1769.0,11070,21721,24488,24592,23378,23921,32767,32767,32767,32767,32767,2166.0,15200.0
1616.0,1664.0,11615,22193,23989,24592,23993,23921,32767,32767,32767,32767,32767,2020.0,15200.0
1616.0,1743.0,12159,22665,24988,24592,23993,23921,32767,32767,32767,32767,32767,2130.0,15200.0
2214.0,2033.0,9618,18415,21490,21313,22763,24605,32767,32767,32767,32767,32767,2791.0,15200.0
2236.0,2060.0,9800,18415,20490,20767,21532,24605,32767,32767,32767,32767,32767,3195.0,15200.0
2236.0,2060.0,9800,18887,21990,21313,22148,24605,32767,32767,32767,32767,32767,3121.0,15200.0
1837.0,1637.0,9981,18887,21490,21313,21532,24605,32767,32767,32767,32767,32767,2534.0,15200.0
2302.0,2086.0,9618,18887,21990,22406,22148,24605,32767,32767,32767,32767,32767,3158.0,15200.0
1859.0,1716.0,10163,19360,22489,21860,22763,24605,32767,32767,32767,32767,32767,2460.0,15200.0
2191.0,2033.0,9981,19360,21990,22406,22763,24605,32767,32767,32767,32767,32767,2754.0,15200.0
2081.0,1901.0,10163,19360,21490,21860,22763,24605,32767,32767,32767,32767,32767,2644.0,15200.0
1771.0,1743.0,10526,20304,22989,22406,23378,24605,32767,32767,32767,32767,32767,2460.0,15200.0
1815.0,1690.0,10344,20304,21990,22953,22148,24605,32767,32767,32767,32767,32767,2717.0,15200.0
1771.0,1769.0,11796,20776,23989,24046,24609,24605,32767,32767,32767,32767,32767,2938.0,15200.0
1904.0,1743.0,12159,21248,23489,23499,24609,24605,32767,32767,32767,32767,32767,3158.0,15200.0
1881.0,1796.0,11615,22193,25488,25139,25839,24605,32767,32767,32767,32767,32767,2387.0,15200.0
1904.0,1796.0,11978,22665,24988,25685,25839,24605,32767,32767,32767,32767,32767,3195.0,15200.0
1859.0,1664.0,12341,22665,24988,25685,26454,24605,32767,32767,32767,32767,32767,3488.0,15200.0
1904.0,1743.0,12704,22665,25488,25685,26454,24605,32767,32767,32767,32767,32767,3378.0,15200.0
2014.0,1849.0,10344,18887,22489,20767,22763,25288,32767,32767,32767,32767,32767,2791.0,15200.0
2236.0,2060.0,9981,19360,22489,22406,23993,25288,32767,32767,32767,32767,32767,3048.0,15200.0
2723.0,2509.0,10163,19832,22989,24592,24609,25288,32767,32767,32767,32767,32767,3268.0,15200.0
2280.0,2113.0,9800,19832,21490,21860,23378,25288,32767,32767,32767,32767,32767,3048.0,15200.0
2147.0,1954.0,10344,19832,22989,23499,23993,25288,32767,32767,32767,32767,32767,3231.0,15200.0
1837.0,1637.0,11252,20304,22489,22406,23378,25288,32767,32767,32767,32767,32767,2644.0,15200.0
2258.0,2139.0,10344,20304,21990,23499,25839,25288,32767,32767,32767,32767,32767,3048.0,15200.0
2014.0,1928.0,11433,20776,23989,24046,24609,25288,32767,32767,32767,32767,32767,2827.0,15200.0
1904.0,1796.0,11433,20776,22989,23499,23993,25288,32767,32767,32767,32767,32767,2754.0,15200.0
1904.0,1849.0,11252,21721,23989,24592,24609,25288,32767,32767,32767,32767,32767,2534.0,15200.0
2014.0,2377.0,10163,21721,24488,25685,27685,25288,32767,32767,32767,32767,32767,2460.0,15200.0
1904.0,1849.0,11070,22193,24988,23499,23378,25288,32767,32767,32767,32767,32767,2203.0,15200.0
1926.0,1822.0,12885,22665,25488,25685,26454,25288,32767,32767,32767,32767,32767,3231.0,15200.0
2014.0,2060.0,12341,22665,26487,25139,26454,25288,32767,32767,32767,32767,32767,2827.0,15200.0
1926.0,1875.0,12704,23137,27487,26232,26454,25288,32767,32767,32767,32767,32767,2901.0,15200.0
2302.0,2113.0,10526,19832,22489,24046,24609,25972,32767,32767,32767,32767,32767,3158.0,15200.0
2413.0,2324.0,11070,20304,23989,24592,27069,25972,32767,32767,32767,32767,32767,3048.0,15200.0
2191.0,2033.0,10707,20776,22989,25139,25224,25972,32767,32767,32767,32767,32767,2938.0,15200.0
2036.0,1901.0,11796,20776,24488,23499,25224,25972,32767,32767,32767,32767,32767,3011.0,15200.0
2191.0,2060.0,11252,21248,23989,24592,26454,25972,32767,32767,32767,32767,32767,2864.0,15200.0
1815.0,1796.0,11615,21248,23989,24592,25839,25972,32767,32767,32767,32767,32767,2864.0,15200.0
1970.0,1875.0,10889,21248,23989,24592,25839,25972,32767,32767,32767,32767,32767,2570.0,15200.0
1881.0,1875.0,11252,21721,24988,25139,25224,25972,32767,32767,32767,32767,32767,2350.0,15200.0
2125.0,1981.0,10889,21721,23489,24046,25224,25972,32767,32767,32767,32767,32767,2644.0,15200.0
1793.0,1637.0,10889,22193,24488,25139,25224,25972,32767,32767,32767,32767,32767,2460.0,15200.0
1970.0,1875.0,12341,22665,25488,25685,26454,25972,32767,32767,32767,32767,32767,2681.0,15200.0
1837.0,1769.0,12159,22665,26487,26232,26454,25972,32767,32767,32767,32767,32767,2423.0,15200.0
1970.0,2060.0,12159,23137,25988,26778,27685,25972,32767,32767,32767,32767,32767,3084.0,15200.0
1904.0,2033.0,12341,24081,26987,26232,26454,25972,32767,32767,32767,32767,32767,2350.0,15200.0
1970.0,2139.0,13067,24081,27487,26232,27685,25972,32767,32767,32767,32767,32767,2534.0,15200.0
1904.0,1796.0,13067,24081,26987,25685,25839,25972,32767,32767,32767,32767,32767,2974.0,15200.0
2081.0,1928.0,10526,19832,22989,23499,24609,26655,32767,32767,32767,32767,32767,2681.0,15200.0
1682.0,1637.0,10344,21248,24988,25139,27069,26655,32767,32767,32767,32767,32767,2313.0,15200.0
2125.0,1981.0,11433,21248,23989,24046,25224,26655,32767,32767,32767,32767,32767,3158.0,15200.0
2523.0,2377.0,10526,21721,22989,25139,25224,26655,32767,32767,32767,32767,32767,3121.0,15200.0
2258.0,2271.0,11252,22193,25988,26232,27069,26655,32767,32767,32767,32767,32767,2754.0,15200.0
1904.0,1849.0,11615,22193,24988,26778,27685,26655,32767,32767,32767,32767,32767,2901.0,15200.0
2479.0,2456.0,12341,22665,24488,26232,27685,26655,32767,32767,32767,32767,32767,3305.0,15200.0
2258.0,2113.0,11796,22665,25488,26232,27685,26655,32767,32767,32767,32767,32767,3121.0,15200.0
2103.0,1954.0,12159,22665,25488,26232,27685,26655,32767,32767,32767,32767,32767,2791.0,15200.0
2125.0,2033.0,12522,23609,25988,26778,27685,26655,32767,32767,32767,32767,32767,2901.0,15200.0
2214.0,2086.0,12885,23137,25488,25139,27069,27339,32767,32767,32767,32767,32767,3195.0,15200.0
2191.0,2245.0,12159,23609,26487,26232,27685,27339,32767,32767,32767,32767,32767,2901.0,15200.0
2214.0,2297.0,12704,23609,25488,26778,28300,27339,32767,32767,32767,32767,32767,2938.0,15200.0
1682.0,1690.0,12885,23609,25488,25685,27685,27339,32767,32767,32767,32767,32767,2681.0,15200.0
1660.0,1716.0,13248,24081,26987,27325,27685,27339,32767,32767,32767,32767,32767,2754.0,15200.0
2103.0,2113.0,13248,24081,27487,28418,30145,27339,32767,32767,32767,32767,32767,3084.0,15200.0
2081.0,2086.0,13611,25498,28486,27325,28300,27339,32767,32767,32767,32767,32767,3231.0,15200.0
2214.0,2060.0,11978,22665,25488,25139,25839,28022,32767,32767,32767,32767,32767,2974.0,15200.0
2346.0,2245.0,12522,23137,25488,27325,28300,28022,32767,32767,32767,32767,32767,3268.0,15200.0
1926.0,1901.0,12885,23609,25988,27325,28300,28022,32767,32767,32767,32767,32767,3084.0,15200.0
2059.0,2086.0,12885,24554,26987,26232,28300,28022,32767,32767,32767,32767,32767,2791.0,15200.0
2723.0,2588.0,12704,24554,28486,26232,28300,28022,32767,32767,32767,32767,32767,3305.0,15200.0
1926.0,1981.0,12522,25026,27987,27325,28300,28022,32767,32767,32767,32767,32767,2203.0,15200.0
1793.0,1954.0,13067,25498,28486,28418,28915,28022,32767,32767,32767,32767,32767,2203.0,15200.0
2081.0,2007.0,13792,25498,28986,29511,29530,28022,32767,32767,32767,32767,32767,3011.0,15200.0
2147.0,2139.0,14700,27859,30985,31697,31991,28022,32767,32767,32767,32767,32767,2938.0,15200.0
2236.0,2165.0,13067,24554,27487,27325,28915,28706,32767,32767,32767,32767,32767,2938.0,15200.0
2280.0,2297.0,13792,25498,28486,29511,28915,28706,32767,32767,32767,32767,32767,2938.0,15200.0
2036.0,2192.0,13248,25970,29986,28964,29530,28706,32767,32767,32767,32767,32767,2387.0,15200.0
2081.0,2456.0,11978,26915,29986,31697,32767,28706,32767,32767,32767,32767,32767,2534.0,15200.0
1948.0,2033.0,14337,26915,30985,30604,31376,28706,32767,32767,32767,32767,32767,2570.0,15200.0
2258.0,2350.0,13067,23609,26487,27325,28915,29389,32767,32767,32767,32767,32767,3378.0,15200.0
2435.0,2509.0,14518,26915,29486,29511,30761,29389,32767,32767,32767,32767,32767,3378.0,15200.0
2014.0,1849.0,13792,25498,27487,28964,30145,30073,32767,32767,32767,32767,32767,3121.0,15200.0
1247.0,1078.0,5114,12387,12625,12744,11955,13946,32767,32767,32767,32767,32767,1142.0,15400.0
1398.0,1155.0,5995,13305,13111,13275,11955,14610,32767,32767,32767,32767,32767,1606.0,15400.0
1423.0,1106.0,5835,12422,11686,13312,12588,14650,32767,32767,32767,32767,32767,1825.0,15400.0
1531.0,1286.0,8487,13802,15095,14909,13787,15316,32767,32767,32767,32767,32767,2826.0,15400.0
1574.0,1286.0,8841,14262,15582,15974,14386,15316,32767,32767,32767,32767,32767,3184.0,15400.0
1419.0,1180.0,5643,12387,13596,14337,12553,15938,32767,32767,32767,32767,32767,1356.0,15400.0
1570.0,1360.0,7406,14681,15053,16461,16140,15938,32767,32767,32767,32767,32767,2462.0,15400.0
1484.0,1309.0,6877,16975,16996,15399,14944,15938,32767,32767,32767,32767,32767,1606.0,15400.0
1553.0,1338.0,7426,14262,15095,15442,14985,15982,32767,32767,32767,32767,32767,1896.0,15400.0
1596.0,1415.0,7250,14722,16069,15974,14386,15982,32767,32767,32767,32767,32767,1932.0,15400.0
1661.0,1518.0,9195,17022,18503,18636,17383,15982,32767,32767,32767,32767,32767,2147.0,15400.0
1484.0,1283.0,5819,12846,14082,14868,12553,16602,32767,32767,32767,32767,32767,1320.0,15400.0
1462.0,1309.0,6172,14223,15053,14868,13749,16602,32767,32767,32767,32767,32767,1356.0,15400.0
1484.0,1283.0,7053,14223,15053,15930,15542,16602,32767,32767,32767,32767,32767,1534.0,15400.0
1506.0,1360.0,6524,14223,14082,15399,14346,16602,32767,32767,32767,32767,32767,1962.0,15400.0
1484.0,1283.0,7935,16517,16996,18054,16737,16602,32767,32767,32767,32767,32767,1391.0,15400.0
1441.0,1206.0,10051,16975,19424,18054,17335,16602,32767,32767,32767,32767,32767,2783.0,15400.0
1747.0,1544.0,6542,13802,14608,15442,15585,16648,32767,32767,32767,32767,32767,1968.0,15400.0
1639.0,1415.0,7073,14262,14608,14377,13787,16648,32767,32767,32767,32767,32767,2325.0,15400.0
1553.0,1312.0,8311,14722,16069,15442,15585,16648,32767,32767,32767,32767,32767,2469.0,15400.0
1704.0,1518.0,8311,15182,16069,16507,16784,16648,32767,32767,32767,32767,32767,2111.0,15400.0
1661.0,1441.0,8487,15182,17043,16507,16184,16648,32767,32767,32767,32767,32767,2504.0,15400.0
1682.0,1492.0,8311,15182,16556,16507,15585,16648,32767,32767,32767,32767,32767,2826.0,15400.0
1467.0,1132.0,9371,15182,17043,17039,15585,16648,32767,32767,32767,32767,32767,2826.0,15400.0
1704.0,1467.0,9902,15642,17043,17039,16184,16648,32767,32767,32767,32767,32767,3363.0,15400.0
1747.0,1544.0,8311,15642,17043,17039,16784,16648,32767,32767,32767,32767,32767,2433.0,15400.0
1549.0,1360.0,5643,13305,14082,14337,13749,17266,32767,32767,32767,32767,32767,1391.0,15400.0
1699.0,1488.0,7582,15140,16996,16992,16140,17266,32767,32767,32767,32767,32767,1962.0,15400.0
1419.0,1206.0,6524,15140,15539,16992,13749,17266,32767,32767,32767,32767,32767,1284.0,15400.0
1484.0,1309.0,9169,16058,18452,18585,17335,17266,32767,32767,32767,32767,32767,2176.0,15400.0
1527.0,1334.0,6877,16058,16510,16461,14944,17266,32767,32767,32767,32767,32767,1427.0,15400.0
1828.0,1770.0,8640,16975,18452,18585,17933,17266,32767,32767,32767,32767,32767,1891.0,15400.0
1613.0,1309.0,9875,17434,18452,19647,17933,17266,32767,32767,32767,32767,32767,2783.0,15400.0
1441.0,1232.0,6701,17434,16510,15930,14346,17266,32767,32767,32767,32767,32767,1284.0,15400.0
1574.0,1338.0,6896,14262,15095,16507,15585,17314,32767,32767,32767,32767,32767,2182.0,15400.0
1531.0,1261.0,7426,14262,14608,14909,14386,17314,32767,32767,32767,32767,32767,2075.0,15400.0
1639.0,1415.0,8664,15182,17530,17039,16784,17314,32767,32767,32767,32767,32767,2576.0,15400.0
1661.0,1492.0,8487,15642,16556,18104,16784,17314,32767,32767,32767,32767,32767,2254.0,15400.0
1445.0,1184.0,9371,15642,17530,17039,15585,17314,32767,32767,32767,32767,32767,2647.0,15400.0
1618.0,1338.0,8841,15642,16069,17039,16184,17314,32767,32767,32767,32767,32767,3113.0,15400.0
1704.0,1492.0,8841,16102,18016,17039,17383,17314,32767,32767,32767,32767,32767,2361.0,15400.0
1682.0,1492.0,9018,16102,18016,18104,17983,17314,32767,32767,32767,32767,32767,2182.0,15400.0
1833.0,1672.0,8841,16102,18016,18104,16784,17314,32767,32767,32767,32767,32767,2397.0,15400.0
1549.0,1334.0,6524,14223,14568,15930,15542,17930,32767,32767,32767,32767,32767,1463.0,15400.0
1549.0,1437.0,7230,15140,16996,18585,16140,17930,32767,32767,32767,32767,32767,1427.0,15400.0
1527.0,1309.0,6877,15140,16024,16461,16140,17930,32767,32767,32767,32767,32767,1641.0,15400.0
1484.0,1309.0,7053,15599,16510,16461,14944,17930,32767,32767,32767,32767,32767,1391.0,15400.0
1785.0,1719.0,9346,17893,19909,20709,20324,17930,32767,32767,32767,32767,32767,2497.0,15400.0
1790.0,1570.0,9371,15182,17043,17039,16184,17980,32767,32767,32767,32767,32767,3077.0,15400.0
1876.0,1647.0,9902,16102,17530,17571,17383,17980,32767,32767,32767,32767,32767,3291.0,15400.0
1682.0,1492.0,8134,16102,17043,17039,15585,17980,32767,32767,32767,32767,32767,2039.0,15400.0
1661.0,1441.0,9902,16102,17530,18104,17383,17980,32767,32767,32767,32767,32767,2934.0,15400.0
1747.0,1595.0,8664,16102,16556,17039,16784,17980,32767,32767,32767,32767,32767,2791.0,15400.0
1855.0,1698.0,8841,16562,18503,18636,19181,17980,32767,32767,32767,32767,32767,2504.0,15400.0
1768.0,1570.0,9371,16562,18016,18636,17983,17980,32767,32767,32767,32767,32767,2469.0,15400.0
1618.0,1389.0,9371,17022,17043,16507,16784,17980,32767,32767,32767,32767,32767,2755.0,15400.0
1855.0,1621.0,10609,17482,19477,19169,17983,17980,32767,32767,32767,32767,32767,3256.0,15400.0
1725.0,1467.0,9195,17482,18503,19169,17383,17980,32767,32767,32767,32767,32767,2433.0,15400.0
1747.0,1518.0,10432,17482,18990,18636,17983,17980,32767,32767,32767,32767,32767,3220.0,15400.0
1876.0,1750.0,9725,17942,19477,19701,19181,17980,32767,32767,32767,32767,32767,2540.0,15400.0
1876.0,1724.0,9195,17942,19477,19169,19181,17980,32767,32767,32767,32767,32767,2290.0,15400.0
1618.0,1364.0,10786,18403,20938,20234,17383,17980,32767,32767,32767,32767,32767,2934.0,15400.0
1635.0,1437.0,7053,15599,16024,16992,16140,18594,32767,32767,32767,32767,32767,1427.0,15400.0
1742.0,1540.0,7053,15599,16996,16992,17933,18594,32767,32767,32767,32767,32767,1748.0,15400.0
1441.0,1232.0,8111,16058,17967,18054,17335,18594,32767,32767,32767,32767,32767,1463.0,15400.0
1635.0,1565.0,8640,16517,17967,18054,16737,18594,32767,32767,32767,32767,32767,1677.0,15400.0
1678.0,1463.0,10227,18811,20395,21240,20324,18594,32767,32767,32767,32767,32767,2569.0,15400.0
1656.0,1617.0,10756,19728,21366,21240,20922,18594,32767,32767,32767,32767,32767,2319.0,15400.0
1764.0,1668.0,11109,22022,23794,22833,22117,18594,32767,32767,32767,32767,32767,1784.0,15400.0
1488.0,1286.0,6012,14262,15095,15442,14386,18646,32767,32767,32767,32767,32767,1574.0,15400.0
1747.0,1467.0,7073,14722,15095,17039,16184,18646,32767,32767,32767,32767,32767,2361.0,15400.0
1941.0,1724.0,7957,15182,17043,17039,17383,18646,32767,32767,32767,32767,32767,2612.0,15400.0
1682.0,1415.0,10079,15642,18016,17571,16784,18646,32767,32767,32767,32767,32767,3113.0,15400.0
1725.0,1518.0,8487,15642,16556,18104,16784,18646,32767,32767,32767,32767,32767,2290.0,15400.0
1725.0,1570.0,8841,16102,18016,18636,17383,18646,32767,32767,32767,32767,32767,2647.0,15400.0
2329.0,2187.0,9195,16562,18503,19169,17983,18646,32767,32767,32767,32767,32767,2826.0,15400.0
1833.0,1647.0,9725,17022,18990,20234,18582,18646,32767,32767,32767,32767,32767,2683.0,15400.0
1768.0,1621.0,10079,17942,20938,19169,19181,18646,32767,32767,32767,32767,32767,2612.0,15400.0
1812.0,1698.0,9548,17942,19964,20766,20380,18646,32767,32767,32767,32767,32767,2218.0,15400.0
1725.0,1595.0,9018,17942,18990,19169,19181,18646,32767,32767,32767,32767,32767,2003.0,15400.0
2006.0,1801.0,10963,18403,21425,20766,20380,18646,32767,32767,32767,32767,32767,3148.0,15400.0
1807.0,1642.0,7053,15140,16024,19116,17933,19258,32767,32767,32767,32767,32767,1784.0,15400.0
1549.0,1309.0,8288,15599,17967,18054,17933,19258,32767,32767,32767,32767,32767,1855.0,15400.0
1742.0,1770.0,10227,19269,22337,20709,19726,19258,32767,32767,32767,32767,32767,2319.0,15400.0
1699.0,1411.0,10051,19269,20395,21240,20324,19258,32767,32767,32767,32767,32767,3033.0,15400.0
1764.0,1591.0,11285,20187,21851,22302,20922,19258,32767,32767,32767,32767,32767,2890.0,15400.0
1678.0,1565.0,10756,20187,22337,20709,20324,19258,32767,32767,32767,32767,32767,1962.0,15400.0
1828.0,1591.0,10051,20187,22823,21240,20324,19258,32767,32767,32767,32767,32767,2034.0,15400.0
1850.0,1873.0,11462,21563,23794,24426,21520,19258,32767,32767,32767,32767,32767,2034.0,15400.0
1721.0,1617.0,11109,22022,23794,23364,22715,19258,32767,32767,32767,32767,32767,1927.0,15400.0
1833.0,1621.0,6896,14722,15095,17039,16184,19312,32767,32767,32767,32767,32767,2003.0,15400.0
2049.0,1801.0,8664,16102,17530,17571,17983,19312,32767,32767,32767,32767,32767,2683.0,15400.0
1833.0,1621.0,8841,17022,19477,19169,19181,19312,32767,32767,32767,32767,32767,2361.0,15400.0
2027.0,1827.0,9902,17022,18503,19169,19181,19312,32767,32767,32767,32767,32767,3220.0,15400.0
2006.0,1827.0,9018,17482,18990,19701,19181,19312,32767,32767,32767,32767,32767,2612.0,15400.0
1941.0,1724.0,9725,17942,20451,20234,18582,19312,32767,32767,32767,32767,32767,2576.0,15400.0
1790.0,1544.0,10432,17942,18503,19169,17983,19312,32767,32767,32767,32767,32767,3327.0,15400.0
1812.0,1672.0,10432,18403,18990,20234,19781,19312,32767,32767,32767,32767,32767,2934.0,15400.0
1898.0,1801.0,10609,18403,21425,21831,20380,19312,32767,32767,32767,32767,32767,2504.0,15400.0
1747.0,1621.0,10079,18403,20451,20766,19781,19312,32767,32767,32767,32767,32767,2683.0,15400.0
1812.0,1570.0,10432,18403,20451,20234,19781,19312,32767,32767,32767,32767,32767,2969.0,15400.0
2027.0,1827.0,10256,18863,19477,20234,20380,19312,32767,32767,32767,32767,32767,2969.0,15400.0
1833.0,1647.0,10786,18863,20938,21299,20380,19312,32767,32767,32767,32767,32767,2934.0,15400.0
2027.0,1801.0,9902,19323,19477,19701,19181,19312,32767,32767,32767,32767,32767,3184.0,15400.0
1768.0,1595.0,11140,19323,21425,20234,19181,19312,32767,32767,32767,32767,32767,2898.0,15400.0
1682.0,1467.0,11316,19783,20938,20766,19781,19312,32767,32767,32767,32767,32767,3113.0,15400.0
1678.0,1411.0,7230,15599,16996,17523,16737,19923,32767,32767,32767,32767,32767,1962.0,15400.0
1678.0,1514.0,9522,17893,19424,20709,19128,19923,32767,32767,32767,32767,32767,2355.0,15400.0
1957.0,1796.0,10051,18811,21366,21240,20922,19923,32767,32767,32767,32767,32767,2462.0,15400.0
2237.0,2463.0,8817,19269,20880,20178,20922,19923,32767,32767,32767,32767,32767,2105.0,15400.0
2000.0,1924.0,9875,19728,21851,21240,20324,19923,32767,32767,32767,32767,32767,2248.0,15400.0
1828.0,1719.0,10756,20187,22337,23364,23313,19923,32767,32767,32767,32767,32767,2640.0,15400.0
1936.0,1873.0,11285,20187,22337,21771,22117,19923,32767,32767,32767,32767,32767,2854.0,15400.0
1807.0,1642.0,10404,20646,22337,21771,20922,19923,32767,32767,32767,32767,32767,2355.0,15400.0
1957.0,2078.0,11462,22481,24765,24426,23313,19923,32767,32767,32767,32767,32767,2248.0,15400.0
1850.0,1873.0,11638,22481,25251,23364,22715,19923,32767,32767,32767,32767,32767,2141.0,15400.0
1855.0,1724.0,7603,16102,17043,17571,17383,19978,32767,32767,32767,32767,32767,1682.0,15400.0
1768.0,1621.0,7426,16562,18503,18636,18582,19978,32767,32767,32767,32767,32767,1860.0,15400.0
1898.0,1672.0,10963,17482,19964,20766,19181,19978,32767,32767,32767,32767,32767,3613.0,15400.0
1919.0,1775.0,8134,17482,18990,19169,19181,19978,32767,32767,32767,32767,32767,1717.0,15400.0
1855.0,1672.0,9371,17942,18990,19169,18582,19978,32767,32767,32767,32767,32767,2791.0,15400.0
1747.0,1672.0,8311,17942,18990,19701,19781,19978,32767,32767,32767,32767,32767,1932.0,15400.0
1963.0,1775.0,9371,17942,20451,20234,19781,19978,32767,32767,32767,32767,32767,2325.0,15400.0
2049.0,1955.0,9371,18403,19477,19701,19781,19978,32767,32767,32767,32767,32767,2898.0,15400.0
1639.0,1415.0,9195,18403,19477,19701,19181,19978,32767,32767,32767,32767,32767,2504.0,15400.0
1941.0,1775.0,9371,18403,19477,21299,20980,19978,32767,32767,32767,32767,32767,2433.0,15400.0
1855.0,1775.0,10432,18863,21425,20766,20980,19978,32767,32767,32767,32767,32767,2647.0,15400.0
1963.0,1775.0,10786,18863,21425,20234,20380,19978,32767,32767,32767,32767,32767,3041.0,15400.0
2114.0,1878.0,10079,19323,20938,21299,20980,19978,32767,32767,32767,32767,32767,2826.0,15400.0
1876.0,1672.0,10963,19323,19964,20234,19781,19978,32767,32767,32767,32767,32767,3291.0,15400.0
1876.0,1801.0,10786,19783,21425,21299,20380,19978,32767,32767,32767,32767,32767,2504.0,15400.0
2027.0,1853.0,10786,19783,21425,22364,21579,19978,32767,32767,32767,32767,32767,2755.0,15400.0
2006.0,1724.0,11493,19783,22886,20766,21579,19978,32767,32767,32767,32767,32767,3291.0,15400.0
1725.0,1621.0,10432,20243,21912,21831,21579,19978,32767,32767,32767,32767,32767,2254.0,15400.0
1833.0,1647.0,10963,20703,21425,20234,19181,19978,32767,32767,32767,32767,32767,2791.0,15400.0
1742.0,1642.0,10227,18811,19909,20709,21520,20587,32767,32767,32767,32767,32767,2319.0,15400.0
1979.0,1847.0,8288,18811,19909,19647,20324,20587,32767,32767,32767,32767,32767,1927.0,15400.0
1742.0,1642.0,10051,19269,21851,22302,20922,20587,32767,32767,32767,32767,32767,2212.0,15400.0
2215.0,2078.0,8464,19269,20395,22302,22117,20587,32767,32767,32767,32767,32767,2390.0,15400.0
1893.0,1719.0,9522,19728,22337,22302,21520,20587,32767,32767,32767,32767,32767,2034.0,15400.0
1764.0,1591.0,10404,19728,21851,21240,21520,20587,32767,32767,32767,32767,32767,2212.0,15400.0
1850.0,1668.0,10933,20187,22823,23364,22715,20587,32767,32767,32767,32767,32767,2569.0,15400.0
2022.0,1822.0,10404,20187,21851,20709,21520,20587,32767,32767,32767,32767,32767,2712.0,15400.0
2000.0,1847.0,10227,20646,21851,21240,20324,20587,32767,32767,32767,32767,32767,2640.0,15400.0
2000.0,1976.0,10756,21105,22823,23364,20922,20587,32767,32767,32767,32767,32767,2640.0,15400.0
1699.0,1591.0,10756,21105,22337,23364,22715,20587,32767,32767,32767,32767,32767,2640.0,15400.0
1828.0,1899.0,11285,22022,23794,23895,22117,20587,32767,32767,32767,32767,32767,2105.0,15400.0
1871.0,1847.0,11638,22022,24765,23895,23313,20587,32767,32767,32767,32767,32767,2355.0,15400.0
1785.0,1668.0,10756,22940,23308,23895,22117,20587,32767,32767,32767,32767,32767,2176.0,15400.0
1898.0,1647.0,8664,17022,18990,18104,19181,20644,32767,32767,32767,32767,32767,2325.0,15400.0
2006.0,1827.0,10079,17942,19964,20766,20380,20644,32767,32767,32767,32767,32767,2683.0,15400.0
1963.0,1724.0,10963,17942,19964,20766,19181,20644,32767,32767,32767,32767,32767,3542.0,15400.0
1725.0,1621.0,8311,17942,18990,21831,19781,20644,32767,32767,32767,32767,32767,1717.0,15400.0
2027.0,1853.0,11316,18403,20938,22364,20380,20644,32767,32767,32767,32767,32767,3291.0,15400.0
1855.0,1750.0,10609,18863,22886,22364,21579,20644,32767,32767,32767,32767,32767,2826.0,15400.0
1919.0,1750.0,10963,19783,21912,21831,20980,20644,32767,32767,32767,32767,32767,2755.0,15400.0
1898.0,1878.0,10963,19783,22399,22364,20380,20644,32767,32767,32767,32767,32767,2540.0,15400.0
2006.0,1930.0,10963,19783,22886,22896,22178,20644,32767,32767,32767,32767,32767,2719.0,15400.0
1876.0,1750.0,8664,20243,21425,22364,22178,20644,32767,32767,32767,32767,32767,2039.0,15400.0
1898.0,1672.0,10963,20703,23373,21831,20980,20644,32767,32767,32767,32767,32767,2719.0,15400.0
1790.0,1621.0,11316,20703,22886,22896,22778,20644,32767,32767,32767,32767,32767,3005.0,15400.0
1855.0,1750.0,11670,20703,23373,23429,23377,20644,32767,32767,32767,32767,32767,2612.0,15400.0
1876.0,1853.0,11670,21623,23373,23429,22778,20644,32767,32767,32767,32767,32767,2504.0,15400.0
1747.0,1698.0,10963,21623,23373,23429,22778,20644,32767,32767,32767,32767,32767,2039.0,15400.0
1936.0,1745.0,8993,17434,19424,20178,20324,21251,32767,32767,32767,32767,32767,2783.0,15400.0
1936.0,1719.0,7759,17434,18452,20178,19726,21251,32767,32767,32767,32767,32767,1855.0,15400.0
1957.0,1770.0,8288,18352,18938,19647,19726,21251,32767,32767,32767,32767,32767,1927.0,15400.0
2022.0,1873.0,9698,18811,19909,20709,20324,21251,32767,32767,32767,32767,32767,2605.0,15400.0
1764.0,1565.0,9169,19728,21366,20709,20324,21251,32767,32767,32767,32767,32767,1998.0,15400.0
2086.0,1924.0,10933,20646,23308,23364,22117,21251,32767,32767,32767,32767,32767,3033.0,15400.0
1764.0,1565.0,10933,20646,22337,22833,22715,21251,32767,32767,32767,32767,32767,2355.0,15400.0
1893.0,1770.0,11285,21563,24279,24426,23313,21251,32767,32767,32767,32767,32767,2462.0,15400.0
1721.0,1668.0,11462,22022,24279,23895,23313,21251,32767,32767,32767,32767,32767,2105.0,15400.0
1914.0,1950.0,12167,22940,25736,26019,25106,21251,32767,32767,32767,32767,32767,2426.0,15400.0
1957.0,1899.0,11991,24316,26707,26019,25106,21251,32767,32767,32767,32767,32767,2283.0,15400.0
2114.0,1878.0,7603,16562,17043,17571,17383,21309,32767,32767,32767,32767,32767,2361.0,15400.0
1941.0,1827.0,8487,17942,18503,19701,19181,21309,32767,32767,32767,32767,32767,1860.0,15400.0
1747.0,1570.0,8487,17942,18990,20234,20380,21309,32767,32767,32767,32767,32767,1825.0,15400.0
1661.0,1415.0,7780,18403,19477,20766,19781,21309,32767,32767,32767,32767,32767,2147.0,15400.0
2178.0,1981.0,9902,19783,21425,20234,20980,21309,32767,32767,32767,32767,32767,2719.0,15400.0
2070.0,1981.0,10432,19783,21425,22364,22778,21309,32767,32767,32767,32767,32767,2647.0,15400.0
2027.0,1904.0,10079,19783,22399,21831,22778,21309,32767,32767,32767,32767,32767,2540.0,15400.0
2308.0,2187.0,10963,19783,22886,22896,22178,21309,32767,32767,32767,32767,32767,3077.0,15400.0
1704.0,1467.0,10786,20243,21425,22364,21579,21309,32767,32767,32767,32767,32767,2862.0,15400.0
2178.0,2264.0,9902,20703,22399,23429,22178,21309,32767,32767,32767,32767,32767,2218.0,15400.0
2114.0,1878.0,11847,21163,22886,22896,22778,21309,32767,32767,32767,32767,32767,3363.0,15400.0
2027.0,1904.0,11493,21163,23860,24494,22178,21309,32767,32767,32767,32767,32767,2540.0,15400.0
1919.0,1827.0,11670,21623,24347,23961,23377,21309,32767,32767,32767,32767,32767,2397.0,15400.0
2265.0,2213.0,12024,22083,24347,25558,24576,21309,32767,32767,32767,32767,32767,2898.0,15400.0
2070.0,1955.0,11670,23003,25320,25558,25176,21309,32767,32767,32767,32767,32767,2683.0,15400.0
1871.0,1642.0,7759,18352,18452,19647,20324,21915,32767,32767,32767,32767,32767,2034.0,15400.0
1914.0,1745.0,8640,18811,20395,21240,20324,21915,32767,32767,32767,32767,32767,1962.0,15400.0
2645.0,2438.0,8817,19728,20395,21771,21520,21915,32767,32767,32767,32767,32767,2462.0,15400.0
1785.0,1565.0,8993,20187,22337,22833,22117,21915,32767,32767,32767,32767,32767,1748.0,15400.0
1742.0,1437.0,11109,21105,22337,23364,21520,21915,32767,32767,32767,32767,32767,3211.0,15400.0
1871.0,1693.0,9698,21105,23794,21771,22117,21915,32767,32767,32767,32767,32767,1927.0,15400.0
2000.0,1924.0,11109,21105,23308,23364,23313,21915,32767,32767,32767,32767,32767,2533.0,15400.0
2022.0,1847.0,11109,21563,23308,22833,23313,21915,32767,32767,32767,32767,32767,2319.0,15400.0
1699.0,1540.0,11638,21563,23794,23895,23313,21915,32767,32767,32767,32767,32767,2569.0,15400.0
1957.0,1847.0,11814,22481,24765,25488,24508,21915,32767,32767,32767,32767,32767,1998.0,15400.0
2086.0,1873.0,12167,22940,26707,24957,25106,21915,32767,32767,32767,32767,32767,2890.0,15400.0
2194.0,2284.0,12696,24316,26222,26550,25704,21915,32767,32767,32767,32767,32767,2390.0,15400.0
1914.0,1873.0,12696,25234,27679,27081,26302,21915,32767,32767,32767,32767,32767,2034.0,15400.0
1963.0,1801.0,8487,18403,18990,21831,20980,21975,32767,32767,32767,32767,32767,1789.0,15400.0
1531.0,1338.0,7780,18403,18503,20234,18582,21975,32767,32767,32767,32767,32767,1610.0,15400.0
2372.0,2161.0,9548,18403,20451,20766,20980,21975,32767,32767,32767,32767,32767,2755.0,15400.0
2221.0,2007.0,10079,18863,20938,21299,21579,21975,32767,32767,32767,32767,32767,2791.0,15400.0
2135.0,1904.0,10963,19323,21425,21299,21579,21975,32767,32767,32767,32767,32767,3256.0,15400.0
2394.0,2238.0,9902,19323,21912,22364,22778,21975,32767,32767,32767,32767,32767,2826.0,15400.0
1812.0,1750.0,9371,20243,21912,23429,20980,21975,32767,32767,32767,32767,32767,1860.0,15400.0
1919.0,1827.0,11670,20703,23860,23961,22178,21975,32767,32767,32767,32767,32767,2969.0,15400.0
2027.0,1878.0,11493,20703,22886,22896,22178,21975,32767,32767,32767,32767,32767,3005.0,15400.0
1876.0,1801.0,11670,21163,23373,23429,22178,21975,32767,32767,32767,32767,32767,2397.0,15400.0
2049.0,1955.0,10609,21163,22886,22896,23377,21975,32767,32767,32767,32767,32767,2504.0,15400.0
2027.0,2007.0,11670,21163,23860,23429,22778,21975,32767,32767,32767,32767,32767,2898.0,15400.0
2480.0,2393.0,10609,21623,23373,24494,22178,21975,32767,32767,32767,32767,32767,2433.0,15400.0
1833.0,1801.0,11847,22083,24833,24494,24576,21975,32767,32767,32767,32767,32767,2612.0,15400.0
2006.0,1930.0,12554,22083,23860,24494,23377,21975,32767,32767,32767,32767,32767,3041.0,15400.0
1898.0,1827.0,12024,22083,24347,24494,23977,21975,32767,32767,32767,32767,32767,2612.0,15400.0
2258.0,2104.0,7759,17893,19424,20709,19726,22579,32767,32767,32767,32767,32767,2105.0,15400.0
2108.0,1899.0,8464,18811,20395,21771,21520,22579,32767,32767,32767,32767,32767,1998.0,15400.0
1592.0,1309.0,9698,20187,20880,21240,24508,22579,32767,32767,32767,32767,32767,2105.0,15400.0
1979.0,1796.0,9522,20187,22823,23895,22715,22579,32767,32767,32767,32767,32767,1891.0,15400.0
2172.0,2027.0,10756,20646,24279,23364,22715,22579,32767,32767,32767,32767,32767,2676.0,15400.0
2344.0,2617.0,10580,21563,25251,24426,23911,22579,32767,32767,32767,32767,32767,2676.0,15400.0
1979.0,1924.0,12343,22022,24765,26550,24508,22579,32767,32767,32767,32767,32767,2390.0,15400.0
2129.0,1950.0,9346,22022,22823,23895,23911,22579,32767,32767,32767,32767,32767,1962.0,15400.0
1957.0,1899.0,11109,22022,24279,24426,25106,22579,32767,32767,32767,32767,32767,2712.0,15400.0
2065.0,2001.0,11462,22481,25251,26019,24508,22579,32767,32767,32767,32767,32767,2390.0,15400.0
1828.0,1693.0,11638,22481,24765,25488,24508,22579,32767,32767,32767,32767,32767,2676.0,15400.0
1764.0,1745.0,11285,22940,25736,25488,24508,22579,32767,32767,32767,32767,32767,2141.0,15400.0
2000.0,1899.0,12343,23399,26222,26019,24508,22579,32767,32767,32767,32767,32767,2497.0,15400.0
1914.0,1822.0,13754,25234,27679,27612,26899,22579,32767,32767,32767,32767,32767,2783.0,15400.0
2437.0,2187.0,9902,18863,21425,21831,22178,22641,32767,32767,32767,32767,32767,2862.0,15400.0
2265.0,2033.0,8664,19323,19477,21831,21579,22641,32767,32767,32767,32767,32767,2290.0,15400.0
2114.0,2007.0,9902,19323,21912,20766,20980,22641,32767,32767,32767,32767,32767,2504.0,15400.0
2415.0,2187.0,10432,20243,22886,20234,21579,22641,32767,32767,32767,32767,32767,3291.0,15400.0
2243.0,1981.0,10079,20243,22399,23429,22178,22641,32767,32767,32767,32767,32767,3077.0,15400.0
2049.0,1904.0,11493,20703,22886,24494,22178,22641,32767,32767,32767,32767,32767,3041.0,15400.0
2394.0,2367.0,10963,21163,23860,23429,23377,22641,32767,32767,32767,32767,32767,2898.0,15400.0
2092.0,2033.0,10256,21163,23860,22896,22178,22641,32767,32767,32767,32767,32767,2469.0,15400.0
2157.0,1955.0,11493,21623,23860,23429,22778,22641,32767,32767,32767,32767,32767,2647.0,15400.0
2108.0,1924.0,7230,17893,18452,20178,19128,23243,32767,32767,32767,32767,32767,1962.0,15400.0
2258.0,2130.0,8288,18811,20880,21240,22117,23243,32767,32767,32767,32767,32767,2141.0,15400.0
2280.0,2104.0,10404,20646,22337,23364,23313,23243,32767,32767,32767,32767,32767,2890.0,15400.0
2215.0,2078.0,11285,21105,23794,24426,23911,23243,32767,32767,32767,32767,32767,2819.0,15400.0
2366.0,2232.0,10933,21563,23794,24957,23911,23243,32767,32767,32767,32767,32767,2997.0,15400.0
2323.0,2155.0,11285,21563,24279,23895,24508,23243,32767,32767,32767,32767,32767,3282.0,15400.0
1871.0,1693.0,11638,21563,23794,23895,22715,23243,32767,32767,32767,32767,32767,2854.0,15400.0
2151.0,2001.0,11285,21563,24279,24426,23911,23243,32767,32767,32767,32767,32767,2926.0,15400.0
2086.0,2053.0,11462,22481,24765,25488,25106,23243,32767,32767,32767,32767,32767,2319.0,15400.0
2086.0,1976.0,11814,22940,25736,26019,25704,23243,32767,32767,32767,32767,32767,2712.0,15400.0
2108.0,1950.0,11814,22940,25251,25488,25106,23243,32767,32767,32767,32767,32767,2747.0,15400.0
2344.0,2232.0,10756,23399,24765,25488,25704,23243,32767,32767,32767,32767,32767,2141.0,15400.0
2172.0,2207.0,11814,23399,26222,27612,27497,23243,32767,32767,32767,32767,32767,2533.0,15400.0
1979.0,1976.0,13225,23857,27679,27612,26302,23243,32767,32767,32767,32767,32767,2640.0,15400.0
1957.0,1847.0,13401,24316,27193,27612,26302,23243,32767,32767,32767,32767,32767,2926.0,15400.0
2323.0,2386.0,13225,24316,28650,27612,25704,23243,32767,32767,32767,32767,32767,2640.0,15400.0
2086.0,1924.0,12520,24316,26707,26550,25704,23243,32767,32767,32767,32767,32767,2676.0,15400.0
2194.0,2258.0,12167,24775,27679,27081,26899,23243,32767,32767,32767,32767,32767,2248.0,15400.0
2280.0,2309.0,14459,28904,32049,31329,29290,23243,32767,32767,32767,32767,32767,2390.0,15400.0
1855.0,1621.0,7957,18863,20451,21831,19181,23307,32767,32767,32767,32767,32767,1968.0,15400.0
2286.0,2238.0,10609,20243,23373,23961,23977,23307,32767,32767,32767,32767,32767,2576.0,15400.0
2329.0,2161.0,11140,20703,23860,25026,23977,23307,32767,32767,32767,32767,32767,2934.0,15400.0
2092.0,1930.0,10256,22543,23373,25026,24576,23307,32767,32767,32767,32767,32767,2683.0,15400.0
2049.0,2161.0,11847,23003,24347,26091,24576,23307,32767,32767,32767,32767,32767,2934.0,15400.0
2674.0,2444.0,10079,23003,23860,23961,23977,23307,32767,32767,32767,32767,32767,2504.0,15400.0
1747.0,1853.0,10963,23003,24833,28753,25775,23307,32767,32767,32767,32767,32767,2003.0,15400.0
2135.0,2264.0,11847,23463,26294,28753,27573,23307,32767,32767,32767,32767,32767,2504.0,15400.0
2070.0,2110.0,12908,24843,26781,29286,27573,23307,32767,32767,32767,32767,32767,2504.0,15400.0
2323.0,2181.0,7935,18811,20880,22302,21520,23907,32767,32767,32767,32767,32767,2105.0,15400.0
2237.0,2053.0,10933,22022,24279,24426,23911,23907,32767,32767,32767,32767,32767,2890.0,15400.0
2043.0,1770.0,9522,22022,23308,25488,23313,23907,32767,32767,32767,32767,32767,2283.0,15400.0
2366.0,2335.0,10933,22481,25251,26550,25704,23907,32767,32767,32767,32767,32767,2605.0,15400.0
2194.0,1976.0,12343,23399,26707,26019,25106,23907,32767,32767,32767,32767,32767,3140.0,15400.0
2452.0,2207.0,11109,23857,25736,27612,28095,23907,32767,32767,32767,32767,32767,2533.0,15400.0
2108.0,2053.0,11638,23857,26222,26019,26302,23907,32767,32767,32767,32767,32767,2319.0,15400.0
2344.0,2284.0,12520,24316,27193,27081,26899,23907,32767,32767,32767,32767,32767,2640.0,15400.0
2043.0,2104.0,12343,24316,27193,26550,26302,23907,32767,32767,32767,32767,32767,2390.0,15400.0
2323.0,2181.0,13225,24775,27193,28143,27497,23907,32767,32767,32767,32767,32767,3175.0,15400.0
2108.0,2284.0,12696,25693,27679,29205,28095,23907,32767,32767,32767,32767,32767,2319.0,15400.0
2243.0,2058.0,12024,21163,24347,25026,24576,23973,32767,32767,32767,32767,32767,3291.0,15400.0
2286.0,2110.0,9725,21623,23373,25026,23377,23973,32767,32767,32767,32767,32767,2683.0,15400.0
2437.0,2238.0,11670,21623,24347,23429,22778,23973,32767,32767,32767,32767,32767,3363.0,15400.0
2200.0,2213.0,11493,21623,24347,23961,25176,23973,32767,32767,32767,32767,32767,3220.0,15400.0
2308.0,2238.0,11670,23463,26781,27688,26374,23973,32767,32767,32767,32767,32767,2540.0,15400.0
2286.0,2316.0,12201,23463,26294,27156,25775,23973,32767,32767,32767,32767,32767,2898.0,15400.0
2480.0,2496.0,13262,23923,26781,27156,27573,23973,32767,32767,32767,32767,32767,3113.0,15400.0
2070.0,2187.0,13085,26224,28729,29818,28173,23973,32767,32767,32767,32767,32767,2361.0,15400.0
2172.0,2104.0,11285,22481,23308,25488,23911,24571,32767,32767,32767,32767,32767,2426.0,15400.0
2172.0,2078.0,11285,23399,26222,24957,24508,24571,32767,32767,32767,32767,32767,2390.0,15400.0
2151.0,2078.0,12343,24316,27193,27081,26302,24571,32767,32767,32767,32767,32767,2712.0,15400.0
2129.0,2053.0,12696,24316,26707,28674,26302,24571,32767,32767,32767,32767,32767,2355.0,15400.0
2151.0,2078.0,13754,26151,29135,29205,28095,24571,32767,32767,32767,32767,32767,2819.0,15400.0
2043.0,2001.0,13401,26610,28650,29205,27497,24571,32767,32767,32767,32767,32767,2569.0,15400.0
2172.0,2361.0,13754,27069,29621,30267,28693,24571,32767,32767,32767,32767,32767,2390.0,15400.0
2043.0,2053.0,14107,27528,29621,31329,28693,24571,32767,32767,32767,32767,32767,2462.0,15400.0
1957.0,2001.0,13930,27986,30106,31860,27497,24571,32767,32767,32767,32767,32767,2390.0,15400.0
2286.0,2136.0,11493,20703,22886,24494,23977,24639,32767,32767,32767,32767,32767,3291.0,15400.0
1876.0,1878.0,12377,22543,25807,26623,25176,24639,32767,32767,32767,32767,32767,2504.0,15400.0
1963.0,1827.0,10963,23003,26294,25558,25775,24639,32767,32767,32767,32767,32767,2469.0,15400.0
1984.0,1930.0,12024,23463,27268,27688,27573,24639,32767,32767,32767,32767,32767,2683.0,15400.0
1919.0,1878.0,12908,24383,27268,28753,26374,24639,32767,32767,32767,32767,32767,2540.0,15400.0
2178.0,2213.0,13615,24383,26781,28221,26974,24639,32767,32767,32767,32767,32767,3077.0,15400.0
2070.0,2110.0,13085,26224,29216,29818,28173,24639,32767,32767,32767,32767,32767,2325.0,15400.0
1833.0,1775.0,12377,26684,27268,30351,28772,24639,32767,32767,32767,32767,32767,1825.0,15400.0
2495.0,2309.0,9698,20646,23308,23364,23911,25235,32767,32767,32767,32767,32767,2462.0,15400.0
1850.0,1642.0,9169,22022,24279,23364,24508,25235,32767,32767,32767,32767,32767,1820.0,15400.0
2366.0,2309.0,10404,22481,24765,25488,26302,25235,32767,32767,32767,32767,32767,2426.0,15400.0
2538.0,2438.0,10580,22481,24765,25488,25106,25235,32767,32767,32767,32767,32767,2783.0,15400.0
2409.0,2335.0,11638,23399,25736,27612,26899,25235,32767,32767,32767,32767,32767,2497.0,15400.0
2366.0,2284.0,11814,23399,26707,27612,26899,25235,32767,32767,32767,32767,32767,2890.0,15400.0
2172.0,2232.0,13049,25234,27193,28143,26899,25235,32767,32767,32767,32767,32767,2569.0,15400.0
1979.0,2027.0,13225,25234,29135,29736,28693,25235,32767,32767,32767,32767,32767,2212.0,15400.0
2473.0,2438.0,14988,26151,31563,31329,29888,25235,32767,32767,32767,32767,32767,4246.0,15400.0
2588.0,2419.0,10079,21623,24347,25558,25775,25305,32767,32767,32767,32767,32767,2755.0,15400.0
2437.0,2290.0,11493,23003,25320,25558,26374,25305,32767,32767,32767,32767,32767,3184.0,15400.0
2243.0,2264.0,12554,23923,26294,27688,27573,25305,32767,32767,32767,32767,32767,2683.0,15400.0
2200.0,2213.0,12201,25303,28729,28753,28772,25305,32767,32767,32767,32767,32767,2576.0,15400.0
2027.0,1904.0,13615,27144,31651,29286,29971,25305,32767,32767,32767,32767,32767,2791.0,15400.0
2860.0,2617.0,12520,24316,28650,28143,27497,25899,32767,32767,32767,32767,32767,3639.0,15400.0
2215.0,2104.0,11991,24775,27679,28674,29290,25899,32767,32767,32767,32767,32767,2569.0,15400.0
2366.0,2361.0,13401,25693,29135,29736,28693,25899,32767,32767,32767,32767,32767,2819.0,15400.0
2329.0,2110.0,9195,20703,22886,26091,23977,25971,32767,32767,32767,32767,32767,2469.0,15400.0
2394.0,2367.0,11493,23003,25807,26623,26374,25971,32767,32767,32767,32767,32767,2612.0,15400.0
2265.0,2213.0,13085,23923,25320,28221,28173,25971,32767,32767,32767,32767,32767,3113.0,15400.0
2394.0,2213.0,12908,24383,26781,28753,28173,25971,32767,32767,32767,32767,32767,3184.0,15400.0
1963.0,2264.0,11847,24383,26294,28753,26974,25971,32767,32767,32767,32767,32767,2433.0,15400.0
2559.0,2412.0,11638,21563,25251,24957,25704,26563,32767,32767,32767,32767,32767,3033.0,15400.0
2452.0,2309.0,11991,24775,28164,27081,28693,26563,32767,32767,32767,32767,32767,2712.0,15400.0
2739.0,2573.0,10256,22083,24347,24494,25775,26637,32767,32767,32767,32767,32767,2719.0,15400.0
2459.0,2367.0,11670,23463,24833,26623,26974,26637,32767,32767,32767,32767,32767,2647.0,15400.0
2502.0,2393.0,12731,24843,28729,28753,28772,26637,32767,32767,32767,32767,32767,2719.0,15400.0
2200.0,2110.0,12201,25764,28242,30351,28173,26637,32767,32767,32767,32767,32767,3399.0,15400.0
2070.0,2238.0,13969,26224,30190,30883,29971,26637,32767,32767,32767,32767,32767,2469.0,15400.0
2114.0,2238.0,15030,28984,32624,32767,31170,26637,32767,32767,32767,32767,32767,2647.0,15400.0
2559.0,2463.0,10404,22940,25736,28143,27497,27227,32767,32767,32767,32767,32767,2426.0,15400.0
2610.0,2522.0,11847,24383,27755,29818,28173,27303,32767,32767,32767,32767,32767,2934.0,15400.0
2394.0,2290.0,12024,24843,27755,29286,28173,27303,32767,32767,32767,32767,32767,3005.0,15400.0
2351.0,2419.0,12024,24843,27755,28753,28173,27303,32767,32767,32767,32767,32767,2576.0,15400.0
2114.0,2213.0,14322,27144,30190,31948,29971,27303,32767,32767,32767,32767,32767,2791.0,15400.0
2114.0,2264.0,16091,29444,32767,32767,32767,27969,32767,32767,32767,32767,32767,3005.0,15400.0
2559.0,2412.0,13578,27986,31563,30798,32279,28556,32767,32767,32767,32767,32767,2890.0,15400.0
2114.0,2238.0,13615,27144,30677,32767,31769,28635,32767,32767,32767,32767,32767,2325.0,15400.0
2286.0,2367.0,14676,27604,30677,31948,31170,28635,32767,32767,32767,32767,32767,2862.0,15400.0
2559.0,2386.0,12872,26151,28650,30267,31682,29220,32767,32767,32767,32767,32767,2355.0,15400.0
2323.0,2155.0,12520,28445,30592,32767,32279,29220,32767,32767,32767,32767,32767,2426.0,15400.0
2502.0,2444.0,12554,28984,31164,32767,32369,29300,32767,32767,32767,32767,32767,2934.0,15400.0
2135.0,2213.0,15030,29444,32624,32767,32767,29300,32767,32767,32767,32767,32767,2683.0,15400.0
2221.0,2161.0,13792,28984,32624,32767,32767,29966,32767,32767,32767,32767,32767,2755.0,15400.0
2430.0,2412.0,12872,25693,27679,32767,32279,30548,32767,32767,32767,32767,32767,2997.0,15400.0
2151.0,1976.0,13401,30280,32767,29736,32767,32767,32767,32767,32767,32767,32767,2034.0,15400.0
1714.0,1502.0,7650,15276,16658,17144,15681,17421,32767,32767,32767,32767,32767,2016.0,16200.0
1714.0,1579.0,9785,18053,19108,18752,16888,18761,32767,32767,32767,32767,32767,2412.0,16200.0
1736.0,1605.0,10141,18979,20088,20895,20506,18761,32767,32767,32767,32767,32767,2484.0,16200.0
1845.0,1657.0,9785,19442,19598,19823,19903,18761,32767,32767,32767,32767,32767,2520.0,16200.0
1736.0,1605.0,10141,19905,21068,21966,21109,19431,32767,32767,32767,32767,32767,2016.0,16200.0
2105.0,2019.0,11209,19905,21558,21431,21109,19431,32767,32767,32767,32767,32767,3564.0,16200.0
1801.0,1683.0,7828,17591,18128,19287,19300,20101,32767,32767,32767,32767,32767,1692.0,16200.0
1779.0,1657.0,9607,18516,20578,21431,19903,20101,32767,32767,32767,32767,32767,2340.0,16200.0
1758.0,1683.0,10141,19442,21068,21966,20506,20101,32767,32767,32767,32767,32767,2304.0,16200.0
1866.0,1760.0,11209,19905,22537,22502,21713,20101,32767,32767,32767,32767,32767,2556.0,16200.0
1714.0,1527.0,10675,20368,22537,23574,21713,20101,32767,32767,32767,32767,32767,1728.0,16200.0
1845.0,1683.0,11387,21294,23027,23574,21109,20101,32767,32767,32767,32767,32767,2556.0,16200.0
1823.0,1760.0,11031,21294,24497,24109,22919,20101,32767,32767,32767,32767,32767,2124.0,16200.0
1476.0,1372.0,7650,17128,18618,20359,18697,20771,32767,32767,32767,32767,32767,1404.0,16200.0
1606.0,1631.0,8718,18516,19598,20895,19903,20771,32767,32767,32767,32767,32767,1656.0,16200.0
1736.0,1709.0,9252,19442,20578,22502,21109,20771,32767,32767,32767,32767,32767,1764.0,16200.0
1801.0,1631.0,10319,19442,21558,21431,20506,20771,32767,32767,32767,32767,32767,2484.0,16200.0
1758.0,1605.0,9963,19442,21068,20895,21713,20771,32767,32767,32767,32767,32767,2592.0,16200.0
1779.0,1760.0,10141,19905,22047,21966,20506,20771,32767,32767,32767,32767,32767,1908.0,16200.0
1823.0,2123.0,9252,20368,22047,22502,20506,20771,32767,32767,32767,32767,32767,2736.0,16200.0
1910.0,1864.0,11387,21294,23517,23038,21713,20771,32767,32767,32767,32767,32767,2700.0,16200.0
1779.0,1631.0,11387,21757,24987,23574,22316,20771,32767,32767,32767,32767,32767,2412.0,16200.0
1779.0,1709.0,10853,21757,24007,24645,22919,20771,32767,32767,32767,32767,32767,2124.0,16200.0
1953.0,1838.0,11031,19905,23027,24109,22919,21441,32767,32767,32767,32767,32767,2448.0,16200.0
1801.0,1709.0,10497,20368,23517,24109,22316,21441,32767,32767,32767,32767,32767,2268.0,16200.0
1736.0,1786.0,10853,20368,22047,24109,22919,21441,32767,32767,32767,32767,32767,2232.0,16200.0
1801.0,1709.0,11564,21757,24497,23574,22316,21441,32767,32767,32767,32767,32767,2592.0,16200.0
1888.0,1838.0,10853,22220,24497,24109,23522,21441,32767,32767,32767,32767,32767,2412.0,16200.0
1866.0,1864.0,12276,22683,26457,25181,25331,21441,32767,32767,32767,32767,32767,2412.0,16200.0
2083.0,2097.0,10675,21294,23027,24645,22919,22111,32767,32767,32767,32767,32767,2952.0,16200.0
1519.0,1553.0,11920,21757,24007,25717,24728,22111,32767,32767,32767,32767,32767,1980.0,16200.0
1801.0,1709.0,11387,22220,24497,24645,22919,22111,32767,32767,32767,32767,32767,2412.0,16200.0
1888.0,1890.0,11742,22220,26457,25717,24728,22111,32767,32767,32767,32767,32767,2232.0,16200.0
1628.0,1502.0,12276,22220,24497,25181,23522,22111,32767,32767,32767,32767,32767,2700.0,16200.0
2018.0,1968.0,12810,23146,25967,26252,25331,22111,32767,32767,32767,32767,32767,2808.0,16200.0
1693.0,1657.0,9429,19905,19598,23038,21109,22781,32767,32767,32767,32767,32767,1908.0,16200.0
1628.0,1683.0,9429,20831,22537,24645,22919,22781,32767,32767,32767,32767,32767,1764.0,16200.0
2018.0,2071.0,10141,21294,23027,24109,23522,22781,32767,32767,32767,32767,32767,2052.0,16200.0
1823.0,1786.0,11209,22220,24497,24109,23522,22781,32767,32767,32767,32767,32767,2268.0,16200.0
1953.0,2149.0,11031,22220,24007,25181,24125,22781,32767,32767,32767,32767,32767,2124.0,16200.0
1866.0,1864.0,11742,23146,25967,26788,25331,22781,32767,32767,32767,32767,32767,2160.0,16200.0
1953.0,1916.0,12454,23146,25967,26788,25331,22781,32767,32767,32767,32767,32767,2484.0,16200.0
1996.0,2045.0,12988,24071,26457,27860,26538,22781,32767,32767,32767,32767,32767,2556.0,16200.0
1931.0,1864.0,11564,22683,25477,24645,24728,23451,32767,32767,32767,32767,32767,2376.0,16200.0
1779.0,1760.0,11742,23146,27437,26252,25331,23451,32767,32767,32767,32767,32767,2124.0,16200.0
1975.0,1864.0,11564,23146,24987,25181,24125,23451,32767,32767,32767,32767,32767,2376.0,16200.0
1888.0,1942.0,12098,23146,24987,25717,24728,23451,32767,32767,32767,32767,32767,2376.0,16200.0
1649.0,1683.0,11564,24071,24987,27324,25934,23451,32767,32767,32767,32767,32767,1800.0,16200.0
2148.0,2123.0,12098,24071,26947,26788,25934,23451,32767,32767,32767,32767,32767,2448.0,16200.0
1910.0,1864.0,12276,24534,27437,27860,26538,23451,32767,32767,32767,32767,32767,2268.0,16200.0
1888.0,1890.0,11742,24534,26457,26788,27141,23451,32767,32767,32767,32767,32767,1872.0,16200.0
1888.0,1890.0,13344,24997,28907,28395,26538,23451,32767,32767,32767,32767,32767,2772.0,16200.0
1866.0,1942.0,13877,24997,29397,28931,27141,23451,32767,32767,32767,32767,32767,2628.0,16200.0
2387.0,2382.0,13877,25460,28907,28931,28347,23451,32767,32767,32767,32767,32767,3024.0,16200.0
1888.0,1890.0,9252,19905,21068,23574,22919,24121,32767,32767,32767,32767,32767,2016.0,16200.0
1845.0,1760.0,11387,22220,24987,25181,24125,24121,32767,32767,32767,32767,32767,2340.0,16200.0
1671.0,1605.0,12098,22220,24987,26788,25331,24121,32767,32767,32767,32767,32767,2484.0,16200.0
1975.0,1760.0,12454,23146,26457,28395,25934,24121,32767,32767,32767,32767,32767,3780.0,16200.0
1953.0,1916.0,11920,23608,25967,26788,25331,24121,32767,32767,32767,32767,32767,2268.0,16200.0
1823.0,1864.0,11387,23608,25967,26788,25331,24121,32767,32767,32767,32767,32767,2160.0,16200.0
1953.0,2045.0,12454,23608,27437,27324,27744,24121,32767,32767,32767,32767,32767,2268.0,16200.0
1736.0,1735.0,11920,24071,26457,26252,26538,24121,32767,32767,32767,32767,32767,1944.0,16200.0
2040.0,1993.0,12276,24534,26947,27324,27141,24121,32767,32767,32767,32767,32767,2196.0,16200.0
1845.0,1786.0,11209,24534,25477,26788,24728,24121,32767,32767,32767,32767,32767,2340.0,16200.0
1845.0,1890.0,12632,24997,27927,27860,28347,24121,32767,32767,32767,32767,32767,2160.0,16200.0
1996.0,2097.0,14055,26386,29397,28395,28347,24121,32767,32767,32767,32767,32767,2772.0,16200.0
1910.0,2097.0,13877,26386,27927,30003,28347,24121,32767,32767,32767,32767,32767,2664.0,16200.0
2062.0,2330.0,14055,26849,30866,30003,28950,24121,32767,32767,32767,32767,32767,2592.0,16200.0
2062.0,2019.0,11031,22220,25477,25181,25331,24791,32767,32767,32767,32767,32767,2340.0,16200.0
2192.0,2097.0,11031,23146,24987,25181,25331,24791,32767,32767,32767,32767,32767,2376.0,16200.0
1823.0,1786.0,11920,23608,26457,26252,25934,24791,32767,32767,32767,32767,32767,2412.0,16200.0
1693.0,1683.0,11387,24071,25967,25717,25331,24791,32767,32767,32767,32767,32767,2124.0,16200.0
1823.0,1890.0,13344,24997,26457,28395,27744,24791,32767,32767,32767,32767,32767,3528.0,16200.0
1779.0,1890.0,13877,24997,27437,29467,27744,24791,32767,32767,32767,32767,32767,3024.0,16200.0
1801.0,1916.0,12098,24997,29397,28395,27744,24791,32767,32767,32767,32767,32767,2196.0,16200.0
2170.0,2434.0,15301,29163,31356,32682,31966,24791,32767,32767,32767,32767,32767,3096.0,16200.0
2387.0,2304.0,11742,23608,26457,25717,25331,25462,32767,32767,32767,32767,32767,2592.0,16200.0
1931.0,1864.0,12276,24534,26947,27860,27141,25462,32767,32767,32767,32767,32767,2772.0,16200.0
1888.0,2045.0,12098,24997,26457,30003,29553,25462,32767,32767,32767,32767,32767,2088.0,16200.0
2083.0,2071.0,12632,25460,27927,29467,28347,25462,32767,32767,32767,32767,32767,2340.0,16200.0
1931.0,2071.0,13699,25923,29887,30003,28347,25462,32767,32767,32767,32767,32767,2304.0,16200.0
2279.0,2382.0,13521,25923,28417,30003,28347,25462,32767,32767,32767,32767,32767,2664.0,16200.0
2018.0,2019.0,13521,26849,30377,30539,28950,25462,32767,32767,32767,32767,32767,2412.0,16200.0
2127.0,2149.0,10319,22220,22537,24109,24728,26132,32767,32767,32767,32767,32767,2232.0,16200.0
1931.0,1993.0,12276,24534,27437,29467,28347,26132,32767,32767,32767,32767,32767,3384.0,16200.0
2018.0,2252.0,12098,24997,27927,28395,28347,26132,32767,32767,32767,32767,32767,2484.0,16200.0
2148.0,2226.0,12988,25460,27927,29467,28347,26132,32767,32767,32767,32767,32767,2484.0,16200.0
1801.0,1916.0,13877,25923,29397,28931,28347,26132,32767,32767,32767,32767,32767,2628.0,16200.0
2322.0,2459.0,13521,26386,30377,30003,30156,26132,32767,32767,32767,32767,32767,2700.0,16200.0
1931.0,1916.0,13521,26849,29397,29467,28950,26132,32767,32767,32767,32767,32767,2448.0,16200.0
1801.0,1812.0,13521,26849,28907,29467,28950,26132,32767,32767,32767,32767,32767,2844.0,16200.0
2018.0,2019.0,13877,26849,29887,32146,29553,26132,32767,32767,32767,32767,32767,2736.0,16200.0
2105.0,2252.0,14411,27312,31356,32767,31363,26132,32767,32767,32767,32767,32767,2700.0,16200.0
2213.0,2304.0,13699,27312,29887,30539,29553,26132,32767,32767,32767,32767,32767,2520.0,16200.0
1823.0,2019.0,14589,27312,28907,32146,31363,26132,32767,32767,32767,32767,32767,3312.0,16200.0
2213.0,2408.0,14233,27775,31846,31074,30156,26132,32767,32767,32767,32767,32767,2736.0,16200.0
1866.0,1864.0,15479,28700,32336,32682,31363,26132,32767,32767,32767,32767,32767,2376.0,16200.0
2430.0,2382.0,9074,20368,22537,25181,25331,26802,32767,32767,32767,32767,32767,2232.0,16200.0
2430.0,2382.0,10853,24071,25967,27860,28347,26802,32767,32767,32767,32767,32767,2376.0,16200.0
1910.0,1968.0,11387,25460,26457,28395,27141,26802,32767,32767,32767,32767,32767,1980.0,16200.0
2105.0,2071.0,13166,25923,28417,28931,27744,26802,32767,32767,32767,32767,32767,2736.0,16200.0
2040.0,2278.0,14945,29163,32767,32767,32767,26802,32767,32767,32767,32767,32767,2556.0,16200.0
2148.0,2304.0,14411,29163,32767,32682,31966,26802,32767,32767,32767,32767,32767,2592.0,16200.0
2062.0,2123.0,12810,25923,28907,29467,29553,27472,32767,32767,32767,32767,32767,2448.0,16200.0
2062.0,2097.0,12454,26386,28907,30539,28950,27472,32767,32767,32767,32767,32767,3132.0,16200.0
1996.0,2252.0,14767,26849,30866,32146,30759,27472,32767,32767,32767,32767,32767,2952.0,16200.0
2018.0,2201.0,14055,26849,29397,29467,30156,27472,32767,32767,32767,32767,32767,2700.0,16200.0
1823.0,1864.0,13166,26849,30866,30539,29553,27472,32767,32767,32767,32767,32767,2088.0,16200.0
2192.0,2330.0,14767,27312,30866,31074,29553,27472,32767,32767,32767,32767,32767,2880.0,16200.0
1996.0,2226.0,14945,28238,32767,32767,31363,27472,32767,32767,32767,32767,32767,2412.0,16200.0
2062.0,2201.0,14589,28238,31846,32146,31966,27472,32767,32767,32767,32767,32767,2484.0,16200.0
1779.0,1838.0,14945,29163,30377,32682,30156,27472,32767,32767,32767,32767,32767,2520.0,16200.0
1888.0,1812.0,12454,25923,29397,28931,27744,28142,32767,32767,32767,32767,32767,2268.0,16200.0
2083.0,2459.0,14589,27312,31356,32682,31363,28142,32767,32767,32767,32767,32767,2844.0,16200.0
2105.0,2537.0,12276,24071,24987,31610,30156,28812,32767,32767,32767,32767,32767,3096.0,16200.0
2235.0,2330.0,13166,25460,29397,30003,30759,28812,32767,32767,32767,32767,32767,2520.0,16200.0
2170.0,2304.0,12988,26849,30377,30539,30759,28812,32767,32767,32767,32767,32767,2376.0,16200.0
2148.0,2201.0,12810,26849,30377,28395,29553,28812,32767,32767,32767,32767,32767,2304.0,16200.0
1996.0,2071.0,13699,28238,31356,31610,30759,28812,32767,32767,32767,32767,32767,2268.0,16200.0
2127.0,2252.0,14055,28700,31356,32767,31966,28812,32767,32767,32767,32767,32767,2448.0,16200.0
2322.0,2356.0,14055,28700,31846,32682,31966,28812,32767,32767,32767,32767,32767,2556.0,16200.0
1931.0,2123.0,16012,30089,32767,32767,32767,28812,32767,32767,32767,32767,32767,2628.0,16200.0
1953.0,2278.0,14945,30089,32767,32767,32767,28812,32767,32767,32767,32767,32767,2628.0,16200.0
1888.0,2123.0,17080,31478,32767,32767,32767,28812,32767,32767,32767,32767,32767,4068.0,16200.0
2430.0,2485.0,12810,25460,28907,29467,30156,29482,32767,32767,32767,32767,32767,2736.0,16200.0
2213.0,2278.0,12988,27312,29887,32767,32767,29482,32767,32767,32767,32767,32767,2304.0,16200.0
1975.0,2226.0,15301,29626,32767,32767,32767,29482,32767,32767,32767,32767,32767,2484.0,16200.0
1953.0,2252.0,15656,31015,32767,32767,32767,29482,32767,32767,32767,32767,32767,2628.0,16200.0
2170.0,2356.0,13877,27775,30866,32767,32569,31492,32767,32767,32767,32767,32767,2700.0,16200.0
2148.0,2226.0,15301,29163,32336,32767,32767,31492,32767,32767,32767,32767,32767,3276.0,16200.0
2062.0,2175.0,15834,31478,32767,32767,32767,31492,32767,32767,32767,32767,32767,2736.0,16200.0
1996.0,2123.0,16012,32767,32767,32767,32767,32162,32767,32767,32767,32767,32767,3240.0,16200.0
1859.0,1657.0,3678,11850,10130,8967,8907,10555,32767,32767,32767,32767,32767,1418.0,16600.0
2072.0,1682.0,3678,9571,9648,10550,11282,14513,32767,32767,32767,32767,32767,1134.0,16600.0
1624.0,1376.0,7532,15496,16401,17407,16033,15833,32767,32767,32767,32767,32767,1914.0,16600.0
1795.0,1580.0,10510,18686,20742,20045,19002,16492,32767,32767,32767,32767,32767,2410.0,16600.0
2286.0,2141.0,9109,19142,21225,20572,19596,16492,32767,32767,32767,32767,32767,1843.0,16600.0
1837.0,1657.0,7007,15496,16401,16880,16627,17152,32767,32767,32767,32767,32767,1808.0,16600.0
1795.0,1733.0,11561,21421,21707,22155,20190,17152,32767,32767,32767,32767,32767,1666.0,16600.0
2179.0,1937.0,7357,17319,17848,18990,17221,17812,32767,32767,32767,32767,32767,1524.0,16600.0
1859.0,1759.0,11386,21421,24119,23737,22565,17812,32767,32767,32767,32767,32767,2375.0,16600.0
1752.0,1453.0,10160,17775,19777,20045,19002,18471,32767,32767,32767,32767,32767,3190.0,16600.0
1966.0,1784.0,6481,14584,15918,15825,16627,19131,32767,32767,32767,32767,32767,1843.0,16600.0
1859.0,1657.0,7357,15496,16401,18462,16627,19131,32767,32767,32767,32767,32767,1914.0,16600.0
2307.0,2141.0,8933,17775,20742,21100,19596,19131,32767,32767,32767,32767,32767,2127.0,16600.0
2393.0,2167.0,7707,17775,19777,21627,20783,19131,32767,32767,32767,32767,32767,1843.0,16600.0
1880.0,1708.0,9984,18230,19777,20045,19596,19131,32767,32767,32767,32767,32767,2729.0,16600.0
1923.0,1708.0,7882,16407,17848,18990,18408,19791,32767,32767,32767,32767,32767,1878.0,16600.0
2030.0,1835.0,8058,17319,18330,19517,19002,19791,32767,32767,32767,32767,32767,2127.0,16600.0
2094.0,1861.0,9809,18686,20742,21100,20783,19791,32767,32767,32767,32767,32767,2800.0,16600.0
2094.0,2014.0,12086,20053,23636,25319,23752,19791,32767,32767,32767,32767,32767,2694.0,16600.0
1923.0,1784.0,11386,20509,23154,23737,21971,19791,32767,32767,32767,32767,32767,2623.0,16600.0
2008.0,2014.0,11035,21421,23154,24264,23159,19791,32767,32767,32767,32767,32767,2375.0,16600.0
2072.0,1963.0,12086,23244,25566,25319,23752,19791,32767,32767,32767,32767,32767,2339.0,16600.0
2030.0,1861.0,8758,17775,19295,20045,19596,20450,32767,32767,32767,32767,32767,2091.0,16600.0
2008.0,1835.0,9109,17775,20260,21100,20190,20450,32767,32767,32767,32767,32767,2197.0,16600.0
2094.0,2141.0,10160,19142,21707,22155,21377,20450,32767,32767,32767,32767,32767,2552.0,16600.0
2115.0,1937.0,10510,20053,23636,22155,21377,20450,32767,32767,32767,32767,32767,2481.0,16600.0
2372.0,2167.0,10860,20965,23154,24264,22565,20450,32767,32767,32767,32767,32767,3225.0,16600.0
2094.0,1988.0,11386,21421,23636,24792,23752,20450,32767,32767,32767,32767,32767,2410.0,16600.0
2051.0,2065.0,11911,22332,24601,24264,22565,20450,32767,32767,32767,32767,32767,2375.0,16600.0
2158.0,2065.0,9809,23244,23154,27429,32767,20450,32767,32767,32767,32767,32767,1914.0,16600.0
2243.0,2396.0,12962,24611,27013,29012,26128,20450,32767,32767,32767,32767,32767,2339.0,16600.0
2222.0,2320.0,12962,25067,27013,27429,26128,20450,32767,32767,32767,32767,32767,2233.0,16600.0
2158.0,2192.0,12787,25523,27495,27429,25534,20450,32767,32767,32767,32767,32767,2197.0,16600.0
2008.0,1835.0,8933,18230,20260,20045,19002,21110,32767,32767,32767,32767,32767,2091.0,16600.0
2072.0,2014.0,10860,20053,23636,23737,21971,21110,32767,32767,32767,32767,32767,2339.0,16600.0
2115.0,1937.0,10860,20053,22672,23210,21971,21110,32767,32767,32767,32767,32767,2835.0,16600.0
1987.0,1861.0,12962,24155,26531,26374,25534,21110,32767,32767,32767,32767,32767,2871.0,16600.0
2329.0,2345.0,12787,26434,28943,29012,26128,21110,32767,32767,32767,32767,32767,2197.0,16600.0
2350.0,2396.0,13137,22332,25084,27957,26722,21770,32767,32767,32767,32767,32767,2835.0,16600.0
2158.0,2141.0,12262,22788,25566,25319,24940,21770,32767,32767,32767,32767,32767,2942.0,16600.0
2350.0,2396.0,12437,22788,25566,26374,24940,21770,32767,32767,32767,32767,32767,3048.0,16600.0
1966.0,1886.0,11561,22788,25566,26374,24346,21770,32767,32767,32767,32767,32767,2233.0,16600.0
2222.0,2243.0,12086,23700,27013,26902,24940,21770,32767,32767,32767,32767,32767,2339.0,16600.0
2329.0,2192.0,9284,18686,21225,23210,21971,22430,32767,32767,32767,32767,32767,2162.0,16600.0
2201.0,2014.0,11035,20509,23636,24792,23159,22430,32767,32767,32767,32767,32767,2658.0,16600.0
2350.0,2243.0,10160,20965,21707,24792,24346,22430,32767,32767,32767,32767,32767,2304.0,16600.0
2265.0,2116.0,11386,21421,24119,25319,24940,22430,32767,32767,32767,32767,32767,2729.0,16600.0
2286.0,2141.0,11386,21876,24119,23737,24346,22430,32767,32767,32767,32767,32767,2764.0,16600.0
2051.0,1937.0,11035,21876,22189,25319,24346,22430,32767,32767,32767,32767,32767,2410.0,16600.0
2137.0,2014.0,11911,22332,25084,24792,24940,22430,32767,32767,32767,32767,32767,2871.0,16600.0
2179.0,2039.0,12437,22332,24601,24792,23159,22430,32767,32767,32767,32767,32767,3013.0,16600.0
2286.0,2294.0,12962,22788,25566,26902,26722,22430,32767,32767,32767,32767,32767,2623.0,16600.0
2201.0,2192.0,12962,23700,27495,27429,26128,22430,32767,32767,32767,32767,32767,2658.0,16600.0
2307.0,2320.0,12962,24611,27495,27429,26722,22430,32767,32767,32767,32767,32767,2694.0,16600.0
2265.0,2065.0,9284,18686,20260,21627,21971,23089,32767,32767,32767,32767,32767,2410.0,16600.0
2436.0,2218.0,10335,20965,23154,23737,22565,23089,32767,32767,32767,32767,32767,2658.0,16600.0
2265.0,2218.0,11211,21876,24601,24792,24940,23089,32767,32767,32767,32767,32767,2623.0,16600.0
2414.0,2294.0,11211,21876,24601,25847,26128,23089,32767,32767,32767,32767,32767,2658.0,16600.0
2201.0,2090.0,12086,22332,24601,25319,24346,23089,32767,32767,32767,32767,32767,3013.0,16600.0
2094.0,2014.0,12086,22788,24601,27429,25534,23089,32767,32767,32767,32767,32767,2764.0,16600.0
2158.0,2141.0,10860,22788,24601,23737,23159,23089,32767,32767,32767,32767,32767,2162.0,16600.0
2158.0,2090.0,12962,23244,27978,27957,26722,23089,32767,32767,32767,32767,32767,2764.0,16600.0
2350.0,2294.0,12262,23700,26531,26374,26128,23089,32767,32767,32767,32767,32767,2871.0,16600.0
2243.0,2294.0,14013,26434,29425,29539,27909,23089,32767,32767,32767,32767,32767,2481.0,16600.0
2243.0,2141.0,10160,20509,23636,24264,23752,23749,32767,32767,32767,32767,32767,2268.0,16600.0
2350.0,2192.0,11911,22332,24601,25847,24940,23749,32767,32767,32767,32767,32767,3261.0,16600.0
2671.0,2574.0,12262,23244,26531,27429,26128,23749,32767,32767,32767,32767,32767,3048.0,16600.0
2350.0,2218.0,12612,23244,26531,26902,26722,23749,32767,32767,32767,32767,32767,2977.0,16600.0
2372.0,2192.0,12612,23244,26531,26902,27315,23749,32767,32767,32767,32767,32767,3119.0,16600.0
2286.0,2370.0,12612,24611,27013,27957,27315,23749,32767,32767,32767,32767,32767,2658.0,16600.0
2243.0,2192.0,13137,25067,28460,29012,27315,23749,32767,32767,32767,32767,32767,2835.0,16600.0
2414.0,2345.0,13663,25067,29425,29012,27909,23749,32767,32767,32767,32767,32767,3119.0,16600.0
2350.0,2370.0,12787,25067,27978,28484,26722,23749,32767,32767,32767,32767,32767,2658.0,16600.0
2201.0,2218.0,13313,25523,29425,29539,29097,23749,32767,32767,32767,32767,32767,2835.0,16600.0
2478.0,2421.0,12086,23700,26531,26902,26722,24409,32767,32767,32767,32767,32767,2729.0,16600.0
2265.0,2192.0,12787,24155,27013,27429,25534,24409,32767,32767,32767,32767,32767,2764.0,16600.0
2436.0,2396.0,13137,25523,28943,30067,28503,24409,32767,32767,32767,32767,32767,3119.0,16600.0
2137.0,2141.0,14364,27801,29907,32767,31472,25068,32767,32767,32767,32767,32767,2552.0,16600.0
2350.0,2167.0,13488,26434,29425,31122,30878,26388,32767,32767,32767,32767,32767,2764.0,16600.0
2564.0,2370.0,12086,24611,28943,32177,32066,29686,32767,32767,32767,32767,32767,2516.0,16600.0
1857.0,1642.0,9312,16308,18246,19413,18819,20907,32767,32767,32767,32767,32767,3007.0,16800.0
1485.0,1407.0,9491,19103,19233,20492,20033,20907,32767,32767,32767,32767,32767,1630.0,16800.0
1922.0,1694.0,10028,18171,20712,21031,20640,21581,32767,32767,32767,32767,32767,2971.0,16800.0
2097.0,1902.0,9849,17705,21205,21031,21247,22256,32767,32767,32767,32767,32767,3044.0,16800.0
2009.0,1798.0,10028,18171,20219,20492,21247,22256,32767,32767,32767,32767,32767,3116.0,16800.0
1682.0,1590.0,11282,20501,22191,23188,21854,22256,32767,32767,32767,32767,32767,2464.0,16800.0
1769.0,1720.0,11282,21433,23671,24806,22461,22256,32767,32767,32767,32767,32767,2500.0,16800.0
1857.0,1668.0,7879,17705,20219,22110,20640,22930,32767,32767,32767,32767,32767,2246.0,16800.0
1857.0,1746.0,8954,18171,20219,22110,21854,22930,32767,32767,32767,32767,32767,1957.0,16800.0
2184.0,1980.0,10028,18171,21205,21031,21854,22930,32767,32767,32767,32767,32767,3080.0,16800.0
2031.0,2059.0,10028,19569,21698,23728,22461,22930,32767,32767,32767,32767,32767,2246.0,16800.0
1529.0,1355.0,11103,19569,20712,23188,21854,22930,32767,32767,32767,32767,32767,2029.0,16800.0
1791.0,1746.0,9849,20035,20712,24267,22461,22930,32767,32767,32767,32767,32767,2065.0,16800.0
1857.0,1824.0,9491,20035,22191,22110,21854,22930,32767,32767,32767,32767,32767,1884.0,16800.0
1878.0,1876.0,8954,20035,21698,21570,21854,22930,32767,32767,32767,32767,32767,1993.0,16800.0
1857.0,1772.0,10207,20501,21698,23728,22461,22930,32767,32767,32767,32767,32767,2971.0,16800.0
1616.0,1668.0,10386,20967,21698,23728,22461,22930,32767,32767,32767,32767,32767,1812.0,16800.0
1704.0,1511.0,11640,20967,22191,23728,21854,22930,32767,32767,32767,32767,32767,2754.0,16800.0
2009.0,1824.0,10924,20967,23178,23728,24283,22930,32767,32767,32767,32767,32767,2681.0,16800.0
1944.0,1850.0,13073,22831,25643,26424,25497,22930,32767,32767,32767,32767,32767,3080.0,16800.0
2009.0,1954.0,11640,20967,23178,25345,26104,23605,32767,32767,32767,32767,32767,2717.0,16800.0
2031.0,2163.0,10745,20967,22191,23728,23676,23605,32767,32767,32767,32767,32767,2681.0,16800.0
2053.0,1850.0,10924,21433,23671,24806,24890,23605,32767,32767,32767,32767,32767,3044.0,16800.0
2206.0,1954.0,10028,18637,20712,21031,21247,24279,32767,32767,32767,32767,32767,3116.0,16800.0
1813.0,1772.0,9670,20035,20712,23188,22461,24279,32767,32767,32767,32767,32767,1957.0,16800.0
1900.0,1798.0,11282,21433,23671,25885,24283,24279,32767,32767,32767,32767,32767,2862.0,16800.0
1835.0,1720.0,10565,21433,23178,24267,23068,24279,32767,32767,32767,32767,32767,2790.0,16800.0
2250.0,2215.0,11461,21433,23671,24806,26104,24279,32767,32767,32767,32767,32767,2862.0,16800.0
2075.0,1902.0,10745,21433,23671,25885,24890,24279,32767,32767,32767,32767,32767,3189.0,16800.0
1922.0,1824.0,12356,22365,24164,25885,24890,24279,32767,32767,32767,32767,32767,3442.0,16800.0
2031.0,1902.0,11998,22365,23671,25885,26104,24279,32767,32767,32767,32767,32767,2862.0,16800.0
1857.0,1980.0,11998,22831,25150,24806,24890,24279,32767,32767,32767,32767,32767,2573.0,16800.0
1966.0,2111.0,13073,23297,24657,26424,24283,24279,32767,32767,32767,32767,32767,3044.0,16800.0
1878.0,2111.0,13252,24229,25150,29120,26711,24279,32767,32767,32767,32767,32767,2464.0,16800.0
1944.0,2033.0,12893,24694,27123,28042,28532,24279,32767,32767,32767,32767,32767,2645.0,16800.0
2053.0,1954.0,11103,21433,23178,24267,24890,24953,32767,32767,32767,32767,32767,2681.0,16800.0
2206.0,2085.0,11461,21433,24657,24806,26104,24953,32767,32767,32767,32767,32767,2899.0,16800.0
1944.0,1876.0,11640,21433,23178,24267,23676,24953,32767,32767,32767,32767,32767,2681.0,16800.0
2075.0,1928.0,11640,21899,24657,25345,24890,24953,32767,32767,32767,32767,32767,2899.0,16800.0
1900.0,1772.0,11998,22365,24164,26424,24890,24953,32767,32767,32767,32767,32767,2971.0,16800.0
2075.0,1928.0,11640,22365,25643,25345,25497,24953,32767,32767,32767,32767,32767,2717.0,16800.0
1988.0,2085.0,11819,22365,24164,26963,26104,24953,32767,32767,32767,32767,32767,2536.0,16800.0
1791.0,1798.0,11640,23297,25150,26963,25497,24953,32767,32767,32767,32767,32767,2246.0,16800.0
1878.0,1928.0,12356,23297,25643,26424,24890,24953,32767,32767,32767,32767,32767,2391.0,16800.0
2009.0,2006.0,11819,23763,25643,26963,26711,24953,32767,32767,32767,32767,32767,2681.0,16800.0
2009.0,2085.0,12356,23763,26137,26963,26104,24953,32767,32767,32767,32767,32767,2681.0,16800.0
2053.0,2111.0,13789,24694,27616,28581,28532,24953,32767,32767,32767,32767,32767,2971.0,16800.0
2075.0,2241.0,13610,25626,28109,29120,27925,24953,32767,32767,32767,32767,32767,2826.0,16800.0
1813.0,1824.0,15042,26092,27123,29120,29139,24953,32767,32767,32767,32767,32767,3478.0,16800.0
1988.0,2111.0,14505,26558,28109,29659,28532,24953,32767,32767,32767,32767,32767,2862.0,16800.0
2075.0,1902.0,11103,20967,24164,24806,24283,25628,32767,32767,32767,32767,32767,2935.0,16800.0
1944.0,1798.0,11461,21433,23671,25345,24890,25628,32767,32767,32767,32767,32767,2681.0,16800.0
1988.0,2033.0,11103,21433,24164,25885,25497,25628,32767,32767,32767,32767,32767,2319.0,16800.0
1922.0,1850.0,10386,21899,23671,24806,24890,25628,32767,32767,32767,32767,32767,2102.0,16800.0
2097.0,2189.0,11103,22831,24657,24806,24283,25628,32767,32767,32767,32767,32767,2428.0,16800.0
1878.0,1798.0,11819,22831,25643,26424,25497,25628,32767,32767,32767,32767,32767,2283.0,16800.0
1988.0,1850.0,11819,23297,24657,25885,25497,25628,32767,32767,32767,32767,32767,2862.0,16800.0
2119.0,2137.0,11998,23297,25643,26424,27318,25628,32767,32767,32767,32767,32767,2573.0,16800.0
1944.0,1902.0,11998,23297,25643,27502,26711,25628,32767,32767,32767,32767,32767,2464.0,16800.0
1988.0,2059.0,12893,23763,26137,28581,26711,25628,32767,32767,32767,32767,32767,2754.0,16800.0
2184.0,2111.0,12535,24229,26137,27502,27318,25628,32767,32767,32767,32767,32767,2790.0,16800.0
1857.0,1850.0,12714,24229,27123,27502,26104,25628,32767,32767,32767,32767,32767,2428.0,16800.0
2053.0,1980.0,12535,24229,26630,27502,26711,25628,32767,32767,32767,32767,32767,2609.0,16800.0
2293.0,2137.0,13431,24229,26630,27502,27318,25628,32767,32767,32767,32767,32767,3732.0,16800.0
2119.0,2137.0,11640,24694,27123,27502,26711,25628,32767,32767,32767,32767,32767,2246.0,16800.0
1857.0,2006.0,13431,25160,28109,29659,27925,25628,32767,32767,32767,32767,32767,2428.0,16800.0
1857.0,1876.0,13252,25160,28602,29659,27925,25628,32767,32767,32767,32767,32767,2283.0,16800.0
1922.0,1876.0,13610,25160,28602,28042,27318,25628,32767,32767,32767,32767,32767,3007.0,16800.0
1922.0,2059.0,14684,25160,28109,30738,30353,25628,32767,32767,32767,32767,32767,3297.0,16800.0
1966.0,1980.0,13968,25626,28109,28581,27925,25628,32767,32767,32767,32767,32767,2935.0,16800.0
1878.0,1980.0,13431,26558,29095,29659,28532,25628,32767,32767,32767,32767,32767,2428.0,16800.0
2184.0,2137.0,11819,21433,24164,25885,24890,26302,32767,32767,32767,32767,32767,3044.0,16800.0
2184.0,2137.0,11461,22365,26137,26424,25497,26302,32767,32767,32767,32767,32767,3515.0,16800.0
2228.0,2085.0,11998,22365,25643,27502,26711,26302,32767,32767,32767,32767,32767,3007.0,16800.0
1944.0,1928.0,11282,22365,22685,26424,26104,26302,32767,32767,32767,32767,32767,2138.0,16800.0
2293.0,2163.0,11819,22831,25643,25885,26104,26302,32767,32767,32767,32767,32767,2935.0,16800.0
2228.0,2189.0,12535,23297,25643,28581,27318,26302,32767,32767,32767,32767,32767,3370.0,16800.0
1966.0,2006.0,13252,23763,27123,28042,27318,26302,32767,32767,32767,32767,32767,2754.0,16800.0
2053.0,2267.0,13431,24229,27123,29659,29139,26302,32767,32767,32767,32767,32767,2935.0,16800.0
2053.0,2241.0,12893,24229,26137,29659,28532,26302,32767,32767,32767,32767,32767,2826.0,16800.0
2053.0,2189.0,13968,24229,26630,28581,27318,26302,32767,32767,32767,32767,32767,3261.0,16800.0
1922.0,1798.0,12893,24229,26630,28042,26711,26302,32767,32767,32767,32767,32767,2826.0,16800.0
1966.0,1850.0,13610,24694,26630,28042,27318,26302,32767,32767,32767,32767,32767,3189.0,16800.0
1791.0,1772.0,12535,24694,28109,28581,27925,26302,32767,32767,32767,32767,32767,2174.0,16800.0
1922.0,1850.0,12356,24694,27616,28581,27318,26302,32767,32767,32767,32767,32767,2681.0,16800.0
2075.0,1954.0,13073,24694,27123,28042,27925,26302,32767,32767,32767,32767,32767,2754.0,16800.0
2119.0,2033.0,13610,25626,27123,29120,29139,26302,32767,32767,32767,32767,32767,2935.0,16800.0
1922.0,2345.0,13610,26092,28602,30199,30353,26302,32767,32767,32767,32767,32767,2536.0,16800.0
1878.0,2006.0,13610,26092,29095,29120,29746,26302,32767,32767,32767,32767,32767,2428.0,16800.0
1988.0,2111.0,14326,26092,29589,30738,29746,26302,32767,32767,32767,32767,32767,2536.0,16800.0
2228.0,2059.0,14326,26092,29095,30199,29139,26302,32767,32767,32767,32767,32767,3696.0,16800.0
1769.0,1824.0,13610,26092,30082,30738,29746,26302,32767,32767,32767,32767,32767,2428.0,16800.0
1944.0,2085.0,13431,26092,28602,29659,29746,26302,32767,32767,32767,32767,32767,2573.0,16800.0
1900.0,1876.0,14326,26558,29095,31277,30353,26302,32767,32767,32767,32767,32767,2681.0,16800.0
1900.0,2085.0,15042,27956,30082,31816,30960,26302,32767,32767,32767,32767,32767,2754.0,16800.0
2075.0,1980.0,9491,20967,22191,24806,24890,26977,32767,32767,32767,32767,32767,2138.0,16800.0
2337.0,2293.0,11461,22831,25150,28042,26711,26977,32767,32767,32767,32767,32767,2536.0,16800.0
1966.0,1954.0,10745,23297,24164,27502,27925,26977,32767,32767,32767,32767,32767,2029.0,16800.0
2315.0,2293.0,12535,23763,27123,28042,27318,26977,32767,32767,32767,32767,32767,2826.0,16800.0
2272.0,2397.0,12356,23763,26137,29120,27925,26977,32767,32767,32767,32767,32767,2826.0,16800.0
2162.0,2189.0,12356,24229,26137,27502,27925,26977,32767,32767,32767,32767,32767,2790.0,16800.0
2206.0,2163.0,12535,24229,26137,28042,27318,26977,32767,32767,32767,32767,32767,3044.0,16800.0
1966.0,2006.0,13252,24694,27123,29659,29139,26977,32767,32767,32767,32767,32767,2464.0,16800.0
2162.0,2293.0,13073,25160,28602,30738,27925,26977,32767,32767,32767,32767,32767,2826.0,16800.0
1878.0,2006.0,13073,25626,27123,29659,27925,26977,32767,32767,32767,32767,32767,2355.0,16800.0
2162.0,2397.0,13431,25626,28602,30199,29139,26977,32767,32767,32767,32767,32767,2717.0,16800.0
2315.0,2267.0,13789,25626,28602,29659,28532,26977,32767,32767,32767,32767,32767,3080.0,16800.0
1835.0,1798.0,12893,26092,28109,29120,27925,26977,32767,32767,32767,32767,32767,2391.0,16800.0
2141.0,2163.0,13610,26092,29589,28581,29139,26977,32767,32767,32767,32767,32767,2681.0,16800.0
1857.0,1954.0,13431,26092,29095,29120,29746,26977,32767,32767,32767,32767,32767,2500.0,16800.0
2009.0,2006.0,13252,26092,28602,30738,29746,26977,32767,32767,32767,32767,32767,3116.0,16800.0
2031.0,2059.0,13968,26558,29589,30199,30353,26977,32767,32767,32767,32767,32767,2645.0,16800.0
1878.0,1824.0,13073,26558,29589,29659,29746,26977,32767,32767,32767,32767,32767,2246.0,16800.0
1878.0,1798.0,15042,27024,27616,30199,30353,26977,32767,32767,32767,32767,32767,3515.0,16800.0
1944.0,2059.0,14684,27024,29589,31816,29139,26977,32767,32767,32767,32767,32767,3080.0,16800.0
1878.0,1928.0,14863,27024,30082,32356,30353,26977,32767,32767,32767,32767,32767,2754.0,16800.0
1878.0,2111.0,14326,27490,28602,31277,30353,26977,32767,32767,32767,32767,32767,2355.0,16800.0
2053.0,2241.0,15221,27490,30575,31816,30960,26977,32767,32767,32767,32767,32767,2899.0,16800.0
2206.0,2345.0,12893,24229,28602,29120,30960,27651,32767,32767,32767,32767,32767,2862.0,16800.0
2075.0,2189.0,11640,24229,24657,27502,26711,27651,32767,32767,32767,32767,32767,2102.0,16800.0
1966.0,1876.0,11103,24229,24657,25885,27925,27651,32767,32767,32767,32767,32767,2029.0,16800.0
2293.0,2319.0,13789,24229,28602,29659,29139,27651,32767,32767,32767,32767,32767,3261.0,16800.0
2337.0,2554.0,13073,24694,27123,29120,29139,27651,32767,32767,32767,32767,32767,2935.0,16800.0
2053.0,2163.0,11819,25160,27123,27502,27318,27651,32767,32767,32767,32767,32767,2283.0,16800.0
1900.0,2085.0,13789,25160,28109,31277,30353,27651,32767,32767,32767,32767,32767,2935.0,16800.0
2031.0,2137.0,12893,25160,28109,29659,29746,27651,32767,32767,32767,32767,32767,2573.0,16800.0
2141.0,2163.0,13252,25626,28602,29120,28532,27651,32767,32767,32767,32767,32767,2826.0,16800.0
2031.0,2111.0,13252,25626,26630,32767,30960,27651,32767,32767,32767,32767,32767,2283.0,16800.0
2162.0,2267.0,13252,25626,27616,30199,28532,27651,32767,32767,32767,32767,32767,3189.0,16800.0
2250.0,2241.0,13610,26092,28602,30738,30353,27651,32767,32767,32767,32767,32767,2862.0,16800.0
2097.0,2189.0,14147,26558,29589,31816,30353,27651,32767,32767,32767,32767,32767,2573.0,16800.0
2031.0,2085.0,13968,27024,30082,31277,29746,27651,32767,32767,32767,32767,32767,2645.0,16800.0
1988.0,2111.0,15042,27490,29589,30738,30353,27651,32767,32767,32767,32767,32767,3007.0,16800.0
2097.0,2085.0,15042,27956,31068,31816,30960,27651,32767,32767,32767,32767,32767,3044.0,16800.0
1988.0,2293.0,14863,28422,31068,31816,31567,27651,32767,32767,32767,32767,32767,2609.0,16800.0
2075.0,2293.0,15221,28888,31561,32767,32174,27651,32767,32767,32767,32767,32767,2609.0,16800.0
2184.0,2241.0,15401,28888,31561,32767,32174,27651,32767,32767,32767,32767,32767,2790.0,16800.0
2315.0,2267.0,13252,24694,28602,29120,29746,28325,32767,32767,32767,32767,32767,2862.0,16800.0
2228.0,2163.0,12714,25160,27123,28581,29139,28325,32767,32767,32767,32767,32767,2790.0,16800.0
2097.0,2345.0,13789,25160,27616,31816,30353,28325,32767,32767,32767,32767,32767,2971.0,16800.0
2250.0,2345.0,13968,25626,28602,30738,29746,28325,32767,32767,32767,32767,32767,3478.0,16800.0
2272.0,2345.0,14863,26092,28602,31816,30960,28325,32767,32767,32767,32767,32767,3442.0,16800.0
2206.0,2189.0,13968,26092,29095,31277,30960,28325,32767,32767,32767,32767,32767,2790.0,16800.0
2206.0,2371.0,14326,26092,29095,31277,30353,28325,32767,32767,32767,32767,32767,2826.0,16800.0
2119.0,2319.0,14505,26558,29589,31816,30960,28325,32767,32767,32767,32767,32767,2935.0,16800.0
2250.0,2293.0,15401,26558,30082,31816,30353,28325,32767,32767,32767,32767,32767,3080.0,16800.0
2053.0,2137.0,13968,27024,30082,32767,30353,28325,32767,32767,32767,32767,32767,2609.0,16800.0
1900.0,1824.0,13252,27024,30082,29659,29139,28325,32767,32767,32767,32767,32767,2536.0,16800.0
2053.0,2033.0,13968,27024,31068,29659,28532,28325,32767,32767,32767,32767,32767,2862.0,16800.0
1988.0,2111.0,15759,27490,32054,32356,32174,28325,32767,32767,32767,32767,32767,3044.0,16800.0
2009.0,2085.0,15221,27490,30082,32356,31567,28325,32767,32767,32767,32767,32767,2754.0,16800.0
2162.0,2397.0,14684,27490,29589,32767,31567,28325,32767,32767,32767,32767,32767,2790.0,16800.0
2119.0,2319.0,15221,28422,31561,32767,32767,28325,32767,32767,32767,32767,32767,2935.0,16800.0
1988.0,2085.0,17370,28422,31068,32767,32767,28325,32767,32767,32767,32767,32767,3623.0,16800.0
2141.0,2215.0,15221,28422,30575,32767,32174,28325,32767,32767,32767,32767,32767,3261.0,16800.0
1704.0,1824.0,13968,28888,30575,32356,30353,28325,32767,32767,32767,32767,32767,2500.0,16800.0
2097.0,2319.0,15759,28888,32547,32767,32767,28325,32767,32767,32767,32767,32767,2935.0,16800.0
1791.0,2006.0,14863,29354,32547,32767,32767,28325,32767,32767,32767,32767,32767,2790.0,16800.0
1988.0,2033.0,17191,29354,31068,32767,32767,28325,32767,32767,32767,32767,32767,2971.0,16800.0
1966.0,2059.0,15938,30286,32767,32767,32174,28325,32767,32767,32767,32767,32767,3007.0,16800.0
1857.0,2163.0,17012,32149,32767,32767,32767,28325,32767,32767,32767,32767,32767,2790.0,16800.0
2162.0,2371.0,13968,26092,30082,31816,31567,29000,32767,32767,32767,32767,32767,2645.0,16800.0
2119.0,2189.0,14147,27024,30082,31277,30960,29000,32767,32767,32767,32767,32767,2971.0,16800.0
1988.0,2189.0,14326,27024,29589,32356,32767,29000,32767,32767,32767,32767,32767,2899.0,16800.0
2228.0,2267.0,14684,27956,30082,31816,31567,29000,32767,32767,32767,32767,32767,3007.0,16800.0
2053.0,2241.0,16117,29354,32054,32767,32767,29000,32767,32767,32767,32767,32767,2790.0,16800.0
2031.0,2163.0,16117,29820,32767,32767,32767,29000,32767,32767,32767,32767,32767,2826.0,16800.0
1988.0,2137.0,16117,31218,32767,32767,32767,29000,32767,32767,32767,32767,32767,2573.0,16800.0
2446.0,2423.0,13789,27490,31068,31816,32174,29674,32767,32767,32767,32767,32767,2717.0,16800.0
2141.0,2293.0,16475,28422,32054,32767,32767,29674,32767,32767,32767,32767,32767,3515.0,16800.0
2097.0,2111.0,15042,29354,32767,32767,32767,29674,32767,32767,32767,32767,32767,2790.0,16800.0
2184.0,2319.0,15580,29354,32767,32767,32767,29674,32767,32767,32767,32767,32767,2971.0,16800.0
1878.0,1980.0,15401,29354,32767,32767,32767,29674,32767,32767,32767,32767,32767,2645.0,16800.0
2075.0,2345.0,15221,29354,32054,32767,32767,29674,32767,32767,32767,32767,32767,2790.0,16800.0
2403.0,2397.0,13610,26092,29095,31277,30960,30349,32767,32767,32767,32767,32767,3116.0,16800.0
2141.0,2397.0,14326,26558,30082,32767,32174,30349,32767,32767,32767,32767,32767,2862.0,16800.0
2162.0,2293.0,15759,28888,31561,32767,32767,30349,32767,32767,32767,32767,32767,3478.0,16800.0
1878.0,2033.0,15221,29354,32547,32767,32174,30349,32767,32767,32767,32767,32767,2391.0,16800.0
2031.0,2111.0,15401,29820,32767,32767,32767,30349,32767,32767,32767,32767,32767,3007.0,16800.0
2162.0,2371.0,16475,30286,32054,32767,32767,30349,32767,32767,32767,32767,32767,3478.0,16800.0
2228.0,2397.0,16296,28888,31561,32767,32767,31023,32767,32767,32767,32767,32767,3406.0,16800.0
2053.0,2189.0,16296,30286,32767,32767,32767,31023,32767,32767,32767,32767,32767,2609.0,16800.0
2141.0,2163.0,15759,30752,32767,32767,32767,31023,32767,32767,32767,32767,32767,2536.0,16800.0
