B01,B02,B04,B05,B06,B07,B08,B09,B10,B11,B12,B13,B14,B3N,quality
1409.0,1030.0,6335,8727,9236,9539,8212,8421,32767,32767,32767,32767,32767,2903.0,15800.0
1455.0,1085.0,6894,9696,10262,10661,9475,8421,32767,32767,32767,32767,32767,3280.0,15800.0
1318.0,895.0,7081,10666,10262,11222,9475,8421,32767,32767,32767,32767,32767,3167.0,15800.0
1545.0,1112.0,6149,8727,9236,9539,8843,9123,32767,32767,32767,32767,32767,3205.0,15800.0
1227.0,868.0,6894,9696,10262,10661,9475,9123,32767,32767,32767,32767,32767,2714.0,15800.0
1409.0,1166.0,5404,9696,10262,11222,10107,9123,32767,32767,32767,32767,32767,1583.0,15800.0
1295.0,895.0,6522,9211,9749,9539,7580,9824,32767,32767,32767,32767,32767,3167.0,15800.0
1318.0,949.0,6708,9696,10776,11222,9475,9824,32767,32767,32767,32767,32767,3318.0,15800.0
1432.0,1003.0,7267,10181,11289,10661,8843,9824,32767,32767,32767,32767,32767,3657.0,15800.0
1455.0,1166.0,7267,10666,10776,11783,9475,9824,32767,32767,32767,32767,32767,3242.0,15800.0
859.0,620.0,4446,8194,8672,10041,8164,10465,32767,32767,32767,32767,32767,900.0,1000.0
1614.0,1356.0,5776,10666,11802,10661,10107,10526,32767,32767,32767,32767,32767,2187.0,15800.0
1636.0,1220.0,8012,12120,13341,12905,11370,10526,32767,32767,32767,32767,32767,3318.0,15800.0
1568.0,1139.0,8571,12605,13341,14028,12002,10526,32767,32767,32767,32767,32767,3506.0,15800.0
1973.0,1953.0,12684,16740,19742,13285,13709,11077,32767,32767,32767,32767,32767,2194.0,16600.0
1523.0,1166.0,7453,10181,11802,10661,11370,11228,32767,32767,32767,32767,32767,3695.0,15800.0
940.0,774.0,4587,9548,9601,9946,8086,11748,32767,32767,32767,32767,32767,1002.0,1000.0
1477.0,1085.0,6708,11151,12828,13467,12002,11930,32767,32767,32767,32767,32767,2752.0,15800.0
1705.0,1356.0,9317,12605,15394,15150,13265,11930,32767,32767,32767,32767,32767,3808.0,15800.0
1201.0,880.0,2764,9440,7612,8324,8785,12363,32767,32767,32767,32767,32767,664.0,1000.0
1364.0,949.0,6149,11151,11802,12905,12002,12631,32767,32767,32767,32767,32767,2262.0,15800.0
1682.0,1274.0,8758,13575,14881,15150,13265,12631,32767,32767,32767,32767,32767,3846.0,15800.0
868.0,647.0,4450,10651,10783,9648,10257,12736,32767,32767,32767,32767,32767,1044.0,1000.0
763.0,529.0,4653,10593,10410,11822,9858,13142,32767,32767,32767,32767,32767,883.0,1000.0
1636.0,1274.0,9503,15999,16933,16272,15791,14035,32767,32767,32767,32767,32767,3582.0,15800.0
1932.0,1545.0,8944,16483,17959,17394,16423,14035,32767,32767,32767,32767,32767,3619.0,15800.0
1256.0,1016.0,8640,15305,17717,16053,15579,14538,32767,32767,32767,32767,32767,2083.0,16600.0
1591.0,1410.0,8199,16968,17959,18517,17686,14736,32767,32767,32767,32767,32767,2036.0,15800.0
1695.0,1356.0,7485,14706,13882,16100,14500,14958,32767,32767,32767,32767,32767,2287.0,14000.0
1014.0,913.0,8653,16334,14484,15328,14954,15336,32767,32767,32767,32767,32767,1305.0,1000.0
1977.0,1654.0,8944,15999,18472,19639,20213,15438,32767,32767,32767,32767,32767,3205.0,15800.0
1807.0,1311.0,9929,14706,15144,15640,14500,15533,32767,32767,32767,32767,32767,4358.0,14000.0
1435.0,1391.0,11397,19131,21261,19928,18695,15923,32767,32767,32767,32767,32767,2380.0,16600.0
890.0,699.0,6052,13430,13724,14472,13274,16088,32767,32767,32767,32767,32767,684.0,1000.0
1733.0,1334.0,8096,15501,15144,16560,15535,16108,32767,32767,32767,32767,32767,2442.0,14000.0
2031.0,1600.0,11151,18680,20192,19320,17607,16108,32767,32767,32767,32767,32767,4049.0,14000.0
1386.0,1030.0,7081,15514,15907,18517,17055,16140,32767,32767,32767,32767,32767,2639.0,15800.0
1733.0,1289.0,7485,13513,15144,14720,14500,16683,32767,32767,32767,32767,32767,2751.0,14000.0
1919.0,1645.0,7638,15501,14723,17480,15535,16683,32767,32767,32767,32767,32767,2194.0,14000.0
973.0,858.0,5375,12632,12892,13576,12932,16979,32767,32767,32767,32767,32767,947.0,1000.0
2049.0,1623.0,10693,17090,18088,18400,17607,17259,32767,32767,32767,32767,32767,4296.0,14000.0
1300.0,1097.0,11397,19609,21261,22142,19941,17307,32767,32767,32767,32767,32767,2157.0,16600.0
1808.0,1348.0,12294,19280,22262,21808,20553,17759,32767,32767,32767,32767,32767,3885.0,17100.0
1869.0,1397.0,12631,19280,21798,21301,20553,17759,32767,32767,32767,32767,32767,4089.0,17100.0
2087.0,1645.0,10998,16693,18088,18860,17607,17834,32767,32767,32767,32767,32767,4296.0,14000.0
3400.0,3117.0,8160,16807,18257,18941,19593,17926,32767,32767,32767,32767,32767,3474.0,14543.0
1390.0,1311.0,12132,21044,23286,22696,21810,17999,32767,32767,32767,32767,32767,2492.0,16600.0
1028.0,888.0,10028,17394,17609,19256,18721,18062,32767,32767,32767,32767,32767,1382.0,1000.0
934.0,803.0,6408,13893,14705,15544,15688,18099,32767,32767,32767,32767,32767,1008.0,1000.0
990.0,855.0,6047,15284,14749,15608,14057,18219,32767,32767,32767,32767,32767,874.0,1000.0
2198.0,1838.0,7242,17090,15769,16229,17128,18394,32767,32767,32767,32767,32767,2283.0,17100.0
1042.0,1010.0,6586,15283,15685,16616,16895,18769,32767,32767,32767,32767,32767,1080.0,1000.0
994.0,883.0,7109,15790,15757,17231,16459,18938,32767,32767,32767,32767,32767,982.0,1000.0
2012.0,1778.0,11762,18680,20192,19780,19160,18985,32767,32767,32767,32767,32767,3956.0,14000.0
1787.0,1397.0,12968,19719,21798,22315,21695,19028,32767,32767,32767,32767,32767,3851.0,17100.0
3027.0,2721.0,8840,17692,19661,19964,20170,19206,32767,32767,32767,32767,32767,3440.0,15462.0
3069.0,2820.0,10030,20788,22470,19453,23051,19206,32767,32767,32767,32767,32767,3990.0,15399.0
977.0,906.0,6586,14819,14214,15008,15688,19439,32767,32767,32767,32767,32767,1116.0,1000.0
2087.0,1823.0,13443,21462,24398,23460,22267,19560,32767,32767,32767,32767,32767,3894.0,14000.0
2568.0,2278.0,9317,18908,22064,23005,24003,19649,32767,32767,32767,32767,32767,3393.0,15800.0
1705.0,1323.0,11621,20595,22262,21808,20553,19662,32767,32767,32767,32767,32767,3101.0,17100.0
1869.0,1666.0,12631,21471,23189,23329,22837,19662,32767,32767,32767,32767,32767,3817.0,17100.0
1951.0,1740.0,12463,22348,24580,23836,20553,19662,32767,32767,32767,32767,32767,3305.0,17100.0
3317.0,3018.0,10030,18577,20130,21500,20746,19846,32767,32767,32767,32767,32767,3440.0,14795.0
1064.0,984.0,7476,15746,16665,19296,19308,20110,32767,32767,32767,32767,32767,1116.0,1000.0
1910.0,1495.0,12968,21033,23653,23329,21695,20296,32767,32767,32767,32767,32767,3612.0,17100.0
1931.0,1568.0,13305,21471,23653,23329,22266,20296,32767,32767,32767,32767,32767,3714.0,17100.0
3235.0,2944.0,11220,19461,22002,23036,24203,20487,32767,32767,32767,32767,32767,4127.0,15093.0
2633.0,2647.0,12070,23884,25747,26619,25932,20487,32767,32767,32767,32767,32767,2855.0,15334.0
1882.0,1534.0,12068,20270,22295,22540,22267,20710,32767,32767,32767,32767,32767,3956.0,14000.0
2441.0,2201.0,14054,23052,25660,25760,24338,20710,32767,32767,32767,32767,32767,4265.0,14000.0
2332.0,2247.0,9926,20088,21261,23249,24303,20769,32767,32767,32767,32767,32767,2380.0,16600.0
1042.0,958.0,9255,18524,18626,18760,18705,20780,32767,32767,32767,32767,32767,1044.0,1000.0
2614.0,2386.0,9876,21332,23604,25811,27793,21052,32767,32767,32767,32767,32767,3318.0,15800.0
2500.0,2278.0,9317,20362,22577,22444,24635,21754,32767,32767,32767,32767,32767,3280.0,15800.0
1869.0,1544.0,12968,23662,25508,25358,25121,22199,32767,32767,32767,32767,32767,3817.0,17100.0
3152.0,2820.0,10540,20346,22938,22524,23627,22407,32767,32767,32767,32767,32767,3508.0,15223.0
3372.0,3001.0,8707,17090,18088,22540,23303,22436,32767,32767,32767,32767,32767,3523.0,13326.0
2553.0,2223.0,14054,23450,24819,25760,23821,22436,32767,32767,32767,32767,32767,4791.0,14000.0
3136.0,2955.0,11553,22786,26169,26933,28425,22456,32767,32767,32767,32767,32767,4072.0,15364.0
3841.0,3633.0,11925,24725,28222,28055,27161,22456,32767,32767,32767,32767,32767,4336.0,14036.0
1931.0,1715.0,14315,24539,26899,28401,26262,22833,32767,32767,32767,32767,32767,3680.0,17100.0
2175.0,2327.0,13970,24392,27842,29338,28665,22845,32767,32767,32767,32767,32767,2827.0,16600.0
2329.0,2156.0,13901,23450,26502,26680,25374,23012,32767,32767,32767,32767,32767,3740.0,14000.0
2571.0,2778.0,14359,25039,26922,28520,26928,23012,32767,32767,32767,32767,32767,3554.0,13589.0
2441.0,2334.0,14970,25834,29446,30820,28481,23587,32767,32767,32767,32767,32767,3523.0,14000.0
3172.0,3067.0,11220,22115,25747,26619,28237,23688,32767,32767,32767,32767,32767,3646.0,14762.0
2954.0,2630.0,11925,24725,28735,28617,30951,23859,32767,32767,32767,32767,32767,3355.0,15790.0
2553.0,2267.0,14665,26232,27343,29440,27446,24162,32767,32767,32767,32767,32767,4667.0,14000.0
3442.0,3315.0,11730,24769,27620,29691,29966,24328,32767,32767,32767,32767,32767,3990.0,14312.0
4105.0,3908.0,12919,26538,29492,28667,28237,24328,32767,32767,32767,32767,32767,4506.0,13195.0
3235.0,3018.0,15299,27865,30428,32767,32271,24328,32767,32767,32767,32767,32767,4471.0,14568.0
2121.0,2367.0,14396,25295,26258,28713,28521,24644,32767,32767,32767,32767,32767,2308.0,17616.0
3277.0,2994.0,12283,21972,24946,27741,28627,24864,32767,32767,32767,32767,32767,4070.0,11792.0
2884.0,2636.0,13665,24369,27483,26354,27066,24864,32767,32767,32767,32767,32767,3542.0,12252.0
3224.0,2958.0,10843,24686,26127,27550,28717,24884,32767,32767,32767,32767,32767,2777.0,15934.0
2965.0,2647.0,11730,23000,28556,25595,27085,24968,32767,32767,32767,32767,32767,3371.0,15479.0
1931.0,1764.0,15831,26730,30610,29922,30259,25371,32767,32767,32767,32767,32767,3305.0,17100.0
3172.0,2869.0,14789,26096,29492,29691,31119,25608,32767,32767,32767,32767,32767,4815.0,14963.0
3338.0,3117.0,13599,26980,29960,31226,32271,25608,32767,32767,32767,32767,32767,4127.0,14535.0
2152.0,2086.0,13970,26784,29866,30999,30534,25615,32767,32767,32767,32767,32767,3013.0,16600.0
2841.0,2603.0,13043,26664,30787,32544,32767,25964,32767,32767,32767,32767,32767,4223.0,15800.0
2394.0,2666.0,13835,26755,30892,30402,29788,26052,32767,32767,32767,32767,32767,2875.0,17361.0
2689.0,2588.0,12041,22654,26527,26777,26375,26511,32767,32767,32767,32767,32767,2886.0,16251.0
3221.0,2971.0,11515,22771,24523,28666,28107,26599,32767,32767,32767,32767,32767,3821.0,11851.0
1194.0,1140.0,10857,23618,25978,24120,25945,26813,32767,32767,32767,32767,32767,1332.0,1000.0
1904.0,2494.0,15100,26929,29903,29123,29334,26837,32767,32767,32767,32767,32767,2815.0,17801.0
3566.0,3265.0,13429,26096,29024,31738,32271,26889,32767,32767,32767,32767,32767,4162.0,14249.0
2063.0,2140.0,14522,26784,30879,32659,32404,26999,32767,32767,32767,32767,32767,2789.0,16600.0
4326.0,4044.0,12744,23969,27906,26354,28627,27177,32767,32767,32767,32767,32767,4442.0,9829.0
3539.0,3262.0,12437,24768,27060,30053,31750,27177,32767,32767,32767,32767,32767,3914.0,11201.0
3028.0,2965.0,12782,24100,29588,28450,30771,27209,32767,32767,32767,32767,32767,2999.0,15421.0
2886.0,2657.0,13043,27149,31300,32767,32767,27368,32767,32767,32767,32767,32767,3732.0,15749.0
2439.0,2770.0,12639,30386,31280,32760,32767,27715,32767,32767,32767,32767,32767,2590.0,17362.0
2772.0,2614.0,14125,28763,32134,32365,32767,27755,32767,32767,32767,32767,32767,3076.0,12095.0
4434.0,4201.0,11762,23450,29446,26220,27446,28189,32767,32767,32767,32767,32767,4265.0,11181.0
2664.0,2378.0,12068,24244,27343,27600,29517,28189,32767,32767,32767,32767,32767,3616.0,14000.0
3802.0,3619.0,15814,29961,32767,30053,29668,28334,32767,32767,32767,32767,32767,4567.0,10302.0
2694.0,2939.0,14242,24957,28015,29760,30053,28461,32767,32767,32767,32767,32767,3176.0,16656.0
2915.0,2830.0,12782,24582,29078,29566,32027,28604,32767,32767,32767,32767,32767,3298.0,15815.0
3235.0,2944.0,12579,25653,29024,31226,32767,28809,32767,32767,32767,32767,32767,3715.0,14874.0
5287.0,6036.0,15469,28307,30897,32767,32767,28809,32767,32767,32767,32767,32767,5503.0,10008.0
5287.0,5096.0,15639,30519,32767,32767,32767,28809,32767,32767,32767,32767,32767,4678.0,11002.0
2828.0,2636.0,14433,28363,32134,32767,32767,28912,32767,32767,32767,32767,32767,3479.0,12138.0
3408.0,3195.0,13972,28763,30866,32365,32767,28912,32767,32767,32767,32767,32767,3417.0,11040.0
2410.0,2875.0,13657,24950,27207,29314,31522,29000,32767,32767,32767,32767,32767,2793.0,16862.0
2324.0,2667.0,15564,30655,32767,32767,32767,29033,32767,32767,32767,32767,32767,3443.0,17237.0
4519.0,4367.0,13894,26991,31629,32767,32767,29302,32767,32767,32767,32767,32767,3598.0,12906.0
2598.0,2534.0,13894,28437,32649,32767,32767,29302,32767,32767,32767,32767,32767,2999.0,16196.0
3079.0,2810.0,13723,26449,29393,32767,32767,29351,32767,32767,32767,32767,32767,3531.0,16268.0
3333.0,3016.0,13511,24768,27906,30053,31750,29490,32767,32767,32767,32767,32767,4256.0,11646.0
3221.0,2882.0,13204,27964,32557,31440,32767,29490,32767,32767,32767,32767,32767,3448.0,11737.0
2499.0,2727.0,14529,24950,26407,31064,31522,29548,32767,32767,32767,32767,32767,2940.0,17049.0
2109.0,2432.0,15257,27221,30011,32767,32018,29551,32767,32767,32767,32767,32767,2675.0,17465.0
2604.0,2879.0,16643,27778,30698,32767,32767,29565,32767,32767,32767,32767,32767,3431.0,16904.0
2258.0,2503.0,15705,30646,32767,32767,32767,29573,32767,32767,32767,32767,32767,2535.0,17236.0
4062.0,3845.0,12220,25834,28605,32200,32624,29915,32767,32767,32767,32767,32767,4234.0,11798.0
3050.0,3100.0,15376,30365,32767,32767,32767,29999,32767,32767,32767,32767,32767,3298.0,14966.0
2028.0,2543.0,16288,30019,32767,32767,32767,30032,32767,32767,32767,32767,32767,2712.0,17421.0
2538.0,2548.0,9710,22106,22920,23497,25864,30039,32767,32767,32767,32767,32767,2280.0,17208.0
3614.0,3329.0,12590,26366,29597,31440,32767,30068,32767,32767,32767,32767,32767,4194.0,11120.0
4682.0,4401.0,14125,28763,32767,32767,32767,30068,32767,32767,32767,32767,32767,4411.0,9093.0
2323.0,2708.0,16575,27238,29229,31525,32767,30117,32767,32767,32767,32767,32767,3118.0,16874.0
3038.0,2868.0,11666,26252,30390,29909,30997,30280,32767,32767,32767,32767,32767,3445.0,14671.0
3372.0,3179.0,12220,25437,27764,31740,32767,30490,32767,32767,32767,32767,32767,3740.0,12963.0
3913.0,3623.0,12373,25834,29026,30360,32767,30490,32767,32767,32767,32767,32767,4018.0,12131.0
3184.0,2927.0,12897,25967,28329,30978,32767,30647,32767,32767,32767,32767,32767,4039.0,11868.0
2641.0,2569.0,16429,31160,32767,32767,32767,30647,32767,32767,32767,32767,32767,3386.0,11952.0
2483.0,2793.0,16575,31778,32767,32767,32767,30664,32767,32767,32767,32767,32767,4236.0,17007.0
2200.0,2709.0,15709,30276,31644,32767,32767,30677,32767,32767,32767,32767,32767,3267.0,17112.0
1863.0,2709.0,16291,31033,32767,32767,32767,30677,32767,32767,32767,32767,32767,3061.0,17030.0
2673.0,3028.0,16080,29533,32767,32767,32767,30873,32767,32767,32767,32767,32767,3987.0,14089.0
2196.0,2737.0,13342,29277,32314,32432,32767,30874,32767,32767,32767,32767,32767,2439.0,17325.0
2059.0,2386.0,14306,30113,32767,32767,32767,30874,32767,32767,32767,32767,32767,2309.0,17812.0
3090.0,2949.0,15814,30760,32767,32767,32767,31225,32767,32767,32767,32767,32767,4008.0,11448.0
3017.0,2922.0,11059,23853,24444,30236,29598,31237,32767,32767,32767,32767,32767,3415.0,15809.0
3960.0,3686.0,14279,28749,31833,32767,32767,31370,32767,32767,32767,32767,32767,4093.0,13356.0
3818.0,3693.0,12967,26509,31118,32767,32767,31395,32767,32767,32767,32767,32767,3523.0,14159.0
2923.0,2845.0,14188,29123,32767,32282,32767,31467,32767,32767,32767,32767,32767,3573.0,14502.0
2508.0,2557.0,14396,30646,32767,32767,32767,31685,32767,32767,32767,32767,32767,3064.0,17531.0
1870.0,2149.0,17387,32592,32767,32767,32767,31685,32767,32767,32767,32767,32767,2497.0,17684.0
3895.0,3753.0,14586,29562,32134,32767,32767,31803,32767,32767,32767,32767,32767,3852.0,10075.0
2394.0,3016.0,15700,31046,32767,32767,32767,31930,32767,32767,32767,32767,32767,3177.0,16798.0
2069.0,2740.0,18154,32767,32767,32767,32767,31949,32767,32767,32767,32767,32767,2918.0,16815.0
2390.0,2548.0,14392,27971,30082,29241,31154,31998,32767,32767,32767,32767,32767,2701.0,17017.0
5287.0,6060.0,14619,29634,32767,32767,32767,32010,32767,32767,32767,32767,32767,5262.0,10022.0
2500.0,2523.0,15292,30354,32767,32767,32767,32061,32767,32767,32767,32767,32767,3445.0,14991.0
2711.0,2523.0,15450,31584,32767,32767,32767,32061,32767,32767,32767,32767,32767,4179.0,15092.0
2231.0,2523.0,16396,31994,32767,32767,32767,32061,32767,32767,32767,32767,32767,3190.0,14788.0
2392.0,2737.0,13824,30950,32767,32767,32767,32085,32767,32767,32767,32767,32767,2960.0,17471.0
4490.0,4290.0,15581,31001,32767,32767,32767,32216,32767,32767,32767,32767,32767,4389.0,10739.0
1985.0,2600.0,14965,28352,31608,32767,32767,32284,32767,32767,32767,32767,32767,2734.0,17263.0
2074.0,2389.0,16565,30245,32767,32767,32767,32287,32767,32767,32767,32767,32767,2881.0,17421.0
2074.0,2263.0,17294,31763,32767,32767,32767,32292,32767,32767,32767,32767,32767,2705.0,17336.0
2536.0,2497.0,13958,28751,30430,32767,32767,32307,32767,32767,32767,32767,32767,2971.0,17564.0
2538.0,2499.0,15279,29153,32458,31112,32557,32333,32767,32767,32767,32767,32767,3533.0,16256.0
2068.0,2351.0,14558,30803,32767,32767,32767,32535,32767,32767,32767,32767,32767,2234.0,17787.0
2348.0,2422.0,14045,27520,31992,29241,32329,32651,32767,32767,32767,32767,32767,2596.0,17268.0
2673.0,2776.0,16711,31994,32767,32767,32767,32655,32767,32767,32767,32767,32767,3828.0,14364.0
2059.0,2433.0,16718,31786,32767,32767,32767,32691,32767,32767,32767,32767,32767,2439.0,17387.0
2294.0,2924.0,14949,32204,32767,32767,32767,32691,32767,32767,32767,32767,32767,2732.0,16901.0
3452.0,3471.0,12281,25008,27448,32695,32767,32767,32767,32767,32767,32767,32767,2881.0,15830.0
3307.0,3143.0,14661,27482,32126,32767,32767,32767,32767,32767,32767,32767,32767,3955.0,13924.0
3554.0,3333.0,12463,28483,32767,31951,32767,32767,32767,32767,32767,32767,32767,3544.0,15668.0
3288.0,3097.0,11981,28713,32767,31333,32767,32767,32767,32767,32767,32767,32767,3445.0,14158.0
2127.0,2262.0,16418,29108,32008,32767,32767,32767,32767,32767,32767,32767,32767,2675.0,17576.0
2642.0,2983.0,15121,29130,32032,32767,32767,32767,32767,32767,32767,32767,32767,3207.0,16582.0
1904.0,2765.0,15609,29136,32706,32767,32767,32767,32767,32767,32767,32767,32767,2643.0,17140.0
3191.0,3263.0,12281,29176,32350,32695,32767,32767,32767,32767,32767,32767,32767,2881.0,16251.0
2431.0,2538.0,13705,29176,32350,30551,32767,32767,32767,32767,32767,32767,32767,2593.0,17468.0
5287.0,6036.0,15129,29192,31833,32767,32767,32767,32767,32767,32767,32767,32767,5091.0,9989.0
1875.0,2514.0,14858,29219,32767,32767,32767,32767,32767,32767,32767,32767,32767,2867.0,17534.0
2474.0,2700.0,15085,29325,32767,31851,32767,32767,32767,32767,32767,32767,32767,2701.0,16607.0
2336.0,3039.0,13816,29412,32767,32767,32767,32767,32767,32767,32767,32767,32767,2796.0,16878.0
1933.0,2412.0,15994,29508,32767,32767,32767,32767,32767,32767,32767,32767,32767,2854.0,17510.0
2903.0,2776.0,12454,29533,31692,32767,32767,32767,32767,32767,32767,32767,32767,3030.0,14650.0
2236.0,2694.0,13883,29639,32350,32767,32767,32767,32767,32767,32767,32767,32767,2629.0,17227.0
2964.0,2774.0,14988,29910,32767,32767,32767,32767,32767,32767,32767,32767,32767,3828.0,15769.0
2923.0,2776.0,13716,29943,32767,32767,32767,32767,32767,32767,32767,32767,32767,3381.0,14627.0
3783.0,3485.0,14740,29961,32767,32767,32767,32767,32767,32767,32767,32767,32767,4163.0,10577.0
4326.0,4133.0,14433,29961,32767,32767,32767,32767,32767,32767,32767,32767,32767,4380.0,9536.0
2214.0,2590.0,14417,30102,32767,32767,32767,32767,32767,32767,32767,32767,32767,2593.0,17328.0
2610.0,2542.0,12811,30303,32767,32767,32767,32767,32767,32767,32767,32767,32767,2739.0,16804.0
3605.0,3474.0,14267,30303,32474,32767,32767,32767,32767,32767,32767,32767,32767,4271.0,15227.0
3192.0,3120.0,14504,30354,32767,32767,32767,32767,32767,32767,32767,32767,32767,3604.0,13919.0
4270.0,4022.0,14893,30361,32767,32767,32767,32767,32767,32767,32767,32767,32767,4442.0,9673.0
4732.0,4536.0,15587,30416,32767,32767,32767,32767,32767,32767,32767,32767,32767,4491.0,13155.0
4509.0,4246.0,14054,30604,32767,32767,32767,32767,32767,32767,32767,32767,32767,4451.0,10976.0
2091.0,2474.0,15982,30620,32767,32767,32767,32767,32767,32767,32767,32767,32767,3116.0,17464.0
2481.0,2875.0,18016,30620,32767,32767,32767,32767,32767,32767,32767,32767,32767,3175.0,16306.0
2856.0,2857.0,15709,30655,32767,32767,32767,32767,32767,32767,32767,32767,32767,3649.0,16793.0
2601.0,2725.0,15085,30678,32767,32767,32767,32767,32767,32767,32767,32767,32767,2666.0,16508.0
2242.0,2675.0,16819,30678,32767,32767,32767,32767,32767,32767,32767,32767,32767,2947.0,16540.0
2592.0,2500.0,15141,30682,32767,32767,32767,32767,32767,32767,32767,32767,32767,3152.0,16730.0
2433.0,2479.0,15577,30682,32767,32767,32767,32767,32767,32767,32767,32767,32767,2887.0,16631.0
3596.0,3329.0,13818,30760,32767,32767,32767,32767,32767,32767,32767,32767,32767,3728.0,10881.0
3000.0,2868.0,14346,30764,32767,32767,32767,32767,32767,32767,32767,32767,32767,3349.0,14344.0
2144.0,2410.0,15400,30997,32767,32767,32767,32767,32767,32767,32767,32767,32767,2851.0,17557.0
2073.0,2283.0,16563,30997,32767,32767,32767,32767,32767,32767,32767,32767,32767,2616.0,17492.0
2676.0,3087.0,17580,30998,32767,32767,32767,32767,32767,32767,32767,32767,32767,3175.0,15986.0
2640.0,3171.0,17435,30998,32767,32767,32767,32767,32767,32767,32767,32767,32767,3234.0,15910.0
2410.0,2537.0,16563,30998,32767,32767,32767,32767,32767,32767,32767,32767,32767,3028.0,17118.0
3540.0,3312.0,14970,31001,32767,32767,32767,32767,32767,32767,32767,32767,32767,4080.0,12470.0
2996.0,2939.0,13952,31007,32767,32767,32767,32767,32767,32767,32767,32767,32767,3205.0,16620.0
2180.0,2665.0,14969,31007,32767,32767,32767,32767,32767,32767,32767,32767,32767,2999.0,17111.0
1954.0,2331.0,16019,31028,32767,32767,32767,32767,32767,32767,32767,32767,32767,2413.0,17521.0
2538.0,2801.0,16299,31130,32767,32767,32767,32767,32767,32767,32767,32767,32767,3052.0,16373.0
3327.0,3235.0,14188,31174,32767,32767,32767,32767,32767,32767,32767,32767,32767,3604.0,13732.0
3269.0,3097.0,13558,31174,32767,32767,32767,32767,32767,32767,32767,32767,32767,3541.0,14036.0
2692.0,2638.0,15134,31174,32767,32767,32767,32767,32767,32767,32767,32767,32767,3541.0,14784.0
1951.0,2212.0,15838,31219,32767,32767,32767,32767,32767,32767,32767,32767,32767,2234.0,17873.0
1990.0,2328.0,16158,31219,32767,32767,32767,32767,32767,32767,32767,32767,32767,2525.0,17756.0
2431.0,3017.0,15592,31368,32767,32767,32767,32767,32767,32767,32767,32767,32767,2960.0,16712.0
2038.0,2283.0,17144,31376,32767,32767,32767,32767,32767,32767,32767,32767,32767,2675.0,17421.0
1949.0,2262.0,16708,31376,32767,32767,32767,32767,32767,32767,32767,32767,32767,2646.0,17556.0
1879.0,2220.0,16710,31380,32767,32767,32767,32767,32767,32767,32767,32767,32767,2440.0,17543.0
2128.0,2475.0,17302,31399,32767,32767,32767,32767,32767,32767,32767,32767,32767,3354.0,17294.0
4229.0,4090.0,16345,31399,32767,32767,32767,32767,32767,32767,32767,32767,32767,4698.0,11048.0
2076.0,2561.0,15418,31412,32767,32767,32767,32767,32767,32767,32767,32767,32767,3237.0,17451.0
2129.0,2561.0,17018,31412,32767,32767,32767,32767,32767,32767,32767,32767,32767,3120.0,17109.0
2290.0,2541.0,14552,31425,32767,30674,32767,32767,32767,32767,32767,32767,32767,2562.0,15961.0
2804.0,3134.0,17316,31425,32767,32767,32767,32767,32767,32767,32767,32767,32767,4358.0,14955.0
2840.0,2795.0,15134,31425,32767,32767,32767,32767,32767,32767,32767,32767,32767,3150.0,15527.0
2106.0,2486.0,16375,31491,32767,32767,32767,32767,32767,32767,32767,32767,32767,2629.0,17243.0
2062.0,2383.0,15663,31491,32767,32767,32767,32767,32767,32767,32767,32767,32767,2449.0,17476.0
2221.0,2347.0,14739,31581,32767,32767,32767,32767,32767,32767,32767,32767,32767,2491.0,17283.0
2807.0,2776.0,15923,31584,32767,32767,32767,32767,32767,32767,32767,32767,32767,3477.0,14359.0
2884.0,2707.0,14661,31584,32767,32767,32767,32767,32767,32767,32767,32767,32767,3668.0,14717.0
3384.0,3189.0,14661,31584,32767,32767,32767,32767,32767,32767,32767,32767,32767,4115.0,13864.0
2420.0,2584.0,15838,31635,32767,32767,32767,32767,32767,32767,32767,32767,32767,2622.0,17266.0
2056.0,2431.0,16273,31754,32767,32767,32767,32767,32767,32767,32767,32767,32767,2969.0,17440.0
2002.0,2410.0,17144,31754,32767,32767,32767,32767,32767,32767,32767,32767,32767,2793.0,17252.0
1772.0,2262.0,16420,31758,32767,32767,32767,32767,32767,32767,32767,32767,32767,2440.0,17547.0
2377.0,2963.0,17455,31790,32767,32767,32767,32767,32767,32767,32767,32767,32767,3797.0,16497.0
2822.0,3070.0,15716,31803,32767,32767,32767,32767,32767,32767,32767,32767,32767,3327.0,15039.0
3434.0,3289.0,16302,31811,32767,32767,32767,32767,32767,32767,32767,32767,32767,3486.0,14475.0
5287.0,6110.0,16829,31846,32767,32767,32767,32767,32767,32767,32767,32767,32767,5503.0,9787.0
2432.0,2399.0,14915,31863,32767,32767,32767,32767,32767,32767,32767,32767,32767,2891.0,17895.0
2065.0,2539.0,16413,31917,32767,32767,32767,32767,32767,32767,32767,32767,32767,2727.0,17102.0
1918.0,2564.0,15204,31917,32767,32767,32767,32767,32767,32767,32767,32767,32767,2692.0,17288.0
2192.0,2489.0,13822,31917,32767,32767,32767,32767,32767,32767,32767,32767,32767,2447.0,17432.0
2128.0,2640.0,17623,31917,32767,32767,32767,32767,32767,32767,32767,32767,32767,2901.0,16765.0
4775.0,5697.0,17810,31959,32767,32767,32767,32767,32767,32767,32767,32767,32767,5468.0,7176.0
3258.0,3038.0,15047,31959,32767,32767,32767,32767,32767,32767,32767,32767,32767,4225.0,11417.0
3557.0,3372.0,13400,31994,32767,32767,32767,32767,32767,32767,32767,32767,32767,3636.0,13541.0
3134.0,3005.0,14661,31994,32767,32767,32767,32767,32767,32767,32767,32767,32767,3285.0,14000.0
1932.0,2258.0,16158,32051,32767,32767,32767,32767,32767,32767,32767,32767,32767,2363.0,17812.0
2166.0,2328.0,15358,32051,32767,32767,32767,32767,32767,32767,32767,32767,32767,2395.0,17773.0
2339.0,3150.0,14093,32132,32767,32767,32767,32767,32767,32767,32767,32767,32767,3381.0,16593.0
2764.0,2896.0,17144,32132,32767,32767,32767,32767,32767,32767,32767,32767,32767,2940.0,16251.0
2233.0,2685.0,17144,32132,32767,32767,32767,32767,32767,32767,32767,32767,32767,2999.0,16788.0
2375.0,2706.0,17873,32136,32767,32767,32767,32767,32767,32767,32767,32767,32767,2911.0,16536.0
2217.0,2602.0,16139,32156,32767,32767,32767,32767,32767,32767,32767,32767,32767,3001.0,17119.0
2394.0,2624.0,16575,32156,32767,32767,32767,32767,32767,32767,32767,32767,32767,3560.0,17156.0
2093.0,2371.0,17600,32169,32767,32767,32767,32767,32767,32767,32767,32767,32767,2943.0,17279.0
1685.0,2201.0,17746,32169,32767,32767,32767,32767,32767,32767,32767,32767,32767,2708.0,17575.0
1881.0,2476.0,16291,32169,32767,32767,32767,32767,32767,32767,32767,32767,32767,3031.0,17430.0
3532.0,3536.0,15570,32182,32767,32767,32767,32767,32767,32767,32767,32767,32767,3651.0,14224.0
2485.0,2520.0,14843,32182,32767,32767,32767,32767,32767,32767,32767,32767,32767,2915.0,16074.0
2664.0,2690.0,17033,32197,32767,32767,32767,32767,32767,32767,32767,32767,32767,3358.0,16114.0
2039.0,2409.0,15271,32204,32767,32767,32767,32767,32767,32767,32767,32767,32767,2342.0,17635.0
2078.0,2386.0,15914,32204,32767,32767,32767,32767,32767,32767,32767,32767,32767,2407.0,17596.0
2106.0,2490.0,16171,32272,32767,32767,32767,32767,32767,32767,32767,32767,32767,2764.0,17541.0
2605.0,2745.0,15129,32417,32767,32767,32767,32767,32767,32767,32767,32767,32767,2701.0,16881.0
2094.0,2498.0,17340,32483,32767,32767,32767,32767,32767,32767,32767,32767,32767,2807.0,16736.0
1949.0,2304.0,15981,32509,32767,32767,32767,32767,32767,32767,32767,32767,32767,2557.0,17564.0
2216.0,3257.0,17294,32519,32767,32767,32767,32767,32767,32767,32767,32767,32767,3499.0,15915.0
2129.0,2265.0,16873,32547,32767,32767,32767,32767,32767,32767,32767,32767,32767,2914.0,17596.0
1980.0,2316.0,16235,32623,32767,32767,32767,32767,32767,32767,32767,32767,32767,2309.0,17639.0
2333.0,2994.0,15914,32623,32767,32767,32767,32767,32767,32767,32767,32767,32767,2797.0,16654.0
1821.0,2321.0,16627,32668,32767,32767,32767,32767,32767,32767,32767,32767,32767,2609.0,17777.0
3083.0,3679.0,22374,32767,32767,32767,32767,32767,32767,32767,32767,32767,32767,3439.0,14174.0
1843.0,2453.0,16855,32767,32767,32767,32767,32767,32767,32767,32767,32767,32767,2528.0,17137.0
4307.0,4290.0,17499,32767,32767,32767,32767,32767,32767,32767,32767,32767,32767,4147.0,11576.0
5269.0,5473.0,20331,32767,32767,32767,32767,32767,32767,32767,32767,32767,32767,5622.0,11335.0
3726.0,3601.0,18178,32767,32767,32767,32767,32767,32767,32767,32767,32767,32767,4636.0,11590.0
2059.0,2362.0,15432,32767,32767,32767,32767,32767,32767,32767,32767,32767,32767,2309.0,17671.0
2480.0,2684.0,17499,32767,32767,32767,32767,32767,32767,32767,32767,32767,32767,3126.0,14206.0
2339.0,2875.0,19614,32767,32767,32767,32767,32767,32767,32767,32767,32767,32767,2822.0,15885.0
2321.0,2727.0,18306,32767,32767,32767,32767,32767,32767,32767,32767,32767,32767,2646.0,16304.0
1921.0,2152.0,16557,32767,32767,32767,32767,32767,32767,32767,32767,32767,32767,2114.0,17781.0
1861.0,2579.0,17580,32767,32767,32767,32767,32767,32767,32767,32767,32767,32767,2646.0,16831.0
2019.0,2245.0,17682,32767,32767,32767,32767,32767,32767,32767,32767,32767,32767,2147.0,17372.0
1992.0,2376.0,18213,32767,32767,32767,32767,32767,32767,32767,32767,32767,32767,2287.0,17125.0
1941.0,2269.0,15592,32767,32767,32767,32767,32767,32767,32767,32767,32767,32767,2147.0,17748.0
2075.0,2433.0,17157,32767,32767,32767,32767,32767,32767,32767,32767,32767,32767,3177.0,17351.0
1873.0,2188.0,16478,32767,32767,32767,32767,32767,32767,32767,32767,32767,32767,2298.0,17864.0
2289.0,2455.0,19200,32767,32767,32767,32767,32767,32767,32767,32767,32767,32767,3237.0,16865.0
2068.0,2422.0,16171,32767,32767,32767,32767,32767,32767,32767,32767,32767,32767,2287.0,17410.0
2623.0,3002.0,21066,32767,32767,32767,32767,32767,32767,32767,32767,32767,32767,3557.0,15592.0
2264.0,2631.0,19038,32767,32767,32767,32767,32767,32767,32767,32767,32767,32767,2525.0,16575.0
1932.0,2241.0,18307,32767,32767,32767,32767,32767,32767,32767,32767,32767,32767,2646.0,17283.0
2552.0,3044.0,16854,32767,32767,32767,32767,32767,32767,32767,32767,32767,32767,3322.0,16271.0
2284.0,2826.0,19420,32767,32767,32767,32767,32767,32767,32767,32767,32767,32767,2772.0,15695.0
2529.0,2994.0,18164,32767,32767,32767,32767,32767,32767,32767,32767,32767,32767,2765.0,16192.0
2857.0,2837.0,16589,32767,32767,32767,32767,32767,32767,32767,32767,32767,32767,3033.0,15161.0
2414.0,2647.0,19062,32767,32767,32767,32767,32767,32767,32767,32767,32767,32767,4093.0,15472.0
2550.0,2992.0,16413,32767,32767,32767,32767,32767,32767,32767,32767,32767,32767,3111.0,16352.0
2839.0,3598.0,20218,32767,32767,32767,32767,32767,32767,32767,32767,32767,32767,3885.0,14915.0
2109.0,2431.0,19032,32767,32767,32767,32767,32767,32767,32767,32767,32767,32767,2499.0,16654.0
3942.0,3900.0,16868,32767,32767,32767,32767,32767,32767,32767,32767,32767,32767,3732.0,12206.0
1949.0,2262.0,16272,32767,32767,32767,32767,32767,32767,32767,32767,32767,32767,2352.0,17471.0
2253.0,2625.0,17455,32767,32767,32767,32767,32767,32767,32767,32767,32767,32767,3267.0,16935.0
2251.0,2664.0,20052,32767,32767,32767,32767,32767,32767,32767,32767,32767,32767,2617.0,16064.0
2627.0,3134.0,17843,32767,32767,32767,32767,32767,32767,32767,32767,32767,32767,2862.0,16045.0
3496.0,3430.0,15716,32767,32767,32767,32767,32767,32767,32767,32767,32767,32767,3857.0,14435.0
2078.0,2409.0,15914,32767,32767,32767,32767,32767,32767,32767,32767,32767,32767,2244.0,17448.0
5287.0,6308.0,19209,32767,32767,32767,32767,32767,32767,32767,32767,32767,32767,5813.0,9298.0
4775.0,5697.0,22109,32767,32767,32767,32767,32767,32767,32767,32767,32767,32767,6151.0,6567.0
2286.0,2685.0,17726,32767,32767,32767,32767,32767,32767,32767,32767,32767,32767,2793.0,16571.0
3236.0,3176.0,16957,32767,32767,32767,32767,32767,32767,32767,32767,32767,32767,3463.0,16196.0
3038.0,2982.0,15292,32767,32767,32767,32767,32767,32767,32767,32767,32767,32767,3285.0,13974.0
1985.0,2368.0,16563,32767,32767,32767,32767,32767,32767,32767,32767,32767,32767,2322.0,17186.0
2250.0,2727.0,20776,32767,32767,32767,32767,32767,32767,32767,32767,32767,32767,2763.0,15883.0
3798.0,4701.0,21682,32767,32767,32767,32767,32767,32767,32767,32767,32767,32767,4564.0,11780.0
1810.0,2476.0,18473,32767,32767,32767,32767,32767,32767,32767,32767,32767,32767,3178.0,17091.0
2276.0,2539.0,13649,32767,32767,32767,32767,32767,32767,32767,32767,32767,32767,2307.0,17250.0
2392.0,3205.0,20415,32767,32767,32767,32767,32767,32767,32767,32767,32767,32767,2992.0,15574.0
2588.0,3088.0,19450,32767,32767,32767,32767,32767,32767,32767,32767,32767,32767,2830.0,15814.0
1966.0,2568.0,17476,32767,32767,32767,32767,32767,32767,32767,32767,32767,32767,2815.0,17226.0
2857.0,2880.0,17171,32767,32767,32767,32767,32767,32767,32767,32767,32767,32767,3327.0,15102.0
3064.0,3473.0,19155,32767,32767,32767,32767,32767,32767,32767,32767,32767,32767,3272.0,15338.0
2271.0,2371.0,20218,32767,32767,32767,32767,32767,32767,32767,32767,32767,32767,3708.0,16950.0
2136.0,2801.0,18033,32767,32767,32767,32767,32767,32767,32767,32767,32767,32767,3228.0,16245.0
2129.0,2879.0,21236,32767,32767,32767,32767,32767,32767,32767,32767,32767,32767,3267.0,15791.0
2065.0,2288.0,17450,32767,32767,32767,32767,32767,32767,32767,32767,32767,32767,2412.0,17199.0
4903.0,5552.0,20337,32767,32767,32767,32767,32767,32767,32767,32767,32767,32767,5614.0,9649.0
2039.0,2550.0,17039,32767,32767,32767,32767,32767,32767,32767,32767,32767,32767,2504.0,17157.0
1951.0,2188.0,16798,32767,32767,32767,32767,32767,32767,32767,32767,32767,32767,2266.0,17759.0
3283.0,3769.0,18044,32767,32767,32767,32767,32767,32767,32767,32767,32767,32767,3769.0,13604.0
1808.0,2453.0,17727,32767,32767,32767,32767,32767,32767,32767,32767,32767,32767,2558.0,16997.0
2751.0,2731.0,15425,32767,32767,32767,32767,32767,32767,32767,32767,32767,32767,2797.0,15464.0
1941.0,2152.0,17521,32767,32767,32767,32767,32767,32767,32767,32767,32767,32767,2114.0,17585.0
2185.0,2375.0,17118,32767,32767,32767,32767,32767,32767,32767,32767,32767,32767,2428.0,17376.0
2241.0,2513.0,18370,32767,32767,32767,32767,32767,32767,32767,32767,32767,32767,2478.0,16893.0
4156.0,4818.0,23630,32767,32767,32767,32767,32767,32767,32767,32767,32767,32767,4261.0,12706.0
2453.0,3003.0,18553,32767,32767,32767,32767,32767,32767,32767,32767,32767,32767,2982.0,15627.0
2109.0,2516.0,19178,32767,32767,32767,32767,32767,32767,32767,32767,32767,32767,2557.0,16507.0
1967.0,3235.0,22083,32767,32767,32767,32767,32767,32767,32767,32767,32767,32767,3204.0,15095.0
2428.0,2854.0,19468,32767,32767,32767,32767,32767,32767,32767,32767,32767,32767,2881.0,15951.0
1807.0,2199.0,17434,32767,32767,32767,32767,32767,32767,32767,32767,32767,32767,2352.0,17409.0
2068.0,2421.0,18558,32767,32767,32767,32767,32767,32767,32767,32767,32767,32767,2331.0,16979.0
2126.0,2516.0,18597,32767,32767,32767,32767,32767,32767,32767,32767,32767,32767,2410.0,16535.0
2137.0,2596.0,17521,32767,32767,32767,32767,32767,32767,32767,32767,32767,32767,2504.0,16956.0
2360.0,2625.0,15855,32767,32767,32767,32767,32767,32767,32767,32767,32767,32767,3326.0,17213.0
4959.0,4807.0,14231,32767,32767,32767,32767,32767,32767,32767,32767,32767,32767,4833.0,12929.0
2798.0,2857.0,15964,32767,32767,32767,32767,32767,32767,32767,32767,32767,32767,2896.0,15591.0
2432.0,2541.0,17753,32767,32767,32767,32767,32767,32767,32767,32767,32767,32767,3474.0,15744.0
2157.0,2523.0,16646,32767,32767,32767,32767,32767,32767,32767,32767,32767,32767,2666.0,16732.0
2396.0,2710.0,22264,32767,32767,32767,32767,32767,32767,32767,32767,32767,32767,3533.0,14550.0
2641.0,3172.0,18309,32767,32767,32767,32767,32767,32767,32767,32767,32767,32767,3028.0,15672.0
4775.0,5049.0,17810,32767,32767,32767,32767,32767,32767,32767,32767,32767,32767,5188.0,7910.0
2235.0,2596.0,18004,32767,32767,32767,32767,32767,32767,32767,32767,32767,32767,2374.0,16758.0
2041.0,2393.0,16880,32767,32767,32767,32767,32767,32767,32767,32767,32767,32767,2944.0,16093.0
2235.0,2667.0,17843,32767,32767,32767,32767,32767,32767,32767,32767,32767,32767,2504.0,16744.0
2218.0,2286.0,16727,32767,32767,32767,32767,32767,32767,32767,32767,32767,32767,2884.0,17545.0
2658.0,3573.0,16855,32767,32767,32767,32767,32767,32767,32767,32767,32767,32767,3469.0,15468.0
2233.0,2812.0,20195,32767,32767,32767,32767,32767,32767,32767,32767,32767,32767,2881.0,15927.0
1941.0,2362.0,17361,32767,32767,32767,32767,32767,32767,32767,32767,32767,32767,2472.0,17447.0
2078.0,2479.0,18646,32767,32767,32767,32767,32767,32767,32767,32767,32767,32767,2407.0,16901.0
2326.0,2818.0,20236,32767,32767,32767,32767,32767,32767,32767,32767,32767,32767,3005.0,15237.0
2348.0,2725.0,17860,32767,32767,32767,32767,32767,32767,32767,32767,32767,32767,2947.0,16231.0
2147.0,2625.0,19055,32767,32767,32767,32767,32767,32767,32767,32767,32767,32767,3532.0,16742.0
3346.0,3166.0,17499,32767,32767,32767,32767,32767,32767,32767,32767,32767,32767,3955.0,13430.0
2503.0,2604.0,19062,32767,32767,32767,32767,32767,32767,32767,32767,32767,32767,3268.0,15285.0
2098.0,2409.0,15432,32767,32767,32767,32767,32767,32767,32767,32767,32767,32767,2342.0,17591.0
2076.0,2709.0,18473,32767,32767,32767,32767,32767,32767,32767,32767,32767,32767,3502.0,16726.0
1686.0,2292.0,17361,32767,32767,32767,32767,32767,32767,32767,32767,32767,32767,2342.0,17573.0
5287.0,6308.0,20569,32767,32767,32767,32767,32767,32767,32767,32767,32767,32767,6191.0,9124.0
2924.0,3742.0,22229,32767,32767,32767,32767,32767,32767,32767,32767,32767,32767,3528.0,14192.0
2272.0,2943.0,21682,32767,32767,32767,32767,32767,32767,32767,32767,32767,32767,3445.0,14317.0
1972.0,2330.0,18684,32767,32767,32767,32767,32767,32767,32767,32767,32767,32767,2478.0,17235.0
5063.0,4733.0,18298,32767,32767,32767,32767,32767,32767,32767,32767,32767,32767,5039.0,12528.0
2040.0,2265.0,17891,32767,32767,32767,32767,32767,32767,32767,32767,32767,32767,3267.0,17559.0
2268.0,2748.0,19468,32767,32767,32767,32767,32767,32767,32767,32767,32767,32767,2616.0,16039.0
2219.0,2308.0,17898,32767,32767,32767,32767,32767,32767,32767,32767,32767,32767,2974.0,16013.0
4557.0,4359.0,18918,32767,32767,32767,32767,32767,32767,32767,32767,32767,32767,4944.0,11339.0
3048.0,3911.0,21358,32767,32767,32767,32767,32767,32767,32767,32767,32767,32767,3616.0,14129.0
2304.0,2812.0,19904,32767,32767,32767,32767,32767,32767,32767,32767,32767,32767,2763.0,15911.0
3734.0,3704.0,15129,32767,32767,32767,32767,32767,32767,32767,32767,32767,32767,3493.0,15322.0
2180.0,2643.0,16127,32767,32767,32767,32767,32767,32767,32767,32767,32767,32767,2998.0,17059.0
4526.0,4616.0,20518,32767,32767,32767,32767,32767,32767,32767,32767,32767,32767,4328.0,11839.0
2005.0,2392.0,19200,32767,32767,32767,32767,32767,32767,32767,32767,32767,32767,3296.0,17079.0
2768.0,3069.0,21236,32767,32767,32767,32767,32767,32767,32767,32767,32767,32767,3738.0,15467.0
2375.0,2643.0,18016,32767,32767,32767,32767,32767,32767,32767,32767,32767,32767,3381.0,16802.0
2661.0,3598.0,22982,32767,32767,32767,32767,32767,32767,32767,32767,32767,32767,3679.0,14354.0
2498.0,2747.0,19038,32767,32767,32767,32767,32767,32767,32767,32767,32767,32767,2654.0,16382.0
1941.0,2152.0,17521,32767,32767,32767,32767,32767,32767,32767,32767,32767,32767,2212.0,17653.0
2290.0,2499.0,18335,32767,32767,32767,32767,32767,32767,32767,32767,32767,32767,3062.0,15597.0
3638.0,3759.0,16299,32767,32767,32767,32767,32767,32767,32767,32767,32767,32767,3473.0,14699.0
1970.0,2287.0,18335,32767,32767,32767,32767,32767,32767,32767,32767,32767,32767,3121.0,16094.0
2065.0,2238.0,17450,32767,32767,32767,32767,32767,32767,32767,32767,32767,32767,2342.0,17252.0
2095.0,2457.0,18489,32767,32767,32767,32767,32767,32767,32767,32767,32767,32767,3093.0,16307.0
4775.0,5697.0,20574,32767,32767,32767,32767,32767,32767,32767,32767,32767,32767,5747.0,6796.0
1985.0,2304.0,19032,32767,32767,32767,32767,32767,32767,32767,32767,32767,32767,2469.0,16902.0
4775.0,4781.0,16121,32767,32767,32767,32767,32767,32767,32767,32767,32767,32767,4753.0,8405.0
4775.0,5697.0,19960,32767,32767,32767,32767,32767,32767,32767,32767,32767,32767,5840.0,6902.0
2995.0,3446.0,21357,32767,32767,32767,32767,32767,32767,32767,32767,32767,32767,3322.0,14689.0
2286.0,2558.0,18451,32767,32767,32767,32767,32767,32767,32767,32767,32767,32767,2969.0,16731.0
2274.0,2667.0,16878,32767,32767,32767,32767,32767,32767,32767,32767,32767,32767,2439.0,16875.0
2117.0,2456.0,16718,32767,32767,32767,32767,32767,32767,32767,32767,32767,32767,2342.0,17267.0
2552.0,3319.0,19033,32767,32767,32767,32767,32767,32767,32767,32767,32767,32767,3469.0,15503.0
1719.0,2220.0,17291,32767,32767,32767,32767,32767,32767,32767,32767,32767,32767,2264.0,17365.0
2377.0,3175.0,20073,32767,32767,32767,32767,32767,32767,32767,32767,32767,32767,3561.0,15601.0
2834.0,2876.0,14912,32767,32767,32767,32767,32767,32767,32767,32767,32767,32767,3263.0,16463.0
2928.0,2964.0,17898,32767,32767,32767,32767,32767,32767,32767,32767,32767,32767,3209.0,14767.0
2068.0,2281.0,16638,32767,32767,32767,32767,32767,32767,32767,32767,32767,32767,2266.0,17576.0
4576.0,4404.0,15765,32767,32767,32767,32767,32767,32767,32767,32767,32767,32767,4147.0,11583.0
1795.0,2212.0,18078,32767,32767,32767,32767,32767,32767,32767,32767,32767,32767,2266.0,17503.0
2264.0,2514.0,16158,32767,32767,32767,32767,32767,32767,32767,32767,32767,32767,2654.0,17399.0
1854.0,2142.0,16638,32767,32767,32767,32767,32767,32767,32767,32767,32767,32767,2201.0,17867.0
1972.0,2193.0,17585,32767,32767,32767,32767,32767,32767,32767,32767,32767,32767,2541.0,17754.0
4649.0,4413.0,16603,32767,32767,32767,32767,32767,32767,32767,32767,32767,32767,4388.0,13194.0
2098.0,2433.0,16878,32767,32767,32767,32767,32767,32767,32767,32767,32767,32767,2342.0,17286.0
3884.0,3900.0,19076,32767,32767,32767,32767,32767,32767,32767,32767,32767,32767,4338.0,12011.0
3535.0,3836.0,19070,32767,32767,32767,32767,32767,32767,32767,32767,32767,32767,3632.0,14622.0
2392.0,2600.0,14529,32767,32767,32767,32767,32767,32767,32767,32767,32767,32767,2469.0,17072.0
1861.0,2262.0,19759,32767,32767,32767,32767,32767,32767,32767,32767,32767,32767,2293.0,16753.0
2215.0,2601.0,19471,32767,32767,32767,32767,32767,32767,32767,32767,32767,32767,2734.0,16362.0
2059.0,2689.0,20227,32767,32767,32767,32767,32767,32767,32767,32767,32767,32767,3415.0,15081.0
4775.0,5697.0,20881,32767,32767,32767,32767,32767,32767,32767,32767,32767,32767,6400.0,6790.0
2112.0,2372.0,17462,32767,32767,32767,32767,32767,32767,32767,32767,32767,32767,3121.0,16072.0
1932.0,2375.0,17278,32767,32767,32767,32767,32767,32767,32767,32767,32767,32767,2298.0,17337.0
2714.0,3789.0,20655,32767,32767,32767,32767,32767,32767,32767,32767,32767,32767,3944.0,14618.0
2747.0,3298.0,19904,32767,32767,32767,32767,32767,32767,32767,32767,32767,32767,3410.0,15294.0
2442.0,2523.0,15923,32767,32767,32767,32767,32767,32767,32767,32767,32767,32767,3062.0,14761.0
2255.0,2854.0,18325,32767,32767,32767,32767,32767,32767,32767,32767,32767,32767,2602.0,16385.0
2040.0,2286.0,18036,32767,32767,32767,32767,32767,32767,32767,32767,32767,32767,2914.0,17351.0
2342.0,2631.0,18878,32767,32767,32767,32767,32767,32767,32767,32767,32767,32767,2622.0,16638.0
2271.0,2476.0,18618,32767,32767,32767,32767,32767,32767,32767,32767,32767,32767,3473.0,17032.0
3477.0,4123.0,22115,32767,32767,32767,32767,32767,32767,32767,32767,32767,32767,3915.0,13666.0
2490.0,2971.0,21058,32767,32767,32767,32767,32767,32767,32767,32767,32767,32767,2765.0,15668.0
2572.0,2730.0,17164,32767,32767,32767,32767,32767,32767,32767,32767,32767,32767,3120.0,16659.0
4775.0,5697.0,20728,32767,32767,32767,32767,32767,32767,32767,32767,32767,32767,6275.0,6809.0
2022.0,2349.0,16727,32767,32767,32767,32767,32767,32767,32767,32767,32767,32767,3090.0,17568.0
2251.0,2812.0,17726,32767,32767,32767,32767,32767,32767,32767,32767,32767,32767,3234.0,16553.0
2136.0,2775.0,19247,32767,32767,32767,32767,32767,32767,32767,32767,32767,32767,3228.0,16051.0
1896.0,2241.0,17434,32767,32767,32767,32767,32767,32767,32767,32767,32767,32767,2264.0,17246.0
3500.0,3418.0,15607,32767,32767,32767,32767,32767,32767,32767,32767,32767,32767,4051.0,13318.0
2714.0,3323.0,22982,32767,32767,32767,32767,32767,32767,32767,32767,32767,32767,3502.0,14669.0
4775.0,5697.0,27176,32767,32767,32767,32767,32767,32767,32767,32767,32767,32767,7922.0,5623.0
1863.0,2175.0,17039,32767,32767,32767,32767,32767,32767,32767,32767,32767,32767,2212.0,17726.0
4775.0,5206.0,15354,32767,32767,32767,32767,32767,32767,32767,32767,32767,32767,4753.0,7954.0
2324.0,2752.0,21236,32767,32767,32767,32767,32767,32767,32767,32767,32767,32767,3208.0,15916.0
1824.0,2279.0,16375,32767,32767,32767,32767,32767,32767,32767,32767,32767,32767,2233.0,17477.0
3674.0,3600.0,17462,32767,32767,32767,32767,32767,32767,32767,32767,32767,32767,3886.0,13866.0
2787.0,3240.0,20227,32767,32767,32767,32767,32767,32767,32767,32767,32767,32767,3651.0,14084.0
1807.0,2389.0,19904,32767,32767,32767,32767,32767,32767,32767,32767,32767,32767,2469.0,16615.0
3456.0,4173.0,23842,32767,32767,32767,32767,32767,32767,32767,32767,32767,32767,3845.0,13243.0
2041.0,2329.0,18626,32767,32767,32767,32767,32767,32767,32767,32767,32767,32767,2974.0,15877.0
4775.0,5697.0,18578,32767,32767,32767,32767,32767,32767,32767,32767,32767,32767,5685.0,7093.0
1990.0,2281.0,17278,32767,32767,32767,32767,32767,32767,32767,32767,32767,32767,2266.0,17474.0
2357.0,2812.0,18015,32767,32767,32767,32767,32767,32767,32767,32767,32767,32767,2940.0,16349.0
2982.0,3053.0,14912,32767,32767,32767,32767,32767,32767,32767,32767,32767,32767,2842.0,15943.0
2344.0,3199.0,20527,32767,32767,32767,32767,32767,32767,32767,32767,32767,32767,3564.0,14785.0
4526.0,5399.0,24301,32767,32767,32767,32767,32767,32767,32767,32767,32767,32767,5682.0,10423.0
1854.0,2025.0,17598,32767,32767,32767,32767,32767,32767,32767,32767,32767,32767,2136.0,17862.0
2185.0,2817.0,17758,32767,32767,32767,32767,32767,32767,32767,32767,32767,32767,2719.0,16634.0
2792.0,3255.0,15779,32767,32767,32767,32767,32767,32767,32767,32767,32767,32767,3333.0,15740.0
2074.0,2622.0,16565,32767,32767,32767,32767,32767,32767,32767,32767,32767,32767,2646.0,16882.0
4775.0,5697.0,21956,32767,32767,32767,32767,32767,32767,32767,32767,32767,32767,6835.0,6623.0
4354.0,4180.0,16829,32767,32767,32767,32767,32767,32767,32767,32767,32767,32767,5056.0,12373.0
2010.0,2212.0,18558,32767,32767,32767,32767,32767,32767,32767,32767,32767,32767,2298.0,17363.0
2251.0,2495.0,18016,32767,32767,32767,32767,32767,32767,32767,32767,32767,32767,2852.0,16886.0
2453.0,3204.0,16993,32767,32767,32767,32767,32767,32767,32767,32767,32767,32767,3403.0,15748.0
4903.0,5850.0,23017,32767,32767,32767,32767,32767,32767,32767,32767,32767,32767,5805.0,8880.0
2732.0,3387.0,21236,32767,32767,32767,32767,32767,32767,32767,32767,32767,32767,3502.0,14935.0
2196.0,2526.0,16075,32767,32767,32767,32767,32767,32767,32767,32767,32767,32767,2504.0,17330.0
4903.0,5712.0,20337,32767,32767,32767,32767,32767,32767,32767,32767,32767,32767,5199.0,9423.0
1914.0,2220.0,16998,32767,32767,32767,32767,32767,32767,32767,32767,32767,32767,2322.0,17406.0
1980.0,2175.0,17039,32767,32767,32767,32767,32767,32767,32767,32767,32767,32767,2277.0,17736.0
4423.0,4519.0,18287,32767,32767,32767,32767,32767,32767,32767,32767,32767,32767,4274.0,11150.0
3519.0,3487.0,16396,32767,32767,32767,32767,32767,32767,32767,32767,32767,32767,3668.0,12987.0
2645.0,3070.0,19062,32767,32767,32767,32767,32767,32767,32767,32767,32767,32767,3710.0,14627.0
2176.0,2409.0,17521,32767,32767,32767,32767,32767,32767,32767,32767,32767,32767,2342.0,17183.0
2518.0,2772.0,17738,32767,32767,32767,32767,32767,32767,32767,32767,32767,32767,3030.0,16462.0
2022.0,2942.0,20800,32767,32767,32767,32767,32767,32767,32767,32767,32767,32767,3237.0,15803.0
1879.0,2411.0,19184,32767,32767,32767,32767,32767,32767,32767,32767,32767,32767,2646.0,16705.0
2333.0,2643.0,16878,32767,32767,32767,32767,32767,32767,32767,32767,32767,32767,2504.0,16937.0
2039.0,2316.0,16235,32767,32767,32767,32767,32767,32767,32767,32767,32767,32767,2309.0,17622.0
4076.0,4060.0,18130,32767,32767,32767,32767,32767,32767,32767,32767,32767,32767,4083.0,11839.0
4057.0,3969.0,16868,32767,32767,32767,32767,32767,32767,32767,32767,32767,32767,3860.0,12111.0
2180.0,2643.0,20052,32767,32767,32767,32767,32767,32767,32767,32767,32767,32767,2764.0,16195.0
2215.0,2643.0,17361,32767,32767,32767,32767,32767,32767,32767,32767,32767,32767,2569.0,16918.0
2130.0,2626.0,17462,32767,32767,32767,32767,32767,32767,32767,32767,32767,32767,3180.0,15635.0
2039.0,2602.0,17448,32767,32767,32767,32767,32767,32767,32767,32767,32767,32767,2707.0,16796.0
2467.0,3219.0,21827,32767,32767,32767,32767,32767,32767,32767,32767,32767,32767,3386.0,13796.0
1873.0,2165.0,16478,32767,32767,32767,32767,32767,32767,32767,32767,32767,32767,2104.0,17777.0
2448.0,2667.0,19200,32767,32767,32767,32767,32767,32767,32767,32767,32767,32767,2972.0,16349.0
3051.0,3175.0,19636,32767,32767,32767,32767,32767,32767,32767,32767,32767,32767,3708.0,15538.0
2623.0,3150.0,20921,32767,32767,32767,32767,32767,32767,32767,32767,32767,32767,2998.0,15191.0
2521.0,2775.0,18052,32767,32767,32767,32767,32767,32767,32767,32767,32767,32767,3417.0,15841.0
4775.0,5697.0,25487,32767,32767,32767,32767,32767,32767,32767,32767,32767,32767,7860.0,5966.0
2219.0,2626.0,17898,32767,32767,32767,32767,32767,32767,32767,32767,32767,32767,2974.0,15443.0
2233.0,2452.0,18597,32767,32767,32767,32767,32767,32767,32767,32767,32767,32767,2499.0,16670.0
2002.0,2347.0,16127,32767,32767,32767,32767,32767,32767,32767,32767,32767,32767,2528.0,17424.0
2182.0,3069.0,18764,32767,32767,32767,32767,32767,32767,32767,32767,32767,32767,3473.0,16045.0
3161.0,3796.0,21424,32767,32767,32767,32767,32767,32767,32767,32767,32767,32767,3531.0,14212.0
4211.0,4083.0,16080,32767,32767,32767,32767,32767,32767,32767,32767,32767,32767,4179.0,12097.0
2059.0,2503.0,16557,32767,32767,32767,32767,32767,32767,32767,32767,32767,32767,2895.0,17523.0
2091.0,2368.0,17870,32767,32767,32767,32767,32767,32767,32767,32767,32767,32767,2587.0,17059.0
2235.0,2690.0,19129,32767,32767,32767,32767,32767,32767,32767,32767,32767,32767,2472.0,16434.0
2111.0,2603.0,19346,32767,32767,32767,32767,32767,32767,32767,32767,32767,32767,2884.0,16485.0
1902.0,2245.0,16718,32767,32767,32767,32767,32767,32767,32767,32767,32767,32767,2244.0,17663.0
1878.0,3065.0,21502,32767,32767,32767,32767,32767,32767,32767,32767,32767,32767,2998.0,15411.0
4596.0,4611.0,20021,32767,32767,32767,32767,32767,32767,32767,32767,32767,32767,4402.0,10727.0
2078.0,2409.0,18004,32767,32767,32767,32767,32767,32767,32767,32767,32767,32767,2342.0,17117.0
2091.0,2389.0,19904,32767,32767,32767,32767,32767,32767,32767,32767,32767,32767,2499.0,16551.0
2019.0,2339.0,15914,32767,32767,32767,32767,32767,32767,32767,32767,32767,32767,2309.0,17641.0
2164.0,2582.0,17742,32767,32767,32767,32767,32767,32767,32767,32767,32767,32767,2478.0,16917.0
1804.0,2456.0,17521,32767,32767,32767,32767,32767,32767,32767,32767,32767,32767,2374.0,17225.0
2499.0,3002.0,20195,32767,32767,32767,32767,32767,32767,32767,32767,32767,32767,2910.0,15562.0
2645.0,2774.0,19208,32767,32767,32767,32767,32767,32767,32767,32767,32767,32767,4240.0,15198.0
2144.0,2389.0,15691,32767,32767,32767,32767,32767,32767,32767,32767,32767,32767,2704.0,17475.0
2314.0,2526.0,18486,32767,32767,32767,32767,32767,32767,32767,32767,32767,32767,2342.0,16744.0
3096.0,3051.0,16238,32767,32767,32767,32767,32767,32767,32767,32767,32767,32767,3668.0,13820.0
2769.0,2880.0,16589,32767,32767,32767,32767,32767,32767,32767,32767,32767,32767,3445.0,15269.0
3834.0,4235.0,15279,32767,32767,32767,32767,32767,32767,32767,32767,32767,32767,3563.0,13129.0
1980.0,2199.0,17361,32767,32767,32767,32767,32767,32767,32767,32767,32767,32767,2147.0,17538.0
2305.0,2793.0,17302,32767,32767,32767,32767,32767,32767,32767,32767,32767,32767,3677.0,16793.0
3193.0,3406.0,18900,32767,32767,32767,32767,32767,32767,32767,32767,32767,32767,3263.0,14842.0
2098.0,2479.0,15592,32767,32767,32767,32767,32767,32767,32767,32767,32767,32767,2830.0,17696.0
2592.0,3143.0,19005,32767,32767,32767,32767,32767,32767,32767,32767,32767,32767,3356.0,15728.0
2484.0,3048.0,21091,32767,32767,32767,32767,32767,32767,32767,32767,32767,32767,3355.0,15489.0
4775.0,5072.0,17964,32767,32767,32767,32767,32767,32767,32767,32767,32767,32767,5250.0,7869.0
1939.0,2313.0,16240,32767,32767,32767,32767,32767,32767,32767,32767,32767,32767,2517.0,17480.0
2030.0,2473.0,17166,32767,32767,32767,32767,32767,32767,32767,32767,32767,32767,2772.0,16815.0
2428.0,2791.0,19904,32767,32767,32767,32767,32767,32767,32767,32767,32767,32767,2881.0,15966.0
2218.0,2752.0,19927,32767,32767,32767,32767,32767,32767,32767,32767,32767,32767,3355.0,16275.0
4437.0,4279.0,17509,32767,32767,32767,32767,32767,32767,32767,32767,32767,32767,5056.0,12116.0
2030.0,2353.0,15543,32767,32767,32767,32767,32767,32767,32767,32767,32767,32767,2192.0,17599.0
2002.0,2464.0,17277,32767,32767,32767,32767,32767,32767,32767,32767,32767,32767,2552.0,17005.0
2149.0,2388.0,16759,32767,32767,32767,32767,32767,32767,32767,32767,32767,32767,2797.0,17325.0
2002.0,2727.0,18597,32767,32767,32767,32767,32767,32767,32767,32767,32767,32767,2793.0,16413.0
2676.0,3042.0,18314,32767,32767,32767,32767,32767,32767,32767,32767,32767,32767,3426.0,16015.0
2569.0,3108.0,20631,32767,32767,32767,32767,32767,32767,32767,32767,32767,32767,2998.0,15329.0
2804.0,2753.0,16298,32767,32767,32767,32767,32767,32767,32767,32767,32767,32767,3445.0,15526.0
5083.0,4980.0,20331,32767,32767,32767,32767,32767,32767,32767,32767,32767,32767,5108.0,11902.0
3634.0,3625.0,19391,32767,32767,32767,32767,32767,32767,32767,32767,32767,32767,4306.0,12404.0
2536.0,2666.0,16575,32767,32767,32767,32767,32767,32767,32767,32767,32767,32767,3118.0,16887.0
2117.0,2807.0,17521,32767,32767,32767,32767,32767,32767,32767,32767,32767,32767,2504.0,16599.0
1961.0,2245.0,16878,32767,32767,32767,32767,32767,32767,32767,32767,32767,32767,2212.0,17593.0
2044.0,2363.0,17968,32767,32767,32767,32767,32767,32767,32767,32767,32767,32767,2412.0,16961.0
2019.0,2269.0,17039,32767,32767,32767,32767,32767,32767,32767,32767,32767,32767,2147.0,17455.0
2375.0,3235.0,21648,32767,32767,32767,32767,32767,32767,32767,32767,32767,32767,3057.0,15011.0
4775.0,5362.0,16429,32767,32767,32767,32767,32767,32767,32767,32767,32767,32767,5219.0,7712.0
2197.0,2473.0,15981,32767,32767,32767,32767,32767,32767,32767,32767,32767,32767,2704.0,17250.0
2716.0,2647.0,18626,32767,32767,32767,32767,32767,32767,32767,32767,32767,32767,3150.0,15195.0
3173.0,3120.0,17814,32767,32767,32767,32767,32767,32767,32767,32767,32767,32767,4083.0,13526.0
2372.0,2807.0,18807,32767,32767,32767,32767,32767,32767,32767,32767,32767,32767,2602.0,16336.0
2290.0,2393.0,17753,32767,32767,32767,32767,32767,32767,32767,32767,32767,32767,2856.0,15814.0
1854.0,2165.0,17118,32767,32767,32767,32767,32767,32767,32767,32767,32767,32767,2331.0,17812.0
2463.0,2963.0,16458,32767,32767,32767,32767,32767,32767,32767,32767,32767,32767,2918.0,16636.0
2126.0,2307.0,16643,32767,32767,32767,32767,32767,32767,32767,32767,32767,32767,2637.0,17727.0
2091.0,2304.0,18015,32767,32767,32767,32767,32767,32767,32767,32767,32767,32767,2410.0,17046.0
2304.0,2896.0,19614,32767,32767,32767,32767,32767,32767,32767,32767,32767,32767,2734.0,15818.0
2297.0,2690.0,16932,32767,32767,32767,32767,32767,32767,32767,32767,32767,32767,2797.0,16708.0
3390.0,3621.0,21245,32767,32767,32767,32767,32767,32767,32767,32767,32767,32767,4799.0,13414.0
2106.0,2467.0,15857,32767,32767,32767,32767,32767,32767,32767,32767,32767,32767,2351.0,17410.0
4807.0,4886.0,20179,32767,32767,32767,32767,32767,32767,32767,32767,32767,32767,4785.0,10372.0
2180.0,2431.0,16853,32767,32767,32767,32767,32767,32767,32767,32767,32767,32767,2499.0,17064.0
2176.0,2620.0,18325,32767,32767,32767,32767,32767,32767,32767,32767,32767,32767,2602.0,16803.0
1825.0,2347.0,17437,32767,32767,32767,32767,32767,32767,32767,32767,32767,32767,2558.0,17243.0
2432.0,2599.0,16473,32767,32767,32767,32767,32767,32767,32767,32767,32767,32767,2772.0,16601.0
3211.0,3133.0,16436,32767,32767,32767,32767,32767,32767,32767,32767,32767,32767,3767.0,16151.0
2341.0,3025.0,19629,32767,32767,32767,32767,32767,32767,32767,32767,32767,32767,3265.0,15829.0
2162.0,2516.0,16998,32767,32767,32767,32767,32767,32767,32767,32767,32767,32767,2910.0,17096.0
3021.0,3124.0,16331,32767,32767,32767,32767,32767,32767,32767,32767,32767,32767,2896.0,15023.0
4751.0,5490.0,16498,32767,32767,32767,32767,32767,32767,32767,32767,32767,32767,5100.0,9143.0
2392.0,2875.0,20195,32767,32767,32767,32767,32767,32767,32767,32767,32767,32767,2999.0,15831.0
1971.0,2118.0,16638,32767,32767,32767,32767,32767,32767,32767,32767,32767,32767,2136.0,17834.0
3576.0,3533.0,16396,32767,32767,32767,32767,32767,32767,32767,32767,32767,32767,3764.0,12928.0
3387.0,3322.0,15412,32767,32767,32767,32767,32767,32767,32767,32767,32767,32767,3530.0,15885.0
5269.0,6287.0,21855,32767,32767,32767,32767,32767,32767,32767,32767,32767,32767,6410.0,10256.0
2092.0,2347.0,18893,32767,32767,32767,32767,32767,32767,32767,32767,32767,32767,2970.0,16972.0
4775.0,5697.0,18885,32767,32767,32767,32767,32767,32767,32767,32767,32767,32767,5405.0,7022.0
4852.0,4774.0,17509,32767,32767,32767,32767,32767,32767,32767,32767,32767,32767,5056.0,11355.0
2200.0,2942.0,21236,32767,32767,32767,32767,32767,32767,32767,32767,32767,32767,3237.0,15661.0
3141.0,3388.0,20809,32767,32767,32767,32767,32767,32767,32767,32767,32767,32767,3563.0,13622.0
1684.0,2410.0,18744,32767,32767,32767,32767,32767,32767,32767,32767,32767,32767,2617.0,16937.0
2640.0,3087.0,19614,32767,32767,32767,32767,32767,32767,32767,32767,32767,32767,2969.0,15531.0
3331.0,3805.0,18887,32767,32767,32767,32767,32767,32767,32767,32767,32767,32767,3586.0,14640.0
3884.0,3762.0,14819,32767,32767,32767,32767,32767,32767,32767,32767,32767,32767,3860.0,12739.0
2157.0,2409.0,14628,32767,32767,32767,32767,32767,32767,32767,32767,32767,32767,2212.0,17623.0
2112.0,2414.0,21245,32767,32767,32767,32767,32767,32767,32767,32767,32767,32767,3268.0,15260.0
2144.0,2579.0,20340,32767,32767,32767,32767,32767,32767,32767,32767,32767,32767,2587.0,16161.0
1902.0,2316.0,17039,32767,32767,32767,32767,32767,32767,32767,32767,32767,32767,2277.0,17488.0
1987.0,2625.0,18618,32767,32767,32767,32767,32767,32767,32767,32767,32767,32767,2972.0,16670.0
2029.0,2235.0,17598,32767,32767,32767,32767,32767,32767,32767,32767,32767,32767,2234.0,17467.0
2752.0,2818.0,17470,32767,32767,32767,32767,32767,32767,32767,32767,32767,32767,3594.0,15869.0
4903.0,5506.0,19233,32767,32767,32767,32767,32767,32767,32767,32767,32767,32767,4976.0,9797.0
1972.0,2193.0,15700,32767,32767,32767,32767,32767,32767,32767,32767,32767,32767,2160.0,17879.0
2822.0,2774.0,17316,32767,32767,32767,32767,32767,32767,32767,32767,32767,32767,3504.0,15323.0
4903.0,5850.0,23017,32767,32767,32767,32767,32767,32767,32767,32767,32767,32767,5933.0,8890.0
2959.0,3657.0,21502,32767,32767,32767,32767,32767,32767,32767,32767,32767,32767,3410.0,14404.0
1790.0,2326.0,16417,32767,32767,32767,32767,32767,32767,32767,32767,32767,32767,2440.0,17421.0
2375.0,2854.0,21212,32767,32767,32767,32767,32767,32767,32767,32767,32767,32767,2793.0,15565.0
3709.0,4676.0,21596,32767,32767,32767,32767,32767,32767,32767,32767,32767,32767,4090.0,13052.0
2339.0,2621.0,18015,32767,32767,32767,32767,32767,32767,32767,32767,32767,32767,3175.0,16775.0
1854.0,2095.0,16638,32767,32767,32767,32767,32767,32767,32767,32767,32767,32767,2039.0,17843.0
1838.0,2056.0,16957,32767,32767,32767,32767,32767,32767,32767,32767,32767,32767,2065.0,17882.0
2805.0,3020.0,18135,32767,32767,32767,32767,32767,32767,32767,32767,32767,32767,3367.0,16127.0
2510.0,2807.0,16718,32767,32767,32767,32767,32767,32767,32767,32767,32767,32767,2634.0,16703.0
1985.0,2431.0,16998,32767,32767,32767,32767,32767,32767,32767,32767,32767,32767,2352.0,17004.0
4700.0,4468.0,16275,32767,32767,32767,32767,32767,32767,32767,32767,32767,32767,4815.0,8826.0
1981.0,2263.0,17968,32767,32767,32767,32767,32767,32767,32767,32767,32767,32767,2447.0,17188.0
4775.0,5161.0,18732,32767,32767,32767,32767,32767,32767,32767,32767,32767,32767,4939.0,7607.0
2623.0,3129.0,19905,32767,32767,32767,32767,32767,32767,32767,32767,32767,32767,3263.0,15532.0
2126.0,2410.0,16563,32767,32767,32767,32767,32767,32767,32767,32767,32767,32767,2969.0,17406.0
3372.0,3536.0,19499,32767,32767,32767,32767,32767,32767,32767,32767,32767,32767,4299.0,13784.0
2728.0,3028.0,17513,32767,32767,32767,32767,32767,32767,32767,32767,32767,32767,2947.0,15684.0
2233.0,2769.0,19178,32767,32767,32767,32767,32767,32767,32767,32767,32767,32767,2704.0,16118.0
2627.0,3158.0,18968,32767,32767,32767,32767,32767,32767,32767,32767,32767,32767,2862.0,15802.0
2020.0,2326.0,18887,32767,32767,32767,32767,32767,32767,32767,32767,32767,32767,2410.0,16849.0
2465.0,3216.0,20210,32767,32767,32767,32767,32767,32767,32767,32767,32767,32767,3501.0,15468.0
2698.0,3261.0,20954,32767,32767,32767,32767,32767,32767,32767,32767,32767,32767,3886.0,13998.0
1902.0,2129.0,15753,32767,32767,32767,32767,32767,32767,32767,32767,32767,32767,1951.0,17861.0
2431.0,2807.0,19772,32767,32767,32767,32767,32767,32767,32767,32767,32767,32767,2602.0,16127.0
1790.0,2495.0,19759,32767,32767,32767,32767,32767,32767,32767,32767,32767,32767,2587.0,16531.0
2569.0,3425.0,22374,32767,32767,32767,32767,32767,32767,32767,32767,32767,32767,3292.0,14621.0
2145.0,2513.0,18527,32767,32767,32767,32767,32767,32767,32767,32767,32767,32767,2605.0,16960.0
2759.0,2993.0,16827,32767,32767,32767,32767,32767,32767,32767,32767,32767,32767,3253.0,16376.0
1667.0,2082.0,17039,32767,32767,32767,32767,32767,32767,32767,32767,32767,32767,2082.0,17876.0
2764.0,3425.0,21938,32767,32767,32767,32767,32767,32767,32767,32767,32767,32767,3351.0,14677.0
2714.0,2748.0,17387,32767,32767,32767,32767,32767,32767,32767,32767,32767,32767,3102.0,16641.0
3211.0,3704.0,21818,32767,32767,32767,32767,32767,32767,32767,32767,32767,32767,3885.0,14349.0
2566.0,2993.0,19783,32767,32767,32767,32767,32767,32767,32767,32767,32767,32767,2668.0,15823.0
2627.0,3134.0,18333,32767,32767,32767,32767,32767,32767,32767,32767,32767,32767,3025.0,15829.0
3119.0,3922.0,22806,32767,32767,32767,32767,32767,32767,32767,32767,32767,32767,3671.0,13824.0
1912.0,2188.0,16318,32767,32767,32767,32767,32767,32767,32767,32767,32767,32767,2201.0,17819.0
3154.0,3594.0,20050,32767,32767,32767,32767,32767,32767,32767,32767,32767,32767,3557.0,14767.0
3825.0,3888.0,18238,32767,32767,32767,32767,32767,32767,32767,32767,32767,32767,3496.0,14767.0
1902.0,2082.0,16878,32767,32767,32767,32767,32767,32767,32767,32767,32767,32767,2017.0,17791.0
3869.0,3938.0,15279,32767,32767,32767,32767,32767,32767,32767,32767,32767,32767,3651.0,13567.0
4775.0,5541.0,21802,32767,32767,32767,32767,32767,32767,32767,32767,32767,32767,5561.0,6745.0
1893.0,2118.0,17118,32767,32767,32767,32767,32767,32767,32767,32767,32767,32767,2136.0,17762.0
4749.0,4634.0,18287,32767,32767,32767,32767,32767,32767,32767,32767,32767,32767,4242.0,10903.0
4775.0,5116.0,17196,32767,32767,32767,32767,32767,32767,32767,32767,32767,32767,5002.0,7886.0
3940.0,3960.0,18771,32767,32767,32767,32767,32767,32767,32767,32767,32767,32767,4004.0,13090.0
2044.0,2439.0,18141,32767,32767,32767,32767,32767,32767,32767,32767,32767,32767,2552.0,16870.0
3178.0,3199.0,18780,32767,32767,32767,32767,32767,32767,32767,32767,32767,32767,3535.0,14876.0
3013.0,3344.0,17968,32767,32767,32767,32767,32767,32767,32767,32767,32767,32767,3461.0,15524.0
2463.0,2643.0,17289,32767,32767,32767,32767,32767,32767,32767,32767,32767,32767,2793.0,16676.0
2149.0,2719.0,14951,32767,32767,32767,32767,32767,32767,32767,32767,32767,32767,2665.0,17067.0
3933.0,3686.0,14740,32767,32767,32767,32767,32767,32767,32767,32767,32767,32767,4473.0,10289.0
3282.0,3958.0,23418,32767,32767,32767,32767,32767,32767,32767,32767,32767,32767,3855.0,13657.0
5287.0,6308.0,21079,32767,32767,32767,32767,32767,32767,32767,32767,32767,32767,6226.0,9046.0
2073.0,2262.0,18597,32767,32767,32767,32767,32767,32767,32767,32767,32767,32767,2793.0,17216.0
3250.0,3051.0,18603,32767,32767,32767,32767,32767,32767,32767,32767,32767,32767,4593.0,13566.0
2221.0,2574.0,15952,32767,32767,32767,32767,32767,32767,32767,32767,32767,32767,2737.0,16781.0
2157.0,2550.0,17843,32767,32767,32767,32767,32767,32767,32767,32767,32767,32767,2407.0,16914.0
2117.0,2690.0,17361,32767,32767,32767,32767,32767,32767,32767,32767,32767,32767,2634.0,16899.0
2000.0,2433.0,15592,32767,32767,32767,32767,32767,32767,32767,32767,32767,32767,2309.0,17526.0
2126.0,2410.0,17289,32767,32767,32767,32767,32767,32767,32767,32767,32767,32767,2557.0,17068.0
2236.0,2372.0,19208,32767,32767,32767,32767,32767,32767,32767,32767,32767,32767,3209.0,15716.0
1861.0,2199.0,17582,32767,32767,32767,32767,32767,32767,32767,32767,32767,32767,2381.0,17382.0
2950.0,3394.0,20905,32767,32767,32767,32767,32767,32767,32767,32767,32767,32767,3461.0,14915.0
2289.0,2265.0,18327,32767,32767,32767,32767,32767,32767,32767,32767,32767,32767,3326.0,17419.0
2725.0,3462.0,20897,32767,32767,32767,32767,32767,32767,32767,32767,32767,32767,3155.0,15073.0
2049.0,2376.0,18370,32767,32767,32767,32767,32767,32767,32767,32767,32767,32767,2446.0,17176.0
2666.0,2971.0,20897,32767,32767,32767,32767,32767,32767,32767,32767,32767,32767,2700.0,15619.0
2835.0,3298.0,21648,32767,32767,32767,32767,32767,32767,32767,32767,32767,32767,3351.0,14899.0
2127.0,2558.0,17726,32767,32767,32767,32767,32767,32767,32767,32767,32767,32767,2528.0,16701.0
2534.0,3192.0,21066,32767,32767,32767,32767,32767,32767,32767,32767,32767,32767,3057.0,15148.0
1932.0,2283.0,16708,32767,32767,32767,32767,32767,32767,32767,32767,32767,32767,2293.0,17316.0
2413.0,2513.0,16957,32767,32767,32767,32767,32767,32767,32767,32767,32767,32767,2668.0,17221.0
2019.0,2222.0,16718,32767,32767,32767,32767,32767,32767,32767,32767,32767,32767,2082.0,17560.0
2059.0,2409.0,18325,32767,32767,32767,32767,32767,32767,32767,32767,32767,32767,2374.0,17078.0
2577.0,2612.0,16453,32767,32767,32767,32767,32767,32767,32767,32767,32767,32767,3026.0,17055.0
2254.0,2859.0,20809,32767,32767,32767,32767,32767,32767,32767,32767,32767,32767,3091.0,14510.0
2162.0,2537.0,17144,32767,32767,32767,32767,32767,32767,32767,32767,32767,32767,2763.0,16962.0
1941.0,2129.0,16396,32767,32767,32767,32767,32767,32767,32767,32767,32767,32767,2017.0,17780.0
2254.0,2393.0,16589,32767,32767,32767,32767,32767,32767,32767,32767,32767,32767,3268.0,16214.0
2088.0,2351.0,17118,32767,32767,32767,32767,32767,32767,32767,32767,32767,32767,2428.0,17447.0
1825.0,2157.0,17727,32767,32767,32767,32767,32767,32767,32767,32767,32767,32767,2381.0,17445.0
2157.0,2503.0,20254,32767,32767,32767,32767,32767,32767,32767,32767,32767,32767,2407.0,16504.0
1916.0,2371.0,18327,32767,32767,32767,32767,32767,32767,32767,32767,32767,32767,2943.0,17185.0
2157.0,2409.0,18164,32767,32767,32767,32767,32767,32767,32767,32767,32767,32767,2407.0,17102.0
3248.0,4087.0,22264,32767,32767,32767,32767,32767,32767,32767,32767,32767,32767,4004.0,12472.0
2481.0,3298.0,21212,32767,32767,32767,32767,32767,32767,32767,32767,32767,32767,3145.0,15013.0
2109.0,2453.0,19907,32767,32767,32767,32767,32767,32767,32767,32767,32767,32767,2558.0,16466.0
1967.0,3044.0,22374,32767,32767,32767,32767,32767,32767,32767,32767,32767,32767,2998.0,15233.0
2109.0,2347.0,16853,32767,32767,32767,32767,32767,32767,32767,32767,32767,32767,2646.0,17322.0
2490.0,2783.0,17682,32767,32767,32767,32767,32767,32767,32767,32767,32767,32767,2667.0,16590.0
1737.0,2284.0,18018,32767,32767,32767,32767,32767,32767,32767,32767,32767,32767,2470.0,17221.0
2270.0,2602.0,18756,32767,32767,32767,32767,32767,32767,32767,32767,32767,32767,3501.0,16795.0
2289.0,2519.0,18036,32767,32767,32767,32767,32767,32767,32767,32767,32767,32767,3267.0,16999.0
3993.0,3896.0,19645,32767,32767,32767,32767,32767,32767,32767,32767,32767,32767,4446.0,13106.0
2002.0,2516.0,19468,32767,32767,32767,32767,32767,32767,32767,32767,32767,32767,2704.0,16555.0
2183.0,2350.0,18771,32767,32767,32767,32767,32767,32767,32767,32767,32767,32767,3504.0,15958.0
2244.0,2631.0,18718,32767,32767,32767,32767,32767,32767,32767,32767,32767,32767,2428.0,16588.0
2361.0,2774.0,18480,32767,32767,32767,32767,32767,32767,32767,32767,32767,32767,3209.0,15133.0
2024.0,2606.0,18780,32767,32767,32767,32767,32767,32767,32767,32767,32767,32767,3181.0,16044.0
2019.0,2362.0,16718,32767,32767,32767,32767,32767,32767,32767,32767,32767,32767,2212.0,17384.0
4903.0,5184.0,18130,32767,32767,32767,32767,32767,32767,32767,32767,32767,32767,4785.0,10306.0
2109.0,2474.0,16710,32767,32767,32767,32767,32767,32767,32767,32767,32767,32767,3028.0,17291.0
4588.0,4424.0,17043,32767,32767,32767,32767,32767,32767,32767,32767,32767,32767,5033.0,8846.0
2768.0,3619.0,21527,32767,32767,32767,32767,32767,32767,32767,32767,32767,32767,3826.0,14634.0
2117.0,2433.0,17682,32767,32767,32767,32767,32767,32767,32767,32767,32767,32767,2374.0,17146.0
1737.0,3044.0,22229,32767,32767,32767,32767,32767,32767,32767,32767,32767,32767,2969.0,15317.0
2126.0,2410.0,20340,32767,32767,32767,32767,32767,32767,32767,32767,32767,32767,2587.0,16459.0
3479.0,3324.0,16589,32767,32767,32767,32767,32767,32767,32767,32767,32767,32767,3563.0,14386.0
1985.0,2896.0,21066,32767,32767,32767,32767,32767,32767,32767,32767,32767,32767,2793.0,15640.0
1843.0,2136.0,17727,32767,32767,32767,32767,32767,32767,32767,32767,32767,32767,2352.0,17463.0
2233.0,2537.0,17871,32767,32767,32767,32767,32767,32767,32767,32767,32767,32767,3204.0,16992.0
1951.0,2142.0,16638,32767,32767,32767,32767,32767,32767,32767,32767,32767,32767,2136.0,17793.0
4624.0,4527.0,14959,32767,32767,32767,32767,32767,32767,32767,32767,32767,32767,4540.0,11979.0
4560.0,4411.0,17852,32767,32767,32767,32767,32767,32767,32767,32767,32767,32767,4600.0,13383.0
2183.0,2650.0,18213,32767,32767,32767,32767,32767,32767,32767,32767,32767,32767,2541.0,16737.0
2078.0,2550.0,17682,32767,32767,32767,32767,32767,32767,32767,32767,32767,32767,2537.0,17043.0
2180.0,2558.0,20049,32767,32767,32767,32767,32767,32767,32767,32767,32767,32767,2646.0,16280.0
1825.0,2241.0,18161,32767,32767,32767,32767,32767,32767,32767,32767,32767,32767,2322.0,17158.0
4903.0,5184.0,19233,32767,32767,32767,32767,32767,32767,32767,32767,32767,32767,4593.0,10109.0
3019.0,3097.0,15450,32767,32767,32767,32767,32767,32767,32767,32767,32767,32767,3349.0,13787.0
4615.0,4588.0,19233,32767,32767,32767,32767,32767,32767,32767,32767,32767,32767,4880.0,10967.0
3884.0,3785.0,16553,32767,32767,32767,32767,32767,32767,32767,32767,32767,32767,4147.0,12541.0
3834.0,3811.0,17171,32767,32767,32767,32767,32767,32767,32767,32767,32767,32767,3857.0,13551.0
1791.0,2062.0,18141,32767,32767,32767,32767,32767,32767,32767,32767,32767,32767,2377.0,17554.0
4775.0,5697.0,18885,32767,32767,32767,32767,32767,32767,32767,32767,32767,32767,5623.0,7044.0
4775.0,5697.0,17657,32767,32767,32767,32767,32767,32767,32767,32767,32767,32767,5312.0,7179.0
2038.0,2474.0,17582,32767,32767,32767,32767,32767,32767,32767,32767,32767,32767,2440.0,16854.0
2192.0,2514.0,16759,32767,32767,32767,32767,32767,32767,32767,32767,32767,32767,2657.0,17013.0
2392.0,2939.0,19614,32767,32767,32767,32767,32767,32767,32767,32767,32767,32767,2969.0,15835.0
2750.0,3619.0,20946,32767,32767,32767,32767,32767,32767,32767,32767,32767,32767,3708.0,14721.0
2244.0,2537.0,18238,32767,32767,32767,32767,32767,32767,32767,32767,32767,32767,2460.0,16865.0
2283.0,2537.0,18558,32767,32767,32767,32767,32767,32767,32767,32767,32767,32767,2492.0,16809.0
2078.0,2362.0,18004,32767,32767,32767,32767,32767,32767,32767,32767,32767,32767,2244.0,17139.0
1971.0,2328.0,16158,32767,32767,32767,32767,32767,32767,32767,32767,32767,32767,2331.0,17646.0
3048.0,3700.0,19904,32767,32767,32767,32767,32767,32767,32767,32767,32767,32767,3528.0,14667.0
4381.0,4142.0,16773,32767,32767,32767,32767,32767,32767,32767,32767,32767,32767,4902.0,13705.0
3743.0,3662.0,18473,32767,32767,32767,32767,32767,32767,32767,32767,32767,32767,4032.0,14922.0
4775.0,5697.0,25948,32767,32767,32767,32767,32767,32767,32767,32767,32767,32767,7922.0,5873.0
2410.0,2745.0,17265,32767,32767,32767,32767,32767,32767,32767,32767,32767,32767,2773.0,16608.0
3720.0,3427.0,16942,32767,32767,32767,32767,32767,32767,32767,32767,32767,32767,4422.0,14817.0
2590.0,3090.0,20073,32767,32767,32767,32767,32767,32767,32767,32767,32767,32767,3708.0,15714.0
2341.0,2454.0,18611,32767,32767,32767,32767,32767,32767,32767,32767,32767,32767,3677.0,17112.0
4096.0,3969.0,15607,32767,32767,32767,32767,32767,32767,32767,32767,32767,32767,4051.0,12325.0
2215.0,3002.0,21502,32767,32767,32767,32767,32767,32767,32767,32767,32767,32767,3028.0,15424.0
2555.0,3387.0,18182,32767,32767,32767,32767,32767,32767,32767,32767,32767,32767,3532.0,15576.0
1807.0,2410.0,17725,32767,32767,32767,32767,32767,32767,32767,32767,32767,32767,2499.0,17042.0
2023.0,2363.0,17277,32767,32767,32767,32767,32767,32767,32767,32767,32767,32767,2517.0,17164.0
3884.0,3831.0,15134,32767,32767,32767,32767,32767,32767,32767,32767,32767,32767,3668.0,12543.0
2162.0,2685.0,19759,32767,32767,32767,32767,32767,32767,32767,32767,32767,32767,2704.0,16161.0
2906.0,3298.0,19614,32767,32767,32767,32767,32767,32767,32767,32767,32767,32767,3028.0,15159.0
2117.0,2339.0,15914,32767,32767,32767,32767,32767,32767,32767,32767,32767,32767,2212.0,17549.0
2109.0,2347.0,17289,32767,32767,32767,32767,32767,32767,32767,32767,32767,32767,3057.0,17428.0
2088.0,2421.0,15678,32767,32767,32767,32767,32767,32767,32767,32767,32767,32767,2428.0,17581.0
1953.0,2239.0,17585,32767,32767,32767,32767,32767,32767,32767,32767,32767,32767,2287.0,17519.0
2157.0,2433.0,16878,32767,32767,32767,32767,32767,32767,32767,32767,32767,32767,2342.0,17269.0
4046.0,4374.0,19523,32767,32767,23933,25185,32767,32767,32767,32767,32767,32767,3845.0,13639.0
2235.0,2971.0,20254,32767,32767,32767,32767,32767,32767,32767,32767,32767,32767,2765.0,15906.0
3070.0,3981.0,21827,32767,32767,32767,32767,32767,32767,32767,32767,32767,32767,4240.0,12802.0
1861.0,2537.0,18743,32767,32767,32767,32767,32767,32767,32767,32767,32767,32767,2528.0,16613.0
4557.0,4473.0,17972,32767,32767,32767,32767,32767,32767,32767,32767,32767,32767,4274.0,11220.0
4173.0,4175.0,16553,32767,32767,32767,32767,32767,32767,32767,32767,32767,32767,4211.0,11922.0
3103.0,3618.0,19338,32767,32767,32767,32767,32767,32767,32767,32767,32767,32767,3619.0,14900.0
2049.0,2328.0,17598,32767,32767,32767,32767,32767,32767,32767,32767,32767,32767,2395.0,17389.0
2572.0,2667.0,20073,32767,32767,32767,32767,32767,32767,32767,32767,32767,32767,3738.0,16400.0
2233.0,2516.0,16417,32767,32767,32767,32767,32767,32767,32767,32767,32767,32767,2940.0,17195.0
2634.0,3268.0,22806,32767,32767,32767,32767,32767,32767,32767,32767,32767,32767,3181.0,14694.0
2076.0,2011.0,20800,32767,32767,32767,32767,32767,32767,32767,32767,32767,32767,3031.0,17312.0
2481.0,2917.0,19468,32767,32767,32767,32767,32767,32767,32767,32767,32767,32767,2822.0,15806.0
2038.0,2452.0,19032,32767,32767,32767,32767,32767,32767,32767,32767,32767,32767,2499.0,16636.0
3673.0,3647.0,17972,32767,32767,32767,32767,32767,32767,32767,32767,32767,32767,3923.0,12521.0
1949.0,2516.0,20631,32767,32767,32767,32767,32767,32767,32767,32767,32767,32767,2499.0,16214.0
2680.0,2753.0,19499,32767,32767,32767,32767,32767,32767,32767,32767,32767,32767,3268.0,14897.0
2002.0,2495.0,21066,32767,32767,32767,32767,32767,32767,32767,32767,32767,32767,2557.0,16173.0
1932.0,2220.0,17144,32767,32767,32767,32767,32767,32767,32767,32767,32767,32767,2234.0,17314.0
1932.0,2262.0,19904,32767,32767,32767,32767,32767,32767,32767,32767,32767,32767,2352.0,16738.0
4331.0,4214.0,17753,32767,32767,32767,32767,32767,32767,32767,32767,32767,32767,4328.0,12873.0
2107.0,2398.0,18078,32767,32767,32767,32767,32767,32767,32767,32767,32767,32767,2395.0,17147.0
3445.0,3432.0,17179,32767,32767,32767,32767,32767,32767,32767,32767,32767,32767,3653.0,14762.0
3353.0,3450.0,18327,32767,32767,32767,32767,32767,32767,32767,32767,32767,32767,3649.0,15264.0
2221.0,2422.0,18056,32767,32767,32767,32767,32767,32767,32767,32767,32767,32767,2637.0,17212.0
1893.0,2142.0,16958,32767,32767,32767,32767,32767,32767,32767,32767,32767,32767,2104.0,17724.0
4751.0,5668.0,18789,32767,32767,32767,32767,32767,32767,32767,32767,32767,32767,5532.0,8689.0
1863.0,2175.0,17682,32767,32767,32767,32767,32767,32767,32767,32767,32767,32767,2179.0,17575.0
4615.0,4657.0,20810,32767,32767,32767,32767,32767,32767,32767,32767,32767,32767,4785.0,10596.0
1843.0,2175.0,17361,32767,32767,32767,32767,32767,32767,32767,32767,32767,32767,2147.0,17623.0
5269.0,6287.0,26430,32767,32767,32767,32767,32767,32767,32767,32767,32767,32767,6342.0,9414.0
1969.0,2265.0,16146,32767,32767,32767,32767,32767,32767,32767,32767,32767,32767,2472.0,17556.0
2333.0,2643.0,16235,32767,32767,32767,32767,32767,32767,32767,32767,32767,32767,2374.0,16974.0
1932.0,2284.0,16710,32767,32767,32767,32767,32767,32767,32767,32767,32767,32767,2440.0,17406.0
2126.0,2285.0,16800,32767,32767,32767,32767,32767,32767,32767,32767,32767,32767,2573.0,17707.0
3473.0,3632.0,18558,32767,32767,32767,32767,32767,32767,32767,32767,32767,32767,3528.0,15186.0
3538.0,3556.0,17184,32767,32767,32767,32767,32767,32767,32767,32767,32767,32767,3860.0,12808.0
3427.0,3453.0,16305,32767,32767,32767,32767,32767,32767,32767,32767,32767,32767,3859.0,14932.0
2357.0,2854.0,18306,32767,32767,32767,32767,32767,32767,32767,32767,32767,32767,2881.0,16198.0
1921.0,2082.0,16878,32767,32767,32767,32767,32767,32767,32767,32767,32767,32767,2049.0,17810.0
1980.0,2316.0,16396,32767,32767,32767,32767,32767,32767,32767,32767,32767,32767,2179.0,17522.0
3846.0,3831.0,16711,32767,32767,32767,32767,32767,32767,32767,32767,32767,32767,3732.0,12355.0
2255.0,2514.0,16759,32767,32767,32767,32767,32767,32767,32767,32767,32767,32767,2657.0,16995.0
2463.0,2981.0,16563,32767,32767,32767,32767,32767,32767,32767,32767,32767,32767,3028.0,16336.0
2608.0,2971.0,21058,32767,32767,32767,32767,32767,32767,32767,32767,32767,32767,2830.0,15666.0
4437.0,4362.0,20227,32767,32767,32767,32767,32767,32767,32767,32767,32767,32767,4917.0,12340.0
1843.0,2431.0,19178,32767,32767,32767,32767,32767,32767,32767,32767,32767,32767,2381.0,16630.0
1985.0,2220.0,17870,32767,32767,32767,32767,32767,32767,32767,32767,32767,32767,2528.0,17334.0
2039.0,2433.0,16235,32767,32767,32767,32767,32767,32767,32767,32767,32767,32767,2342.0,17421.0
1915.0,2148.0,16329,32767,32767,32767,32767,32767,32767,32767,32767,32767,32767,2192.0,17891.0
2942.0,2868.0,15292,32767,32767,32767,32767,32767,32767,32767,32767,32767,32767,3349.0,14220.0
3406.0,3577.0,18182,32767,32767,32767,32767,32767,32767,32767,32767,32767,32767,3855.0,15146.0
3456.0,4250.0,21213,32767,32767,32767,32767,32767,32767,32767,32767,32767,32767,4086.0,13726.0
2679.0,3154.0,21964,32767,32767,32767,32767,32767,32767,32767,32767,32767,32767,3649.0,15187.0
3372.0,3430.0,18189,32767,32767,32767,32767,32767,32767,32767,32767,32767,32767,3945.0,14094.0
2197.0,2473.0,18597,32767,32767,32767,32767,32767,32767,32767,32767,32767,32767,2499.0,16642.0
1932.0,2241.0,17289,32767,32767,32767,32767,32767,32767,32767,32767,32767,32767,2499.0,17409.0
2073.0,2725.0,17340,32767,32767,32767,32767,32767,32767,32767,32767,32767,32767,2912.0,16391.0
3122.0,3725.0,20073,32767,32767,32767,32767,32767,32767,32767,32767,32767,32767,3826.0,14667.0
2866.0,3469.0,20733,32767,32767,32767,32767,32767,32767,32767,32767,32767,32767,3286.0,14804.0
2294.0,2690.0,18004,32767,32767,32767,32767,32767,32767,32767,32767,32767,32767,2700.0,16762.0
2317.0,2513.0,17585,32767,32767,32767,32767,32767,32767,32767,32767,32767,32767,2668.0,17129.0
4775.0,5697.0,20728,32767,32767,32767,32767,32767,32767,32767,32767,32767,32767,6151.0,6801.0
2020.0,2304.0,17144,32767,32767,32767,32767,32767,32767,32767,32767,32767,32767,2675.0,17386.0
3477.0,4349.0,23842,32767,32767,32767,32767,32767,32767,32767,32767,32767,32767,3985.0,13055.0
1898.0,2454.0,17302,32767,32767,32767,32767,32767,32767,32767,32767,32767,32767,2648.0,17099.0
4751.0,5668.0,19094,32767,32767,32767,32767,32767,32767,32767,32767,32767,32767,5718.0,8662.0
2609.0,3091.0,20663,32767,32767,32767,32767,32767,32767,32767,32767,32767,32767,3327.0,14165.0
3390.0,3346.0,15570,32767,32767,32767,32767,32767,32767,32767,32767,32767,32767,3474.0,14505.0
2323.0,2433.0,18611,32767,32767,32767,32767,32767,32767,32767,32767,32767,32767,3560.0,17121.0
2327.0,2523.0,17499,32767,32767,32767,32767,32767,32767,32767,32767,32767,32767,3222.0,14567.0
2235.0,2433.0,17200,32767,32767,32767,32767,32767,32767,32767,32767,32767,32767,2569.0,17319.0
4775.0,5697.0,20574,32767,32767,32767,32767,32767,32767,32767,32767,32767,32767,6120.0,6824.0
1960.0,2238.0,16413,32767,32767,32767,32767,32767,32767,32767,32767,32767,32767,2482.0,17567.0
2481.0,3235.0,20195,32767,32767,32767,32767,32767,32767,32767,32767,32767,32767,3234.0,15345.0
2235.0,2690.0,17682,32767,32767,32767,32767,32767,32767,32767,32767,32767,32767,2569.0,16771.0
2294.0,2807.0,16396,32767,32767,32767,32767,32767,32767,32767,32767,32767,32767,2634.0,16820.0
4192.0,4152.0,17657,32767,32767,32767,32767,32767,32767,32767,32767,32767,32767,4179.0,11778.0
3106.0,3091.0,17171,32767,32767,32767,32767,32767,32767,32767,32767,32767,32767,3563.0,14763.0
2255.0,2573.0,17039,32767,32767,32767,32767,32767,32767,32767,32767,32767,32767,2732.0,17175.0
2176.0,2573.0,17200,32767,32767,32767,32767,32767,32767,32767,32767,32767,32767,2309.0,16929.0
2068.0,2212.0,16958,32767,32767,32767,32767,32767,32767,32767,32767,32767,32767,2234.0,17627.0
4288.0,4313.0,19391,32767,32767,32767,32767,32767,32767,32767,32767,32767,32767,4338.0,11289.0
1772.0,3150.0,22083,32767,32767,32767,32767,32767,32767,32767,32767,32767,32767,3057.0,15217.0
2068.0,2491.0,17918,32767,32767,32767,32767,32767,32767,32767,32767,32767,32767,2622.0,17151.0
2552.0,2748.0,15110,32767,32767,32767,32767,32767,32767,32767,32767,32767,32767,2940.0,16907.0
3195.0,3113.0,17898,32767,32767,32767,32767,32767,32767,32767,32767,32767,32767,4446.0,14790.0
2157.0,2596.0,16718,32767,32767,32767,32767,32767,32767,32767,32767,32767,32767,2504.0,17099.0
2078.0,2245.0,16396,32767,32767,32767,32767,32767,32767,32767,32767,32767,32767,2439.0,17796.0
2180.0,2516.0,17871,32767,32767,32767,32767,32767,32767,32767,32767,32767,32767,2881.0,16911.0
2056.0,2368.0,18742,32767,32767,32767,32767,32767,32767,32767,32767,32767,32767,2352.0,16755.0
4903.0,5850.0,22229,32767,32767,32767,32767,32767,32767,32767,32767,32767,32767,5455.0,8986.0
2294.0,2620.0,17843,32767,32767,32767,32767,32767,32767,32767,32767,32767,32767,2407.0,16751.0
3625.0,3807.0,17977,32767,32767,32767,32767,32767,32767,32767,32767,32767,32767,3349.0,14730.0
2005.0,3048.0,19491,32767,32767,32767,32767,32767,32767,32767,32767,32767,32767,3090.0,15849.0
2803.0,3595.0,20214,32767,32767,32767,32767,32767,32767,32767,32767,32767,32767,3426.0,14792.0
1825.0,2156.0,17580,32767,32767,32767,32767,32767,32767,32767,32767,32767,32767,2322.0,17439.0
1987.0,2582.0,18327,32767,32767,32767,32767,32767,32767,32767,32767,32767,32767,3267.0,16917.0
4082.0,4434.0,21501,32767,32767,32767,32767,32767,32767,32767,32767,32767,32767,4048.0,13350.0
2049.0,2422.0,17585,32767,32767,32767,32767,32767,32767,32767,32767,32767,32767,2541.0,17303.0
3106.0,3303.0,21536,32767,32767,32767,32767,32767,32767,32767,32767,32767,32767,3975.0,13724.0
2233.0,2664.0,18306,32767,32767,32767,32767,32767,32767,32767,32767,32767,32767,2704.0,16468.0
2056.0,2579.0,19032,32767,32767,32767,32767,32767,32767,32767,32767,32767,32767,2616.0,16474.0
3477.0,4173.0,23497,32767,32767,32767,32767,32767,32767,32767,32767,32767,32767,4125.0,13378.0
2348.0,2902.0,20807,32767,32767,32767,32767,32767,32767,32767,32767,32767,32767,3193.0,15455.0
2350.0,2510.0,15780,32767,32767,32767,32767,32767,32767,32767,32767,32767,32767,2562.0,16199.0
2117.0,2503.0,19611,32767,32767,32767,32767,32767,32767,32767,32767,32767,32767,2472.0,16689.0
1902.0,2339.0,17521,32767,32767,32767,32767,32767,32767,32767,32767,32767,32767,2212.0,17307.0
2234.0,2454.0,20065,32767,32767,32767,32767,32767,32767,32767,32767,32767,32767,3795.0,16871.0
1823.0,2222.0,17039,32767,32767,32767,32767,32767,32767,32767,32767,32767,32767,2179.0,17624.0
2486.0,2857.0,15518,32767,32767,32767,32767,32767,32767,32767,32767,32767,32767,2913.0,16760.0
2115.0,2523.0,17340,32767,32767,32767,32767,32767,32767,32767,32767,32767,32767,2701.0,16633.0
1896.0,2262.0,16171,32767,32767,32767,32767,32767,32767,32767,32767,32767,32767,2255.0,17744.0
2289.0,2900.0,19927,32767,32767,32767,32767,32767,32767,32767,32767,32767,32767,3178.0,15950.0
2333.0,3368.0,22665,32767,32767,32767,32767,32767,32767,32767,32767,32767,32767,3220.0,14981.0
2314.0,2643.0,15110,32767,32767,32767,32767,32767,32767,32767,32767,32767,32767,2830.0,17414.0
3538.0,3441.0,14504,32767,32767,32767,32767,32767,32767,32767,32767,32767,32767,3923.0,13388.0
2098.0,2409.0,16396,32767,32767,32767,32767,32767,32767,32767,32767,32767,32767,2244.0,17356.0
2137.0,2433.0,19289,32767,32767,32767,32767,32767,32767,32767,32767,32767,32767,2277.0,16754.0
2144.0,2368.0,18452,32767,32767,32767,32767,32767,32767,32767,32767,32767,32767,2616.0,16942.0
2180.0,2516.0,18887,32767,32767,32767,32767,32767,32767,32767,32767,32767,32767,2881.0,16709.0
2205.0,2584.0,17758,32767,32767,32767,32767,32767,32767,32767,32767,32767,32767,2557.0,16942.0
3106.0,3833.0,21682,32767,32767,32767,32767,32767,32767,32767,32767,32767,32767,3651.0,12865.0
2534.0,2918.0,16127,32767,32767,32767,32767,32767,32767,32767,32767,32767,32767,2852.0,16416.0
2068.0,2445.0,16014,32767,32767,32767,32767,32767,32767,32767,32767,32767,32767,2414.0,17475.0
1932.0,2142.0,17438,32767,32767,32767,32767,32767,32767,32767,32767,32767,32767,2136.0,17640.0
3212.0,3240.0,16152,32767,32767,32767,32767,32767,32767,32767,32767,32767,32767,3474.0,14636.0
2077.0,2710.0,19645,32767,32767,32767,32767,32767,32767,32767,32767,32767,32767,3062.0,15030.0
1961.0,2222.0,17200,32767,32767,32767,32767,32767,32767,32767,32767,32767,32767,2114.0,17507.0
1861.0,2093.0,18015,32767,32767,32767,32767,32767,32767,32767,32767,32767,32767,2293.0,17445.0
2516.0,3425.0,21793,32767,32767,32767,32767,32767,32767,32767,32767,32767,32767,3322.0,14767.0
4903.0,5850.0,25855,32767,32767,32767,32767,32767,32767,32767,32767,32767,32767,6858.0,8397.0
2126.0,2706.0,18161,32767,32767,32767,32767,32767,32767,32767,32767,32767,32767,2793.0,16498.0
2255.0,2596.0,16718,32767,32767,32767,32767,32767,32767,32767,32767,32767,32767,2439.0,17033.0
1914.0,2262.0,17870,32767,32767,32767,32767,32767,32767,32767,32767,32767,32767,2352.0,17170.0
2144.0,3171.0,21212,32767,32767,32767,32767,32767,32767,32767,32767,32767,32767,3234.0,15331.0
2268.0,2600.0,17580,32767,32767,32767,32767,32767,32767,32767,32767,32767,32767,2822.0,16765.0
2059.0,2339.0,18325,32767,32767,32767,32767,32767,32767,32767,32767,32767,32767,2342.0,17186.0
3106.0,3536.0,20518,32767,32767,32767,32767,32767,32767,32767,32767,32767,32767,3563.0,13476.0
2126.0,2516.0,19468,32767,32767,32767,32767,32767,32767,32767,32767,32767,32767,2499.0,16409.0
2375.0,2960.0,19614,32767,32767,32767,32767,32767,32767,32767,32767,32767,32767,2852.0,15753.0
2176.0,2526.0,18486,32767,32767,32767,32767,32767,32767,32767,32767,32767,32767,2342.0,16783.0
2117.0,2479.0,17200,32767,32767,32767,32767,32767,32767,32767,32767,32767,32767,2439.0,17194.0
2068.0,2351.0,17918,32767,32767,32767,32767,32767,32767,32767,32767,32767,32767,2331.0,17236.0
2698.0,2562.0,16007,32767,32767,32767,32767,32767,32767,32767,32767,32767,32767,3563.0,15979.0
2290.0,2329.0,17171,32767,32767,32767,32767,32767,32767,32767,32767,32767,32767,3386.0,16251.0
1985.0,3277.0,21938,32767,32767,32767,32767,32767,32767,32767,32767,32767,32767,3234.0,15070.0
2091.0,3340.0,23827,32767,32767,32767,32767,32767,32767,32767,32767,32767,32767,3234.0,14546.0
1967.0,2473.0,20340,32767,32767,32767,32767,32767,32767,32767,32767,32767,32767,2499.0,16344.0
1961.0,2129.0,16075,32767,32767,32767,32767,32767,32767,32767,32767,32767,32767,2049.0,17861.0
2087.0,2559.0,17585,32767,32767,32767,32767,32767,32767,32767,32767,32767,32767,2414.0,16972.0
2250.0,2727.0,20049,32767,32767,32767,32767,32767,32767,32767,32767,32767,32767,2734.0,16020.0
2716.0,3430.0,21245,32767,32767,32767,32767,32767,32767,32767,32767,32767,32767,3533.0,13585.0
2751.0,2837.0,19645,32767,32767,32767,32767,32767,32767,32767,32767,32767,32767,3651.0,14835.0
1967.0,2523.0,18207,32767,32767,32767,32767,32767,32767,32767,32767,32767,32767,2877.0,16591.0
4297.0,4406.0,15413,32767,32767,32767,32767,32767,32767,32767,32767,32767,32767,3601.0,13159.0
2792.0,3583.0,19940,32767,32767,32767,32767,32767,32767,32767,32767,32767,32767,3614.0,14625.0
1949.0,2135.0,17434,32767,32767,32767,32767,32767,32767,32767,32767,32767,32767,2293.0,17455.0
2166.0,2700.0,17918,32767,32767,32767,32767,32767,32767,32767,32767,32767,32767,2719.0,16806.0
1967.0,2368.0,17434,32767,32767,32767,32767,32767,32767,32767,32767,32767,32767,2587.0,17180.0
1985.0,1475.0,10748,17977,20295,12021,7287,9830,32767,32767,32767,32767,32767,3945.0,12400.0
1292.0,916.0,4760,9987,9302,9710,8848,12143,32767,32767,32767,32767,32767,1584.0,12400.0
1517.0,1050.0,6756,11186,11416,12946,11451,12143,32767,32767,32767,32767,32767,3107.0,12400.0
1573.0,1162.0,6909,12384,12684,13871,11451,12721,32767,32767,32767,32767,32767,2268.0,12400.0
1573.0,1117.0,9673,14381,15221,15258,13012,13299,32767,32767,32767,32767,32767,3759.0,12400.0
1592.0,1162.0,7830,11985,13530,13408,11971,13878,32767,32767,32767,32767,32767,3200.0,12400.0
1798.0,1385.0,7063,13183,13953,15720,14053,13878,32767,32767,32767,32767,32767,3914.0,12400.0
1648.0,1206.0,10594,14781,16913,17570,14574,13878,32767,32767,32767,32767,32767,3914.0,12400.0
1479.0,1095.0,5988,11585,11839,13871,12492,14456,32767,32767,32767,32767,32767,2144.0,12400.0
1405.0,1050.0,5988,12384,10993,11559,11971,14456,32767,32767,32767,32767,32767,2081.0,12400.0
1498.0,1095.0,7063,12784,13107,13871,12492,14456,32767,32767,32767,32767,32767,2547.0,12400.0
1704.0,1273.0,7063,13183,13530,14795,13533,14456,32767,32767,32767,32767,32767,2485.0,12400.0
1629.0,1184.0,9212,13583,14799,15720,14574,14456,32767,32767,32767,32767,32767,3293.0,12400.0
1554.0,1162.0,9519,14781,15221,15720,14053,14456,32767,32767,32767,32767,32767,3200.0,12400.0
1704.0,1162.0,10594,14781,16490,16183,14574,14456,32767,32767,32767,32767,32767,4505.0,12400.0
1667.0,1206.0,10594,15580,17335,17107,15094,14456,32767,32767,32767,32767,32767,4070.0,12400.0
1405.0,1050.0,5834,11585,12262,12021,11971,15034,32767,32767,32767,32767,32767,1895.0,12400.0
1536.0,1162.0,6295,12384,13107,12484,11971,15034,32767,32767,32767,32767,32767,2144.0,12400.0
1573.0,1139.0,7216,12784,13107,14333,13012,15034,32767,32767,32767,32767,32767,2454.0,12400.0
1330.0,1005.0,5681,12784,12684,13408,12492,15034,32767,32767,32767,32767,32767,1429.0,12400.0
1479.0,1206.0,5834,13183,12262,14333,14053,15034,32767,32767,32767,32767,32767,1429.0,12400.0
1629.0,1206.0,7216,13183,13107,14795,13012,15034,32767,32767,32767,32767,32767,2268.0,12400.0
1685.0,1251.0,7523,13183,13953,14795,13012,15034,32767,32767,32767,32767,32767,3293.0,12400.0
1498.0,1139.0,6449,13183,12684,14333,13012,15034,32767,32767,32767,32767,32767,1646.0,12400.0
1573.0,1184.0,9212,14781,15644,15258,14053,15034,32767,32767,32767,32767,32767,3200.0,12400.0
1779.0,1296.0,9519,15180,15221,16183,14053,15034,32767,32767,32767,32767,32767,3448.0,12400.0
1723.0,1273.0,9980,15580,17335,16645,15094,15034,32767,32767,32767,32767,32767,3883.0,12400.0
1835.0,1296.0,10748,15580,17335,18032,15094,15034,32767,32767,32767,32767,32767,4691.0,12400.0
1704.0,1251.0,10441,15580,17335,16645,15615,15034,32767,32767,32767,32767,32767,4039.0,12400.0
1723.0,1296.0,9980,15580,16067,16645,15615,15034,32767,32767,32767,32767,32767,3852.0,12400.0
1611.0,1162.0,10901,16379,18181,17570,16135,15034,32767,32767,32767,32767,32767,4256.0,12400.0
1685.0,1273.0,10594,16379,17335,17570,16135,15034,32767,32767,32767,32767,32767,3790.0,12400.0
1685.0,1251.0,10748,16379,17758,18032,15615,15034,32767,32767,32767,32767,32767,4070.0,12400.0
1648.0,1229.0,8752,13583,13953,16645,15094,15612,32767,32767,32767,32767,32767,3138.0,12400.0
1667.0,1206.0,9826,14381,16067,15720,15094,15612,32767,32767,32767,32767,32767,4194.0,12400.0
1667.0,1251.0,9673,14781,15221,15258,15615,15612,32767,32767,32767,32767,32767,4225.0,12400.0
1629.0,1206.0,9673,14781,15644,15720,14053,15612,32767,32767,32767,32767,32767,3417.0,12400.0
1835.0,1363.0,10134,15180,16913,16183,15094,15612,32767,32767,32767,32767,32767,4163.0,12400.0
1667.0,1341.0,8752,15180,16067,17107,15615,15612,32767,32767,32767,32767,32767,2547.0,12400.0
1554.0,1162.0,9519,15180,15644,15720,14574,15612,32767,32767,32767,32767,32767,3728.0,12400.0
1798.0,1385.0,9980,15180,16913,16645,16135,15612,32767,32767,32767,32767,32767,4101.0,12400.0
1704.0,1229.0,10441,15580,16913,16645,16656,15612,32767,32767,32767,32767,32767,4039.0,12400.0
1817.0,1385.0,9059,15580,16913,17107,15615,15612,32767,32767,32767,32767,32767,3293.0,12400.0
1704.0,1273.0,10134,15580,16913,16183,15094,15612,32767,32767,32767,32767,32767,3759.0,12400.0
1779.0,1363.0,8445,15580,16067,16183,14053,15612,32767,32767,32767,32767,32767,2578.0,12400.0
1723.0,1363.0,9980,15580,16490,17570,15094,15612,32767,32767,32767,32767,32767,3852.0,12400.0
1592.0,1162.0,10441,15979,16913,17570,16135,15612,32767,32767,32767,32767,32767,3914.0,12400.0
1798.0,1363.0,10748,15979,17758,17570,16135,15612,32767,32767,32767,32767,32767,4008.0,12400.0
1798.0,1385.0,10441,16379,17335,17570,15615,15612,32767,32767,32767,32767,32767,3728.0,12400.0
1611.0,1251.0,6449,12784,13107,14795,14053,16191,32767,32767,32767,32767,32767,2268.0,12400.0
1667.0,1273.0,8905,14781,15221,15720,15615,16191,32767,32767,32767,32767,32767,3076.0,12400.0
1592.0,1139.0,10134,14781,16490,16645,15615,16191,32767,32767,32767,32767,32767,4008.0,12400.0
1760.0,1318.0,9826,15580,16913,17107,15094,16191,32767,32767,32767,32767,32767,3604.0,12400.0
1704.0,1162.0,10901,15979,16913,17570,16135,16191,32767,32767,32767,32767,32767,4722.0,12400.0
1760.0,1363.0,9673,15979,17335,17570,16656,16191,32767,32767,32767,32767,32767,3666.0,12400.0
1704.0,1273.0,10901,16379,18181,18032,16656,16191,32767,32767,32767,32767,32767,4070.0,12400.0
1760.0,1318.0,10594,16379,17758,17107,15094,16191,32767,32767,32767,32767,32767,4163.0,12400.0
1910.0,1452.0,10901,16379,18604,18032,17176,16191,32767,32767,32767,32767,32767,3883.0,12400.0
1985.0,1519.0,11822,17178,18604,18957,17697,16191,32767,32767,32767,32767,32767,4629.0,12400.0
1723.0,1385.0,10594,18376,19450,19419,17176,16191,32767,32767,32767,32767,32767,3169.0,12400.0
1798.0,1318.0,12129,18376,20295,19881,17176,16191,32767,32767,32767,32767,32767,4598.0,12400.0
1817.0,1475.0,10748,15979,16913,18494,17176,16769,32767,32767,32767,32767,32767,3945.0,12400.0
1891.0,1475.0,10134,15979,17335,17570,16656,16769,32767,32767,32767,32767,32767,3697.0,12400.0
1891.0,1475.0,10901,16379,18604,18957,17697,16769,32767,32767,32767,32767,32767,3945.0,12400.0
1648.0,1251.0,10901,16379,17758,18032,16135,16769,32767,32767,32767,32767,32767,3697.0,12400.0
1742.0,1318.0,9980,16379,18181,17570,17176,16769,32767,32767,32767,32767,32767,3448.0,12400.0
1948.0,1564.0,10901,16778,18604,18494,17176,16769,32767,32767,32767,32767,32767,4163.0,12400.0
2172.0,1787.0,8291,17178,17335,19419,18738,16769,32767,32767,32767,32767,32767,2889.0,12400.0
1704.0,1229.0,11055,17178,18181,18032,16135,16769,32767,32767,32767,32767,32767,4225.0,12400.0
1948.0,1497.0,11208,17577,19450,19419,18217,16769,32767,32767,32767,32767,32767,4039.0,12400.0
1891.0,1497.0,11669,18376,19450,19881,18217,16769,32767,32767,32767,32767,32767,4008.0,12400.0
1985.0,1698.0,6756,13982,14799,15720,15094,17347,32767,32767,32767,32767,32767,2392.0,12400.0
1554.0,1229.0,7216,14781,15221,17570,18217,17347,32767,32767,32767,32767,32767,1957.0,12400.0
1798.0,1385.0,7984,16778,17335,16645,15615,17347,32767,32767,32767,32767,32767,2454.0,12400.0
2004.0,1564.0,9980,17577,18604,18494,18738,17347,32767,32767,32767,32767,32767,3417.0,12400.0
1985.0,1475.0,12283,17977,20718,20344,18217,17347,32767,32767,32767,32767,32767,4629.0,12400.0
2079.0,1564.0,11515,17977,19450,20344,18738,17347,32767,32767,32767,32767,32767,3883.0,12400.0
2023.0,1609.0,11362,18376,19450,20344,18217,17347,32767,32767,32767,32767,32767,3976.0,12400.0
1854.0,1430.0,11822,18376,19872,19881,18217,17347,32767,32767,32767,32767,32767,3883.0,12400.0
1873.0,1519.0,11976,18776,20295,20806,19779,17347,32767,32767,32767,32767,32767,4101.0,12400.0
2023.0,1586.0,11976,18776,19872,20344,18738,17347,32767,32767,32767,32767,32767,3510.0,12400.0
1704.0,1251.0,11822,19175,20718,19881,18738,17347,32767,32767,32767,32767,32767,3790.0,12400.0
1779.0,1363.0,12283,19575,21564,22193,20820,17347,32767,32767,32767,32767,32767,3759.0,12400.0
2435.0,2078.0,7830,16379,16913,19881,19258,17925,32767,32767,32767,32767,32767,2578.0,12400.0
2004.0,1586.0,9826,16778,18604,17570,17176,17925,32767,32767,32767,32767,32767,2734.0,12400.0
2416.0,2011.0,9673,17577,19027,19881,19779,17925,32767,32767,32767,32767,32767,3386.0,12400.0
2154.0,1743.0,11055,17977,20295,20806,19258,17925,32767,32767,32767,32767,32767,4256.0,12400.0
1910.0,1519.0,11976,18376,19872,19881,18217,17925,32767,32767,32767,32767,32767,3821.0,12400.0
1985.0,1676.0,12437,19175,20718,20806,20299,17925,32767,32767,32767,32767,32767,3666.0,12400.0
1723.0,1341.0,11055,17577,19450,18957,18217,18504,32767,32767,32767,32767,32767,3914.0,12400.0
1966.0,1475.0,10441,17977,19450,20344,19258,18504,32767,32767,32767,32767,32767,4008.0,12400.0
2097.0,1743.0,11515,18776,19872,19881,18738,18504,32767,32767,32767,32767,32767,3821.0,12400.0
1910.0,1497.0,12744,18776,21141,21268,20299,18504,32767,32767,32767,32767,32767,4194.0,12400.0
2172.0,1720.0,12129,19175,21564,22656,21340,18504,32767,32767,32767,32767,32767,4008.0,12400.0
1891.0,1497.0,12129,19575,21986,21268,20299,18504,32767,32767,32767,32767,32767,3883.0,12400.0
1910.0,1609.0,12437,19974,21141,20806,19258,18504,32767,32767,32767,32767,32767,4070.0,12400.0
1910.0,1698.0,10441,18376,19872,21731,19258,19082,32767,32767,32767,32767,32767,2516.0,12400.0
2229.0,1854.0,10901,18376,19450,19881,19258,19082,32767,32767,32767,32767,32767,3697.0,12400.0
1779.0,1542.0,9212,19974,20718,22193,21340,19082,32767,32767,32767,32767,32767,1926.0,12400.0
1854.0,1475.0,12744,20374,22832,22656,21340,19082,32767,32767,32767,32767,32767,3852.0,12400.0
1798.0,1452.0,12744,21173,22832,23118,21340,19082,32767,32767,32767,32767,32767,3324.0,12400.0
2116.0,1854.0,13511,21972,23678,23118,21861,19082,32767,32767,32767,32767,32767,3666.0,12400.0
2210.0,1765.0,8445,17178,16913,18032,17697,19660,32767,32767,32767,32767,32767,3386.0,12400.0
2004.0,1720.0,13204,21173,24100,23580,23422,19660,32767,32767,32767,32767,32767,3417.0,12400.0
2079.0,1877.0,13972,23570,26637,25892,24463,19660,32767,32767,32767,32767,32767,3635.0,12400.0
2285.0,1921.0,9980,17577,19027,20344,20820,20238,32767,32767,32767,32767,32767,4039.0,12400.0
2097.0,1787.0,13511,22371,24946,25892,24984,20238,32767,32767,32767,32767,32767,3604.0,12400.0
2397.0,2078.0,10594,18376,19872,21731,20820,20817,32767,32767,32767,32767,32767,3697.0,12400.0
1929.0,1497.0,10901,20773,23678,22656,23943,20817,32767,32767,32767,32767,32767,2796.0,12400.0
2303.0,2145.0,13665,21572,25792,26354,25504,21395,32767,32767,32767,32767,32767,3821.0,12400.0
2060.0,1921.0,13972,23969,27060,26354,25504,21395,32767,32767,32767,32767,32767,3573.0,12400.0
2303.0,1921.0,12129,19575,21986,23580,21861,21973,32767,32767,32767,32767,32767,4070.0,12400.0
2753.0,2458.0,9519,20374,22409,20806,21340,21973,32767,32767,32767,32767,32767,2827.0,12400.0
2229.0,1854.0,11976,20773,22409,24505,23422,21973,32767,32767,32767,32767,32767,4163.0,12400.0
2416.0,2167.0,14740,24369,27906,28204,26545,21973,32767,32767,32767,32767,32767,4008.0,12400.0
2528.0,2145.0,9212,19175,20295,20344,21861,22551,32767,32767,32767,32767,32767,3076.0,12400.0
2921.0,2569.0,9366,19974,21986,24043,23943,22551,32767,32767,32767,32767,32767,3076.0,12400.0
2004.0,1653.0,11055,21572,24946,22656,22902,22551,32767,32767,32767,32767,32767,2920.0,12400.0
2378.0,2189.0,12897,21972,23678,24967,24463,22551,32767,32767,32767,32767,32767,3666.0,12400.0
2303.0,2234.0,15354,25567,29174,28666,26025,22551,32767,32767,32767,32767,32767,3728.0,12400.0
2865.0,2547.0,11515,23170,26215,25892,26025,23129,32767,32767,32767,32767,32767,3448.0,12400.0
2790.0,2435.0,11055,20773,22409,26817,26025,23708,32767,32767,32767,32767,32767,3821.0,12400.0
2509.0,2189.0,10594,21572,24100,25892,27066,23708,32767,32767,32767,32767,32767,3573.0,12400.0
2641.0,2346.0,10287,21173,24100,23580,24984,24286,32767,32767,32767,32767,32767,3231.0,12400.0
2154.0,1899.0,12129,23969,25792,26817,26025,24286,32767,32767,32767,32767,32767,3510.0,12400.0
2416.0,2145.0,11515,23170,24946,25892,26545,24864,32767,32767,32767,32767,32767,3355.0,12400.0
2491.0,2122.0,14279,26366,28751,29129,28627,24864,32767,32767,32767,32767,32767,4163.0,12400.0
2472.0,2212.0,11669,23570,24946,25892,26025,25442,32767,32767,32767,32767,32767,2796.0,12400.0
2697.0,2391.0,14740,26766,30443,30978,29668,25442,32767,32767,32767,32767,32767,4194.0,12400.0
2790.0,2458.0,12897,23570,27060,27741,29147,26021,32767,32767,32767,32767,32767,4473.0,12400.0
2341.0,2324.0,15814,29562,32767,31903,31750,26021,32767,32767,32767,32767,32767,3542.0,12400.0
2079.0,2011.0,16736,29562,32767,32767,32270,26021,32767,32767,32767,32767,32767,2920.0,12400.0
2622.0,2257.0,10287,20773,22409,27279,28107,27177,32767,32767,32767,32767,32767,3044.0,12400.0
2790.0,2458.0,11822,25168,28329,28666,30188,27755,32767,32767,32767,32767,32767,3324.0,12400.0
2715.0,2413.0,11976,27565,31288,32767,32767,32381,32767,32767,32767,32767,32767,3386.0,12400.0
1096.0,826.0,5518,11075,10853,11868,10689,12468,32767,32767,32767,32767,32767,1882.0,15100.0
1115.0,826.0,5991,12306,12590,14242,13361,14843,32767,32767,32767,32767,32767,1499.0,15100.0
1288.0,918.0,8040,13536,13892,14242,12826,15437,32767,32767,32767,32767,32767,3349.0,15100.0
1558.0,1308.0,6148,12306,13458,12818,12292,16030,32767,32767,32767,32767,32767,2105.0,15100.0
1423.0,1170.0,6779,13536,13024,15192,14430,16030,32767,32767,32767,32767,32767,2010.0,15100.0
1269.0,986.0,8355,13946,15195,15666,15498,16030,32767,32767,32767,32767,32767,2552.0,15100.0
1231.0,963.0,7094,13946,13458,14242,14430,16030,32767,32767,32767,32767,32767,1659.0,15100.0
1404.0,1078.0,9459,16407,16063,18040,16567,16030,32767,32767,32767,32767,32767,2839.0,15100.0
1115.0,826.0,6306,13946,14327,15192,14430,16624,32767,32767,32767,32767,32767,1850.0,15100.0
1404.0,1101.0,8671,15587,15195,17565,16033,16624,32767,32767,32767,32767,32767,2616.0,15100.0
1346.0,1032.0,8986,16407,16497,16141,16033,16624,32767,32767,32767,32767,32767,2648.0,15100.0
1404.0,1147.0,8513,15587,16497,16616,16033,17218,32767,32767,32767,32767,32767,2807.0,15100.0
1500.0,1193.0,10405,16407,18234,18040,17102,17218,32767,32767,32767,32767,32767,3381.0,15100.0
1231.0,986.0,7252,14767,15195,17091,16033,17812,32767,32767,32767,32767,32767,1563.0,15100.0
1327.0,1055.0,7725,15587,15195,16616,16033,17812,32767,32767,32767,32767,32767,1914.0,15100.0
1904.0,1629.0,7094,16407,15629,17091,16567,17812,32767,32767,32767,32767,32767,2520.0,15100.0
1519.0,1239.0,10090,17228,18668,18515,17636,17812,32767,32767,32767,32767,32767,3317.0,15100.0
1615.0,1308.0,9617,17228,18234,17565,17102,17812,32767,32767,32767,32767,32767,3477.0,15100.0
1538.0,1124.0,11666,19279,20404,19939,19239,17812,32767,32767,32767,32767,32767,4306.0,15100.0
1404.0,1124.0,7882,14767,16063,16616,14964,18405,32767,32767,32767,32767,32767,2265.0,15100.0
1461.0,1101.0,9617,15587,16931,16616,16033,18405,32767,32767,32767,32767,32767,3732.0,15100.0
1365.0,1055.0,9774,16407,17800,18040,17636,18405,32767,32767,32767,32767,32767,2616.0,15100.0
1461.0,1193.0,8986,16818,17366,18040,17636,18405,32767,32767,32767,32767,32767,2360.0,15100.0
1404.0,1101.0,9932,17228,18234,18515,18171,18405,32767,32767,32767,32767,32767,2775.0,15100.0
1442.0,1124.0,11035,18048,19970,19464,18171,18405,32767,32767,32767,32767,32767,3285.0,15100.0
1481.0,1147.0,11193,18048,20404,18990,19239,18405,32767,32767,32767,32767,32767,3732.0,15100.0
1404.0,1193.0,10247,18048,19970,19464,18705,18405,32767,32767,32767,32767,32767,2616.0,15100.0
1519.0,1124.0,11508,18048,20404,19939,20308,18405,32767,32767,32767,32767,32767,3923.0,15100.0
1461.0,1124.0,7252,15587,15629,16616,15498,18999,32767,32767,32767,32767,32767,2041.0,15100.0
1384.0,1101.0,9459,16818,17800,18040,17102,18999,32767,32767,32767,32767,32767,2456.0,15100.0
1423.0,1124.0,9932,17228,18234,18040,17102,18999,32767,32767,32767,32767,32767,2711.0,15100.0
1404.0,1170.0,10090,17638,19102,18990,18171,18999,32767,32767,32767,32767,32767,2456.0,15100.0
1481.0,1308.0,10247,17638,19536,18990,19239,18999,32767,32767,32767,32767,32767,2903.0,15100.0
1788.0,1399.0,11193,19279,20839,21363,20308,18999,32767,32767,32767,32767,32767,3987.0,15100.0
1404.0,1193.0,9774,18048,19536,19464,19239,19593,32767,32767,32767,32767,32767,2297.0,15100.0
1538.0,1376.0,10090,18458,19970,20889,20843,19593,32767,32767,32767,32767,32767,2137.0,15100.0
1596.0,1193.0,10878,18868,20839,19939,19774,19593,32767,32767,32767,32767,32767,3732.0,15100.0
1558.0,1445.0,11666,19689,22575,21838,21377,19593,32767,32767,32767,32767,32767,2839.0,15100.0
1442.0,1353.0,7567,17228,18234,19939,18705,20187,32767,32767,32767,32767,32767,1595.0,15100.0
1731.0,1422.0,8355,17228,17800,18990,18171,20187,32767,32767,32767,32767,32767,2839.0,15100.0
1481.0,1124.0,9301,17228,17800,19464,18705,20187,32767,32767,32767,32767,32767,2616.0,15100.0
1577.0,1399.0,10563,17638,19536,19464,18171,20187,32767,32767,32767,32767,32767,2966.0,15100.0
1519.0,1285.0,10247,18048,19102,18990,18705,20187,32767,32767,32767,32767,32767,2711.0,15100.0
1346.0,1124.0,9932,18048,19536,19939,19239,20187,32767,32767,32767,32767,32767,2265.0,15100.0
1481.0,1216.0,10563,18458,19970,19464,19239,20187,32767,32767,32767,32767,32767,2648.0,15100.0
1442.0,1239.0,10720,18868,20839,20889,20308,20187,32767,32767,32767,32767,32767,2488.0,15100.0
1654.0,1376.0,10563,19279,20404,20414,19774,20187,32767,32767,32767,32767,32767,2998.0,15100.0
1423.0,1239.0,10720,19689,22141,21363,19774,20187,32767,32767,32767,32767,32767,2360.0,15100.0
1615.0,1376.0,11824,21330,22575,23737,22446,20187,32767,32767,32767,32767,32767,3317.0,15100.0
1865.0,1629.0,10405,18868,19970,20889,21377,20780,32767,32767,32767,32767,32767,2903.0,15100.0
1461.0,1124.0,9932,18868,19536,19939,19774,20780,32767,32767,32767,32767,32767,2648.0,15100.0
1442.0,1262.0,10878,19689,21273,21363,21377,21374,32767,32767,32767,32767,32767,2552.0,15100.0
1654.0,1308.0,11824,19689,22141,21363,21377,21374,32767,32767,32767,32767,32767,3860.0,15100.0
1423.0,1193.0,11508,20099,22575,22313,21912,21374,32767,32767,32767,32767,32767,2807.0,15100.0
1904.0,1583.0,11824,20509,22141,22313,22980,21374,32767,32767,32767,32767,32767,3573.0,15100.0
1654.0,1468.0,13873,22150,24312,26111,24049,21374,32767,32767,32767,32767,32767,3700.0,15100.0
1423.0,1331.0,11035,19689,21273,21838,21912,21968,32767,32767,32767,32767,32767,2648.0,15100.0
1750.0,1468.0,12454,20099,22141,22787,22980,21968,32767,32767,32767,32767,32767,3604.0,15100.0
1731.0,1537.0,9301,20509,21273,22313,21377,21968,32767,32767,32767,32767,32767,2360.0,15100.0
1538.0,1308.0,12139,20919,23443,24212,23515,21968,32767,32767,32767,32767,32767,3509.0,15100.0
1673.0,1606.0,12927,21330,23878,24686,24049,21968,32767,32767,32767,32767,32767,3317.0,15100.0
1865.0,1468.0,12927,23380,25180,24212,23515,21968,32767,32767,32767,32767,32767,4593.0,15100.0
1558.0,1239.0,8513,32767,17800,19464,19239,21968,32767,32767,32767,32767,32767,2616.0,15100.0
1750.0,1468.0,11035,19689,20839,21838,21912,22561,32767,32767,32767,32767,32767,3126.0,15100.0
1500.0,1331.0,10405,19689,22575,21838,23515,22561,32767,32767,32767,32767,32767,2424.0,15100.0
1577.0,1308.0,11824,20099,21273,22313,20843,22561,32767,32767,32767,32767,32767,3445.0,15100.0
1961.0,1698.0,9774,21330,23009,22313,22446,22561,32767,32767,32767,32767,32767,2584.0,15100.0
1731.0,1583.0,11508,21330,23878,23737,24049,22561,32767,32767,32767,32767,32767,2966.0,15100.0
1711.0,1537.0,13243,22150,25180,25636,24584,22561,32767,32767,32767,32767,32767,3636.0,15100.0
1711.0,1721.0,10405,18868,20404,23737,22446,23155,32767,32767,32767,32767,32767,2456.0,15100.0
1615.0,1399.0,10563,19279,21707,21363,21912,23155,32767,32767,32767,32767,32767,2935.0,15100.0
1884.0,1491.0,12139,20509,21707,22313,21912,23155,32767,32767,32767,32767,32767,4147.0,15100.0
2038.0,1789.0,10563,21740,23009,23737,24049,23155,32767,32767,32767,32767,32767,2966.0,15100.0
1673.0,1629.0,11981,22150,24746,24212,25653,23155,32767,32767,32767,32767,32767,2807.0,15100.0
1558.0,1445.0,12454,22560,23878,25161,25118,23155,32767,32767,32767,32767,32767,2616.0,15100.0
1904.0,1606.0,14188,22970,26048,26111,24584,23155,32767,32767,32767,32767,32767,3732.0,15100.0
2442.0,2661.0,12770,23791,23878,27535,27256,23155,32767,32767,32767,32767,32767,3573.0,15100.0
1731.0,1629.0,11824,21740,25180,24212,24584,23749,32767,32767,32767,32767,32767,2743.0,15100.0
1769.0,1468.0,10563,21740,22141,25636,24584,23749,32767,32767,32767,32767,32767,2871.0,15100.0
2077.0,1835.0,12927,21740,23878,24686,24584,23749,32767,32767,32767,32767,32767,3987.0,15100.0
1711.0,1537.0,12454,22560,24746,25161,26721,23749,32767,32767,32767,32767,32767,2743.0,15100.0
1558.0,1491.0,12612,22560,24746,26111,25118,23749,32767,32767,32767,32767,32767,2711.0,15100.0
1807.0,1652.0,13873,24201,26917,26585,27256,23749,32767,32767,32767,32767,32767,3381.0,15100.0
1577.0,1560.0,13085,24201,26482,26111,25653,23749,32767,32767,32767,32767,32767,2297.0,15100.0
1827.0,1606.0,10247,20919,21707,24212,23515,24343,32767,32767,32767,32767,32767,2839.0,15100.0
1500.0,1285.0,10090,22150,25180,26111,24584,24343,32767,32767,32767,32767,32767,1722.0,15100.0
1942.0,1606.0,12927,22150,24746,25161,24049,24343,32767,32767,32767,32767,32767,3987.0,15100.0
2077.0,2156.0,11824,23380,26048,25636,26187,24343,32767,32767,32767,32767,32767,2392.0,15100.0
1442.0,1422.0,11508,23791,25614,25636,26187,24343,32767,32767,32767,32767,32767,2297.0,15100.0
1500.0,1422.0,12139,24201,26048,27060,25653,24343,32767,32767,32767,32767,32767,2424.0,15100.0
2173.0,2088.0,11981,24611,26048,25636,26187,24343,32767,32767,32767,32767,32767,3285.0,15100.0
1654.0,1445.0,13716,25431,26917,27535,26721,24343,32767,32767,32767,32767,32767,2935.0,15100.0
1731.0,1491.0,9459,19689,19970,22787,21912,24936,32767,32767,32767,32767,32767,2201.0,15100.0
1788.0,1537.0,9774,20509,21707,24686,23515,24936,32767,32767,32767,32767,32767,2233.0,15100.0
1615.0,1445.0,11981,22150,24746,24686,24584,24936,32767,32767,32767,32767,32767,2807.0,15100.0
1807.0,1652.0,13243,23380,26482,27060,25653,24936,32767,32767,32767,32767,32767,2903.0,15100.0
1673.0,1422.0,13085,23791,25180,28010,27790,24936,32767,32767,32767,32767,32767,2998.0,15100.0
1731.0,1858.0,13085,24201,26482,27060,27256,24936,32767,32767,32767,32767,32767,2807.0,15100.0
1558.0,1445.0,13558,24611,27785,28010,28859,24936,32767,32767,32767,32767,32767,2775.0,15100.0
2134.0,2065.0,13243,25431,27785,28010,27790,24936,32767,32767,32767,32767,32767,3541.0,15100.0
1634.0,1445.0,11508,25842,27785,28484,28325,24936,32767,32767,32767,32767,32767,2201.0,15100.0
1961.0,1675.0,9459,21330,22575,23262,22980,25530,32767,32767,32767,32767,32767,2456.0,15100.0
2154.0,1858.0,9301,21330,21707,22787,22980,25530,32767,32767,32767,32767,32767,2616.0,15100.0
1827.0,1743.0,12139,22560,26048,26585,27790,25530,32767,32767,32767,32767,32767,3126.0,15100.0
2134.0,2042.0,12770,22970,26048,27060,27256,25530,32767,32767,32767,32767,32767,3349.0,15100.0
1654.0,1376.0,10247,22970,23443,26111,24584,25530,32767,32767,32767,32767,32767,2329.0,15100.0
1904.0,1743.0,13873,25021,27351,28010,26721,25530,32767,32767,32767,32767,32767,3285.0,15100.0
1788.0,1652.0,13558,25431,27351,27535,26721,25530,32767,32767,32767,32767,32767,3030.0,15100.0
1711.0,1583.0,13873,26252,29087,29434,28325,25530,32767,32767,32767,32767,32767,3062.0,15100.0
1596.0,1376.0,11351,22560,25614,24686,26187,26124,32767,32767,32767,32767,32767,2584.0,15100.0
2019.0,1881.0,10090,22560,24312,25636,26721,26124,32767,32767,32767,32767,32767,2297.0,15100.0
1923.0,1698.0,11508,23380,26048,25636,26721,26124,32767,32767,32767,32767,32767,3062.0,15100.0
1904.0,1743.0,11666,23791,26048,25636,27790,26124,32767,32767,32767,32767,32767,2775.0,15100.0
1692.0,1445.0,13085,24611,27785,28010,27256,26124,32767,32767,32767,32767,32767,2775.0,15100.0
1846.0,1698.0,12927,25842,27785,28010,27256,26124,32767,32767,32767,32767,32767,2743.0,15100.0
2288.0,2088.0,11824,24201,26917,26585,27790,26717,32767,32767,32767,32767,32767,3413.0,15100.0
2134.0,1950.0,12297,24201,26482,28484,29394,26717,32767,32767,32767,32767,32767,3222.0,15100.0
1961.0,1950.0,14346,25021,28653,28959,29394,26717,32767,32767,32767,32767,32767,3190.0,15100.0
1846.0,1766.0,13243,25021,28219,28959,29394,26717,32767,32767,32767,32767,32767,2966.0,15100.0
1807.0,1514.0,15450,27482,31258,30858,29928,26717,32767,32767,32767,32767,32767,4274.0,15100.0
1769.0,1675.0,15923,27482,29956,32757,30997,26717,32767,32767,32767,32767,32767,3509.0,15100.0
2077.0,1904.0,15292,27892,30390,31333,30462,26717,32767,32767,32767,32767,32767,3445.0,15100.0
1558.0,1376.0,12139,25021,27785,27060,28859,27311,32767,32767,32767,32767,32767,2456.0,15100.0
1788.0,1698.0,13716,25431,28653,28010,28859,27311,32767,32767,32767,32767,32767,3222.0,15100.0
1846.0,1721.0,14661,25431,28219,29909,28859,27311,32767,32767,32767,32767,32767,3381.0,15100.0
1692.0,1858.0,13558,25842,27785,29434,29928,27311,32767,32767,32767,32767,32767,2456.0,15100.0
2384.0,2455.0,14188,25842,28219,31333,31531,27311,32767,32767,32767,32767,32767,3158.0,15100.0
1654.0,1721.0,13873,25842,29521,28959,29928,27311,32767,32767,32767,32767,32767,2616.0,15100.0
1788.0,1629.0,14504,27892,30824,30858,30997,27311,32767,32767,32767,32767,32767,2775.0,15100.0
1981.0,1743.0,9932,21740,23009,27060,26187,27905,32767,32767,32767,32767,32767,2392.0,15100.0
2057.0,1835.0,11351,22150,24746,28010,29394,27905,32767,32767,32767,32767,32767,2871.0,15100.0
2346.0,2133.0,10563,23380,25180,27535,27256,27905,32767,32767,32767,32767,32767,2903.0,15100.0
2077.0,1766.0,11035,23380,24746,26111,28325,27905,32767,32767,32767,32767,32767,3445.0,15100.0
2057.0,1904.0,11824,24611,26048,28484,27256,27905,32767,32767,32767,32767,32767,2903.0,15100.0
2154.0,1927.0,12297,25021,27785,28959,30462,27905,32767,32767,32767,32767,32767,3285.0,15100.0
2057.0,1881.0,11666,25431,28653,28959,28859,27905,32767,32767,32767,32767,32767,2935.0,15100.0
2057.0,2042.0,12297,25431,28219,27535,28859,27905,32767,32767,32767,32767,32767,2584.0,15100.0
1884.0,1789.0,13873,27072,29956,30383,30462,27905,32767,32767,32767,32767,32767,2935.0,15100.0
2057.0,1881.0,14188,27482,31258,31333,30997,27905,32767,32767,32767,32767,32767,3381.0,15100.0
1807.0,1698.0,15134,28713,31692,32282,32066,27905,32767,32767,32767,32767,32767,3158.0,15100.0
2538.0,2317.0,11666,24611,26917,28484,30997,28499,32767,32767,32767,32767,32767,3285.0,15100.0
2461.0,2363.0,13243,26662,30824,30383,32600,28499,32767,32767,32767,32767,32767,3573.0,15100.0
2519.0,2317.0,14188,26662,30390,30858,32066,28499,32767,32767,32767,32767,32767,3955.0,15100.0
2346.0,2317.0,12612,27482,29521,30383,31531,28499,32767,32767,32767,32767,32767,2488.0,15100.0
2000.0,2042.0,15292,27892,30824,32757,32066,28499,32767,32767,32767,32767,32767,3158.0,15100.0
1904.0,1812.0,14977,28303,30824,32757,32767,28499,32767,32767,32767,32767,32767,2903.0,15100.0
1923.0,1881.0,14819,29533,32767,32767,32767,28499,32767,32767,32767,32767,32767,2966.0,15100.0
2307.0,2202.0,12927,24611,28219,30383,28859,29092,32767,32767,32767,32767,32767,3062.0,15100.0
1942.0,1904.0,14504,26252,30390,30858,32600,29092,32767,32767,32767,32767,32767,3668.0,15100.0
1981.0,1789.0,13243,27072,29521,32282,31531,29092,32767,32767,32767,32767,32767,2903.0,15100.0
2038.0,1996.0,12927,27072,29521,31333,30462,29092,32767,32767,32767,32767,32767,2488.0,15100.0
2384.0,2225.0,13716,27892,31692,32767,32767,29092,32767,32767,32767,32767,32767,3285.0,15100.0
2134.0,2133.0,14977,28303,30390,31808,32066,29092,32767,32767,32767,32767,32767,3509.0,15100.0
2154.0,2088.0,15765,28713,32767,32282,32600,29092,32767,32767,32767,32767,32767,3445.0,15100.0
1942.0,1973.0,14504,29943,32767,32767,32767,29092,32767,32767,32767,32767,32767,2743.0,15100.0
2519.0,2386.0,11981,23791,27785,28959,29928,29686,32767,32767,32767,32767,32767,3413.0,15100.0
1961.0,1675.0,10563,25431,28653,28959,29928,29686,32767,32767,32767,32767,32767,2392.0,15100.0
2327.0,2179.0,12612,25842,27785,29909,30462,29686,32767,32767,32767,32767,32767,3190.0,15100.0
1942.0,1766.0,14504,26252,29956,29434,28859,29686,32767,32767,32767,32767,32767,3317.0,15100.0
2519.0,2294.0,13558,27072,29521,29909,31531,29686,32767,32767,32767,32767,32767,3892.0,15100.0
1807.0,1675.0,14346,28303,31692,31808,32066,29686,32767,32767,32767,32767,32767,2743.0,15100.0
1942.0,1812.0,14504,29943,32560,32767,32767,29686,32767,32767,32767,32767,32767,3030.0,15100.0
1711.0,1721.0,15450,31174,32767,32767,32767,29686,32767,32767,32767,32767,32767,2041.0,15100.0
2634.0,2271.0,13400,26662,29956,29909,32600,30280,32767,32767,32767,32767,32767,4083.0,15100.0
1961.0,1698.0,11193,27892,30390,27535,29928,30280,32767,32767,32767,32767,32767,2201.0,15100.0
2231.0,2156.0,16711,29533,30824,32767,32767,30280,32767,32767,32767,32767,32767,4306.0,15100.0
1884.0,1881.0,15765,30764,32767,32767,32767,30280,32767,32767,32767,32767,32767,2871.0,15100.0
2000.0,2110.0,15292,31174,32767,32767,32767,30280,32767,32767,32767,32767,32767,2456.0,15100.0
2057.0,2065.0,15607,30764,32767,32767,32767,30873,32767,32767,32767,32767,32767,2935.0,15100.0
2192.0,2248.0,17341,31584,32767,32767,32767,30873,32767,32767,32767,32767,32767,3700.0,15100.0
2288.0,2248.0,14504,29533,32560,32767,32767,31467,32767,32767,32767,32767,32767,2871.0,15100.0
2154.0,2317.0,14977,30764,32767,32767,32767,31467,32767,32767,32767,32767,32767,2775.0,15100.0
1942.0,2133.0,16238,32405,32767,32767,32767,31467,32767,32767,32767,32767,32767,2488.0,15100.0
2192.0,2042.0,12139,27072,29521,30383,31531,32061,32767,32767,32767,32767,32767,2360.0,15100.0
1846.0,1881.0,16238,32767,32767,32767,32767,32061,32767,32767,32767,32767,32767,2456.0,15100.0
2384.0,2317.0,16238,29123,32767,32767,32767,32655,32767,32767,32767,32767,32767,3860.0,15100.0
2250.0,2156.0,14188,29123,32126,32767,32767,32655,32767,32767,32767,32767,32767,3030.0,15100.0
2307.0,2386.0,16080,32767,32767,32767,32767,32655,32767,32767,32767,32767,32767,3381.0,15100.0
2057.0,2225.0,16553,32767,32767,32767,32767,32655,32767,32767,32767,32767,32767,3062.0,15100.0
2634.0,2478.0,13243,29943,32767,32767,32767,32767,32767,32767,32767,32767,32767,2998.0,15100.0
2019.0,1789.0,12770,30354,32560,32757,32767,32767,32767,32767,32767,32767,32767,2297.0,15100.0
2615.0,2432.0,13558,30354,32767,32767,32767,32767,32767,32767,32767,32767,32767,3285.0,15100.0
2346.0,2317.0,15450,31174,32767,32767,32767,32767,32767,32767,32767,32767,32767,3541.0,15100.0
2173.0,1927.0,15292,31584,32767,32767,32767,32767,32767,32767,32767,32767,32767,3126.0,15100.0
2231.0,2133.0,16711,31994,32767,32767,32767,32767,32767,32767,32767,32767,32767,3509.0,15100.0
2096.0,2271.0,16868,31994,32767,32767,32767,32767,32767,32767,32767,32767,32767,3158.0,15100.0
2404.0,2340.0,17026,32767,32767,32767,32767,32767,32767,32767,32767,32767,32767,3923.0,15100.0
2211.0,2202.0,17026,32767,32767,32767,32767,32767,32767,32767,32767,32767,32767,3254.0,15100.0
1884.0,2042.0,17341,32767,32767,32767,32767,32767,32767,32767,32767,32767,32767,2456.0,15100.0
2461.0,2363.0,16396,32767,32767,32767,32767,32767,32767,32767,32767,32767,32767,3541.0,15100.0
2038.0,2133.0,17341,32767,32767,32767,32767,32767,32767,32767,32767,32767,32767,2839.0,15100.0
2211.0,2019.0,16553,32767,32767,32767,32767,32767,32767,32767,32767,32767,32767,3828.0,15100.0
2000.0,2088.0,15450,32767,32767,32767,32767,32767,32767,32767,32767,32767,32767,2552.0,15100.0
1788.0,1835.0,16238,32767,32767,32767,32767,32767,32767,32767,32767,32767,32767,2329.0,15100.0
1617.0,1237.0,4760,10173,9831,9214,8644,12164,32767,32767,32767,32767,32767,2098.0,15500.0
1493.0,1088.0,7480,11500,11235,11774,10373,12164,32767,32767,32767,32767,32767,3096.0,15500.0
1742.0,1336.0,6970,11500,12640,12798,10949,12164,32767,32767,32767,32767,32767,3199.0,15500.0
1866.0,1459.0,6630,10615,11235,12286,10949,12804,32767,32767,32767,32767,32767,3680.0,15500.0
1638.0,1336.0,6460,12827,12640,13822,12102,12804,32767,32767,32767,32767,32767,2098.0,15500.0
1845.0,1459.0,9010,12827,14512,14333,12678,12804,32767,32767,32767,32767,32767,3715.0,15500.0
1804.0,1435.0,9010,13711,14044,14333,12678,12804,32767,32767,32767,32767,32767,3783.0,15500.0
1617.0,1163.0,9520,14154,15916,15357,13254,12804,32767,32767,32767,32767,32767,4024.0,15500.0
1887.0,1459.0,9350,13269,14512,14845,13254,13444,32767,32767,32767,32767,32767,3955.0,15500.0
1866.0,1459.0,9180,14154,14980,16381,14407,13444,32767,32767,32767,32767,32767,3887.0,15500.0
2032.0,1608.0,8670,13711,13576,14333,12678,14085,32767,32767,32767,32767,32767,4059.0,15500.0
2073.0,1781.0,9690,14154,15916,16893,14407,14085,32767,32767,32767,32767,32767,3783.0,15500.0
2198.0,1781.0,10030,14154,14980,15869,13831,14085,32767,32767,32767,32767,32767,4781.0,15500.0
2032.0,1756.0,6120,13269,13108,13310,12102,14725,32767,32767,32767,32767,32767,2683.0,15500.0
1908.0,1583.0,6630,13711,12640,14333,13254,14725,32767,32767,32767,32767,32767,2167.0,15500.0
1845.0,1459.0,6120,13711,12640,14333,12678,14725,32767,32767,32767,32767,32767,2339.0,15500.0
1887.0,1484.0,10030,15480,16853,16381,14983,14725,32767,32767,32767,32767,32767,3646.0,15500.0
2198.0,2053.0,8330,14596,15448,16893,14407,15365,32767,32767,32767,32767,32767,2545.0,15500.0
1908.0,1459.0,10710,17250,17321,17917,17288,15365,32767,32767,32767,32767,32767,3990.0,15500.0
2177.0,1781.0,7140,14596,15448,17405,15559,16005,32767,32767,32767,32767,32767,2442.0,15500.0
1845.0,1410.0,10880,15038,16385,16381,14983,16005,32767,32767,32767,32767,32767,4437.0,15500.0
1970.0,1707.0,10710,15480,17789,18429,14983,16005,32767,32767,32767,32767,32767,3371.0,15500.0
2364.0,2004.0,7650,15923,14512,15357,14407,16005,32767,32767,32767,32767,32767,2683.0,15500.0
2198.0,1855.0,10880,16365,18257,17917,16136,16005,32767,32767,32767,32767,32767,4162.0,15500.0
2094.0,1657.0,10370,16365,17321,17405,15559,16005,32767,32767,32767,32767,32767,3887.0,15500.0
1866.0,1484.0,10710,17692,19193,19453,18441,16005,32767,32767,32767,32767,32767,3577.0,15500.0
2177.0,1781.0,12240,18134,20598,19964,18441,16005,32767,32767,32767,32767,32767,4643.0,15500.0
2073.0,1806.0,9860,14596,16853,19453,19017,16645,32767,32767,32767,32767,32767,3268.0,15500.0
2073.0,1732.0,10540,15923,17321,19964,17288,16645,32767,32767,32767,32767,32767,3715.0,15500.0
2737.0,2276.0,8330,15923,18725,16893,14407,16645,32767,32767,32767,32767,32767,2924.0,15500.0
2364.0,1929.0,11730,18134,18725,19964,18441,17286,32767,32767,32767,32767,32767,4919.0,15500.0
2011.0,1707.0,10710,18134,20130,19453,17288,17286,32767,32767,32767,32767,32767,3508.0,15500.0
1970.0,1633.0,11390,18577,19661,19453,18441,17286,32767,32767,32767,32767,32767,3474.0,15500.0
2343.0,1905.0,11900,18577,20598,20988,18441,17286,32767,32767,32767,32767,32767,4884.0,15500.0
2032.0,1756.0,12240,19019,21534,20476,20746,17286,32767,32767,32767,32767,32767,3680.0,15500.0
2198.0,1979.0,10540,17692,20130,19453,18441,17926,32767,32767,32767,32767,32767,3371.0,15500.0
2758.0,2622.0,10030,18134,19661,20476,18441,17926,32767,32767,32767,32767,32767,3715.0,15500.0
2343.0,1979.0,9860,19019,19661,20988,21322,17926,32767,32767,32767,32767,32767,3130.0,15500.0
2239.0,2028.0,12070,19461,22002,22012,19017,17926,32767,32767,32767,32767,32767,3646.0,15500.0
2343.0,2078.0,12240,19461,22002,20988,19593,17926,32767,32767,32767,32767,32767,4265.0,15500.0
2032.0,1880.0,12409,20788,22938,22524,21898,17926,32767,32767,32767,32767,32767,3199.0,15500.0
2695.0,2449.0,9010,17692,19661,20988,19593,18566,32767,32767,32767,32767,32767,2614.0,15500.0
2405.0,2127.0,8670,18577,18257,21500,20746,18566,32767,32767,32767,32767,32767,2476.0,15500.0
1908.0,1608.0,9010,18577,20130,20988,20170,18566,32767,32767,32767,32767,32767,2373.0,15500.0
2011.0,1732.0,11560,19461,21066,22012,21322,18566,32767,32767,32767,32767,32767,3130.0,15500.0
2405.0,2127.0,12409,19461,22002,22524,21322,18566,32767,32767,32767,32767,32767,3887.0,15500.0
2322.0,1979.0,13599,20346,23875,24060,22475,18566,32767,32767,32767,32767,32767,4299.0,15500.0
2384.0,1929.0,14789,22557,24811,23548,22475,18566,32767,32767,32767,32767,32767,4919.0,15500.0
2405.0,2152.0,12409,19461,22002,22012,20746,19206,32767,32767,32767,32767,32767,3887.0,15500.0
2011.0,1732.0,11390,19461,21066,22012,20170,19206,32767,32767,32767,32767,32767,3199.0,15500.0
2488.0,2152.0,13259,19903,23875,23548,23051,19206,32767,32767,32767,32767,32767,4299.0,15500.0
2447.0,2152.0,12749,20788,22002,21500,19593,19206,32767,32767,32767,32767,32767,4231.0,15500.0
2426.0,1979.0,13769,21673,23407,24060,23051,19206,32767,32767,32767,32767,32767,4815.0,15500.0
2467.0,2103.0,14279,21230,24343,25084,23051,19846,32767,32767,32767,32767,32767,4196.0,15500.0
2467.0,1929.0,14109,21673,23407,25084,21322,19846,32767,32767,32767,32767,32767,4987.0,15500.0
2115.0,1830.0,13599,22557,24811,24572,23051,19846,32767,32767,32767,32767,32767,3783.0,15500.0
1970.0,1484.0,11220,19903,23407,22012,22475,20487,32767,32767,32767,32767,32767,4059.0,15500.0
2239.0,1905.0,10710,20788,23407,24060,24203,20487,32767,32767,32767,32767,32767,3440.0,15500.0
2530.0,2127.0,13939,21673,24811,25595,24203,20487,32767,32767,32767,32767,32767,4540.0,15500.0
2882.0,2573.0,10030,19903,21534,22524,23051,21127,32767,32767,32767,32767,32767,3164.0,15500.0
2882.0,2647.0,10540,20788,22002,25084,23627,21767,32767,32767,32767,32767,32767,3268.0,15500.0
2530.0,2251.0,11900,22115,24343,24060,25356,23047,32767,32767,32767,32767,32767,3371.0,15500.0
2592.0,2251.0,13259,23442,27620,28155,28237,23047,32767,32767,32767,32767,32767,4162.0,15500.0
3048.0,2647.0,12919,22557,25747,26619,26509,24328,32767,32767,32767,32767,32767,4678.0,15500.0
2675.0,2573.0,14449,24326,28556,28155,28237,24328,32767,32767,32767,32767,32767,4231.0,15500.0
1039.0,917.0,7225,12532,14284,13388,11932,11860,32767,32767,32767,32767,32767,1424.0,16300.0
1198.0,1051.0,5187,10604,11223,12273,11304,12558,32767,32767,32767,32767,32767,1237.0,16300.0
1152.0,890.0,9077,12532,14284,15062,13816,12558,32767,32767,32767,32767,32767,2399.0,16300.0
1130.0,1051.0,6854,12050,13774,14504,12560,13256,32767,32767,32767,32767,32767,1537.0,16300.0
1198.0,1024.0,7225,12532,14794,13388,13188,13953,32767,32767,32767,32767,32767,1462.0,16300.0
1333.0,1105.0,7966,12532,14284,14504,13816,13953,32767,32767,32767,32767,32767,2399.0,16300.0
1130.0,970.0,8151,13014,14284,15062,13816,13953,32767,32767,32767,32767,32767,2062.0,16300.0
1198.0,1132.0,8151,13978,14794,15620,15072,13953,32767,32767,32767,32767,32767,1724.0,16300.0
1310.0,1024.0,7780,13496,15304,15620,13816,14651,32767,32767,32767,32767,32767,2024.0,16300.0
1243.0,997.0,8521,13978,15304,15620,13188,14651,32767,32767,32767,32767,32767,1987.0,16300.0
1107.0,1051.0,8892,13978,16324,15062,13816,14651,32767,32767,32767,32767,32767,1912.0,16300.0
1243.0,1105.0,9448,15424,16835,17851,16328,14651,32767,32767,32767,32767,32767,2211.0,16300.0
1175.0,1024.0,9077,15906,16324,16735,13816,14651,32767,32767,32767,32767,32767,2062.0,16300.0
1288.0,1105.0,10189,15906,18365,17851,16328,14651,32767,32767,32767,32767,32767,1987.0,16300.0
1220.0,1105.0,9818,16388,18875,17851,15700,14651,32767,32767,32767,32767,32767,1874.0,16300.0
1243.0,1132.0,10374,16388,17855,17851,16956,14651,32767,32767,32767,32767,32767,2099.0,16300.0
1130.0,1051.0,7225,13014,15304,16178,12560,15348,32767,32767,32767,32767,32767,1499.0,16300.0
1356.0,1213.0,8151,14460,16324,16178,15700,15348,32767,32767,32767,32767,32767,1687.0,16300.0
1175.0,997.0,8707,14942,17345,16735,15700,15348,32767,32767,32767,32767,32767,1687.0,16300.0
1198.0,1078.0,9262,15424,17345,16735,15072,15348,32767,32767,32767,32767,32767,1649.0,16300.0
1243.0,1078.0,9818,15424,17855,17851,16328,15348,32767,32767,32767,32767,32767,1949.0,16300.0
1220.0,1132.0,8521,15424,16835,16178,15700,15348,32767,32767,32767,32767,32767,1574.0,16300.0
1130.0,1078.0,8892,15906,17345,17293,16328,15348,32767,32767,32767,32767,32767,1687.0,16300.0
1243.0,1132.0,10374,16388,18365,18967,16328,15348,32767,32767,32767,32767,32767,1987.0,16300.0
1198.0,1078.0,8892,16388,17855,17293,16328,15348,32767,32767,32767,32767,32767,1799.0,16300.0
1175.0,997.0,9448,16870,18875,18409,16956,15348,32767,32767,32767,32767,32767,1687.0,16300.0
1243.0,1078.0,10189,17352,19385,19525,17584,15348,32767,32767,32767,32767,32767,1799.0,16300.0
1243.0,997.0,8707,13978,16324,15620,14444,16046,32767,32767,32767,32767,32767,2324.0,16300.0
1265.0,1159.0,9448,15906,18365,18967,17584,16046,32767,32767,32767,32767,32767,1949.0,16300.0
1152.0,997.0,8892,15906,17855,17293,15072,16046,32767,32767,32767,32767,32767,1649.0,16300.0
1220.0,1078.0,9448,16388,17855,17293,16956,16046,32767,32767,32767,32767,32767,1987.0,16300.0
1243.0,1186.0,9633,16388,18875,17851,17584,16046,32767,32767,32767,32767,32767,1687.0,16300.0
1288.0,1267.0,10374,16870,19385,18967,17584,16046,32767,32767,32767,32767,32767,1987.0,16300.0
1198.0,1051.0,9262,16870,17855,17851,16328,16046,32767,32767,32767,32767,32767,1612.0,16300.0
1333.0,1213.0,10930,17352,18875,18967,17584,16046,32767,32767,32767,32767,32767,2211.0,16300.0
1378.0,1240.0,10930,19280,21426,20640,20096,16046,32767,32767,32767,32767,32767,1949.0,16300.0
1559.0,1348.0,9448,15906,17855,17293,16328,16744,32767,32767,32767,32767,32767,2436.0,16300.0
1288.0,1213.0,10374,16870,19895,18967,17584,16744,32767,32767,32767,32767,32767,2062.0,16300.0
1265.0,1078.0,9633,16870,18365,17293,15700,16744,32767,32767,32767,32767,32767,2099.0,16300.0
1288.0,1132.0,10189,16870,18875,18967,17584,16744,32767,32767,32767,32767,32767,2062.0,16300.0
1198.0,1105.0,9633,17352,19385,20640,17584,16744,32767,32767,32767,32767,32767,1499.0,16300.0
1288.0,1186.0,10930,18798,21936,20082,18840,16744,32767,32767,32767,32767,32767,2024.0,16300.0
1491.0,1348.0,11485,18798,20406,20082,18840,16744,32767,32767,32767,32767,32767,2511.0,16300.0
1401.0,1240.0,11671,19280,21426,21198,20096,16744,32767,32767,32767,32767,32767,2399.0,16300.0
1853.0,1725.0,7039,14460,15814,16735,16956,17441,32767,32767,32767,32767,32767,1799.0,16300.0
1310.0,1240.0,9077,15906,18365,18409,16956,17441,32767,32767,32767,32767,32767,1724.0,16300.0
1333.0,1213.0,10189,16870,18875,19525,18212,17441,32767,32767,32767,32767,32767,2062.0,16300.0
1288.0,1159.0,10744,17834,20916,20082,18840,17441,32767,32767,32767,32767,32767,2249.0,16300.0
1649.0,1456.0,10559,18316,20406,19525,20096,17441,32767,32767,32767,32767,32767,2286.0,16300.0
1198.0,1051.0,10374,18316,20916,20640,19468,17441,32767,32767,32767,32767,32767,1949.0,16300.0
1288.0,1294.0,11300,18316,20406,20082,18212,17441,32767,32767,32767,32767,32767,2099.0,16300.0
1220.0,1132.0,11115,18798,20916,20640,19468,17441,32767,32767,32767,32767,32767,1874.0,16300.0
1333.0,1321.0,10744,18798,20916,20640,19468,17441,32767,32767,32767,32767,32767,1837.0,16300.0
1717.0,1644.0,10189,17352,18875,20640,19468,18139,32767,32767,32767,32767,32767,2249.0,16300.0
1446.0,1375.0,10930,17352,21426,20640,19468,18139,32767,32767,32767,32767,32767,2174.0,16300.0
1582.0,1402.0,10374,17352,19385,19525,19468,18139,32767,32767,32767,32767,32767,2324.0,16300.0
1265.0,1240.0,10003,17352,20406,20082,18840,18139,32767,32767,32767,32767,32767,1649.0,16300.0
1378.0,1429.0,10744,18316,20406,20640,19468,18139,32767,32767,32767,32767,32767,1874.0,16300.0
1310.0,1132.0,10559,18798,20916,20082,18840,18139,32767,32767,32767,32767,32767,2024.0,16300.0
1288.0,1294.0,11485,18798,21426,20640,19468,18139,32767,32767,32767,32767,32767,1987.0,16300.0
1198.0,1186.0,10559,19280,21426,22314,20724,18139,32767,32767,32767,32767,32767,1612.0,16300.0
1446.0,1456.0,10744,19280,20406,21198,20096,18139,32767,32767,32767,32767,32767,2136.0,16300.0
1604.0,1590.0,10930,19280,20916,21198,20724,18139,32767,32767,32767,32767,32767,2324.0,16300.0
1333.0,1321.0,11300,19280,21936,21198,20096,18139,32767,32767,32767,32767,32767,1949.0,16300.0
1966.0,1860.0,8336,15906,18365,18967,18840,18837,32767,32767,32767,32767,32767,2062.0,16300.0
1672.0,1536.0,10003,17352,19385,20640,19468,18837,32767,32767,32767,32767,32767,2136.0,16300.0
1514.0,1375.0,9633,17834,19895,20082,18840,18837,32767,32767,32767,32767,32767,1949.0,16300.0
1491.0,1294.0,9818,18798,20916,20640,21352,18837,32767,32767,32767,32767,32767,2062.0,16300.0
1514.0,1429.0,11856,19280,21936,22314,20096,18837,32767,32767,32767,32767,32767,2286.0,16300.0
1401.0,1348.0,11671,19762,22956,21756,20724,18837,32767,32767,32767,32767,32767,2099.0,16300.0
1288.0,1267.0,10930,20244,22956,22314,20724,18837,32767,32767,32767,32767,32767,1687.0,16300.0
2169.0,2076.0,8521,17834,20406,21198,20724,19534,32767,32767,32767,32767,32767,2024.0,16300.0
1695.0,1483.0,10559,19280,22446,22314,20724,19534,32767,32767,32767,32767,32767,2511.0,16300.0
1559.0,1510.0,10744,19280,21936,21756,20096,19534,32767,32767,32767,32767,32767,1912.0,16300.0
1423.0,1456.0,11671,19762,23466,22872,21980,19534,32767,32767,32767,32767,32767,1987.0,16300.0
1943.0,1779.0,11671,19762,23977,22314,21980,19534,32767,32767,32767,32767,32767,2811.0,16300.0
1356.0,1294.0,12412,22172,24997,24545,23236,19534,32767,32767,32767,32767,32767,1837.0,16300.0
1384.0,1143.0,6257,16280,16430,17090,19732,19729,32767,32767,32767,32767,32767,1560.0,16300.0
1455.0,1101.0,10186,18552,19635,21033,19238,19729,32767,32767,32767,32767,32767,2679.0,16300.0
1402.0,1038.0,10477,18552,20838,20595,18745,19729,32767,32767,32767,32767,32767,3062.0,16300.0
2011.0,1860.0,10930,18798,20916,21756,21352,20232,32767,32767,32767,32767,32767,2661.0,16300.0
1260.0,1059.0,7130,16280,17231,17966,17759,20277,32767,32767,32767,32767,32767,1737.0,16300.0
1438.0,1016.0,10768,18552,19635,20157,18745,20277,32767,32767,32767,32767,32767,3592.0,16300.0
1402.0,1016.0,11059,18931,20036,20157,19732,20277,32767,32767,32767,32767,32767,3651.0,16300.0
1455.0,1059.0,11205,18931,20437,20595,19238,20277,32767,32767,32767,32767,32767,3239.0,16300.0
1349.0,1080.0,9313,17795,18834,18843,18745,20825,32767,32767,32767,32767,32767,2856.0,16300.0
1402.0,1059.0,10914,18931,20838,21910,20718,20825,32767,32767,32767,32767,32767,3091.0,16300.0
1562.0,1186.0,11059,19309,21639,21033,20718,20825,32767,32767,32767,32767,32767,3003.0,16300.0
1544.0,1080.0,11059,19309,21238,20595,20718,20825,32767,32767,32767,32767,32767,3121.0,16300.0
1455.0,1101.0,11496,19688,21639,21033,20718,20825,32767,32767,32767,32767,32767,3209.0,16300.0
1491.0,1122.0,11787,19688,22040,22348,21212,20825,32767,32767,32767,32767,32767,3150.0,16300.0
1762.0,1644.0,10189,18316,20406,21198,20096,20930,32767,32767,32767,32767,32767,2174.0,16300.0
1762.0,1671.0,10189,18798,21426,20640,19468,20930,32767,32767,32767,32767,32767,2024.0,16300.0
1921.0,1833.0,11485,19762,23466,23430,21980,20930,32767,32767,32767,32767,32767,2399.0,16300.0
1536.0,1429.0,10930,20244,21936,22872,20724,20930,32767,32767,32767,32767,32767,1987.0,16300.0
1695.0,1752.0,12041,23136,25507,26777,26375,20930,32767,32767,32767,32767,32767,2511.0,16300.0
1446.0,1536.0,13338,24100,28058,27892,26375,20930,32767,32767,32767,32767,32767,1874.0,16300.0
1627.0,1752.0,13894,24582,26527,27334,25747,20930,32767,32767,32767,32767,32767,2474.0,16300.0
1491.0,1313.0,8585,17795,18834,21472,19238,21373,32767,32767,32767,32767,32767,2061.0,16300.0
1455.0,1292.0,8585,19688,19635,20595,20225,21373,32767,32767,32767,32767,32767,1560.0,16300.0
1438.0,1038.0,11205,20066,21238,21033,19732,21373,32767,32767,32767,32767,32767,3504.0,16300.0
1438.0,1080.0,11496,20445,22040,21910,21705,21373,32767,32767,32767,32767,32767,3268.0,16300.0
2011.0,1887.0,10189,19762,21936,21756,21980,21627,32767,32767,32767,32767,32767,2249.0,16300.0
1853.0,1752.0,11300,20726,23977,23430,23863,21627,32767,32767,32767,32767,32767,2436.0,16300.0
1672.0,1617.0,12041,21208,24487,24545,23863,21627,32767,32767,32767,32767,32767,2286.0,16300.0
1740.0,1644.0,12226,22172,26527,24545,24491,21627,32767,32767,32767,32767,32767,2811.0,16300.0
1762.0,1779.0,12967,23136,27037,25661,25119,21627,32767,32767,32767,32767,32767,2436.0,16300.0
1384.0,1122.0,10332,19309,22040,21472,21212,21921,32767,32767,32767,32767,32767,2620.0,16300.0
1420.0,1038.0,10768,19309,20036,20595,20225,21921,32767,32767,32767,32767,32767,3356.0,16300.0
1384.0,1038.0,11350,20066,22440,22786,21705,21921,32767,32767,32767,32767,32767,3268.0,16300.0
1420.0,1122.0,11059,20066,21238,22786,21212,21921,32767,32767,32767,32767,32767,3121.0,16300.0
1402.0,1080.0,11350,20824,22440,23224,21705,21921,32767,32767,32767,32767,32767,3003.0,16300.0
1455.0,1122.0,12078,20824,22440,23224,22198,21921,32767,32767,32767,32767,32767,3268.0,16300.0
1438.0,1101.0,11496,21202,22841,23663,23185,21921,32767,32767,32767,32767,32767,2885.0,16300.0
1473.0,1186.0,11932,21581,23242,23663,22692,21921,32767,32767,32767,32767,32767,2768.0,16300.0
1649.0,1590.0,12226,21690,23977,27334,27003,22325,32767,32767,32767,32767,32767,2286.0,16300.0
1853.0,1941.0,12967,25064,27547,29008,27003,22325,32767,32767,32767,32767,32767,2586.0,16300.0
1349.0,1122.0,10041,18552,20437,20595,20718,22469,32767,32767,32767,32767,32767,2532.0,16300.0
1313.0,1355.0,8585,19309,18433,22348,21212,22469,32767,32767,32767,32767,32767,1502.0,16300.0
1473.0,1122.0,12369,21202,23242,24539,23678,22469,32767,32767,32767,32767,32767,3386.0,16300.0
1473.0,1101.0,11787,21581,23242,23663,22198,22469,32767,32767,32767,32767,32767,3386.0,16300.0
1509.0,1143.0,11641,22338,22440,24101,23678,22469,32767,32767,32767,32767,32767,3327.0,16300.0
1473.0,1080.0,12660,20824,23242,23663,22692,23017,32767,32767,32767,32767,32767,3710.0,16300.0
1509.0,1101.0,11641,21959,23643,24101,23185,23017,32767,32767,32767,32767,32767,3239.0,16300.0
2056.0,2049.0,11671,20726,23977,25661,25747,23023,32767,32767,32767,32767,32767,2399.0,16300.0
2146.0,2103.0,11856,21690,24997,25661,26375,23023,32767,32767,32767,32767,32767,2549.0,16300.0
1514.0,1563.0,13708,24582,28568,28450,26375,23023,32767,32767,32767,32767,32767,2286.0,16300.0
1559.0,1617.0,12967,25545,30098,30124,29515,23023,32767,32767,32767,32767,32767,1949.0,16300.0
1491.0,1228.0,12078,21581,24444,24539,24171,23565,32767,32767,32767,32767,32767,2738.0,16300.0
1562.0,1270.0,11496,21581,23643,22786,23678,23565,32767,32767,32767,32767,32767,3150.0,16300.0
1562.0,1376.0,11205,22338,24845,22786,24171,23565,32767,32767,32767,32767,32767,2591.0,16300.0
1544.0,1228.0,12223,23474,24845,24977,24171,23565,32767,32767,32767,32767,32767,3003.0,16300.0
1514.0,1590.0,13894,26991,31118,31797,30143,23720,32767,32767,32767,32767,32767,1762.0,16300.0
1526.0,1292.0,13533,23095,25646,26292,27131,24113,32767,32767,32767,32767,32767,3180.0,16300.0
1597.0,1313.0,13387,23095,25646,26292,24665,24113,32767,32767,32767,32767,32767,3121.0,16300.0
1509.0,1186.0,12805,23474,26047,26730,24665,24113,32767,32767,32767,32767,32767,3298.0,16300.0
2395.0,2237.0,11856,20244,23977,28450,28259,24418,32767,32767,32767,32767,32767,2999.0,16300.0
2711.0,2507.0,11671,21208,24487,25103,25119,24418,32767,32767,32767,32767,32767,2924.0,16300.0
2192.0,2183.0,11856,22172,26527,25661,25747,24418,32767,32767,32767,32767,32767,2436.0,16300.0
1966.0,1914.0,13338,24100,29078,28450,28887,24418,32767,32767,32767,32767,32767,2249.0,16300.0
1446.0,1536.0,13894,27473,31629,31239,30771,24418,32767,32767,32767,32767,32767,1762.0,16300.0
1526.0,1334.0,11932,22338,25646,24977,24665,24661,32767,32767,32767,32767,32767,2444.0,16300.0
1562.0,1398.0,12078,23474,26047,27168,26638,24661,32767,32767,32767,32767,32767,2768.0,16300.0
1580.0,1334.0,12369,23474,26047,26292,25158,24661,32767,32767,32767,32767,32767,2591.0,16300.0
1881.0,1694.0,14697,24988,28451,28921,28611,24661,32767,32767,32767,32767,32767,3769.0,16300.0
2059.0,1673.0,15279,25367,27650,29797,29104,24661,32767,32767,32767,32767,32767,4711.0,16300.0
1757.0,1482.0,11496,21959,23242,24101,23678,25209,32767,32767,32767,32767,32767,2974.0,16300.0
1562.0,1355.0,12951,23853,26448,26292,25651,25209,32767,32767,32767,32767,32767,2944.0,16300.0
1668.0,1398.0,13533,24988,28451,27606,27624,25209,32767,32767,32767,32767,32767,3415.0,16300.0
1828.0,1440.0,12805,22338,24845,26292,25651,25757,32767,32767,32767,32767,32767,3710.0,16300.0
1757.0,1673.0,12223,23095,24043,25854,25158,25757,32767,32767,32767,32767,32767,3268.0,16300.0
1491.0,1292.0,12951,23474,26047,26292,26145,25757,32767,32767,32767,32767,32767,2650.0,16300.0
1526.0,1186.0,12660,23853,25646,26292,25158,25757,32767,32767,32767,32767,32767,3091.0,16300.0
1757.0,1673.0,12369,23853,26047,28045,27131,25757,32767,32767,32767,32767,32767,2915.0,16300.0
1668.0,1461.0,13533,24231,26848,28045,28118,25757,32767,32767,32767,32767,32767,3327.0,16300.0
1615.0,1355.0,13824,24610,28051,27606,27131,25757,32767,32767,32767,32767,32767,3062.0,16300.0
1633.0,1503.0,12951,24610,26848,28045,27624,25757,32767,32767,32767,32767,32767,2885.0,16300.0
1793.0,1588.0,13824,24988,27650,28483,28118,25757,32767,32767,32767,32767,32767,3091.0,16300.0
1562.0,1313.0,14552,25746,28451,29359,29598,25757,32767,32767,32767,32767,32767,3356.0,16300.0
2553.0,2426.0,12967,25064,28568,30124,30771,25813,32767,32767,32767,32767,32767,2961.0,16300.0
1864.0,1757.0,10768,23095,25245,25854,25158,26305,32767,32767,32767,32767,32767,2444.0,16300.0
2112.0,2054.0,13678,25367,26848,28921,29104,26305,32767,32767,32767,32767,32767,3916.0,16300.0
1491.0,1270.0,13533,25367,28051,28483,28118,26305,32767,32767,32767,32767,32767,2473.0,16300.0
1491.0,1270.0,12805,25746,28051,27606,28611,26305,32767,32767,32767,32767,32767,2503.0,16300.0
1775.0,1546.0,13096,26503,28852,29359,28611,26305,32767,32767,32767,32767,32767,3504.0,16300.0
2508.0,2372.0,11671,22654,25507,25661,26375,26511,32767,32767,32767,32767,32767,2774.0,16300.0
1785.0,2103.0,15561,30365,32767,32767,32767,26511,32767,32767,32767,32767,32767,2211.0,16300.0
1420.0,1398.0,11059,23853,26848,26292,27131,26853,32767,32767,32767,32767,32767,2149.0,16300.0
1793.0,1376.0,13824,24610,28051,26292,26638,26853,32767,32767,32767,32767,32767,3739.0,16300.0
1544.0,1355.0,13533,24610,27650,27168,28611,26853,32767,32767,32767,32767,32767,3091.0,16300.0
1597.0,1376.0,13969,26881,29653,28483,29598,26853,32767,32767,32767,32767,32767,2709.0,16300.0
2372.0,2318.0,13153,25064,28058,30124,30771,27209,32767,32767,32767,32767,32767,2661.0,16300.0
1402.0,1080.0,9750,21581,22440,24977,23185,27401,32767,32767,32767,32767,32767,2738.0,16300.0
1704.0,1419.0,11932,22717,25245,25415,25651,27401,32767,32767,32767,32767,32767,3033.0,16300.0
2307.0,2075.0,13096,25367,27249,28045,28611,27401,32767,32767,32767,32767,32767,3680.0,16300.0
1686.0,1376.0,12951,25746,28051,28921,28118,27401,32767,32767,32767,32767,32767,2826.0,16300.0
1739.0,1673.0,14115,26881,29253,29359,30584,27401,32767,32767,32767,32767,32767,3091.0,16300.0
1722.0,1313.0,13533,23474,26448,28483,26638,27949,32767,32767,32767,32767,32767,3975.0,16300.0
1739.0,1525.0,14406,26503,29253,30674,31078,27949,32767,32767,32767,32767,32767,3592.0,16300.0
1935.0,1885.0,14843,26881,30455,31112,31571,27949,32767,32767,32767,32767,32767,3592.0,16300.0
1828.0,1376.0,13096,23474,25646,28045,28611,28497,32767,32767,32767,32767,32767,4564.0,16300.0
1544.0,1292.0,13824,25367,28451,27606,28611,28497,32767,32767,32767,32767,32767,3298.0,16300.0
1668.0,1546.0,14260,26124,28852,29797,30584,28497,32767,32767,32767,32767,32767,3062.0,16300.0
1846.0,1736.0,14988,26503,29253,29797,30584,28497,32767,32767,32767,32767,32767,3533.0,16300.0
1810.0,1588.0,14552,27260,30054,29797,29598,28497,32767,32767,32767,32767,32767,3209.0,16300.0
1668.0,1419.0,14988,27260,30856,31112,32064,28497,32767,32767,32767,32767,32767,3091.0,16300.0
1881.0,1673.0,15134,25746,28051,29797,29598,29045,32767,32767,32767,32767,32767,4151.0,16300.0
1846.0,1927.0,12660,26124,30054,27606,29598,29045,32767,32767,32767,32767,32767,2414.0,16300.0
1615.0,1525.0,13969,26503,28852,29797,31078,29045,32767,32767,32767,32767,32767,3180.0,16300.0
1970.0,1821.0,14115,26503,28451,29359,29104,29045,32767,32767,32767,32767,32767,3180.0,16300.0
1757.0,1588.0,13242,27260,30054,30674,30584,29045,32767,32767,32767,32767,32767,2915.0,16300.0
1899.0,1779.0,14697,28017,31256,32427,32064,29593,32767,32767,32767,32767,32767,3327.0,16300.0
1615.0,1525.0,14697,28774,31657,32767,32767,29593,32767,32767,32767,32767,32767,2444.0,16300.0
1899.0,1885.0,15279,29532,32767,32767,32767,29593,32767,32767,32767,32767,32767,3121.0,16300.0
2325.0,2181.0,12514,25746,26448,28483,28611,30141,32767,32767,32767,32767,32767,3003.0,16300.0
1935.0,1757.0,14115,26124,28852,29797,29104,30141,32767,32767,32767,32767,32767,3268.0,16300.0
1793.0,1567.0,14406,28017,31256,32427,31571,30141,32767,32767,32767,32767,32767,2679.0,16300.0
1881.0,1673.0,14697,29153,31256,31550,32064,30141,32767,32767,32767,32767,32767,3033.0,16300.0
2023.0,1800.0,14843,26503,28051,30674,30091,30689,32767,32767,32767,32767,32767,3828.0,16300.0
1846.0,1800.0,14260,27639,30856,29797,30584,30689,32767,32767,32767,32767,32767,2974.0,16300.0
1668.0,1885.0,13824,27639,31256,32427,32767,30689,32767,32767,32767,32767,32767,2591.0,16300.0
1988.0,1800.0,14843,28396,30856,31988,32064,30689,32767,32767,32767,32767,32767,3415.0,16300.0
1899.0,1652.0,14552,28396,30455,31550,30584,30689,32767,32767,32767,32767,32767,3621.0,16300.0
1704.0,1567.0,14697,28396,31256,31988,31078,30689,32767,32767,32767,32767,32767,2650.0,16300.0
1668.0,1461.0,13969,28774,30054,31988,31078,30689,32767,32767,32767,32767,32767,2620.0,16300.0
1970.0,1863.0,15716,29153,32458,32767,32767,30689,32767,32767,32767,32767,32767,3298.0,16300.0
1793.0,2202.0,16298,29532,32767,32767,32767,30689,32767,32767,32767,32767,32767,3062.0,16300.0
2077.0,2117.0,15861,29532,32767,32767,32767,30689,32767,32767,32767,32767,32767,3356.0,16300.0
1846.0,1736.0,15425,29532,32767,32767,32767,30689,32767,32767,32767,32767,32767,3239.0,16300.0
2023.0,1821.0,14406,27639,31256,30236,32064,31237,32767,32767,32767,32767,32767,3621.0,16300.0
1899.0,1821.0,14988,29153,32458,32767,32557,31237,32767,32767,32767,32767,32767,2974.0,16300.0
1686.0,1821.0,15134,29153,32767,32767,32767,31237,32767,32767,32767,32767,32767,2620.0,16300.0
2183.0,2350.0,14988,30289,32767,31988,32557,31237,32767,32767,32767,32767,32767,3209.0,16300.0
1828.0,1694.0,15570,30668,32767,32767,32767,31237,32767,32767,32767,32767,32767,2944.0,16300.0
1846.0,1990.0,15425,30668,32767,32767,32767,31237,32767,32767,32767,32767,32767,2768.0,16300.0
1775.0,1715.0,14988,29153,32058,32427,32767,31785,32767,32767,32767,32767,32767,2709.0,16300.0
1899.0,1969.0,15716,29532,32767,32767,32767,31785,32767,32767,32767,32767,32767,3356.0,16300.0
2059.0,2012.0,16589,30668,32767,32767,32767,31785,32767,32767,32767,32767,32767,3563.0,16300.0
1881.0,1948.0,16880,30668,32767,32767,32767,31785,32767,32767,32767,32767,32767,3621.0,16300.0
1757.0,2096.0,16298,30668,32767,32767,32767,31785,32767,32767,32767,32767,32767,3180.0,16300.0
1846.0,1948.0,16007,30668,32767,32767,32767,31785,32767,32767,32767,32767,32767,3180.0,16300.0
1651.0,1461.0,15861,30668,32767,32767,32767,31785,32767,32767,32767,32767,32767,3091.0,16300.0
1739.0,1757.0,16007,30668,32767,32767,32767,31785,32767,32767,32767,32767,32767,2591.0,16300.0
2343.0,2266.0,11205,24231,24043,29359,29104,32333,32767,32767,32767,32767,32767,2915.0,16300.0
2112.0,1906.0,14988,28396,31657,32767,32767,32333,32767,32767,32767,32767,32767,3356.0,16300.0
2627.0,2456.0,14406,28396,31256,32427,32767,32333,32767,32767,32767,32767,32767,3828.0,16300.0
2254.0,1927.0,14406,29153,31657,30236,32767,32333,32767,32767,32767,32767,32767,3945.0,16300.0
2556.0,2414.0,15716,29532,32767,32767,32767,32333,32767,32767,32767,32767,32767,3828.0,16300.0
1810.0,2117.0,14988,30668,32767,32767,32767,32333,32767,32767,32767,32767,32767,2797.0,16300.0
2006.0,2054.0,15716,30668,32767,32767,32767,32333,32767,32767,32767,32767,32767,3239.0,16300.0
1952.0,2054.0,14552,28774,31657,32767,32767,32767,32767,32767,32767,32767,32767,3239.0,16300.0
1988.0,1842.0,15279,28774,31657,32767,32767,32767,32767,32767,32767,32767,32767,3327.0,16300.0
2307.0,2287.0,14406,29532,32767,32427,32767,32767,32767,32767,32767,32767,32767,2885.0,16300.0
1846.0,1757.0,15134,29532,32767,32767,32767,32767,32767,32767,32767,32767,32767,2826.0,16300.0
2094.0,1800.0,15716,29910,32767,32767,32767,32767,32767,32767,32767,32767,32767,4034.0,16300.0
1722.0,1567.0,15425,30289,32767,32767,32767,32767,32767,32767,32767,32767,32767,3033.0,16300.0
1810.0,1652.0,16443,30668,32767,32767,32767,32767,32767,32767,32767,32767,32767,3268.0,16300.0
1704.0,1652.0,14988,30668,32767,32767,32767,32767,32767,32767,32767,32767,32767,2679.0,16300.0
2094.0,2139.0,16880,30668,32767,32767,32767,32767,32767,32767,32767,32767,32767,3356.0,16300.0
1793.0,1842.0,16007,30668,32767,32767,32767,32767,32767,32767,32767,32767,32767,2826.0,16300.0
1952.0,1800.0,17171,31046,32767,32767,32767,32767,32767,32767,32767,32767,32767,2267.0,16300.0
1810.0,1757.0,15716,31046,32767,32767,32767,32767,32767,32767,32767,32767,32767,3033.0,16300.0
1739.0,1800.0,15134,31046,32767,32767,32767,32767,32767,32767,32767,32767,32767,2444.0,16300.0
1846.0,1800.0,16734,31425,32767,32767,32767,32767,32767,32767,32767,32767,32767,2885.0,16300.0
1828.0,1652.0,15279,31425,32767,32767,32767,32767,32767,32767,32767,32767,32767,2709.0,16300.0
1828.0,1779.0,16007,31425,32767,32767,32767,32767,32767,32767,32767,32767,32767,2679.0,16300.0
2219.0,2054.0,13096,31425,32767,32767,32767,32767,32767,32767,32767,32767,32767,2768.0,16300.0
2254.0,2160.0,15716,31425,32767,32767,32767,32767,32767,32767,32767,32767,32767,3121.0,16300.0
1846.0,1779.0,15425,31803,32767,32767,32767,32767,32767,32767,32767,32767,32767,2826.0,16300.0
2201.0,2096.0,14406,31803,32767,32767,32767,32767,32767,32767,32767,32767,32767,2591.0,16300.0
1935.0,2350.0,16152,31803,32767,32767,32767,32767,32767,32767,32767,32767,32767,2915.0,16300.0
1793.0,2054.0,16152,31803,32767,32767,32767,32767,32767,32767,32767,32767,32767,2797.0,16300.0
2023.0,1885.0,17462,32182,32767,32767,32767,32767,32767,32767,32767,32767,32767,3504.0,16300.0
1651.0,2287.0,15279,32561,32767,32767,32767,32767,32767,32767,32767,32767,32767,2532.0,16300.0
2165.0,2266.0,16880,32561,32767,32767,32767,32767,32767,32767,32767,32767,32767,3356.0,16300.0
1757.0,1800.0,17025,32561,32767,32767,32767,32767,32767,32767,32767,32767,32767,2679.0,16300.0
2414.0,2287.0,16152,32561,32767,32767,32767,32767,32767,32767,32767,32767,32767,3209.0,16300.0
2201.0,2139.0,18044,32767,32767,32767,32767,32767,32767,32767,32767,32767,32767,3710.0,16300.0
1597.0,1673.0,16734,32767,32767,32767,32767,32767,32767,32767,32767,32767,32767,2709.0,16300.0
2290.0,2223.0,17607,32767,32767,32767,32767,32767,32767,32767,32767,32767,32767,3563.0,16300.0
2361.0,2139.0,18335,32767,32767,32767,32767,32767,32767,32767,32767,32767,32767,3710.0,16300.0
2165.0,2117.0,15279,32767,32767,32767,32767,32767,32767,32767,32767,32767,32767,2826.0,16300.0
2219.0,2117.0,17316,32767,32767,32767,32767,32767,32767,32767,32767,32767,32767,3386.0,16300.0
2372.0,2760.0,19289,32767,32767,32767,32767,32767,32767,32767,32767,32767,32767,2569.0,16300.0
1988.0,2012.0,16880,32767,32767,32767,32767,32767,32767,32767,32767,32767,32767,2709.0,16300.0
2041.0,2075.0,17607,32767,32767,32767,32767,32767,32767,32767,32767,32767,32767,3180.0,16300.0
1970.0,2012.0,17025,32767,32767,32767,32767,32767,32767,32767,32767,32767,32767,2915.0,16300.0
2041.0,2139.0,18189,32767,32767,32767,32767,32767,32767,32767,32767,32767,32767,3121.0,16300.0
2006.0,2012.0,17462,32767,32767,32767,32767,32767,32767,32767,32767,32767,32767,3033.0,16300.0
2465.0,2772.0,19338,32767,32767,32767,32767,32767,32767,32767,32767,32767,32767,3383.0,16300.0
1597.0,1355.0,17607,32767,32767,32767,32767,32767,32767,32767,32767,32767,32767,3474.0,16300.0
1970.0,2033.0,17025,32767,32767,32767,32767,32767,32767,32767,32767,32767,32767,2885.0,16300.0
1544.0,2160.0,14260,32767,32767,32767,32767,32767,32767,32767,32767,32767,32767,2149.0,16300.0
2307.0,2181.0,18335,32767,32767,32767,32767,32767,32767,32767,32767,32767,32767,3651.0,16300.0
1988.0,1927.0,16443,32767,32767,32767,32767,32767,32767,32767,32767,32767,32767,3062.0,16300.0
1810.0,1948.0,17607,32767,32767,32767,32767,32767,32767,32767,32767,32767,32767,2738.0,16300.0
2201.0,2244.0,17607,32767,32767,32767,32767,32767,32767,32767,32767,32767,32767,3415.0,16300.0
2077.0,2139.0,17171,32767,32767,32767,32767,32767,32767,32767,32767,32767,32767,2768.0,16300.0
1141.0,935.0,6789,11936,11622,13261,11819,13821,32767,32767,32767,32767,32767,1819.0,16700.0
1119.0,1068.0,7707,13845,14654,15472,13685,13821,32767,32767,32767,32767,32767,1596.0,16700.0
1209.0,1148.0,9542,16232,18191,17129,16795,15894,32767,32767,32767,32767,32767,1893.0,16700.0
1231.0,1255.0,10092,16710,19707,18235,17417,15894,32767,32767,32767,32767,32767,2005.0,16700.0
1186.0,1148.0,9542,16710,18191,17129,16795,16585,32767,32767,32767,32767,32767,1819.0,16700.0
1209.0,1121.0,9542,17187,19202,17682,16795,16585,32767,32767,32767,32767,32767,1819.0,16700.0
1074.0,988.0,6789,14800,16170,14919,13063,17276,32767,32767,32767,32767,32767,1151.0,16700.0
1141.0,1041.0,6973,15278,15664,16577,14929,17276,32767,32767,32767,32767,32767,1114.0,16700.0
1298.0,1255.0,10092,18620,21223,19892,19283,18658,32767,32767,32767,32767,32767,1671.0,16700.0
1320.0,1308.0,10459,19097,21223,20445,19283,18658,32767,32767,32767,32767,32767,1782.0,16700.0
1276.0,1308.0,10276,18620,20717,20445,19283,19349,32767,32767,32767,32767,32767,1671.0,16700.0
1320.0,1335.0,10459,19097,21728,19892,18661,19349,32767,32767,32767,32767,32767,1671.0,16700.0
1231.0,1255.0,10826,20052,21728,21550,20527,19349,32767,32767,32767,32767,32767,1745.0,16700.0
1343.0,1362.0,10643,20052,22233,21550,20527,19349,32767,32767,32767,32767,32767,1634.0,16700.0
1343.0,1469.0,11377,20052,22739,21550,19905,19349,32767,32767,32767,32767,32767,1893.0,16700.0
1365.0,1362.0,10826,20052,22739,21550,19283,20040,32767,32767,32767,32767,32767,1745.0,16700.0
1365.0,1362.0,11927,20529,23244,22102,21149,20040,32767,32767,32767,32767,32767,2190.0,16700.0
1343.0,1388.0,11377,20529,23244,21550,21149,20040,32767,32767,32767,32767,32767,1856.0,16700.0
1634.0,1655.0,9175,20529,20717,21550,23015,22114,32767,32767,32767,32767,32767,1559.0,16700.0
1410.0,1442.0,12477,21961,24255,23208,23015,22805,32767,32767,32767,32767,32767,2153.0,16700.0
1410.0,1549.0,13211,22916,26276,25418,24881,22805,32767,32767,32767,32767,32767,2005.0,16700.0
1410.0,1602.0,13028,23394,26276,25418,24259,22805,32767,32767,32767,32767,32767,2005.0,16700.0
1589.0,1762.0,13395,24826,27792,26523,26126,22805,32767,32767,32767,32767,32767,2005.0,16700.0
1477.0,1522.0,11560,22439,25771,24865,24881,23496,32767,32767,32767,32767,32767,1708.0,16700.0
1455.0,1575.0,13578,23871,27792,26523,24881,23496,32767,32767,32767,32767,32767,1856.0,16700.0
1902.0,2136.0,14312,24826,27792,28733,27370,23496,32767,32767,32767,32767,32767,2933.0,16700.0
1432.0,1549.0,13762,25781,29308,28733,28614,24187,32767,32767,32767,32767,32767,1856.0,16700.0
1567.0,1736.0,11927,21961,25265,24865,25503,24878,32767,32767,32767,32767,32767,1893.0,16700.0
1544.0,1549.0,11010,20529,22739,23208,23015,25569,32767,32767,32767,32767,32767,2265.0,16700.0
1858.0,2003.0,14129,27213,30824,32049,31724,27642,32767,32767,32767,32767,32767,2190.0,16700.0
1656.0,1869.0,16514,30555,32767,32767,32346,29715,32767,32767,32767,32767,32767,2302.0,16700.0
1746.0,1842.0,14679,31033,32767,32767,32767,32479,32767,32767,32767,32767,32767,2228.0,16700.0
1925.0,2163.0,16698,31510,32767,32767,32767,32479,32767,32767,32767,32767,32767,2413.0,16700.0
2171.0,2350.0,14312,30555,32767,32049,32767,32767,32767,32767,32767,32767,32767,2450.0,16700.0
3084.0,2897.0,15696,31763,32767,32767,32767,32767,32767,32767,32767,32767,32767,4205.0,16700.0
2314.0,2120.0,13384,25126,25194,18877,19528,13399,32767,32767,32767,32767,32767,3462.0,16800.0
1756.0,1430.0,8132,13665,13997,14796,12635,15313,32767,32767,32767,32767,32767,2845.0,16800.0
1901.0,1627.0,8302,14106,15396,14796,13784,15313,32767,32767,32767,32767,32767,2708.0,16800.0
1674.0,1208.0,8810,14547,14463,15816,14358,15951,32767,32767,32767,32767,32767,2845.0,16800.0
1653.0,1183.0,9657,15869,15396,17346,16081,15951,32767,32767,32767,32767,32767,2742.0,16800.0
1942.0,1578.0,11860,18955,20062,21428,18379,16590,32767,32767,32767,32767,32767,3839.0,16800.0
1715.0,1356.0,7455,14547,16796,15816,14358,17228,32767,32767,32767,32767,32767,2160.0,16800.0
1777.0,1356.0,11351,16751,19129,19387,17230,17228,32767,32767,32767,32767,32767,3976.0,16800.0
1756.0,1405.0,12198,17633,19595,20918,17804,17228,32767,32767,32767,32767,32767,3737.0,16800.0
1963.0,1602.0,11351,17633,20062,19387,17230,17228,32767,32767,32767,32767,32767,4045.0,16800.0
1942.0,1479.0,12029,18514,20995,20408,18953,17228,32767,32767,32767,32767,32767,3976.0,16800.0
1818.0,1381.0,11690,18955,21928,20408,19528,17228,32767,32767,32767,32767,32767,3428.0,16800.0
2232.0,1849.0,12537,20277,21928,21428,20676,17228,32767,32767,32767,32767,32767,4011.0,16800.0
1777.0,1405.0,11182,17192,19129,18877,17804,17866,32767,32767,32767,32767,32767,3497.0,16800.0
1901.0,1528.0,11521,18514,20062,19897,19528,17866,32767,32767,32767,32767,32767,3737.0,16800.0
1777.0,1479.0,11860,18514,21928,21938,21251,17866,32767,32767,32767,32767,32767,3359.0,16800.0
2108.0,1824.0,12198,19396,22395,21938,20676,17866,32767,32767,32767,32767,32767,3702.0,16800.0
1798.0,1479.0,11690,19837,20995,22448,20102,17866,32767,32767,32767,32767,32767,3668.0,16800.0
2128.0,1750.0,12707,20277,22861,21938,20102,17866,32767,32767,32767,32767,32767,3874.0,16800.0
2149.0,1726.0,13723,20718,22861,22959,21251,17866,32767,32767,32767,32767,32767,4319.0,16800.0
2418.0,1997.0,8302,17192,17263,20918,19528,18504,32767,32767,32767,32767,32767,2434.0,16800.0
1942.0,1701.0,10335,17633,18662,19897,18379,18504,32767,32767,32767,32767,32767,3119.0,16800.0
2004.0,1775.0,12029,18514,20995,21428,20102,18504,32767,32767,32767,32767,32767,3359.0,16800.0
1922.0,1602.0,11351,18514,20529,20408,19528,18504,32767,32767,32767,32767,32767,3839.0,16800.0
1922.0,1627.0,11690,18955,20062,19897,19528,18504,32767,32767,32767,32767,32767,3394.0,16800.0
2128.0,1800.0,11182,18955,18662,19897,20676,18504,32767,32767,32767,32767,32767,3394.0,16800.0
1694.0,1307.0,12198,19837,20529,20918,19528,18504,32767,32767,32767,32767,32767,3668.0,16800.0
2190.0,1849.0,13384,20718,22395,22959,21251,18504,32767,32767,32767,32767,32767,3908.0,16800.0
2376.0,2046.0,7963,15429,15863,19387,20102,19142,32767,32767,32767,32767,32767,2674.0,16800.0
1963.0,1602.0,11351,17633,20062,21938,20676,19142,32767,32767,32767,32767,32767,3565.0,16800.0
1839.0,1479.0,11690,20277,23328,22448,21825,19142,32767,32767,32767,32767,32767,3394.0,16800.0
2170.0,2120.0,12876,20718,22395,23469,21825,19142,32767,32767,32767,32767,32767,3394.0,16800.0
2108.0,1676.0,13554,20718,22861,22959,21251,19142,32767,32767,32767,32767,32767,4594.0,16800.0
2066.0,1898.0,11860,21600,22861,23469,22974,19142,32767,32767,32767,32767,32767,3154.0,16800.0
2294.0,2096.0,11182,19396,21462,22448,22974,19780,32767,32767,32767,32767,32767,3428.0,16800.0
2108.0,1676.0,13046,20277,22395,24489,21825,19780,32767,32767,32767,32767,32767,4251.0,16800.0
2108.0,1824.0,12537,20718,22861,22959,21251,19780,32767,32767,32767,32767,32767,3805.0,16800.0
2108.0,1849.0,13215,21600,24728,24999,23548,19780,32767,32767,32767,32767,32767,3634.0,16800.0
2170.0,1800.0,13893,22041,25194,23469,22399,19780,32767,32767,32767,32767,32767,4216.0,16800.0
2170.0,1849.0,13723,20718,23794,24999,22974,21056,32767,32767,32767,32767,32767,3874.0,16800.0
2356.0,1800.0,13554,25126,27527,26020,24697,21056,32767,32767,32767,32767,32767,4079.0,16800.0
2810.0,2539.0,9657,21159,23328,20918,23548,21694,32767,32767,32767,32767,32767,3188.0,16800.0
2356.0,2219.0,12707,24245,26127,27040,25845,21694,32767,32767,32767,32767,32767,3634.0,16800.0
2314.0,2268.0,15079,24686,28460,29591,28717,23608,32767,32767,32767,32767,32767,3565.0,16800.0
2314.0,2169.0,15417,27771,30793,29591,28717,23608,32767,32767,32767,32767,32767,3771.0,16800.0
2066.0,1923.0,15079,26008,29393,28571,27568,24246,32767,32767,32767,32767,32767,3394.0,16800.0
2046.0,1701.0,14740,25567,29393,29081,29866,24884,32767,32767,32767,32767,32767,3976.0,16800.0
1580.0,1335.0,10773,18561,20847,21043,20728,21383,32767,32767,32767,32767,32767,3034.0,16900.0
1634.0,1462.0,11210,19318,21649,21920,21715,21383,32767,32767,32767,32767,32767,3093.0,16900.0
1509.0,1186.0,8298,17803,16838,19728,19741,21931,32767,32767,32767,32767,32767,2739.0,16900.0
1545.0,1165.0,11501,19318,21649,21920,21222,21931,32767,32767,32767,32767,32767,3417.0,16900.0
1545.0,1144.0,12229,19697,21649,22797,21715,21931,32767,32767,32767,32767,32767,3682.0,16900.0
1474.0,1292.0,9754,19697,22451,21043,20728,22480,32767,32767,32767,32767,32767,2504.0,16900.0
1634.0,1313.0,11501,20455,22451,22359,22209,23028,32767,32767,32767,32767,32767,3063.0,16900.0
1456.0,1165.0,10773,19697,21248,21482,22209,24124,32767,32767,32767,32767,32767,3181.0,16900.0
1864.0,1525.0,12666,20455,22451,23674,22702,24124,32767,32767,32767,32767,32767,4330.0,16900.0
1687.0,1462.0,11938,20833,24055,24551,24676,24124,32767,32767,32767,32767,32767,2916.0,16900.0
1634.0,1483.0,12957,22349,24857,24989,25170,24124,32767,32767,32767,32767,32767,2946.0,16900.0
1651.0,1441.0,11647,21212,23253,23674,24183,24673,32767,32767,32767,32767,32767,2887.0,16900.0
1722.0,1335.0,12957,21591,24055,25866,23689,24673,32767,32767,32767,32767,32767,3800.0,16900.0
1527.0,1292.0,12229,22727,24857,25866,26157,25769,32767,32767,32767,32767,32767,2504.0,16900.0
1758.0,1313.0,13103,23864,25658,25866,26157,25769,32767,32767,32767,32767,32767,4301.0,16900.0
1616.0,1292.0,13394,24243,25658,27181,28625,25769,32767,32767,32767,32767,32767,3211.0,16900.0
1598.0,1313.0,12957,23485,25257,26743,27638,26317,32767,32767,32767,32767,32767,3122.0,16900.0
1722.0,1546.0,13103,24243,26460,27620,26650,26866,32767,32767,32767,32767,32767,3122.0,16900.0
1651.0,1504.0,13248,24621,26460,27620,28625,26866,32767,32767,32767,32767,32767,2946.0,16900.0
1900.0,1695.0,14267,24621,26861,29373,27144,27414,32767,32767,32767,32767,32767,4330.0,16900.0
2078.0,1885.0,13394,23485,26059,28058,28625,27962,32767,32767,32767,32767,32767,3329.0,16900.0
1882.0,1568.0,13394,23864,26460,27620,26650,27962,32767,32767,32767,32767,32767,3358.0,16900.0
1793.0,1758.0,13830,25000,28866,28496,28625,28511,32767,32767,32767,32767,32767,2916.0,16900.0
1651.0,1483.0,14413,26137,29667,29373,29612,28511,32767,32767,32767,32767,32767,3122.0,16900.0
1900.0,1822.0,13248,24243,25658,28058,27638,29059,32767,32767,32767,32767,32767,3122.0,16900.0
1811.0,1737.0,12811,25000,27262,28058,28625,29059,32767,32767,32767,32767,32767,2739.0,16900.0
1616.0,1377.0,13830,25758,28064,28935,30105,29059,32767,32767,32767,32767,32767,3388.0,16900.0
1900.0,1483.0,14995,26137,28465,31565,31092,29059,32767,32767,32767,32767,32767,4124.0,16900.0
1918.0,1949.0,13830,27652,29667,29812,30105,29059,32767,32767,32767,32767,32767,2828.0,16900.0
1953.0,1907.0,14704,25758,28866,31127,31092,30155,32767,32767,32767,32767,32767,3063.0,16900.0
1882.0,1779.0,13685,25758,29267,29812,30599,30155,32767,32767,32767,32767,32767,3299.0,16900.0
1989.0,2034.0,15141,27273,30068,31127,32079,30155,32767,32767,32767,32767,32767,3712.0,16900.0
1900.0,1674.0,13830,25379,28064,30250,29118,30704,32767,32767,32767,32767,32767,3005.0,16900.0
2113.0,2161.0,13394,26894,29667,30688,30105,30704,32767,32767,32767,32767,32767,2975.0,16900.0
1669.0,1589.0,13394,27273,28866,30250,30599,30704,32767,32767,32767,32767,32767,2386.0,16900.0
2575.0,2521.0,11356,25379,28465,28935,30105,31252,32767,32767,32767,32767,32767,2887.0,16900.0
2326.0,2436.0,13685,27652,30469,30688,31586,31252,32767,32767,32767,32767,32767,3152.0,16900.0
2113.0,1991.0,15577,28788,31672,32767,32767,31252,32767,32767,32767,32767,32767,3446.0,16900.0
1847.0,1779.0,14267,27273,30469,30688,30105,31800,32767,32767,32767,32767,32767,2798.0,16900.0
1882.0,1652.0,13830,27273,30469,31565,32079,31800,32767,32767,32767,32767,32767,2681.0,16900.0
2024.0,1843.0,14558,27652,30469,31127,30599,31800,32767,32767,32767,32767,32767,3240.0,16900.0
1953.0,1970.0,14558,27652,30068,31565,32573,31800,32767,32767,32767,32767,32767,3446.0,16900.0
1740.0,1864.0,14995,28030,30469,32767,32767,32767,32767,32767,32767,32767,32767,2357.0,16900.0
2149.0,1991.0,15432,29546,32073,32767,32767,32767,32767,32767,32767,32767,32767,3446.0,16900.0
1918.0,1843.0,15141,29546,31271,32767,32767,32767,32767,32767,32767,32767,32767,3005.0,16900.0
1847.0,1928.0,16305,29924,32767,32767,32767,32767,32767,32767,32767,32767,32767,2798.0,16900.0
1900.0,1843.0,15869,30303,32767,32767,32767,32767,32767,32767,32767,32767,32767,2887.0,16900.0
2468.0,2394.0,14267,30682,32767,32767,32767,32767,32767,32767,32767,32767,32767,3388.0,16900.0
1953.0,1737.0,15577,31061,32767,32767,32767,32767,32767,32767,32767,32767,32767,3535.0,16900.0
2131.0,2076.0,16597,31818,32767,32767,32767,32767,32767,32767,32767,32767,32767,3505.0,16900.0
1811.0,1779.0,14995,31818,32767,32767,32767,32767,32767,32767,32767,32767,32767,2857.0,16900.0
2024.0,2288.0,15286,32197,32767,32767,32767,32767,32767,32767,32767,32767,32767,2445.0,16900.0
1776.0,1822.0,17470,32576,32767,32767,32767,32767,32767,32767,32767,32767,32767,3005.0,16900.0
1776.0,1949.0,16451,32576,32767,32767,32767,32767,32767,32767,32767,32767,32767,2592.0,16900.0
2042.0,1907.0,18489,32767,32767,32767,32767,32767,32767,32767,32767,32767,32767,4153.0,16900.0
1882.0,1864.0,17179,32767,32767,32767,32767,32767,32767,32767,32767,32767,32767,2651.0,16900.0
1918.0,2076.0,17907,32767,32767,32767,32767,32767,32767,32767,32767,32767,32767,2592.0,16900.0
1861.0,2220.0,19614,32767,32767,32767,32767,32767,32767,32767,32767,32767,32767,2352.0,16900.0
1953.0,2076.0,15869,32767,32767,32767,32767,32767,32767,32767,32767,32767,32767,2798.0,16900.0
1882.0,1949.0,17179,32767,32767,32767,32767,32767,32767,32767,32767,32767,32767,3093.0,16900.0
1100.0,1009.0,7629,14437,15757,15143,15871,17632,32767,32767,32767,32767,32767,1754.0,17300.0
1015.0,934.0,6762,14888,14325,14620,14695,18285,32767,32767,32767,32767,32767,1158.0,17300.0
1227.0,1110.0,8496,15790,17190,17231,18222,18938,32767,32767,32767,32767,32767,1859.0,17300.0
1248.0,1085.0,8670,16241,17190,16709,17046,18938,32767,32767,32767,32767,32767,2210.0,17300.0
1121.0,1009.0,7456,15339,15280,15665,15871,19591,32767,32767,32767,32767,32767,1263.0,17300.0
1819.0,1968.0,15259,27069,31515,17231,21749,19591,32767,32767,32767,32767,32767,2526.0,17300.0
1100.0,984.0,8150,15339,17190,17231,16459,20244,32767,32767,32767,32767,32767,1789.0,17300.0
1142.0,1060.0,7976,17144,17190,17231,17046,20244,32767,32767,32767,32767,32767,1403.0,17300.0
1163.0,1085.0,9537,18497,20055,18798,19398,20897,32767,32767,32767,32767,32767,1754.0,17300.0
1163.0,1060.0,9017,18497,19577,19320,18222,21550,32767,32767,32767,32767,32767,1719.0,17300.0
1205.0,1135.0,9710,19400,20055,20364,20573,21550,32767,32767,32767,32767,32767,1754.0,17300.0
1227.0,1236.0,9710,18046,20055,18798,18810,22203,32767,32767,32767,32767,32767,1965.0,17300.0
1142.0,1085.0,9710,18046,20532,19320,19985,22203,32767,32767,32767,32767,32767,1509.0,17300.0
1354.0,1211.0,10577,19400,21010,20364,21161,22203,32767,32767,32767,32767,32767,2421.0,17300.0
1269.0,1262.0,9884,19851,21965,21408,21161,22203,32767,32767,32767,32767,32767,1754.0,17300.0
1227.0,1186.0,9537,18948,20055,19842,20573,22856,32767,32767,32767,32767,32767,1789.0,17300.0
1290.0,1312.0,11097,19400,22442,20886,22337,22856,32767,32767,32767,32767,32767,2210.0,17300.0
1248.0,1211.0,10230,19400,20532,20886,20573,22856,32767,32767,32767,32767,32767,1965.0,17300.0
1205.0,1211.0,10057,19400,21487,20364,21161,22856,32767,32767,32767,32767,32767,1824.0,17300.0
1332.0,1236.0,11271,19851,21965,21408,21749,22856,32767,32767,32767,32767,32767,2526.0,17300.0
1269.0,1236.0,10404,19400,21487,20364,21161,23509,32767,32767,32767,32767,32767,1965.0,17300.0
1248.0,1262.0,10230,19400,21487,20886,21749,23509,32767,32767,32767,32767,32767,2035.0,17300.0
1205.0,1135.0,10230,19400,21487,21408,20573,23509,32767,32767,32767,32767,32767,1895.0,17300.0
1290.0,1337.0,10404,19851,22442,21408,23512,23509,32767,32767,32767,32767,32767,1859.0,17300.0
1311.0,1337.0,10057,19400,22442,21931,22337,24162,32767,32767,32767,32767,32767,1684.0,17300.0
1227.0,1236.0,10924,19851,22442,21408,22337,24162,32767,32767,32767,32767,32767,2000.0,17300.0
1269.0,1287.0,10751,20302,22920,21408,22337,24162,32767,32767,32767,32767,32767,1930.0,17300.0
1311.0,1236.0,10404,20302,21965,21408,22337,24162,32767,32767,32767,32767,32767,2245.0,17300.0
1396.0,1539.0,11097,20302,22442,21931,22337,24162,32767,32767,32767,32767,32767,2070.0,17300.0
1396.0,1489.0,11444,22106,23397,22453,22925,24162,32767,32767,32767,32767,32767,2070.0,17300.0
1417.0,1287.0,10924,19851,21965,21408,22337,24815,32767,32767,32767,32767,32767,2596.0,17300.0
1311.0,1287.0,10751,20302,22442,21408,22337,24815,32767,32767,32767,32767,32767,2000.0,17300.0
1375.0,1388.0,11097,20753,23397,21931,22925,24815,32767,32767,32767,32767,32767,1965.0,17300.0
1332.0,1312.0,11271,20753,23875,22453,23512,24815,32767,32767,32767,32767,32767,2000.0,17300.0
1354.0,1438.0,11791,20753,22920,22975,22925,24815,32767,32767,32767,32767,32767,2210.0,17300.0
1311.0,1312.0,11444,20753,22920,21931,22925,24815,32767,32767,32767,32767,32767,2140.0,17300.0
1375.0,1388.0,11271,21204,23875,22453,23512,24815,32767,32767,32767,32767,32767,2175.0,17300.0
1332.0,1362.0,10577,21204,22920,22453,22925,24815,32767,32767,32767,32767,32767,1684.0,17300.0
1311.0,1362.0,11444,21655,23875,22453,23512,24815,32767,32767,32767,32767,32767,2000.0,17300.0
1417.0,1489.0,11791,22106,24830,24019,25276,24815,32767,32767,32767,32767,32767,2421.0,17300.0
1354.0,1413.0,10751,22106,24352,24019,24688,24815,32767,32767,32767,32767,32767,1649.0,17300.0
1480.0,1690.0,12658,23911,26740,26108,27039,24815,32767,32767,32767,32767,32767,2000.0,17300.0
1502.0,1564.0,10924,19851,21487,21408,23512,25468,32767,32767,32767,32767,32767,2245.0,17300.0
1459.0,1413.0,10230,20302,21965,22453,23512,25468,32767,32767,32767,32767,32767,1859.0,17300.0
1290.0,1236.0,11097,20753,23397,22975,24100,25468,32767,32767,32767,32767,32767,2210.0,17300.0
1438.0,1489.0,11964,20753,23397,23497,24100,25468,32767,32767,32767,32767,32767,2561.0,17300.0
1438.0,1539.0,11271,20753,23875,21931,23512,25468,32767,32767,32767,32767,32767,2140.0,17300.0
1227.0,1236.0,10577,20753,23397,22975,23512,25468,32767,32767,32767,32767,32767,1474.0,17300.0
1290.0,1312.0,11617,21204,23397,22975,24100,25468,32767,32767,32767,32767,32767,2070.0,17300.0
1396.0,1539.0,11617,21655,23397,22975,24100,25468,32767,32767,32767,32767,32767,2245.0,17300.0
1438.0,1489.0,11097,21655,24830,22975,24688,25468,32767,32767,32767,32767,32767,1859.0,17300.0
1332.0,1287.0,10577,21655,22920,23497,24100,25468,32767,32767,32767,32767,32767,1719.0,17300.0
1332.0,1388.0,11791,22106,23875,23497,25276,25468,32767,32767,32767,32767,32767,1930.0,17300.0
1375.0,1514.0,11964,22106,25785,23497,25276,25468,32767,32767,32767,32767,32767,1930.0,17300.0
1354.0,1463.0,12138,23009,25307,25063,25276,25468,32767,32767,32767,32767,32767,1789.0,17300.0
1459.0,1564.0,12484,24813,26262,26108,27039,25468,32767,32767,32767,32767,32767,1930.0,17300.0
1396.0,1388.0,11791,20753,23397,21931,23512,26121,32767,32767,32767,32767,32767,2316.0,17300.0
1290.0,1362.0,11964,21655,24830,25063,25864,26121,32767,32767,32767,32767,32767,2280.0,17300.0
1438.0,1539.0,11617,22106,24352,24019,24100,26121,32767,32767,32767,32767,32767,2175.0,17300.0
1269.0,1362.0,10924,22558,25307,24019,25276,26121,32767,32767,32767,32767,32767,1719.0,17300.0
1396.0,1463.0,11964,23009,25307,24019,24688,26121,32767,32767,32767,32767,32767,2070.0,17300.0
1523.0,1791.0,13178,23460,26262,26108,27039,26121,32767,32767,32767,32767,32767,2245.0,17300.0
1417.0,1514.0,12138,23460,25307,25586,25276,26121,32767,32767,32767,32767,32767,2000.0,17300.0
1459.0,1665.0,12658,23460,26740,26108,26451,26121,32767,32767,32767,32767,32767,2035.0,17300.0
1459.0,1590.0,12658,23911,27217,26108,27039,26121,32767,32767,32767,32767,32767,1930.0,17300.0
1544.0,1817.0,12658,23911,27217,26108,27039,26121,32767,32767,32767,32767,32767,2105.0,17300.0
1459.0,1615.0,12658,23911,27217,26108,27039,26121,32767,32767,32767,32767,32767,1895.0,17300.0
1417.0,1564.0,12658,24362,27217,25586,27627,26121,32767,32767,32767,32767,32767,1930.0,17300.0
1502.0,1615.0,12831,24362,27217,26108,25864,26121,32767,32767,32767,32767,32767,2280.0,17300.0
1248.0,1186.0,10751,22106,24352,24541,25276,26774,32767,32767,32767,32767,32767,1474.0,17300.0
1354.0,1413.0,12311,22558,25785,24541,25276,26774,32767,32767,32767,32767,32767,2245.0,17300.0
1438.0,1590.0,11964,22558,25785,25063,25276,26774,32767,32767,32767,32767,32767,2175.0,17300.0
1480.0,1590.0,12831,23911,27217,25586,26451,26774,32767,32767,32767,32767,32767,2351.0,17300.0
1354.0,1438.0,12831,23911,27217,26630,26451,26774,32767,32767,32767,32767,32767,2245.0,17300.0
1438.0,1564.0,12484,23911,26740,25586,26451,26774,32767,32767,32767,32767,32767,1895.0,17300.0
1438.0,1590.0,12311,24362,27217,25586,27039,26774,32767,32767,32767,32767,32767,1895.0,17300.0
1502.0,1741.0,13178,24362,27217,26630,26451,26774,32767,32767,32767,32767,32767,2105.0,17300.0
1480.0,1665.0,12831,24362,27217,26108,26451,26774,32767,32767,32767,32767,32767,2070.0,17300.0
1459.0,1590.0,12831,24362,27217,27152,27039,26774,32767,32767,32767,32767,32767,1895.0,17300.0
1438.0,1665.0,13005,24362,27695,26630,27627,26774,32767,32767,32767,32767,32767,2000.0,17300.0
1417.0,1539.0,12658,24362,27217,26630,27039,26774,32767,32767,32767,32767,32767,1859.0,17300.0
1438.0,1690.0,12831,24813,27217,26108,26451,26774,32767,32767,32767,32767,32767,2070.0,17300.0
1502.0,1791.0,13698,24813,28650,26630,27627,26774,32767,32767,32767,32767,32767,2210.0,17300.0
1502.0,1741.0,13351,24813,27217,26108,27039,26774,32767,32767,32767,32767,32767,2210.0,17300.0
1523.0,1716.0,13178,24813,27217,26630,28215,26774,32767,32767,32767,32767,32767,2070.0,17300.0
1523.0,1766.0,13351,24813,27695,25586,25864,26774,32767,32767,32767,32767,32767,2245.0,17300.0
1459.0,1463.0,11271,22558,25307,25063,26451,27427,32767,32767,32767,32767,32767,1754.0,17300.0
1332.0,1489.0,12138,22558,25785,25063,25864,27427,32767,32767,32767,32767,32767,1930.0,17300.0
1523.0,1640.0,12311,23009,24830,24541,27039,27427,32767,32767,32767,32767,32767,2280.0,17300.0
1375.0,1539.0,11617,23009,24830,24541,26451,27427,32767,32767,32767,32767,32767,2105.0,17300.0
1544.0,1766.0,12311,23460,26262,24541,28215,27427,32767,32767,32767,32767,32767,2245.0,17300.0
1459.0,1564.0,12658,23460,25785,25063,26451,27427,32767,32767,32767,32767,32767,2245.0,17300.0
1438.0,1615.0,13005,23911,27217,26108,27039,27427,32767,32767,32767,32767,32767,1930.0,17300.0
1354.0,1489.0,12138,23911,26262,25586,26451,27427,32767,32767,32767,32767,32767,1930.0,17300.0
1502.0,1665.0,12831,23911,26740,25586,26451,27427,32767,32767,32767,32767,32767,2210.0,17300.0
1417.0,1539.0,13005,24362,27217,27152,27627,27427,32767,32767,32767,32767,32767,1824.0,17300.0
1523.0,1741.0,13525,24813,27695,26108,27039,27427,32767,32767,32767,32767,32767,2140.0,17300.0
1544.0,1791.0,13525,24813,28650,27674,28803,27427,32767,32767,32767,32767,32767,2210.0,17300.0
1565.0,1817.0,12831,24813,28172,27674,27627,27427,32767,32767,32767,32767,32767,2070.0,17300.0
1480.0,1741.0,13178,24813,27695,26630,27039,27427,32767,32767,32767,32767,32767,2070.0,17300.0
1565.0,1842.0,13525,24813,27695,27152,27627,27427,32767,32767,32767,32767,32767,2210.0,17300.0
1459.0,1741.0,13525,25265,27695,26630,27627,27427,32767,32767,32767,32767,32767,2105.0,17300.0
1375.0,1514.0,13178,25265,28650,27152,27627,27427,32767,32767,32767,32767,32767,2035.0,17300.0
1586.0,1766.0,14045,25265,28172,26630,28803,27427,32767,32767,32767,32767,32767,2561.0,17300.0
1480.0,1741.0,13872,25716,28650,27152,28215,27427,32767,32767,32767,32767,32767,2105.0,17300.0
1417.0,1539.0,13178,25716,28172,27674,28803,27427,32767,32767,32767,32767,32767,1895.0,17300.0
1523.0,1766.0,13525,25716,28172,26630,27627,27427,32767,32767,32767,32767,32767,2105.0,17300.0
1523.0,1791.0,13872,25716,28172,27152,27039,27427,32767,32767,32767,32767,32767,2210.0,17300.0
1480.0,1564.0,11271,23009,25785,25586,27627,28080,32767,32767,32767,32767,32767,2105.0,17300.0
1586.0,1690.0,12138,23460,26262,26630,26451,28080,32767,32767,32767,32767,32767,2105.0,17300.0
1459.0,1590.0,11617,23460,27217,27674,27627,28080,32767,32767,32767,32767,32767,2000.0,17300.0
1480.0,1615.0,12484,23911,27217,26630,27039,28080,32767,32767,32767,32767,32767,1965.0,17300.0
1396.0,1463.0,13005,23911,27695,26108,27627,28080,32767,32767,32767,32767,32767,2175.0,17300.0
1544.0,1716.0,12311,24362,27217,26108,27039,28080,32767,32767,32767,32767,32767,2070.0,17300.0
1417.0,1539.0,13005,24813,27695,26630,28803,28080,32767,32767,32767,32767,32767,2070.0,17300.0
1523.0,1741.0,13351,24813,28172,26108,28803,28080,32767,32767,32767,32767,32767,2140.0,17300.0
1502.0,1716.0,13525,25265,28650,27674,28803,28080,32767,32767,32767,32767,32767,1930.0,17300.0
1438.0,1665.0,13178,25265,27695,27674,28215,28080,32767,32767,32767,32767,32767,2035.0,17300.0
1502.0,1564.0,12831,25265,28172,27152,27627,28080,32767,32767,32767,32767,32767,2000.0,17300.0
1607.0,1842.0,13525,25265,28650,27152,28215,28080,32767,32767,32767,32767,32767,2175.0,17300.0
1713.0,2145.0,13872,25716,28650,28196,28803,28080,32767,32767,32767,32767,32767,2561.0,17300.0
1544.0,1690.0,13698,25716,28172,27152,27627,28080,32767,32767,32767,32767,32767,2140.0,17300.0
1502.0,1690.0,13178,26167,29127,27674,28215,28080,32767,32767,32767,32767,32767,2035.0,17300.0
1438.0,1564.0,13178,26167,29127,28196,28803,28080,32767,32767,32767,32767,32767,1824.0,17300.0
1459.0,1690.0,13872,26167,29605,28196,28215,28080,32767,32767,32767,32767,32767,2000.0,17300.0
1480.0,1590.0,13351,23009,25785,26108,27627,28733,32767,32767,32767,32767,32767,2561.0,17300.0
1459.0,1665.0,12658,23911,27217,26108,27627,28733,32767,32767,32767,32767,32767,2070.0,17300.0
1502.0,1640.0,12138,23911,27695,27152,27627,28733,32767,32767,32767,32767,32767,2000.0,17300.0
1480.0,1489.0,12831,23911,27695,27152,28803,28733,32767,32767,32767,32767,32767,2140.0,17300.0
1480.0,1590.0,12311,24362,28650,27674,28215,28733,32767,32767,32767,32767,32767,1930.0,17300.0
1544.0,1741.0,12831,24362,27217,26630,27627,28733,32767,32767,32767,32767,32767,2070.0,17300.0
1459.0,1665.0,12831,24362,26740,26108,26451,28733,32767,32767,32767,32767,32767,2210.0,17300.0
1628.0,1716.0,13698,24362,27217,27674,28803,28733,32767,32767,32767,32767,32767,2666.0,17300.0
1586.0,1690.0,12484,24362,27217,27152,28803,28733,32767,32767,32767,32767,32767,2105.0,17300.0
1586.0,1842.0,13178,24362,27695,26630,27627,28733,32767,32767,32767,32767,32767,2386.0,17300.0
1502.0,1741.0,13525,24362,28172,26630,28215,28733,32767,32767,32767,32767,32767,2316.0,17300.0
1523.0,1690.0,13005,24362,27217,26108,28215,28733,32767,32767,32767,32767,32767,2140.0,17300.0
1628.0,1741.0,12484,24813,27217,27152,27627,28733,32767,32767,32767,32767,32767,2245.0,17300.0
1523.0,1766.0,13872,25265,29127,27152,28803,28733,32767,32767,32767,32767,32767,2210.0,17300.0
1523.0,1716.0,13178,25265,27695,26630,28215,28733,32767,32767,32767,32767,32767,2035.0,17300.0
1565.0,1716.0,13178,25265,29127,28196,29390,28733,32767,32767,32767,32767,32767,1965.0,17300.0
1502.0,1640.0,13005,25716,29127,27674,29390,28733,32767,32767,32767,32767,32767,1895.0,17300.0
1607.0,1918.0,13698,25716,28650,26630,27627,28733,32767,32767,32767,32767,32767,2491.0,17300.0
1502.0,1716.0,13525,26167,28172,26630,28215,28733,32767,32767,32767,32767,32767,2000.0,17300.0
1607.0,1791.0,13872,26618,29127,28719,29978,28733,32767,32767,32767,32767,32767,2210.0,17300.0
1480.0,1590.0,13698,27069,29605,29763,30566,28733,32767,32767,32767,32767,32767,1965.0,17300.0
1628.0,1867.0,14045,27069,29605,29241,29390,28733,32767,32767,32767,32767,32767,2316.0,17300.0
1607.0,1892.0,14565,27069,30560,29241,30566,28733,32767,32767,32767,32767,32767,2351.0,17300.0
1459.0,1564.0,12658,23460,26262,25586,27627,29386,32767,32767,32767,32767,32767,2245.0,17300.0
1692.0,1791.0,13178,24362,28172,26630,28215,29386,32767,32767,32767,32767,32767,2491.0,17300.0
1523.0,1590.0,12831,24362,26740,27152,29978,29386,32767,32767,32767,32767,32767,2701.0,17300.0
1502.0,1690.0,13005,24813,27217,26630,27627,29386,32767,32767,32767,32767,32767,2140.0,17300.0
1438.0,1590.0,13005,24813,27695,26630,28215,29386,32767,32767,32767,32767,32767,2245.0,17300.0
1523.0,1766.0,13698,25265,28172,27674,29978,29386,32767,32767,32767,32767,32767,2245.0,17300.0
1586.0,1741.0,13525,25265,28650,28196,28803,29386,32767,32767,32767,32767,32767,2456.0,17300.0
1502.0,1640.0,13351,25265,29127,27152,28803,29386,32767,32767,32767,32767,32767,2035.0,17300.0
1438.0,1640.0,13698,25716,29605,27674,27627,29386,32767,32767,32767,32767,32767,1965.0,17300.0
1607.0,1817.0,13178,25716,28650,27152,28215,29386,32767,32767,32767,32767,32767,2245.0,17300.0
1502.0,1690.0,13351,25716,28172,27674,28803,29386,32767,32767,32767,32767,32767,1930.0,17300.0
1586.0,1817.0,14392,26167,29605,29241,30566,29386,32767,32767,32767,32767,32767,2210.0,17300.0
1375.0,1337.0,12831,26167,28172,28196,29390,29386,32767,32767,32767,32767,32767,1719.0,17300.0
1713.0,1943.0,14392,26618,29605,29241,31154,29386,32767,32767,32767,32767,32767,2316.0,17300.0
1544.0,1766.0,14392,26618,30560,28719,30566,29386,32767,32767,32767,32767,32767,2140.0,17300.0
1544.0,1716.0,13872,26618,30082,29241,29390,29386,32767,32767,32767,32767,32767,2000.0,17300.0
1544.0,1741.0,14218,27069,29605,29241,29978,29386,32767,32767,32767,32767,32767,2105.0,17300.0
1523.0,1665.0,13698,27520,29605,30285,31154,29386,32767,32767,32767,32767,32767,1965.0,17300.0
1819.0,1791.0,11964,23911,26740,24541,27627,30039,32767,32767,32767,32767,32767,2175.0,17300.0
1650.0,1867.0,13351,24813,28172,27152,28803,30039,32767,32767,32767,32767,32767,2245.0,17300.0
1480.0,1615.0,12831,25265,29605,28719,31154,30039,32767,32767,32767,32767,32767,1895.0,17300.0
1692.0,1892.0,13005,25265,29605,28719,30566,30039,32767,32767,32767,32767,32767,2561.0,17300.0
1396.0,1564.0,13698,25716,28172,28719,29978,30039,32767,32767,32767,32767,32767,2351.0,17300.0
1417.0,1564.0,13005,25716,29127,28196,28803,30039,32767,32767,32767,32767,32767,1789.0,17300.0
1607.0,1943.0,13698,25716,29127,28196,28803,30039,32767,32767,32767,32767,32767,2491.0,17300.0
1713.0,1791.0,13525,25716,28172,28196,29978,30039,32767,32767,32767,32767,32767,2772.0,17300.0
1565.0,1716.0,13178,26167,29127,28719,30566,30039,32767,32767,32767,32767,32767,2000.0,17300.0
1523.0,1665.0,13698,26167,29605,29241,29390,30039,32767,32767,32767,32767,32767,2210.0,17300.0
1650.0,1968.0,14739,26167,30082,29241,30566,30039,32767,32767,32767,32767,32767,2386.0,17300.0
1565.0,1791.0,14392,26618,31037,29763,31154,30039,32767,32767,32767,32767,32767,2070.0,17300.0
1607.0,1943.0,14218,27069,29127,28196,29390,30039,32767,32767,32767,32767,32767,2386.0,17300.0
1523.0,1741.0,13525,27520,29605,28196,29390,30039,32767,32767,32767,32767,32767,2035.0,17300.0
1565.0,1842.0,13698,27520,30560,29241,30566,30039,32767,32767,32767,32767,32767,2000.0,17300.0
1544.0,1690.0,14045,27971,31515,29241,30566,30039,32767,32767,32767,32767,32767,2035.0,17300.0
1480.0,1564.0,13872,27971,30560,30285,31742,30039,32767,32767,32767,32767,32767,1754.0,17300.0
1417.0,1539.0,13872,24813,29605,29763,29390,30692,32767,32767,32767,32767,32767,2035.0,17300.0
1375.0,1564.0,13351,24813,28650,28196,29390,30692,32767,32767,32767,32767,32767,2140.0,17300.0
1628.0,1716.0,13178,25265,28172,26630,27627,30692,32767,32767,32767,32767,32767,2245.0,17300.0
1438.0,1590.0,12831,25716,28172,28196,29978,30692,32767,32767,32767,32767,32767,2070.0,17300.0
1523.0,1615.0,13525,26167,28650,28196,29978,30692,32767,32767,32767,32767,32767,2210.0,17300.0
1502.0,1817.0,14392,26618,30082,28719,29978,30692,32767,32767,32767,32767,32767,2351.0,17300.0
1523.0,1690.0,13351,26618,30082,29241,30566,30692,32767,32767,32767,32767,32767,1895.0,17300.0
1438.0,1615.0,13351,26618,29605,28196,30566,30692,32767,32767,32767,32767,32767,1930.0,17300.0
1628.0,1716.0,14565,26618,30082,29763,31742,30692,32767,32767,32767,32767,32767,2982.0,17300.0
1819.0,2119.0,14045,26618,31992,29763,31154,30692,32767,32767,32767,32767,32767,2421.0,17300.0
1713.0,1918.0,13872,27520,30082,30285,30566,30692,32767,32767,32767,32767,32767,2245.0,17300.0
1607.0,1918.0,14739,27520,31515,30807,32329,30692,32767,32767,32767,32767,32767,2316.0,17300.0
1607.0,1766.0,14739,27971,31515,30807,32329,30692,32767,32767,32767,32767,32767,2175.0,17300.0
1565.0,1892.0,14912,27971,31515,30285,30566,30692,32767,32767,32767,32767,32767,2351.0,17300.0
1650.0,1892.0,14392,27971,31037,29241,30566,30692,32767,32767,32767,32767,32767,2245.0,17300.0
1523.0,1665.0,14045,28423,31037,30285,31154,30692,32767,32767,32767,32767,32767,1930.0,17300.0
1544.0,1690.0,13872,26618,31515,30807,31154,31345,32767,32767,32767,32767,32767,2035.0,17300.0
1523.0,1791.0,15085,27069,30560,29763,31742,31345,32767,32767,32767,32767,32767,2386.0,17300.0
1628.0,1867.0,14392,27520,30560,29241,31742,31345,32767,32767,32767,32767,32767,2175.0,17300.0
1607.0,1892.0,15606,28423,32470,32767,32767,31345,32767,32767,32767,32767,32767,2351.0,17300.0
1650.0,1817.0,14739,28423,32470,31851,32329,31345,32767,32767,32767,32767,32767,2000.0,17300.0
1650.0,1993.0,15432,28874,32470,30285,32329,31345,32767,32767,32767,32767,32767,2386.0,17300.0
1967.0,2246.0,15606,29325,32767,32767,32767,31345,32767,32767,32767,32767,32767,2877.0,17300.0
1713.0,2145.0,14218,25716,29127,28196,30566,31998,32767,32767,32767,32767,32767,2772.0,17300.0
2009.0,2397.0,13698,26618,29605,28719,31742,31998,32767,32767,32767,32767,32767,2842.0,17300.0
1777.0,2094.0,15606,27069,30560,31851,32329,31998,32767,32767,32767,32767,32767,2666.0,17300.0
1777.0,2119.0,13525,27520,29605,28196,31742,31998,32767,32767,32767,32767,32767,2421.0,17300.0
1713.0,2019.0,14739,27520,31037,29763,32329,31998,32767,32767,32767,32767,32767,2456.0,17300.0
1628.0,1943.0,14218,27971,31515,30807,32329,31998,32767,32767,32767,32767,32767,2175.0,17300.0
1734.0,1993.0,14565,28423,31515,31329,32329,31998,32767,32767,32767,32767,32767,2316.0,17300.0
1840.0,2094.0,14739,29776,32767,32767,32767,31998,32767,32767,32767,32767,32767,2386.0,17300.0
1628.0,1766.0,15259,30678,32767,32767,32767,31998,32767,32767,32767,32767,32767,1965.0,17300.0
1713.0,1918.0,15432,28874,32767,31329,32767,32651,32767,32767,32767,32767,32767,2351.0,17300.0
1671.0,1716.0,14218,29776,31992,32374,32767,32651,32767,32767,32767,32767,32767,2561.0,17300.0
1734.0,2069.0,16819,30227,32767,31851,32767,32651,32767,32767,32767,32767,32767,2701.0,17300.0
1417.0,1362.0,13178,26618,30560,31329,32767,32767,32767,32767,32767,32767,32767,1965.0,17300.0
2199.0,2347.0,14218,27971,31992,30807,32767,32767,32767,32767,32767,32767,32767,2526.0,17300.0
1671.0,1892.0,14045,28423,31992,31851,32767,32767,32767,32767,32767,32767,32767,2035.0,17300.0
1861.0,2145.0,14392,28423,31515,31329,32767,32767,32767,32767,32767,32767,32767,2386.0,17300.0
1544.0,1766.0,14565,28874,31992,29763,31154,32767,32767,32767,32767,32767,32767,2105.0,17300.0
1671.0,1842.0,14912,28874,32767,32374,32767,32767,32767,32767,32767,32767,32767,2245.0,17300.0
1861.0,2271.0,14912,28874,31515,32374,32767,32767,32767,32767,32767,32767,32767,2421.0,17300.0
1671.0,2094.0,15259,28874,32767,32767,32767,32767,32767,32767,32767,32767,32767,2421.0,17300.0
1777.0,1817.0,14045,29776,31992,30285,31742,32767,32767,32767,32767,32767,32767,2210.0,17300.0
1798.0,2170.0,15085,29776,32767,32767,32767,32767,32767,32767,32767,32767,32767,2386.0,17300.0
1819.0,2220.0,15952,29776,32767,32767,32767,32767,32767,32767,32767,32767,32767,3017.0,17300.0
1798.0,2069.0,16299,30227,32767,32767,32767,32767,32767,32767,32767,32767,32767,2701.0,17300.0
1840.0,2170.0,15085,30227,32767,32767,32767,32767,32767,32767,32767,32767,32767,2386.0,17300.0
1565.0,1918.0,15952,30678,32767,32767,32767,32767,32767,32767,32767,32767,32767,2526.0,17300.0
1861.0,2220.0,16126,30678,32767,32767,32767,32767,32767,32767,32767,32767,32767,2666.0,17300.0
1861.0,2246.0,16126,31130,32767,32767,32767,32767,32767,32767,32767,32767,32767,3087.0,17300.0
1967.0,2195.0,14565,31130,32767,32767,32767,32767,32767,32767,32767,32767,32767,2526.0,17300.0
1967.0,2271.0,15606,31581,32767,32767,32767,32767,32767,32767,32767,32767,32767,2561.0,17300.0
1671.0,1993.0,16473,32032,32767,32767,32767,32767,32767,32767,32767,32767,32767,2386.0,17300.0
1882.0,2044.0,16299,32483,32767,32767,32767,32767,32767,32767,32767,32767,32767,2561.0,17300.0
1882.0,2195.0,17340,32767,32767,32767,32767,32767,32767,32767,32767,32767,32767,2807.0,17300.0
1734.0,1892.0,17340,32767,32767,32767,32767,32767,32767,32767,32767,32767,32767,2140.0,17300.0
1692.0,1918.0,17860,32767,32767,32767,32767,32767,32767,32767,32767,32767,32767,2175.0,17300.0
1946.0,2119.0,16299,32767,32767,32767,32767,32767,32767,32767,32767,32767,32767,2491.0,17300.0
2051.0,2296.0,14565,32767,32767,32767,32767,32767,32767,32767,32767,32767,32767,2316.0,17300.0
1188.0,888.0,8429,13235,14007,14004,13302,14230,32767,32767,32767,32767,32767,2705.0,17500.0
1507.0,1142.0,7121,13235,14007,14880,12809,14778,32767,32767,32767,32767,32767,2147.0,17500.0
1170.0,888.0,7993,13235,13607,14442,13795,14778,32767,32767,32767,32767,32767,2617.0,17500.0
1205.0,867.0,9010,13235,15208,14880,13302,14778,32767,32767,32767,32767,32767,2882.0,17500.0
1205.0,846.0,8865,13613,14408,14442,13302,14778,32767,32767,32767,32767,32767,2970.0,17500.0
1259.0,952.0,8574,13991,14808,15755,15765,14778,32767,32767,32767,32767,32767,3146.0,17500.0
1223.0,888.0,9301,13991,15608,15317,14780,14778,32767,32767,32767,32767,32767,3058.0,17500.0
1294.0,1079.0,8865,14369,16008,15755,14780,14778,32767,32767,32767,32767,32767,2411.0,17500.0
1259.0,909.0,9446,14747,16409,15755,14287,14778,32767,32767,32767,32767,32767,3205.0,17500.0
1241.0,888.0,8138,13235,14408,13567,13302,15325,32767,32767,32767,32767,32767,3264.0,17500.0
1259.0,952.0,9156,13991,14808,15317,15765,15325,32767,32767,32767,32767,32767,2882.0,17500.0
1276.0,930.0,9010,14369,15208,15317,14287,15325,32767,32767,32767,32767,32767,3235.0,17500.0
1259.0,930.0,9882,15503,16008,15755,15273,15325,32767,32767,32767,32767,32767,3323.0,17500.0
1329.0,909.0,10609,15881,17609,17068,15765,15325,32767,32767,32767,32767,32767,3646.0,17500.0
1329.0,994.0,10900,15881,18410,17943,17243,15325,32767,32767,32767,32767,32767,3558.0,17500.0
1117.0,952.0,6976,13235,14808,14880,15273,15872,32767,32767,32767,32767,32767,1735.0,17500.0
1223.0,846.0,9010,14369,15608,15317,14780,15872,32767,32767,32767,32767,32767,3705.0,17500.0
1365.0,909.0,9592,14747,16409,16630,15273,15872,32767,32767,32767,32767,32767,3411.0,17500.0
1294.0,952.0,9882,14747,16409,15317,15273,15872,32767,32767,32767,32767,32767,3440.0,17500.0
1383.0,1036.0,9737,16260,17209,17506,16258,15872,32767,32767,32767,32767,32767,3058.0,17500.0
1347.0,973.0,9446,14747,16809,16630,15273,16420,32767,32767,32767,32767,32767,2911.0,17500.0
1312.0,930.0,9592,15125,16409,17068,15273,16420,32767,32767,32767,32767,32767,3146.0,17500.0
1241.0,930.0,9010,15125,17209,16193,16258,16420,32767,32767,32767,32767,32767,3146.0,17500.0
1400.0,909.0,10173,15125,17209,17068,15273,16420,32767,32767,32767,32767,32767,3676.0,17500.0
1347.0,1015.0,10028,15503,17209,16630,16258,16420,32767,32767,32767,32767,32767,3411.0,17500.0
1347.0,994.0,9737,15503,16809,17068,16258,16420,32767,32767,32767,32767,32767,2882.0,17500.0
1312.0,1015.0,9446,15503,16809,16193,16258,16420,32767,32767,32767,32767,32767,3205.0,17500.0
1329.0,1057.0,10173,16260,18410,18381,17243,16420,32767,32767,32767,32767,32767,2911.0,17500.0
1259.0,930.0,9737,16260,18010,18819,17243,16420,32767,32767,32767,32767,32767,3058.0,17500.0
1276.0,952.0,9010,15125,16008,16193,15765,16967,32767,32767,32767,32767,32767,2970.0,17500.0
1294.0,994.0,9592,15503,16809,16193,16258,16967,32767,32767,32767,32767,32767,3146.0,17500.0
1294.0,952.0,9446,15503,16809,16630,16258,16967,32767,32767,32767,32767,32767,2852.0,17500.0
1294.0,1036.0,9010,15503,16409,16630,16258,16967,32767,32767,32767,32767,32767,2882.0,17500.0
1702.0,1353.0,10754,16260,18410,18819,17736,16967,32767,32767,32767,32767,32767,3470.0,17500.0
1294.0,994.0,10173,16638,18010,18381,16751,16967,32767,32767,32767,32767,32767,3205.0,17500.0
1507.0,1163.0,10028,16638,18810,17506,16751,16967,32767,32767,32767,32767,32767,3440.0,17500.0
1223.0,994.0,8284,15503,17209,17068,16751,17514,32767,32767,32767,32767,32767,2176.0,17500.0
1312.0,1184.0,9301,16638,18010,17943,18229,17514,32767,32767,32767,32767,32767,2441.0,17500.0
1329.0,1015.0,9737,16638,18010,17506,17243,17514,32767,32767,32767,32767,32767,2852.0,17500.0
1365.0,1036.0,11190,17394,19210,19694,18229,17514,32767,32767,32767,32767,32767,3440.0,17500.0
1400.0,1142.0,11481,17394,19610,19256,18229,17514,32767,32767,32767,32767,32767,3411.0,17500.0
1365.0,1121.0,11772,18906,20811,21007,19214,17514,32767,32767,32767,32767,32767,3146.0,17500.0
1241.0,994.0,9156,15503,17209,17506,16751,18062,32767,32767,32767,32767,32767,2705.0,17500.0
1294.0,1057.0,9592,16260,18010,17506,18229,18062,32767,32767,32767,32767,32767,2646.0,17500.0
1400.0,1353.0,8574,17394,18810,18819,19707,18062,32767,32767,32767,32767,32767,1970.0,17500.0
1205.0,846.0,10318,17772,19210,20131,19707,18062,32767,32767,32767,32767,32767,2911.0,17500.0
1347.0,1015.0,11190,17772,20811,19694,19214,18062,32767,32767,32767,32767,32767,3146.0,17500.0
1365.0,1079.0,10609,17772,19610,18819,18229,18062,32767,32767,32767,32767,32767,2911.0,17500.0
1400.0,1015.0,11481,18906,20411,21007,19707,18062,32767,32767,32767,32767,32767,3470.0,17500.0
1188.0,952.0,8429,15881,18010,17068,18721,18609,32767,32767,32767,32767,32767,2352.0,17500.0
1223.0,1057.0,8720,16638,19210,17943,18229,18609,32767,32767,32767,32767,32767,2058.0,17500.0
1365.0,1100.0,11045,17394,19210,19256,18229,18609,32767,32767,32767,32767,32767,3058.0,17500.0
1329.0,1100.0,9737,17394,18810,18381,17736,18609,32767,32767,32767,32767,32767,2352.0,17500.0
1312.0,1142.0,10028,17772,19610,19256,19214,18609,32767,32767,32767,32767,32767,2617.0,17500.0
1400.0,1163.0,11045,18150,20811,20131,19707,18609,32767,32767,32767,32767,32767,2882.0,17500.0
1294.0,1036.0,9301,16638,18010,17506,17736,19156,32767,32767,32767,32767,32767,2352.0,17500.0
1365.0,1227.0,10318,17016,27214,18819,20199,19156,32767,32767,32767,32767,32767,3176.0,17500.0
1365.0,1121.0,10318,17394,19210,19256,18721,19156,32767,32767,32767,32767,32767,2705.0,17500.0
1329.0,1057.0,10754,17394,19610,18819,19214,19156,32767,32767,32767,32767,32767,3382.0,17500.0
1418.0,1205.0,10464,17772,19210,19256,19707,19156,32767,32767,32767,32767,32767,2941.0,17500.0
1294.0,1184.0,8720,16260,18810,18381,19707,19704,32767,32767,32767,32767,32767,1970.0,17500.0
1152.0,888.0,8720,16638,18410,18381,17736,19704,32767,32767,32767,32767,32767,1970.0,17500.0
1170.0,994.0,8720,17016,18810,18381,18229,19704,32767,32767,32767,32767,32767,1882.0,17500.0
1259.0,1057.0,9010,17394,18810,18381,19707,19704,32767,32767,32767,32767,32767,2058.0,17500.0
1188.0,1142.0,9010,17772,18810,18381,19214,19704,32767,32767,32767,32767,32767,1823.0,17500.0
1347.0,1100.0,10173,17772,19210,18819,18229,19704,32767,32767,32767,32767,32767,2529.0,17500.0
1365.0,1227.0,10609,18150,20011,19694,19707,19704,32767,32767,32767,32767,32767,2441.0,17500.0
1312.0,1015.0,11190,18528,20411,20569,19707,19704,32767,32767,32767,32767,32767,2852.0,17500.0
1400.0,1248.0,10173,18906,20811,21007,21185,19704,32767,32767,32767,32767,32767,2470.0,17500.0
1968.0,1734.0,11190,18906,20811,21444,21185,19704,32767,32767,32767,32767,32767,3323.0,17500.0
1347.0,1184.0,10609,18906,20411,21007,19707,19704,32767,32767,32767,32767,32767,2323.0,17500.0
1329.0,973.0,11336,19285,20411,22320,21185,19704,32767,32767,32767,32767,32767,3058.0,17500.0
1400.0,1079.0,11917,19663,22412,22320,22170,19704,32767,32767,32767,32767,32767,3176.0,17500.0
1578.0,1375.0,13370,20797,23612,22320,23155,19704,32767,32767,32767,32767,32767,3470.0,17500.0
1170.0,1015.0,8429,16260,18010,17506,18229,20251,32767,32767,32767,32767,32767,1853.0,17500.0
1170.0,930.0,8720,16638,18410,18381,18229,20251,32767,32767,32767,32767,32767,2147.0,17500.0
1276.0,1015.0,9446,17016,19610,19694,19707,20251,32767,32767,32767,32767,32767,2499.0,17500.0
1347.0,1142.0,9156,17016,18410,19256,19214,20251,32767,32767,32767,32767,32767,2382.0,17500.0
1188.0,994.0,8865,17394,18810,18819,18721,20251,32767,32767,32767,32767,32767,2176.0,17500.0
1436.0,1142.0,9882,17394,19210,18819,18229,20251,32767,32767,32767,32767,32767,2676.0,17500.0
1259.0,1057.0,9446,17772,19210,19256,19214,20251,32767,32767,32767,32767,32767,2235.0,17500.0
1649.0,1523.0,8574,17772,19210,18381,18721,20251,32767,32767,32767,32767,32767,1970.0,17500.0
1329.0,1142.0,9446,18150,18810,18819,19707,20251,32767,32767,32767,32767,32767,2646.0,17500.0
1312.0,1121.0,9446,18150,20011,20131,20199,20251,32767,32767,32767,32767,32767,2323.0,17500.0
1329.0,1121.0,10028,18150,21211,20569,21677,20251,32767,32767,32767,32767,32767,2558.0,17500.0
1329.0,1184.0,10173,18528,20411,20131,20199,20251,32767,32767,32767,32767,32767,2205.0,17500.0
1507.0,1205.0,12208,19663,22412,23195,22663,20251,32767,32767,32767,32767,32767,3352.0,17500.0
1507.0,1121.0,12062,19663,21611,22757,21677,20251,32767,32767,32767,32767,32767,3764.0,17500.0
1489.0,1205.0,12644,20419,22812,22320,22170,20251,32767,32767,32767,32767,32767,3382.0,17500.0
1205.0,973.0,9882,17394,20411,19694,19214,20798,32767,32767,32767,32767,32767,2411.0,17500.0
1241.0,1036.0,9446,17772,19610,19694,19707,20798,32767,32767,32767,32767,32767,2470.0,17500.0
1259.0,1079.0,9446,17772,19610,19256,20199,20798,32767,32767,32767,32767,32767,2352.0,17500.0
1365.0,1121.0,9882,17772,19610,19694,19214,20798,32767,32767,32767,32767,32767,2676.0,17500.0
1276.0,1121.0,9882,18528,21211,21444,20692,20798,32767,32767,32767,32767,32767,2264.0,17500.0
1524.0,1438.0,10464,18906,20811,21444,20692,20798,32767,32767,32767,32767,32767,2147.0,17500.0
1524.0,1353.0,12062,20041,22012,23195,22170,20798,32767,32767,32767,32767,32767,2999.0,17500.0
1489.0,1290.0,12062,20419,23212,23195,23155,20798,32767,32767,32767,32767,32767,3146.0,17500.0
1329.0,1142.0,11481,20419,22812,23633,23648,20798,32767,32767,32767,32767,32767,2588.0,17500.0
1259.0,1142.0,9592,17394,20011,20131,20199,21346,32767,32767,32767,32767,32767,2382.0,17500.0
1312.0,1121.0,10464,18528,22012,21444,21677,21346,32767,32767,32767,32767,32767,2470.0,17500.0
1454.0,1163.0,10318,18528,20411,21007,20199,21346,32767,32767,32767,32767,32767,2882.0,17500.0
1241.0,1142.0,8720,18528,21211,22320,22663,21346,32767,32767,32767,32767,32767,1647.0,17500.0
1294.0,1100.0,10464,18906,20011,20131,20199,21346,32767,32767,32767,32767,32767,2558.0,17500.0
1205.0,1079.0,10028,18906,21611,20569,21185,21346,32767,32767,32767,32767,32767,2147.0,17500.0
1542.0,1311.0,12644,20419,24013,23633,22170,21346,32767,32767,32767,32767,32767,3029.0,17500.0
1418.0,1142.0,12208,20797,24013,24508,24141,21346,32767,32767,32767,32767,32767,3058.0,17500.0
1383.0,1205.0,11917,21175,22412,21882,21677,21346,32767,32767,32767,32767,32767,2882.0,17500.0
1489.0,1311.0,13225,21175,24413,23633,22170,21346,32767,32767,32767,32767,32767,3205.0,17500.0
1489.0,1332.0,12934,21553,24013,24070,23648,21346,32767,32767,32767,32767,32767,3205.0,17500.0
1276.0,1121.0,10173,19285,22412,22320,22170,21893,32767,32767,32767,32767,32767,2058.0,17500.0
1471.0,1311.0,10609,19663,21211,21444,21185,21893,32767,32767,32767,32767,32767,2411.0,17500.0
1312.0,1184.0,9882,20419,22412,21444,21677,21893,32767,32767,32767,32767,32767,2029.0,17500.0
1046.0,867.0,8865,18150,19610,20131,21185,22440,32767,32767,32767,32767,32767,1294.0,17500.0
1276.0,1142.0,9737,18906,21611,20569,21185,22440,32767,32767,32767,32767,32767,2176.0,17500.0
2623.0,2474.0,9737,18906,21611,21007,21185,22440,32767,32767,32767,32767,32767,2941.0,17500.0
2056.0,1840.0,11772,19663,22012,21882,22663,22440,32767,32767,32767,32767,32767,3470.0,17500.0
1241.0,1142.0,10754,20041,23612,24070,23648,22440,32767,32767,32767,32767,32767,2117.0,17500.0
1365.0,1227.0,10754,20041,23212,23195,22663,22440,32767,32767,32767,32767,32767,2411.0,17500.0
1383.0,1205.0,11190,20419,22012,21444,21677,22440,32767,32767,32767,32767,32767,2470.0,17500.0
1507.0,1544.0,10318,20419,22812,23633,24141,22440,32767,32767,32767,32767,32767,2205.0,17500.0
1329.0,1142.0,10900,20419,22812,24070,23155,22440,32767,32767,32767,32767,32767,2441.0,17500.0
1365.0,1205.0,10173,19663,22012,21882,23155,22988,32767,32767,32767,32767,32767,2117.0,17500.0
1365.0,1205.0,11481,20041,22412,21444,22663,22988,32767,32767,32767,32767,32767,2499.0,17500.0
1418.0,1269.0,11917,20041,22012,21882,22170,22988,32767,32767,32767,32767,32767,2470.0,17500.0
1329.0,1163.0,10900,20041,24013,24070,24141,22988,32767,32767,32767,32767,32767,2264.0,17500.0
1329.0,1163.0,10754,20419,15608,23195,23648,22988,32767,32767,32767,32767,32767,2558.0,17500.0
1312.0,1205.0,10464,20419,23612,22757,23648,22988,32767,32767,32767,32767,32767,2088.0,17500.0
1383.0,1311.0,11190,20797,22812,23195,22663,22988,32767,32767,32767,32767,32767,2117.0,17500.0
1241.0,1205.0,11190,20797,23212,23195,24141,22988,32767,32767,32767,32767,32767,1911.0,17500.0
1524.0,1459.0,10609,21175,22812,22320,24141,22988,32767,32767,32767,32767,32767,2411.0,17500.0
1365.0,1248.0,11336,21175,23612,23633,22663,22988,32767,32767,32767,32767,32767,2147.0,17500.0
1400.0,1248.0,11336,21553,22412,22320,24141,22988,32767,32767,32767,32767,32767,2558.0,17500.0
1365.0,1205.0,11045,19285,20811,19694,21185,23535,32767,32767,32767,32767,32767,2499.0,17500.0
1329.0,1163.0,10028,19663,22012,21882,23155,23535,32767,32767,32767,32767,32767,2176.0,17500.0
1241.0,1142.0,10028,20041,23212,22320,23155,23535,32767,32767,32767,32767,32767,1970.0,17500.0
1294.0,1227.0,10028,20419,23212,21882,22663,23535,32767,32767,32767,32767,32767,2117.0,17500.0
1418.0,1290.0,11481,20419,22812,22757,23155,23535,32767,32767,32767,32767,32767,2705.0,17500.0
1454.0,1375.0,11336,20797,22812,22757,23648,23535,32767,32767,32767,32767,32767,2264.0,17500.0
1471.0,1353.0,11045,20797,22812,23633,23155,23535,32767,32767,32767,32767,32767,2441.0,17500.0
1400.0,1290.0,11481,20797,24413,24508,24633,23535,32767,32767,32767,32767,32767,2558.0,17500.0
1595.0,1607.0,11045,21175,24013,23633,24141,23535,32767,32767,32767,32767,32767,2264.0,17500.0
1400.0,1227.0,12644,22310,24813,23633,24141,23535,32767,32767,32767,32767,32767,2617.0,17500.0
1595.0,1501.0,14533,23444,26814,28009,28082,23535,32767,32767,32767,32767,32767,3264.0,17500.0
1578.0,1480.0,14678,24200,28015,27571,27589,23535,32767,32767,32767,32767,32767,2911.0,17500.0
1400.0,1311.0,9446,19663,22412,21882,24633,24082,32767,32767,32767,32767,32767,2000.0,17500.0
1312.0,1142.0,11045,20797,24413,24508,25619,24082,32767,32767,32767,32767,32767,2588.0,17500.0
1595.0,1459.0,12062,20797,23612,23195,23648,24082,32767,32767,32767,32767,32767,2646.0,17500.0
1312.0,1121.0,11190,21175,22812,22320,23155,24082,32767,32767,32767,32767,32767,2617.0,17500.0
1436.0,1375.0,11336,21175,23212,23633,23155,24082,32767,32767,32767,32767,32767,2264.0,17500.0
1383.0,1332.0,12208,21553,24413,23633,25126,24082,32767,32767,32767,32767,32767,2617.0,17500.0
1578.0,1501.0,11917,22688,24413,24070,25126,24082,32767,32767,32767,32767,32767,2352.0,17500.0
1560.0,1544.0,13225,23066,26414,25383,25126,24082,32767,32767,32767,32767,32767,2852.0,17500.0
1329.0,1163.0,12789,23822,26814,27134,27097,24082,32767,32767,32767,32767,32767,1970.0,17500.0
1347.0,1248.0,10754,19663,24013,23633,23648,24630,32767,32767,32767,32767,32767,2058.0,17500.0
1329.0,1290.0,10173,20797,24813,24070,25619,24630,32767,32767,32767,32767,32767,1882.0,17500.0
1294.0,1163.0,10754,21175,23612,23633,25126,24630,32767,32767,32767,32767,32767,2117.0,17500.0
1383.0,1227.0,10754,21553,24013,24508,25619,24630,32767,32767,32767,32767,32767,2294.0,17500.0
1471.0,1375.0,11917,21553,24013,24508,25126,24630,32767,32767,32767,32767,32767,2558.0,17500.0
1329.0,1163.0,10754,21931,24813,24070,25619,24630,32767,32767,32767,32767,32767,2294.0,17500.0
1489.0,1523.0,12644,22310,24813,24945,25126,24630,32767,32767,32767,32767,32767,2382.0,17500.0
1843.0,2051.0,14969,23822,27214,28447,27589,24630,32767,32767,32767,32767,32767,3440.0,17500.0
1312.0,1227.0,10173,20041,24013,24070,24141,25177,32767,32767,32767,32767,32767,2117.0,17500.0
1294.0,1269.0,11045,21175,25213,24508,25126,25177,32767,32767,32767,32767,32767,1941.0,17500.0
1471.0,1375.0,12644,21931,24413,24508,25126,25177,32767,32767,32767,32767,32767,2558.0,17500.0
1489.0,1332.0,13370,23822,26414,26258,27097,25177,32767,32767,32767,32767,32767,2676.0,17500.0
1542.0,1565.0,13225,23822,27214,28009,27097,25177,32767,32767,32767,32767,32767,2323.0,17500.0
1454.0,1332.0,13516,24957,27615,26696,28082,25177,32767,32767,32767,32767,32767,2617.0,17500.0
1365.0,1290.0,10609,21931,24413,23633,25619,25724,32767,32767,32767,32767,32767,1941.0,17500.0
1454.0,1375.0,12498,21931,25614,25383,25619,25724,32767,32767,32767,32767,32767,2264.0,17500.0
1418.0,1311.0,12208,22310,24413,24508,24633,25724,32767,32767,32767,32767,32767,2294.0,17500.0
1436.0,1396.0,12062,22688,26014,24945,25619,25724,32767,32767,32767,32767,32767,2176.0,17500.0
1507.0,1396.0,12498,23066,24413,25383,25126,25724,32767,32767,32767,32767,32767,2323.0,17500.0
1507.0,1417.0,12789,23444,25614,25821,26604,25724,32767,32767,32767,32767,32767,2382.0,17500.0
1507.0,1459.0,13952,25335,28015,29760,28082,25724,32767,32767,32767,32767,32767,2352.0,17500.0
1312.0,1248.0,10754,21553,24813,24070,26111,26272,32767,32767,32767,32767,32767,2147.0,17500.0
1542.0,1523.0,12498,23066,25614,25383,26111,26272,32767,32767,32767,32767,32767,2235.0,17500.0
1524.0,1480.0,12789,23822,26014,24945,26111,26272,32767,32767,32767,32767,32767,2264.0,17500.0
1400.0,1375.0,11917,24200,26414,27134,26111,26272,32767,32767,32767,32767,32767,1911.0,17500.0
1489.0,1396.0,13806,24957,28015,28009,27589,26272,32767,32767,32767,32767,32767,2323.0,17500.0
1312.0,1184.0,10318,21553,24013,23195,25619,26819,32767,32767,32767,32767,32767,1882.0,17500.0
1383.0,1248.0,11190,22688,25614,24508,25619,26819,32767,32767,32767,32767,32767,2352.0,17500.0
1542.0,1501.0,12498,23066,25614,26258,26604,26819,32767,32767,32767,32767,32767,2411.0,17500.0
1524.0,1396.0,12498,23444,26014,25821,27097,26819,32767,32767,32767,32767,32767,2470.0,17500.0
1542.0,1501.0,12934,25335,29616,30197,30545,26819,32767,32767,32767,32767,32767,2323.0,17500.0
1542.0,1480.0,14242,26091,29616,30197,29560,26819,32767,32767,32767,32767,32767,2646.0,17500.0
1223.0,1184.0,10173,22310,25614,25383,27589,27366,32767,32767,32767,32767,32767,1617.0,17500.0
1542.0,1523.0,13806,24957,27214,29322,29560,27366,32767,32767,32767,32767,32767,2441.0,17500.0
1542.0,1671.0,14388,25335,29215,30197,30053,27366,32767,32767,32767,32767,32767,2499.0,17500.0
1613.0,1544.0,15114,27225,31617,30197,30053,27366,32767,32767,32767,32767,32767,2793.0,17500.0
1631.0,1565.0,15260,28360,31617,31510,32023,27366,32767,32767,32767,32767,32767,2558.0,17500.0
1595.0,1607.0,12789,24200,26814,27134,28082,27914,32767,32767,32767,32767,32767,2735.0,17500.0
1507.0,1523.0,12934,24200,27214,27134,27589,27914,32767,32767,32767,32767,32767,2382.0,17500.0
1631.0,1523.0,13806,24578,28015,27134,28082,27914,32767,32767,32767,32767,32767,2764.0,17500.0
1507.0,1480.0,14678,27982,32017,31072,32516,27914,32767,32767,32767,32767,32767,2088.0,17500.0
1489.0,1544.0,12208,23444,26014,27571,28082,28461,32767,32767,32767,32767,32767,2499.0,17500.0
1347.0,1332.0,11481,24578,28415,27571,28575,28461,32767,32767,32767,32767,32767,1911.0,17500.0
1773.0,1819.0,13661,24957,26814,28447,29560,28461,32767,32767,32767,32767,32767,2735.0,17500.0
1702.0,1861.0,13806,24957,27214,28884,29560,28461,32767,32767,32767,32767,32767,2588.0,17500.0
1595.0,1565.0,13661,25713,30016,28447,30545,28461,32767,32767,32767,32767,32767,2558.0,17500.0
1578.0,1628.0,12498,26091,30416,29760,32516,28461,32767,32767,32767,32767,32767,2235.0,17500.0
1737.0,1776.0,15986,28360,32017,31948,32516,28461,32767,32767,32767,32767,32767,2882.0,17500.0
1507.0,1311.0,12498,24200,26814,25821,26604,29008,32767,32767,32767,32767,32767,2735.0,17500.0
1276.0,1290.0,10609,24200,26814,25821,29067,29008,32767,32767,32767,32767,32767,1617.0,17500.0
1879.0,2009.0,13516,24578,27615,28447,30053,29008,32767,32767,32767,32767,32767,2764.0,17500.0
1737.0,1840.0,13661,24957,27214,28447,29560,29008,32767,32767,32767,32767,32767,2529.0,17500.0
1524.0,1480.0,13516,25335,28415,28009,29560,29008,32767,32767,32767,32767,32767,2441.0,17500.0
1578.0,1480.0,13225,26091,28815,28884,29560,29008,32767,32767,32767,32767,32767,2676.0,17500.0
2003.0,1882.0,11917,26091,29215,28009,30545,29008,32767,32767,32767,32767,32767,2382.0,17500.0
1843.0,2326.0,13806,27603,29215,26696,30545,29008,32767,32767,32767,32767,32767,2705.0,17500.0
1595.0,1649.0,14824,27603,32017,32385,32516,29008,32767,32767,32767,32767,32767,2793.0,17500.0
1914.0,1924.0,16713,29872,32017,32767,32767,29008,32767,32767,32767,32767,32767,3264.0,17500.0
1471.0,1353.0,13806,25335,28815,28884,30053,29555,32767,32767,32767,32767,32767,2470.0,17500.0
1578.0,1607.0,13080,25713,28015,27571,28082,29555,32767,32767,32767,32767,32767,2264.0,17500.0
1418.0,1311.0,12789,26091,31217,31072,32767,29555,32767,32767,32767,32767,32767,2499.0,17500.0
1489.0,1438.0,14097,26847,29616,30197,32023,29555,32767,32767,32767,32767,32767,2470.0,17500.0
1968.0,2178.0,14824,26847,30416,30635,32767,29555,32767,32767,32767,32767,32767,3117.0,17500.0
1524.0,1565.0,11626,24578,28015,28447,30053,30103,32767,32767,32767,32767,32767,2235.0,17500.0
1560.0,1607.0,15260,29494,32767,32767,32767,30103,32767,32767,32767,32767,32767,2323.0,17500.0
1631.0,1734.0,15986,29494,32767,32767,32767,30103,32767,32767,32767,32767,32767,2499.0,17500.0
1489.0,1417.0,11917,24578,28415,28009,30053,30650,32767,32767,32767,32767,32767,2205.0,17500.0
1613.0,1586.0,13370,25335,28015,28009,29067,30650,32767,32767,32767,32767,32767,2411.0,17500.0
1347.0,1290.0,11917,25713,30416,30197,31531,30650,32767,32767,32767,32767,32767,1764.0,17500.0
1914.0,1967.0,14678,27225,30016,30635,31531,30650,32767,32767,32767,32767,32767,2617.0,17500.0
1560.0,1819.0,13370,27603,30016,29322,31038,30650,32767,32767,32767,32767,32767,2382.0,17500.0
1843.0,1988.0,14678,27603,30416,31510,32023,30650,32767,32767,32767,32767,32767,2705.0,17500.0
1826.0,1861.0,14824,27603,30416,31072,32023,30650,32767,32767,32767,32767,32767,2529.0,17500.0
1542.0,1628.0,14533,28738,32417,31510,32516,30650,32767,32767,32767,32767,32767,1941.0,17500.0
1524.0,1776.0,13952,27225,29616,29322,31531,31197,32767,32767,32767,32767,32767,2558.0,17500.0
1649.0,1607.0,13952,27603,29215,31948,32767,31197,32767,32767,32767,32767,32767,2735.0,17500.0
1649.0,1671.0,14097,27603,30416,31948,32767,31197,32767,32767,32767,32767,32767,2558.0,17500.0
1666.0,1628.0,14969,28360,30416,31072,32516,31197,32767,32767,32767,32767,32767,2470.0,17500.0
1737.0,1903.0,15260,28360,31617,32767,32767,31197,32767,32767,32767,32767,32767,2352.0,17500.0
1595.0,2284.0,16277,30250,32417,32767,32767,31197,32767,32767,32767,32767,32767,2588.0,17500.0
2109.0,2136.0,14824,26847,29215,31948,32767,31745,32767,32767,32767,32767,32767,2764.0,17500.0
1613.0,1649.0,14388,27225,29616,30635,32023,31745,32767,32767,32767,32767,32767,2588.0,17500.0
1631.0,1903.0,13952,27603,29616,29322,31038,31745,32767,32767,32767,32767,32767,2441.0,17500.0
2216.0,2220.0,14388,28360,31617,31948,32767,31745,32767,32767,32767,32767,32767,2852.0,17500.0
1808.0,1840.0,14678,28738,30816,32385,32767,31745,32767,32767,32767,32767,32767,2529.0,17500.0
1702.0,1565.0,14678,29494,31217,31948,32767,31745,32767,32767,32767,32767,32767,2911.0,17500.0
1471.0,1544.0,11481,24957,30416,30635,32767,32292,32767,32767,32767,32767,32767,2205.0,17500.0
1649.0,1755.0,14388,27603,31217,31072,32516,32292,32767,32767,32767,32767,32767,2441.0,17500.0
1702.0,1861.0,14678,27603,30816,30197,32767,32292,32767,32767,32767,32767,32767,2352.0,17500.0
2163.0,2263.0,14388,28738,32417,32385,32767,32292,32767,32767,32767,32767,32767,2529.0,17500.0
1294.0,1248.0,11190,26091,30816,30635,32767,32767,32767,32767,32767,32767,32767,1588.0,17500.0
1418.0,1290.0,11772,27225,31217,32767,32767,32767,32767,32767,32767,32767,32767,2147.0,17500.0
1471.0,1501.0,12353,27982,31217,32385,32767,32767,32767,32767,32767,32767,32767,1705.0,17500.0
1578.0,1565.0,14678,28360,31617,31948,32767,32767,32767,32767,32767,32767,32767,2558.0,17500.0
1418.0,1438.0,11917,28360,31217,32767,32767,32767,32767,32767,32767,32767,32767,1441.0,17500.0
1773.0,1819.0,15114,28738,32767,32767,32767,32767,32767,32767,32767,32767,32767,2764.0,17500.0
1631.0,1924.0,14242,28738,30816,31072,32767,32767,32767,32767,32767,32767,32767,2676.0,17500.0
1595.0,1734.0,14533,28738,31217,31072,32767,32767,32767,32767,32767,32767,32767,2264.0,17500.0
1507.0,1628.0,12062,29116,32767,32767,32767,32767,32767,32767,32767,32767,32767,1735.0,17500.0
1914.0,2199.0,15114,29116,32017,32767,32767,32767,32767,32767,32767,32767,32767,2852.0,17500.0
1666.0,1882.0,15114,29494,32767,31510,32767,32767,32767,32767,32767,32767,32767,2411.0,17500.0
1631.0,1882.0,14388,29872,32417,31948,32767,32767,32767,32767,32767,32767,32767,2470.0,17500.0
1808.0,1988.0,16568,29872,32767,32767,32767,32767,32767,32767,32767,32767,32767,2529.0,17500.0
1578.0,1523.0,14969,29872,32767,32767,32767,32767,32767,32767,32767,32767,32767,2323.0,17500.0
1684.0,1755.0,15114,29872,32767,32767,32767,32767,32767,32767,32767,32767,32767,2176.0,17500.0
1737.0,1713.0,15696,29872,32767,32767,32767,32767,32767,32767,32767,32767,32767,2676.0,17500.0
1666.0,2136.0,14533,29872,32767,32385,32767,32767,32767,32767,32767,32767,32767,2588.0,17500.0
1790.0,2009.0,15114,29872,32767,32767,32767,32767,32767,32767,32767,32767,32767,2558.0,17500.0
1684.0,2030.0,14533,30250,32767,32767,32767,32767,32767,32767,32767,32767,32767,2588.0,17500.0
1631.0,1776.0,15696,30628,32767,32767,32767,32767,32767,32767,32767,32767,32767,2088.0,17500.0
1666.0,2094.0,14678,30628,32767,32767,32767,32767,32767,32767,32767,32767,32767,2705.0,17500.0
1808.0,2094.0,16568,31385,32767,32767,32767,32767,32767,32767,32767,32767,32767,2352.0,17500.0
1666.0,1628.0,15550,31763,32767,32767,32767,32767,32767,32767,32767,32767,32767,2911.0,17500.0
2038.0,2157.0,15986,31763,32767,32767,32767,32767,32767,32767,32767,32767,32767,2676.0,17500.0
1826.0,2051.0,14533,32767,32767,32767,32767,32767,32767,32767,32767,32767,32767,2382.0,17500.0
1684.0,1924.0,16277,32767,32767,32767,32767,32767,32767,32767,32767,32767,32767,2176.0,17500.0
1613.0,1713.0,14678,32767,32767,32767,32767,32767,32767,32767,32767,32767,32767,1853.0,17500.0
1666.0,1924.0,17149,32767,32767,32767,32767,32767,32767,32767,32767,32767,32767,2646.0,17500.0
1684.0,1819.0,16422,32767,32767,32767,32767,32767,32767,32767,32767,32767,32767,2323.0,17500.0
1861.0,1988.0,17004,32767,32767,32767,32767,32767,32767,32767,32767,32767,32767,2646.0,17500.0
1897.0,2072.0,16422,32767,32767,32767,32767,32767,32767,32767,32767,32767,32767,2470.0,17500.0
1437.0,1079.0,11200,16652,18426,4818,4438,7669,32767,32767,32767,32767,32767,3178.0,17600.0
1436.0,1438.0,11770,15879,19607,4813,5911,9850,32767,32767,32767,32767,32767,2058.0,17600.0
1276.0,888.0,9736,15123,17606,10064,10837,12039,32767,32767,32767,32767,32767,3440.0,17600.0
1437.0,1079.0,8582,15517,16022,9636,7889,12599,32767,32767,32767,32767,32767,3355.0,17600.0
1170.0,867.0,7991,12475,12803,13563,12806,13679,32767,32767,32767,32767,32767,3146.0,17600.0
1187.0,867.0,8573,13232,14405,14002,13792,13681,32767,32767,32767,32767,32767,2911.0,17600.0
1152.0,846.0,7991,12097,12803,13126,13298,14227,32767,32767,32767,32767,32767,2969.0,17600.0
1170.0,846.0,8718,12854,14405,14440,13792,14228,32767,32767,32767,32767,32767,3028.0,17600.0
1170.0,825.0,8718,12854,14405,14002,13792,14228,32767,32767,32767,32767,32767,3028.0,17600.0
1134.0,846.0,8718,13232,14805,14440,13300,14228,32767,32767,32767,32767,32767,2793.0,17600.0
1152.0,825.0,8573,13232,14005,14440,12807,14228,32767,32767,32767,32767,32767,3205.0,17600.0
922.0,656.0,5089,11349,12412,12260,11337,14237,32767,32767,32767,32767,32767,1206.0,17600.0
1046.0,762.0,7561,12106,13213,13573,12322,14237,32767,32767,32767,32767,32767,2530.0,17600.0
1205.0,846.0,8282,12475,14004,13563,13298,14774,32767,32767,32767,32767,32767,3146.0,17600.0
1240.0,930.0,8572,13231,14804,14876,13791,14774,32767,32767,32767,32767,32767,3263.0,17600.0
1187.0,930.0,8718,12854,14805,14440,14285,14775,32767,32767,32767,32767,32767,3146.0,17600.0
1170.0,867.0,8718,13232,14005,14002,13792,14775,32767,32767,32767,32767,32767,3205.0,17600.0
1205.0,867.0,8573,13232,14005,14440,13300,14775,32767,32767,32767,32767,32767,3234.0,17600.0
1187.0,867.0,8718,13232,14805,13565,13792,14775,32767,32767,32767,32767,32767,2911.0,17600.0
1223.0,846.0,8573,13232,13605,14440,13792,14775,32767,32767,32767,32767,32767,3322.0,17600.0
1170.0,888.0,8282,13232,14005,13565,12807,14775,32767,32767,32767,32767,32767,2764.0,17600.0
1241.0,930.0,8864,13232,14405,14440,14285,14775,32767,32767,32767,32767,32767,3028.0,17600.0
1152.0,888.0,8864,13610,14005,14002,13300,14775,32767,32767,32767,32767,32767,3087.0,17600.0
1152.0,867.0,8718,13610,14805,14002,13792,14775,32767,32767,32767,32767,32767,3058.0,17600.0
1223.0,867.0,9300,13610,14805,14877,14778,14775,32767,32767,32767,32767,32767,3381.0,17600.0
1152.0,867.0,8718,13610,14405,14440,13792,14775,32767,32767,32767,32767,32767,3058.0,17600.0
1258.0,930.0,9154,14367,16006,16190,14285,14775,32767,32767,32767,32767,32767,2881.0,17600.0
1187.0,909.0,8427,12475,14404,14876,14776,15321,32767,32767,32767,32767,32767,2881.0,17600.0
1205.0,888.0,8136,12853,14004,14001,13298,15321,32767,32767,32767,32767,32767,3057.0,17600.0
1187.0,888.0,8572,13231,14004,14438,13791,15321,32767,32767,32767,32767,32767,2852.0,17600.0
1152.0,867.0,8136,13231,14004,14001,13298,15321,32767,32767,32767,32767,32767,2822.0,17600.0
1240.0,930.0,8572,13609,14404,14876,14284,15321,32767,32767,32767,32767,32767,2940.0,17600.0
1134.0,803.0,8428,12476,13605,13127,13300,15323,32767,32767,32767,32767,32767,3087.0,17600.0
1223.0,888.0,8718,13232,14805,14877,13300,15323,32767,32767,32767,32767,32767,3322.0,17600.0
1152.0,825.0,8573,13232,14005,14440,13300,15323,32767,32767,32767,32767,32767,3087.0,17600.0
1170.0,888.0,8864,13610,15206,15315,15270,15323,32767,32767,32767,32767,32767,2764.0,17600.0
1205.0,930.0,8718,13610,14805,14440,14285,15323,32767,32767,32767,32767,32767,2764.0,17600.0
1311.0,994.0,9445,13610,14805,14877,14285,15323,32767,32767,32767,32767,32767,3116.0,17600.0
1258.0,867.0,9009,13610,14405,14440,13792,15323,32767,32767,32767,32767,32767,3410.0,17600.0
1152.0,888.0,8718,13988,14405,15315,15270,15323,32767,32767,32767,32767,32767,2852.0,17600.0
1152.0,930.0,8864,13988,15206,15315,14778,15323,32767,32767,32767,32767,32767,2911.0,17600.0
1187.0,888.0,8864,14367,15206,14877,14778,15323,32767,32767,32767,32767,32767,3058.0,17600.0
1241.0,888.0,9445,14367,16006,15752,15763,15323,32767,32767,32767,32767,32767,3175.0,17600.0
1205.0,951.0,9590,15501,16006,16628,15763,15323,32767,32767,32767,32767,32767,3028.0,17600.0
1188.0,867.0,8433,14376,14815,14887,14787,15332,32767,32767,32767,32767,32767,3001.0,17600.0
1224.0,910.0,9160,14754,17217,16200,15280,15332,32767,32767,32767,32767,32767,3207.0,17600.0
1134.0,824.0,7991,13230,14803,14875,14283,15868,32767,32767,32767,32767,32767,3087.0,17600.0
1187.0,909.0,8282,13231,13203,13563,13791,15868,32767,32767,32767,32767,32767,3028.0,17600.0
1205.0,909.0,8427,13609,14404,14876,13791,15868,32767,32767,32767,32767,32767,3175.0,17600.0
1187.0,888.0,8717,13987,14804,14438,14284,15868,32767,32767,32767,32767,32767,3116.0,17600.0
1170.0,909.0,8863,13987,15604,14876,14284,15868,32767,32767,32767,32767,32767,2822.0,17600.0
1240.0,973.0,8863,13987,16004,14876,14776,15868,32767,32767,32767,32767,32767,2940.0,17600.0
1240.0,973.0,8717,14365,15604,14876,14776,15868,32767,32767,32767,32767,32767,3057.0,17600.0
1170.0,867.0,8428,13610,14005,14440,13792,15870,32767,32767,32767,32767,32767,3293.0,17600.0
1152.0,846.0,8573,13610,14405,14002,13792,15870,32767,32767,32767,32767,32767,2999.0,17600.0
1205.0,888.0,9300,13988,15206,14877,14778,15870,32767,32767,32767,32767,32767,3293.0,17600.0
1347.0,1036.0,9445,14367,16006,15315,15763,15870,32767,32767,32767,32767,32767,2999.0,17600.0
1276.0,973.0,9300,14367,16006,15315,14285,15870,32767,32767,32767,32767,32767,2881.0,17600.0
1294.0,994.0,9590,14745,16806,16190,15270,15870,32767,32767,32767,32767,32767,3146.0,17600.0
1294.0,888.0,9300,14745,16006,16190,15270,15870,32767,32767,32767,32767,32767,3499.0,17600.0
1382.0,1121.0,9736,15501,17206,16190,15270,15870,32767,32767,32767,32767,32767,3557.0,17600.0
1188.0,825.0,9015,13997,15616,14887,14787,15880,32767,32767,32767,32767,32767,3060.0,17600.0
1206.0,889.0,9160,14376,15616,15762,15280,15880,32767,32767,32767,32767,32767,3442.0,17600.0
1348.0,910.0,10469,15889,16817,17076,16266,15880,32767,32767,32767,32767,32767,4089.0,17600.0
1277.0,867.0,10178,16267,17217,17076,16266,15880,32767,32767,32767,32767,32767,3766.0,17600.0
1223.0,973.0,9153,14365,16404,16188,15761,16415,32767,32767,32767,32767,32767,2852.0,17600.0
1294.0,973.0,9589,14743,16404,16188,15761,16415,32767,32767,32767,32767,32767,3351.0,17600.0
1347.0,1163.0,9589,15499,16804,16188,16746,16415,32767,32767,32767,32767,32767,3087.0,17600.0
1170.0,846.0,8428,13232,14405,14877,13792,16417,32767,32767,32767,32767,32767,3234.0,17600.0
1170.0,867.0,8864,14367,15606,16190,14778,16417,32767,32767,32767,32767,32767,2617.0,17600.0
1241.0,909.0,8718,14745,15606,15752,15270,16417,32767,32767,32767,32767,32767,3028.0,17600.0
1205.0,973.0,8718,14745,15206,15315,16255,16417,32767,32767,32767,32767,32767,2969.0,17600.0
1170.0,930.0,8864,14745,16006,15752,15763,16417,32767,32767,32767,32767,32767,2675.0,17600.0
1205.0,846.0,9154,14745,15206,15752,14778,16417,32767,32767,32767,32767,32767,3704.0,17600.0
1276.0,973.0,9154,14745,16006,15752,14778,16417,32767,32767,32767,32767,32767,2793.0,17600.0
1241.0,1015.0,9300,15123,16006,16190,15763,16417,32767,32767,32767,32767,32767,2969.0,17600.0
1223.0,930.0,9300,15123,16806,15752,15763,16417,32767,32767,32767,32767,32767,2646.0,17600.0
1223.0,994.0,9590,15501,16806,16628,15763,16417,32767,32767,32767,32767,32767,3028.0,17600.0
1188.0,867.0,8288,13997,14815,15325,14787,16427,32767,32767,32767,32767,32767,2824.0,17600.0
1241.0,973.0,9305,14754,16817,16200,15773,16427,32767,32767,32767,32767,32767,3148.0,17600.0
1366.0,889.0,10032,15511,17217,17076,15773,16427,32767,32767,32767,32767,32767,3501.0,17600.0
1295.0,994.0,9887,15889,17618,17514,17251,16427,32767,32767,32767,32767,32767,3236.0,17600.0
1259.0,931.0,9015,15889,17217,17076,16758,16427,32767,32767,32767,32767,32767,2942.0,17600.0
1391.0,1383.0,11748,20229,23313,13527,12885,16917,32767,32767,32767,32767,32767,2412.0,17600.0
1240.0,1015.0,9153,14743,16004,16188,16254,16963,32767,32767,32767,32767,32767,3057.0,17600.0
1223.0,973.0,9299,15121,16804,15751,15761,16963,32767,32767,32767,32767,32767,2910.0,17600.0
1223.0,973.0,9008,15121,16004,16188,15269,16963,32767,32767,32767,32767,32767,2675.0,17600.0
1240.0,973.0,9444,15499,16404,17063,16254,16963,32767,32767,32767,32767,32767,2969.0,17600.0
1258.0,973.0,9589,15877,16804,16626,15269,16963,32767,32767,32767,32767,32767,3087.0,17600.0
1240.0,1015.0,9444,15877,18405,16626,16746,16963,32767,32767,32767,32767,32767,2969.0,17600.0
1099.0,909.0,7120,14367,14405,15752,14778,16964,32767,32767,32767,32767,32767,1411.0,17600.0
1241.0,909.0,9154,15123,16406,16190,15763,16964,32767,32767,32767,32767,32767,3146.0,17600.0
1187.0,909.0,9009,15123,16406,15752,16255,16964,32767,32767,32767,32767,32767,2705.0,17600.0
1223.0,909.0,8573,15501,16006,16628,15270,16964,32767,32767,32767,32767,32767,2881.0,17600.0
1258.0,1015.0,9590,15501,16806,16190,16255,16964,32767,32767,32767,32767,32767,3028.0,17600.0
1294.0,1015.0,9736,15501,16806,17065,16748,16964,32767,32767,32767,32767,32767,2675.0,17600.0
1241.0,1099.0,9736,15879,17206,17065,16748,16964,32767,32767,32767,32767,32767,2793.0,17600.0
1187.0,951.0,9300,16257,16406,17065,15763,16964,32767,32767,32767,32767,32767,2734.0,17600.0
1311.0,994.0,10317,16635,18407,17503,17240,16964,32767,32767,32767,32767,32767,3087.0,17600.0
1224.0,910.0,9015,14376,16416,15762,15280,16975,32767,32767,32767,32767,32767,3030.0,17600.0
1206.0,931.0,8869,15132,16817,16200,15773,16975,32767,32767,32767,32767,32767,2854.0,17600.0
1224.0,1016.0,7709,15895,15622,16645,15779,16982,32767,32767,32767,32767,32767,1619.0,17600.0
1064.0,804.0,7273,16274,17224,16207,15286,16982,32767,32767,32767,32767,32767,1324.0,17600.0
1402.0,1101.0,10618,16274,18426,17959,17751,16982,32767,32767,32767,32767,32767,3385.0,17600.0
1240.0,888.0,8863,14365,16004,16188,15269,17510,32767,32767,32767,32767,32767,3351.0,17600.0
1223.0,994.0,9299,15499,17205,17063,16254,17510,32767,32767,32767,32767,32767,2852.0,17600.0
1170.0,951.0,8864,14367,15206,16190,15270,17511,32767,32767,32767,32767,32767,2852.0,17600.0
1276.0,1015.0,10317,15879,18007,16628,16748,17511,32767,32767,32767,32767,32767,3322.0,17600.0
1241.0,994.0,9590,15879,17606,17503,16748,17511,32767,32767,32767,32767,32767,2675.0,17600.0
1241.0,973.0,10026,16257,18007,17065,16748,17511,32767,32767,32767,32767,32767,3234.0,17600.0
1276.0,1015.0,10317,16257,17606,17065,17240,17511,32767,32767,32767,32767,32767,2940.0,17600.0
1258.0,888.0,9881,16257,17206,17503,16255,17511,32767,32767,32767,32767,32767,3234.0,17600.0
1187.0,867.0,9590,16257,17606,16628,17240,17511,32767,32767,32767,32767,32767,3028.0,17600.0
1400.0,1163.0,10462,16635,19207,18815,18718,17511,32767,32767,32767,32767,32767,2734.0,17600.0
1436.0,1269.0,10462,17013,18807,17940,18226,17511,32767,32767,32767,32767,32767,3263.0,17600.0
1277.0,952.0,9451,15132,16817,17514,17744,17523,32767,32767,32767,32767,32767,3060.0,17600.0
1277.0,973.0,9305,15889,16817,16638,16758,17523,32767,32767,32767,32767,32767,2854.0,17600.0
1330.0,952.0,9887,16267,17618,18389,16758,17523,32767,32767,32767,32767,32767,3089.0,17600.0
1259.0,952.0,9887,16267,17618,17076,16758,17523,32767,32767,32767,32767,32767,3148.0,17600.0
1330.0,994.0,11050,17402,19219,18827,18730,17523,32767,32767,32767,32767,32767,3648.0,17600.0
1330.0,973.0,10905,18159,19620,19265,18237,17523,32767,32767,32767,32767,32767,3824.0,17600.0
1224.0,974.0,8873,16274,18025,17959,17751,17529,32767,32767,32767,32767,32767,2472.0,17600.0
1455.0,974.0,10473,16652,18426,18397,17751,17529,32767,32767,32767,32767,32767,3679.0,17600.0
1240.0,994.0,9008,14743,15604,15751,15269,18057,32767,32767,32767,32767,32767,2910.0,17600.0
1276.0,1057.0,9735,15877,18005,17501,18224,18057,32767,32767,32767,32767,32767,2822.0,17600.0
1205.0,930.0,9444,15877,17605,17063,16254,18057,32767,32767,32767,32767,32767,2705.0,17600.0
1258.0,994.0,9299,15877,16804,17063,15761,18057,32767,32767,32767,32767,32767,3146.0,17600.0
1276.0,1015.0,10025,16633,18805,18376,17731,18057,32767,32767,32767,32767,32767,2734.0,17600.0
1276.0,1078.0,10025,16633,17605,18376,17731,18057,32767,32767,32767,32767,32767,3057.0,17600.0
1311.0,1015.0,10170,16633,18005,18376,17731,18057,32767,32767,32767,32767,32767,3293.0,17600.0
1223.0,909.0,9009,15501,16406,15752,16255,18059,32767,32767,32767,32767,32767,2646.0,17600.0
1294.0,1057.0,9736,15879,17206,17065,16748,18059,32767,32767,32767,32767,32767,3116.0,17600.0
1258.0,1015.0,10026,15879,17606,17503,16748,18059,32767,32767,32767,32767,32767,2999.0,17600.0
1134.0,825.0,9736,16257,18007,17503,17733,18059,32767,32767,32767,32767,32767,3116.0,17600.0
1258.0,973.0,10171,16257,17206,17503,17733,18059,32767,32767,32767,32767,32767,3381.0,17600.0
1382.0,1184.0,10171,16257,18807,18378,17733,18059,32767,32767,32767,32767,32767,2852.0,17600.0
1276.0,1057.0,9300,16635,18007,17940,17733,18059,32767,32767,32767,32767,32767,2499.0,17600.0
1276.0,930.0,10753,17013,19607,19253,17733,18059,32767,32767,32767,32767,32767,3146.0,17600.0
1311.0,1036.0,10607,17391,18007,19253,19211,18059,32767,32767,32767,32767,32767,3293.0,17600.0
1348.0,1016.0,9451,15132,16817,17076,16758,18070,32767,32767,32767,32767,32767,2883.0,17600.0
1241.0,994.0,9015,15511,17217,17076,16266,18070,32767,32767,32767,32767,32767,2736.0,17600.0
1277.0,931.0,10178,16267,17618,17076,16758,18070,32767,32767,32767,32767,32767,3324.0,17600.0
1348.0,1016.0,10178,16267,18418,17514,17744,18070,32767,32767,32767,32767,32767,3413.0,17600.0
1330.0,952.0,10759,17024,18819,18827,17744,18070,32767,32767,32767,32767,32767,3442.0,17600.0
1401.0,973.0,11196,17402,18418,19265,18237,18070,32767,32767,32767,32767,32767,3883.0,17600.0
1312.0,952.0,10469,17402,18819,18827,18237,18070,32767,32767,32767,32767,32767,3383.0,17600.0
1366.0,973.0,10032,17402,18418,18389,18237,18070,32767,32767,32767,32767,32767,3001.0,17600.0
1419.0,1016.0,10178,17402,18819,18389,17744,18070,32767,32767,32767,32767,32767,3177.0,17600.0
1383.0,1079.0,10323,17780,20420,19265,19223,18070,32767,32767,32767,32767,32767,2795.0,17600.0
1401.0,994.0,11196,18537,20020,20579,19223,18070,32767,32767,32767,32767,32767,3354.0,17600.0
1383.0,1058.0,10469,18915,19620,19703,18730,18070,32767,32767,32767,32767,32767,2795.0,17600.0
1206.0,889.0,8582,15138,16423,16207,15286,18077,32767,32767,32767,32767,32767,2884.0,17600.0
1455.0,1101.0,10764,16652,18826,18835,18244,18077,32767,32767,32767,32767,32767,3649.0,17600.0
1366.0,1016.0,10473,17787,19227,19273,18244,18077,32767,32767,32767,32767,32767,3208.0,17600.0
1419.0,995.0,10909,17787,19227,19273,17751,18077,32767,32767,32767,32767,32767,3620.0,17600.0
1490.0,1122.0,10473,17787,19227,19273,17751,18077,32767,32767,32767,32767,32767,3149.0,17600.0
1366.0,974.0,10764,18166,19627,20149,19231,18077,32767,32767,32767,32767,32767,3296.0,17600.0
1294.0,1015.0,9153,15121,16804,17501,16746,18604,32767,32767,32767,32767,32767,3175.0,17600.0
1311.0,1099.0,10025,15877,18005,17501,17731,18604,32767,32767,32767,32767,32767,2646.0,17600.0
1258.0,994.0,9735,16633,18005,17501,17239,18604,32767,32767,32767,32767,32767,2822.0,17600.0
1329.0,1121.0,10461,17011,19205,18814,18716,18604,32767,32767,32767,32767,32767,3146.0,17600.0
1329.0,1015.0,10607,17013,18407,18815,18718,18606,32767,32767,32767,32767,32767,3704.0,17600.0
1311.0,1184.0,10462,17391,19207,18815,18226,18606,32767,32767,32767,32767,32767,2499.0,17600.0
1347.0,1163.0,10607,17391,19607,18378,19211,18606,32767,32767,32767,32767,32767,2617.0,17600.0
1294.0,1057.0,10462,18147,20007,19253,18718,18606,32767,32767,32767,32767,32767,2558.0,17600.0
1276.0,1057.0,10898,18147,20407,19691,19211,18606,32767,32767,32767,32767,32767,2705.0,17600.0
1311.0,994.0,11043,18903,20407,21003,19211,18606,32767,32767,32767,32767,32767,3087.0,17600.0
1223.0,846.0,10753,19281,20407,22316,21181,18606,32767,32767,32767,32767,32767,3440.0,17600.0
1224.0,994.0,7706,4918,15616,16200,15773,18618,32767,32767,32767,32767,32767,2295.0,17600.0
1224.0,994.0,9160,15132,16817,16200,16266,18618,32767,32767,32767,32767,32767,2707.0,17600.0
1259.0,931.0,9451,15132,16817,16638,16758,18618,32767,32767,32767,32767,32767,3118.0,17600.0
1170.0,952.0,8142,15889,16416,16638,15773,18618,32767,32767,32767,32767,32767,2148.0,17600.0
1277.0,910.0,10032,16645,18018,17514,18237,18618,32767,32767,32767,32767,32767,3324.0,17600.0
1241.0,994.0,9742,16645,18418,17952,18237,18618,32767,32767,32767,32767,32767,2707.0,17600.0
1348.0,1058.0,10614,17402,18819,18827,18237,18618,32767,32767,32767,32767,32767,3148.0,17600.0
1170.0,931.0,10759,17780,18819,18389,19223,18618,32767,32767,32767,32767,32767,3824.0,17600.0
1383.0,994.0,11341,17780,20020,20579,18730,18618,32767,32767,32767,32767,32767,3471.0,17600.0
1348.0,1037.0,10323,18159,18819,18827,17744,18618,32767,32767,32767,32767,32767,3089.0,17600.0
1383.0,994.0,10323,18537,20020,19265,18730,18618,32767,32767,32767,32767,32767,2736.0,17600.0
1348.0,1016.0,10759,18537,19620,19265,19223,18618,32767,32767,32767,32767,32767,3118.0,17600.0
1242.0,995.0,9309,15895,16823,16645,16765,18625,32767,32767,32767,32767,32767,2943.0,17600.0
1402.0,1122.0,10036,17787,19227,17959,17751,18625,32767,32767,32767,32767,32767,2619.0,17600.0
1419.0,1016.0,10764,18166,20028,20149,19231,18625,32767,32767,32767,32767,32767,3473.0,17600.0
1366.0,1037.0,10473,18166,20028,19711,19231,18625,32767,32767,32767,32767,32767,2884.0,17600.0
1402.0,974.0,10618,18166,18826,19711,18244,18625,32767,32767,32767,32767,32767,3414.0,17600.0
1455.0,1016.0,11055,18544,20829,20587,20217,18625,32767,32767,32767,32767,32767,3443.0,17600.0
1437.0,1079.0,11200,18544,20428,19711,19231,18625,32767,32767,32767,32767,32767,3443.0,17600.0
1276.0,1121.0,10170,17011,19205,19251,19209,19151,32767,32767,32767,32767,32767,2587.0,17600.0
1311.0,1142.0,9735,17011,19205,17938,18224,19151,32767,32767,32767,32767,32767,2411.0,17600.0
1258.0,1057.0,10170,17389,19605,19251,19209,19151,32767,32767,32767,32767,32767,2705.0,17600.0
1205.0,951.0,9881,16635,17606,18378,17733,19153,32767,32767,32767,32767,32767,2852.0,17600.0
1294.0,1121.0,10317,18147,20007,19253,19211,19153,32767,32767,32767,32767,32767,2205.0,17600.0
1205.0,909.0,10898,18903,19607,20566,18226,19153,32767,32767,32767,32767,32767,2852.0,17600.0
1311.0,1163.0,10462,18903,20407,19691,19211,19153,32767,32767,32767,32767,32767,2411.0,17600.0
1153.0,952.0,8724,16267,18418,18389,18237,19165,32767,32767,32767,32767,32767,2177.0,17600.0
1312.0,1037.0,9887,17024,18819,18827,18730,19165,32767,32767,32767,32767,32767,2471.0,17600.0
1206.0,931.0,10178,17024,19219,18827,17744,19165,32767,32767,32767,32767,32767,2912.0,17600.0
1277.0,994.0,9742,17402,18418,18827,18730,19165,32767,32767,32767,32767,32767,2795.0,17600.0
1383.0,1079.0,10323,17402,18819,19265,18730,19165,32767,32767,32767,32767,32767,2883.0,17600.0
1277.0,931.0,10614,17780,19219,19265,18730,19165,32767,32767,32767,32767,32767,3177.0,17600.0
1401.0,1079.0,10614,18159,20020,20141,19223,19165,32767,32767,32767,32767,32767,2971.0,17600.0
1348.0,952.0,11632,18537,20020,20579,19716,19165,32767,32767,32767,32767,32767,3589.0,17600.0
1543.0,1164.0,11777,19672,20821,21454,20702,19165,32767,32767,32767,32767,32767,3824.0,17600.0
1366.0,995.0,10182,17031,18426,18397,17751,19173,32767,32767,32767,32767,32767,3767.0,17600.0
1384.0,1079.0,10618,17409,18426,18835,17258,19173,32767,32767,32767,32767,32767,3591.0,17600.0
1295.0,1122.0,9746,17787,18826,18397,18244,19173,32767,32767,32767,32767,32767,2472.0,17600.0
1366.0,974.0,10618,17787,19627,18835,18244,19173,32767,32767,32767,32767,32767,3208.0,17600.0
1402.0,1101.0,10473,17787,19227,18835,17751,19173,32767,32767,32767,32767,32767,3031.0,17600.0
1366.0,974.0,10764,17787,19627,20587,19231,19173,32767,32767,32767,32767,32767,3237.0,17600.0
1366.0,995.0,10618,18166,19227,20149,19231,19173,32767,32767,32767,32767,32767,3414.0,17600.0
1473.0,1016.0,11055,18544,20028,19273,19231,19173,32767,32767,32767,32767,32767,3620.0,17600.0
1348.0,952.0,10764,18923,19627,21025,19231,19173,32767,32767,32767,32767,32767,2943.0,17600.0
1455.0,1037.0,11782,18923,21230,21901,19724,19173,32767,32767,32767,32767,32767,3620.0,17600.0
1455.0,1037.0,11200,19301,21230,21901,21203,19173,32767,32767,32767,32767,32767,3355.0,17600.0
1543.0,1164.0,11346,20437,22031,21025,20710,19173,32767,32767,32767,32767,32767,3532.0,17600.0
1402.0,1037.0,11636,20437,21630,22777,20710,19173,32767,32767,32767,32767,32767,3149.0,17600.0
1096.0,930.0,9157,16183,18555,18730,16985,19520,32767,32767,32767,32767,32767,2272.0,17600.0
1258.0,1015.0,9444,16255,17605,17938,17731,19698,32767,32767,32767,32767,32767,2705.0,17600.0
1276.0,1015.0,9444,16255,17605,17938,17239,19698,32767,32767,32767,32767,32767,2763.0,17600.0
1311.0,1121.0,9444,16255,19205,18814,18224,19698,32767,32767,32767,32767,32767,2910.0,17600.0
1311.0,1099.0,9735,17011,18405,18376,18224,19698,32767,32767,32767,32767,32767,2734.0,17600.0
1294.0,1036.0,9880,17389,18805,18814,18716,19698,32767,32767,32767,32767,32767,2734.0,17600.0
1311.0,1036.0,10753,17769,20808,19691,19211,19700,32767,32767,32767,32767,32767,3646.0,17600.0
1329.0,1163.0,10317,17769,20407,20566,19211,19700,32767,32767,32767,32767,32767,2352.0,17600.0
1365.0,1247.0,10898,17769,20007,20128,20196,19700,32767,32767,32767,32767,32767,2734.0,17600.0
1294.0,1099.0,10898,18525,20007,19691,19703,19700,32767,32767,32767,32767,32767,2617.0,17600.0
1400.0,1184.0,11043,18525,20407,21003,20689,19700,32767,32767,32767,32767,32767,3116.0,17600.0
1241.0,994.0,9015,16645,18418,18389,19223,19713,32767,32767,32767,32767,32767,2383.0,17600.0
1259.0,1016.0,10178,16645,18819,18827,18237,19713,32767,32767,32767,32767,32767,2942.0,17600.0
1649.0,1375.0,9887,17024,18418,18389,19223,19713,32767,32767,32767,32767,32767,3148.0,17600.0
1366.0,1100.0,10469,17402,19620,19703,18730,19713,32767,32767,32767,32767,32767,3030.0,17600.0
1401.0,1206.0,10032,17402,19620,19265,19223,19713,32767,32767,32767,32767,32767,2501.0,17600.0
1224.0,1037.0,9596,17780,19620,19265,19223,19713,32767,32767,32767,32767,32767,2442.0,17600.0
1312.0,1037.0,10178,17780,19219,18827,18237,19713,32767,32767,32767,32767,32767,2707.0,17600.0
1366.0,1100.0,10614,17780,20020,20141,19223,19713,32767,32767,32767,32767,32767,2648.0,17600.0
1330.0,1037.0,10614,18159,19620,19265,19716,19713,32767,32767,32767,32767,32767,2942.0,17600.0
1330.0,1016.0,11196,18537,20821,21016,20209,19713,32767,32767,32767,32767,32767,2971.0,17600.0
1401.0,1058.0,11341,18915,21221,20579,20209,19713,32767,32767,32767,32767,32767,3324.0,17600.0
1401.0,1058.0,10905,19294,21622,21016,20209,19713,32767,32767,32767,32767,32767,2824.0,17600.0
1419.0,1142.0,10759,19294,21622,21016,20209,19713,32767,32767,32767,32767,32767,2589.0,17600.0
1419.0,1058.0,12213,20428,22422,22330,21687,19713,32767,32767,32767,32767,32767,3471.0,17600.0
1507.0,1269.0,12068,21185,23223,22768,22673,19713,32767,32767,32767,32767,32767,3060.0,17600.0
1189.0,952.0,7418,17031,17625,17083,18244,19721,32767,32767,32767,32767,32767,1854.0,17600.0
1366.0,1079.0,10327,17409,19227,18835,18244,19721,32767,32767,32767,32767,32767,2708.0,17600.0
1348.0,1122.0,9600,17409,19227,18397,18244,19721,32767,32767,32767,32767,32767,2502.0,17600.0
1384.0,1016.0,10764,18166,20428,21025,19231,19721,32767,32767,32767,32767,32767,2943.0,17600.0
1437.0,1079.0,10909,18544,20428,20149,19231,19721,32767,32767,32767,32767,32767,2972.0,17600.0
1366.0,1037.0,11491,19680,20829,21025,20217,19721,32767,32767,32767,32767,32767,3355.0,17600.0
1473.0,1037.0,12073,19680,21630,21901,20710,19721,32767,32767,32767,32767,32767,4032.0,17600.0
1597.0,1143.0,12509,20815,22431,22339,22682,19721,32767,32767,32767,32767,32767,3944.0,17600.0
1138.0,1056.0,8293,16183,18080,17689,16985,20171,32767,32767,32767,32767,32767,1678.0,17600.0
1138.0,1031.0,8984,16183,18080,17689,17571,20171,32767,32767,32767,32767,32767,1958.0,17600.0
1096.0,1031.0,8984,17082,18555,18730,18156,20171,32767,32767,32767,32767,32767,1783.0,17600.0
1258.0,1015.0,9299,16633,18405,17938,18716,20246,32767,32767,32767,32767,32767,2646.0,17600.0
1329.0,1163.0,10025,17389,19205,19251,18716,20246,32767,32767,32767,32767,32767,2616.0,17600.0
1294.0,1099.0,10170,17767,20405,19251,19209,20246,32767,32767,32767,32767,32767,2381.0,17600.0
1276.0,1078.0,10606,17767,20405,20126,19209,20246,32767,32767,32767,32767,32767,2940.0,17600.0
1311.0,1121.0,10461,17767,19605,19689,19209,20246,32767,32767,32767,32767,32767,3028.0,17600.0
1365.0,1142.0,10607,17013,20007,18815,19211,20248,32767,32767,32767,32767,32767,2999.0,17600.0
1241.0,1036.0,10317,17391,19607,19253,19703,20248,32767,32767,32767,32767,32767,2646.0,17600.0
1347.0,1226.0,10607,18147,20808,20566,20196,20248,32767,32767,32767,32767,32767,2293.0,17600.0
1311.0,1163.0,10317,18903,20808,19691,19703,20248,32767,32767,32767,32767,32767,2323.0,17600.0
1205.0,930.0,12060,19281,21208,21003,20689,20248,32767,32767,32767,32767,32767,3969.0,17600.0
1400.0,1163.0,11479,19660,21608,20566,21181,20248,32767,32767,32767,32767,32767,3175.0,17600.0
1329.0,1036.0,11189,20794,22008,23629,21181,20248,32767,32767,32767,32767,32767,3293.0,17600.0
1082.0,910.0,7415,16645,18418,17952,18730,20260,32767,32767,32767,32767,32767,1353.0,17600.0
1277.0,952.0,9451,16645,18819,19265,18237,20260,32767,32767,32767,32767,32767,2501.0,17600.0
1170.0,952.0,8869,17024,19219,19265,19223,20260,32767,32767,32767,32767,32767,2089.0,17600.0
1277.0,973.0,10614,17780,19620,18827,19223,20260,32767,32767,32767,32767,32767,2971.0,17600.0
1472.0,1248.0,11341,18537,21221,21016,21687,20260,32767,32767,32767,32767,32767,3677.0,17600.0
1436.0,1121.0,10759,18537,20420,20579,20702,20260,32767,32767,32767,32767,32767,2883.0,17600.0
1507.0,1269.0,11486,18915,22422,21454,20702,20260,32767,32767,32767,32767,32767,2971.0,17600.0
1330.0,994.0,11486,19672,20821,21892,21194,20260,32767,32767,32767,32767,32767,3207.0,17600.0
1454.0,1058.0,11777,20050,21221,21454,20702,20260,32767,32767,32767,32767,32767,3354.0,17600.0
1472.0,1079.0,11923,20050,21622,21892,21687,20260,32767,32767,32767,32767,32767,3589.0,17600.0
1472.0,1185.0,12359,20428,22022,22768,22180,20260,32767,32767,32767,32767,32767,3265.0,17600.0
1366.0,1079.0,8873,17787,19627,18397,18244,20268,32767,32767,32767,32767,32767,2737.0,17600.0
1277.0,1016.0,9891,18166,19227,19711,19724,20268,32767,32767,32767,32767,32767,2531.0,17600.0
1473.0,1122.0,11055,18923,20428,20587,20217,20268,32767,32767,32767,32767,32767,3002.0,17600.0
1455.0,1228.0,11346,18923,20829,20587,20710,20268,32767,32767,32767,32767,32767,2766.0,17600.0
1419.0,1122.0,10764,19301,20829,20587,20217,20268,32767,32767,32767,32767,32767,2825.0,17600.0
1490.0,1333.0,9746,19680,20829,21025,19724,20268,32767,32767,32767,32767,32767,2266.0,17600.0
1508.0,1143.0,11346,20437,21630,22339,21203,20268,32767,32767,32767,32767,32767,3355.0,17600.0
1614.0,1355.0,11782,20437,23633,22777,21696,20268,32767,32767,32767,32767,32767,3797.0,17600.0
1437.0,1185.0,11636,20437,22431,23215,22189,20268,32767,32767,32767,32767,32767,2914.0,17600.0
1347.0,1078.0,11187,19279,21205,21000,19701,20792,32767,32767,32767,32767,32767,3498.0,17600.0
1294.0,1036.0,9444,17011,18405,18814,18224,20793,32767,32767,32767,32767,32767,2587.0,17600.0
1258.0,1078.0,10025,17767,19605,20564,19701,20793,32767,32767,32767,32767,32767,2411.0,17600.0
1329.0,1142.0,10025,18145,19605,20564,20194,20793,32767,32767,32767,32767,32767,2499.0,17600.0
1311.0,1121.0,10897,18523,20004,20564,20686,20793,32767,32767,32767,32767,32767,3057.0,17600.0
1329.0,1078.0,10025,18523,19605,19689,19701,20793,32767,32767,32767,32767,32767,2705.0,17600.0
1329.0,1226.0,10753,18525,20808,20128,20689,20795,32767,32767,32767,32767,32767,2234.0,17600.0
1329.0,1142.0,9736,18525,20808,20128,20689,20795,32767,32767,32767,32767,32767,2323.0,17600.0
1311.0,1142.0,10898,18903,21608,21003,20689,20795,32767,32767,32767,32767,32767,2470.0,17600.0
1347.0,1184.0,11043,18903,21608,20566,21181,20795,32767,32767,32767,32767,32767,2587.0,17600.0
1294.0,1121.0,11189,19281,22408,22316,20196,20795,32767,32767,32767,32767,32767,2528.0,17600.0
1294.0,1163.0,10898,19281,21608,20566,20689,20795,32767,32767,32767,32767,32767,2234.0,17600.0
1329.0,1142.0,11334,20416,22408,21441,22166,20795,32767,32767,32767,32767,32767,2734.0,17600.0
1436.0,1206.0,10469,18537,20821,20141,20209,20808,32767,32767,32767,32767,32767,2795.0,17600.0
1330.0,1142.0,10614,18537,20020,19703,19223,20808,32767,32767,32767,32767,32767,2559.0,17600.0
1348.0,1206.0,10759,18537,20420,20579,20209,20808,32767,32767,32767,32767,32767,2530.0,17600.0
1224.0,1058.0,9160,18537,20020,20579,20209,20808,32767,32767,32767,32767,32767,2089.0,17600.0
1330.0,1142.0,10323,18537,19620,18827,19716,20808,32767,32767,32767,32767,32767,2354.0,17600.0
1454.0,1058.0,11486,19294,20821,21016,20209,20808,32767,32767,32767,32767,32767,3530.0,17600.0
1507.0,1248.0,11632,19672,22422,21016,22180,20808,32767,32767,32767,32767,32767,3207.0,17600.0
1419.0,1228.0,10182,18544,20028,20587,20217,20816,32767,32767,32767,32767,32767,2413.0,17600.0
1419.0,1206.0,10473,18544,20428,19711,20217,20816,32767,32767,32767,32767,32767,2678.0,17600.0
1384.0,1122.0,10036,18544,20829,20149,19724,20816,32767,32767,32767,32767,32767,2443.0,17600.0
1437.0,1143.0,11055,18923,21230,21463,20710,20816,32767,32767,32767,32767,32767,3267.0,17600.0
1543.0,1164.0,11055,20437,21630,21463,21203,20816,32767,32767,32767,32767,32767,2914.0,17600.0
1384.0,1016.0,11782,20437,22031,22339,22189,20816,32767,32767,32767,32767,32767,3502.0,17600.0
1222.0,1106.0,9330,16633,18080,18730,17571,20821,32767,32767,32767,32767,32767,2447.0,17600.0
1159.0,1106.0,9330,17082,19507,19250,19328,20821,32767,32767,32767,32767,32767,1888.0,17600.0
1159.0,1081.0,9157,17082,18080,18210,18742,20821,32767,32767,32767,32767,32767,1993.0,17600.0
1138.0,1081.0,8811,17532,19031,18730,18742,20821,32767,32767,32767,32767,32767,1433.0,17600.0
1201.0,1131.0,9502,17981,20459,20291,19328,20821,32767,32767,32767,32767,32767,2028.0,17600.0
1180.0,1081.0,8984,18431,19507,19770,19914,20821,32767,32767,32767,32767,32767,1538.0,17600.0
1180.0,1156.0,10021,18431,19983,19250,19328,20821,32767,32767,32767,32767,32767,2237.0,17600.0
1453.0,1247.0,10170,18145,19605,20564,19701,21340,32767,32767,32767,32767,32767,2675.0,17600.0
1382.0,1205.0,10316,18523,20405,20126,20686,21340,32767,32767,32767,32767,32767,2499.0,17600.0
1240.0,1036.0,10316,18523,20005,20126,20194,21340,32767,32767,32767,32767,32767,2558.0,17600.0
1329.0,1078.0,10316,18901,19205,19689,20194,21340,32767,32767,32767,32767,32767,2558.0,17600.0
1347.0,1099.0,10753,18147,20808,20566,21674,21342,32767,32767,32767,32767,32767,2999.0,17600.0
1329.0,1163.0,9881,18525,19607,19691,19703,21342,32767,32767,32767,32767,32767,2675.0,17600.0
1294.0,1121.0,11189,18903,21608,21441,21181,21342,32767,32767,32767,32767,32767,2911.0,17600.0
1365.0,1226.0,11043,19281,21608,21003,21674,21342,32767,32767,32767,32767,32767,2381.0,17600.0
1524.0,1607.0,11189,19281,21608,21878,21674,21342,32767,32767,32767,32767,32767,2911.0,17600.0
1471.0,1332.0,11043,19281,21608,21441,21181,21342,32767,32767,32767,32767,32767,2764.0,17600.0
1365.0,1226.0,10753,19281,21208,21878,22659,21342,32767,32767,32767,32767,32767,3058.0,17600.0
1506.0,1184.0,12060,19660,22008,21003,22166,21342,32767,32767,32767,32767,32767,4057.0,17600.0
1311.0,1184.0,10753,19660,21208,21878,20689,21342,32767,32767,32767,32767,32767,2234.0,17600.0
1347.0,1099.0,10607,19660,20808,21003,21181,21342,32767,32767,32767,32767,32767,2822.0,17600.0
1276.0,1163.0,11043,20038,22008,21441,21181,21342,32767,32767,32767,32767,32767,2234.0,17600.0
1295.0,1079.0,10323,17402,20020,20579,19716,21356,32767,32767,32767,32767,32767,2707.0,17600.0
1312.0,1185.0,9887,17780,19620,19703,20209,21356,32767,32767,32767,32767,32767,2442.0,17600.0
1348.0,1037.0,10759,18915,21622,21016,21687,21356,32767,32767,32767,32767,32767,2648.0,17600.0
1366.0,1121.0,10323,18915,20821,19703,20209,21356,32767,32767,32767,32767,32767,2501.0,17600.0
1330.0,1185.0,11050,19294,20821,21016,21194,21356,32767,32767,32767,32767,32767,2707.0,17600.0
1224.0,994.0,10614,19294,20420,20579,21194,21356,32767,32767,32767,32767,32767,2824.0,17600.0
1188.0,867.0,11341,20050,20821,21892,21687,21356,32767,32767,32767,32767,32767,3118.0,17600.0
1454.0,1185.0,12213,21185,23623,24081,23166,21356,32767,32767,32767,32767,32767,3619.0,17600.0
1756.0,1608.0,12359,21942,24024,25395,23659,21356,32767,32767,32767,32767,32767,3383.0,17600.0
1454.0,1100.0,12650,22698,23623,24957,24152,21356,32767,32767,32767,32767,32767,3265.0,17600.0
1366.0,1143.0,9455,19301,21230,20587,21203,21364,32767,32767,32767,32767,32767,2443.0,17600.0
1455.0,1122.0,11491,19301,21630,21463,21203,21364,32767,32767,32767,32767,32767,3208.0,17600.0
1614.0,1418.0,11346,20437,22031,22339,22189,21364,32767,32767,32767,32767,32767,3237.0,17600.0
1508.0,1164.0,11491,20437,22031,21901,21696,21364,32767,32767,32767,32767,32767,3178.0,17600.0
1384.0,1037.0,12073,20815,23232,21901,21203,21364,32767,32767,32767,32767,32767,3591.0,17600.0
1419.0,1101.0,11636,21194,23232,23653,22682,21364,32767,32767,32767,32767,32767,3267.0,17600.0
1138.0,1056.0,8811,16633,18555,18730,19328,21472,32767,32767,32767,32767,32767,1748.0,17600.0
1222.0,1182.0,9848,17532,19507,19250,20499,21472,32767,32767,32767,32767,32767,1818.0,17600.0
1159.0,1081.0,9848,18431,19983,19250,19914,21472,32767,32767,32767,32767,32767,1958.0,17600.0
1180.0,1131.0,10366,18880,20934,20291,21085,21472,32767,32767,32767,32767,32767,2097.0,17600.0
1222.0,1257.0,10021,18880,20934,20291,20499,21472,32767,32767,32767,32767,32767,1818.0,17600.0
1276.0,1121.0,9880,17389,19205,19689,19701,21887,32767,32767,32767,32767,32767,2322.0,17600.0
1365.0,1121.0,10170,17767,19205,20126,19701,21887,32767,32767,32767,32767,32767,2793.0,17600.0
1347.0,1121.0,10170,18145,20005,20126,19701,21887,32767,32767,32767,32767,32767,2793.0,17600.0
1294.0,1142.0,10170,18901,20405,19689,20194,21887,32767,32767,32767,32767,32767,2440.0,17600.0
1347.0,1226.0,10316,18901,21206,21439,21179,21887,32767,32767,32767,32767,32767,2352.0,17600.0
1329.0,1226.0,11187,19279,22006,21439,21179,21887,32767,32767,32767,32767,32767,2763.0,17600.0
1365.0,1269.0,11042,19279,20805,21439,21672,21887,32767,32767,32767,32767,32767,2558.0,17600.0
1329.0,1226.0,10606,19658,21206,21876,21179,21887,32767,32767,32767,32767,32767,2322.0,17600.0
1382.0,1184.0,10461,19658,21206,22314,21179,21887,32767,32767,32767,32767,32767,2734.0,17600.0
1418.0,1290.0,10606,19658,21606,21876,21179,21887,32767,32767,32767,32767,32767,2234.0,17600.0
1365.0,1226.0,11623,20414,22806,23626,21672,21887,32767,32767,32767,32767,32767,2499.0,17600.0
1347.0,1142.0,9590,18525,20808,20128,21181,21889,32767,32767,32767,32767,32767,2440.0,17600.0
1294.0,1121.0,11334,19281,21608,21003,20689,21889,32767,32767,32767,32767,32767,2822.0,17600.0
1365.0,1247.0,10898,19281,22008,21441,21181,21889,32767,32767,32767,32767,32767,2293.0,17600.0
1382.0,1184.0,11043,20038,22008,21441,21181,21889,32767,32767,32767,32767,32767,2911.0,17600.0
1400.0,1269.0,11189,20416,23208,23191,22659,21889,32767,32767,32767,32767,32767,2617.0,17600.0
1418.0,1290.0,11915,20416,23208,23629,22166,21889,32767,32767,32767,32767,32767,2470.0,17600.0
1294.0,1142.0,11189,20416,22408,22316,21181,21889,32767,32767,32767,32767,32767,2470.0,17600.0
1347.0,1269.0,11189,20794,23208,23191,22166,21889,32767,32767,32767,32767,32767,2146.0,17600.0
1259.0,1016.0,10469,18537,20821,21016,20209,21903,32767,32767,32767,32767,32767,2677.0,17600.0
1224.0,1037.0,9596,18537,20821,21016,22180,21903,32767,32767,32767,32767,32767,2148.0,17600.0
1366.0,1206.0,10759,18915,21622,20579,20702,21903,32767,32767,32767,32767,32767,2559.0,17600.0
1259.0,1079.0,10178,18915,20420,19703,20209,21903,32767,32767,32767,32767,32767,2412.0,17600.0
1401.0,1248.0,11486,19294,20821,21892,21687,21903,32767,32767,32767,32767,32767,2942.0,17600.0
1366.0,1164.0,10469,19294,20821,20141,20702,21903,32767,32767,32767,32767,32767,2501.0,17600.0
1330.0,1121.0,10469,19294,20821,21016,20702,21903,32767,32767,32767,32767,32767,2648.0,17600.0
1401.0,1206.0,11050,20050,22422,21454,22673,21903,32767,32767,32767,32767,32767,2471.0,17600.0
1241.0,910.0,10759,20428,22022,22768,20702,21903,32767,32767,32767,32767,32767,3001.0,17600.0
1436.0,1269.0,11050,20428,22422,22330,22673,21903,32767,32767,32767,32767,32767,2912.0,17600.0
1685.0,1418.0,12359,20807,23623,24081,24645,21903,32767,32767,32767,32767,32767,3766.0,17600.0
1472.0,1312.0,12650,21185,23223,22768,23659,21903,32767,32767,32767,32767,32767,3177.0,17600.0
1490.0,1227.0,11777,21185,24024,23206,23166,21903,32767,32767,32767,32767,32767,3413.0,17600.0
1348.0,1185.0,10473,17787,20428,21025,20710,21912,32767,32767,32767,32767,32767,2443.0,17600.0
1526.0,1206.0,11055,19680,21230,21025,20710,21912,32767,32767,32767,32767,32767,3031.0,17600.0
1384.0,1206.0,10182,20058,22431,22339,22189,21912,32767,32767,32767,32767,32767,2031.0,17600.0
1419.0,1249.0,10909,20058,22832,21901,21696,21912,32767,32767,32767,32767,32767,2413.0,17600.0
1419.0,1037.0,12073,20437,22031,23653,21203,21912,32767,32767,32767,32767,32767,3561.0,17600.0
1543.0,1164.0,11636,21194,23232,23215,22682,21912,32767,32767,32767,32767,32767,2884.0,17600.0
1180.0,1131.0,9675,17981,19507,20291,21085,22123,32767,32767,32767,32767,32767,1748.0,17600.0
1222.0,1106.0,9848,17981,20934,20291,20499,22123,32767,32767,32767,32767,32767,2132.0,17600.0
1201.0,1106.0,9330,18431,20459,20811,20499,22123,32767,32767,32767,32767,32767,1713.0,17600.0
1222.0,1257.0,9675,18880,20459,20291,19914,22123,32767,32767,32767,32767,32767,1783.0,17600.0
1222.0,1307.0,10021,18880,20934,20291,20499,22123,32767,32767,32767,32767,32767,2028.0,17600.0
1201.0,1207.0,10194,18880,20934,20291,21085,22123,32767,32767,32767,32767,32767,1818.0,17600.0
1264.0,1332.0,10712,18880,21410,21331,21671,22123,32767,32767,32767,32767,32767,2132.0,17600.0
1433.0,1383.0,10021,20229,20459,20291,21085,22123,32767,32767,32767,32767,32767,2307.0,17600.0
1542.0,1459.0,10606,18145,21206,20564,21179,22434,32767,32767,32767,32767,32767,2763.0,17600.0
1400.0,1163.0,10606,18901,20805,21001,20194,22434,32767,32767,32767,32767,32767,2646.0,17600.0
1347.0,1226.0,10316,19658,21206,21439,21179,22434,32767,32767,32767,32767,32767,2293.0,17600.0
1400.0,1332.0,10461,19658,21606,21439,22164,22434,32767,32767,32767,32767,32767,2440.0,17600.0
1382.0,1226.0,10606,19658,21206,21876,21672,22434,32767,32767,32767,32767,32767,2793.0,17600.0
1347.0,1184.0,11042,20036,22806,23626,24627,22434,32767,32767,32767,32767,32767,3116.0,17600.0
1365.0,1269.0,10316,20414,21606,22314,21672,22434,32767,32767,32767,32767,32767,2411.0,17600.0
1329.0,1078.0,11334,19281,22008,22316,22166,22437,32767,32767,32767,32767,32767,2852.0,17600.0
1365.0,1184.0,10753,20038,21208,21878,20689,22437,32767,32767,32767,32767,32767,2293.0,17600.0
1418.0,1205.0,11043,20794,22808,22754,23151,22437,32767,32767,32767,32767,32767,2381.0,17600.0
1347.0,1226.0,12642,21928,24809,24066,23644,22437,32767,32767,32767,32767,32767,2293.0,17600.0
1277.0,1121.0,10759,18537,22022,20579,21687,22451,32767,32767,32767,32767,32767,2501.0,17600.0
1366.0,1142.0,10469,18915,20420,21454,21194,22451,32767,32767,32767,32767,32767,2383.0,17600.0
1295.0,1121.0,10178,19294,21221,21454,21687,22451,32767,32767,32767,32767,32767,2206.0,17600.0
1454.0,1354.0,10759,19672,21221,21892,21687,22451,32767,32767,32767,32767,32767,2530.0,17600.0
1330.0,1142.0,10469,19672,22823,21454,22673,22451,32767,32767,32767,32767,32767,2324.0,17600.0
1383.0,1079.0,11050,20428,22022,22330,21687,22451,32767,32767,32767,32767,32767,2707.0,17600.0
1383.0,1206.0,12213,20428,23223,22330,21687,22451,32767,32767,32767,32767,32767,3295.0,17600.0
1507.0,1375.0,11341,20428,22823,22768,23166,22451,32767,32767,32767,32767,32767,2824.0,17600.0
1472.0,1206.0,11777,21185,23223,23644,23166,22451,32767,32767,32767,32767,32767,2618.0,17600.0
1454.0,1142.0,12504,21185,23623,23644,23659,22451,32767,32767,32767,32767,32767,2971.0,17600.0
1525.0,1269.0,12650,22320,24825,24957,24645,22451,32767,32767,32767,32767,32767,3177.0,17600.0
1455.0,1228.0,9746,19301,20428,21463,21696,22460,32767,32767,32767,32767,32767,2207.0,17600.0
1384.0,1164.0,11491,20058,22031,22339,22189,22460,32767,32767,32767,32767,32767,2737.0,17600.0
1348.0,1101.0,10473,20437,22832,22339,23668,22460,32767,32767,32767,32767,32767,2443.0,17600.0
1490.0,1291.0,10909,20815,22431,23215,22682,22460,32767,32767,32767,32767,32767,2413.0,17600.0
1508.0,1312.0,12946,21194,23232,23653,23668,22460,32767,32767,32767,32767,32767,3620.0,17600.0
1455.0,1206.0,11491,21572,23232,23653,23175,22460,32767,32767,32767,32767,32767,2825.0,17600.0
1473.0,1376.0,11200,21572,24033,23653,23668,22460,32767,32767,32767,32767,32767,2207.0,17600.0
1543.0,1270.0,12218,21950,22832,23215,23668,22460,32767,32767,32767,32767,32767,3208.0,17600.0
1473.0,1143.0,12073,22329,23633,24529,23668,22460,32767,32767,32767,32767,32767,3267.0,17600.0
1437.0,1101.0,12509,22329,24434,24091,22189,22460,32767,32767,32767,32767,32767,3120.0,17600.0
1756.0,1757.0,12364,22707,24033,24967,25641,22460,32767,32767,32767,32767,32767,3385.0,17600.0
1419.0,1143.0,12509,24221,25636,25843,25148,22460,32767,32767,32767,32767,32767,3120.0,17600.0
1650.0,1460.0,13382,24600,26036,26281,24655,22460,32767,32767,32767,32767,32767,3679.0,17600.0
1201.0,1207.0,10021,18431,21410,20811,21085,22773,32767,32767,32767,32767,32767,1818.0,17600.0
1138.0,1081.0,9330,18431,21410,20811,21671,22773,32767,32767,32767,32767,32767,1398.0,17600.0
1264.0,1232.0,9848,18431,20934,20291,21085,22773,32767,32767,32767,32767,32767,1748.0,17600.0
1222.0,1207.0,10366,18880,21410,20811,21671,22773,32767,32767,32767,32767,32767,1783.0,17600.0
1117.0,955.0,9848,18880,21410,20811,22256,22773,32767,32767,32767,32767,32767,1643.0,17600.0
1222.0,1182.0,9848,19330,20934,20811,21671,22773,32767,32767,32767,32767,32767,1573.0,17600.0
1243.0,1207.0,10539,19330,21410,21331,21671,22773,32767,32767,32767,32767,32767,1958.0,17600.0
1391.0,1383.0,11230,20678,22362,21852,21671,22773,32767,32767,32767,32767,32767,2237.0,17600.0
1382.0,1184.0,10751,19279,21605,22750,23148,22981,32767,32767,32767,32767,32767,2881.0,17600.0
1347.0,1142.0,11187,19657,22005,22313,22656,22981,32767,32767,32767,32767,32767,2675.0,17600.0
1435.0,1247.0,10896,19657,22005,21875,22163,22981,32767,32767,32767,32767,32767,2528.0,17600.0
1418.0,1184.0,11187,20035,22005,21438,22656,22981,32767,32767,32767,32767,32767,2587.0,17600.0
1400.0,1205.0,10170,19279,20405,20564,20686,22982,32767,32767,32767,32767,32767,2705.0,17600.0
1418.0,1332.0,10752,19658,21206,21876,21672,22982,32767,32767,32767,32767,32767,2352.0,17600.0
1577.0,1628.0,10897,20036,21606,22751,22657,22982,32767,32767,32767,32767,32767,2587.0,17600.0
1453.0,1311.0,10897,20036,22006,21439,21672,22982,32767,32767,32767,32767,32767,2616.0,17600.0
1577.0,1607.0,10897,20036,21606,22314,22657,22982,32767,32767,32767,32767,32767,2381.0,17600.0
1436.0,1353.0,11043,20038,23609,22754,23644,22984,32767,32767,32767,32767,32767,2705.0,17600.0
1400.0,1247.0,11624,20038,22808,21878,22659,22984,32767,32767,32767,32767,32767,2734.0,17600.0
1382.0,1290.0,10753,20416,21608,21441,21674,22984,32767,32767,32767,32767,32767,2176.0,17600.0
1418.0,1374.0,11334,20416,22808,21441,21674,22984,32767,32767,32767,32767,32767,2176.0,17600.0
1613.0,1544.0,12060,20794,23208,22316,23644,22984,32767,32767,32767,32767,32767,2940.0,17600.0
1418.0,1290.0,11334,21172,23609,22754,23151,22984,32767,32767,32767,32767,32767,2381.0,17600.0
1436.0,1311.0,11479,21550,23609,22754,23644,22984,32767,32767,32767,32767,32767,2146.0,17600.0
1436.0,1396.0,11770,21928,24409,23629,23151,22984,32767,32767,32767,32767,32767,2176.0,17600.0
1365.0,1269.0,11334,21928,24009,23191,23151,22984,32767,32767,32767,32767,32767,2117.0,17600.0
1241.0,1058.0,10323,19294,22823,21892,22673,22998,32767,32767,32767,32767,32767,2236.0,17600.0
1330.0,1164.0,11050,19672,22422,21454,22673,22998,32767,32767,32767,32767,32767,2501.0,17600.0
1472.0,1396.0,9742,19672,22422,23206,23659,22998,32767,32767,32767,32767,32767,2089.0,17600.0
1330.0,1185.0,10323,20050,23223,22768,24152,22998,32767,32767,32767,32767,32767,2236.0,17600.0
1454.0,1375.0,11196,20428,23223,23206,23166,22998,32767,32767,32767,32767,32767,2501.0,17600.0
1383.0,1248.0,10614,20428,22422,22768,23166,22998,32767,32767,32767,32767,32767,2354.0,17600.0
1383.0,1269.0,11632,20428,22823,22330,22180,22998,32767,32767,32767,32767,32767,2589.0,17600.0
1561.0,1460.0,11923,20807,22823,23206,23166,22998,32767,32767,32767,32767,32767,2707.0,17600.0
1312.0,1164.0,11050,20807,22422,22768,22180,22998,32767,32767,32767,32767,32767,2412.0,17600.0
1507.0,1291.0,11632,20807,22823,22768,23166,22998,32767,32767,32767,32767,32767,2648.0,17600.0
1436.0,1460.0,12213,21185,24024,23206,24645,22998,32767,32767,32767,32767,32767,2912.0,17600.0
1348.0,1143.0,11200,20058,22431,22339,22682,23007,32767,32767,32767,32767,32767,2708.0,17600.0
1579.0,1397.0,11782,21194,23232,23653,24161,23007,32767,32767,32767,32767,32767,2443.0,17600.0
1384.0,1228.0,10473,21572,23633,22777,23175,23007,32767,32767,32767,32767,32767,1942.0,17600.0
1579.0,1397.0,11782,21950,24033,23653,24161,23007,32767,32767,32767,32767,32767,2531.0,17600.0
1561.0,1333.0,13091,22329,24835,25405,25148,23007,32767,32767,32767,32767,32767,3208.0,17600.0
1473.0,1206.0,12364,22329,24434,24967,24655,23007,32767,32767,32767,32767,32767,3031.0,17600.0
1526.0,1143.0,11636,22329,24033,24091,23668,23007,32767,32767,32767,32767,32767,2972.0,17600.0
1614.0,1376.0,12800,22707,24835,25405,25148,23007,32767,32767,32767,32767,32767,3031.0,17600.0
1561.0,1291.0,13091,22707,24835,24529,25148,23007,32767,32767,32767,32767,32767,3591.0,17600.0
1668.0,1397.0,12946,23464,24835,25843,25148,23007,32767,32767,32767,32767,32767,4356.0,17600.0
1579.0,1291.0,12073,23843,26437,25843,26134,23007,32767,32767,32767,32767,32767,2678.0,17600.0
1201.0,1156.0,10021,17981,21410,20291,21085,23424,32767,32767,32767,32767,32767,1853.0,17600.0
1349.0,1282.0,9848,18880,21886,20811,22256,23424,32767,32767,32767,32767,32767,1783.0,17600.0
1412.0,1358.0,9330,18880,20459,21852,21671,23424,32767,32767,32767,32767,32767,2028.0,17600.0
1222.0,1182.0,10539,19330,21886,21331,22256,23424,32767,32767,32767,32767,32767,1818.0,17600.0
1243.0,1257.0,10539,19330,22362,20811,21671,23424,32767,32767,32767,32767,32767,2062.0,17600.0
1391.0,1408.0,10366,19779,22837,21852,22842,23424,32767,32767,32767,32767,32767,1993.0,17600.0
1201.0,1257.0,10366,19779,21410,21331,22256,23424,32767,32767,32767,32767,32767,1783.0,17600.0
1875.0,2087.0,10366,19779,20934,21331,22842,23424,32767,32767,32767,32767,32767,2762.0,17600.0
1243.0,1232.0,10366,20229,22837,21852,23428,23424,32767,32767,32767,32767,32767,1573.0,17600.0
1328.0,1483.0,10366,20229,22362,21852,22842,23424,32767,32767,32767,32767,32767,1923.0,17600.0
1307.0,1408.0,10194,20678,21886,21852,23428,23424,32767,32767,32767,32767,32767,1818.0,17600.0
1349.0,1483.0,10712,20678,22837,22372,23428,23424,32767,32767,32767,32767,32767,1748.0,17600.0
1453.0,1290.0,10896,20035,22405,22313,22163,23528,32767,32767,32767,32767,32767,2381.0,17600.0
1347.0,1226.0,11478,20414,22406,22314,23149,23529,32767,32767,32767,32767,32767,2558.0,17600.0
1489.0,1438.0,11187,20414,22806,23189,23642,23529,32767,32767,32767,32767,32767,2469.0,17600.0
1435.0,1290.0,11042,20414,22406,21876,22164,23529,32767,32767,32767,32767,32767,2558.0,17600.0
1559.0,1395.0,11478,20414,23206,22751,22657,23529,32767,32767,32767,32767,32767,2822.0,17600.0
1435.0,1332.0,11333,20414,22806,22751,22657,23529,32767,32767,32767,32767,32767,2352.0,17600.0
1347.0,1269.0,11478,20414,23606,23189,23149,23529,32767,32767,32767,32767,32767,2293.0,17600.0
1382.0,1290.0,10461,20792,22406,22314,22657,23529,32767,32767,32767,32767,32767,2087.0,17600.0
1577.0,1395.0,11914,21170,23606,23626,23149,23529,32767,32767,32767,32767,32767,2734.0,17600.0
1365.0,1247.0,10753,20038,21608,22316,21674,23531,32767,32767,32767,32767,32767,2323.0,17600.0
1347.0,1184.0,11189,20038,22808,22754,22659,23531,32767,32767,32767,32767,32767,2705.0,17600.0
1382.0,1226.0,10462,20416,24009,23191,24137,23531,32767,32767,32767,32767,32767,2411.0,17600.0
1365.0,1142.0,11043,20416,24009,23191,24629,23531,32767,32767,32767,32767,32767,2705.0,17600.0
1471.0,1417.0,12060,20794,23208,24066,23644,23531,32767,32767,32767,32767,32767,2499.0,17600.0
1400.0,1163.0,12060,21172,23609,24504,24137,23531,32767,32767,32767,32767,32767,3410.0,17600.0
1294.0,1078.0,11770,21172,22408,24066,24629,23531,32767,32767,32767,32767,32767,3322.0,17600.0
1684.0,1988.0,12351,21172,23609,23191,23644,23531,32767,32767,32767,32767,32767,3205.0,17600.0
1453.0,1417.0,12060,21928,24009,23629,23151,23531,32767,32767,32767,32767,32767,2323.0,17600.0
1382.0,1247.0,11770,21928,23609,24066,23644,23531,32767,32767,32767,32767,32767,2352.0,17600.0
1418.0,1417.0,12787,22684,26010,25379,25122,23531,32767,32767,32767,32767,32767,2323.0,17600.0
1648.0,1480.0,13223,23818,26010,26692,26600,23531,32767,32767,32767,32767,32767,3116.0,17600.0
1100.0,952.0,7561,18537,20020,21454,22673,23546,32767,32767,32767,32767,32767,1236.0,17600.0
1383.0,1185.0,10032,19294,21622,21016,21194,23546,32767,32767,32767,32767,32767,2471.0,17600.0
1330.0,1206.0,9451,20050,22022,21454,23166,23546,32767,32767,32767,32767,32767,1971.0,17600.0
1383.0,1185.0,12068,20428,22823,23206,23659,23546,32767,32767,32767,32767,32767,2824.0,17600.0
1454.0,1333.0,11341,20428,22422,22330,22673,23546,32767,32767,32767,32767,32767,2736.0,17600.0
1472.0,1502.0,11632,20807,22422,22330,22673,23546,32767,32767,32767,32767,32767,2471.0,17600.0
1561.0,1439.0,11632,21185,24024,22768,22673,23546,32767,32767,32767,32767,32767,3265.0,17600.0
1596.0,1333.0,11632,21185,24024,24957,25631,23546,32767,32767,32767,32767,32767,3148.0,17600.0
1383.0,1227.0,11777,22320,24024,24081,24645,23546,32767,32767,32767,32767,32767,2707.0,17600.0
1543.0,1355.0,11782,20815,23633,22777,23668,23555,32767,32767,32767,32767,32767,2825.0,17600.0
1313.0,1079.0,11200,20815,23232,22777,22682,23555,32767,32767,32767,32767,32767,2619.0,17600.0
1473.0,1270.0,11636,21194,23232,22339,23175,23555,32767,32767,32767,32767,32767,2619.0,17600.0
1402.0,1101.0,12509,21950,24033,24091,24161,23555,32767,32767,32767,32767,32767,3267.0,17600.0
1526.0,1291.0,12073,22329,24835,24091,24161,23555,32767,32767,32767,32767,32767,2531.0,17600.0
1508.0,1228.0,12655,22707,24434,24091,23668,23555,32767,32767,32767,32767,32767,3120.0,17600.0
1597.0,1333.0,13091,22707,26036,25843,25148,23555,32767,32767,32767,32767,32767,3326.0,17600.0
1526.0,1270.0,11927,22707,24033,23653,24161,23555,32767,32767,32767,32767,32767,2855.0,17600.0
2235.0,1968.0,12946,22707,25235,26281,26134,23555,32767,32767,32767,32767,32767,3502.0,17600.0
1881.0,1418.0,12655,23086,25636,25843,25148,23555,32767,32767,32767,32767,32767,3120.0,17600.0
2056.0,2093.0,7991,19279,20004,21438,21178,24075,32767,32767,32767,32767,32767,2058.0,17600.0
1201.0,1156.0,9675,19330,21410,20811,21085,24075,32767,32767,32767,32767,32767,1713.0,17600.0
1489.0,1268.0,11478,20035,22405,21875,22656,24075,32767,32767,32767,32767,32767,2616.0,17600.0
1264.0,1232.0,9848,20229,22837,23412,22842,24075,32767,32767,32767,32767,32767,1818.0,17600.0
1222.0,1207.0,10021,20678,21886,21852,22842,24075,32767,32767,32767,32767,32767,1608.0,17600.0
1391.0,1508.0,11057,20678,24265,22892,24013,24075,32767,32767,32767,32767,32767,2167.0,17600.0
1349.0,1383.0,10712,20678,24265,23933,23428,24075,32767,32767,32767,32767,32767,1748.0,17600.0
1264.0,1282.0,11230,21128,24265,23412,24013,24075,32767,32767,32767,32767,32767,1818.0,17600.0
1349.0,1383.0,11748,21128,22837,21852,22256,24075,32767,32767,32767,32767,32767,2237.0,17600.0
1349.0,1408.0,10885,21128,22837,22892,23428,24075,32767,32767,32767,32767,32767,1888.0,17600.0
1285.0,1358.0,11057,21577,23789,23412,24013,24075,32767,32767,32767,32767,32767,1818.0,17600.0
1489.0,1353.0,11332,21925,23605,23188,23641,24075,32767,32767,32767,32767,32767,2381.0,17600.0
1471.0,1311.0,10897,20036,22806,22314,22164,24076,32767,32767,32767,32767,32767,2499.0,17600.0
1595.0,1649.0,11478,20414,22806,22751,22657,24076,32767,32767,32767,32767,32767,2440.0,17600.0
1382.0,1226.0,11623,20792,22406,23626,23642,24076,32767,32767,32767,32767,32767,2910.0,17600.0
1453.0,1417.0,11187,20792,22806,22314,23642,24076,32767,32767,32767,32767,32767,2293.0,17600.0
1524.0,1417.0,11478,21170,23206,22751,24134,24076,32767,32767,32767,32767,32767,2469.0,17600.0
1471.0,1332.0,11623,21170,23606,22314,22657,24076,32767,32767,32767,32767,32767,2558.0,17600.0
1294.0,1184.0,11914,21170,23606,23626,24134,24076,32767,32767,32767,32767,32767,2705.0,17600.0
1329.0,1247.0,11623,21170,23606,23626,24134,24076,32767,32767,32767,32767,32767,2381.0,17600.0
1347.0,1269.0,11914,21548,24807,24501,25119,24076,32767,32767,32767,32767,32767,2440.0,17600.0
1400.0,1311.0,11769,21926,23606,24064,23642,24076,32767,32767,32767,32767,32767,2293.0,17600.0
1648.0,1712.0,12640,22304,26007,25376,25612,24076,32767,32767,32767,32767,32767,2587.0,17600.0
1489.0,1417.0,11770,20794,23208,23629,22659,24078,32767,32767,32767,32767,32767,2323.0,17600.0
1471.0,1438.0,11770,21172,24009,23191,23151,24078,32767,32767,32767,32767,32767,2293.0,17600.0
1666.0,1586.0,12496,21928,24809,24941,25614,24078,32767,32767,32767,32767,32767,3116.0,17600.0
1542.0,1692.0,12206,21928,23208,24066,25614,24078,32767,32767,32767,32767,32767,2646.0,17600.0
1506.0,1353.0,12496,22306,24009,25379,24629,24078,32767,32767,32767,32767,32767,2822.0,17600.0
1418.0,1353.0,13223,22306,24809,24066,24629,24078,32767,32767,32767,32767,32767,2881.0,17600.0
1259.0,1185.0,10032,20050,22823,22768,24152,24093,32767,32767,32767,32767,32767,1824.0,17600.0
1366.0,1269.0,11341,20807,23223,22330,23166,24093,32767,32767,32767,32767,32767,2383.0,17600.0
1348.0,1248.0,11341,20807,22823,22330,23166,24093,32767,32767,32767,32767,32767,2383.0,17600.0
1224.0,1058.0,10032,21185,22422,23206,24152,24093,32767,32767,32767,32767,32767,2089.0,17600.0
1472.0,1354.0,11923,21563,23223,23206,24152,24093,32767,32767,32767,32767,32767,2559.0,17600.0
1827.0,1756.0,12650,21942,24424,25833,25138,24093,32767,32767,32767,32767,32767,3383.0,17600.0
1827.0,1862.0,13231,23077,26426,26271,26123,24093,32767,32767,32767,32767,32767,3236.0,17600.0
1348.0,1164.0,12504,23455,24424,24519,23166,24093,32767,32767,32767,32767,32767,2795.0,17600.0
1437.0,1270.0,10764,19680,22031,21901,22189,24103,32767,32767,32767,32767,32767,2531.0,17600.0
1543.0,1291.0,11491,21950,24835,25405,25148,24103,32767,32767,32767,32767,32767,2560.0,17600.0
1437.0,1101.0,12218,22707,24434,24967,25148,24103,32767,32767,32767,32767,32767,2443.0,17600.0
1632.0,1841.0,11346,23086,24434,24967,24161,24103,32767,32767,32767,32767,32767,2413.0,17600.0
1650.0,1630.0,12364,23464,25235,25405,25641,24103,32767,32767,32767,32767,32767,2708.0,17600.0
1490.0,1228.0,12800,23843,25235,26719,26627,24103,32767,32767,32767,32767,32767,3120.0,17600.0
1597.0,1185.0,12509,23843,26437,26281,26134,24103,32767,32767,32767,32767,32767,3031.0,17600.0
1579.0,1333.0,12509,24600,26036,26281,26134,24103,32767,32767,32767,32767,32767,2649.0,17600.0
1489.0,1395.0,11187,21925,23605,23188,23148,24622,32767,32767,32767,32767,32767,2234.0,17600.0
1435.0,1332.0,11187,20414,23206,22314,23149,24623,32767,32767,32767,32767,32767,2264.0,17600.0
1435.0,1353.0,11333,20792,22806,22751,23149,24623,32767,32767,32767,32767,32767,2322.0,17600.0
1435.0,1353.0,11187,20792,23206,22751,24134,24623,32767,32767,32767,32767,32767,2322.0,17600.0
1471.0,1290.0,11187,21170,23206,24064,22657,24623,32767,32767,32767,32767,32767,2499.0,17600.0
1435.0,1374.0,11187,21170,23206,22314,23149,24623,32767,32767,32767,32767,32767,2293.0,17600.0
1471.0,1332.0,12495,23060,26007,26689,27089,24623,32767,32767,32767,32767,32767,2352.0,17600.0
1453.0,1311.0,13223,21550,25609,24504,26107,24626,32767,32767,32767,32767,32767,3528.0,17600.0
1294.0,1205.0,10317,21550,24809,24504,25122,24626,32767,32767,32767,32767,32767,1940.0,17600.0
1489.0,1438.0,11915,21928,24409,24066,24629,24626,32767,32767,32767,32767,32767,2264.0,17600.0
1506.0,1501.0,12060,21928,24409,24066,24137,24626,32767,32767,32767,32767,32767,2264.0,17600.0
1294.0,1036.0,11479,21928,24409,25817,25614,24626,32767,32767,32767,32767,32767,2764.0,17600.0
1471.0,1459.0,11915,22306,24009,24066,23644,24626,32767,32767,32767,32767,32767,2293.0,17600.0
1506.0,1501.0,11915,22306,24409,24504,25122,24626,32767,32767,32767,32767,32767,2323.0,17600.0
1471.0,1501.0,12496,22684,24809,25379,26107,24626,32767,32767,32767,32767,32767,2176.0,17600.0
1471.0,1417.0,11479,22684,24009,24504,25122,24626,32767,32767,32767,32767,32767,2176.0,17600.0
1382.0,1311.0,12060,22684,26010,26692,27092,24626,32767,32767,32767,32767,32767,2029.0,17600.0
1560.0,1988.0,13078,22684,24009,26692,27585,24626,32767,32767,32767,32767,32767,3146.0,17600.0
1400.0,1311.0,12060,23062,25209,24941,24629,24626,32767,32767,32767,32767,32767,2146.0,17600.0
1224.0,1100.0,10178,20050,23223,22768,23659,24641,32767,32767,32767,32767,32767,2030.0,17600.0
1401.0,1248.0,10614,20807,23223,23206,24152,24641,32767,32767,32767,32767,32767,2471.0,17600.0
1383.0,1248.0,11050,21185,25225,24957,25631,24641,32767,32767,32767,32767,32767,2265.0,17600.0
1490.0,1418.0,11777,21185,23623,24081,24645,24641,32767,32767,32767,32767,32767,2559.0,17600.0
1277.0,1121.0,10759,21185,22823,22768,23166,24641,32767,32767,32767,32767,32767,2206.0,17600.0
1277.0,1121.0,10905,21563,25225,24519,25631,24641,32767,32767,32767,32767,32767,2295.0,17600.0
1330.0,1206.0,11341,22320,25225,25395,26123,24641,32767,32767,32767,32767,32767,2559.0,17600.0
1685.0,1735.0,11196,22320,24424,25395,27109,24641,32767,32767,32767,32767,32767,2971.0,17600.0
1383.0,1121.0,12795,22698,24424,26708,26616,24641,32767,32767,32767,32767,32767,3118.0,17600.0
1401.0,1333.0,12940,23077,25225,27146,27109,24641,32767,32767,32767,32767,32767,3530.0,17600.0
1915.0,1862.0,12213,23077,25625,25833,25631,24641,32767,32767,32767,32767,32767,2883.0,17600.0
1525.0,1269.0,13086,24212,26026,26271,27109,24641,32767,32767,32767,32767,32767,2942.0,17600.0
1668.0,1545.0,11491,21572,23633,23215,24161,24651,32767,32767,32767,32767,32767,2708.0,17600.0
1384.0,1270.0,11782,22707,24434,24967,25148,24651,32767,32767,32767,32767,32767,2178.0,17600.0
1561.0,1312.0,12073,22707,25235,26719,26134,24651,32767,32767,32767,32767,32767,2531.0,17600.0
1597.0,1312.0,12218,23086,24835,25843,24655,24651,32767,32767,32767,32767,32767,3149.0,17600.0
1543.0,1503.0,12364,23086,26437,25843,26134,24651,32767,32767,32767,32767,32767,2472.0,17600.0
1295.0,1079.0,12218,23464,26036,25843,25641,24651,32767,32767,32767,32767,32767,2678.0,17600.0
1561.0,1312.0,12800,23843,26036,25843,27120,24651,32767,32767,32767,32767,32767,2678.0,17600.0
1561.0,1333.0,13236,24600,27638,26719,27120,24651,32767,32767,32767,32767,32767,3178.0,17600.0
1739.0,1418.0,14255,24978,26437,28909,28599,24651,32767,32767,32767,32767,32767,3649.0,17600.0
1703.0,1418.0,13382,25735,28440,29785,28106,24651,32767,32767,32767,32767,32767,3149.0,17600.0
1264.0,1307.0,10712,19330,22362,22372,23428,24725,32767,32767,32767,32767,32767,1888.0,17600.0
1285.0,1232.0,10021,19779,22837,22372,24599,24725,32767,32767,32767,32767,32767,2097.0,17600.0
1264.0,1232.0,10539,19779,21886,21331,22256,24725,32767,32767,32767,32767,32767,1993.0,17600.0
1328.0,1383.0,10366,20229,22362,22372,22842,24725,32767,32767,32767,32767,32767,1818.0,17600.0
1285.0,1282.0,10885,20229,22362,21852,22842,24725,32767,32767,32767,32767,32767,1923.0,17600.0
1285.0,1257.0,11057,20229,23789,22892,22842,24725,32767,32767,32767,32767,32767,1888.0,17600.0
1391.0,1458.0,10885,20229,23789,22372,22256,24725,32767,32767,32767,32767,32767,1958.0,17600.0
1285.0,1307.0,10539,20229,21886,20811,23428,24725,32767,32767,32767,32767,32767,1818.0,17600.0
1264.0,1182.0,10539,20229,22837,22892,23428,24725,32767,32767,32767,32767,32767,1748.0,17600.0
1307.0,1358.0,11576,20229,22837,22372,23428,24725,32767,32767,32767,32767,32767,2167.0,17600.0
1328.0,1358.0,10885,20678,23313,22892,24013,24725,32767,32767,32767,32767,32767,1818.0,17600.0
1285.0,1332.0,10885,20678,23313,21852,22256,24725,32767,32767,32767,32767,32767,1783.0,17600.0
1307.0,1408.0,10712,21128,23313,23933,24013,24725,32767,32767,32767,32767,32767,1783.0,17600.0
1307.0,1408.0,11057,21128,23789,22892,23428,24725,32767,32767,32767,32767,32767,2202.0,17600.0
1285.0,1358.0,11057,21128,23313,22892,24013,24725,32767,32767,32767,32767,32767,1958.0,17600.0
1349.0,1458.0,11230,21128,24265,23412,23428,24725,32767,32767,32767,32767,32767,1888.0,17600.0
1328.0,1408.0,10712,21128,22837,21852,22842,24725,32767,32767,32767,32767,32767,1923.0,17600.0
1307.0,1307.0,11057,21577,23313,23412,24599,24725,32767,32767,32767,32767,32767,1748.0,17600.0
1264.0,1307.0,10885,21577,24741,23933,24013,24725,32767,32767,32767,32767,32767,1713.0,17600.0
1454.0,1358.0,11576,22027,24265,24973,25185,24725,32767,32767,32767,32767,32767,2622.0,17600.0
1412.0,1483.0,11921,22027,25216,23933,25185,24725,32767,32767,32767,32767,32767,2167.0,17600.0
1475.0,1307.0,11403,22027,24265,22892,24013,24725,32767,32767,32767,32767,32767,2447.0,17600.0
1577.0,1501.0,11623,21925,24005,23188,24133,25169,32767,32767,32767,32767,32767,2646.0,17600.0
1364.0,1120.0,12495,23059,24806,26250,26103,25169,32767,32767,32767,32767,32767,2822.0,17600.0
1471.0,1438.0,11623,21548,24406,24939,24627,25170,32767,32767,32767,32767,32767,2293.0,17600.0
1506.0,1501.0,12059,21926,24406,24064,25612,25170,32767,32767,32767,32767,32767,2293.0,17600.0
1471.0,1311.0,12931,22304,24406,24501,25119,25170,32767,32767,32767,32767,32767,3469.0,17600.0
1400.0,1332.0,11914,22682,24406,24501,25612,25170,32767,32767,32767,32767,32767,2322.0,17600.0
1435.0,1269.0,12931,22682,26807,26251,26597,25170,32767,32767,32767,32767,32767,2763.0,17600.0
1489.0,1480.0,13367,24194,27607,26689,26597,25170,32767,32767,32767,32767,32767,2381.0,17600.0
1205.0,1142.0,10753,21550,24009,25817,27092,25173,32767,32767,32767,32767,32767,1470.0,17600.0
1506.0,1565.0,11915,21928,25209,24941,24137,25173,32767,32767,32767,32767,32767,2205.0,17600.0
1666.0,1692.0,12206,22306,25209,24504,25614,25173,32767,32767,32767,32767,32767,2352.0,17600.0
1506.0,1438.0,12206,22306,24009,24941,25122,25173,32767,32767,32767,32767,32767,2352.0,17600.0
1524.0,1522.0,12642,22684,25609,25817,25614,25173,32767,32767,32767,32767,32767,2323.0,17600.0
1489.0,1459.0,12787,23062,26410,25379,26107,25173,32767,32767,32767,32767,32767,2381.0,17600.0
1453.0,1417.0,12206,23440,26010,25379,26107,25173,32767,32767,32767,32767,32767,2176.0,17600.0
1489.0,1438.0,13223,23440,26010,25379,25614,25173,32767,32767,32767,32767,32767,2734.0,17600.0
1400.0,1396.0,12351,23818,25609,26254,26600,25173,32767,32767,32767,32767,32767,2087.0,17600.0
1489.0,1501.0,13078,24196,26410,25817,26600,25173,32767,32767,32767,32767,32767,2264.0,17600.0
1436.0,1374.0,12642,24196,26810,26254,26107,25173,32767,32767,32767,32767,32767,2352.0,17600.0
1560.0,1396.0,13078,24574,26010,28442,26107,25173,32767,32767,32767,32767,32767,3146.0,17600.0
1489.0,1374.0,13659,24952,28410,28879,29063,25173,32767,32767,32767,32767,32767,2911.0,17600.0
1241.0,1079.0,9742,19672,23223,21892,23659,25189,32767,32767,32767,32767,32767,2000.0,17600.0
1330.0,1206.0,11341,21942,25225,24081,26123,25189,32767,32767,32767,32767,32767,2412.0,17600.0
1419.0,1312.0,12213,21942,24825,24081,25138,25189,32767,32767,32767,32767,32767,2442.0,17600.0
1525.0,1502.0,13086,23077,25625,26271,25631,25189,32767,32767,32767,32767,32767,2648.0,17600.0
2412.0,2348.0,11196,23077,25625,22330,25631,25189,32767,32767,32767,32767,32767,2648.0,17600.0
1437.0,1206.0,12800,23464,25636,25843,27613,25199,32767,32767,32767,32767,32767,2972.0,17600.0
1561.0,1397.0,12655,23843,26437,25843,26134,25199,32767,32767,32767,32767,32767,2472.0,17600.0
1703.0,1503.0,13091,23843,26036,27595,26627,25199,32767,32767,32767,32767,32767,3061.0,17600.0
1721.0,1630.0,13818,24221,27238,28471,28599,25199,32767,32767,32767,32767,32767,3532.0,17600.0
1597.0,1439.0,12509,24221,25636,25843,25641,25199,32767,32767,32767,32767,32767,2825.0,17600.0
1614.0,1545.0,14109,24978,27638,29347,29092,25199,32767,32767,32767,32767,32767,3237.0,17600.0
1881.0,1630.0,14691,25735,28039,29785,28106,25199,32767,32767,32767,32767,32767,3591.0,17600.0
1774.0,1693.0,14255,26113,29241,29785,29092,25199,32767,32767,32767,32767,32767,3708.0,17600.0
1201.0,1207.0,10712,19779,22837,21852,22842,25376,32767,32767,32767,32767,32767,1923.0,17600.0
1201.0,1081.0,10539,20229,22837,22892,24013,25376,32767,32767,32767,32767,32767,1993.0,17600.0
1222.0,1257.0,10712,20678,23313,22372,24013,25376,32767,32767,32767,32767,32767,1748.0,17600.0
1412.0,1559.0,11230,21577,24265,24453,24013,25376,32767,32767,32767,32767,32767,1853.0,17600.0
1370.0,1433.0,11230,21577,23789,23412,23428,25376,32767,32767,32767,32767,32767,1853.0,17600.0
1328.0,1332.0,10712,21577,23789,22892,24599,25376,32767,32767,32767,32767,32767,1678.0,17600.0
1307.0,1383.0,11230,21577,24741,23933,25185,25376,32767,32767,32767,32767,32767,1923.0,17600.0
1370.0,1433.0,11230,21577,23789,23412,24013,25376,32767,32767,32767,32767,32767,2062.0,17600.0
1433.0,1508.0,12094,22027,24265,23412,24599,25376,32767,32767,32767,32767,32767,2202.0,17600.0
1370.0,1408.0,11057,22027,24265,23933,25185,25376,32767,32767,32767,32767,32767,1783.0,17600.0
1285.0,1383.0,11057,22027,24265,22892,24599,25376,32767,32767,32767,32767,32767,1713.0,17600.0
1349.0,1458.0,10712,22027,24265,24453,25185,25376,32767,32767,32767,32767,32767,1748.0,17600.0
1496.0,1584.0,11230,22926,25216,25494,25185,25376,32767,32767,32767,32767,32767,1993.0,17600.0
1577.0,1564.0,12204,21925,24405,24938,25118,25716,32767,32767,32767,32767,32767,2528.0,17600.0
1471.0,1311.0,10896,21925,24405,25813,24133,25716,32767,32767,32767,32767,32767,2881.0,17600.0
1542.0,1395.0,10461,20792,22406,22751,23642,25717,32767,32767,32767,32767,32767,2293.0,17600.0
1772.0,1755.0,12059,21548,23606,24501,25612,25717,32767,32767,32767,32767,32767,2411.0,17600.0
1471.0,1395.0,12204,21926,26007,24939,25612,25717,32767,32767,32767,32767,32767,2352.0,17600.0
1542.0,1438.0,11333,21926,24807,24501,25612,25717,32767,32767,32767,32767,32767,2293.0,17600.0
1506.0,1543.0,11478,21926,24807,24064,25119,25717,32767,32767,32767,32767,32767,2205.0,17600.0
1542.0,1459.0,12495,23438,26807,25376,25612,25717,32767,32767,32767,32767,32767,2646.0,17600.0
1559.0,1586.0,12350,23438,26007,26689,26597,25717,32767,32767,32767,32767,32767,2381.0,17600.0
1595.0,1691.0,13076,23438,25607,26689,26597,25717,32767,32767,32767,32767,32767,2558.0,17600.0
1471.0,1459.0,13512,23816,27607,26689,27089,25717,32767,32767,32767,32767,32767,2469.0,17600.0
1577.0,1607.0,12786,24194,26807,27564,27089,25717,32767,32767,32767,32767,32767,2234.0,17600.0
1418.0,1332.0,11770,22306,23609,24066,25122,25720,32767,32767,32767,32767,32767,2940.0,17600.0
1453.0,1353.0,11479,22684,24809,24504,25614,25720,32767,32767,32767,32767,32767,2117.0,17600.0
1506.0,1565.0,12642,22684,24409,25379,25122,25720,32767,32767,32767,32767,32767,2440.0,17600.0
1400.0,1269.0,11915,22684,25609,25379,26107,25720,32767,32767,32767,32767,32767,2411.0,17600.0
1489.0,1417.0,12206,23440,27210,26254,28570,25720,32767,32767,32767,32767,32767,2323.0,17600.0
1560.0,1607.0,12932,23818,26410,26692,27585,25720,32767,32767,32767,32767,32767,2234.0,17600.0
1366.0,1375.0,10469,20807,23623,23206,25138,25736,32767,32767,32767,32767,32767,1883.0,17600.0
1241.0,1100.0,9887,21185,22823,23206,25138,25736,32767,32767,32767,32767,32767,1942.0,17600.0
1383.0,1269.0,10905,21563,24024,23644,24645,25736,32767,32767,32767,32767,32767,2236.0,17600.0
1578.0,1566.0,12213,22320,26026,27584,28095,25736,32767,32767,32767,32767,32767,2089.0,17600.0
1490.0,1608.0,12068,22698,25225,24519,25138,25736,32767,32767,32767,32767,32767,2442.0,17600.0
1401.0,1312.0,12504,22698,24825,24081,24645,25736,32767,32767,32767,32767,32767,2442.0,17600.0
1490.0,1439.0,12650,23077,25625,24519,25631,25736,32767,32767,32767,32767,32767,2501.0,17600.0
1561.0,1248.0,13958,24212,26827,28022,28588,25736,32767,32767,32767,32767,32767,3471.0,17600.0
1720.0,1629.0,13813,24212,26827,27584,28095,25736,32767,32767,32767,32767,32767,3324.0,17600.0
1969.0,1693.0,12509,22707,25636,24967,25641,25746,32767,32767,32767,32767,32767,3031.0,17600.0
1473.0,1312.0,11782,23086,25235,26281,26134,25746,32767,32767,32767,32767,32767,2531.0,17600.0
1703.0,1651.0,13382,23843,25636,26719,27613,25746,32767,32767,32767,32767,32767,2943.0,17600.0
1561.0,1312.0,12946,24221,26036,26719,25641,25746,32767,32767,32767,32767,32767,3061.0,17600.0
1402.0,1249.0,13091,24221,26837,27157,27613,25746,32767,32767,32767,32767,32767,2384.0,17600.0
1366.0,1079.0,13091,24600,26036,27157,27120,25746,32767,32767,32767,32767,32767,2708.0,17600.0
1543.0,1333.0,13382,26113,29641,27595,27120,25746,32767,32767,32767,32767,32767,2060.0,17600.0
1391.0,1408.0,10885,20678,23789,22892,24013,26027,32767,32767,32767,32767,32767,1818.0,17600.0
1285.0,1358.0,11057,21128,23789,22372,24013,26027,32767,32767,32767,32767,32767,1783.0,17600.0
1623.0,1534.0,11748,21577,24741,24453,25185,26027,32767,32767,32767,32767,32767,2832.0,17600.0
1307.0,1383.0,11230,21577,23313,23933,24599,26027,32767,32767,32767,32767,32767,1783.0,17600.0
1328.0,1408.0,11921,21577,24741,24453,25770,26027,32767,32767,32767,32767,32767,2028.0,17600.0
1307.0,1383.0,11057,21577,23789,23933,24013,26027,32767,32767,32767,32767,32767,1888.0,17600.0
1370.0,1534.0,11921,22027,24741,24453,24599,26027,32767,32767,32767,32767,32767,2062.0,17600.0
1370.0,1534.0,11748,22027,24265,23933,24599,26027,32767,32767,32767,32767,32767,2062.0,17600.0
1285.0,1307.0,11403,22027,24741,23933,25185,26027,32767,32767,32767,32767,32767,2062.0,17600.0
1391.0,1483.0,12267,22027,25216,24453,25770,26027,32767,32767,32767,32767,32767,2132.0,17600.0
1475.0,1609.0,11921,22476,25692,26014,26356,26027,32767,32767,32767,32767,32767,2028.0,17600.0
1433.0,1534.0,11403,22476,25216,24453,25770,26027,32767,32767,32767,32767,32767,1923.0,17600.0
1264.0,1307.0,11576,22476,23789,24453,25185,26027,32767,32767,32767,32767,32767,1888.0,17600.0
1349.0,1458.0,11748,22476,25692,26014,26356,26027,32767,32767,32767,32767,32767,1818.0,17600.0
1412.0,1559.0,11230,22476,24265,23933,25185,26027,32767,32767,32767,32767,32767,1993.0,17600.0
1496.0,1684.0,12094,23375,25692,26014,26942,26027,32767,32767,32767,32767,32767,1923.0,17600.0
1370.0,1458.0,11921,23375,25692,23933,25185,26027,32767,32767,32767,32767,32767,1958.0,17600.0
1412.0,1584.0,12440,23375,25692,24973,25770,26027,32767,32767,32767,32767,32767,2167.0,17600.0
1433.0,1458.0,12267,23825,26168,24973,26356,26027,32767,32767,32767,32767,32767,2097.0,17600.0
1496.0,1358.0,12612,26522,30450,23933,24599,26027,32767,32767,32767,32767,32767,2097.0,17600.0
1577.0,1543.0,12495,22303,24806,25813,26596,26264,32767,32767,32767,32767,32767,2469.0,17600.0
1471.0,1395.0,11623,22681,24806,25375,25118,26264,32767,32767,32767,32767,32767,2175.0,17600.0
1506.0,1459.0,11187,21548,24006,23626,25119,26265,32767,32767,32767,32767,32767,2175.0,17600.0
1329.0,1163.0,11478,22304,25607,26251,26597,26265,32767,32767,32767,32767,32767,2528.0,17600.0
1524.0,1417.0,11333,22682,24406,24501,25612,26265,32767,32767,32767,32767,32767,2411.0,17600.0
1524.0,1628.0,11769,22682,25607,24939,26104,26265,32767,32767,32767,32767,32767,2234.0,17600.0
1542.0,1543.0,12786,22682,25607,26251,26104,26265,32767,32767,32767,32767,32767,2499.0,17600.0
1435.0,1395.0,11042,23060,25207,24064,25612,26265,32767,32767,32767,32767,32767,2058.0,17600.0
1595.0,1607.0,12495,23438,26407,27126,26597,26265,32767,32767,32767,32767,32767,2558.0,17600.0
1613.0,1670.0,13222,23816,26807,27564,28567,26265,32767,32767,32767,32767,32767,2675.0,17600.0
1489.0,1353.0,12640,23816,26807,26251,27089,26265,32767,32767,32767,32767,32767,2587.0,17600.0
1489.0,1332.0,12206,23062,26410,26254,26107,26267,32767,32767,32767,32767,32767,2646.0,17600.0
1347.0,1205.0,11915,23440,27210,26254,27585,26267,32767,32767,32767,32767,32767,2499.0,17600.0
1365.0,1269.0,11479,23440,24809,24504,26107,26267,32767,32767,32767,32767,32767,2381.0,17600.0
1471.0,1544.0,12060,23440,25609,26254,27092,26267,32767,32767,32767,32767,32767,2234.0,17600.0
1542.0,1544.0,11915,24196,26410,26254,27092,26267,32767,32767,32767,32767,32767,1999.0,17600.0
1277.0,1185.0,10905,21563,24424,24957,26616,26284,32767,32767,32767,32767,32767,1942.0,17600.0
1312.0,1269.0,11196,21942,24424,23644,25138,26284,32767,32767,32767,32767,32767,2089.0,17600.0
1401.0,1354.0,12359,22698,24825,24957,25631,26284,32767,32767,32767,32767,32767,2383.0,17600.0
1649.0,1671.0,13231,23077,24825,25833,26123,26284,32767,32767,32767,32767,32767,2736.0,17600.0
1490.0,1460.0,11777,23455,25625,24957,26123,26284,32767,32767,32767,32767,32767,1971.0,17600.0
1490.0,1396.0,12650,23833,26426,26708,27602,26284,32767,32767,32767,32767,32767,2883.0,17600.0
1436.0,1396.0,12795,24968,26827,26708,28095,26284,32767,32767,32767,32767,32767,2118.0,17600.0
2004.0,2052.0,14104,25346,27627,27584,28588,26284,32767,32767,32767,32767,32767,3530.0,17600.0
1543.0,1355.0,12218,23464,26036,25405,25641,26294,32767,32767,32767,32767,32767,2354.0,17600.0
1543.0,1439.0,11927,24221,27638,26719,27613,26294,32767,32767,32767,32767,32767,2090.0,17600.0
1721.0,1587.0,12800,24600,27238,27157,27613,26294,32767,32767,32767,32767,32767,2737.0,17600.0
1508.0,1397.0,12073,24600,26837,27157,26627,26294,32767,32767,32767,32767,32767,2443.0,17600.0
1561.0,1418.0,12655,24978,26837,26719,27613,26294,32767,32767,32767,32767,32767,2531.0,17600.0
1561.0,1397.0,13236,25357,28840,29347,28599,26294,32767,32767,32767,32767,32767,2443.0,17600.0
1703.0,1460.0,13964,25357,29641,29785,29092,26294,32767,32767,32767,32767,32767,2943.0,17600.0
1703.0,1418.0,13527,25357,27638,28471,27613,26294,32767,32767,32767,32767,32767,3002.0,17600.0
1987.0,2413.0,14691,25735,27638,30661,30572,26294,32767,32767,32767,32767,32767,3914.0,17600.0
1845.0,1905.0,13673,25735,28840,29347,29585,26294,32767,32767,32767,32767,32767,3002.0,17600.0
1774.0,1863.0,13527,26113,28840,29347,29092,26294,32767,32767,32767,32767,32767,2825.0,17600.0
1756.0,1524.0,14109,26492,29241,30223,29092,26294,32767,32767,32767,32767,32767,3178.0,17600.0
1222.0,1131.0,9848,21128,23789,23933,25185,26677,32767,32767,32767,32767,32767,1993.0,17600.0
1370.0,1458.0,11403,22027,24741,24453,25185,26677,32767,32767,32767,32767,32767,1958.0,17600.0
1328.0,1332.0,11748,22027,24741,24453,25770,26677,32767,32767,32767,32767,32767,2062.0,17600.0
1391.0,1458.0,11403,22476,24741,25494,26356,26677,32767,32767,32767,32767,32767,1678.0,17600.0
1328.0,1383.0,11921,22926,24741,24973,26356,26677,32767,32767,32767,32767,32767,1993.0,17600.0
1370.0,1508.0,11748,22926,25692,24973,26356,26677,32767,32767,32767,32767,32767,1923.0,17600.0
1391.0,1534.0,12612,23375,25692,25494,26942,26677,32767,32767,32767,32767,32767,1993.0,17600.0
1412.0,1534.0,11403,23375,25692,24453,26356,26677,32767,32767,32767,32767,32767,1818.0,17600.0
1538.0,1684.0,12785,23825,27119,25494,26356,26677,32767,32767,32767,32767,32767,2237.0,17600.0
1412.0,1584.0,12440,23825,26644,26534,26942,26677,32767,32767,32767,32767,32767,1993.0,17600.0
1496.0,1684.0,12612,23825,26644,26014,26942,26677,32767,32767,32767,32767,32767,2237.0,17600.0
1772.0,1882.0,12059,23060,26407,25814,27089,26812,32767,32767,32767,32767,32767,2469.0,17600.0
1506.0,1459.0,11769,23060,25207,24501,25612,26812,32767,32767,32767,32767,32767,2175.0,17600.0
1506.0,1522.0,11769,23438,25207,24064,26104,26812,32767,32767,32767,32767,32767,2117.0,17600.0
1524.0,1480.0,12059,23438,26407,26251,26104,26812,32767,32767,32767,32767,32767,2087.0,17600.0
1435.0,1332.0,13222,24194,27207,28002,29060,26812,32767,32767,32767,32767,32767,2969.0,17600.0
1506.0,1607.0,13222,25328,28808,28439,30045,26812,32767,32767,32767,32767,32767,2322.0,17600.0
1684.0,1670.0,12496,23062,27610,27567,29555,26814,32767,32767,32767,32767,32767,2470.0,17600.0
1453.0,1396.0,11770,23062,26010,25817,27092,26814,32767,32767,32767,32767,32767,1823.0,17600.0
1329.0,1099.0,12206,23440,24409,27567,26600,26814,32767,32767,32767,32767,32767,2999.0,17600.0
1542.0,1480.0,12351,24196,26810,27129,27585,26814,32767,32767,32767,32767,32767,2176.0,17600.0
1631.0,1797.0,13804,25709,28010,28004,29555,26814,32767,32767,32767,32767,32767,2440.0,17600.0
1490.0,1481.0,11923,22698,26026,25395,27109,26831,32767,32767,32767,32767,32767,2059.0,17600.0
1366.0,1206.0,12795,23077,26026,25395,26123,26831,32767,32767,32767,32767,32767,2677.0,17600.0
1224.0,1142.0,10905,23455,26426,27146,28588,26831,32767,32767,32767,32767,32767,2000.0,17600.0
1525.0,1544.0,13522,24212,27227,25395,27602,26831,32767,32767,32767,32767,32767,2383.0,17600.0
1490.0,1629.0,12795,24590,26426,25395,26123,26831,32767,32767,32767,32767,32767,2324.0,17600.0
1507.0,1439.0,13086,24590,27227,27146,28095,26831,32767,32767,32767,32767,32767,2618.0,17600.0
1702.0,1650.0,13667,24590,27227,28460,29574,26831,32767,32767,32767,32767,32767,2971.0,17600.0
2039.0,1904.0,14540,26103,29629,29773,29574,26831,32767,32767,32767,32767,32767,3648.0,17600.0
1508.0,1249.0,12218,23843,26437,26281,26627,26842,32767,32767,32767,32767,32767,2178.0,17600.0
1614.0,1333.0,12800,24978,26837,27157,27120,26842,32767,32767,32767,32767,32767,2972.0,17600.0
1668.0,1524.0,13236,26113,29241,29347,30572,26842,32767,32767,32767,32767,32767,2855.0,17600.0
1632.0,1566.0,14109,26113,29641,29347,29092,26842,32767,32767,32767,32767,32767,2678.0,17600.0
1810.0,1672.0,14400,26492,30442,30223,29585,26842,32767,32767,32767,32767,32767,3120.0,17600.0
1739.0,1630.0,13964,26870,28440,29785,30079,26842,32767,32767,32767,32767,32767,2796.0,17600.0
1774.0,1524.0,14982,26870,30843,30223,29585,26842,32767,32767,32767,32767,32767,3443.0,17600.0
1412.0,1383.0,10712,22476,25216,23933,27528,27328,32767,32767,32767,32767,32767,2132.0,17600.0
1349.0,1358.0,11057,22476,24741,24453,25770,27328,32767,32767,32767,32767,32767,1783.0,17600.0
1328.0,1383.0,11921,22926,25692,24973,26356,27328,32767,32767,32767,32767,32767,2097.0,17600.0
1454.0,1710.0,12267,22926,26168,26014,25770,27328,32767,32767,32767,32767,32767,2062.0,17600.0
1454.0,1659.0,12094,22926,25692,24973,25770,27328,32767,32767,32767,32767,32767,2097.0,17600.0
1349.0,1433.0,12094,23375,26168,24453,26942,27328,32767,32767,32767,32767,32767,2097.0,17600.0
1454.0,1559.0,11748,23375,26168,26014,26356,27328,32767,32767,32767,32767,32767,1748.0,17600.0
1307.0,1358.0,12094,23375,25692,26014,26942,27328,32767,32767,32767,32767,32767,1713.0,17600.0
1454.0,1584.0,12094,23375,25692,25494,25770,27328,32767,32767,32767,32767,32767,1958.0,17600.0
1433.0,1559.0,12094,23375,27119,26534,26942,27328,32767,32767,32767,32767,32767,1853.0,17600.0
1475.0,1609.0,12612,23375,26168,26534,26942,27328,32767,32767,32767,32767,32767,2062.0,17600.0
1412.0,1534.0,12612,24275,27119,26534,28113,27328,32767,32767,32767,32767,32767,1888.0,17600.0
1517.0,1710.0,13303,24275,28071,26014,26356,27328,32767,32767,32767,32767,32767,2482.0,17600.0
1496.0,1710.0,13649,24275,27595,27054,26356,27328,32767,32767,32767,32767,32767,2307.0,17600.0
1349.0,1508.0,12094,24275,26168,27575,28113,27328,32767,32767,32767,32767,32767,1748.0,17600.0
1538.0,1710.0,12612,24724,27119,27054,27528,27328,32767,32767,32767,32767,32767,2028.0,17600.0
1538.0,1710.0,13131,24724,28071,28095,28113,27328,32767,32767,32767,32767,32767,2028.0,17600.0
1496.0,1659.0,13303,25174,28071,27575,28113,27328,32767,32767,32767,32767,32767,2097.0,17600.0
1329.0,1268.0,9734,23437,24405,29313,28073,27358,32767,32767,32767,32767,32767,1323.0,17600.0
1559.0,1501.0,12785,23815,26406,26250,26103,27358,32767,32767,32767,32767,32767,2499.0,17600.0
1577.0,1628.0,11623,23060,24807,25814,26104,27359,32767,32767,32767,32767,32767,2205.0,17600.0
1542.0,1543.0,11914,23060,25207,25814,26597,27359,32767,32767,32767,32767,32767,2175.0,17600.0
1489.0,1438.0,12059,23438,25207,24501,25612,27359,32767,32767,32767,32767,32767,2558.0,17600.0
1489.0,1501.0,12059,23438,25607,25376,26597,27359,32767,32767,32767,32767,32767,2087.0,17600.0
1506.0,1501.0,12059,23816,26007,25814,26597,27359,32767,32767,32767,32767,32767,2146.0,17600.0
1542.0,1522.0,12786,24194,27207,27564,28074,27359,32767,32767,32767,32767,32767,2352.0,17600.0
1630.0,1755.0,13222,24572,28407,28002,29060,27359,32767,32767,32767,32767,32767,2499.0,17600.0
1630.0,1586.0,13076,24950,27607,27126,28074,27359,32767,32767,32767,32767,32767,2440.0,17600.0
1542.0,1649.0,13222,24950,28007,27564,27089,27359,32767,32767,32767,32767,32767,2440.0,17600.0
1453.0,1395.0,12786,25328,28407,29314,29060,27359,32767,32767,32767,32767,32767,2087.0,17600.0
1542.0,1564.0,13222,25328,28007,28439,28567,27359,32767,32767,32767,32767,32767,2411.0,17600.0
1489.0,1459.0,12787,24574,27610,26692,28077,27362,32767,32767,32767,32767,32767,2499.0,17600.0
1506.0,1459.0,12787,24574,27210,27567,29555,27362,32767,32767,32767,32767,32767,2617.0,17600.0
1648.0,1649.0,14531,24574,28811,28004,29063,27362,32767,32767,32767,32767,32767,3234.0,17600.0
1825.0,1692.0,14240,25331,28811,27567,29063,27362,32767,32767,32767,32767,32767,3234.0,17600.0
1648.0,1755.0,13804,25331,27610,28442,29063,27362,32767,32767,32767,32767,32767,2323.0,17600.0
1524.0,1522.0,13513,25709,28410,29317,29063,27362,32767,32767,32767,32767,32767,2176.0,17600.0
1666.0,1840.0,14240,25709,30011,28879,30048,27362,32767,32767,32767,32767,32767,2528.0,17600.0
1506.0,1522.0,13513,26087,28811,29317,30048,27362,32767,32767,32767,32767,32767,2176.0,17600.0
1506.0,1480.0,14821,26465,30411,30630,29555,27362,32767,32767,32767,32767,32767,2440.0,17600.0
1348.0,1269.0,11196,21563,25625,25395,26123,27379,32767,32767,32767,32767,32767,2324.0,17600.0
1596.0,1608.0,12795,22698,25625,25833,27109,27379,32767,32767,32767,32767,32767,2589.0,17600.0
1383.0,1333.0,12068,23455,26426,25395,26616,27379,32767,32767,32767,32767,32767,2148.0,17600.0
1366.0,1354.0,11486,23833,27627,28022,29081,27379,32767,32767,32767,32767,32767,1883.0,17600.0
1348.0,1269.0,12213,23833,25225,25833,27109,27379,32767,32767,32767,32767,32767,2501.0,17600.0
1507.0,1439.0,12504,24590,27627,27584,29081,27379,32767,32767,32767,32767,32767,2677.0,17600.0
1578.0,1608.0,14249,24968,27627,28022,29081,27379,32767,32767,32767,32767,32767,2912.0,17600.0
1596.0,1333.0,14831,27995,29629,31087,32531,27379,32767,32767,32767,32767,32767,3766.0,17600.0
1685.0,1672.0,13091,24221,28039,27157,27613,27390,32767,32767,32767,32767,32767,2384.0,17600.0
1331.0,1185.0,12364,24978,27238,28033,29585,27390,32767,32767,32767,32767,32767,2178.0,17600.0
1579.0,1397.0,12946,25357,27238,27595,28106,27390,32767,32767,32767,32767,32767,2649.0,17600.0
1597.0,1397.0,13527,26113,28840,29785,29585,27390,32767,32767,32767,32767,32767,2619.0,17600.0
1898.0,1863.0,12800,27249,29641,29347,29585,27390,32767,32767,32767,32767,32767,3237.0,17600.0
1701.0,1734.0,10896,23815,26006,26250,25611,27905,32767,32767,32767,32767,32767,3028.0,17600.0
1613.0,1586.0,12930,24571,26006,27563,27088,27905,32767,32767,32767,32767,32767,2381.0,17600.0
1613.0,1501.0,12930,24571,28006,27563,29058,27905,32767,32767,32767,32767,32767,2646.0,17600.0
1559.0,1586.0,13076,25327,28006,27563,28566,27905,32767,32767,32767,32767,32767,2352.0,17600.0
1790.0,1818.0,13366,25705,28006,28438,29058,27905,32767,32767,32767,32767,32767,2528.0,17600.0
1648.0,1586.0,11623,24194,25607,25814,27582,27906,32767,32767,32767,32767,32767,2322.0,17600.0
1719.0,1755.0,13657,24572,28007,28002,28567,27906,32767,32767,32767,32767,32767,2910.0,17600.0
1506.0,1480.0,12495,24572,28407,28002,29552,27906,32767,32767,32767,32767,32767,2205.0,17600.0
1666.0,1776.0,13512,24950,29208,26689,29060,27906,32767,32767,32767,32767,32767,2411.0,17600.0
1754.0,1734.0,13948,25328,28808,29314,30045,27906,32767,32767,32767,32767,32767,2646.0,17600.0
1524.0,1543.0,13803,25706,30008,28439,29552,27906,32767,32767,32767,32767,32767,2381.0,17600.0
1755.0,1882.0,14240,24952,28410,29755,30540,27909,32767,32767,32767,32767,32767,2440.0,17600.0
1666.0,1988.0,13804,24952,28410,28879,29555,27909,32767,32767,32767,32767,32767,2587.0,17600.0
1613.0,1565.0,14240,26087,28410,29755,31033,27909,32767,32767,32767,32767,32767,3205.0,17600.0
1613.0,1649.0,14240,27221,31612,30192,30540,27909,32767,32767,32767,32767,32767,2323.0,17600.0
1419.0,1354.0,11341,22320,25625,25395,26616,27927,32767,32767,32767,32767,32767,2295.0,17600.0
1330.0,1248.0,11341,22320,25625,25395,26123,27927,32767,32767,32767,32767,32767,2265.0,17600.0
1454.0,1354.0,10614,22320,26026,25833,28095,27927,32767,32767,32767,32767,32767,2206.0,17600.0
1436.0,1418.0,10323,23077,25225,25395,28095,27927,32767,32767,32767,32767,32767,2148.0,17600.0
1561.0,1566.0,13522,23833,26426,27584,28095,27927,32767,32767,32767,32767,32767,2471.0,17600.0
1561.0,1502.0,13231,24212,26426,26708,27109,27927,32767,32767,32767,32767,32767,2530.0,17600.0
1632.0,1756.0,12795,24590,27627,28022,29081,27927,32767,32767,32767,32767,32767,2530.0,17600.0
1578.0,1735.0,13958,25346,28428,28022,30067,27927,32767,32767,32767,32767,32767,2912.0,17600.0
1525.0,1544.0,13086,25346,27627,27584,28588,27927,32767,32767,32767,32767,32767,2324.0,17600.0
1703.0,1587.0,12946,24978,27638,28909,28106,27938,32767,32767,32767,32767,32767,2531.0,17600.0
1792.0,1714.0,13527,26492,29241,29785,30079,27938,32767,32767,32767,32767,32767,2914.0,17600.0
1614.0,1503.0,12655,26492,28840,29347,30572,27938,32767,32767,32767,32767,32767,2354.0,17600.0
1881.0,1947.0,14546,28006,31644,32767,32767,27938,32767,32767,32767,32767,32767,3826.0,17600.0
1328.0,1282.0,8811,21577,23313,24973,26942,27979,32767,32767,32767,32767,32767,1468.0,17600.0
1328.0,1433.0,11230,22476,25216,25494,26356,27979,32767,32767,32767,32767,32767,1573.0,17600.0
1454.0,1609.0,12440,22926,26644,25494,26356,27979,32767,32767,32767,32767,32767,2097.0,17600.0
1328.0,1358.0,10539,22926,25216,25494,26356,27979,32767,32767,32767,32767,32767,1748.0,17600.0
1391.0,1559.0,12440,22926,26168,26014,27528,27979,32767,32767,32767,32767,32767,2202.0,17600.0
1349.0,1383.0,11748,23375,27119,26014,27528,27979,32767,32767,32767,32767,32767,1678.0,17600.0
1454.0,1659.0,12267,23375,27119,26014,26942,27979,32767,32767,32767,32767,32767,2167.0,17600.0
1391.0,1559.0,11748,23375,25692,26534,27528,27979,32767,32767,32767,32767,32767,1923.0,17600.0
1370.0,1408.0,11403,23375,25216,25494,27528,27979,32767,32767,32767,32767,32767,1958.0,17600.0
1623.0,1760.0,11748,23825,26644,27054,28113,27979,32767,32767,32767,32767,32767,1923.0,17600.0
1370.0,1458.0,12094,23825,27119,26014,28113,27979,32767,32767,32767,32767,32767,1888.0,17600.0
1391.0,1534.0,11921,23825,26168,25494,26942,27979,32767,32767,32767,32767,32767,1818.0,17600.0
1496.0,1659.0,12267,24724,26644,27054,28113,27979,32767,32767,32767,32767,32767,2447.0,17600.0
1349.0,1408.0,12440,24724,28071,27575,28113,27979,32767,32767,32767,32767,32767,2028.0,17600.0
1559.0,1710.0,12612,24724,28071,28095,28113,27979,32767,32767,32767,32767,32767,1993.0,17600.0
1475.0,1559.0,12958,24724,28071,28095,27528,27979,32767,32767,32767,32767,32767,2062.0,17600.0
1559.0,1760.0,12612,24724,27595,28095,27528,27979,32767,32767,32767,32767,32767,1993.0,17600.0
1517.0,1634.0,12958,24724,27595,27054,27528,27979,32767,32767,32767,32767,32767,2062.0,17600.0
1559.0,1760.0,12785,25623,27595,27575,28113,27979,32767,32767,32767,32767,32767,2132.0,17600.0
1475.0,1634.0,13303,25623,29023,28615,28113,27979,32767,32767,32767,32767,32767,2062.0,17600.0
1496.0,1609.0,12958,25623,27595,28615,28113,27979,32767,32767,32767,32767,32767,2062.0,17600.0
1400.0,1395.0,8572,22303,23205,24938,24626,28452,32767,32767,32767,32767,32767,1382.0,17600.0
1577.0,1586.0,12495,24571,27206,27563,27581,28452,32767,32767,32767,32767,32767,2205.0,17600.0
1683.0,1586.0,11478,24949,27606,28438,27088,28452,32767,32767,32767,32767,32767,2910.0,17600.0
1116.0,1036.0,8282,22682,25207,26689,29060,28453,32767,32767,32767,32767,32767,1176.0,17600.0
1595.0,1649.0,12640,23816,26807,26689,28074,28453,32767,32767,32767,32767,32767,2264.0,17600.0
1595.0,1649.0,12931,23816,27207,27564,28074,28453,32767,32767,32767,32767,32767,2322.0,17600.0
1577.0,1670.0,12640,23816,26807,26689,27582,28453,32767,32767,32767,32767,32767,2117.0,17600.0
1630.0,1607.0,13076,24572,26407,28002,28074,28453,32767,32767,32767,32767,32767,2910.0,17600.0
1524.0,1564.0,12640,24950,27207,27126,28567,28453,32767,32767,32767,32767,32767,2146.0,17600.0
1790.0,1839.0,13803,24950,28407,28877,30045,28453,32767,32767,32767,32767,32767,2616.0,17600.0
1577.0,1586.0,12640,24950,27207,28002,28567,28453,32767,32767,32767,32767,32767,2381.0,17600.0
1559.0,1607.0,12931,24950,27207,28002,28567,28453,32767,32767,32767,32767,32767,2234.0,17600.0
1577.0,1755.0,12786,25328,27607,27126,29060,28453,32767,32767,32767,32767,32767,2205.0,17600.0
1630.0,1734.0,13076,25328,28808,28002,29552,28453,32767,32767,32767,32767,32767,2146.0,17600.0
1613.0,1628.0,13367,25328,28808,28002,29552,28453,32767,32767,32767,32767,32767,2381.0,17600.0
1595.0,1564.0,13512,25706,29208,28877,29552,28453,32767,32767,32767,32767,32767,2293.0,17600.0
1595.0,1628.0,13512,25706,28808,29314,30045,28453,32767,32767,32767,32767,32767,2234.0,17600.0
1613.0,1670.0,13948,26462,29208,29314,30045,28453,32767,32767,32767,32767,32767,2440.0,17600.0
1559.0,1564.0,13222,26840,29608,29314,30045,28453,32767,32767,32767,32767,32767,2352.0,17600.0
1560.0,1459.0,13659,24574,27210,28879,30048,28456,32767,32767,32767,32767,32767,2911.0,17600.0
1418.0,1311.0,12496,24574,28410,27567,28570,28456,32767,32767,32767,32767,32767,2411.0,17600.0
1772.0,2030.0,12787,25709,29211,29317,31033,28456,32767,32767,32767,32767,32767,2793.0,17600.0
1418.0,1332.0,13223,25709,30011,30192,31033,28456,32767,32767,32767,32767,32767,2352.0,17600.0
1560.0,1628.0,14385,26843,32012,30630,31033,28456,32767,32767,32767,32767,32767,2146.0,17600.0
1489.0,1522.0,13513,27977,31211,30630,31525,28456,32767,32767,32767,32767,32767,2029.0,17600.0
1383.0,1269.0,11632,22698,26827,26271,27602,28474,32767,32767,32767,32767,32767,2354.0,17600.0
1401.0,1333.0,12795,23833,28028,27146,29081,28474,32767,32767,32767,32767,32767,2295.0,17600.0
1685.0,1883.0,13231,24590,28028,28022,29574,28474,32767,32767,32767,32767,32767,2707.0,17600.0
1720.0,1820.0,13813,24968,28028,28460,29081,28474,32767,32767,32767,32767,32767,2736.0,17600.0
1614.0,1693.0,13377,24968,27627,28460,29081,28474,32767,32767,32767,32767,32767,2559.0,17600.0
1525.0,1544.0,13813,25346,28829,28898,29081,28474,32767,32767,32767,32767,32767,2324.0,17600.0
1632.0,1756.0,13958,25346,28428,28460,29574,28474,32767,32767,32767,32767,32767,2530.0,17600.0
1366.0,1270.0,12073,23086,26837,26281,28106,28485,32767,32767,32767,32767,32767,2384.0,17600.0
1331.0,1291.0,10764,23843,26437,27157,29092,28485,32767,32767,32767,32767,32767,1884.0,17600.0
1614.0,1503.0,14546,27249,29241,30223,30572,28485,32767,32767,32767,32767,32767,3031.0,17600.0
1792.0,2159.0,14400,27249,29241,30223,31558,28485,32767,32767,32767,32767,32767,3120.0,17600.0
1739.0,1651.0,14982,27627,30442,31537,31065,28485,32767,32767,32767,32767,32767,3090.0,17600.0
1739.0,1757.0,15709,27627,30442,32767,32544,28485,32767,32767,32767,32767,32767,3178.0,17600.0
1774.0,1566.0,14400,28763,31644,32413,32051,28485,32767,32767,32767,32767,32767,3031.0,17600.0
2182.0,2265.0,16436,30655,32767,32767,32767,28485,32767,32767,32767,32767,32767,3855.0,17600.0
1559.0,1710.0,11576,23375,27119,26534,28113,28630,32767,32767,32767,32767,32767,1958.0,17600.0
1454.0,1584.0,12267,23825,28071,26534,29870,28630,32767,32767,32767,32767,32767,2028.0,17600.0
1538.0,1785.0,12958,24275,27119,25494,28699,28630,32767,32767,32767,32767,32767,2167.0,17600.0
1496.0,1735.0,12612,24275,27595,27054,28113,28630,32767,32767,32767,32767,32767,1923.0,17600.0
1412.0,1634.0,12612,24724,27595,27575,27528,28630,32767,32767,32767,32767,32767,2097.0,17600.0
1496.0,1659.0,12440,24724,27119,27575,28113,28630,32767,32767,32767,32767,32767,1923.0,17600.0
1644.0,1886.0,12958,25174,27595,28615,28699,28630,32767,32767,32767,32767,32767,2097.0,17600.0
1559.0,1785.0,12612,25174,28547,28095,29285,28630,32767,32767,32767,32767,32767,2097.0,17600.0
1475.0,1609.0,12440,25174,27119,27054,28699,28630,32767,32767,32767,32767,32767,1783.0,17600.0
1538.0,1735.0,12785,25174,28071,28615,29285,28630,32767,32767,32767,32767,32767,2028.0,17600.0
1517.0,1609.0,12958,26073,28547,29135,29870,28630,32767,32767,32767,32767,32767,1958.0,17600.0
1580.0,1760.0,13994,26073,29023,29135,29285,28630,32767,32767,32767,32767,32767,2132.0,17600.0
1707.0,1760.0,12612,26073,28547,29135,29285,28630,32767,32767,32767,32767,32767,2028.0,17600.0
1559.0,1659.0,12958,26073,28547,27054,28113,28630,32767,32767,32767,32767,32767,1993.0,17600.0
1496.0,1684.0,12958,26073,29023,29135,28699,28630,32767,32767,32767,32767,32767,1958.0,17600.0
1517.0,1735.0,13649,26522,29023,27575,29285,28630,32767,32767,32767,32767,32767,2097.0,17600.0
1538.0,1760.0,13822,26522,30450,28615,29285,28630,32767,32767,32767,32767,32767,2062.0,17600.0
1577.0,1607.0,12930,24571,27606,28438,28566,28999,32767,32767,32767,32767,32767,2557.0,17600.0
1790.0,1903.0,13512,25327,28406,29313,30043,28999,32767,32767,32767,32767,32767,2499.0,17600.0
1772.0,1860.0,13221,26083,28806,30188,28566,28999,32767,32767,32767,32767,32767,2469.0,17600.0
1311.0,1205.0,8572,23438,24807,26689,30045,29000,32767,32767,32767,32767,32767,1382.0,17600.0
1613.0,1712.0,13222,24950,27607,29314,30537,29000,32767,32767,32767,32767,32767,2646.0,17600.0
1790.0,1903.0,14384,24950,28407,29314,31030,29000,32767,32767,32767,32767,32767,2528.0,17600.0
1542.0,1522.0,12350,25328,28407,28439,29552,29000,32767,32767,32767,32767,32767,2234.0,17600.0
1613.0,1670.0,12204,25706,28007,27564,29552,29000,32767,32767,32767,32767,32767,1940.0,17600.0
1825.0,1903.0,14674,26462,29608,29752,31522,29000,32767,32767,32767,32767,32767,2822.0,17600.0
1400.0,1353.0,13659,24952,28010,27567,29063,29003,32767,32767,32767,32767,32767,2793.0,17600.0
1453.0,1374.0,13223,25709,29211,30192,30540,29003,32767,32767,32767,32767,32767,2440.0,17600.0
1613.0,1713.0,13804,26087,28410,30192,31033,29003,32767,32767,32767,32767,32767,2381.0,17600.0
1524.0,1480.0,12496,26087,28410,28879,28570,29003,32767,32767,32767,32767,32767,2411.0,17600.0
1666.0,1670.0,13223,26465,29211,28004,31033,29003,32767,32767,32767,32767,32767,2705.0,17600.0
1560.0,1565.0,13804,27221,30811,30192,31525,29003,32767,32767,32767,32767,32767,2381.0,17600.0
1436.0,1396.0,11050,24590,27227,28022,29081,29022,32767,32767,32767,32767,32767,2177.0,17600.0
1490.0,1481.0,14104,25725,28428,28898,29574,29022,32767,32767,32767,32767,32767,2324.0,17600.0
1791.0,1735.0,13231,25725,28028,29336,30560,29022,32767,32767,32767,32767,32767,3148.0,17600.0
1614.0,1671.0,13958,26103,29629,28898,30067,29022,32767,32767,32767,32767,32767,2412.0,17600.0
2341.0,2518.0,13813,27238,29229,29773,32767,29022,32767,32767,32767,32767,32767,3001.0,17600.0
2004.0,1968.0,15121,27995,32032,32400,32767,29022,32767,32767,32767,32767,32767,3265.0,17600.0
1792.0,1714.0,14546,26492,28840,28909,30079,29033,32767,32767,32767,32767,32767,3679.0,17600.0
1597.0,1545.0,14109,26870,29241,30661,31065,29033,32767,32767,32767,32767,32767,3090.0,17600.0
1739.0,1778.0,14400,27249,30042,31099,31065,29033,32767,32767,32767,32767,32767,2737.0,17600.0
1898.0,2159.0,13964,27249,31243,32767,32767,29033,32767,32767,32767,32767,32767,3267.0,17600.0
1810.0,1714.0,14982,27627,30042,31975,32051,29033,32767,32767,32767,32767,32767,3267.0,17600.0
2076.0,1968.0,16000,28384,30843,32767,32767,29033,32767,32767,32767,32767,32767,4356.0,17600.0
1412.0,1332.0,11057,23375,26644,27575,30456,29280,32767,32767,32767,32767,32767,1888.0,17600.0
1391.0,1282.0,11057,23825,27119,27054,29285,29280,32767,32767,32767,32767,32767,2307.0,17600.0
1475.0,1735.0,13476,25174,28071,28095,29285,29280,32767,32767,32767,32767,32767,2062.0,17600.0
1812.0,1835.0,12612,25174,28547,29135,29285,29280,32767,32767,32767,32767,32767,2727.0,17600.0
1496.0,1634.0,12958,26073,28547,28615,29285,29280,32767,32767,32767,32767,32767,1888.0,17600.0
1517.0,1710.0,13994,26073,29023,28095,29285,29280,32767,32767,32767,32767,32767,2132.0,17600.0
1580.0,1835.0,13822,26073,29974,28615,30456,29280,32767,32767,32767,32767,32767,2167.0,17600.0
1517.0,1684.0,13476,26522,29498,28095,29285,29280,32767,32767,32767,32767,32767,2028.0,17600.0
1517.0,1835.0,14686,26522,29498,29135,30456,29280,32767,32767,32767,32767,32767,2342.0,17600.0
1475.0,1584.0,13476,26522,29023,28095,29285,29280,32767,32767,32767,32767,32767,1923.0,17600.0
1812.0,2011.0,13649,26522,29498,29656,30456,29280,32767,32767,32767,32767,32767,2447.0,17600.0
1580.0,1785.0,13822,26522,29974,28615,29285,29280,32767,32767,32767,32767,32767,2132.0,17600.0
1538.0,1684.0,13476,26522,29498,28615,29870,29280,32767,32767,32767,32767,32767,1923.0,17600.0
1580.0,1860.0,13994,26972,29974,29135,29870,29280,32767,32767,32767,32767,32767,2167.0,17600.0
1580.0,1810.0,14167,26972,30450,29135,29285,29280,32767,32767,32767,32767,32767,2167.0,17600.0
1559.0,1760.0,14340,26972,30450,29135,29870,29280,32767,32767,32767,32767,32767,2167.0,17600.0
1496.0,1710.0,13649,27421,29974,29656,29870,29280,32767,32767,32767,32767,32767,2028.0,17600.0
1496.0,1634.0,12785,27421,29974,28095,28699,29280,32767,32767,32767,32767,32767,2028.0,17600.0
1538.0,1810.0,14513,27871,30926,29656,31042,29280,32767,32767,32767,32767,32767,2202.0,17600.0
1489.0,1522.0,12640,24949,28006,28438,29058,29546,32767,32767,32767,32767,32767,1999.0,17600.0
1489.0,1480.0,13076,25327,28006,27563,28566,29546,32767,32767,32767,32767,32767,2528.0,17600.0
1737.0,1860.0,14093,26461,28806,30625,31521,29546,32767,32767,32767,32767,32767,2469.0,17600.0
1772.0,1712.0,12204,26839,28806,30188,29058,29546,32767,32767,32767,32767,32767,2822.0,17600.0
1559.0,1522.0,12059,23816,26007,25814,27582,29548,32767,32767,32767,32767,32767,2234.0,17600.0
1666.0,1734.0,12931,24950,27607,27564,29060,29548,32767,32767,32767,32767,32767,2175.0,17600.0
1506.0,1459.0,12204,25328,28808,28439,29060,29548,32767,32767,32767,32767,32767,2234.0,17600.0
1648.0,1712.0,12495,25328,27607,27564,28567,29548,32767,32767,32767,32767,32767,2146.0,17600.0
1595.0,1628.0,12786,25706,28007,28002,29552,29548,32767,32767,32767,32767,32767,2117.0,17600.0
1648.0,1607.0,12350,25706,28407,28439,29552,29548,32767,32767,32767,32767,32767,2175.0,17600.0
1896.0,2093.0,13512,26084,28808,30627,31030,29548,32767,32767,32767,32767,32767,3028.0,17600.0
1790.0,2093.0,14674,26462,29608,31502,32507,29548,32767,32767,32767,32767,32767,2616.0,17600.0
1914.0,2072.0,15110,26462,28407,31939,32507,29548,32767,32767,32767,32767,32767,2587.0,17600.0
1666.0,1712.0,13657,26462,28407,30627,31522,29548,32767,32767,32767,32767,32767,2293.0,17600.0
1613.0,1628.0,13948,27596,30008,31502,32507,29548,32767,32767,32767,32767,32767,2587.0,17600.0
1559.0,1649.0,14965,27974,31608,31939,32767,29548,32767,32767,32767,32767,32767,2411.0,17600.0
1613.0,1712.0,14965,28730,32409,31502,32507,29548,32767,32767,32767,32767,32767,2352.0,17600.0
1382.0,1332.0,11624,24574,27610,27129,29555,29551,32767,32767,32767,32767,32767,2528.0,17600.0
1418.0,1311.0,11915,25709,28811,31067,32018,29551,32767,32767,32767,32767,32767,1999.0,17600.0
1542.0,1480.0,13513,26843,29611,30192,31525,29551,32767,32767,32767,32767,32767,2411.0,17600.0
1383.0,1354.0,13522,25346,28028,28022,30067,29569,32767,32767,32767,32767,32767,1942.0,17600.0
1472.0,1418.0,13377,26103,28428,28898,30067,29569,32767,32767,32767,32767,32767,2295.0,17600.0
1702.0,1841.0,14104,26860,29629,29336,32038,29569,32767,32767,32767,32767,32767,2707.0,17600.0
1844.0,1883.0,14831,26860,30030,31087,32531,29569,32767,32767,32767,32767,32767,2883.0,17600.0
1543.0,1502.0,13086,26860,29629,29773,32038,29569,32767,32767,32767,32767,32767,2206.0,17600.0
1526.0,1460.0,12509,24221,26437,28471,29092,29581,32767,32767,32767,32767,32767,2266.0,17600.0
1526.0,1312.0,13527,28006,30843,31975,31065,29581,32767,32767,32767,32767,32767,2354.0,17600.0
2466.0,2434.0,15127,28006,32045,32767,32767,29581,32767,32767,32767,32767,32767,3473.0,17600.0
2040.0,2074.0,15127,28384,30442,32767,32767,29581,32767,32767,32767,32767,32767,3031.0,17600.0
1579.0,1460.0,14255,28384,30843,31537,31065,29581,32767,32767,32767,32767,32767,2972.0,17600.0
1579.0,1418.0,15127,28384,31243,31975,31558,29581,32767,32767,32767,32767,32767,2796.0,17600.0
1721.0,1841.0,14255,28763,31644,31975,32544,29581,32767,32767,32767,32767,32767,2502.0,17600.0
1845.0,1884.0,14255,29141,32767,32413,31558,29581,32767,32767,32767,32767,32767,2708.0,17600.0
1916.0,1841.0,13964,29898,32045,32767,32767,29581,32767,32767,32767,32767,32767,3149.0,17600.0
1845.0,1799.0,14400,29898,32045,32767,32767,29581,32767,32767,32767,32767,32767,2384.0,17600.0
1987.0,1968.0,15418,29898,32767,32767,32767,29581,32767,32767,32767,32767,32767,3296.0,17600.0
2218.0,2074.0,16873,30655,32767,32767,32767,29581,32767,32767,32767,32767,32767,3679.0,17600.0
1328.0,1508.0,10539,23375,26168,27575,28699,29931,32767,32767,32767,32767,32767,1713.0,17600.0
1475.0,1559.0,12612,24275,27119,27054,28699,29931,32767,32767,32767,32767,32767,1923.0,17600.0
1939.0,2187.0,13303,24275,27595,28095,28699,29931,32767,32767,32767,32767,32767,2762.0,17600.0
1475.0,1559.0,12094,24275,28071,27575,29285,29931,32767,32767,32767,32767,32767,1958.0,17600.0
1391.0,1584.0,12440,24724,28071,27575,29285,29931,32767,32767,32767,32767,32767,1888.0,17600.0
1538.0,1710.0,11748,24724,27119,27575,30456,29931,32767,32767,32767,32767,32767,2307.0,17600.0
1623.0,1860.0,13822,25174,29023,27575,29285,29931,32767,32767,32767,32767,32767,2167.0,17600.0
1538.0,1835.0,13649,26522,29498,29656,30456,29931,32767,32767,32767,32767,32767,2237.0,17600.0
1538.0,1684.0,13822,26522,30450,29135,31042,29931,32767,32767,32767,32767,32767,2028.0,17600.0
1496.0,1559.0,13131,26522,29023,29135,29285,29931,32767,32767,32767,32767,32767,1993.0,17600.0
1602.0,1860.0,14340,26972,30926,30176,30456,29931,32767,32767,32767,32767,32767,2272.0,17600.0
1623.0,1961.0,14513,27421,30926,29656,31042,29931,32767,32767,32767,32767,32767,2307.0,17600.0
1686.0,1936.0,13822,27421,29974,29135,30456,29931,32767,32767,32767,32767,32767,2237.0,17600.0
1538.0,1760.0,14340,27421,31402,29135,29870,29931,32767,32767,32767,32767,32767,2132.0,17600.0
1580.0,1710.0,13649,27871,29974,29656,31042,29931,32767,32767,32767,32767,32767,1958.0,17600.0
1707.0,2036.0,14686,28320,31877,30696,31627,29931,32767,32767,32767,32767,32767,2342.0,17600.0
1666.0,1712.0,13657,25705,28006,28875,30043,30094,32767,32767,32767,32767,32767,2557.0,17600.0
1577.0,1480.0,13076,27217,29607,30188,30536,30094,32767,32767,32767,32767,32767,2440.0,17600.0
1648.0,1691.0,12059,24194,26807,26689,28567,30095,32767,32767,32767,32767,32767,2264.0,17600.0
1790.0,1924.0,13512,25328,28407,29752,29552,30095,32767,32767,32767,32767,32767,2940.0,17600.0
1542.0,1353.0,12786,25328,28407,29752,32015,30095,32767,32767,32767,32767,32767,2881.0,17600.0
1684.0,1776.0,13803,26084,29208,29752,30045,30095,32767,32767,32767,32767,32767,2322.0,17600.0
1825.0,1860.0,13222,26084,28407,29752,30537,30095,32767,32767,32767,32767,32767,2881.0,17600.0
1471.0,1438.0,12495,26084,30008,29752,31030,30095,32767,32767,32767,32767,32767,2028.0,17600.0
1489.0,1459.0,13076,26084,29608,28877,30537,30095,32767,32767,32767,32767,32767,2117.0,17600.0
1577.0,1628.0,12640,26462,29208,28439,30045,30095,32767,32767,32767,32767,32767,1940.0,17600.0
1648.0,1797.0,14529,26840,30808,30627,32015,30095,32767,32767,32767,32767,32767,2587.0,17600.0
1595.0,1607.0,13222,26840,29608,28877,30537,30095,32767,32767,32767,32767,32767,1999.0,17600.0
1595.0,1755.0,14674,27218,30808,31502,31522,30095,32767,32767,32767,32767,32767,2705.0,17600.0
1559.0,1564.0,13222,27596,30008,29752,30537,30095,32767,32767,32767,32767,32767,2175.0,17600.0
1489.0,1459.0,11770,24574,28811,29317,29555,30098,32767,32767,32767,32767,32767,2117.0,17600.0
1453.0,1480.0,12787,27221,30411,31067,32018,30098,32767,32767,32767,32767,32767,1823.0,17600.0
1755.0,1945.0,14967,27599,31211,31505,32018,30098,32767,32767,32767,32767,32767,2205.0,17600.0
1825.0,1988.0,15548,29111,32767,32767,32767,30098,32767,32767,32767,32767,32767,2440.0,17600.0
1790.0,1840.0,14531,29489,32012,31942,32767,30098,32767,32767,32767,32767,32767,2675.0,17600.0
1561.0,1587.0,13958,25725,29229,29336,30067,30117,32767,32767,32767,32767,32767,2530.0,17600.0
1756.0,1925.0,14540,26481,29229,30211,31052,30117,32767,32767,32767,32767,32767,2618.0,17600.0
1578.0,1714.0,13667,26481,30430,30211,31052,30117,32767,32767,32767,32767,32767,2295.0,17600.0
1561.0,1650.0,13958,26860,29229,29336,31052,30117,32767,32767,32767,32767,32767,2412.0,17600.0
1578.0,1587.0,13231,26860,29629,30211,31052,30117,32767,32767,32767,32767,32767,2324.0,17600.0
2058.0,2413.0,14546,25735,29241,31975,32767,30129,32767,32767,32767,32767,32767,2943.0,17600.0
1508.0,1503.0,13091,26492,29241,29785,31558,30129,32767,32767,32767,32767,32767,2384.0,17600.0
1650.0,1524.0,13964,28006,31243,32413,32767,30129,32767,32767,32767,32767,32767,2502.0,17600.0
1561.0,1609.0,14546,28384,31243,31537,31558,30129,32767,32767,32767,32767,32767,2472.0,17600.0
1774.0,1693.0,14982,28763,32767,32767,32767,30129,32767,32767,32767,32767,32767,3090.0,17600.0
1703.0,1630.0,14546,28763,32045,32767,32767,30129,32767,32767,32767,32767,32767,2914.0,17600.0
1987.0,1990.0,15418,29141,31644,32413,32767,30129,32767,32767,32767,32767,32767,3178.0,17600.0
1810.0,1651.0,15127,29898,32767,32767,32767,30129,32767,32767,32767,32767,32767,2825.0,17600.0
1845.0,1736.0,16436,31033,32767,32767,32767,30129,32767,32767,32767,32767,32767,2796.0,17600.0
1517.0,1534.0,12267,24275,29023,28615,30456,30582,32767,32767,32767,32767,32767,1923.0,17600.0
1580.0,1760.0,13303,25174,28071,28095,28699,30582,32767,32767,32767,32767,32767,2412.0,17600.0
1475.0,1483.0,11576,25623,28547,29656,31042,30582,32767,32767,32767,32767,32767,1853.0,17600.0
1665.0,1961.0,13131,25623,29023,28615,28699,30582,32767,32767,32767,32767,32767,2307.0,17600.0
1707.0,2087.0,13476,26522,29974,30176,30456,30582,32767,32767,32767,32767,32767,2412.0,17600.0
1517.0,1659.0,13303,26522,29974,29656,30456,30582,32767,32767,32767,32767,32767,1888.0,17600.0
1538.0,1684.0,13476,26522,29498,30176,31627,30582,32767,32767,32767,32767,32767,2028.0,17600.0
1580.0,1810.0,13649,26522,29974,29656,31627,30582,32767,32767,32767,32767,32767,2377.0,17600.0
1602.0,1760.0,13822,26972,30926,29135,29870,30582,32767,32767,32767,32767,32767,2097.0,17600.0
1559.0,1911.0,13994,26972,30450,29135,31042,30582,32767,32767,32767,32767,32767,2307.0,17600.0
1686.0,2112.0,14686,26972,30926,29135,30456,30582,32767,32767,32767,32767,32767,2412.0,17600.0
1559.0,1810.0,14167,26972,30450,30176,31042,30582,32767,32767,32767,32767,32767,2202.0,17600.0
1580.0,1684.0,12440,26972,29498,30696,32213,30582,32767,32767,32767,32767,32767,1888.0,17600.0
1538.0,1886.0,15031,27421,30450,29135,30456,30582,32767,32767,32767,32767,32767,2342.0,17600.0
1602.0,1760.0,14340,27421,32353,30696,32213,30582,32767,32767,32767,32767,32767,2028.0,17600.0
1559.0,1785.0,14513,27871,31877,30176,31627,30582,32767,32767,32767,32767,32767,2132.0,17600.0
1580.0,1785.0,14340,27871,30450,28615,30456,30582,32767,32767,32767,32767,32767,2237.0,17600.0
1630.0,1628.0,12640,25327,28406,28000,29058,30641,32767,32767,32767,32767,32767,2234.0,17600.0
1701.0,1712.0,11623,26083,28006,29750,31521,30641,32767,32767,32767,32767,32767,2998.0,17600.0
1932.0,2199.0,13512,26461,29207,30188,30536,30641,32767,32767,32767,32767,32767,2440.0,17600.0
1754.0,1882.0,14383,26839,30007,31063,30536,30641,32767,32767,32767,32767,32767,2410.0,17600.0
2056.0,2241.0,12930,27595,30407,32375,32014,30641,32767,32767,32767,32767,32767,3351.0,17600.0
1737.0,1797.0,14238,27973,31607,31500,32767,30641,32767,32767,32767,32767,32767,2381.0,17600.0
1666.0,1755.0,13947,27973,31207,31063,31521,30641,32767,32767,32767,32767,32767,2293.0,17600.0
2073.0,2262.0,15110,28351,31207,32767,32767,30641,32767,32767,32767,32767,32767,2881.0,17600.0
1772.0,1924.0,12785,28729,32407,30625,30536,30641,32767,32767,32767,32767,32767,1970.0,17600.0
1453.0,1438.0,12059,24572,27607,28439,30045,30642,32767,32767,32767,32767,32767,2175.0,17600.0
1630.0,1607.0,12059,24950,26807,26251,28074,30642,32767,32767,32767,32767,32767,2822.0,17600.0
1418.0,1290.0,12495,25706,28808,29314,31030,30642,32767,32767,32767,32767,32767,2616.0,17600.0
1630.0,1670.0,13367,26084,29208,30189,30537,30642,32767,32767,32767,32767,32767,2264.0,17600.0
1577.0,1586.0,12350,26084,29208,28877,29552,30642,32767,32767,32767,32767,32767,1999.0,17600.0
1559.0,1543.0,12640,26084,28007,28002,29552,30642,32767,32767,32767,32767,32767,2352.0,17600.0
1666.0,1797.0,13657,26084,29208,29314,31030,30642,32767,32767,32767,32767,32767,2322.0,17600.0
1489.0,1438.0,12495,26084,28808,29752,30537,30642,32767,32767,32767,32767,32767,2234.0,17600.0
1684.0,1839.0,14093,26840,30008,30627,32015,30642,32767,32767,32767,32767,32767,2264.0,17600.0
1630.0,1734.0,13803,26840,29608,29314,30537,30642,32767,32767,32767,32767,32767,2293.0,17600.0
1772.0,1734.0,15837,27596,31208,32767,32767,30642,32767,32767,32767,32767,32767,2411.0,17600.0
1701.0,1776.0,15110,27974,32409,30627,31522,30642,32767,32767,32767,32767,32767,2675.0,17600.0
1861.0,1966.0,14820,28352,32008,32377,32767,30642,32767,32767,32767,32767,32767,2646.0,17600.0
1418.0,1290.0,12932,25709,28410,28879,32018,30645,32767,32767,32767,32767,32767,2499.0,17600.0
2056.0,2389.0,15112,26843,29611,32767,32767,30645,32767,32767,32767,32767,32767,2734.0,17600.0
1577.0,1607.0,13223,27977,32012,32380,32511,30645,32767,32767,32767,32767,32767,2205.0,17600.0
1595.0,1713.0,14967,28355,32412,32380,32767,30645,32767,32767,32767,32767,32767,2293.0,17600.0
1595.0,1522.0,14967,28733,32767,32380,32767,30645,32767,32767,32767,32767,32767,2617.0,17600.0
1613.0,1797.0,14967,29111,31612,32380,32767,30645,32767,32767,32767,32767,32767,2293.0,17600.0
1666.0,1840.0,15548,29111,32767,32380,32767,30645,32767,32767,32767,32767,32767,2470.0,17600.0
1560.0,1670.0,14676,29111,32767,32767,32767,30645,32767,32767,32767,32767,32767,1999.0,17600.0
1436.0,1375.0,11486,24590,28829,28460,31052,30664,32767,32767,32767,32767,32767,2089.0,17600.0
1436.0,1396.0,12359,24968,29229,28460,30560,30664,32767,32767,32767,32767,32767,2265.0,17600.0
2022.0,2200.0,13522,25346,27227,28022,30560,30664,32767,32767,32767,32767,32767,2795.0,17600.0
1561.0,1566.0,12940,26103,29229,29336,31052,30664,32767,32767,32767,32767,32767,2177.0,17600.0
1614.0,1693.0,13958,26103,30030,30211,32038,30664,32767,32767,32767,32767,32767,2471.0,17600.0
1632.0,1693.0,14394,26481,29629,29773,31052,30664,32767,32767,32767,32767,32767,2707.0,17600.0
1596.0,1735.0,13667,26860,29629,28460,29574,30664,32767,32767,32767,32767,32767,2295.0,17600.0
1685.0,1862.0,14104,26860,30831,29773,31545,30664,32767,32767,32767,32767,32767,2354.0,17600.0
1649.0,1946.0,13813,27238,29629,28898,31545,30664,32767,32767,32767,32767,32767,2295.0,17600.0
1649.0,1756.0,14685,27238,30831,30649,32531,30664,32767,32767,32767,32767,32767,2412.0,17600.0
1720.0,1904.0,14685,27616,31231,31525,32767,30664,32767,32767,32767,32767,32767,2471.0,17600.0
1827.0,1862.0,15121,27995,32767,32400,32767,30664,32767,32767,32767,32767,32767,2971.0,17600.0
1561.0,1439.0,13958,27995,31631,31525,32531,30664,32767,32767,32767,32767,32767,2265.0,17600.0
1915.0,1925.0,16285,28751,32767,32767,32767,30664,32767,32767,32767,32767,32767,3413.0,17600.0
1898.0,1651.0,14691,29898,32767,32767,32767,30677,32767,32767,32767,32767,32767,2708.0,17600.0
1934.0,2138.0,15273,30276,32767,32767,32767,30677,32767,32767,32767,32767,32767,3031.0,17600.0
1810.0,1587.0,16291,30655,32767,32767,32767,30677,32767,32767,32767,32767,32767,3591.0,17600.0
1632.0,1355.0,15564,31033,32767,32767,32767,30677,32767,32767,32767,32767,32767,3649.0,17600.0
1630.0,1670.0,13657,26461,29607,30188,30536,31188,32767,32767,32767,32767,32767,2381.0,17600.0
1595.0,1607.0,13802,26839,30407,31063,31521,31188,32767,32767,32767,32767,32767,2234.0,17600.0
1489.0,1459.0,13802,27217,30007,29750,31521,31188,32767,32767,32767,32767,32767,2381.0,17600.0
1648.0,1734.0,13366,27595,30807,30625,31028,31188,32767,32767,32767,32767,32767,2028.0,17600.0
1648.0,1860.0,13802,27595,30007,31063,32014,31188,32767,32767,32767,32767,32767,2058.0,17600.0
1666.0,1734.0,13657,27595,30807,30625,31521,31188,32767,32767,32767,32767,32767,2058.0,17600.0
1790.0,1860.0,13512,28351,31207,31500,32506,31188,32767,32767,32767,32767,32767,2234.0,17600.0
1630.0,1734.0,13512,28351,30807,30188,32014,31188,32767,32767,32767,32767,32767,1970.0,17600.0
1878.0,2030.0,12930,28729,32407,32767,32767,31188,32767,32767,32767,32767,32767,2793.0,17600.0
1754.0,1860.0,14238,29485,32407,32375,32767,31188,32767,32767,32767,32767,32767,2117.0,17600.0
1648.0,1522.0,12931,25328,28407,28002,30045,31189,32767,32767,32767,32767,32767,2499.0,17600.0
1666.0,1712.0,13657,25706,29608,30189,31030,31189,32767,32767,32767,32767,32767,2264.0,17600.0
1684.0,1691.0,12640,26084,29208,29314,30537,31189,32767,32767,32767,32767,32767,2028.0,17600.0
1559.0,1543.0,13076,26462,30408,29752,31522,31189,32767,32767,32767,32767,32767,2146.0,17600.0
1949.0,2114.0,13803,26840,29608,30189,32015,31189,32767,32767,32767,32767,32767,2558.0,17600.0
1843.0,2051.0,13657,26840,29208,29752,31030,31189,32767,32767,32767,32767,32767,2587.0,17600.0
1524.0,1649.0,13222,26840,30808,30627,32015,31189,32767,32767,32767,32767,32767,1970.0,17600.0
1684.0,1903.0,14384,26840,30008,30627,31522,31189,32767,32767,32767,32767,32767,2322.0,17600.0
1506.0,1543.0,13367,27218,30808,30627,32767,31189,32767,32767,32767,32767,32767,2058.0,17600.0
1630.0,1564.0,13512,27596,32409,31502,32767,31189,32767,32767,32767,32767,32767,2440.0,17600.0
1666.0,1755.0,14093,27974,31608,31502,32767,31189,32767,32767,32767,32767,32767,2587.0,17600.0
1737.0,1860.0,14674,29108,32767,32377,32767,31189,32767,32767,32767,32767,32767,2469.0,17600.0
1559.0,1586.0,13803,29108,32008,32767,32767,31189,32767,32767,32767,32767,32767,2528.0,17600.0
1542.0,1565.0,13223,27977,32412,31942,32767,31192,32767,32767,32767,32767,32767,1735.0,17600.0
1755.0,1903.0,15257,28355,32767,31942,32767,31192,32767,32767,32767,32767,32767,2940.0,17600.0
1648.0,1988.0,15984,28355,31211,32767,32767,31192,32767,32767,32767,32767,32767,2587.0,17600.0
2075.0,2158.0,14104,24968,29229,31963,32767,31212,32767,32767,32767,32767,32767,3001.0,17600.0
1277.0,1227.0,11196,24968,30030,29773,32531,31212,32767,32767,32767,32767,32767,1500.0,17600.0
1578.0,1566.0,12068,25346,28428,29336,30560,31212,32767,32767,32767,32767,32767,2206.0,17600.0
1649.0,1756.0,14394,26860,31631,31087,32038,31212,32767,32767,32767,32767,32767,2412.0,17600.0
1685.0,1862.0,13667,26860,30030,30211,31545,31212,32767,32767,32767,32767,32767,2677.0,17600.0
1649.0,1925.0,13958,27238,29629,30211,32038,31212,32767,32767,32767,32767,32767,2471.0,17600.0
1578.0,1650.0,13958,27616,30030,30211,32531,31212,32767,32767,32767,32767,32767,2324.0,17600.0
1596.0,1608.0,15121,28751,31631,31525,32767,31212,32767,32767,32767,32767,32767,2589.0,17600.0
2057.0,2222.0,15848,31021,32767,32767,32767,31212,32767,32767,32767,32767,32767,3177.0,17600.0
2431.0,2413.0,14255,28763,32045,31537,32767,31224,32767,32767,32767,32767,32767,2914.0,17600.0
1597.0,1460.0,14255,29898,32767,32767,32767,31224,32767,32767,32767,32767,32767,2502.0,17600.0
2093.0,2117.0,16291,31790,32767,32767,32767,31224,32767,32767,32767,32767,32767,3385.0,17600.0
1580.0,1710.0,13131,25623,29498,28095,30456,31232,32767,32767,32767,32767,32767,1993.0,17600.0
1897.0,1886.0,10366,25623,28071,29135,32767,31232,32767,32767,32767,32767,32767,1783.0,17600.0
1707.0,1911.0,14167,26522,30450,29656,30456,31232,32767,32767,32767,32767,32767,2237.0,17600.0
1538.0,1785.0,13994,26972,30450,30696,31627,31232,32767,32767,32767,32767,32767,2307.0,17600.0
1707.0,1986.0,13649,26972,29498,30176,32213,31232,32767,32767,32767,32767,32767,2517.0,17600.0
1623.0,1760.0,13994,26972,29974,30696,31627,31232,32767,32767,32767,32767,32767,2447.0,17600.0
1580.0,1810.0,13994,27871,29974,29656,31627,31232,32767,32767,32767,32767,32767,2272.0,17600.0
1749.0,2087.0,14686,28320,31877,31737,32767,31232,32767,32767,32767,32767,32767,2377.0,17600.0
1623.0,1785.0,14858,28770,32353,31217,32213,31232,32767,32767,32767,32767,32767,2202.0,17600.0
1665.0,1936.0,14340,29219,32767,31737,32767,31232,32767,32767,32767,32767,32767,2202.0,17600.0
1602.0,1886.0,14858,29219,32353,31737,31627,31232,32767,32767,32767,32767,32767,2272.0,17600.0
1914.0,2114.0,14529,27595,30007,32375,32767,31735,32767,32767,32767,32767,32767,2969.0,17600.0
1630.0,1755.0,13512,27973,30407,29313,30536,31735,32767,32767,32767,32767,32767,2058.0,17600.0
1683.0,1586.0,12640,28351,30807,31063,32767,31735,32767,32767,32767,32767,32767,2675.0,17600.0
1666.0,1797.0,13802,28729,32007,32375,32767,31735,32767,32767,32767,32767,32767,2087.0,17600.0
1489.0,1607.0,13076,26840,30008,29752,31522,31736,32767,32767,32767,32767,32767,1940.0,17600.0
1559.0,1691.0,13222,26840,30408,30189,31522,31736,32767,32767,32767,32767,32767,2028.0,17600.0
1684.0,1712.0,12931,26840,30008,28877,31030,31736,32767,32767,32767,32767,32767,2058.0,17600.0
1524.0,1628.0,13512,27218,30408,30627,31522,31736,32767,32767,32767,32767,32767,2087.0,17600.0
1843.0,1839.0,13657,28352,32767,31064,32767,31736,32767,32767,32767,32767,32767,2469.0,17600.0
1719.0,1903.0,15546,29108,32767,32767,32767,31736,32767,32767,32767,32767,32767,2558.0,17600.0
1453.0,1628.0,13368,26843,32412,31505,32767,31740,32767,32767,32767,32767,32767,2411.0,17600.0
1808.0,2114.0,15402,28733,32412,32767,32767,31740,32767,32767,32767,32767,32767,2264.0,17600.0
1808.0,2051.0,15984,29111,32767,32767,32767,31740,32767,32767,32767,32767,32767,2470.0,17600.0
1808.0,2051.0,15693,29111,32012,32767,32767,31740,32767,32767,32767,32767,32767,2323.0,17600.0
1701.0,1861.0,14240,29867,32767,32380,32767,31740,32767,32767,32767,32767,32767,2146.0,17600.0
1843.0,2009.0,17437,32514,32767,32767,32767,31740,32767,32767,32767,32767,32767,2764.0,17600.0
1632.0,1693.0,14104,26860,29229,29336,31052,31760,32767,32767,32767,32767,32767,2589.0,17600.0
1986.0,2327.0,14540,27238,29629,30649,32767,31760,32767,32767,32767,32767,32767,2824.0,17600.0
1862.0,2264.0,14685,28751,31631,31525,32767,31760,32767,32767,32767,32767,32767,2765.0,17600.0
1827.0,1777.0,14249,29130,30831,32767,32767,31760,32767,32767,32767,32767,32767,2971.0,17600.0
1880.0,1820.0,16866,30643,32767,32767,32767,31760,32767,32767,32767,32767,32767,3236.0,17600.0
2181.0,2243.0,17738,32534,32767,32767,32767,31760,32767,32767,32767,32767,32767,3560.0,17600.0
2608.0,2561.0,13382,28384,32045,32767,32767,31772,32767,32767,32767,32767,32767,3237.0,17600.0
1721.0,1820.0,13818,29141,31644,31975,32767,31772,32767,32767,32767,32767,32767,2590.0,17600.0
2147.0,2265.0,16000,29520,32767,32767,32767,31772,32767,32767,32767,32767,32767,3296.0,17600.0
2253.0,2244.0,16436,30655,32767,32767,32767,31772,32767,32767,32767,32767,32767,3090.0,17600.0
1845.0,1799.0,14836,31033,32767,32767,32767,31772,32767,32767,32767,32767,32767,2737.0,17600.0
2040.0,2074.0,15855,31790,32767,32767,32767,31772,32767,32767,32767,32767,32767,2914.0,17600.0
1934.0,1947.0,17309,32169,32767,32767,32767,31772,32767,32767,32767,32767,32767,3149.0,17600.0
1623.0,1835.0,12612,26522,29023,30696,31627,31883,32767,32767,32767,32767,32767,2028.0,17600.0
1517.0,1634.0,12267,26522,29498,30696,32767,31883,32767,32767,32767,32767,32767,1853.0,17600.0
1833.0,2036.0,11921,26522,30450,30696,32767,31883,32767,32767,32767,32767,32767,2342.0,17600.0
1854.0,2087.0,14686,27871,32353,31217,31042,31883,32767,32767,32767,32767,32767,2622.0,17600.0
1833.0,1810.0,13822,27871,30450,30696,32213,31883,32767,32767,32767,32767,32767,2517.0,17600.0
1623.0,1961.0,15549,28770,32353,32257,32767,31883,32767,32767,32767,32767,32767,2482.0,17600.0
2144.0,2072.0,13076,26839,30007,30625,31028,32282,32767,32767,32767,32767,32767,2910.0,17600.0
1489.0,1459.0,12785,27217,31207,31500,32767,32282,32767,32767,32767,32767,32767,2028.0,17600.0
1754.0,1818.0,13366,27595,30807,30625,31521,32282,32767,32767,32767,32767,32767,2087.0,17600.0
1648.0,1712.0,13512,27595,30807,30188,32014,32282,32767,32767,32767,32767,32767,2087.0,17600.0
1807.0,1882.0,13657,27973,30807,31500,31521,32282,32767,32767,32767,32767,32767,2410.0,17600.0
1914.0,2051.0,14529,27973,30807,32767,32767,32282,32767,32767,32767,32767,32767,2822.0,17600.0
1613.0,1712.0,13512,27973,30807,31500,32506,32282,32767,32767,32767,32767,32767,1970.0,17600.0
1719.0,1776.0,13221,27973,30807,30625,31521,32282,32767,32767,32767,32767,32767,2205.0,17600.0
1666.0,1966.0,12349,28351,30407,32767,32767,32282,32767,32767,32767,32767,32767,2410.0,17600.0
1701.0,1691.0,13802,28351,31607,31938,32767,32282,32767,32767,32767,32767,32767,2293.0,17600.0
1719.0,1776.0,14093,28351,31607,31063,32506,32282,32767,32767,32767,32767,32767,2234.0,17600.0
1630.0,1734.0,13947,28351,32007,31063,32506,32282,32767,32767,32767,32767,32767,2117.0,17600.0
1648.0,1755.0,13366,28351,31207,30625,32506,32282,32767,32767,32767,32767,32767,2058.0,17600.0
1754.0,1797.0,13947,28351,32007,31063,32767,32282,32767,32767,32767,32767,32767,2087.0,17600.0
1701.0,1797.0,13802,28351,31207,30625,32014,32282,32767,32767,32767,32767,32767,2205.0,17600.0
1843.0,2135.0,14529,28729,31207,32767,32767,32282,32767,32767,32767,32767,32767,2557.0,17600.0
1772.0,1882.0,14529,28729,31607,32375,32767,32282,32767,32767,32767,32767,32767,2175.0,17600.0
1754.0,1839.0,14238,28729,32407,31063,32767,32282,32767,32767,32767,32767,32767,2087.0,17600.0
1701.0,1839.0,13947,29107,32007,31938,32767,32282,32767,32767,32767,32767,32767,2205.0,17600.0
1577.0,1691.0,14238,29485,32767,31500,32767,32282,32767,32767,32767,32767,32767,1999.0,17600.0
1949.0,2093.0,13221,30241,32767,32767,32767,32282,32767,32767,32767,32767,32767,2646.0,17600.0
1630.0,1734.0,13367,26840,30808,30627,31522,32284,32767,32767,32767,32767,32767,2028.0,17600.0
1506.0,1586.0,13367,27218,30408,30189,31030,32284,32767,32767,32767,32767,32767,1970.0,17600.0
1666.0,1776.0,14093,27218,30408,30627,32015,32284,32767,32767,32767,32767,32767,2352.0,17600.0
1418.0,1438.0,12059,27596,30408,30189,32767,32284,32767,32767,32767,32767,32767,1911.0,17600.0
1595.0,1691.0,13512,28352,30808,31064,32767,32284,32767,32767,32767,32767,32767,1911.0,17600.0
1701.0,1776.0,14384,29108,32008,32767,32767,32284,32767,32767,32767,32767,32767,2734.0,17600.0
1772.0,1987.0,14674,29108,32409,32767,32767,32284,32767,32767,32767,32767,32767,2734.0,17600.0
1400.0,1459.0,11624,26465,30811,31942,32767,32287,32767,32767,32767,32767,32767,1911.0,17600.0
1701.0,1924.0,13513,27599,30811,31942,32767,32287,32767,32767,32767,32767,32767,2470.0,17600.0
1631.0,1755.0,14531,29111,32767,32767,32767,32287,32767,32767,32767,32767,32767,2117.0,17600.0
1967.0,2220.0,15112,29111,32012,32767,32767,32287,32767,32767,32767,32767,32767,2528.0,17600.0
1613.0,1755.0,14967,29867,32767,32767,32767,32287,32767,32767,32767,32767,32767,2087.0,17600.0
1843.0,2136.0,16565,30623,32767,32767,32767,32287,32767,32767,32767,32767,32767,2470.0,17600.0
1596.0,1650.0,14104,27238,30831,30649,32767,32307,32767,32767,32767,32767,32767,2501.0,17600.0
1702.0,1798.0,15267,28751,31231,32400,32767,32307,32767,32767,32767,32767,32767,2707.0,17600.0
1809.0,2137.0,15121,29130,32032,31087,32767,32307,32767,32767,32767,32767,32767,2618.0,17600.0
1791.0,1777.0,15558,29130,32767,32400,32767,32307,32767,32767,32767,32767,32767,3236.0,17600.0
1313.0,1206.0,10764,26113,29241,30223,32767,32320,32767,32767,32767,32767,32767,1413.0,17600.0
1597.0,1355.0,13818,28384,32767,32767,32767,32320,32767,32767,32767,32767,32767,2914.0,17600.0
2076.0,2117.0,16000,31033,32767,32767,32767,32320,32767,32767,32767,32767,32767,3208.0,17600.0
1810.0,2074.0,16146,31033,32767,32767,32767,32320,32767,32767,32767,32767,32767,3120.0,17600.0
1810.0,1884.0,15418,31412,32767,32767,32767,32320,32767,32767,32767,32767,32767,2943.0,17600.0
1774.0,1736.0,16146,32169,32767,32767,32767,32320,32767,32767,32767,32767,32767,3120.0,17600.0
1898.0,1884.0,16582,32547,32767,32767,32767,32320,32767,32767,32767,32767,32767,3090.0,17600.0
1728.0,2036.0,13649,27421,31402,31217,32767,32534,32767,32767,32767,32767,32767,2412.0,17600.0
1644.0,1860.0,14686,27871,31402,31217,31627,32534,32767,32767,32767,32767,32767,2447.0,17600.0
1770.0,2036.0,13649,27871,31877,31737,32767,32534,32767,32767,32767,32767,32767,2342.0,17600.0
1728.0,1860.0,13822,28320,31877,31217,32767,32534,32767,32767,32767,32767,32767,2517.0,17600.0
1644.0,1835.0,15031,28770,32767,31737,32767,32534,32767,32767,32767,32767,32767,2342.0,17600.0
1538.0,1810.0,14858,29219,32767,32767,32767,32534,32767,32767,32767,32767,32767,2132.0,17600.0
1580.0,1835.0,14167,29219,32767,32257,32767,32534,32767,32767,32767,32767,32767,2097.0,17600.0
1686.0,1886.0,14167,29669,32767,32767,32767,32534,32767,32767,32767,32767,32767,2097.0,17600.0
1538.0,1383.0,11748,26522,30926,30696,32767,32767,32767,32767,32767,32767,32767,1993.0,17600.0
1506.0,1459.0,13222,26840,30408,30627,32507,32767,32767,32767,32767,32767,32767,2146.0,17600.0
1577.0,1501.0,12496,27221,32012,32380,32767,32767,32767,32767,32767,32767,32767,2293.0,17600.0
1580.0,1710.0,13131,27421,30926,31737,32767,32767,32767,32767,32767,32767,32767,1958.0,17600.0
1630.0,1734.0,13076,27596,31208,31502,32507,32767,32767,32767,32767,32767,32767,1999.0,17600.0
1666.0,1691.0,13076,27596,30808,30627,31522,32767,32767,32767,32767,32767,32767,2322.0,17600.0
1595.0,1586.0,12787,27599,30811,32767,32767,32767,32767,32767,32767,32767,32767,2058.0,17600.0
1614.0,1650.0,13813,27616,30831,31525,32767,32767,32767,32767,32767,32767,32767,2295.0,17600.0
1524.0,1522.0,13947,27973,30807,31938,32506,32767,32767,32767,32767,32767,32767,2469.0,17600.0
1666.0,1734.0,13367,27974,31608,30627,32767,32767,32767,32767,32767,32767,32767,1970.0,17600.0
1648.0,1628.0,13222,27974,32008,31939,32767,32767,32767,32767,32767,32767,32767,2411.0,17600.0
1773.0,2010.0,13813,27995,31631,32767,32767,32767,32767,32767,32767,32767,32767,3060.0,17600.0
1623.0,1886.0,15031,28320,32353,31217,32767,32767,32767,32767,32767,32767,32767,2202.0,17600.0
1471.0,1480.0,14093,28351,32767,32767,32767,32767,32767,32767,32767,32767,32767,2410.0,17600.0
1790.0,1797.0,13657,28351,32407,32375,32767,32767,32767,32767,32767,32767,32767,2087.0,17600.0
1666.0,1755.0,13512,28351,31607,31938,32767,32767,32767,32767,32767,32767,32767,1911.0,17600.0
1683.0,1691.0,13802,28351,31607,31063,32014,32767,32767,32767,32767,32767,32767,2234.0,17600.0
1949.0,2114.0,14965,28352,31608,32767,32767,32767,32767,32767,32767,32767,32767,2616.0,17600.0
1701.0,1776.0,14093,28352,32767,32377,32767,32767,32767,32767,32767,32767,32767,2440.0,17600.0
1489.0,1438.0,13367,28352,32409,32767,32767,32767,32767,32767,32767,32767,32767,2469.0,17600.0
1896.0,2093.0,14240,28355,32012,32767,32767,32767,32767,32767,32767,32767,32767,3058.0,17600.0
2039.0,1968.0,13958,28373,32767,32767,32767,32767,32767,32767,32767,32767,32767,2824.0,17600.0
1614.0,1925.0,14249,28373,31631,30649,32767,32767,32767,32767,32767,32767,32767,2412.0,17600.0
2040.0,1990.0,14546,28384,31644,32767,32767,32767,32767,32767,32767,32767,32767,3031.0,17600.0
1807.0,1882.0,14093,28729,31607,31063,32767,32767,32767,32767,32767,32767,32767,2175.0,17600.0
1489.0,1438.0,13947,28729,32767,32375,32767,32767,32767,32767,32767,32767,32767,2264.0,17600.0
1861.0,1945.0,15401,28730,32767,32767,32767,32767,32767,32767,32767,32767,32767,2705.0,17600.0
1719.0,1797.0,14239,28730,32767,32767,32767,32767,32767,32767,32767,32767,32767,2205.0,17600.0
1772.0,1945.0,14239,28730,31208,31502,32767,32767,32767,32767,32767,32767,32767,2264.0,17600.0
1684.0,1712.0,14093,28730,31608,31939,32767,32767,32767,32767,32767,32767,32767,2440.0,17600.0
1949.0,2241.0,14965,28730,30808,32767,32767,32767,32767,32767,32767,32767,32767,2734.0,17600.0
1506.0,1438.0,13803,28730,32409,32767,32767,32767,32767,32767,32767,32767,32767,2234.0,17600.0
1542.0,1586.0,13367,28730,32008,31939,32767,32767,32767,32767,32767,32767,32767,1940.0,17600.0
1684.0,1670.0,14385,28733,32767,32767,32767,32767,32767,32767,32767,32767,32767,2822.0,17600.0
1436.0,1502.0,14104,28751,32432,32400,32767,32767,32767,32767,32767,32767,32767,2000.0,17600.0
1738.0,1946.0,14685,28751,32432,32400,32767,32767,32767,32767,32767,32767,32767,2618.0,17600.0
1720.0,1883.0,14685,28751,32032,31963,32767,32767,32767,32767,32767,32767,32767,2589.0,17600.0
1665.0,1886.0,15031,28770,32767,32767,32767,32767,32767,32767,32767,32767,32767,2237.0,17600.0
1719.0,1628.0,13512,29107,31207,31938,32767,32767,32767,32767,32767,32767,32767,2469.0,17600.0
1666.0,1734.0,13947,29107,32767,32375,32767,32767,32767,32767,32767,32767,32767,1911.0,17600.0
1719.0,1797.0,15255,29107,32407,32767,32767,32767,32767,32767,32767,32767,32767,2381.0,17600.0
1719.0,1860.0,14529,29107,32407,30625,32767,32767,32767,32767,32767,32767,32767,2175.0,17600.0
1737.0,1818.0,14383,29107,32407,32375,32767,32767,32767,32767,32767,32767,32767,2205.0,17600.0
1861.0,1945.0,15255,29107,32767,32767,32767,32767,32767,32767,32767,32767,32767,2469.0,17600.0
1542.0,1522.0,13366,29107,31207,31938,32767,32767,32767,32767,32767,32767,32767,2175.0,17600.0
1542.0,1628.0,14383,29107,32767,32767,32767,32767,32767,32767,32767,32767,32767,2704.0,17600.0
1666.0,1712.0,13947,29107,31607,31500,32506,32767,32767,32767,32767,32767,32767,2322.0,17600.0
1648.0,1734.0,13803,29108,32767,32767,32767,32767,32767,32767,32767,32767,32767,1999.0,17600.0
1577.0,1564.0,13803,29108,32767,32767,32767,32767,32767,32767,32767,32767,32767,2499.0,17600.0
1559.0,1607.0,13803,29108,32767,32767,32767,32767,32767,32767,32767,32767,32767,1823.0,17600.0
1453.0,1395.0,13948,29108,32767,31939,32767,32767,32767,32767,32767,32767,32767,2352.0,17600.0
1808.0,2072.0,15110,29108,32767,32377,32767,32767,32767,32767,32767,32767,32767,2469.0,17600.0
1577.0,1691.0,13948,29108,32767,31502,32767,32767,32767,32767,32767,32767,32767,1881.0,17600.0
1808.0,2072.0,14529,29108,32409,32767,32767,32767,32767,32767,32767,32767,32767,2440.0,17600.0
1666.0,1755.0,13803,29108,32767,31939,32767,32767,32767,32767,32767,32767,32767,2028.0,17600.0
1613.0,1565.0,12496,29111,32767,32767,32767,32767,32767,32767,32767,32767,32767,2176.0,17600.0
1543.0,1544.0,13231,29130,32767,32767,32767,32767,32767,32767,32767,32767,32767,2148.0,17600.0
1827.0,2179.0,14540,29130,32767,32767,32767,32767,32767,32767,32767,32767,32767,2589.0,17600.0
1897.0,2112.0,14858,29219,32767,32767,32767,32767,32767,32767,32767,32767,32767,2412.0,17600.0
2020.0,1966.0,13947,29485,32767,32767,32767,32767,32767,32767,32767,32767,32767,2940.0,17600.0
1666.0,1712.0,14383,29485,32407,32767,32767,32767,32767,32767,32767,32767,32767,2440.0,17600.0
1683.0,1797.0,14383,29485,32407,32375,32767,32767,32767,32767,32767,32767,32767,2175.0,17600.0
1577.0,1607.0,14093,29485,32407,32767,32767,32767,32767,32767,32767,32767,32767,2146.0,17600.0
1683.0,1860.0,14674,29485,32767,32767,32767,32767,32767,32767,32767,32767,32767,2058.0,17600.0
1701.0,1818.0,14238,29485,32767,31938,32767,32767,32767,32767,32767,32767,32767,2058.0,17600.0
1701.0,1818.0,14819,29485,32767,32767,32767,32767,32767,32767,32767,32767,32767,2146.0,17600.0
1701.0,1797.0,14238,29485,32407,32375,32767,32767,32767,32767,32767,32767,32767,2146.0,17600.0
1648.0,1712.0,14819,29485,32767,32767,32767,32767,32767,32767,32767,32767,32767,2440.0,17600.0
1666.0,1776.0,14529,29485,32767,32375,32767,32767,32767,32767,32767,32767,32767,2058.0,17600.0
2126.0,2220.0,12349,29485,31607,32767,32767,32767,32767,32767,32767,32767,32767,2910.0,17600.0
1737.0,1818.0,14529,29485,32767,32375,32767,32767,32767,32767,32767,32767,32767,2087.0,17600.0
1878.0,2178.0,15110,29485,32007,32767,32767,32767,32767,32767,32767,32767,32767,2646.0,17600.0
1666.0,1797.0,14529,29485,32767,32767,32767,32767,32767,32767,32767,32767,32767,2058.0,17600.0
1701.0,1818.0,14383,29485,32767,32767,32767,32767,32767,32767,32767,32767,32767,1999.0,17600.0
1595.0,1755.0,15546,29486,32767,32767,32767,32767,32767,32767,32767,32767,32767,2411.0,17600.0
1772.0,1903.0,14820,29486,32008,32377,32767,32767,32767,32767,32767,32767,32767,2440.0,17600.0
1949.0,1945.0,15546,29486,32767,32767,32767,32767,32767,32767,32767,32767,32767,2999.0,17600.0
1790.0,1882.0,14529,29486,32409,32767,32767,32767,32767,32767,32767,32767,32767,2234.0,17600.0
1914.0,1882.0,13803,29486,32767,32767,32767,32767,32767,32767,32767,32767,32767,2558.0,17600.0
1772.0,1966.0,14674,29486,32767,32767,32767,32767,32767,32767,32767,32767,32767,2469.0,17600.0
1542.0,1607.0,11624,29489,32012,32767,32767,32767,32767,32767,32767,32767,32767,1617.0,17600.0
1862.0,2243.0,15412,29508,32767,32400,32767,32767,32767,32767,32767,32767,32767,2736.0,17600.0
1707.0,2062.0,15204,29669,32767,32767,32767,32767,32767,32767,32767,32767,32767,2447.0,17600.0
1602.0,1810.0,15031,29669,32767,32767,32767,32767,32767,32767,32767,32767,32767,2097.0,17600.0
1770.0,2187.0,15895,29669,32767,32767,32767,32767,32767,32767,32767,32767,32767,2622.0,17600.0
1719.0,1860.0,14529,29863,32767,32767,32767,32767,32767,32767,32767,32767,32767,2234.0,17600.0
1737.0,1882.0,14819,29863,32767,32767,32767,32767,32767,32767,32767,32767,32767,2264.0,17600.0
1807.0,1966.0,14819,29863,32767,32767,32767,32767,32767,32767,32767,32767,32767,2175.0,17600.0
1719.0,1860.0,14383,29863,32767,32767,32767,32767,32767,32767,32767,32767,32767,2058.0,17600.0
1701.0,1712.0,13802,29863,32767,32767,32767,32767,32767,32767,32767,32767,32767,1940.0,17600.0
1949.0,2093.0,14674,29863,32767,32767,32767,32767,32767,32767,32767,32767,32767,2528.0,17600.0
1790.0,2008.0,14674,29863,32767,32767,32767,32767,32767,32767,32767,32767,32767,2293.0,17600.0
1613.0,1670.0,14384,29864,32767,32767,32767,32767,32767,32767,32767,32767,32767,1999.0,17600.0
1577.0,1564.0,15546,29864,32767,32767,32767,32767,32767,32767,32767,32767,32767,2675.0,17600.0
1808.0,1755.0,13657,29864,32409,32767,32767,32767,32767,32767,32767,32767,32767,2469.0,17600.0
1950.0,2241.0,14095,29867,32767,32767,32767,32767,32767,32767,32767,32767,32767,2646.0,17600.0
1808.0,2009.0,15693,29867,32767,32767,32767,32767,32767,32767,32767,32767,32767,2352.0,17600.0
2146.0,2412.0,15267,29886,32767,32767,32767,32767,32767,32767,32767,32767,32767,3236.0,17600.0
1792.0,1799.0,14982,29898,32767,32767,32767,32767,32767,32767,32767,32767,32767,2237.0,17600.0
2076.0,2138.0,14546,29898,32767,32767,32767,32767,32767,32767,32767,32767,32767,2472.0,17600.0
2076.0,2117.0,16727,29898,32767,32767,32767,32767,32767,32767,32767,32767,32767,3355.0,17600.0
2023.0,2288.0,14340,30118,32767,32767,32767,32767,32767,32767,32767,32767,32767,2272.0,17600.0
1728.0,2137.0,15549,30118,32767,32767,32767,32767,32767,32767,32767,32767,32767,2622.0,17600.0
1644.0,1886.0,15549,30118,32767,32257,32767,32767,32767,32767,32767,32767,32767,2482.0,17600.0
1728.0,1936.0,14513,30118,32767,31737,32767,32767,32767,32767,32767,32767,32767,2237.0,17600.0
1754.0,1945.0,14819,30241,32767,32767,32767,32767,32767,32767,32767,32767,32767,2264.0,17600.0
1754.0,1945.0,14964,30241,32767,32767,32767,32767,32767,32767,32767,32767,32767,2175.0,17600.0
1790.0,1966.0,14964,30241,32767,32767,32767,32767,32767,32767,32767,32767,32767,2234.0,17600.0
1701.0,1882.0,14674,30241,32767,32767,32767,32767,32767,32767,32767,32767,32767,2175.0,17600.0
1701.0,1818.0,14819,30241,32767,32767,32767,32767,32767,32767,32767,32767,32767,2205.0,17600.0
1719.0,1945.0,15110,30241,32767,32767,32767,32767,32767,32767,32767,32767,32767,2205.0,17600.0
1666.0,1818.0,14383,30241,32767,32767,32767,32767,32767,32767,32767,32767,32767,2058.0,17600.0
1666.0,1776.0,14383,30241,32767,32767,32767,32767,32767,32767,32767,32767,32767,2028.0,17600.0
2109.0,2156.0,15981,30241,32767,32767,32767,32767,32767,32767,32767,32767,32767,3028.0,17600.0
1843.0,2135.0,16127,30242,32767,32767,32767,32767,32767,32767,32767,32767,32767,2646.0,17600.0
1843.0,1987.0,14384,30242,32767,32767,32767,32767,32767,32767,32767,32767,32767,2999.0,17600.0
2056.0,2241.0,16563,30242,32767,32767,32767,32767,32767,32767,32767,32767,32767,2705.0,17600.0
1737.0,1797.0,14820,30242,32767,32767,32767,32767,32767,32767,32767,32767,32767,2205.0,17600.0
1454.0,1375.0,16285,30264,32767,32767,32767,32767,32767,32767,32767,32767,32767,3295.0,17600.0
1685.0,1587.0,15994,30264,32767,32767,32767,32767,32767,32767,32767,32767,32767,3501.0,17600.0
2590.0,2307.0,14255,30276,32767,32413,32767,32767,32767,32767,32767,32767,32767,3473.0,17600.0
1749.0,2087.0,16068,30568,32767,32767,32767,32767,32767,32767,32767,32767,32767,2587.0,17600.0
1897.0,2137.0,15549,30568,32767,32767,32767,32767,32767,32767,32767,32767,32767,2552.0,17600.0
1854.0,1986.0,14686,30568,32767,32767,32767,32767,32767,32767,32767,32767,32767,2482.0,17600.0
1875.0,2212.0,14858,30568,32767,32767,32767,32767,32767,32767,32767,32767,32767,2727.0,17600.0
1854.0,2062.0,14340,30568,32767,32767,32767,32767,32767,32767,32767,32767,32767,2552.0,17600.0
1833.0,2062.0,14686,30568,32767,32767,32767,32767,32767,32767,32767,32767,32767,2587.0,17600.0
1496.0,1609.0,14340,30568,32353,32767,32767,32767,32767,32767,32767,32767,32767,1818.0,17600.0
1812.0,2087.0,15549,30568,32767,32767,32767,32767,32767,32767,32767,32767,32767,2342.0,17600.0
1967.0,2135.0,13802,30619,32767,32767,32767,32767,32767,32767,32767,32767,32767,3322.0,17600.0
1737.0,1882.0,14964,30619,32767,32767,32767,32767,32767,32767,32767,32767,32767,2146.0,17600.0
1683.0,1882.0,14674,30619,32767,32767,32767,32767,32767,32767,32767,32767,32767,2087.0,17600.0
1648.0,1818.0,14238,30619,32767,32767,32767,32767,32767,32767,32767,32767,32767,1970.0,17600.0
1737.0,1924.0,14819,30619,32767,32767,32767,32767,32767,32767,32767,32767,32767,2117.0,17600.0
1648.0,1860.0,14238,30619,32767,32767,32767,32767,32767,32767,32767,32767,32767,2087.0,17600.0
1719.0,1839.0,14093,30619,32767,32767,32767,32767,32767,32767,32767,32767,32767,2205.0,17600.0
1347.0,1269.0,11623,30620,32767,32767,32767,32767,32767,32767,32767,32767,32767,1558.0,17600.0
1630.0,1607.0,15110,30620,32767,32767,32767,32767,32767,32767,32767,32767,32767,2822.0,17600.0
1613.0,1797.0,15838,30623,32767,32767,32767,32767,32767,32767,32767,32767,32767,2499.0,17600.0
1577.0,1713.0,16274,30623,32767,32767,32767,32767,32767,32767,32767,32767,32767,2205.0,17600.0
1809.0,2073.0,15703,30643,32767,32767,32767,32767,32767,32767,32767,32767,32767,2559.0,17600.0
1933.0,2073.0,15703,30643,32767,32767,32767,32767,32767,32767,32767,32767,32767,3060.0,17600.0
1756.0,1735.0,14831,30643,32767,32767,32767,32767,32767,32767,32767,32767,32767,2383.0,17600.0
1844.0,2370.0,15412,30643,32767,32767,32767,32767,32767,32767,32767,32767,32767,2707.0,17600.0
1648.0,1755.0,14964,30997,32767,32767,32767,32767,32767,32767,32767,32767,32767,2146.0,17600.0
1967.0,2051.0,13657,30997,32767,32767,32767,32767,32767,32767,32767,32767,32767,2469.0,17600.0
1949.0,2178.0,15400,30997,32767,32767,32767,32767,32767,32767,32767,32767,32767,2704.0,17600.0
1719.0,1966.0,15255,30997,32767,32767,32767,32767,32767,32767,32767,32767,32767,2146.0,17600.0
1861.0,1987.0,13802,30997,32767,32767,32767,32767,32767,32767,32767,32767,32767,2851.0,17600.0
1737.0,1818.0,14964,30997,32767,32767,32767,32767,32767,32767,32767,32767,32767,2058.0,17600.0
1630.0,1839.0,14674,30997,32767,32767,32767,32767,32767,32767,32767,32767,32767,2028.0,17600.0
1825.0,1860.0,14093,30998,32767,32767,32767,32767,32767,32767,32767,32767,32767,2558.0,17600.0
1613.0,1628.0,13803,30998,32767,32767,32767,32767,32767,32767,32767,32767,32767,2293.0,17600.0
1825.0,2072.0,16855,31002,32767,32767,32767,32767,32767,32767,32767,32767,32767,2969.0,17600.0
1755.0,2051.0,16565,31002,32767,32767,32767,32767,32767,32767,32767,32767,32767,2587.0,17600.0
1648.0,1734.0,15548,31002,32767,32767,32767,32767,32767,32767,32767,32767,32767,2675.0,17600.0
1749.0,2036.0,14858,31017,32767,32767,32767,32767,32767,32767,32767,32767,32767,2272.0,17600.0
1686.0,1911.0,15204,31017,32767,32767,32767,32767,32767,32767,32767,32767,32767,2307.0,17600.0
1667.0,1756.0,15703,31021,32767,32767,32767,32767,32767,32767,32767,32767,32767,2442.0,17600.0
1792.0,1630.0,15127,31033,32767,32767,32767,32767,32767,32767,32767,32767,32767,3208.0,17600.0
1896.0,2008.0,14238,31375,32767,32767,32767,32767,32767,32767,32767,32767,32767,2322.0,17600.0
1878.0,2093.0,15836,31375,32767,32767,32767,32767,32767,32767,32767,32767,32767,2293.0,17600.0
1737.0,1924.0,15110,31375,32767,32767,32767,32767,32767,32767,32767,32767,32767,2205.0,17600.0
1666.0,1882.0,15110,31375,32767,32767,32767,32767,32767,32767,32767,32767,32767,2087.0,17600.0
1914.0,2135.0,14238,31375,32767,32767,32767,32767,32767,32767,32767,32767,32767,2410.0,17600.0
1772.0,2008.0,14964,31375,32767,32767,32767,32767,32767,32767,32767,32767,32767,2175.0,17600.0
1896.0,1882.0,15400,31375,32767,32767,32767,32767,32767,32767,32767,32767,32767,2469.0,17600.0
1914.0,2093.0,15546,31375,32767,32767,32767,32767,32767,32767,32767,32767,32767,2469.0,17600.0
1772.0,1945.0,15400,31375,32767,32767,32767,32767,32767,32767,32767,32767,32767,2175.0,17600.0
1666.0,1797.0,14819,31375,32767,32767,32767,32767,32767,32767,32767,32767,32767,2087.0,17600.0
1790.0,1882.0,15255,31375,32767,32767,32767,32767,32767,32767,32767,32767,32767,2264.0,17600.0
1790.0,1924.0,15691,31376,32767,32767,32767,32767,32767,32767,32767,32767,32767,2381.0,17600.0
1808.0,1966.0,16418,31376,32767,32767,32767,32767,32767,32767,32767,32767,32767,2734.0,17600.0
1808.0,1839.0,15110,31376,32767,32767,32767,32767,32767,32767,32767,32767,32767,2734.0,17600.0
1808.0,1987.0,16418,31376,32767,32767,32767,32767,32767,32767,32767,32767,32767,2469.0,17600.0
1825.0,2051.0,16274,31380,32767,32767,32767,32767,32767,32767,32767,32767,32767,2411.0,17600.0
1701.0,1818.0,15402,31380,32767,32767,32767,32767,32767,32767,32767,32767,32767,2470.0,17600.0
1614.0,1736.0,14982,31412,32767,32767,32767,32767,32767,32767,32767,32767,32767,2413.0,17600.0
1756.0,1820.0,14982,31412,32767,32767,32767,32767,32767,32767,32767,32767,32767,2590.0,17600.0
1739.0,1778.0,16582,31412,32767,32767,32767,32767,32767,32767,32767,32767,32767,3061.0,17600.0
1897.0,2112.0,14858,31467,32767,32767,32767,32767,32767,32767,32767,32767,32767,2517.0,17600.0
1843.0,2008.0,15546,31753,32767,32767,32767,32767,32767,32767,32767,32767,32767,2469.0,17600.0
1754.0,1903.0,15110,31753,32767,32767,32767,32767,32767,32767,32767,32767,32767,2175.0,17600.0
2215.0,2452.0,14964,31753,32767,32767,32767,32767,32767,32767,32767,32767,32767,3469.0,17600.0
1914.0,2114.0,15110,31754,32767,32767,32767,32767,32767,32767,32767,32767,32767,2440.0,17600.0
1754.0,1966.0,15546,31754,32767,32767,32767,32767,32767,32767,32767,32767,32767,2087.0,17600.0
1666.0,1670.0,14529,31754,32767,32767,32767,32767,32767,32767,32767,32767,32767,2440.0,17600.0
1719.0,1797.0,15256,31754,32767,32767,32767,32767,32767,32767,32767,32767,32767,2558.0,17600.0
1719.0,1861.0,15402,31758,32767,32767,32767,32767,32767,32767,32767,32767,32767,2499.0,17600.0
1898.0,1883.0,14394,31778,32767,32767,32767,32767,32767,32767,32767,32767,32767,2265.0,17600.0
1844.0,2095.0,16285,31778,32767,32767,32767,32767,32767,32767,32767,32767,32767,2648.0,17600.0
1809.0,1968.0,16139,31778,32767,32767,32767,32767,32767,32767,32767,32767,32767,2707.0,17600.0
1863.0,1947.0,15564,31790,32767,32767,32767,32767,32767,32767,32767,32767,32767,2443.0,17600.0
1952.0,2032.0,15709,31790,32767,32767,32767,32767,32767,32767,32767,32767,32767,3178.0,17600.0
1791.0,2087.0,16068,31917,32767,32767,32767,32767,32767,32767,32767,32767,32767,2447.0,17600.0
1683.0,1860.0,15110,32131,32767,32767,32767,32767,32767,32767,32767,32767,32767,2117.0,17600.0
2002.0,2156.0,14964,32131,32767,32767,32767,32767,32767,32767,32767,32767,32767,2646.0,17600.0
1737.0,1966.0,15546,32131,32767,32767,32767,32767,32767,32767,32767,32767,32767,2175.0,17600.0
2109.0,2241.0,16127,32131,32767,32767,32767,32767,32767,32767,32767,32767,32767,2557.0,17600.0
1683.0,1839.0,15400,32131,32767,32767,32767,32767,32767,32767,32767,32767,32767,2205.0,17600.0
1967.0,2220.0,15836,32131,32767,32767,32767,32767,32767,32767,32767,32767,32767,2469.0,17600.0
1595.0,1649.0,15546,32131,32767,32767,32767,32767,32767,32767,32767,32767,32767,2205.0,17600.0
1967.0,2008.0,14819,32131,32767,32767,32767,32767,32767,32767,32767,32767,32767,2146.0,17600.0
1861.0,1903.0,16417,32131,32767,32767,32767,32767,32767,32767,32767,32767,32767,2851.0,17600.0
2250.0,2389.0,12349,32131,32767,32767,32767,32767,32767,32767,32767,32767,32767,2234.0,17600.0
1985.0,2220.0,16127,32131,32767,32767,32767,32767,32767,32767,32767,32767,32767,2499.0,17600.0
1597.0,1990.0,14255,32169,32767,32767,32767,32767,32767,32767,32767,32767,32767,2472.0,17600.0
1952.0,1905.0,16000,32169,32767,32767,32767,32767,32767,32767,32767,32767,32767,3031.0,17600.0
2342.0,2392.0,15855,32169,32767,32767,32767,32767,32767,32767,32767,32767,32767,3620.0,17600.0
2022.0,2011.0,15855,32169,32767,32767,32767,32767,32767,32767,32767,32767,32767,2649.0,17600.0
1875.0,2137.0,15895,32366,32767,32767,32767,32767,32767,32767,32767,32767,32767,2412.0,17600.0
1939.0,2238.0,16240,32366,32767,32767,32767,32767,32767,32767,32767,32767,32767,2517.0,17600.0
1932.0,2030.0,14238,32509,32767,32767,32767,32767,32767,32767,32767,32767,32767,2557.0,17600.0
2162.0,2368.0,15400,32509,32767,32767,32767,32767,32767,32767,32767,32767,32767,3175.0,17600.0
1825.0,2093.0,16127,32509,32767,32767,32767,32767,32767,32767,32767,32767,32767,2352.0,17600.0
1914.0,2051.0,14238,32509,32767,32767,32767,32767,32767,32767,32767,32767,32767,2616.0,17600.0
1737.0,1903.0,15546,32509,32767,32767,32767,32767,32767,32767,32767,32767,32767,2234.0,17600.0
1772.0,2008.0,15110,32509,32767,32767,32767,32767,32767,32767,32767,32767,32767,2087.0,17600.0
1737.0,1903.0,16418,32510,32767,32767,32767,32767,32767,32767,32767,32767,32767,2587.0,17600.0
1772.0,1860.0,14384,32510,32767,32767,32767,32767,32767,32767,32767,32767,32767,2352.0,17600.0
1791.0,1862.0,16866,32534,32767,32767,32767,32767,32767,32767,32767,32767,32767,2795.0,17600.0
2110.0,2073.0,17157,32534,32767,32767,32767,32767,32767,32767,32767,32767,32767,3471.0,17600.0
1739.0,1990.0,16000,32547,32767,32767,32767,32767,32767,32767,32767,32767,32767,2708.0,17600.0
1875.0,2187.0,16413,32767,32767,32767,32767,32767,32767,32767,32767,32767,32767,2517.0,17600.0
1952.0,2053.0,16873,32767,32767,32767,32767,32767,32767,32767,32767,32767,32767,3149.0,17600.0
1825.0,1882.0,15981,32767,32767,32767,32767,32767,32767,32767,32767,32767,32767,2410.0,17600.0
1825.0,2093.0,18018,32767,32767,32767,32767,32767,32767,32767,32767,32767,32767,2675.0,17600.0
1861.0,2326.0,15400,32767,32767,32767,32767,32767,32767,32767,32767,32767,32767,2587.0,17600.0
1914.0,2114.0,17144,32767,32767,32767,32767,32767,32767,32767,32767,32767,32767,2381.0,17600.0
1861.0,2157.0,16420,32767,32767,32767,32767,32767,32767,32767,32767,32767,32767,2617.0,17600.0
2005.0,2244.0,16727,32767,32767,32767,32767,32767,32767,32767,32767,32767,32767,3267.0,17600.0
1878.0,2135.0,17144,32767,32767,32767,32767,32767,32767,32767,32767,32767,32767,2528.0,17600.0
2111.0,2265.0,17018,32767,32767,32767,32767,32767,32767,32767,32767,32767,32767,4150.0,17600.0
1934.0,1841.0,16727,32767,32767,32767,32767,32767,32767,32767,32767,32767,32767,3178.0,17600.0
2022.0,2095.0,17891,32767,32767,32767,32767,32767,32767,32767,32767,32767,32767,3620.0,17600.0
1825.0,2051.0,15981,32767,32767,32767,32767,32767,32767,32767,32767,32767,32767,2352.0,17600.0
1365.0,1459.0,12787,32767,32767,32767,32767,32767,32767,32767,32767,32767,32767,1529.0,17600.0
1914.0,2072.0,14820,32767,32767,32767,32767,32767,32767,32767,32767,32767,32767,2469.0,17600.0
1862.0,1862.0,17302,32767,32767,32767,32767,32767,32767,32767,32767,32767,32767,3118.0,17600.0
1720.0,1756.0,16285,32767,32767,32767,32767,32767,32767,32767,32767,32767,32767,2912.0,17600.0
1792.0,1630.0,18182,32767,32767,32767,32767,32767,32767,32767,32767,32767,32767,3296.0,17600.0
1916.0,2095.0,19055,32767,32767,32767,32767,32767,32767,32767,32767,32767,32767,3090.0,17600.0
1686.0,1835.0,16068,32767,32767,32767,32767,32767,32767,32767,32767,32767,32767,2167.0,17600.0
1843.0,2008.0,14965,32767,32767,32767,32767,32767,32767,32767,32767,32767,32767,2205.0,17600.0
1932.0,2093.0,15981,32767,32767,32767,32767,32767,32767,32767,32767,32767,32767,2410.0,17600.0
1650.0,1651.0,16873,32767,32767,32767,32767,32767,32767,32767,32767,32767,32767,3355.0,17600.0
1898.0,2243.0,16139,32767,32767,32767,32767,32767,32767,32767,32767,32767,32767,2618.0,17600.0
1878.0,2135.0,16272,32767,32767,32767,32767,32767,32767,32767,32767,32767,32767,2352.0,17600.0
1985.0,2135.0,16417,32767,32767,32767,32767,32767,32767,32767,32767,32767,32767,2469.0,17600.0
1878.0,2199.0,16272,32767,32767,32767,32767,32767,32767,32767,32767,32767,32767,2469.0,17600.0
1754.0,1860.0,16417,32767,32767,32767,32767,32767,32767,32767,32767,32767,32767,2028.0,17600.0
1949.0,2135.0,17290,32767,32767,32767,32767,32767,32767,32767,32767,32767,32767,2616.0,17600.0
1684.0,1734.0,15401,32767,32767,32767,32767,32767,32767,32767,32767,32767,32767,2763.0,17600.0
1703.0,1609.0,16582,32767,32767,32767,32767,32767,32767,32767,32767,32767,32767,2825.0,17600.0
1597.0,2117.0,18327,32767,32767,32767,32767,32767,32767,32767,32767,32767,32767,3002.0,17600.0
1721.0,1736.0,15855,32767,32767,32767,32767,32767,32767,32767,32767,32767,32767,2678.0,17600.0
1772.0,2051.0,15546,32767,32767,32767,32767,32767,32767,32767,32767,32767,32767,2616.0,17600.0
1898.0,1820.0,17164,32767,32767,32767,32767,32767,32767,32767,32767,32767,32767,2855.0,17600.0
1790.0,2156.0,16417,32767,32767,32767,32767,32767,32767,32767,32767,32767,32767,2264.0,17600.0
1916.0,2265.0,16291,32767,32767,32767,32767,32767,32767,32767,32767,32767,32767,2590.0,17600.0
2022.0,2011.0,16582,32767,32767,32767,32767,32767,32767,32767,32767,32767,32767,3002.0,17600.0
1969.0,1947.0,18182,32767,32767,32767,32767,32767,32767,32767,32767,32767,32767,3031.0,17600.0
1932.0,2008.0,14964,32767,32767,32767,32767,32767,32767,32767,32767,32767,32767,2264.0,17600.0
2004.0,2137.0,16721,32767,32767,32767,32767,32767,32767,32767,32767,32767,32767,2912.0,17600.0
1614.0,2201.0,17164,32767,32767,32767,32767,32767,32767,32767,32767,32767,32767,2708.0,17600.0
1880.0,1989.0,16285,32767,32767,32767,32767,32767,32767,32767,32767,32767,32767,3589.0,17600.0
1810.0,1841.0,16291,32767,32767,32767,32767,32767,32767,32767,32767,32767,32767,2560.0,17600.0
1863.0,1926.0,17455,32767,32767,32767,32767,32767,32767,32767,32767,32767,32767,3031.0,17600.0
1666.0,1882.0,16417,32767,32767,32767,32767,32767,32767,32767,32767,32767,32767,2234.0,17600.0
1770.0,2036.0,15895,32767,32767,32767,32767,32767,32767,32767,32767,32767,32767,2307.0,17600.0
1918.0,2137.0,14686,32767,32767,32767,32767,32767,32767,32767,32767,32767,32767,2237.0,17600.0
1914.0,2156.0,16708,32767,32767,32767,32767,32767,32767,32767,32767,32767,32767,2469.0,17600.0
1703.0,1841.0,16873,32767,32767,32767,32767,32767,32767,32767,32767,32767,32767,2972.0,17600.0
1792.0,1736.0,17018,32767,32767,32767,32767,32767,32767,32767,32767,32767,32767,2972.0,17600.0
1684.0,2051.0,17001,32767,32767,32767,32767,32767,32767,32767,32767,32767,32767,2146.0,17600.0
1719.0,1945.0,17582,32767,32767,32767,32767,32767,32767,32767,32767,32767,32767,2264.0,17600.0
2020.0,2178.0,15400,32767,32767,32767,32767,32767,32767,32767,32767,32767,32767,2322.0,17600.0
1790.0,1839.0,14529,32767,32767,32767,32767,32767,32767,32767,32767,32767,32767,2352.0,17600.0
1951.0,1989.0,18029,32767,32767,32767,32767,32767,32767,32767,32767,32767,32767,3089.0,17600.0
2129.0,2307.0,15418,32767,32767,32767,32767,32767,32767,32767,32767,32767,32767,3149.0,17600.0
1686.0,1634.0,15895,32767,32767,32767,32767,32767,32767,32767,32767,32767,32767,3076.0,17600.0
1756.0,1693.0,19346,32767,32767,32767,32767,32767,32767,32767,32767,32767,32767,3149.0,17600.0
2058.0,2053.0,16582,32767,32767,32767,32767,32767,32767,32767,32767,32767,32767,3237.0,17600.0
1719.0,1840.0,16129,32767,32767,32767,32767,32767,32767,32767,32767,32767,32767,2234.0,17600.0
1843.0,2072.0,14819,32767,32767,32767,32767,32767,32767,32767,32767,32767,32767,1999.0,17600.0
2040.0,2159.0,17018,32767,32767,32767,32767,32767,32767,32767,32767,32767,32767,2914.0,17600.0
1739.0,2011.0,17018,32767,32767,32767,32767,32767,32767,32767,32767,32767,32767,2590.0,17600.0
1934.0,2011.0,17164,32767,32767,32767,32767,32767,32767,32767,32767,32767,32767,2384.0,17600.0
1916.0,1926.0,16436,32767,32767,32767,32767,32767,32767,32767,32767,32767,32767,2825.0,17600.0
2215.0,2326.0,15255,32767,32767,32767,32767,32767,32767,32767,32767,32767,32767,2793.0,17600.0
1754.0,2008.0,16998,32767,32767,32767,32767,32767,32767,32767,32767,32767,32767,2234.0,17600.0
1896.0,1987.0,18161,32767,32767,32767,32767,32767,32767,32767,32767,32767,32767,2616.0,17600.0
1843.0,2008.0,15546,32767,32767,32767,32767,32767,32767,32767,32767,32767,32767,2440.0,17600.0
1987.0,1905.0,19346,32767,32767,32767,32767,32767,32767,32767,32767,32767,32767,3237.0,17600.0
1737.0,2008.0,16708,32767,32767,32767,32767,32767,32767,32767,32767,32767,32767,2264.0,17600.0
2111.0,2307.0,17455,32767,32767,32767,32767,32767,32767,32767,32767,32767,32767,3738.0,17600.0
1861.0,2008.0,16854,32767,32767,32767,32767,32767,32767,32767,32767,32767,32767,2411.0,17600.0
1719.0,1797.0,16417,32767,32767,32767,32767,32767,32767,32767,32767,32767,32767,2087.0,17600.0
1808.0,2093.0,17291,32767,32767,32767,32767,32767,32767,32767,32767,32767,32767,2293.0,17600.0
2022.0,2222.0,16139,32767,32767,32767,32767,32767,32767,32767,32767,32767,32767,3354.0,17600.0
1631.0,1945.0,15984,32767,32767,32767,32767,32767,32767,32767,32767,32767,32767,2176.0,17600.0
1666.0,1734.0,17725,32767,32767,32767,32767,32767,32767,32767,32767,32767,32767,2381.0,17600.0
1772.0,1987.0,17434,32767,32767,32767,32767,32767,32767,32767,32767,32767,32767,2175.0,17600.0
1987.0,2095.0,16582,32767,32767,32767,32767,32767,32767,32767,32767,32767,32767,3208.0,17600.0
1737.0,2093.0,14964,32767,32767,32767,32767,32767,32767,32767,32767,32767,32767,2028.0,17600.0
1932.0,2114.0,16853,32767,32767,32767,32767,32767,32767,32767,32767,32767,32767,2293.0,17600.0
1707.0,1810.0,16240,32767,32767,32767,32767,32767,32767,32767,32767,32767,32767,2028.0,17600.0
2217.0,2285.0,16139,32767,32767,32767,32767,32767,32767,32767,32767,32767,32767,3060.0,17600.0
1666.0,1776.0,15838,32767,32767,32767,32767,32767,32767,32767,32767,32767,32767,2234.0,17600.0
1914.0,2178.0,15836,32767,32767,32767,32767,32767,32767,32767,32767,32767,32767,2322.0,17600.0
1684.0,1903.0,16565,32767,32767,32767,32767,32767,32767,32767,32767,32767,32767,2176.0,17600.0
2093.0,2180.0,16436,32767,32767,32767,32767,32767,32767,32767,32767,32767,32767,2766.0,17600.0
1052.0,818.0,8059,12679,12903,13545,12072,11999,32767,32767,32767,32767,32767,2199.0,17700.0
1074.0,955.0,8621,13166,14452,14110,13343,12705,32767,32767,32767,32767,32767,2086.0,17700.0
1097.0,791.0,8247,13166,14452,14674,12707,13411,32767,32767,32767,32767,32767,2313.0,17700.0
1052.0,955.0,8621,13166,13935,13545,12707,13411,32767,32767,32767,32767,32767,2162.0,17700.0
1052.0,900.0,8809,13654,15484,14674,13343,13411,32767,32767,32767,32767,32767,2162.0,17700.0
1120.0,900.0,8809,14142,14968,15803,13978,13411,32767,32767,32767,32767,32767,2124.0,17700.0
1097.0,955.0,8996,14142,15484,15239,13978,14117,32767,32767,32767,32767,32767,2048.0,17700.0
1166.0,1064.0,9371,15117,17548,15803,14613,14117,32767,32767,32767,32767,32767,2162.0,17700.0
1143.0,955.0,9559,15117,16516,16367,13978,14117,32767,32767,32767,32767,32767,2579.0,17700.0
1143.0,1009.0,9371,14629,16000,16367,13978,14823,32767,32767,32767,32767,32767,2086.0,17700.0
1159.0,1037.0,8769,13785,15596,15404,14245,15137,32767,32767,32767,32767,32767,1922.0,17700.0
1182.0,1011.0,9509,15225,18128,17070,15497,15151,32767,32767,32767,32767,32767,2109.0,17700.0
1085.0,803.0,7654,13430,14705,14472,13878,15417,32767,32767,32767,32767,32767,2449.0,17700.0
1163.0,1088.0,7478,14107,14931,16327,14577,15490,32767,32767,32767,32767,32767,1286.0,17700.0
1203.0,1170.0,10231,16637,19621,18155,17961,15825,32767,32767,32767,32767,32767,2144.0,17700.0
1248.0,1090.0,9683,16637,18615,17605,17341,15825,32767,32767,32767,32767,32767,1996.0,17700.0
1182.0,958.0,10972,18079,20646,19824,17357,15839,32767,32767,32767,32767,32767,2294.0,17700.0
1277.0,1115.0,10096,17026,18535,18016,17746,16899,32767,32767,32767,32767,32767,2043.0,17700.0
1254.0,1143.0,10283,17512,18535,19142,18380,16899,32767,32767,32767,32767,32767,1967.0,17700.0
1277.0,1115.0,10096,17512,18535,18579,17746,16899,32767,32767,32767,32767,32767,2043.0,17700.0
1189.0,1227.0,10683,19018,21161,19754,19061,16940,32767,32767,32767,32767,32767,1782.0,17700.0
1292.0,1249.0,10048,17112,20627,18705,19199,17201,32767,32767,32767,32767,32767,1922.0,17700.0
1020.0,751.0,8544,15283,15685,16616,15085,17428,32767,32767,32767,32767,32767,2233.0,17700.0
1107.0,984.0,8010,15283,15685,15544,15688,17428,32767,32767,32767,32767,32767,1945.0,17700.0
1300.0,1170.0,9909,17999,19565,18579,17746,17603,32767,32767,32767,32767,32767,2118.0,17700.0
1277.0,1170.0,10657,18485,19565,19142,18380,17603,32767,32767,32767,32767,32767,2118.0,17700.0
1277.0,1197.0,10657,18972,19565,19142,18380,17603,32767,32767,32767,32767,32767,2043.0,17700.0
1300.0,1197.0,10657,18972,20079,19142,19014,17603,32767,32767,32767,32767,32767,2043.0,17700.0
1673.0,1756.0,12069,20458,22157,24229,22316,17905,32767,32767,32767,32767,32767,2442.0,17700.0
1129.0,1010.0,8544,15746,17155,16080,17498,18099,32767,32767,32767,32767,32767,1909.0,17700.0
1254.0,1197.0,10470,17999,20079,19142,18380,18307,32767,32767,32767,32767,32767,2118.0,17700.0
1300.0,1224.0,10844,17999,21624,20831,19648,18307,32767,32767,32767,32767,32767,2081.0,17700.0
1277.0,1197.0,10657,18485,20594,19705,18380,18307,32767,32767,32767,32767,32767,2005.0,17700.0
1323.0,1224.0,10657,18485,20079,20268,19648,18307,32767,32767,32767,32767,32767,2118.0,17700.0
1323.0,1197.0,10657,18485,21109,19705,19014,18307,32767,32767,32767,32767,32767,2156.0,17700.0
1323.0,1224.0,10844,18972,21624,20268,20282,18307,32767,32767,32767,32767,32767,2043.0,17700.0
1300.0,1224.0,10844,19458,21109,20831,19648,18307,32767,32767,32767,32767,32767,2081.0,17700.0
1234.0,1255.0,10870,18531,21161,19754,19696,18352,32767,32767,32767,32767,32767,1858.0,17700.0
1372.0,1473.0,11995,19994,21677,21447,20331,18352,32767,32767,32767,32767,32767,2086.0,17700.0
1194.0,1010.0,8544,15283,16665,17152,16895,18769,32767,32767,32767,32767,32767,2197.0,17700.0
1231.0,898.0,10657,18485,19565,19705,19648,19011,32767,32767,32767,32767,32767,2799.0,17700.0
1323.0,1197.0,10470,18485,20594,19705,20282,19011,32767,32767,32767,32767,32767,2156.0,17700.0
1323.0,1251.0,10844,18485,21109,20268,19014,19011,32767,32767,32767,32767,32767,2005.0,17700.0
1323.0,1143.0,10657,18485,21109,20268,19014,19011,32767,32767,32767,32767,32767,2081.0,17700.0
1300.0,1170.0,10657,18485,20079,18579,19648,19011,32767,32767,32767,32767,32767,2043.0,17700.0
1300.0,1197.0,10657,18972,21109,20268,19014,19011,32767,32767,32767,32767,32767,2005.0,17700.0
1300.0,1197.0,10844,18972,21109,20268,19648,19011,32767,32767,32767,32767,32767,2156.0,17700.0
1323.0,1251.0,11031,18972,21624,20831,20915,19011,32767,32767,32767,32767,32767,2043.0,17700.0
1323.0,1197.0,10657,18972,21624,20268,19648,19011,32767,32767,32767,32767,32767,1967.0,17700.0
1277.0,1224.0,10657,18972,21109,20831,20282,19011,32767,32767,32767,32767,32767,1854.0,17700.0
1277.0,1143.0,10844,18972,21624,20268,19648,19011,32767,32767,32767,32767,32767,1929.0,17700.0
1323.0,1224.0,11031,19458,21109,20268,19648,19011,32767,32767,32767,32767,32767,2118.0,17700.0
1345.0,1279.0,11031,19458,21624,20831,20282,19011,32767,32767,32767,32767,32767,2043.0,17700.0
1414.0,1333.0,10657,19458,21624,21957,21549,19011,32767,32767,32767,32767,32767,2043.0,17700.0
1345.0,1306.0,11218,19944,22654,20831,20282,19011,32767,32767,32767,32767,32767,2081.0,17700.0
1368.0,1251.0,11031,20431,21624,20831,20915,19011,32767,32767,32767,32767,32767,2194.0,17700.0
1414.0,1415.0,11218,20431,22139,19142,20282,19011,32767,32767,32767,32767,32767,2270.0,17700.0
1257.0,1282.0,10870,19018,21161,19754,19061,19058,32767,32767,32767,32767,32767,1858.0,17700.0
1515.0,1595.0,11144,20915,23143,23657,23534,19265,32767,32767,32767,32767,32767,2144.0,17700.0
1107.0,958.0,8188,14819,16665,16080,16895,19439,32767,32767,32767,32767,32767,1945.0,17700.0
1216.0,1036.0,8899,15746,17645,17152,17498,19439,32767,32767,32767,32767,32767,2089.0,17700.0
1216.0,1114.0,9611,16672,18626,17688,18101,19439,32767,32767,32767,32767,32767,2125.0,17700.0
1172.0,1165.0,8010,16672,18136,17688,17498,19439,32767,32767,32767,32767,32767,1477.0,17700.0
1323.0,1170.0,10470,18485,21109,19705,19648,19715,32767,32767,32767,32767,32767,2005.0,17700.0
1323.0,1279.0,10657,18485,20594,20268,19014,19715,32767,32767,32767,32767,32767,2081.0,17700.0
1323.0,1224.0,10283,18485,21109,20268,18380,19715,32767,32767,32767,32767,32767,1967.0,17700.0
1345.0,1251.0,11031,18485,21109,21394,20282,19715,32767,32767,32767,32767,32767,2081.0,17700.0
1277.0,1224.0,10657,18972,21109,19705,20282,19715,32767,32767,32767,32767,32767,2081.0,17700.0
1368.0,1251.0,10470,18972,20594,20831,19014,19715,32767,32767,32767,32767,32767,1929.0,17700.0
1300.0,1251.0,10470,18972,21624,21394,20282,19715,32767,32767,32767,32767,32767,1854.0,17700.0
1345.0,1387.0,11031,19458,22139,21394,20915,19715,32767,32767,32767,32767,32767,1891.0,17700.0
1300.0,1197.0,10844,19458,22139,21394,20915,19715,32767,32767,32767,32767,32767,1740.0,17700.0
1391.0,1251.0,11592,19944,22139,21394,20915,19715,32767,32767,32767,32767,32767,2345.0,17700.0
1459.0,1306.0,11031,19944,22139,21394,20915,19715,32767,32767,32767,32767,32767,2156.0,17700.0
1368.0,1279.0,11405,19944,21624,20268,20282,19715,32767,32767,32767,32767,32767,2156.0,17700.0
1391.0,1360.0,11031,19944,22139,21957,21549,19715,32767,32767,32767,32767,32767,2081.0,17700.0
1437.0,1224.0,11405,19944,21624,22520,20915,19715,32767,32767,32767,32767,32767,2383.0,17700.0
1437.0,1360.0,11592,19944,22654,21957,21549,19715,32767,32767,32767,32767,32767,2081.0,17700.0
1300.0,1306.0,10844,19944,21624,21394,20915,19715,32767,32767,32767,32767,32767,1816.0,17700.0
1300.0,1251.0,11218,19944,22139,21394,21549,19715,32767,32767,32767,32767,32767,2005.0,17700.0
1300.0,1333.0,10283,19944,21624,21394,20915,19715,32767,32767,32767,32767,32767,1740.0,17700.0
1368.0,1333.0,11031,19944,21624,21394,20915,19715,32767,32767,32767,32767,32767,2043.0,17700.0
1345.0,1251.0,11405,19944,22139,20831,22183,19715,32767,32767,32767,32767,32767,2043.0,17700.0
1345.0,1251.0,11405,19944,22139,20831,20915,19715,32767,32767,32767,32767,32767,2081.0,17700.0
1345.0,1251.0,11218,19944,21624,20831,20282,19715,32767,32767,32767,32767,32767,2043.0,17700.0
1345.0,1197.0,11405,19944,22654,21957,20915,19715,32767,32767,32767,32767,32767,1967.0,17700.0
1414.0,1306.0,11031,20431,22139,21394,21549,19715,32767,32767,32767,32767,32767,2232.0,17700.0
1368.0,1415.0,11592,20917,23683,21957,21549,19715,32767,32767,32767,32767,32767,2081.0,17700.0
1303.0,1282.0,11245,20481,24258,22576,21602,19764,32767,32767,32767,32767,32767,1669.0,17700.0
1194.0,1010.0,9255,16209,18626,17688,17498,20110,32767,32767,32767,32767,32767,2161.0,17700.0
1194.0,984.0,9255,16209,18136,17688,18101,20110,32767,32767,32767,32767,32767,2197.0,17700.0
1020.0,958.0,8010,16209,17645,17688,18705,20110,32767,32767,32767,32767,32767,1332.0,17700.0
1216.0,1062.0,9433,17135,18136,17688,18705,20110,32767,32767,32767,32767,32767,2017.0,17700.0
1437.0,1360.0,10844,18972,22139,21394,20282,20419,32767,32767,32767,32767,32767,2156.0,17700.0
1368.0,1333.0,11218,19458,22139,20831,20915,20419,32767,32767,32767,32767,32767,2043.0,17700.0
1391.0,1306.0,11031,19458,21624,20831,20282,20419,32767,32767,32767,32767,32767,2043.0,17700.0
1482.0,1442.0,11031,19458,22654,21957,21549,20419,32767,32767,32767,32767,32767,2232.0,17700.0
1414.0,1333.0,10657,19458,21624,20831,20915,20419,32767,32767,32767,32767,32767,2081.0,17700.0
1482.0,1387.0,10657,19458,21624,20831,20282,20419,32767,32767,32767,32767,32767,2156.0,17700.0
1345.0,1251.0,10844,19458,21109,21394,19648,20419,32767,32767,32767,32767,32767,2194.0,17700.0
1437.0,1333.0,11218,19944,22654,21394,21549,20419,32767,32767,32767,32767,32767,2345.0,17700.0
1345.0,1279.0,11218,19944,22654,21394,20915,20419,32767,32767,32767,32767,32767,2081.0,17700.0
1323.0,1251.0,10844,19944,22139,21957,21549,20419,32767,32767,32767,32767,32767,2005.0,17700.0
1345.0,1224.0,11218,19944,21624,21394,20915,20419,32767,32767,32767,32767,32767,2043.0,17700.0
1345.0,1197.0,10844,19944,21624,21394,20915,20419,32767,32767,32767,32767,32767,2043.0,17700.0
1345.0,1224.0,11218,19944,22139,20831,19648,20419,32767,32767,32767,32767,32767,2118.0,17700.0
1368.0,1224.0,11218,19944,22139,20831,20915,20419,32767,32767,32767,32767,32767,2043.0,17700.0
1391.0,1333.0,10844,19944,21624,21394,19648,20419,32767,32767,32767,32767,32767,2005.0,17700.0
1391.0,1415.0,11218,19944,22139,21394,20915,20419,32767,32767,32767,32767,32767,2081.0,17700.0
1368.0,1360.0,11779,20431,23169,21957,21549,20419,32767,32767,32767,32767,32767,2232.0,17700.0
1345.0,1360.0,11031,20431,22654,21957,21549,20419,32767,32767,32767,32767,32767,1702.0,17700.0
1437.0,1442.0,11592,20431,22139,21957,22183,20419,32767,32767,32767,32767,32767,1967.0,17700.0
1437.0,1333.0,11405,20431,22654,21957,21549,20419,32767,32767,32767,32767,32767,2005.0,17700.0
1414.0,1387.0,11405,20431,23169,21957,22183,20419,32767,32767,32767,32767,32767,2118.0,17700.0
1345.0,1224.0,11405,20431,22654,21957,21549,20419,32767,32767,32767,32767,32767,2005.0,17700.0
1391.0,1279.0,11031,20431,22139,21394,21549,20419,32767,32767,32767,32767,32767,2156.0,17700.0
1437.0,1360.0,11779,20431,22654,21957,21549,20419,32767,32767,32767,32767,32767,2308.0,17700.0
1323.0,1333.0,11031,20431,23169,21394,22183,20419,32767,32767,32767,32767,32767,1702.0,17700.0
1437.0,1442.0,11592,20431,23169,22520,21549,20419,32767,32767,32767,32767,32767,2081.0,17700.0
1619.0,1660.0,11592,20917,24198,23083,22183,20419,32767,32767,32767,32767,32767,2270.0,17700.0
1437.0,1442.0,11779,20917,23169,21957,22183,20419,32767,32767,32767,32767,32767,2270.0,17700.0
1391.0,1306.0,11405,20917,22654,21957,20915,20419,32767,32767,32767,32767,32767,2118.0,17700.0
1368.0,1469.0,11592,20917,23683,23646,22183,20419,32767,32767,32767,32767,32767,1740.0,17700.0
1414.0,1415.0,11966,20917,23169,23083,22183,20419,32767,32767,32767,32767,32767,2345.0,17700.0
1391.0,1333.0,11966,20917,23683,21957,22183,20419,32767,32767,32767,32767,32767,2118.0,17700.0
1414.0,1469.0,11405,20917,23169,21957,21549,20419,32767,32767,32767,32767,32767,1929.0,17700.0
1368.0,1279.0,11592,20917,23169,22520,22817,20419,32767,32767,32767,32767,32767,2043.0,17700.0
1368.0,1224.0,11405,20917,23169,22520,21549,20419,32767,32767,32767,32767,32767,2043.0,17700.0
1368.0,1360.0,11218,21404,22139,23083,22183,20419,32767,32767,32767,32767,32767,1778.0,17700.0
1368.0,1279.0,11779,21404,22654,21957,22183,20419,32767,32767,32767,32767,32767,2005.0,17700.0
1368.0,1442.0,11966,21404,23169,22520,21549,20419,32767,32767,32767,32767,32767,1929.0,17700.0
1482.0,1469.0,11779,21404,24198,23083,22817,20419,32767,32767,32767,32767,32767,2194.0,17700.0
1414.0,1360.0,11592,21404,23683,23083,21549,20419,32767,32767,32767,32767,32767,2043.0,17700.0
1414.0,1442.0,11966,21404,24713,24209,22817,20419,32767,32767,32767,32767,32767,1929.0,17700.0
1459.0,1469.0,12339,21404,24198,23646,22183,20419,32767,32767,32767,32767,32767,2156.0,17700.0
1368.0,1333.0,11592,21890,23683,23083,22183,20419,32767,32767,32767,32767,32767,1967.0,17700.0
1437.0,1333.0,11779,21890,23683,22520,22817,20419,32767,32767,32767,32767,32767,2156.0,17700.0
1345.0,1306.0,11966,22377,24198,23646,22817,20419,32767,32767,32767,32767,32767,2118.0,17700.0
1440.0,1745.0,13682,23407,26839,24833,24144,20470,32767,32767,32767,32767,32767,2010.0,17700.0
1172.0,958.0,8899,16209,18136,17688,17498,20780,32767,32767,32767,32767,32767,2233.0,17700.0
1281.0,1165.0,9433,16672,19606,18224,19308,20780,32767,32767,32767,32767,32767,2053.0,17700.0
1129.0,958.0,8721,16672,18626,17688,18101,20780,32767,32767,32767,32767,32767,1945.0,17700.0
1172.0,1036.0,9255,17135,18626,19296,19308,20780,32767,32767,32767,32767,32767,2089.0,17700.0
1194.0,1062.0,9077,17598,19116,17688,18705,20780,32767,32767,32767,32767,32767,1657.0,17700.0
1172.0,1010.0,9611,18524,21077,19296,19308,20780,32767,32767,32767,32767,32767,1837.0,17700.0
1172.0,1088.0,9077,18987,20096,18760,19912,20780,32767,32767,32767,32767,32767,1332.0,17700.0
1437.0,1360.0,10844,19458,21109,21394,20915,21123,32767,32767,32767,32767,32767,2156.0,17700.0
1345.0,1279.0,11031,19458,21109,21394,21549,21123,32767,32767,32767,32767,32767,2081.0,17700.0
1368.0,1306.0,11031,19944,22139,21957,22183,21123,32767,32767,32767,32767,32767,2156.0,17700.0
1414.0,1387.0,11405,20431,23683,22520,22183,21123,32767,32767,32767,32767,32767,2005.0,17700.0
1391.0,1333.0,10844,20431,22139,21394,21549,21123,32767,32767,32767,32767,32767,2043.0,17700.0
1345.0,1279.0,11031,20431,23169,22520,20915,21123,32767,32767,32767,32767,32767,1929.0,17700.0
1551.0,1442.0,11031,20431,23683,22520,21549,21123,32767,32767,32767,32767,32767,2081.0,17700.0
1391.0,1415.0,11218,20431,23683,23083,22817,21123,32767,32767,32767,32767,32767,2156.0,17700.0
1482.0,1442.0,11218,20431,23169,22520,21549,21123,32767,32767,32767,32767,32767,2081.0,17700.0
1368.0,1415.0,11592,20431,23683,23083,22183,21123,32767,32767,32767,32767,32767,1778.0,17700.0
1391.0,1387.0,11966,20917,24198,23646,22817,21123,32767,32767,32767,32767,32767,2043.0,17700.0
1414.0,1442.0,11779,20917,23683,22520,21549,21123,32767,32767,32767,32767,32767,1967.0,17700.0
1528.0,1415.0,11218,20917,23683,23083,22817,21123,32767,32767,32767,32767,32767,2270.0,17700.0
1414.0,1469.0,11966,20917,24198,23083,21549,21123,32767,32767,32767,32767,32767,1929.0,17700.0
1345.0,1306.0,11592,20917,22654,21957,21549,21123,32767,32767,32767,32767,32767,2043.0,17700.0
1459.0,1442.0,11966,20917,24198,23083,22817,21123,32767,32767,32767,32767,32767,1967.0,17700.0
1437.0,1496.0,12153,20917,23169,22520,22183,21123,32767,32767,32767,32767,32767,2118.0,17700.0
1391.0,1333.0,11592,20917,22139,23083,22817,21123,32767,32767,32767,32767,32767,2308.0,17700.0
1391.0,1360.0,11779,20917,23683,23083,22183,21123,32767,32767,32767,32767,32767,1967.0,17700.0
1368.0,1415.0,11405,21404,23683,23083,21549,21123,32767,32767,32767,32767,32767,1740.0,17700.0
1368.0,1442.0,11405,21404,23169,23083,22183,21123,32767,32767,32767,32767,32767,2081.0,17700.0
1437.0,1442.0,11779,21404,23683,23083,22817,21123,32767,32767,32767,32767,32767,2156.0,17700.0
1414.0,1387.0,11779,21404,24198,23083,22817,21123,32767,32767,32767,32767,32767,2118.0,17700.0
1437.0,1333.0,11218,21404,24198,23083,22183,21123,32767,32767,32767,32767,32767,1967.0,17700.0
1437.0,1442.0,11592,21404,23169,23083,22817,21123,32767,32767,32767,32767,32767,1816.0,17700.0
1368.0,1442.0,11592,21404,23683,23646,22817,21123,32767,32767,32767,32767,32767,1778.0,17700.0
1482.0,1469.0,11218,21404,24198,23083,22183,21123,32767,32767,32767,32767,32767,2194.0,17700.0
1414.0,1251.0,11031,21404,22654,24209,22183,21123,32767,32767,32767,32767,32767,2270.0,17700.0
1437.0,1469.0,11592,21404,23169,22520,23450,21123,32767,32767,32767,32767,32767,2118.0,17700.0
1437.0,1415.0,11592,21404,23169,22520,22817,21123,32767,32767,32767,32767,32767,2156.0,17700.0
1437.0,1306.0,11779,21404,24198,23083,22817,21123,32767,32767,32767,32767,32767,2194.0,17700.0
1391.0,1442.0,11966,21404,23683,23083,22183,21123,32767,32767,32767,32767,32767,2005.0,17700.0
1414.0,1387.0,11779,21404,24198,23083,22183,21123,32767,32767,32767,32767,32767,2118.0,17700.0
1391.0,1442.0,11779,21404,24198,23646,22817,21123,32767,32767,32767,32767,32767,1816.0,17700.0
1482.0,1360.0,11218,21404,24198,23083,22817,21123,32767,32767,32767,32767,32767,2043.0,17700.0
1323.0,1333.0,11779,21404,23683,22520,22183,21123,32767,32767,32767,32767,32767,1967.0,17700.0
1368.0,1279.0,11779,21404,23683,23083,23450,21123,32767,32767,32767,32767,32767,2005.0,17700.0
1414.0,1442.0,11779,21404,24198,23083,22183,21123,32767,32767,32767,32767,32767,1929.0,17700.0
1414.0,1551.0,11966,21404,24198,23646,22183,21123,32767,32767,32767,32767,32767,2005.0,17700.0
1345.0,1442.0,12339,21404,25228,23083,22817,21123,32767,32767,32767,32767,32767,2194.0,17700.0
1528.0,1469.0,11966,21890,24713,24209,24718,21123,32767,32767,32767,32767,32767,2156.0,17700.0
1596.0,1524.0,11592,21890,23683,23083,23450,21123,32767,32767,32767,32767,32767,2383.0,17700.0
1414.0,1360.0,12339,21890,24198,24209,22817,21123,32767,32767,32767,32767,32767,2194.0,17700.0
1437.0,1496.0,12339,21890,24198,23083,22817,21123,32767,32767,32767,32767,32767,2043.0,17700.0
1391.0,1415.0,11779,22377,24198,23083,24084,21123,32767,32767,32767,32767,32767,1778.0,17700.0
1482.0,1660.0,12339,22377,25743,24772,22817,21123,32767,32767,32767,32767,32767,2043.0,17700.0
1437.0,1524.0,12713,22377,24713,25335,23450,21123,32767,32767,32767,32767,32767,2005.0,17700.0
1345.0,1360.0,11592,22377,24198,24772,23450,21123,32767,32767,32767,32767,32767,1702.0,17700.0
1482.0,1605.0,12713,22863,25743,24209,24084,21123,32767,32767,32767,32767,32767,2194.0,17700.0
1151.0,1114.0,8366,17135,19606,18224,19308,21450,32767,32767,32767,32767,32767,1513.0,17700.0
1042.0,803.0,8899,17598,19116,19296,19912,21450,32767,32767,32767,32767,32767,2161.0,17700.0
1237.0,1165.0,9967,18061,20096,19832,19912,21450,32767,32767,32767,32767,32767,2053.0,17700.0
1107.0,932.0,8899,18061,19116,20368,19912,21450,32767,32767,32767,32767,32767,1657.0,17700.0
1107.0,958.0,8899,18061,19606,18760,19912,21450,32767,32767,32767,32767,32767,1621.0,17700.0
1259.0,1140.0,9789,18061,19606,18760,19308,21450,32767,32767,32767,32767,32767,2053.0,17700.0
1194.0,1088.0,9255,18524,20096,18224,18705,21450,32767,32767,32767,32767,32767,2197.0,17700.0
1414.0,1387.0,11779,20431,24198,23083,22183,21828,32767,32767,32767,32767,32767,1854.0,17700.0
1414.0,1306.0,11031,20431,22139,21957,22183,21828,32767,32767,32767,32767,32767,2194.0,17700.0
1505.0,1415.0,10844,20431,22654,22520,22183,21828,32767,32767,32767,32767,32767,2194.0,17700.0
1437.0,1387.0,11592,20917,23169,23083,21549,21828,32767,32767,32767,32767,32767,2194.0,17700.0
1391.0,1360.0,11779,20917,22654,22520,22183,21828,32767,32767,32767,32767,32767,2194.0,17700.0
1391.0,1224.0,11592,20917,23683,23646,22183,21828,32767,32767,32767,32767,32767,2118.0,17700.0
1414.0,1387.0,11966,20917,24198,24209,22817,21828,32767,32767,32767,32767,32767,1854.0,17700.0
1414.0,1387.0,11966,20917,24198,23646,23450,21828,32767,32767,32767,32767,32767,2194.0,17700.0
1505.0,1524.0,11779,20917,23683,23083,22817,21828,32767,32767,32767,32767,32767,2156.0,17700.0
1528.0,1415.0,11592,20917,24198,23646,23450,21828,32767,32767,32767,32767,32767,2194.0,17700.0
1459.0,1551.0,11966,21404,24198,23646,23450,21828,32767,32767,32767,32767,32767,1929.0,17700.0
1391.0,1279.0,11966,21404,23683,23083,22817,21828,32767,32767,32767,32767,32767,2156.0,17700.0
1414.0,1415.0,11779,21404,24198,24209,23450,21828,32767,32767,32767,32767,32767,2118.0,17700.0
1391.0,1387.0,11592,21404,23169,23646,22183,21828,32767,32767,32767,32767,32767,1929.0,17700.0
1459.0,1496.0,11779,21404,24713,24772,24084,21828,32767,32767,32767,32767,32767,2005.0,17700.0
1368.0,1442.0,11779,21404,24198,23646,21549,21828,32767,32767,32767,32767,32767,1664.0,17700.0
1437.0,1333.0,11966,21404,23683,23646,22817,21828,32767,32767,32767,32767,32767,2081.0,17700.0
1482.0,1496.0,11966,21404,24198,23646,22183,21828,32767,32767,32767,32767,32767,2194.0,17700.0
1528.0,1524.0,11779,21404,24198,23083,22817,21828,32767,32767,32767,32767,32767,2156.0,17700.0
1414.0,1387.0,12153,21890,23683,23646,24084,21828,32767,32767,32767,32767,32767,2118.0,17700.0
1414.0,1469.0,12713,21890,24713,24772,23450,21828,32767,32767,32767,32767,32767,2118.0,17700.0
1391.0,1415.0,11966,21890,24713,25335,23450,21828,32767,32767,32767,32767,32767,1891.0,17700.0
1619.0,1578.0,11592,21890,24198,23646,24084,21828,32767,32767,32767,32767,32767,2232.0,17700.0
1459.0,1415.0,12153,21890,24198,24209,23450,21828,32767,32767,32767,32767,32767,2232.0,17700.0
1437.0,1469.0,11966,21890,24198,23083,23450,21828,32767,32767,32767,32767,32767,1854.0,17700.0
1459.0,1551.0,12526,22377,25228,25335,24084,21828,32767,32767,32767,32767,32767,1967.0,17700.0
1437.0,1524.0,12526,22377,25743,24209,23450,21828,32767,32767,32767,32767,32767,1967.0,17700.0
1482.0,1496.0,12339,22377,25228,24209,24084,21828,32767,32767,32767,32767,32767,1854.0,17700.0
1505.0,1578.0,11966,22377,24713,23646,24084,21828,32767,32767,32767,32767,32767,2005.0,17700.0
1482.0,1605.0,12526,22377,25228,24772,25352,21828,32767,32767,32767,32767,32767,1967.0,17700.0
1414.0,1496.0,12153,22377,24713,23646,23450,21828,32767,32767,32767,32767,32767,1891.0,17700.0
1437.0,1578.0,13087,22863,26773,25335,25352,21828,32767,32767,32767,32767,32767,1967.0,17700.0
1391.0,1496.0,12713,22863,25743,24772,24718,21828,32767,32767,32767,32767,32767,2081.0,17700.0
1414.0,1496.0,12339,23350,25228,24209,24084,21828,32767,32767,32767,32767,32767,1854.0,17700.0
1437.0,1551.0,12713,23350,25228,25335,23450,21828,32767,32767,32767,32767,32767,1967.0,17700.0
1437.0,1551.0,12526,24323,25228,24772,24718,21828,32767,32767,32767,32767,32767,1891.0,17700.0
1194.0,1088.0,9611,17135,19116,18760,19912,22121,32767,32767,32767,32767,32767,2053.0,17700.0
1129.0,1088.0,8544,17598,19116,18760,19308,22121,32767,32767,32767,32767,32767,1405.0,17700.0
1216.0,1088.0,9255,17598,18626,18760,18705,22121,32767,32767,32767,32767,32767,1801.0,17700.0
1129.0,1165.0,9077,18061,20096,19832,19912,22121,32767,32767,32767,32767,32767,1405.0,17700.0
1129.0,984.0,9255,18061,20586,19832,20515,22121,32767,32767,32767,32767,32767,1693.0,17700.0
1237.0,1243.0,10145,18524,20586,20368,21118,22121,32767,32767,32767,32767,32767,1873.0,17700.0
1172.0,1140.0,9077,18987,21077,19832,21118,22121,32767,32767,32767,32767,32767,1296.0,17700.0
1433.0,1321.0,10501,18987,22547,19832,21118,22121,32767,32767,32767,32767,32767,2161.0,17700.0
1194.0,1088.0,8721,18987,22057,20368,21722,22121,32767,32767,32767,32767,32767,1477.0,17700.0
1172.0,1088.0,9789,19450,21567,20368,21118,22121,32767,32767,32767,32767,32767,1441.0,17700.0
1414.0,1415.0,11592,20917,24198,24209,22817,22532,32767,32767,32767,32767,32767,2005.0,17700.0
1414.0,1306.0,11592,20917,23683,23083,22183,22532,32767,32767,32767,32767,32767,2156.0,17700.0
1459.0,1524.0,11779,21404,24713,23646,22817,22532,32767,32767,32767,32767,32767,1854.0,17700.0
1551.0,1496.0,11779,21404,24713,24772,24084,22532,32767,32767,32767,32767,32767,2118.0,17700.0
1596.0,1551.0,11405,21404,23683,24209,24718,22532,32767,32767,32767,32767,32767,2308.0,17700.0
1482.0,1496.0,11779,21404,24713,24209,24084,22532,32767,32767,32767,32767,32767,2118.0,17700.0
1414.0,1360.0,12153,21404,24713,24772,23450,22532,32767,32767,32767,32767,32767,2005.0,17700.0
1482.0,1551.0,12153,21890,24713,23646,22817,22532,32767,32767,32767,32767,32767,2043.0,17700.0
1642.0,1578.0,11592,21890,23683,23083,22183,22532,32767,32767,32767,32767,32767,2308.0,17700.0
1414.0,1442.0,11966,21890,24198,23646,23450,22532,32767,32767,32767,32767,32767,1891.0,17700.0
1414.0,1496.0,11779,21890,24713,24209,22817,22532,32767,32767,32767,32767,32767,1891.0,17700.0
1459.0,1578.0,12339,22377,25228,24209,23450,22532,32767,32767,32767,32767,32767,1929.0,17700.0
1368.0,1387.0,12339,22377,24713,23646,22183,22532,32767,32767,32767,32767,32767,2043.0,17700.0
1459.0,1551.0,11779,22377,25228,24772,24718,22532,32767,32767,32767,32767,32767,1891.0,17700.0
1459.0,1496.0,12526,22377,25228,23083,23450,22532,32767,32767,32767,32767,32767,1967.0,17700.0
1437.0,1496.0,12153,22377,24713,24209,23450,22532,32767,32767,32767,32767,32767,1929.0,17700.0
1619.0,1415.0,11405,22377,24198,24209,24084,22532,32767,32767,32767,32767,32767,2459.0,17700.0
1459.0,1578.0,12526,22377,26258,24772,23450,22532,32767,32767,32767,32767,32767,1891.0,17700.0
1528.0,1551.0,12153,22863,25743,25335,25352,22532,32767,32767,32767,32767,32767,2081.0,17700.0
1505.0,1632.0,12713,22863,25743,24209,24718,22532,32767,32767,32767,32767,32767,1929.0,17700.0
1391.0,1496.0,12526,22863,25743,25335,22817,22532,32767,32767,32767,32767,32767,1778.0,17700.0
1459.0,1469.0,11779,22863,24198,24772,24084,22532,32767,32767,32767,32767,32767,2043.0,17700.0
1528.0,1524.0,12339,22863,25743,25335,24718,22532,32767,32767,32767,32767,32767,1929.0,17700.0
1414.0,1524.0,12713,22863,25228,25335,24084,22532,32767,32767,32767,32767,32767,1929.0,17700.0
1528.0,1551.0,12526,22863,26773,25335,24084,22532,32767,32767,32767,32767,32767,2270.0,17700.0
1505.0,1660.0,13087,23350,26258,25335,24084,22532,32767,32767,32767,32767,32767,2043.0,17700.0
1505.0,1578.0,12153,23350,26258,26461,25352,22532,32767,32767,32767,32767,32767,1891.0,17700.0
1437.0,1524.0,12153,23350,25228,24209,23450,22532,32767,32767,32767,32767,32767,1778.0,17700.0
1505.0,1578.0,12900,23836,25743,25335,24718,22532,32767,32767,32767,32767,32767,2118.0,17700.0
1405.0,1384.0,13714,25216,25178,28634,29135,22726,32767,32767,32767,32767,32767,2553.0,17700.0
1216.0,1114.0,9611,18061,20586,20368,21118,22791,32767,32767,32767,32767,32767,2089.0,17700.0
1259.0,1217.0,9967,18524,20586,20368,21118,22791,32767,32767,32767,32767,32767,1873.0,17700.0
1368.0,1450.0,8366,18524,20586,20368,20515,22791,32767,32767,32767,32767,32767,1513.0,17700.0
1172.0,984.0,9611,18987,21077,20368,21722,22791,32767,32767,32767,32767,32767,2125.0,17700.0
1259.0,1088.0,10857,18987,22057,21440,21722,22791,32767,32767,32767,32767,32767,2413.0,17700.0
1216.0,1165.0,9789,19450,22057,21440,22325,22791,32767,32767,32767,32767,32767,1585.0,17700.0
1194.0,1140.0,9433,19450,22057,20904,21118,22791,32767,32767,32767,32767,32767,1296.0,17700.0
1172.0,1114.0,10501,19914,22057,21976,22325,22791,32767,32767,32767,32767,32767,1873.0,17700.0
1389.0,1424.0,10323,19914,23037,21440,21722,22791,32767,32767,32767,32767,32767,1657.0,17700.0
1281.0,1295.0,10323,20840,23037,21976,22929,22791,32767,32767,32767,32767,32767,1765.0,17700.0
1414.0,1360.0,11592,21404,23683,23083,22817,23236,32767,32767,32767,32767,32767,1816.0,17700.0
1482.0,1632.0,12153,21890,24713,23646,23450,23236,32767,32767,32767,32767,32767,2005.0,17700.0
1437.0,1306.0,12339,21890,25743,23646,23450,23236,32767,32767,32767,32767,32767,2308.0,17700.0
1345.0,1387.0,11966,21890,24713,24209,22183,23236,32767,32767,32767,32767,32767,1929.0,17700.0
1414.0,1442.0,12153,21890,25743,24209,24718,23236,32767,32767,32767,32767,32767,1929.0,17700.0
1437.0,1442.0,11592,22377,25228,24772,23450,23236,32767,32767,32767,32767,32767,1929.0,17700.0
1437.0,1551.0,12153,22377,24713,24209,24084,23236,32767,32767,32767,32767,32767,1816.0,17700.0
1459.0,1524.0,12713,22377,25228,24209,24718,23236,32767,32767,32767,32767,32767,1967.0,17700.0
1801.0,1741.0,11779,22377,26773,25335,24084,23236,32767,32767,32767,32767,32767,2459.0,17700.0
1414.0,1469.0,12339,22863,25228,25898,24084,23236,32767,32767,32767,32767,32767,1929.0,17700.0
1459.0,1442.0,12526,22863,25228,24772,24084,23236,32767,32767,32767,32767,32767,2232.0,17700.0
1437.0,1578.0,12900,22863,26258,24772,24084,23236,32767,32767,32767,32767,32767,2043.0,17700.0
1437.0,1496.0,12339,22863,25743,25335,24718,23236,32767,32767,32767,32767,32767,1891.0,17700.0
1596.0,1714.0,12713,23350,26258,25898,26619,23236,32767,32767,32767,32767,32767,2081.0,17700.0
1551.0,1551.0,11966,23350,25228,25335,24718,23236,32767,32767,32767,32767,32767,2005.0,17700.0
1505.0,1660.0,12900,23350,26773,25335,24718,23236,32767,32767,32767,32767,32767,1967.0,17700.0
1482.0,1578.0,12526,23350,25743,25335,24718,23236,32767,32767,32767,32767,32767,2156.0,17700.0
1505.0,1496.0,12339,23350,26258,25335,24718,23236,32767,32767,32767,32767,32767,2043.0,17700.0
1665.0,1850.0,12900,23836,27802,27587,25986,23236,32767,32767,32767,32767,32767,2232.0,17700.0
1573.0,1578.0,12713,23836,27287,26461,25986,23236,32767,32767,32767,32767,32767,2156.0,17700.0
1482.0,1660.0,13087,23836,26773,25335,25352,23236,32767,32767,32767,32767,32767,2005.0,17700.0
1459.0,1632.0,13087,24323,26773,25898,25352,23236,32767,32767,32767,32767,32767,1929.0,17700.0
1172.0,1217.0,9611,18987,21567,21440,21118,23461,32767,32767,32767,32767,32767,1369.0,17700.0
1281.0,1295.0,9967,19450,22057,20368,21118,23461,32767,32767,32767,32767,32767,1585.0,17700.0
1346.0,1399.0,11035,20377,23037,21440,22929,23461,32767,32767,32767,32767,32767,1801.0,17700.0
1476.0,1554.0,10323,20377,23037,21976,22325,23461,32767,32767,32767,32767,32767,1945.0,17700.0
1498.0,1606.0,10323,20377,23527,21976,22929,23461,32767,32767,32767,32767,32767,1909.0,17700.0
1346.0,1321.0,10857,20840,23037,21976,22929,23461,32767,32767,32767,32767,32767,1909.0,17700.0
1459.0,1415.0,12339,22377,26258,26461,24084,23940,32767,32767,32767,32767,32767,1891.0,17700.0
1414.0,1551.0,12713,22377,25743,25335,24718,23940,32767,32767,32767,32767,32767,1967.0,17700.0
1414.0,1496.0,12153,22863,25228,25335,24718,23940,32767,32767,32767,32767,32767,1740.0,17700.0
1437.0,1660.0,13087,22863,25743,24772,24718,23940,32767,32767,32767,32767,32767,1967.0,17700.0
1459.0,1524.0,11966,22863,25743,25898,24718,23940,32767,32767,32767,32767,32767,1854.0,17700.0
1505.0,1578.0,12900,23350,26773,25898,25352,23940,32767,32767,32767,32767,32767,1967.0,17700.0
1505.0,1551.0,12900,23350,25743,26461,24718,23940,32767,32767,32767,32767,32767,2043.0,17700.0
1414.0,1469.0,13087,23350,26773,25898,25352,23940,32767,32767,32767,32767,32767,1816.0,17700.0
1505.0,1605.0,12900,23350,26258,25335,25986,23940,32767,32767,32767,32767,32767,1967.0,17700.0
1459.0,1632.0,12900,23350,26258,25898,24718,23940,32767,32767,32767,32767,32767,2005.0,17700.0
1528.0,1605.0,12900,23836,26258,27024,25352,23940,32767,32767,32767,32767,32767,1891.0,17700.0
1482.0,1632.0,13274,24323,27287,27024,25352,23940,32767,32767,32767,32767,32767,1891.0,17700.0
1505.0,1687.0,13274,24323,27287,25898,24718,23940,32767,32767,32767,32767,32767,1967.0,17700.0
1482.0,1605.0,13274,24323,26773,25898,26619,23940,32767,32767,32767,32767,32767,1854.0,17700.0
1573.0,1714.0,12900,24323,26773,26461,25352,23940,32767,32767,32767,32767,32767,2118.0,17700.0
1482.0,1442.0,13087,24809,26773,25898,27253,23940,32767,32767,32767,32767,32767,2118.0,17700.0
1573.0,1741.0,13461,24809,27802,27024,25986,23940,32767,32767,32767,32767,32767,2043.0,17700.0
1505.0,1605.0,13648,24809,28317,28150,27887,23940,32767,32767,32767,32767,32767,1929.0,17700.0
1505.0,1578.0,13461,24809,28317,27024,27887,23940,32767,32767,32767,32767,32767,1816.0,17700.0
1414.0,1360.0,13087,25295,27802,27024,26619,23940,32767,32767,32767,32767,32767,1740.0,17700.0
1459.0,1551.0,13835,25295,28832,29839,28521,23940,32767,32767,32767,32767,32767,1891.0,17700.0
1237.0,1295.0,9967,19450,22057,20904,22929,24132,32767,32767,32767,32767,32767,1549.0,17700.0
1303.0,1243.0,9077,19450,21567,21976,22929,24132,32767,32767,32767,32767,32767,1441.0,17700.0
1324.0,1399.0,9611,19914,23037,21976,23532,24132,32767,32767,32767,32767,32767,1477.0,17700.0
1216.0,1165.0,9789,20377,22547,21440,22929,24132,32767,32767,32767,32767,32767,1405.0,17700.0
1346.0,1373.0,10679,21303,24017,23584,25342,24132,32767,32767,32767,32767,32767,1801.0,17700.0
1573.0,1660.0,12713,22863,25228,25898,25986,24644,32767,32767,32767,32767,32767,2194.0,17700.0
1710.0,1714.0,12713,23350,25743,25898,25986,24644,32767,32767,32767,32767,32767,2421.0,17700.0
1459.0,1578.0,12900,23836,26258,25898,25352,24644,32767,32767,32767,32767,32767,1929.0,17700.0
1437.0,1197.0,11218,23836,25228,27024,24084,24644,32767,32767,32767,32767,32767,2761.0,17700.0
1528.0,1496.0,12526,23836,27802,27587,28521,24644,32767,32767,32767,32767,32767,2118.0,17700.0
1528.0,1442.0,11966,23836,25743,25335,25986,24644,32767,32767,32767,32767,32767,2156.0,17700.0
1551.0,1632.0,12713,23836,27287,26461,25986,24644,32767,32767,32767,32767,32767,1929.0,17700.0
1801.0,1823.0,13274,24323,26773,24772,27253,24644,32767,32767,32767,32767,32767,2497.0,17700.0
1482.0,1578.0,13087,24323,27287,26461,24718,24644,32767,32767,32767,32767,32767,1891.0,17700.0
1528.0,1605.0,12713,24323,26773,26461,25986,24644,32767,32767,32767,32767,32767,2005.0,17700.0
1551.0,1741.0,13274,24323,28317,28150,27253,24644,32767,32767,32767,32767,32767,2043.0,17700.0
1551.0,1660.0,13087,24323,27802,28150,26619,24644,32767,32767,32767,32767,32767,2043.0,17700.0
1482.0,1496.0,13274,24809,27287,27024,25986,24644,32767,32767,32767,32767,32767,1929.0,17700.0
1414.0,1496.0,12900,24809,27287,27024,26619,24644,32767,32767,32767,32767,32767,1891.0,17700.0
1482.0,1551.0,13461,24809,28317,27024,26619,24644,32767,32767,32767,32767,32767,2118.0,17700.0
1459.0,1578.0,13461,24809,27802,27024,26619,24644,32767,32767,32767,32767,32767,1929.0,17700.0
1551.0,1714.0,12900,24809,27287,27024,25986,24644,32767,32767,32767,32767,32767,2081.0,17700.0
1482.0,1524.0,13648,25782,29347,27587,27253,24644,32767,32767,32767,32767,32767,2194.0,17700.0
1551.0,1741.0,14396,26268,29862,28713,27887,24644,32767,32767,32767,32767,32767,2081.0,17700.0
1551.0,1714.0,14209,26755,29347,29276,27887,24644,32767,32767,32767,32767,32767,2081.0,17700.0
1259.0,1217.0,9255,18987,21077,21976,22325,24802,32767,32767,32767,32767,32767,1477.0,17700.0
1172.0,1165.0,9789,18987,21567,21440,22929,24802,32767,32767,32767,32767,32767,1729.0,17700.0
1237.0,1191.0,9611,19450,22057,20904,22929,24802,32767,32767,32767,32767,32767,1621.0,17700.0
1346.0,1502.0,10145,19914,23037,22512,22929,24802,32767,32767,32767,32767,32767,1729.0,17700.0
1194.0,1165.0,10323,19914,22057,20904,22929,24802,32767,32767,32767,32767,32767,1765.0,17700.0
1476.0,1476.0,10857,20377,23527,23048,24135,24802,32767,32767,32767,32767,32767,1873.0,17700.0
1324.0,1295.0,9789,20377,23037,22512,23532,24802,32767,32767,32767,32767,32767,1513.0,17700.0
1324.0,1399.0,10323,20377,23037,21976,22929,24802,32767,32767,32767,32767,32767,1621.0,17700.0
1216.0,1243.0,10145,20377,22547,21976,23532,24802,32767,32767,32767,32767,32767,1621.0,17700.0
1303.0,1321.0,10323,20377,23037,21976,22929,24802,32767,32767,32767,32767,32767,1765.0,17700.0
1303.0,1347.0,10857,20840,22547,21976,23532,24802,32767,32767,32767,32767,32767,1909.0,17700.0
1346.0,1373.0,10323,21303,24998,24120,24739,24802,32767,32767,32767,32767,32767,1621.0,17700.0
1368.0,1450.0,9789,21303,23037,23048,24135,24802,32767,32767,32767,32767,32767,1549.0,17700.0
1324.0,1424.0,11213,21303,24017,24120,24135,24802,32767,32767,32767,32767,32767,1909.0,17700.0
1346.0,1399.0,11035,21303,24508,21976,22929,24802,32767,32767,32767,32767,32767,1945.0,17700.0
1498.0,1606.0,11035,22229,24508,24656,24739,24802,32767,32767,32767,32767,32767,1765.0,17700.0
1368.0,1399.0,11569,23618,25978,25192,25945,24802,32767,32767,32767,32767,32767,1729.0,17700.0
1619.0,1850.0,13648,24323,27287,27024,26619,25348,32767,32767,32767,32767,32767,2118.0,17700.0
1665.0,1660.0,13274,25295,28832,28150,28521,25348,32767,32767,32767,32767,32767,2345.0,17700.0
1437.0,1551.0,13648,25295,28317,28150,28521,25348,32767,32767,32767,32767,32767,1816.0,17700.0
1551.0,1660.0,13835,25295,28832,28713,27887,25348,32767,32767,32767,32767,32767,1967.0,17700.0
1437.0,1578.0,13835,25295,27802,28713,27253,25348,32767,32767,32767,32767,32767,1967.0,17700.0
1756.0,2068.0,14022,25295,28832,28713,27887,25348,32767,32767,32767,32767,32767,2232.0,17700.0
1619.0,1823.0,14209,25295,30377,28713,29155,25348,32767,32767,32767,32767,32767,2043.0,17700.0
1551.0,1714.0,13835,25782,28832,28150,28521,25348,32767,32767,32767,32767,32767,2005.0,17700.0
1281.0,1321.0,10145,19450,22057,21440,23532,25472,32767,32767,32767,32767,32767,1873.0,17700.0
1259.0,1269.0,10323,19450,22057,21440,22929,25472,32767,32767,32767,32767,32767,1837.0,17700.0
1303.0,1321.0,9967,19914,23527,22512,23532,25472,32767,32767,32767,32767,32767,1513.0,17700.0
1172.0,1114.0,9611,19914,22547,21440,22325,25472,32767,32767,32767,32767,32767,1405.0,17700.0
1216.0,1269.0,10501,20377,22547,21440,22929,25472,32767,32767,32767,32767,32767,1801.0,17700.0
1303.0,1217.0,9611,20377,23037,21440,23532,25472,32767,32767,32767,32767,32767,1801.0,17700.0
1237.0,1191.0,10323,20840,24017,23048,25342,25472,32767,32767,32767,32767,32767,1405.0,17700.0
1216.0,1217.0,9967,20840,22547,22512,23532,25472,32767,32767,32767,32767,32767,1477.0,17700.0
1194.0,1191.0,10145,20840,24017,22512,24739,25472,32767,32767,32767,32767,32767,1477.0,17700.0
1368.0,1295.0,9967,20840,23037,22512,24135,25472,32767,32767,32767,32767,32767,1873.0,17700.0
1259.0,1399.0,10679,21303,24017,22512,23532,25472,32767,32767,32767,32767,32767,1549.0,17700.0
1389.0,1502.0,11391,21303,23527,23584,22929,25472,32767,32767,32767,32767,32767,1981.0,17700.0
1476.0,1580.0,10501,21303,23527,24120,24739,25472,32767,32767,32767,32767,32767,1801.0,17700.0
1346.0,1476.0,11035,21303,23527,23048,24135,25472,32767,32767,32767,32767,32767,1729.0,17700.0
1303.0,1321.0,9967,21766,24508,24656,24739,25472,32767,32767,32767,32767,32767,1405.0,17700.0
1129.0,1088.0,9789,21766,23527,23048,24739,25472,32767,32767,32767,32767,32767,1260.0,17700.0
1628.0,1839.0,10501,22229,24998,25192,25945,25472,32767,32767,32767,32767,32767,1801.0,17700.0
1281.0,1243.0,10501,22692,24508,24656,24739,25472,32767,32767,32767,32767,32767,1657.0,17700.0
1324.0,1373.0,11391,23155,24998,24120,25342,25472,32767,32767,32767,32767,32767,1585.0,17700.0
1916.0,1932.0,13087,25295,28832,28713,29155,26052,32767,32767,32767,32767,32767,2535.0,17700.0
1596.0,1850.0,14209,25295,28832,28713,27887,26052,32767,32767,32767,32767,32767,2270.0,17700.0
1391.0,1360.0,12713,25295,27287,27024,27253,26052,32767,32767,32767,32767,32767,2118.0,17700.0
1596.0,1687.0,13648,25782,29862,28150,27887,26052,32767,32767,32767,32767,32767,2005.0,17700.0
1619.0,1632.0,13087,26268,29862,29276,29788,26052,32767,32767,32767,32767,32767,2308.0,17700.0
1710.0,1796.0,13274,26268,28317,29276,31056,26052,32767,32767,32767,32767,32767,2459.0,17700.0
1642.0,1823.0,14209,26268,29862,29276,29155,26052,32767,32767,32767,32767,32767,2156.0,17700.0
1368.0,1360.0,13461,26755,30377,30402,30422,26052,32767,32767,32767,32767,32767,1740.0,17700.0
1596.0,1768.0,14209,26755,29347,29276,28521,26052,32767,32767,32767,32767,32767,2043.0,17700.0
1596.0,1741.0,14209,27241,30892,30402,30422,26052,32767,32767,32767,32767,32767,2005.0,17700.0
1551.0,1768.0,14957,27728,31406,30965,29788,26052,32767,32767,32767,32767,32767,2081.0,17700.0
1368.0,1321.0,10501,19450,22057,21440,22325,26143,32767,32767,32767,32767,32767,2053.0,17700.0
1368.0,1269.0,10679,20377,23037,22512,24739,26143,32767,32767,32767,32767,32767,2125.0,17700.0
1346.0,1321.0,11035,20840,23037,22512,24135,26143,32767,32767,32767,32767,32767,2233.0,17700.0
1606.0,1968.0,10323,21303,23037,23584,24739,26143,32767,32767,32767,32767,32767,2017.0,17700.0
1259.0,1269.0,10145,21303,24017,23584,24739,26143,32767,32767,32767,32767,32767,1441.0,17700.0
1259.0,1217.0,10145,21303,25488,23584,24739,26143,32767,32767,32767,32767,32767,1369.0,17700.0
1303.0,1295.0,11569,21766,24508,23584,24739,26143,32767,32767,32767,32767,32767,1837.0,17700.0
1281.0,1243.0,10323,21766,24998,24120,25342,26143,32767,32767,32767,32767,32767,1477.0,17700.0
1259.0,1295.0,10857,22229,24998,24656,25342,26143,32767,32767,32767,32767,32767,1513.0,17700.0
1259.0,1269.0,10679,22229,25488,24656,24739,26143,32767,32767,32767,32767,32767,1477.0,17700.0
1368.0,1347.0,10501,22229,25488,23584,24739,26143,32767,32767,32767,32767,32767,1549.0,17700.0
1520.0,1658.0,10679,22229,24017,24120,25945,26143,32767,32767,32767,32767,32767,1801.0,17700.0
1368.0,1399.0,11213,22692,25488,24656,25342,26143,32767,32767,32767,32767,32767,1549.0,17700.0
1476.0,1709.0,11747,22692,25488,25728,26549,26143,32767,32767,32767,32767,32767,1909.0,17700.0
1324.0,1373.0,11391,22692,25488,24656,25342,26143,32767,32767,32767,32767,32767,1621.0,17700.0
1368.0,1528.0,11391,22692,25488,24656,25342,26143,32767,32767,32767,32767,32767,1873.0,17700.0
1346.0,1424.0,10857,23155,26468,25728,26549,26143,32767,32767,32767,32767,32767,1477.0,17700.0
1606.0,1761.0,11747,23155,25978,23584,25342,26143,32767,32767,32767,32767,32767,1945.0,17700.0
1411.0,1450.0,11213,23155,25488,25192,25945,26143,32767,32767,32767,32767,32767,1657.0,17700.0
1455.0,1528.0,10857,23155,24508,24656,26549,26143,32767,32767,32767,32767,32767,1693.0,17700.0
1541.0,1554.0,12637,23618,26958,25728,25342,26143,32767,32767,32767,32767,32767,2377.0,17700.0
1346.0,1347.0,11391,24082,25978,25192,25945,26143,32767,32767,32767,32767,32767,1585.0,17700.0
1368.0,1279.0,11592,23350,26258,25898,26619,26756,32767,32767,32767,32767,32767,2005.0,17700.0
1528.0,1551.0,13087,25295,28317,28150,28521,26756,32767,32767,32767,32767,32767,2232.0,17700.0
1916.0,2013.0,13087,25295,29347,28150,29155,26756,32767,32767,32767,32767,32767,2383.0,17700.0
1505.0,1496.0,14022,25782,30377,29276,30422,26756,32767,32767,32767,32767,32767,2270.0,17700.0
1870.0,1850.0,13087,26268,29347,29839,31056,26756,32767,32767,32767,32767,32767,2383.0,17700.0
1482.0,1660.0,14022,26755,29347,28713,29155,26756,32767,32767,32767,32767,32767,1967.0,17700.0
1505.0,1605.0,14209,26755,30377,29276,29155,26756,32767,32767,32767,32767,32767,1854.0,17700.0
1665.0,1714.0,14209,27241,30892,30965,29155,26756,32767,32767,32767,32767,32767,2081.0,17700.0
1756.0,1823.0,13835,27241,31406,30965,31056,26756,32767,32767,32767,32767,32767,2383.0,17700.0
1779.0,2122.0,15144,27728,31406,31528,29788,26756,32767,32767,32767,32767,32767,2345.0,17700.0
1573.0,1796.0,14770,27728,31406,29276,29155,26756,32767,32767,32767,32767,32767,2081.0,17700.0
1779.0,2122.0,15331,28214,31921,29839,31690,26756,32767,32767,32767,32767,32767,2421.0,17700.0
1779.0,1986.0,15331,28701,32436,31528,31056,26756,32767,32767,32767,32767,32767,2194.0,17700.0
1414.0,1551.0,14770,29187,31406,32091,31056,26756,32767,32767,32767,32767,32767,1778.0,17700.0
1324.0,1140.0,9255,19914,22057,21440,24135,26813,32767,32767,32767,32767,32767,1765.0,17700.0
1324.0,1399.0,11391,21303,24017,23048,24739,26813,32767,32767,32767,32767,32767,1765.0,17700.0
1889.0,1917.0,11391,21303,24017,24656,28359,26813,32767,32767,32767,32767,32767,2773.0,17700.0
1368.0,1476.0,10679,21303,22547,22512,24739,26813,32767,32767,32767,32767,32767,2089.0,17700.0
1346.0,1347.0,11035,22229,25488,24120,27152,26813,32767,32767,32767,32767,32767,1729.0,17700.0
1303.0,1424.0,11925,22229,25488,24120,24739,26813,32767,32767,32767,32767,32767,1873.0,17700.0
1498.0,1554.0,11391,22229,25488,24656,26549,26813,32767,32767,32767,32767,32767,1909.0,17700.0
1194.0,1165.0,10501,22229,24508,24656,24739,26813,32767,32767,32767,32767,32767,1549.0,17700.0
1281.0,1347.0,11391,22692,25488,24120,25342,26813,32767,32767,32767,32767,32767,1801.0,17700.0
1281.0,1243.0,11213,22692,25978,25192,26549,26813,32767,32767,32767,32767,32767,1873.0,17700.0
1455.0,1606.0,11569,22692,25978,25728,27756,26813,32767,32767,32767,32767,32767,1801.0,17700.0
1498.0,1709.0,11391,23155,25978,24656,27756,26813,32767,32767,32767,32767,32767,1801.0,17700.0
1389.0,1424.0,10679,23155,25488,25192,25945,26813,32767,32767,32767,32767,32767,1585.0,17700.0
1455.0,1580.0,11747,23155,26468,25192,26549,26813,32767,32767,32767,32767,32767,1837.0,17700.0
1368.0,1450.0,11747,23155,26468,25728,27152,26813,32767,32767,32767,32767,32767,1801.0,17700.0
1346.0,1399.0,11391,23618,25488,24656,25945,26813,32767,32767,32767,32767,32767,1585.0,17700.0
1346.0,1373.0,11391,24545,26958,25728,26549,26813,32767,32767,32767,32767,32767,1549.0,17700.0
1756.0,1714.0,13274,25295,28832,28713,29788,27460,32767,32767,32767,32767,32767,2459.0,17700.0
1916.0,2013.0,13835,27241,30377,30402,30422,27460,32767,32767,32767,32767,32767,2648.0,17700.0
1619.0,1796.0,14583,27241,31406,30402,29788,27460,32767,32767,32767,32767,32767,2081.0,17700.0
2030.0,2095.0,13087,27728,30892,31528,32324,27460,32767,32767,32767,32767,32767,2951.0,17700.0
1619.0,1768.0,14583,27728,31406,30965,29155,27460,32767,32767,32767,32767,32767,2043.0,17700.0
1710.0,1959.0,15331,28214,31406,30965,31056,27460,32767,32767,32767,32767,32767,2232.0,17700.0
1596.0,1796.0,14770,28701,32436,30965,29788,27460,32767,32767,32767,32767,32767,1967.0,17700.0
1619.0,1850.0,15892,30160,32767,32767,32324,27460,32767,32767,32767,32767,32767,2081.0,17700.0
1259.0,1217.0,10145,21766,24508,23584,25945,27483,32767,32767,32767,32767,32767,1369.0,17700.0
1368.0,1347.0,11213,22229,25488,25728,26549,27483,32767,32767,32767,32767,32767,1765.0,17700.0
1433.0,1580.0,11569,22692,24998,24656,25342,27483,32767,32767,32767,32767,32767,1873.0,17700.0
1498.0,1632.0,10857,22692,25978,25728,25945,27483,32767,32767,32767,32767,32767,1873.0,17700.0
1368.0,1476.0,11391,22692,24998,24120,25342,27483,32767,32767,32767,32767,32767,1801.0,17700.0
1476.0,1502.0,11747,22692,24998,25192,27756,27483,32767,32767,32767,32767,32767,2449.0,17700.0
1455.0,1632.0,12459,23618,26468,25728,27756,27483,32767,32767,32767,32767,32767,1873.0,17700.0
1389.0,1502.0,11035,24082,26468,25728,26549,27483,32767,32767,32767,32767,32767,1549.0,17700.0
1389.0,1424.0,12281,24082,26958,26800,27152,27483,32767,32767,32767,32767,32767,1801.0,17700.0
1411.0,1606.0,11569,24082,24998,24656,27152,27483,32767,32767,32767,32767,32767,1873.0,17700.0
1368.0,1373.0,11569,24082,26958,26264,27756,27483,32767,32767,32767,32767,32767,1585.0,17700.0
1433.0,1502.0,12103,24545,25978,27336,28359,27483,32767,32767,32767,32767,32767,1621.0,17700.0
1433.0,1476.0,11213,24545,26468,25728,27152,27483,32767,32767,32767,32767,32767,1621.0,17700.0
1498.0,1580.0,11925,24545,27448,27336,28359,27483,32767,32767,32767,32767,32767,1657.0,17700.0
1563.0,1709.0,12637,24545,26958,26264,27152,27483,32767,32767,32767,32767,32767,1981.0,17700.0
1498.0,1606.0,12815,25008,27448,26800,27756,27483,32767,32767,32767,32767,32767,1909.0,17700.0
1411.0,1450.0,12281,25008,28919,27336,28962,27483,32767,32767,32767,32767,32767,1585.0,17700.0
1585.0,1735.0,13171,25008,28429,27872,27756,27483,32767,32767,32767,32767,32767,2161.0,17700.0
1389.0,1399.0,11925,25471,28429,28407,29566,27483,32767,32767,32767,32767,32767,1549.0,17700.0
1237.0,1321.0,11213,22229,24998,23584,25945,28154,32767,32767,32767,32767,32767,1621.0,17700.0
1476.0,1476.0,11035,23618,25488,26800,28359,28154,32767,32767,32767,32767,32767,1945.0,17700.0
1368.0,1373.0,10501,23618,26958,25728,27152,28154,32767,32767,32767,32767,32767,1513.0,17700.0
1411.0,1528.0,11569,24082,27448,26264,27756,28154,32767,32767,32767,32767,32767,1909.0,17700.0
1281.0,1373.0,11925,24082,26468,25728,26549,28154,32767,32767,32767,32767,32767,1765.0,17700.0
1281.0,1347.0,11391,24082,26958,24656,26549,28154,32767,32767,32767,32767,32767,1585.0,17700.0
1389.0,1632.0,12637,24082,27448,26800,27756,28154,32767,32767,32767,32767,32767,1873.0,17700.0
1520.0,1683.0,12281,24545,27448,27336,27152,28154,32767,32767,32767,32767,32767,1765.0,17700.0
1411.0,1528.0,11747,24545,27448,26264,28359,28154,32767,32767,32767,32767,32767,1873.0,17700.0
1411.0,1476.0,11747,24545,25978,26800,27152,28154,32767,32767,32767,32767,32767,1549.0,17700.0
1411.0,1632.0,12281,25008,28429,27336,28359,28154,32767,32767,32767,32767,32767,1837.0,17700.0
1520.0,1709.0,12815,25008,28429,27336,28359,28154,32767,32767,32767,32767,32767,1945.0,17700.0
1585.0,1761.0,12637,25008,28429,27336,28962,28154,32767,32767,32767,32767,32767,1981.0,17700.0
1455.0,1606.0,11925,25008,26958,27336,28962,28154,32767,32767,32767,32767,32767,1945.0,17700.0
1433.0,1658.0,12459,25471,29409,27872,28359,28154,32767,32767,32767,32767,32767,1873.0,17700.0
1476.0,1658.0,12637,25934,29409,27872,28962,28154,32767,32767,32767,32767,32767,1729.0,17700.0
1585.0,1787.0,13349,25934,28429,27872,29566,28154,32767,32767,32767,32767,32767,1981.0,17700.0
1801.0,2095.0,15331,28214,31406,31528,31056,28165,32767,32767,32767,32767,32767,2270.0,17700.0
1984.0,2367.0,15331,28701,32767,32767,32767,28165,32767,32767,32767,32767,32767,2988.0,17700.0
1801.0,1877.0,14022,28701,31921,32091,32324,28165,32767,32767,32767,32767,32767,2421.0,17700.0
1642.0,1741.0,14770,29187,32767,32654,31056,28165,32767,32767,32767,32767,32767,2043.0,17700.0
1710.0,1877.0,15705,29187,32767,32767,31690,28165,32767,32767,32767,32767,32767,2308.0,17700.0
1476.0,1658.0,10323,21766,25978,25192,27152,28824,32767,32767,32767,32767,32767,1873.0,17700.0
1520.0,1658.0,11569,23618,26468,26264,28359,28824,32767,32767,32767,32767,32767,1909.0,17700.0
1433.0,1580.0,12103,24082,26468,27336,28962,28824,32767,32767,32767,32767,32767,2161.0,17700.0
1758.0,1968.0,12281,24082,27939,26264,27756,28824,32767,32767,32767,32767,32767,2125.0,17700.0
1563.0,1709.0,11747,24545,27939,26800,28359,28824,32767,32767,32767,32767,32767,1837.0,17700.0
1368.0,1476.0,11747,24545,27448,27336,27756,28824,32767,32767,32767,32767,32767,1657.0,17700.0
1650.0,1787.0,11747,24545,27939,27872,30169,28824,32767,32767,32767,32767,32767,1801.0,17700.0
1585.0,1632.0,11925,24545,27448,26800,28359,28824,32767,32767,32767,32767,32767,1945.0,17700.0
1520.0,1658.0,12103,25008,28429,26800,28962,28824,32767,32767,32767,32767,32767,1765.0,17700.0
1346.0,1424.0,11925,25008,27939,27336,28962,28824,32767,32767,32767,32767,32767,1549.0,17700.0
1498.0,1683.0,12281,25008,26958,26264,27756,28824,32767,32767,32767,32767,32767,1801.0,17700.0
1498.0,1606.0,12459,25471,28429,28407,30169,28824,32767,32767,32767,32767,32767,1801.0,17700.0
1498.0,1632.0,12281,25471,28429,27872,28962,28824,32767,32767,32767,32767,32767,1729.0,17700.0
1520.0,1632.0,12993,25471,28919,28407,29566,28824,32767,32767,32767,32767,32767,1837.0,17700.0
1498.0,1580.0,12459,25934,27939,27872,28359,28824,32767,32767,32767,32767,32767,1873.0,17700.0
1455.0,1606.0,13349,26397,29409,29479,29566,28824,32767,32767,32767,32767,32767,1801.0,17700.0
1455.0,1528.0,12281,26397,29409,29479,30169,28824,32767,32767,32767,32767,32767,1621.0,17700.0
1665.0,1714.0,14022,28214,32436,32091,31690,28869,32767,32767,32767,32767,32767,2421.0,17700.0
2007.0,2013.0,14022,28214,32767,31528,32324,28869,32767,32767,32767,32767,32767,2308.0,17700.0
1733.0,1877.0,15144,28701,32436,30402,31056,28869,32767,32767,32767,32767,32767,2156.0,17700.0
1687.0,1741.0,15705,28701,32767,32767,32767,28869,32767,32767,32767,32767,32767,2232.0,17700.0
1596.0,1823.0,14209,29187,32436,32767,32767,28869,32767,32767,32767,32767,32767,2043.0,17700.0
1528.0,1796.0,15331,29673,32767,32767,32767,28869,32767,32767,32767,32767,32767,2156.0,17700.0
1455.0,1632.0,12281,24545,27448,26264,28359,29494,32767,32767,32767,32767,32767,1909.0,17700.0
1780.0,1891.0,11747,24545,27939,27872,30169,29494,32767,32767,32767,32767,32767,2089.0,17700.0
1672.0,1865.0,11925,24545,26958,27336,28962,29494,32767,32767,32767,32767,32767,2017.0,17700.0
2041.0,2460.0,11747,25008,27939,27336,28962,29494,32767,32767,32767,32767,32767,2197.0,17700.0
1411.0,1554.0,12103,25008,28429,27336,28962,29494,32767,32767,32767,32767,32767,1693.0,17700.0
1433.0,1554.0,12637,25471,28429,27336,28962,29494,32767,32767,32767,32767,32767,1765.0,17700.0
1498.0,1632.0,12637,25471,28429,27336,28359,29494,32767,32767,32767,32767,32767,1837.0,17700.0
1606.0,1787.0,12459,25934,29409,29479,30169,29494,32767,32767,32767,32767,32767,1837.0,17700.0
1389.0,1476.0,12281,25934,29409,28943,30169,29494,32767,32767,32767,32767,32767,1621.0,17700.0
1563.0,1813.0,12815,26397,30389,28943,31376,29494,32767,32767,32767,32767,32767,2053.0,17700.0
1672.0,1813.0,13171,26397,29899,29479,30772,29494,32767,32767,32767,32767,32767,1945.0,17700.0
1411.0,1502.0,12459,26397,29409,28943,30169,29494,32767,32767,32767,32767,32767,1729.0,17700.0
1693.0,1839.0,13349,26397,28429,28407,30169,29494,32767,32767,32767,32767,32767,2017.0,17700.0
1889.0,2176.0,14239,26860,29899,28943,30169,29494,32767,32767,32767,32767,32767,2449.0,17700.0
1433.0,1632.0,13171,26860,30880,28943,30772,29494,32767,32767,32767,32767,32767,1801.0,17700.0
1541.0,1735.0,12281,26860,28919,28407,30169,29494,32767,32767,32767,32767,32767,1909.0,17700.0
1628.0,1709.0,13349,26860,30880,30015,31376,29494,32767,32767,32767,32767,32767,1837.0,17700.0
1628.0,1735.0,13171,26860,29409,28943,30169,29494,32767,32767,32767,32767,32767,2053.0,17700.0
1758.0,1942.0,13349,27323,29899,30015,31376,29494,32767,32767,32767,32767,32767,2053.0,17700.0
1541.0,1735.0,12815,27323,30389,29479,30772,29494,32767,32767,32767,32767,32767,1909.0,17700.0
1758.0,2072.0,13705,27786,30389,30551,31376,29494,32767,32767,32767,32767,32767,2161.0,17700.0
1779.0,1687.0,13274,28701,29862,32654,32324,29573,32767,32767,32767,32767,32767,2572.0,17700.0
1801.0,1959.0,14770,29673,32767,32767,32767,29573,32767,32767,32767,32767,32767,2308.0,17700.0
1346.0,1424.0,11213,22692,25488,25192,26549,30165,32767,32767,32767,32767,32767,1693.0,17700.0
1498.0,1606.0,11925,23618,26958,27872,28962,30165,32767,32767,32767,32767,32767,1909.0,17700.0
1455.0,1580.0,12459,25471,28919,27872,28962,30165,32767,32767,32767,32767,32767,1729.0,17700.0
1563.0,1761.0,12993,25471,29409,28943,29566,30165,32767,32767,32767,32767,32767,2017.0,17700.0
1498.0,1606.0,13171,25934,29899,28407,30169,30165,32767,32767,32767,32767,32767,1873.0,17700.0
1433.0,1606.0,12815,25934,29899,28943,30772,30165,32767,32767,32767,32767,32767,1729.0,17700.0
1520.0,1632.0,12815,25934,28919,27872,30772,30165,32767,32767,32767,32767,32767,1729.0,17700.0
1433.0,1554.0,12459,26397,29409,27872,30169,30165,32767,32767,32767,32767,32767,1657.0,17700.0
1433.0,1554.0,13527,27323,30880,30551,31979,30165,32767,32767,32767,32767,32767,1729.0,17700.0
1650.0,1787.0,14061,27786,31370,31087,31979,30165,32767,32767,32767,32767,32767,2017.0,17700.0
1672.0,1865.0,13883,27786,30880,30551,31979,30165,32767,32767,32767,32767,32767,2017.0,17700.0
2098.0,2176.0,13648,28701,32767,32767,32767,30277,32767,32767,32767,32767,32767,2686.0,17700.0
1596.0,1904.0,17200,31133,32767,32767,32767,30277,32767,32767,32767,32767,32767,2081.0,17700.0
1801.0,2149.0,15331,31619,32767,32767,32767,30277,32767,32767,32767,32767,32767,2345.0,17700.0
1932.0,2124.0,11213,22692,26468,27336,30772,30835,32767,32767,32767,32767,32767,2197.0,17700.0
1976.0,1942.0,10857,24082,25978,26264,29566,30835,32767,32767,32767,32767,32767,2305.0,17700.0
2475.0,2435.0,11213,24545,27448,23048,28359,30835,32767,32767,32767,32767,32767,2773.0,17700.0
1520.0,1658.0,11925,24545,27939,26800,28962,30835,32767,32767,32767,32767,32767,1909.0,17700.0
1628.0,1606.0,12281,25934,28919,28407,31376,30835,32767,32767,32767,32767,32767,1945.0,17700.0
1606.0,1839.0,12637,25934,28919,27872,30772,30835,32767,32767,32767,32767,32767,2161.0,17700.0
1650.0,1735.0,13527,26397,29899,30551,31376,30835,32767,32767,32767,32767,32767,1909.0,17700.0
1455.0,1606.0,12993,26397,30389,28407,30772,30835,32767,32767,32767,32767,32767,1693.0,17700.0
1650.0,1787.0,13349,26860,30880,29479,31376,30835,32767,32767,32767,32767,32767,2053.0,17700.0
1563.0,1658.0,12815,27323,29409,28407,31376,30835,32767,32767,32767,32767,32767,1801.0,17700.0
1628.0,1917.0,13705,27323,31860,30551,31979,30835,32767,32767,32767,32767,32767,2017.0,17700.0
1802.0,2124.0,14239,27786,31370,31087,32583,30835,32767,32767,32767,32767,32767,2341.0,17700.0
1585.0,1709.0,13527,28249,31370,30551,31979,30835,32767,32767,32767,32767,32767,1693.0,17700.0
1563.0,1735.0,13349,28249,30880,30015,30772,30835,32767,32767,32767,32767,32767,1909.0,17700.0
1715.0,1891.0,13883,28713,32767,32159,32767,30835,32767,32767,32767,32767,32767,1801.0,17700.0
1824.0,2095.0,16079,30646,32767,32767,32767,30981,32767,32767,32767,32767,32767,2270.0,17700.0
2212.0,2367.0,15144,31619,32767,32767,32767,30981,32767,32767,32767,32767,32767,2837.0,17700.0
1824.0,1932.0,16079,32592,32767,32767,32767,30981,32767,32767,32767,32767,32767,2118.0,17700.0
1520.0,1632.0,12103,25471,28919,27872,31376,31505,32767,32767,32767,32767,32767,1801.0,17700.0
1476.0,1683.0,13527,25934,29409,28407,30772,31505,32767,32767,32767,32767,32767,1945.0,17700.0
1672.0,1891.0,13527,27323,30880,30015,31979,31505,32767,32767,32767,32767,32767,2017.0,17700.0
1845.0,2046.0,15129,27323,32350,32767,31979,31505,32767,32767,32767,32767,32767,2305.0,17700.0
1563.0,1606.0,13171,27323,30880,29479,30772,31505,32767,32767,32767,32767,32767,1801.0,17700.0
1585.0,1735.0,14061,28249,31860,30551,31979,31505,32767,32767,32767,32767,32767,1873.0,17700.0
1802.0,2150.0,14595,28713,32350,32695,32767,31505,32767,32767,32767,32767,32767,2341.0,17700.0
1758.0,2020.0,14595,29639,32767,32159,32767,31505,32767,32767,32767,32767,32767,1945.0,17700.0
1541.0,1709.0,12637,26397,29899,29479,31979,32176,32767,32767,32767,32767,32767,1801.0,17700.0
1606.0,1709.0,13705,28713,31860,32159,32767,32176,32767,32767,32767,32767,32767,1765.0,17700.0
1628.0,1942.0,14061,28713,32350,31087,32767,32176,32767,32767,32767,32767,32767,1909.0,17700.0
1693.0,1839.0,14239,30565,32767,32767,32767,32176,32767,32767,32767,32767,32767,2053.0,17700.0
2236.0,2227.0,11391,25471,28429,30015,32767,32767,32767,32767,32767,32767,32767,2089.0,17700.0
2451.0,2446.0,13154,26144,30689,30259,32767,32767,32767,32767,32767,32767,32767,2883.0,17700.0
1737.0,1891.0,12459,26860,31370,30015,32767,32767,32767,32767,32767,32767,32767,2053.0,17700.0
1976.0,2020.0,12459,27323,30880,30015,32767,32767,32767,32767,32767,32767,32767,2305.0,17700.0
1606.0,1632.0,12103,27323,30389,30551,32767,32767,32767,32767,32767,32767,32767,2125.0,17700.0
2128.0,2305.0,14417,27786,32350,32767,32767,32767,32767,32767,32767,32767,32767,2521.0,17700.0
1585.0,1968.0,13705,27786,30880,31623,32767,32767,32767,32767,32767,32767,32767,2017.0,17700.0
2193.0,2305.0,13527,28249,31860,32767,32767,32767,32767,32767,32767,32767,32767,2377.0,17700.0
1455.0,1632.0,13527,28249,32350,31087,32767,32767,32767,32767,32767,32767,32767,1801.0,17700.0
1585.0,1658.0,13171,28713,32767,32695,32767,32767,32767,32767,32767,32767,32767,1981.0,17700.0
1867.0,1917.0,13883,28713,31370,32159,32767,32767,32767,32767,32767,32767,32767,2017.0,17700.0
1737.0,2020.0,14595,29176,32767,32767,32767,32767,32767,32767,32767,32767,32767,2089.0,17700.0
1824.0,2072.0,14773,29176,32767,32767,32767,32767,32767,32767,32767,32767,32767,2341.0,17700.0
1910.0,2201.0,15129,29176,32350,32767,32767,32767,32767,32767,32767,32767,32767,2377.0,17700.0
2041.0,2227.0,14239,29176,32350,32695,32767,32767,32767,32767,32767,32767,32767,2233.0,17700.0
1585.0,1761.0,14417,29176,32767,32767,32767,32767,32767,32767,32767,32767,32767,1801.0,17700.0
1628.0,1658.0,13705,29639,32767,32695,32767,32767,32767,32767,32767,32767,32767,1621.0,17700.0
2062.0,2201.0,14773,30102,32767,32767,32767,32767,32767,32767,32767,32767,32767,2197.0,17700.0
1932.0,2046.0,13883,30102,32767,32767,32767,32767,32767,32767,32767,32767,32767,2161.0,17700.0
1737.0,2046.0,14951,30102,32767,32767,32767,32767,32767,32767,32767,32767,32767,2161.0,17700.0
1867.0,2201.0,15307,30565,32767,32767,32767,32767,32767,32767,32767,32767,32767,2341.0,17700.0
1693.0,1891.0,14061,30565,32767,32767,32767,32767,32767,32767,32767,32767,32767,2125.0,17700.0
1867.0,2046.0,14595,30565,32767,32767,32767,32767,32767,32767,32767,32767,32767,2089.0,17700.0
1606.0,1839.0,15129,31028,32767,32767,32767,32767,32767,32767,32767,32767,32767,2089.0,17700.0
977.0,685.0,4710,10213,9080,10402,9580,11826,32767,32767,32767,32767,32767,1684.0,17900.0
1229.0,954.0,8159,13736,13657,14453,13558,13255,32767,32767,32767,32767,32767,2590.0,17900.0
821.0,637.0,7741,13574,13440,14190,13692,13309,32767,32767,32767,32767,32767,1396.0,17900.0
1055.0,864.0,7974,12802,13550,13284,12079,13419,32767,32767,32767,32767,32767,2334.0,17900.0
1055.0,864.0,7805,12802,14017,13284,12079,13419,32767,32767,32767,32767,32767,2197.0,17900.0
1111.0,822.0,6280,12255,12106,13238,11709,13600,32767,32767,32767,32767,32767,1747.0,17900.0
1055.0,889.0,8144,12802,14017,13284,13229,14058,32767,32767,32767,32767,32767,2128.0,17900.0
1076.0,963.0,8144,13244,14484,13795,13229,14058,32767,32767,32767,32767,32767,2094.0,17900.0
1053.0,800.0,5809,12255,12539,12766,11709,14191,32767,32767,32767,32767,32767,1398.0,17900.0
1187.0,868.0,9420,14298,15565,15602,14371,14191,32767,32767,32767,32767,32767,2891.0,17900.0
1112.0,792.0,7839,12904,13217,13489,12474,14460,32767,32767,32767,32767,32767,2784.0,17900.0
1097.0,963.0,8314,12802,14951,14817,13229,14697,32767,32767,32767,32767,32767,2163.0,17900.0
1097.0,913.0,8314,13244,14484,13284,13229,14697,32767,32767,32767,32767,32767,2094.0,17900.0
1055.0,963.0,8483,13685,14951,13795,13804,14697,32767,32767,32767,32767,32767,1991.0,17900.0
1035.0,913.0,8314,13685,14951,13795,13804,14697,32767,32767,32767,32767,32767,2060.0,17900.0
1138.0,988.0,8823,14127,15419,14817,14954,14697,32767,32767,32767,32767,32767,2060.0,17900.0
1117.0,963.0,8653,14127,15419,14817,14954,14697,32767,32767,32767,32767,32767,1991.0,17900.0
1117.0,963.0,8823,14127,15886,14817,14379,14697,32767,32767,32767,32767,32767,2128.0,17900.0
1076.0,938.0,8483,14568,15419,15328,15530,14697,32767,32767,32767,32767,32767,2094.0,17900.0
1138.0,1012.0,8823,14568,15419,14817,14954,14697,32767,32767,32767,32767,32767,2231.0,17900.0
1187.0,891.0,8321,13072,13403,14657,12774,14782,32767,32767,32767,32767,32767,3018.0,17900.0
1283.0,1028.0,9420,14298,15565,15130,14371,14782,32767,32767,32767,32767,32767,3399.0,17900.0
1132.0,885.0,5279,11655,11014,12044,11389,15063,32767,32767,32767,32767,32767,1165.0,17900.0
1249.0,1024.0,8159,13736,14539,13971,13558,15063,32767,32767,32767,32767,32767,2266.0,17900.0
1157.0,889.0,8680,14220,15051,15006,14713,15135,32767,32767,32767,32767,32767,2602.0,17900.0
1076.0,889.0,8483,12802,14951,14306,14379,15336,32767,32767,32767,32767,32767,2128.0,17900.0
1117.0,963.0,8653,13685,15419,14306,14379,15336,32767,32767,32767,32767,32767,2128.0,17900.0
1055.0,913.0,8144,13685,14484,13795,13229,15336,32767,32767,32767,32767,32767,2025.0,17900.0
1138.0,1037.0,8823,13685,14951,14306,14954,15336,32767,32767,32767,32767,32767,2163.0,17900.0
1117.0,988.0,8483,13685,14951,14306,14379,15336,32767,32767,32767,32767,32767,2128.0,17900.0
1035.0,815.0,8483,14127,15419,14817,14379,15336,32767,32767,32767,32767,32767,2128.0,17900.0
1097.0,988.0,8483,14127,15419,14817,13804,15336,32767,32767,32767,32767,32767,2163.0,17900.0
1117.0,1012.0,8653,14127,15419,14817,14379,15336,32767,32767,32767,32767,32767,2094.0,17900.0
1138.0,1012.0,8823,14127,15886,14817,14954,15336,32767,32767,32767,32767,32767,2060.0,17900.0
1117.0,1086.0,8653,14127,16353,15328,15530,15336,32767,32767,32767,32767,32767,1957.0,17900.0
1138.0,963.0,8992,14127,15419,14306,14379,15336,32767,32767,32767,32767,32767,2369.0,17900.0
1097.0,1012.0,8653,14127,15419,14817,14954,15336,32767,32767,32767,32767,32767,2060.0,17900.0
1117.0,1037.0,9162,14568,15886,15328,14954,15336,32767,32767,32767,32767,32767,2128.0,17900.0
1097.0,988.0,8653,14568,16820,15328,15530,15336,32767,32767,32767,32767,32767,1991.0,17900.0
1117.0,1062.0,8992,15009,16820,15839,15530,15336,32767,32767,32767,32767,32767,1922.0,17900.0
1117.0,963.0,8653,15009,15886,15328,13804,15336,32767,32767,32767,32767,32767,1957.0,17900.0
1097.0,938.0,8144,15009,15886,15328,14379,15336,32767,32767,32767,32767,32767,1991.0,17900.0
1360.0,1051.0,8478,13889,15133,14657,13838,15374,32767,32767,32767,32767,32767,2923.0,17900.0
1321.0,1097.0,8792,14298,15997,15602,14903,15374,32767,32767,32767,32767,32767,2541.0,17900.0
1264.0,960.0,9263,14706,16430,16075,14903,15374,32767,32767,32767,32767,32767,2796.0,17900.0
1268.0,1024.0,8479,14153,15420,15416,15185,15665,32767,32767,32767,32767,32767,2395.0,17900.0
1196.0,889.0,8037,12965,14165,15006,13623,15740,32767,32767,32767,32767,32767,2374.0,17900.0
1129.0,1126.0,9256,14449,16684,15710,15403,15845,32767,32767,32767,32767,32767,2043.0,17900.0
1149.0,1028.0,9592,16201,17147,16217,16544,15845,32767,32767,32767,32767,32767,2349.0,17900.0
1206.0,960.0,8164,14298,15565,15602,14903,15965,32767,32767,32767,32767,32767,2383.0,17900.0
1226.0,960.0,8321,14298,15565,15602,15435,15965,32767,32767,32767,32767,32767,2541.0,17900.0
1475.0,1165.0,10205,15932,17727,18439,17032,15965,32767,32767,32767,32767,32767,3272.0,17900.0
1117.0,988.0,9332,14127,16353,15839,16680,15975,32767,32767,32767,32767,32767,2094.0,17900.0
1117.0,963.0,8653,14127,15419,14817,14379,15975,32767,32767,32767,32767,32767,2025.0,17900.0
1117.0,1037.0,8823,14127,15886,15328,13804,15975,32767,32767,32767,32767,32767,2128.0,17900.0
1097.0,1037.0,8653,14127,15886,14817,14954,15975,32767,32767,32767,32767,32767,1991.0,17900.0
1117.0,963.0,8823,14127,15886,15328,14379,15975,32767,32767,32767,32767,32767,2094.0,17900.0
1055.0,963.0,8823,14568,15886,14817,14379,15975,32767,32767,32767,32767,32767,2094.0,17900.0
1138.0,1012.0,8653,14568,15886,14817,14954,15975,32767,32767,32767,32767,32767,2025.0,17900.0
1138.0,1037.0,8992,15009,16353,15839,14954,15975,32767,32767,32767,32767,32767,2025.0,17900.0
1097.0,1062.0,8653,15009,15886,15328,15530,15975,32767,32767,32767,32767,32767,1922.0,17900.0
1138.0,1037.0,8823,15009,16353,15328,15530,15975,32767,32767,32767,32767,32767,1991.0,17900.0
1117.0,963.0,9162,15009,15886,15328,15530,15975,32767,32767,32767,32767,32767,2128.0,17900.0
1076.0,988.0,9162,15451,16820,15839,14954,15975,32767,32767,32767,32767,32767,2231.0,17900.0
1180.0,1086.0,9332,15892,17755,16350,17255,15975,32767,32767,32767,32767,32767,2025.0,17900.0
1117.0,1012.0,8992,15892,16820,17372,16105,15975,32767,32767,32767,32767,32767,1991.0,17900.0
1221.0,1086.0,9671,15892,17288,16861,16105,15975,32767,32767,32767,32767,32767,2334.0,17900.0
1288.0,1001.0,8799,14153,15420,14935,14643,16268,32767,32767,32767,32767,32767,2913.0,17900.0
1190.0,954.0,8319,14153,16301,15898,15185,16268,32767,32767,32767,32767,32767,1975.0,17900.0
1288.0,1001.0,8479,14985,15860,15416,14643,16268,32767,32767,32767,32767,32767,2428.0,17900.0
1288.0,1001.0,9599,14985,16741,16862,15728,16268,32767,32767,32767,32767,32767,2687.0,17900.0
1229.0,954.0,9279,15401,16741,16380,16270,16268,32767,32767,32767,32767,32767,2622.0,17900.0
1176.0,842.0,8520,15057,16379,16458,15803,16345,32767,32767,32767,32767,32767,2797.0,17900.0
1196.0,936.0,8520,15057,15051,14522,14168,16345,32767,32767,32767,32767,32767,2569.0,17900.0
1129.0,1053.0,9087,15325,16684,15203,15403,16478,32767,32767,32767,32767,32767,1975.0,17900.0
1149.0,1028.0,9256,16201,17610,17230,17685,16478,32767,32767,32767,32767,32767,1805.0,17900.0
1302.0,982.0,9420,14706,15997,16548,15435,16556,32767,32767,32767,32767,32767,2986.0,17900.0
1226.0,937.0,9734,15523,17727,17021,15967,16556,32767,32767,32767,32767,32767,2541.0,17900.0
1589.0,1234.0,11775,18791,19456,19857,18629,16556,32767,32767,32767,32767,32767,4320.0,17900.0
1159.0,1062.0,9162,14568,16353,15839,15530,16614,32767,32767,32767,32767,32767,2060.0,17900.0
1117.0,1012.0,8823,14568,16353,15328,15530,16614,32767,32767,32767,32767,32767,1957.0,17900.0
1138.0,1111.0,9162,14568,16820,15839,16105,16614,32767,32767,32767,32767,32767,1991.0,17900.0
1138.0,1037.0,8992,15009,16353,15839,15530,16614,32767,32767,32767,32767,32767,1957.0,17900.0
1117.0,988.0,9162,15009,17288,17372,16680,16614,32767,32767,32767,32767,32767,1922.0,17900.0
1097.0,988.0,8823,15009,16353,15839,14954,16614,32767,32767,32767,32767,32767,1922.0,17900.0
1138.0,1037.0,9162,15009,17288,16350,16680,16614,32767,32767,32767,32767,32767,1888.0,17900.0
1117.0,1012.0,8823,15009,16820,15328,15530,16614,32767,32767,32767,32767,32767,1957.0,17900.0
1117.0,1062.0,9162,15009,17288,16350,16680,16614,32767,32767,32767,32767,32767,1957.0,17900.0
1117.0,1012.0,8992,15009,16353,15839,14954,16614,32767,32767,32767,32767,32767,1991.0,17900.0
1138.0,1062.0,9162,15451,16820,15839,16105,16614,32767,32767,32767,32767,32767,1957.0,17900.0
1159.0,1037.0,8992,15451,17288,16350,16105,16614,32767,32767,32767,32767,32767,1922.0,17900.0
1159.0,1111.0,9501,15451,18222,15839,16680,16614,32767,32767,32767,32767,32767,2025.0,17900.0
1117.0,963.0,8823,15451,16353,15839,15530,16614,32767,32767,32767,32767,32767,2300.0,17900.0
1159.0,1037.0,9162,15451,16820,15328,15530,16614,32767,32767,32767,32767,32767,1991.0,17900.0
1055.0,864.0,9332,15451,17288,16861,16105,16614,32767,32767,32767,32767,32767,2369.0,17900.0
1055.0,1037.0,8823,15892,17755,16861,16105,16614,32767,32767,32767,32767,32767,1922.0,17900.0
1159.0,1086.0,9332,15892,17288,15839,14954,16614,32767,32767,32767,32767,32767,2128.0,17900.0
1117.0,1062.0,9501,15892,17288,16861,16680,16614,32767,32767,32767,32767,32767,1922.0,17900.0
1117.0,988.0,9162,15892,17288,16350,16105,16614,32767,32767,32767,32767,32767,1922.0,17900.0
1200.0,1136.0,10350,18100,18689,18393,17830,16614,32767,32767,32767,32767,32767,2060.0,17900.0
1268.0,978.0,9439,15401,15860,16380,15185,16870,32767,32767,32767,32767,32767,2719.0,17900.0
1210.0,978.0,9119,15818,16301,16862,16812,16870,32767,32767,32767,32767,32767,2266.0,17900.0
1307.0,1071.0,9759,17066,17622,18307,17355,16870,32767,32767,32767,32767,32767,2234.0,17900.0
1235.0,959.0,9002,14638,15936,15490,15803,16951,32767,32767,32767,32767,32767,2504.0,17900.0
1255.0,959.0,9484,15475,16379,15974,16348,16951,32767,32767,32767,32767,32767,2797.0,17900.0
1255.0,1006.0,9645,16311,16379,16942,16348,16951,32767,32767,32767,32767,32767,2634.0,17900.0
1129.0,1077.0,8919,14887,17147,16217,16544,17112,32767,32767,32767,32767,32767,2009.0,17900.0
1129.0,1028.0,9256,15325,18537,15710,15403,17112,32767,32767,32767,32767,32767,2043.0,17900.0
1129.0,1077.0,8751,15325,16684,16723,17115,17112,32767,32767,32767,32767,32767,1771.0,17900.0
1108.0,1004.0,9087,15325,17610,16723,15974,17112,32767,32767,32767,32767,32767,1975.0,17900.0
1129.0,1077.0,9592,15763,17610,16723,17115,17112,32767,32767,32767,32767,32767,1975.0,17900.0
1170.0,1102.0,9761,15763,17610,16723,16544,17112,32767,32767,32767,32767,32767,2145.0,17900.0
1149.0,1102.0,9592,16201,17610,16217,17115,17112,32767,32767,32767,32767,32767,2145.0,17900.0
1170.0,1126.0,9929,16639,18537,17737,17685,17112,32767,32767,32767,32767,32767,2043.0,17900.0
1053.0,822.0,5809,14706,14268,15602,14371,17148,32767,32767,32767,32767,32767,1080.0,17900.0
1245.0,891.0,9263,15523,16862,16548,15435,17148,32767,32767,32767,32767,32767,3018.0,17900.0
1321.0,937.0,10205,16340,16862,17021,15967,17148,32767,32767,32767,32767,32767,3145.0,17900.0
1398.0,1097.0,10676,16340,18592,18439,17564,17148,32767,32767,32767,32767,32767,3081.0,17900.0
1532.0,1142.0,10833,17157,18159,18439,18629,17148,32767,32767,32767,32767,32767,3844.0,17900.0
1117.0,1012.0,8992,15009,16820,17372,16680,17253,32767,32767,32767,32767,32767,1991.0,17900.0
1138.0,988.0,9501,15009,17288,16861,16680,17253,32767,32767,32767,32767,32767,2197.0,17900.0
1035.0,938.0,8823,15009,16820,16350,15530,17253,32767,32767,32767,32767,32767,2060.0,17900.0
1159.0,1185.0,9332,15009,17755,16861,17255,17253,32767,32767,32767,32767,32767,1957.0,17900.0
1200.0,1136.0,9671,15451,17288,16861,17255,17253,32767,32767,32767,32767,32767,2643.0,17900.0
1097.0,1037.0,9501,15451,17288,16350,17255,17253,32767,32767,32767,32767,32767,1957.0,17900.0
1180.0,1210.0,9332,15451,16353,16350,14954,17253,32767,32767,32767,32767,32767,2197.0,17900.0
1159.0,1086.0,9671,15451,17288,16861,16680,17253,32767,32767,32767,32767,32767,2197.0,17900.0
1138.0,1111.0,10010,15451,18222,16350,17255,17253,32767,32767,32767,32767,32767,2231.0,17900.0
1159.0,1136.0,9332,15451,17288,16861,16105,17253,32767,32767,32767,32767,32767,1991.0,17900.0
1138.0,1136.0,9162,15451,17755,16861,16105,17253,32767,32767,32767,32767,32767,1854.0,17900.0
1138.0,1062.0,9501,15892,17755,16861,16105,17253,32767,32767,32767,32767,32767,2231.0,17900.0
1159.0,1210.0,9671,15892,17755,17372,16680,17253,32767,32767,32767,32767,32767,1888.0,17900.0
1138.0,1136.0,9671,15892,18222,17372,16680,17253,32767,32767,32767,32767,32767,1991.0,17900.0
1117.0,1062.0,9501,15892,17755,17372,17255,17253,32767,32767,32767,32767,32767,2094.0,17900.0
1138.0,1062.0,9501,16334,18689,17883,17830,17253,32767,32767,32767,32767,32767,1888.0,17900.0
1159.0,1160.0,9501,16334,17755,16861,16680,17253,32767,32767,32767,32767,32767,1991.0,17900.0
1221.0,1160.0,9841,16334,17288,16861,16680,17253,32767,32767,32767,32767,32767,2472.0,17900.0
1138.0,1111.0,9671,16775,18689,17883,17255,17253,32767,32767,32767,32767,32767,1991.0,17900.0
1138.0,1037.0,9841,16775,18537,17883,17255,17253,32767,32767,32767,32767,32767,2094.0,17900.0
1262.0,1234.0,9841,16775,19157,18393,17830,17253,32767,32767,32767,32767,32767,1922.0,17900.0
1200.0,1136.0,10180,17217,18222,17883,18405,17253,32767,32767,32767,32767,32767,2266.0,17900.0
1200.0,1111.0,10519,18982,19157,18904,18405,17253,32767,32767,32767,32767,32767,2163.0,17900.0
1151.0,978.0,6079,13736,14098,15416,14643,17473,32767,32767,32767,32767,32767,1133.0,17900.0
1288.0,1048.0,8959,15401,17622,17343,17355,17473,32767,32767,32767,32767,32767,2169.0,17900.0
1190.0,978.0,7199,15818,15860,16380,16812,17473,32767,32767,32767,32767,32767,1036.0,17900.0
1288.0,1024.0,9439,15818,17622,16862,16270,17473,32767,32767,32767,32767,32767,2363.0,17900.0
1210.0,1071.0,8479,15818,16301,16862,16812,17473,32767,32767,32767,32767,32767,1813.0,17900.0
1307.0,1094.0,9279,16234,18944,17343,16812,17473,32767,32767,32767,32767,32767,2169.0,17900.0
1288.0,1071.0,9919,17899,18944,18789,18982,17473,32767,32767,32767,32767,32767,2072.0,17900.0
1216.0,1006.0,8680,15893,17264,16942,16348,17556,32767,32767,32767,32767,32767,2309.0,17900.0
1340.0,1097.0,10362,16340,18159,18439,17564,17739,32767,32767,32767,32767,32767,3113.0,17900.0
1245.0,1005.0,9420,16749,18159,17494,17564,17739,32767,32767,32767,32767,32767,2287.0,17900.0
1398.0,1165.0,9420,16749,18592,19385,17032,17739,32767,32767,32767,32767,32767,2287.0,17900.0
1360.0,1142.0,10048,17157,17727,18439,17564,17739,32767,32767,32767,32767,32767,3018.0,17900.0
1283.0,1028.0,10205,17566,18159,18912,17564,17739,32767,32767,32767,32767,32767,2573.0,17900.0
1858.0,1622.0,10048,17974,19889,17494,17564,17739,32767,32767,32767,32767,32767,3177.0,17900.0
1108.0,1004.0,9424,15325,17610,16723,17115,17746,32767,32767,32767,32767,32767,2009.0,17900.0
1129.0,1077.0,9592,15763,18537,17230,17685,17746,32767,32767,32767,32767,32767,2009.0,17900.0
1191.0,1298.0,10097,16639,19001,17230,18256,17746,32767,32767,32767,32767,32767,2009.0,17900.0
1076.0,1012.0,9162,15009,16820,15839,15530,17892,32767,32767,32767,32767,32767,2094.0,17900.0
1159.0,1136.0,9162,15451,16820,16350,16680,17892,32767,32767,32767,32767,32767,1991.0,17900.0
1138.0,1037.0,9501,15892,17755,17372,16680,17892,32767,32767,32767,32767,32767,2266.0,17900.0
1117.0,1062.0,9162,15892,17755,17372,17255,17892,32767,32767,32767,32767,32767,1888.0,17900.0
1159.0,1136.0,9501,16334,19157,17372,17255,17892,32767,32767,32767,32767,32767,1922.0,17900.0
1117.0,1136.0,8992,16334,18222,17883,17830,17892,32767,32767,32767,32767,32767,1579.0,17900.0
1262.0,1259.0,10519,16775,18222,17883,17830,17892,32767,32767,32767,32767,32767,2437.0,17900.0
1159.0,1136.0,10350,16775,18689,17883,17830,17892,32767,32767,32767,32767,32767,2334.0,17900.0
1117.0,1111.0,9501,16775,18222,17372,16680,17892,32767,32767,32767,32767,32767,1785.0,17900.0
1200.0,1210.0,9841,17217,18689,17883,18405,17892,32767,32767,32767,32767,32767,1991.0,17900.0
1117.0,1136.0,10010,17217,20091,18393,18981,17892,32767,32767,32767,32767,32767,1888.0,17900.0
1200.0,1210.0,9671,17217,18222,18393,17255,17892,32767,32767,32767,32767,32767,2060.0,17900.0
1242.0,1234.0,10180,17658,19157,18393,18405,17892,32767,32767,32767,32767,32767,2334.0,17900.0
1180.0,1086.0,10180,17658,19157,18393,18405,17892,32767,32767,32767,32767,32767,2163.0,17900.0
1138.0,1136.0,10180,17658,19157,19415,18981,17892,32767,32767,32767,32767,32767,1854.0,17900.0
1249.0,1048.0,8799,15401,16741,16380,16270,18075,32767,32767,32767,32767,32767,2039.0,17900.0
1226.0,1051.0,9263,16340,17295,17494,17564,18330,32767,32767,32767,32767,32767,2478.0,17900.0
1149.0,937.0,6751,16749,17295,17966,16500,18330,32767,32767,32767,32767,32767,1144.0,17900.0
1321.0,1074.0,9577,16749,19024,18439,18096,18330,32767,32767,32767,32767,32767,2224.0,17900.0
1436.0,1211.0,11461,17974,21186,20803,19693,18330,32767,32767,32767,32767,32767,3240.0,17900.0
1149.0,1126.0,9592,16201,18074,16723,16544,18380,32767,32767,32767,32767,32767,2009.0,17900.0
1170.0,1273.0,9761,16639,18074,17737,18256,18380,32767,32767,32767,32767,32767,1873.0,17900.0
1129.0,1053.0,10265,17077,19464,18751,18826,18380,32767,32767,32767,32767,32767,2111.0,17900.0
1252.0,1175.0,10602,17514,19001,18244,18256,18380,32767,32767,32767,32767,32767,2281.0,17900.0
1170.0,1200.0,9929,17514,19464,18244,18826,18380,32767,32767,32767,32767,32767,1941.0,17900.0
1324.0,1432.0,8483,16334,19157,17372,18981,18530,32767,32767,32767,32767,32767,1648.0,17900.0
1159.0,1259.0,10180,16775,20091,18393,17255,18530,32767,32767,32767,32767,32767,2094.0,17900.0
1117.0,1086.0,9501,16775,19624,17883,17255,18530,32767,32767,32767,32767,32767,1785.0,17900.0
1138.0,1136.0,10010,16775,19624,17883,18981,18530,32767,32767,32767,32767,32767,1922.0,17900.0
1159.0,1185.0,9501,16775,18222,18393,16680,18530,32767,32767,32767,32767,32767,1854.0,17900.0
1117.0,1210.0,10010,17217,19624,18904,18981,18530,32767,32767,32767,32767,32767,1922.0,17900.0
1242.0,1210.0,10689,17217,20091,19415,19556,18530,32767,32767,32767,32767,32767,2472.0,17900.0
1159.0,1185.0,10010,17217,18689,17883,18405,18530,32767,32767,32767,32767,32767,1991.0,17900.0
1283.0,1407.0,9841,17217,19157,18904,19556,18530,32767,32767,32767,32767,32767,2025.0,17900.0
1304.0,1358.0,10010,17217,19157,17372,17255,18530,32767,32767,32767,32767,32767,2334.0,17900.0
1304.0,1333.0,10689,17217,19157,18393,18405,18530,32767,32767,32767,32767,32767,2609.0,17900.0
1221.0,1259.0,10350,17217,19624,19415,19556,18530,32767,32767,32767,32767,32767,2300.0,17900.0
1138.0,1160.0,10180,17658,19624,19415,18981,18530,32767,32767,32767,32767,32767,1957.0,17900.0
1200.0,1234.0,10010,17658,19157,18393,18981,18530,32767,32767,32767,32767,32767,1819.0,17900.0
1159.0,1160.0,8992,17658,18689,18393,18405,18530,32767,32767,32767,32767,32767,1648.0,17900.0
1180.0,1185.0,9501,18100,20091,18393,18405,18530,32767,32767,32767,32767,32767,1716.0,17900.0
1200.0,1185.0,9841,18100,19624,18393,18981,18530,32767,32767,32767,32767,32767,2163.0,17900.0
1200.0,1210.0,10180,18541,20091,18904,18981,18530,32767,32767,32767,32767,32767,1854.0,17900.0
1249.0,1071.0,9759,16650,18063,18307,17355,18678,32767,32767,32767,32767,32767,2266.0,17900.0
1229.0,1071.0,8639,17066,18063,17825,17355,18678,32767,32767,32767,32767,32767,1586.0,17900.0
1288.0,1141.0,10079,17899,18944,18789,17897,18678,32767,32767,32767,32767,32767,2007.0,17900.0
1294.0,1076.0,9645,16311,18149,17910,17438,18767,32767,32767,32767,32767,32767,2569.0,17900.0
1294.0,1123.0,9645,16730,18592,17910,17983,18767,32767,32767,32767,32767,32767,2179.0,17900.0
1353.0,1123.0,10448,17566,18592,17910,17983,18767,32767,32767,32767,32767,32767,2667.0,17900.0
1412.0,1240.0,10770,18821,20363,19362,19617,18767,32767,32767,32767,32767,32767,2277.0,17900.0
1206.0,1005.0,9263,17157,18592,18439,19161,18921,32767,32767,32767,32767,32767,2192.0,17900.0
1340.0,1142.0,9420,17157,19024,18439,18629,18921,32767,32767,32767,32767,32767,2383.0,17900.0
1302.0,1097.0,9734,17566,19456,19857,18629,18921,32767,32767,32767,32767,32767,2510.0,17900.0
1704.0,1462.0,10990,17974,19456,21276,18629,18921,32767,32767,32767,32767,32767,3367.0,17900.0
1242.0,1309.0,10350,18100,20558,18904,18405,19169,32767,32767,32767,32767,32767,2025.0,17900.0
1200.0,1185.0,10350,18100,21026,19926,19556,19169,32767,32767,32767,32767,32767,2025.0,17900.0
1345.0,1358.0,11537,18541,20558,19415,19556,19169,32767,32767,32767,32767,32767,2437.0,17900.0
1324.0,1407.0,11707,18982,21960,20437,21281,19169,32767,32767,32767,32767,32767,2300.0,17900.0
1221.0,1284.0,10689,18982,21026,20437,20131,19169,32767,32767,32767,32767,32767,2060.0,17900.0
1221.0,1309.0,11028,18982,21493,21459,20131,19169,32767,32767,32767,32767,32767,2025.0,17900.0
1268.0,1117.0,9439,16234,17622,17825,17355,19280,32767,32767,32767,32767,32767,2169.0,17900.0
1288.0,1187.0,9599,17066,18504,18789,18439,19280,32767,32767,32767,32767,32767,1942.0,17900.0
1327.0,1141.0,10239,17899,19825,18789,18982,19280,32767,32767,32767,32767,32767,2072.0,17900.0
1288.0,1117.0,10239,18315,20266,19752,20066,19280,32767,32767,32767,32767,32767,2072.0,17900.0
1346.0,1164.0,10079,18731,20266,19271,18439,19280,32767,32767,32767,32767,32767,2007.0,17900.0
1366.0,1304.0,10719,19148,20266,20716,19524,19280,32767,32767,32767,32767,32767,2104.0,17900.0
1436.0,1302.0,10833,17974,19024,19385,19693,19513,32767,32767,32767,32767,32767,2764.0,17900.0
1455.0,1348.0,11147,18383,21618,20330,21290,19513,32767,32767,32767,32767,32767,2891.0,17900.0
1513.0,1348.0,11304,18383,20321,20803,20225,19513,32767,32767,32767,32767,32767,3081.0,17900.0
1494.0,1348.0,10519,18791,20753,20330,20758,19513,32767,32767,32767,32767,32767,2764.0,17900.0
1685.0,1302.0,11618,19200,21186,20330,21290,19513,32767,32767,32767,32767,32767,3526.0,17900.0
1551.0,1371.0,11775,19608,22483,21276,21290,19513,32767,32767,32767,32767,32767,2954.0,17900.0
1170.0,1126.0,9761,17952,19464,19764,19967,19647,32767,32767,32767,32767,32767,1498.0,17900.0
1273.0,1224.0,11444,18828,21781,20778,21108,19647,32767,32767,32767,32767,32767,2384.0,17900.0
1252.0,1420.0,10939,19704,21318,20778,21108,19647,32767,32767,32767,32767,32767,2009.0,17900.0
1138.0,1160.0,9671,17217,19624,18393,18981,19808,32767,32767,32767,32767,32767,1854.0,17900.0
1138.0,1111.0,9841,17658,19624,19415,20131,19808,32767,32767,32767,32767,32767,1648.0,17900.0
1117.0,1160.0,10010,17658,20091,18904,19556,19808,32767,32767,32767,32767,32767,1716.0,17900.0
1262.0,1358.0,10859,18100,21026,20437,19556,19808,32767,32767,32767,32767,32767,2025.0,17900.0
1221.0,1210.0,10350,18100,20091,18904,18405,19808,32767,32767,32767,32767,32767,2266.0,17900.0
1200.0,1259.0,10180,18100,20091,19415,19556,19808,32767,32767,32767,32767,32767,2025.0,17900.0
1221.0,1333.0,10689,18541,21026,19926,19556,19808,32767,32767,32767,32767,32767,1991.0,17900.0
1035.0,839.0,10350,18541,20091,19415,19556,19808,32767,32767,32767,32767,32767,1991.0,17900.0
1200.0,1210.0,10689,18541,21493,19926,20131,19808,32767,32767,32767,32767,32767,1888.0,17900.0
1242.0,1358.0,10859,18541,21026,19926,20131,19808,32767,32767,32767,32767,32767,2060.0,17900.0
1221.0,1259.0,10689,18541,21493,19926,18981,19808,32767,32767,32767,32767,32767,1991.0,17900.0
1200.0,1358.0,10689,18541,21026,19926,19556,19808,32767,32767,32767,32767,32767,2094.0,17900.0
1138.0,1210.0,10350,18982,21026,19926,21281,19808,32767,32767,32767,32767,32767,1613.0,17900.0
1242.0,1333.0,10859,18982,21960,20948,21281,19808,32767,32767,32767,32767,32767,2163.0,17900.0
1221.0,1309.0,10859,18982,21493,20437,21281,19808,32767,32767,32767,32767,32767,2231.0,17900.0
1242.0,1333.0,11198,18982,21493,20948,20706,19808,32767,32767,32767,32767,32767,2197.0,17900.0
1283.0,1284.0,10350,18982,20558,19926,19556,19808,32767,32767,32767,32767,32767,2128.0,17900.0
1262.0,1309.0,11028,19424,21026,20948,22432,19808,32767,32767,32767,32767,32767,2128.0,17900.0
1200.0,1259.0,11198,19424,21493,20437,20706,19808,32767,32767,32767,32767,32767,1991.0,17900.0
1346.0,1164.0,9759,17066,18504,17825,18439,19883,32767,32767,32767,32767,32767,2104.0,17900.0
1288.0,1187.0,10079,17899,19385,19271,18982,19883,32767,32767,32767,32767,32767,2136.0,17900.0
1366.0,1187.0,10719,18731,21147,20234,20066,19883,32767,32767,32767,32767,32767,2201.0,17900.0
1216.0,1076.0,9484,17148,19477,17910,19072,19978,32767,32767,32767,32767,32767,1886.0,17900.0
1302.0,1097.0,10048,17974,19456,19857,20225,20104,32767,32767,32767,32767,32767,2255.0,17900.0
1723.0,1439.0,9891,18383,19456,20330,19693,20104,32767,32767,32767,32767,32767,3304.0,17900.0
1398.0,1302.0,10990,18791,20321,21276,21822,20104,32767,32767,32767,32767,32767,2954.0,17900.0
1283.0,1074.0,10519,19608,22051,20803,20758,20104,32767,32767,32767,32767,32767,2224.0,17900.0
1245.0,1051.0,11147,20017,21186,22694,21822,20104,32767,32767,32767,32767,32767,2287.0,17900.0
1494.0,1302.0,11461,20425,21618,21276,21822,20104,32767,32767,32767,32767,32767,3367.0,17900.0
1628.0,1371.0,11618,20834,22051,23167,22354,20104,32767,32767,32767,32767,32767,3367.0,17900.0
1088.0,1102.0,9761,17952,20391,18751,20538,20281,32767,32767,32767,32767,32767,1668.0,17900.0
1252.0,1298.0,11107,19266,21781,21284,21108,20281,32767,32767,32767,32767,32767,2077.0,17900.0
1304.0,1432.0,10859,18541,20558,20948,21281,20447,32767,32767,32767,32767,32767,2403.0,17900.0
1159.0,1111.0,10180,18982,21026,19926,20131,20447,32767,32767,32767,32767,32767,1785.0,17900.0
1242.0,1358.0,11368,18982,21960,20948,20706,20447,32767,32767,32767,32767,32767,2197.0,17900.0
1221.0,1259.0,10689,18982,22427,20948,21281,20447,32767,32767,32767,32767,32767,2025.0,17900.0
1221.0,1383.0,11198,19424,22427,21459,21281,20447,32767,32767,32767,32767,32767,1991.0,17900.0
1283.0,1457.0,11028,19424,21960,20437,21281,20447,32767,32767,32767,32767,32767,1991.0,17900.0
1200.0,1210.0,11028,19424,22427,20948,20706,20447,32767,32767,32767,32767,32767,1819.0,17900.0
1262.0,1407.0,11198,19424,21960,21459,21281,20447,32767,32767,32767,32767,32767,1991.0,17900.0
1324.0,1407.0,12046,19865,22894,20948,21856,20447,32767,32767,32767,32767,32767,2334.0,17900.0
1242.0,1309.0,11198,19865,22427,20948,21856,20447,32767,32767,32767,32767,32767,1957.0,17900.0
1304.0,1457.0,11707,19865,22427,21459,21281,20447,32767,32767,32767,32767,32767,2231.0,17900.0
1407.0,1605.0,11368,20307,22427,21970,22432,20447,32767,32767,32767,32767,32767,1957.0,17900.0
1304.0,1358.0,11707,20307,22427,21970,21856,20447,32767,32767,32767,32767,32767,1922.0,17900.0
1324.0,1555.0,11368,21190,23362,21970,23007,20447,32767,32767,32767,32767,32767,1957.0,17900.0
1366.0,1432.0,12555,21631,24296,22992,23582,20447,32767,32767,32767,32767,32767,2472.0,17900.0
1346.0,1094.0,11039,18315,19825,19752,19524,20485,32767,32767,32767,32767,32767,2946.0,17900.0
1327.0,1117.0,9759,18731,20266,20234,20066,20485,32767,32767,32767,32767,32767,1942.0,17900.0
1366.0,1211.0,10239,19148,20266,20234,20609,20485,32767,32767,32767,32767,32767,2104.0,17900.0
1346.0,1164.0,10239,19148,21588,19752,21151,20485,32767,32767,32767,32767,32767,2169.0,17900.0
1327.0,1211.0,10239,19148,21588,20716,20609,20485,32767,32767,32767,32767,32767,2039.0,17900.0
1346.0,1257.0,9919,19564,21588,20234,20066,20485,32767,32767,32767,32767,32767,1845.0,17900.0
1372.0,1216.0,10448,18403,20363,19847,19617,20583,32767,32767,32767,32767,32767,2374.0,17900.0
1302.0,1142.0,9263,18383,19456,19385,19693,20695,32767,32767,32767,32767,32767,1970.0,17900.0
1417.0,1234.0,10990,18791,21186,21749,21290,20695,32767,32767,32767,32767,32767,2700.0,17900.0
1436.0,1302.0,10990,18791,21618,21749,20225,20695,32767,32767,32767,32767,32767,2732.0,17900.0
1398.0,1257.0,10833,19200,20321,22221,21822,20695,32767,32767,32767,32767,32767,2541.0,17900.0
1704.0,1554.0,11932,20425,21186,22221,21822,20695,32767,32767,32767,32767,32767,3399.0,17900.0
1800.0,1691.0,12560,20834,22483,23167,22886,20695,32767,32767,32767,32767,32767,3209.0,17900.0
1314.0,1420.0,11107,19266,21781,21284,22249,20915,32767,32767,32767,32767,32767,1907.0,17900.0
1293.0,1420.0,11444,19704,22708,21284,21679,20915,32767,32767,32767,32767,32767,1975.0,17900.0
1180.0,1234.0,10010,18982,21493,20437,20706,21086,32767,32767,32767,32767,32767,1648.0,17900.0
1200.0,1309.0,10859,18982,21960,20437,20131,21086,32767,32767,32767,32767,32767,1854.0,17900.0
1242.0,1333.0,11028,19424,22427,21459,21856,21086,32767,32767,32767,32767,32767,1819.0,17900.0
1242.0,1383.0,11368,19424,22427,21459,21856,21086,32767,32767,32767,32767,32767,2025.0,17900.0
1242.0,1358.0,10859,19424,21960,21459,21856,21086,32767,32767,32767,32767,32767,1922.0,17900.0
1262.0,1333.0,10350,19424,21960,21459,21281,21086,32767,32767,32767,32767,32767,1854.0,17900.0
1200.0,1136.0,10519,19865,21960,21970,23007,21086,32767,32767,32767,32767,32767,1751.0,17900.0
1366.0,1555.0,11368,19865,23362,21459,23007,21086,32767,32767,32767,32767,32767,2094.0,17900.0
1387.0,1457.0,11368,19865,22427,21459,21856,21086,32767,32767,32767,32767,32767,2025.0,17900.0
1200.0,1383.0,11028,20307,22427,20948,21281,21086,32767,32767,32767,32767,32767,1922.0,17900.0
1324.0,1580.0,11537,20307,22894,21970,21281,21086,32767,32767,32767,32767,32767,2128.0,17900.0
1283.0,1506.0,11198,20307,22427,20948,21281,21086,32767,32767,32767,32767,32767,1922.0,17900.0
1221.0,1234.0,10859,20307,21960,21459,22432,21086,32767,32767,32767,32767,32767,1785.0,17900.0
1345.0,1629.0,11198,20748,22427,22481,22432,21086,32767,32767,32767,32767,32767,2231.0,17900.0
1180.0,1284.0,12216,20748,22894,22481,23582,21086,32767,32767,32767,32767,32767,2094.0,17900.0
1283.0,1210.0,11198,20748,23362,21970,22432,21086,32767,32767,32767,32767,32767,1957.0,17900.0
1346.0,1257.0,10399,18731,19385,20234,20609,21088,32767,32767,32767,32767,32767,2331.0,17900.0
1502.0,1560.0,11359,19148,21588,21679,21693,21088,32767,32767,32767,32767,32767,2266.0,17900.0
1307.0,1141.0,11039,19980,22909,22643,22236,21088,32767,32767,32767,32767,32767,1780.0,17900.0
1307.0,1094.0,9919,20396,22469,20716,21693,21088,32767,32767,32767,32767,32767,2039.0,17900.0
1405.0,1257.0,11679,21645,23350,23125,23320,21088,32767,32767,32767,32767,32767,2234.0,17900.0
1314.0,1240.0,10609,19657,20805,20815,21252,21188,32767,32767,32767,32767,32767,1984.0,17900.0
1398.0,1211.0,10048,18383,21186,21276,21290,21287,32767,32767,32767,32767,32767,2383.0,17900.0
1340.0,1234.0,9420,18791,19889,20330,20225,21287,32767,32767,32767,32767,32767,1811.0,17900.0
1360.0,1234.0,9263,19200,19456,19857,19161,21287,32767,32767,32767,32767,32767,1811.0,17900.0
1226.0,1051.0,10362,19200,20753,20803,20758,21287,32767,32767,32767,32767,32767,2351.0,17900.0
1340.0,1211.0,10833,20017,22051,22694,21822,21287,32767,32767,32767,32767,32767,2160.0,17900.0
1379.0,1257.0,10676,20017,22483,22694,21822,21287,32767,32767,32767,32767,32767,2065.0,17900.0
1915.0,1645.0,13502,20834,22051,23640,23951,21287,32767,32767,32767,32767,32767,3939.0,17900.0
1494.0,1416.0,12560,20834,23780,24585,23419,21287,32767,32767,32767,32767,32767,2732.0,17900.0
1457.0,1567.0,11948,20579,23635,23311,24531,21549,32767,32767,32767,32767,32767,2077.0,17900.0
1334.0,1371.0,12285,20579,23635,23311,23390,21549,32767,32767,32767,32767,32767,2281.0,17900.0
1327.0,1234.0,8959,18315,20266,19752,19524,21690,32767,32767,32767,32767,32767,1716.0,17900.0
1639.0,1583.0,10239,19564,23350,22161,22778,21690,32767,32767,32767,32767,32767,2331.0,17900.0
1366.0,1234.0,10879,20396,21588,21679,21151,21690,32767,32767,32767,32767,32767,1975.0,17900.0
1327.0,1304.0,10399,20396,22469,21679,22236,21690,32767,32767,32767,32767,32767,1716.0,17900.0
1346.0,1257.0,11839,21645,24231,23606,23863,21690,32767,32767,32767,32767,32767,1813.0,17900.0
1242.0,1383.0,11368,19424,22427,21970,21856,21725,32767,32767,32767,32767,32767,1991.0,17900.0
1262.0,1383.0,11028,19865,23829,21970,22432,21725,32767,32767,32767,32767,32767,2266.0,17900.0
1283.0,1333.0,10689,19865,22894,21970,21856,21725,32767,32767,32767,32767,32767,1888.0,17900.0
1221.0,1358.0,10859,20307,21960,20437,21281,21725,32767,32767,32767,32767,32767,2060.0,17900.0
1304.0,1333.0,12216,20307,22894,22992,23007,21725,32767,32767,32767,32767,32767,2231.0,17900.0
1366.0,1383.0,12386,20748,23362,23503,23007,21725,32767,32767,32767,32767,32767,2163.0,17900.0
1262.0,1333.0,11707,20748,24763,22992,23007,21725,32767,32767,32767,32767,32767,1888.0,17900.0
1262.0,1432.0,11877,20748,23362,22481,22432,21725,32767,32767,32767,32767,32767,2025.0,17900.0
1242.0,1457.0,11707,20748,22894,21970,22432,21725,32767,32767,32767,32767,32767,1991.0,17900.0
1345.0,1457.0,11877,21190,23829,23503,23582,21725,32767,32767,32767,32767,32767,1991.0,17900.0
1324.0,1481.0,11368,21190,23362,22992,22432,21725,32767,32767,32767,32767,32767,1819.0,17900.0
1366.0,1506.0,12895,21631,24296,22992,23582,21725,32767,32767,32767,32767,32767,2506.0,17900.0
1262.0,1333.0,11368,21631,23362,22992,23007,21725,32767,32767,32767,32767,32767,1785.0,17900.0
1345.0,1605.0,12216,21631,24296,22992,24157,21725,32767,32767,32767,32767,32767,2163.0,17900.0
1304.0,1531.0,11877,21631,24296,22992,22432,21725,32767,32767,32767,32767,32767,1922.0,17900.0
1333.0,1263.0,9805,19657,21248,20331,20707,21794,32767,32767,32767,32767,32767,1886.0,17900.0
1340.0,1211.0,10205,19200,21618,21749,21290,21878,32767,32767,32767,32767,32767,2033.0,17900.0
1321.0,1119.0,10990,20425,22915,23167,22886,21878,32767,32767,32767,32767,32767,2319.0,17900.0
1340.0,1325.0,9577,20425,21618,23640,23419,21878,32767,32767,32767,32767,32767,1620.0,17900.0
1589.0,1462.0,12717,21242,23348,24585,23419,21878,32767,32767,32767,32767,32767,2827.0,17900.0
1494.0,1394.0,12089,22468,24212,24113,23951,21878,32767,32767,32767,32767,32767,2637.0,17900.0
1589.0,1485.0,12717,22876,25077,26949,26080,21878,32767,32767,32767,32767,32767,2827.0,17900.0
1375.0,1273.0,11780,20579,23635,23311,23961,22182,32767,32767,32767,32767,32767,2179.0,17900.0
1385.0,1373.0,10079,20396,22028,22161,22236,22293,32767,32767,32767,32767,32767,1716.0,17900.0
1405.0,1280.0,10719,20396,22469,22161,22236,22293,32767,32767,32767,32767,32767,1975.0,17900.0
1288.0,1187.0,10079,20396,22469,22161,21693,22293,32767,32767,32767,32767,32767,1586.0,17900.0
1327.0,1141.0,10559,20396,23350,23606,22778,22293,32767,32767,32767,32767,32767,2492.0,17900.0
1366.0,1187.0,11359,20396,23790,23606,23320,22293,32767,32767,32767,32767,32767,2492.0,17900.0
1366.0,1257.0,10879,20813,22469,22643,22236,22293,32767,32767,32767,32767,32767,1910.0,17900.0
1620.0,1536.0,13119,22894,25993,24570,26032,22293,32767,32767,32767,32767,32767,2395.0,17900.0
1242.0,1407.0,11877,20307,23829,22992,23582,22364,32767,32767,32767,32767,32767,1854.0,17900.0
1304.0,1432.0,12046,20307,23829,24014,23007,22364,32767,32767,32767,32767,32767,2060.0,17900.0
1262.0,1407.0,11198,20307,22427,21459,21281,22364,32767,32767,32767,32767,32767,1922.0,17900.0
1345.0,1580.0,11877,20748,23362,23503,22432,22364,32767,32767,32767,32767,32767,2025.0,17900.0
1283.0,1432.0,11707,21190,23829,22481,23582,22364,32767,32767,32767,32767,32767,1888.0,17900.0
1324.0,1506.0,11877,21190,23829,23503,22432,22364,32767,32767,32767,32767,32767,1922.0,17900.0
1366.0,1531.0,11707,21190,24296,23503,23582,22364,32767,32767,32767,32767,32767,1957.0,17900.0
1262.0,1407.0,11028,21190,22894,22481,22432,22364,32767,32767,32767,32767,32767,1716.0,17900.0
1283.0,1506.0,12046,21631,23362,22481,23007,22364,32767,32767,32767,32767,32767,1957.0,17900.0
1283.0,1506.0,12046,21631,24296,22481,23007,22364,32767,32767,32767,32767,32767,2094.0,17900.0
1262.0,1432.0,11537,21631,24763,24014,24157,22364,32767,32767,32767,32767,32767,1785.0,17900.0
1345.0,1481.0,11877,21631,24763,23503,23582,22364,32767,32767,32767,32767,32767,1751.0,17900.0
1573.0,1605.0,12216,21631,25698,24525,24157,22364,32767,32767,32767,32767,32767,2163.0,17900.0
1324.0,1333.0,12386,21631,24296,23503,23007,22364,32767,32767,32767,32767,32767,2197.0,17900.0
1304.0,1555.0,11877,22073,23829,22481,23007,22364,32767,32767,32767,32767,32767,2025.0,17900.0
1366.0,1555.0,12216,22514,25698,24525,23007,22364,32767,32767,32767,32767,32767,2060.0,17900.0
1366.0,1679.0,12555,22514,25231,24525,24732,22364,32767,32767,32767,32767,32767,2197.0,17900.0
1372.0,1286.0,10609,20075,20805,22267,21797,22399,32767,32767,32767,32767,32767,2179.0,17900.0
1353.0,1240.0,9645,20494,20805,20815,21252,22399,32767,32767,32767,32767,32767,1789.0,17900.0
1431.0,1333.0,10770,21330,23904,23235,23432,22399,32767,32767,32767,32767,32767,1919.0,17900.0
1294.0,1146.0,11413,21748,23904,22751,22342,22399,32767,32767,32767,32767,32767,1854.0,17900.0
1510.0,1403.0,11895,22167,24789,24203,25611,22399,32767,32767,32767,32767,32767,2602.0,17900.0
1412.0,1427.0,12056,22167,23904,23719,23432,22399,32767,32767,32767,32767,32767,2147.0,17900.0
1398.0,1257.0,10519,20017,22051,22694,22354,22469,32767,32767,32767,32767,32767,2097.0,17900.0
1302.0,1234.0,9577,20425,22051,23167,22886,22469,32767,32767,32767,32767,32767,1430.0,17900.0
1340.0,1188.0,10833,21242,23348,22221,22886,22469,32767,32767,32767,32767,32767,2319.0,17900.0
1781.0,1691.0,12403,21651,23348,25531,25548,22469,32767,32767,32767,32767,32767,3240.0,17900.0
1360.0,1257.0,10676,22468,24212,25058,23951,22469,32767,32767,32767,32767,32767,1747.0,17900.0
1379.0,1165.0,11461,22468,24645,25531,24483,22469,32767,32767,32767,32767,32767,2351.0,17900.0
2126.0,1988.0,12089,22468,24645,23640,23951,22469,32767,32767,32767,32767,32767,3336.0,17900.0
1334.0,1518.0,12790,21455,24562,24325,23961,22816,32767,32767,32767,32767,32767,2179.0,17900.0
1327.0,1257.0,9439,19980,21588,22643,21693,22895,32767,32767,32767,32767,32767,1554.0,17900.0
1268.0,1234.0,9919,20813,22469,22161,21151,22895,32767,32767,32767,32767,32767,1554.0,17900.0
1366.0,1327.0,10879,21229,23790,23125,22778,22895,32767,32767,32767,32767,32767,1748.0,17900.0
1385.0,1350.0,11999,22061,25112,24088,23863,22895,32767,32767,32767,32767,32767,1780.0,17900.0
1444.0,1373.0,11679,22478,24231,24088,24405,22895,32767,32767,32767,32767,32767,2007.0,17900.0
1283.0,1383.0,11028,20748,23362,22992,22432,23003,32767,32767,32767,32767,32767,1682.0,17900.0
1345.0,1555.0,12216,21190,23362,22992,23007,23003,32767,32767,32767,32767,32767,2128.0,17900.0
1283.0,1457.0,11877,21190,24763,23503,24157,23003,32767,32767,32767,32767,32767,1957.0,17900.0
1283.0,1555.0,12216,21190,25231,23503,24157,23003,32767,32767,32767,32767,32767,2025.0,17900.0
1345.0,1605.0,11707,21190,24296,23503,23007,23003,32767,32767,32767,32767,32767,1922.0,17900.0
1531.0,1580.0,11877,21631,24296,24014,24157,23003,32767,32767,32767,32767,32767,2643.0,17900.0
1283.0,1531.0,11877,21631,24763,22992,23582,23003,32767,32767,32767,32767,32767,1854.0,17900.0
1304.0,1555.0,12216,21631,25698,24014,24157,23003,32767,32767,32767,32767,32767,2025.0,17900.0
1324.0,1481.0,11707,21631,24763,24525,23582,23003,32767,32767,32767,32767,32767,1888.0,17900.0
1345.0,1555.0,12046,21631,23829,22992,22432,23003,32767,32767,32767,32767,32767,1991.0,17900.0
1490.0,1753.0,12216,21631,25231,23503,24157,23003,32767,32767,32767,32767,32767,2128.0,17900.0
1366.0,1704.0,12555,21631,24763,23503,24157,23003,32767,32767,32767,32767,32767,2163.0,17900.0
1262.0,1432.0,12046,21631,24763,23503,23582,23003,32767,32767,32767,32767,32767,1888.0,17900.0
1345.0,1555.0,11877,21631,24296,23503,23582,23003,32767,32767,32767,32767,32767,1922.0,17900.0
1262.0,1457.0,12046,21631,24296,22992,23582,23003,32767,32767,32767,32767,32767,1957.0,17900.0
1345.0,1605.0,12046,21631,24296,22992,23582,23003,32767,32767,32767,32767,32767,2128.0,17900.0
1262.0,1383.0,11368,21631,24763,24014,24732,23003,32767,32767,32767,32767,32767,1613.0,17900.0
1345.0,1629.0,12216,22073,24763,23503,24157,23003,32767,32767,32767,32767,32767,2025.0,17900.0
1345.0,1506.0,12046,22073,25231,24014,24732,23003,32767,32767,32767,32767,32767,1888.0,17900.0
1324.0,1580.0,12725,22073,25231,24525,24157,23003,32767,32767,32767,32767,32767,2025.0,17900.0
1324.0,1531.0,12216,22073,24296,23503,23582,23003,32767,32767,32767,32767,32767,2060.0,17900.0
1304.0,1555.0,12386,22073,24763,23503,24157,23003,32767,32767,32767,32767,32767,2128.0,17900.0
1366.0,1605.0,12046,22073,24296,23503,23007,23003,32767,32767,32767,32767,32767,2025.0,17900.0
1304.0,1506.0,12216,22073,24763,24525,24157,23003,32767,32767,32767,32767,32767,1957.0,17900.0
1283.0,1457.0,11707,22073,24763,24525,24157,23003,32767,32767,32767,32767,32767,1785.0,17900.0
1387.0,1629.0,12216,22514,24763,24525,25308,23003,32767,32767,32767,32767,32767,2025.0,17900.0
1324.0,1555.0,12386,22514,25231,24014,24732,23003,32767,32767,32767,32767,32767,2025.0,17900.0
1324.0,1506.0,12216,22514,25698,24525,24157,23003,32767,32767,32767,32767,32767,1922.0,17900.0
1304.0,1457.0,12216,22514,25231,24014,23582,23003,32767,32767,32767,32767,32767,2094.0,17900.0
1324.0,1506.0,12046,22956,25698,24014,24732,23003,32767,32767,32767,32767,32767,1819.0,17900.0
1345.0,1654.0,12216,22956,24763,25036,24732,23003,32767,32767,32767,32767,32767,1991.0,17900.0
1552.0,1778.0,13743,26046,29436,18904,23007,23003,32767,32767,32767,32767,32767,2128.0,17900.0
1333.0,1310.0,10448,21330,23461,22267,22887,23004,32767,32767,32767,32767,32767,1529.0,17900.0
1627.0,1497.0,11734,21748,22576,23235,23432,23004,32767,32767,32767,32767,32767,3122.0,17900.0
1436.0,1371.0,10833,20834,23348,23167,23419,23060,32767,32767,32767,32767,32767,2033.0,17900.0
1417.0,1371.0,9891,21242,22915,22694,23951,23060,32767,32767,32767,32767,32767,2065.0,17900.0
1666.0,1622.0,12403,21651,23348,25531,25548,23060,32767,32767,32767,32767,32767,2732.0,17900.0
1283.0,1165.0,10048,21651,22915,23640,22886,23060,32767,32767,32767,32767,32767,1398.0,17900.0
1475.0,1371.0,12089,22059,24645,25058,25548,23060,32767,32767,32767,32767,32767,2541.0,17900.0
1417.0,1257.0,12089,22876,24645,26004,25548,23060,32767,32767,32767,32767,32767,2319.0,17900.0
1475.0,1394.0,11775,23285,25942,25531,25548,23060,32767,32767,32767,32767,32767,2097.0,17900.0
1436.0,1257.0,11304,23285,25077,26004,23951,23060,32767,32767,32767,32767,32767,2319.0,17900.0
1437.0,1543.0,12453,21455,24562,24325,24531,23450,32767,32767,32767,32767,32767,2009.0,17900.0
1327.0,1280.0,10879,21229,23350,24570,23863,23498,32767,32767,32767,32767,32767,1910.0,17900.0
1385.0,1350.0,11359,21645,23790,23606,23863,23498,32767,32767,32767,32767,32767,1910.0,17900.0
1502.0,1373.0,12959,22061,26874,26497,26032,23498,32767,32767,32767,32767,32767,2687.0,17900.0
1463.0,1350.0,11359,22061,24671,24570,23863,23498,32767,32767,32767,32767,32767,1975.0,17900.0
1424.0,1350.0,11839,22061,23790,23606,23320,23498,32767,32767,32767,32767,32767,2201.0,17900.0
1424.0,1373.0,11679,22061,24671,24570,24947,23498,32767,32767,32767,32767,32767,1942.0,17900.0
1678.0,1746.0,12159,22478,25993,25052,24947,23498,32767,32767,32767,32767,32767,2298.0,17900.0
1346.0,1280.0,11199,22478,24231,24570,23863,23498,32767,32767,32767,32767,32767,1651.0,17900.0
1405.0,1350.0,11039,22478,25553,25052,24405,23498,32767,32767,32767,32767,32767,1780.0,17900.0
1561.0,1513.0,12639,22894,25553,25533,24947,23498,32767,32767,32767,32767,32767,2201.0,17900.0
1314.0,1310.0,9805,20075,22133,22267,22887,23610,32767,32767,32767,32767,32767,1464.0,17900.0
1314.0,1240.0,9805,20912,23461,23235,23432,23610,32767,32767,32767,32767,32767,1333.0,17900.0
1392.0,1380.0,10770,22167,23904,23719,23977,23610,32767,32767,32767,32767,32767,1659.0,17900.0
1431.0,1474.0,11574,22585,25675,23719,23977,23610,32767,32767,32767,32767,32767,1951.0,17900.0
1314.0,1263.0,11413,23421,25675,25171,25611,23610,32767,32767,32767,32767,32767,1464.0,17900.0
1451.0,1450.0,11895,24676,27003,26139,25611,23610,32767,32767,32767,32767,32767,1626.0,17900.0
1283.0,1531.0,11877,20748,23829,22992,23007,23642,32767,32767,32767,32767,32767,2025.0,17900.0
1304.0,1457.0,12046,21631,24763,23503,24157,23642,32767,32767,32767,32767,32767,2060.0,17900.0
1304.0,1531.0,12386,22073,25231,24014,23582,23642,32767,32767,32767,32767,32767,2025.0,17900.0
1283.0,1555.0,12386,22073,24763,24014,23007,23642,32767,32767,32767,32767,32767,2025.0,17900.0
1324.0,1531.0,11877,22073,24296,23503,24732,23642,32767,32767,32767,32767,32767,1922.0,17900.0
1304.0,1531.0,12216,22073,24763,23503,23582,23642,32767,32767,32767,32767,32767,1957.0,17900.0
1345.0,1629.0,12216,22514,24763,23503,24157,23642,32767,32767,32767,32767,32767,2128.0,17900.0
1345.0,1506.0,12386,22514,25698,25036,25308,23642,32767,32767,32767,32767,32767,1888.0,17900.0
1345.0,1654.0,12555,22514,25231,24525,24157,23642,32767,32767,32767,32767,32767,2128.0,17900.0
1283.0,1481.0,12046,22514,25231,25036,24732,23642,32767,32767,32767,32767,32767,1991.0,17900.0
1304.0,1506.0,12216,22514,25231,24014,24157,23642,32767,32767,32767,32767,32767,1922.0,17900.0
1366.0,1531.0,12216,22956,26632,24525,25308,23642,32767,32767,32767,32767,32767,1991.0,17900.0
1283.0,1481.0,13234,22956,26632,24525,24157,23642,32767,32767,32767,32767,32767,1888.0,17900.0
1449.0,1580.0,12386,22956,25698,25036,25308,23642,32767,32767,32767,32767,32767,1854.0,17900.0
1345.0,1531.0,12046,22956,24296,24014,24732,23642,32767,32767,32767,32767,32767,2060.0,17900.0
1387.0,1605.0,12555,22956,25698,24525,25308,23642,32767,32767,32767,32767,32767,2025.0,17900.0
1366.0,1605.0,12725,22956,25698,24525,25308,23642,32767,32767,32767,32767,32767,2094.0,17900.0
1345.0,1506.0,11877,23397,25231,24014,24732,23642,32767,32767,32767,32767,32767,2025.0,17900.0
1366.0,1728.0,13064,23838,26632,25036,25883,23642,32767,32767,32767,32767,32767,2231.0,17900.0
1436.0,1325.0,10990,21651,23780,24113,23951,23652,32767,32767,32767,32767,32767,2160.0,17900.0
1494.0,1416.0,11304,22059,24212,24585,25015,23652,32767,32767,32767,32767,32767,2160.0,17900.0
1494.0,1371.0,10676,22059,24645,25531,23951,23652,32767,32767,32767,32767,32767,1779.0,17900.0
1417.0,1325.0,10990,22059,24212,24585,24483,23652,32767,32767,32767,32767,32767,1811.0,17900.0
1436.0,1371.0,10833,22468,23780,24585,25548,23652,32767,32767,32767,32767,32767,1938.0,17900.0
1444.0,1373.0,11839,22061,25112,24088,24405,24100,32767,32767,32767,32767,32767,1942.0,17900.0
1307.0,1257.0,10719,22061,24231,24570,24947,24100,32767,32767,32767,32767,32767,1489.0,17900.0
1405.0,1373.0,11519,22478,25112,24570,23320,24100,32767,32767,32767,32767,32767,1910.0,17900.0
1405.0,1490.0,12159,22478,26434,25533,26032,24100,32767,32767,32767,32767,32767,1683.0,17900.0
1385.0,1327.0,10719,22478,24671,24570,24405,24100,32767,32767,32767,32767,32767,1716.0,17900.0
1502.0,1490.0,11999,22478,25553,24088,24405,24100,32767,32767,32767,32767,32767,2104.0,17900.0
1366.0,1350.0,11039,22478,25553,25052,24947,24100,32767,32767,32767,32767,32767,1489.0,17900.0
1502.0,1467.0,11519,22894,25112,25533,24947,24100,32767,32767,32767,32767,32767,2007.0,17900.0
1483.0,1490.0,11519,22894,25553,25052,24947,24100,32767,32767,32767,32767,32767,1942.0,17900.0
1483.0,1443.0,11519,22894,24671,25533,24405,24100,32767,32767,32767,32767,32767,2234.0,17900.0
1366.0,1420.0,11199,22894,24671,25052,24405,24100,32767,32767,32767,32767,32767,1683.0,17900.0
1405.0,1397.0,11359,22894,25993,25052,24947,24100,32767,32767,32767,32767,32767,1780.0,17900.0
1549.0,1544.0,11734,21748,23904,24687,25611,24215,32767,32767,32767,32767,32767,2342.0,17900.0
1372.0,1357.0,11413,22167,24347,23719,23977,24215,32767,32767,32767,32767,32767,1529.0,17900.0
1451.0,1474.0,10770,22167,24789,24203,24522,24215,32767,32767,32767,32767,32767,1659.0,17900.0
1392.0,1310.0,11252,22585,24789,24687,23977,24215,32767,32767,32767,32767,32767,1821.0,17900.0
1451.0,1520.0,11413,22585,24789,23719,23977,24215,32767,32767,32767,32767,32767,1691.0,17900.0
1412.0,1427.0,11252,23421,25675,24687,24522,24215,32767,32767,32767,32767,32767,1626.0,17900.0
1412.0,1450.0,12217,23840,26117,25655,26156,24215,32767,32767,32767,32767,32767,1659.0,17900.0
1470.0,1497.0,11734,24676,27445,25171,26156,24215,32767,32767,32767,32767,32767,1626.0,17900.0
1379.0,1302.0,10833,21242,23780,23640,24483,24243,32767,32767,32767,32767,32767,1874.0,17900.0
1455.0,1416.0,10362,21651,23780,23167,25015,24243,32767,32767,32767,32767,32767,1779.0,17900.0
1551.0,1462.0,11147,22468,24212,25531,25548,24243,32767,32767,32767,32767,32767,2097.0,17900.0
1551.0,1508.0,11775,22468,24645,26004,25548,24243,32767,32767,32767,32767,32767,2255.0,17900.0
1379.0,1348.0,12717,22876,25509,26949,26612,24243,32767,32767,32767,32767,32767,2192.0,17900.0
1398.0,1302.0,10990,22876,25509,26004,25548,24243,32767,32767,32767,32767,32767,1715.0,17900.0
1628.0,1691.0,12089,23285,26374,26004,25548,24243,32767,32767,32767,32767,32767,2351.0,17900.0
1417.0,1348.0,11932,23693,26806,26949,26080,24243,32767,32767,32767,32767,32767,1843.0,17900.0
1475.0,1462.0,12246,24102,26374,26949,25548,24243,32767,32767,32767,32767,32767,2128.0,17900.0
1436.0,1371.0,12403,24102,26374,26477,26080,24243,32767,32767,32767,32767,32767,2128.0,17900.0
1417.0,1211.0,11932,24510,27239,26477,26080,24243,32767,32767,32767,32767,32767,2224.0,17900.0
1513.0,1394.0,12874,24510,27239,27895,27144,24243,32767,32767,32767,32767,32767,2383.0,17900.0
1532.0,1485.0,12246,24510,26806,26004,26080,24243,32767,32767,32767,32767,32767,2097.0,17900.0
1455.0,1325.0,13816,24510,27239,28368,28209,24243,32767,32767,32767,32767,32767,2891.0,17900.0
1475.0,1416.0,12403,24919,27239,26949,27144,24243,32767,32767,32767,32767,32767,2033.0,17900.0
1436.0,1325.0,12874,25327,28104,27895,27677,24243,32767,32767,32767,32767,32767,2224.0,17900.0
1345.0,1481.0,12216,22514,25698,25546,26458,24281,32767,32767,32767,32767,32767,2025.0,17900.0
1366.0,1605.0,12725,22956,26165,25036,24732,24281,32767,32767,32767,32767,32767,2025.0,17900.0
1324.0,1506.0,12555,22956,26165,25546,25308,24281,32767,32767,32767,32767,32767,1888.0,17900.0
1387.0,1580.0,12555,23397,26165,25036,25308,24281,32767,32767,32767,32767,32767,1957.0,17900.0
1387.0,1580.0,12725,23397,26165,25036,25883,24281,32767,32767,32767,32767,32767,2094.0,17900.0
1387.0,1679.0,12725,23397,26632,25546,27033,24281,32767,32767,32767,32767,32767,2060.0,17900.0
1366.0,1629.0,12725,23838,26632,26057,26458,24281,32767,32767,32767,32767,32767,2060.0,17900.0
1449.0,1728.0,13234,23838,27567,25546,26458,24281,32767,32767,32767,32767,32767,2128.0,17900.0
1366.0,1605.0,12895,23838,27100,25546,25883,24281,32767,32767,32767,32767,32767,2060.0,17900.0
1449.0,1753.0,12725,23838,26165,25546,25883,24281,32767,32767,32767,32767,32767,2128.0,17900.0
1324.0,1531.0,13404,23838,27100,25546,25308,24281,32767,32767,32767,32767,32767,2025.0,17900.0
1469.0,1704.0,12725,23838,27567,26057,25883,24281,32767,32767,32767,32767,32767,1991.0,17900.0
1490.0,1605.0,13234,24280,26632,26568,27033,24281,32767,32767,32767,32767,32767,2300.0,17900.0
1759.0,2296.0,14761,24721,28968,26568,26458,24281,32767,32767,32767,32767,32767,2643.0,17900.0
1385.0,1304.0,11519,22061,25553,25533,24405,24703,32767,32767,32767,32767,32767,1813.0,17900.0
1444.0,1420.0,11999,22894,25553,25533,26032,24703,32767,32767,32767,32767,32767,1942.0,17900.0
1483.0,1443.0,11519,22894,25112,25533,24947,24703,32767,32767,32767,32767,32767,1716.0,17900.0
1405.0,1373.0,11679,22894,25112,24570,25490,24703,32767,32767,32767,32767,32767,1716.0,17900.0
1424.0,1420.0,11839,23310,25993,26497,26032,24703,32767,32767,32767,32767,32767,1748.0,17900.0
1444.0,1397.0,11839,23726,26434,27460,25490,24703,32767,32767,32767,32767,32767,1716.0,17900.0
1405.0,1443.0,12479,24143,25993,26979,26574,24703,32767,32767,32767,32767,32767,1877.0,17900.0
1522.0,1443.0,13598,24975,28196,27942,28201,24703,32767,32767,32767,32767,32767,2331.0,17900.0
1483.0,1490.0,13279,24975,27755,27460,27659,24703,32767,32767,32767,32767,32767,2136.0,17900.0
1405.0,1373.0,12639,25391,28636,27942,26574,24703,32767,32767,32767,32767,32767,1780.0,17900.0
1273.0,1322.0,13295,22331,24562,24832,26243,24718,32767,32767,32767,32767,32767,2077.0,17900.0
1375.0,1494.0,13295,22331,27342,25339,26243,24718,32767,32767,32767,32767,32767,2349.0,17900.0
1431.0,1357.0,12377,23003,25232,26139,26701,24821,32767,32767,32767,32767,32767,2634.0,17900.0
1412.0,1403.0,11734,23003,26117,25171,24522,24821,32767,32767,32767,32767,32767,1659.0,17900.0
1392.0,1357.0,11252,23003,25675,25171,25067,24821,32767,32767,32767,32767,32767,1496.0,17900.0
1412.0,1427.0,12056,23840,26560,26623,26156,24821,32767,32767,32767,32767,32767,1691.0,17900.0
1490.0,1614.0,12377,23840,26560,25655,26156,24821,32767,32767,32767,32767,32767,2049.0,17900.0
1451.0,1450.0,12056,24258,26560,26623,25611,24821,32767,32767,32767,32767,32767,1724.0,17900.0
1372.0,1333.0,11091,24258,26560,26139,26701,24821,32767,32767,32767,32767,32767,1529.0,17900.0
1470.0,1497.0,12056,24258,26560,25655,26156,24821,32767,32767,32767,32767,32767,1724.0,17900.0
1431.0,1403.0,11895,24258,26560,25655,26156,24821,32767,32767,32767,32767,32767,1626.0,17900.0
1451.0,1240.0,12538,24258,27003,27107,27246,24821,32767,32767,32767,32767,32767,2862.0,17900.0
1490.0,1591.0,12056,24676,26560,26623,26156,24821,32767,32767,32767,32767,32767,1821.0,17900.0
1510.0,1497.0,11574,24676,26117,26139,26701,24821,32767,32767,32767,32767,32767,1789.0,17900.0
1451.0,1567.0,12699,25094,28330,27107,27791,24821,32767,32767,32767,32767,32767,1854.0,17900.0
1666.0,1668.0,10519,22876,24212,25531,24483,24834,32767,32767,32767,32767,32767,1779.0,17900.0
1398.0,1257.0,11618,22876,25942,25531,24483,24834,32767,32767,32767,32767,32767,2001.0,17900.0
1398.0,1348.0,11147,23285,25509,25531,26612,24834,32767,32767,32767,32767,32767,1557.0,17900.0
1551.0,1576.0,10990,23285,23780,25058,25015,24834,32767,32767,32767,32767,32767,1843.0,17900.0
1513.0,1439.0,12403,23693,26374,26949,25548,24834,32767,32767,32767,32767,32767,2097.0,17900.0
1513.0,1416.0,12246,23693,26806,26004,25548,24834,32767,32767,32767,32767,32767,2065.0,17900.0
1896.0,1531.0,12089,23693,26374,26949,27677,24834,32767,32767,32767,32767,32767,2287.0,17900.0
1455.0,1394.0,12089,24102,27239,26477,27144,24834,32767,32767,32767,32767,32767,2097.0,17900.0
1475.0,1348.0,12874,24510,27671,26477,26080,24834,32767,32767,32767,32767,32767,2160.0,17900.0
1455.0,1371.0,12560,24919,27239,27422,27677,24834,32767,32767,32767,32767,32767,2287.0,17900.0
1819.0,1805.0,14287,25327,27671,29313,28209,24834,32767,32767,32767,32767,32767,3209.0,17900.0
1345.0,1605.0,12555,22956,26165,25546,25883,24920,32767,32767,32767,32767,32767,1922.0,17900.0
1366.0,1555.0,12895,22956,25698,25546,26458,24920,32767,32767,32767,32767,32767,1957.0,17900.0
1366.0,1531.0,12725,22956,26632,25036,26458,24920,32767,32767,32767,32767,32767,1957.0,17900.0
1345.0,1605.0,12895,23397,26632,26057,26458,24920,32767,32767,32767,32767,32767,2060.0,17900.0
1387.0,1605.0,12725,23397,25698,25546,25308,24920,32767,32767,32767,32767,32767,1991.0,17900.0
1345.0,1580.0,12725,23397,25698,24525,24732,24920,32767,32767,32767,32767,32767,2025.0,17900.0
1490.0,1802.0,12895,23397,27100,25546,26458,24920,32767,32767,32767,32767,32767,2197.0,17900.0
1304.0,1555.0,12725,23397,26632,25546,25883,24920,32767,32767,32767,32767,32767,1957.0,17900.0
1324.0,1481.0,12555,23838,26165,25036,25883,24920,32767,32767,32767,32767,32767,1716.0,17900.0
1387.0,1753.0,13573,23838,27100,26568,26458,24920,32767,32767,32767,32767,32767,2300.0,17900.0
1449.0,1728.0,13064,24280,26632,26057,27033,24920,32767,32767,32767,32767,32767,2231.0,17900.0
1449.0,1728.0,13573,24280,27567,27079,27608,24920,32767,32767,32767,32767,32767,2300.0,17900.0
1883.0,2370.0,14252,24721,28034,27590,26458,24920,32767,32767,32767,32767,32767,2884.0,17900.0
1614.0,1852.0,13913,24721,27567,28101,27608,24920,32767,32767,32767,32767,32767,2506.0,17900.0
1385.0,1420.0,10879,22478,25553,25533,26032,25305,32767,32767,32767,32767,32767,1521.0,17900.0
1444.0,1490.0,11519,23310,25993,26015,25490,25305,32767,32767,32767,32767,32767,1748.0,17900.0
1385.0,1420.0,11839,23310,25553,26015,25490,25305,32767,32767,32767,32767,32767,1716.0,17900.0
1678.0,1699.0,11999,23310,25993,26497,25490,25305,32767,32767,32767,32767,32767,2234.0,17900.0
1366.0,1420.0,11359,23310,25993,25533,25490,25305,32767,32767,32767,32767,32767,1780.0,17900.0
1385.0,1373.0,11199,23310,25112,25052,24947,25305,32767,32767,32767,32767,32767,1554.0,17900.0
1424.0,1443.0,12159,23310,25993,26015,25490,25305,32767,32767,32767,32767,32767,1877.0,17900.0
1424.0,1397.0,11679,23310,26434,26015,26032,25305,32767,32767,32767,32767,32767,1651.0,17900.0
1424.0,1373.0,11199,23310,24231,24088,23320,25305,32767,32767,32767,32767,32767,1586.0,17900.0
1366.0,1373.0,12159,23726,26874,26497,27117,25305,32767,32767,32767,32767,32767,1716.0,17900.0
1620.0,1513.0,11839,23726,25993,25052,27117,25305,32767,32767,32767,32767,32767,2007.0,17900.0
1483.0,1467.0,12479,23726,25993,26497,26574,25305,32767,32767,32767,32767,32767,1910.0,17900.0
1542.0,1630.0,12319,23726,26434,27460,27117,25305,32767,32767,32767,32767,32767,1975.0,17900.0
1600.0,1676.0,13119,24143,25993,27460,27659,25305,32767,32767,32767,32767,32767,2460.0,17900.0
1424.0,1397.0,11839,24143,26874,26497,26574,25305,32767,32767,32767,32767,32767,1716.0,17900.0
1463.0,1443.0,11839,24143,26874,26497,26032,25305,32767,32767,32767,32767,32767,1748.0,17900.0
1444.0,1397.0,12639,24559,26874,27942,28201,25305,32767,32767,32767,32767,32767,1942.0,17900.0
1385.0,1397.0,12319,24559,26874,27460,26574,25305,32767,32767,32767,32767,32767,1910.0,17900.0
1522.0,1560.0,13279,24975,28196,28424,28201,25305,32767,32767,32767,32767,32767,2072.0,17900.0
1542.0,1536.0,13758,25808,28196,28424,27659,25305,32767,32767,32767,32767,32767,2169.0,17900.0
1463.0,1467.0,13438,25808,29518,28906,28744,25305,32767,32767,32767,32767,32767,1877.0,17900.0
1858.0,1736.0,11775,23285,26374,26477,27144,25426,32767,32767,32767,32767,32767,2383.0,17900.0
1417.0,1371.0,11147,23285,25942,25531,26612,25426,32767,32767,32767,32767,32767,1652.0,17900.0
1490.0,1591.0,11252,23421,26117,25655,26156,25426,32767,32767,32767,32767,32767,1691.0,17900.0
1549.0,1637.0,12217,23421,26117,25655,26156,25426,32767,32767,32767,32767,32767,1919.0,17900.0
1417.0,1416.0,11618,23693,26374,26477,26612,25426,32767,32767,32767,32767,32767,1366.0,17900.0
1475.0,1554.0,11304,23693,25942,27422,27677,25426,32767,32767,32767,32767,32767,1652.0,17900.0
1455.0,1416.0,11775,24102,26806,26949,26612,25426,32767,32767,32767,32767,32767,1906.0,17900.0
1455.0,1462.0,11461,24102,27239,26949,28209,25426,32767,32767,32767,32767,32767,1525.0,17900.0
1838.0,1919.0,13031,24510,27239,28841,29273,25426,32767,32767,32767,32767,32767,2891.0,17900.0
1532.0,1439.0,12874,24510,27671,27895,28209,25426,32767,32767,32767,32767,32767,2383.0,17900.0
1570.0,1462.0,12403,24510,27239,27422,26612,25426,32767,32767,32767,32767,32767,2160.0,17900.0
1264.0,1097.0,12403,24510,27239,27422,27677,25426,32767,32767,32767,32767,32767,1938.0,17900.0
1451.0,1474.0,12377,24676,27445,26139,26701,25426,32767,32767,32767,32767,32767,1756.0,17900.0
1513.0,1439.0,12717,25327,27239,27422,27144,25426,32767,32767,32767,32767,32767,2097.0,17900.0
1549.0,1708.0,12860,25513,28330,27592,27791,25426,32767,32767,32767,32767,32767,1886.0,17900.0
1428.0,1827.0,13234,24280,27100,26568,27608,25559,32767,32767,32767,32767,32767,2197.0,17900.0
1593.0,1950.0,13913,24721,28501,28101,27608,25559,32767,32767,32767,32767,32767,2472.0,17900.0
1531.0,1827.0,13743,25163,28968,27079,27608,25559,32767,32767,32767,32767,32767,2197.0,17900.0
1531.0,1876.0,13573,25604,28501,27590,29334,25559,32767,32767,32767,32767,32767,2094.0,17900.0
1656.0,1852.0,13064,25604,27100,27590,28183,25559,32767,32767,32767,32767,32767,2128.0,17900.0
1593.0,1802.0,13913,26046,29436,28612,28183,25559,32767,32767,32767,32767,32767,2197.0,17900.0
1327.0,1304.0,11199,22894,25112,24570,24947,25908,32767,32767,32767,32767,32767,1521.0,17900.0
1405.0,1513.0,11839,23310,25993,25052,26032,25908,32767,32767,32767,32767,32767,1780.0,17900.0
1366.0,1397.0,11679,24143,27315,26979,26032,25908,32767,32767,32767,32767,32767,1618.0,17900.0
1502.0,1676.0,13279,25391,28196,27942,27659,25908,32767,32767,32767,32767,32767,1975.0,17900.0
1483.0,1443.0,12799,25808,28636,28906,28201,25908,32767,32767,32767,32767,32767,1748.0,17900.0
1581.0,1653.0,13918,25808,29518,28906,29828,25908,32767,32767,32767,32767,32767,2039.0,17900.0
1375.0,1445.0,12622,23207,27342,25339,27954,25985,32767,32767,32767,32767,32767,2145.0,17900.0
1494.0,1462.0,12246,23285,25942,27422,27677,26017,32767,32767,32767,32767,32767,2001.0,17900.0
1494.0,1439.0,12089,23693,26374,26477,27144,26017,32767,32767,32767,32767,32767,1843.0,17900.0
1589.0,1599.0,11147,24510,25942,27422,26612,26017,32767,32767,32767,32767,32767,2637.0,17900.0
1551.0,1599.0,11775,24510,27239,27422,28741,26017,32767,32767,32767,32767,32767,1715.0,17900.0
1455.0,1348.0,12874,24510,27239,27895,28741,26017,32767,32767,32767,32767,32767,2224.0,17900.0
1379.0,1302.0,12403,24510,26806,26949,26612,26017,32767,32767,32767,32767,32767,1747.0,17900.0
1819.0,1805.0,12246,24510,27239,28841,28741,26017,32767,32767,32767,32767,32767,2383.0,17900.0
1704.0,1691.0,13031,24919,27671,27422,28209,26017,32767,32767,32767,32767,32767,2446.0,17900.0
1455.0,1416.0,12560,24919,28536,28368,28209,26017,32767,32767,32767,32767,32767,2001.0,17900.0
1494.0,1531.0,12403,25327,27239,26949,27677,26017,32767,32767,32767,32767,32767,1557.0,17900.0
1475.0,1485.0,11461,25327,27239,26477,27144,26017,32767,32767,32767,32767,32767,1620.0,17900.0
1494.0,1508.0,12089,25327,27239,28368,28209,26017,32767,32767,32767,32767,32767,1588.0,17900.0
1398.0,1371.0,13031,25327,28536,28368,28741,26017,32767,32767,32767,32767,32767,2128.0,17900.0
1417.0,1394.0,11932,25736,27671,28841,27677,26017,32767,32767,32767,32767,32767,1461.0,17900.0
1513.0,1485.0,12874,26144,28968,29313,28209,26017,32767,32767,32767,32767,32767,2097.0,17900.0
1589.0,1485.0,12874,26144,28536,29313,28741,26017,32767,32767,32767,32767,32767,2478.0,17900.0
1494.0,1462.0,13345,26553,29401,30732,28741,26017,32767,32767,32767,32767,32767,2001.0,17900.0
1417.0,1394.0,11775,26553,28536,28368,28209,26017,32767,32767,32767,32767,32767,1525.0,17900.0
1392.0,1380.0,11252,23840,25232,25171,25611,26031,32767,32767,32767,32767,32767,1561.0,17900.0
1549.0,1544.0,11895,24258,26117,26623,26156,26031,32767,32767,32767,32767,32767,1756.0,17900.0
1549.0,1637.0,12056,24676,26560,25655,26701,26031,32767,32767,32767,32767,32767,1854.0,17900.0
1490.0,1497.0,12377,24676,27445,27592,27791,26031,32767,32767,32767,32767,32767,1659.0,17900.0
1412.0,1497.0,12377,25094,28330,27592,27246,26031,32767,32767,32767,32767,32767,1821.0,17900.0
1431.0,1497.0,11895,25094,27445,27592,28336,26031,32767,32767,32767,32767,32767,1594.0,17900.0
1412.0,1380.0,12377,25094,27888,28076,27791,26031,32767,32767,32767,32767,32767,1594.0,17900.0
1470.0,1567.0,12860,25094,27003,27107,27246,26031,32767,32767,32767,32767,32767,1821.0,17900.0
1431.0,1497.0,12699,25094,26560,26623,27791,26031,32767,32767,32767,32767,32767,1886.0,17900.0
1490.0,1427.0,13181,25513,28773,28560,28881,26031,32767,32767,32767,32767,32767,2277.0,17900.0
1627.0,1731.0,13020,25513,28330,27592,28336,26031,32767,32767,32767,32767,32767,1951.0,17900.0
1529.0,1637.0,12217,25513,27445,28076,27246,26031,32767,32767,32767,32767,32767,1854.0,17900.0
1449.0,1778.0,13573,24280,27567,27079,27033,26198,32767,32767,32767,32767,32767,2266.0,17900.0
1407.0,1654.0,13234,24280,28034,27590,28183,26198,32767,32767,32767,32767,32767,2060.0,17900.0
1490.0,1753.0,13913,26046,28968,28101,28183,26198,32767,32767,32767,32767,32767,2128.0,17900.0
1842.0,2247.0,14591,26487,29436,28101,28759,26198,32767,32767,32767,32767,32767,2472.0,17900.0
1502.0,1560.0,13279,24143,26874,26979,27659,26510,32767,32767,32767,32767,32767,2266.0,17900.0
1385.0,1490.0,11679,24143,26874,27460,27117,26510,32767,32767,32767,32767,32767,1716.0,17900.0
1405.0,1373.0,12319,24143,26874,26979,28201,26510,32767,32767,32767,32767,32767,1683.0,17900.0
1463.0,1467.0,11679,24559,26874,27460,28201,26510,32767,32767,32767,32767,32767,1748.0,17900.0
1483.0,1513.0,13438,24559,27755,28424,27659,26510,32767,32767,32767,32767,32767,1942.0,17900.0
1522.0,1490.0,12959,24975,27755,27942,27659,26510,32767,32767,32767,32767,32767,1910.0,17900.0
1385.0,1280.0,13279,24975,29077,28906,29286,26510,32767,32767,32767,32767,32767,1975.0,17900.0
1561.0,1583.0,12959,24975,28196,28424,28201,26510,32767,32767,32767,32767,32767,2039.0,17900.0
1522.0,1583.0,13119,25391,28196,28424,27659,26510,32767,32767,32767,32767,32767,2007.0,17900.0
1483.0,1583.0,13279,25808,28196,29869,29828,26510,32767,32767,32767,32767,32767,1975.0,17900.0
1385.0,1373.0,12479,26224,28196,27942,28201,26510,32767,32767,32767,32767,32767,1618.0,17900.0
1678.0,1676.0,14238,26640,29518,30351,29286,26510,32767,32767,32767,32767,32767,2201.0,17900.0
1698.0,1886.0,14238,27056,29958,28906,30371,26510,32767,32767,32767,32767,32767,2331.0,17900.0
1551.0,1576.0,12089,23285,25942,27422,27144,26608,32767,32767,32767,32767,32767,1874.0,17900.0
1532.0,1508.0,10990,23693,25942,26477,27677,26608,32767,32767,32767,32767,32767,1938.0,17900.0
1570.0,1554.0,12403,25327,28536,29313,29806,26608,32767,32767,32767,32767,32767,1906.0,17900.0
1475.0,1462.0,12874,25736,28968,28368,28209,26608,32767,32767,32767,32767,32767,1843.0,17900.0
1475.0,1508.0,12089,26144,28536,29313,28741,26608,32767,32767,32767,32767,32767,1620.0,17900.0
1513.0,1576.0,12874,26144,29833,30259,30338,26608,32767,32767,32767,32767,32767,1874.0,17900.0
1532.0,1531.0,13188,26553,28968,29786,29273,26608,32767,32767,32767,32767,32767,1938.0,17900.0
1494.0,1508.0,13188,26553,30698,29313,29273,26608,32767,32767,32767,32767,32767,2065.0,17900.0
1436.0,1462.0,12089,27370,28968,28841,29273,26608,32767,32767,32767,32767,32767,1811.0,17900.0
1628.0,1622.0,13345,27370,29833,29786,29806,26608,32767,32767,32767,32767,32767,2128.0,17900.0
1333.0,1380.0,11413,23840,26560,26623,26701,26637,32767,32767,32767,32767,32767,1529.0,17900.0
1529.0,1661.0,12860,24676,27888,27107,27791,26637,32767,32767,32767,32767,32767,1919.0,17900.0
1451.0,1474.0,11895,24676,27445,27107,27246,26637,32767,32767,32767,32767,32767,1594.0,17900.0
1882.0,2269.0,13020,24676,25675,28076,28881,26637,32767,32767,32767,32767,32767,2700.0,17900.0
1412.0,1403.0,12217,25094,27888,28560,27791,26637,32767,32767,32767,32767,32767,1594.0,17900.0
1431.0,1474.0,12056,25094,27888,27592,27246,26637,32767,32767,32767,32767,32767,1626.0,17900.0
1470.0,1591.0,12056,25094,27003,27107,27791,26637,32767,32767,32767,32767,32767,1691.0,17900.0
1392.0,1427.0,12538,25513,27888,27592,28336,26637,32767,32767,32767,32767,32767,1724.0,17900.0
1510.0,1544.0,12217,25513,27888,28076,28336,26637,32767,32767,32767,32767,32767,1659.0,17900.0
1529.0,1544.0,13342,27186,30101,29528,29971,26637,32767,32767,32767,32767,32767,1886.0,17900.0
1407.0,1629.0,13234,24721,28034,27590,28759,26837,32767,32767,32767,32767,32767,1991.0,17900.0
1800.0,2148.0,13573,26046,28034,28612,30484,26837,32767,32767,32767,32767,32767,2437.0,17900.0
1511.0,1753.0,14252,26487,29903,28101,29909,26837,32767,32767,32767,32767,32767,1922.0,17900.0
1531.0,1876.0,14761,26487,30837,28612,28183,26837,32767,32767,32767,32767,32767,2231.0,17900.0
1428.0,1679.0,14761,27370,30837,29634,30484,26837,32767,32767,32767,32767,32767,2060.0,17900.0
1738.0,2123.0,14252,27812,30370,30656,30484,26837,32767,32767,32767,32767,32767,2437.0,17900.0
1620.0,1699.0,12319,24975,27755,28424,28744,27113,32767,32767,32767,32767,32767,1910.0,17900.0
1620.0,1676.0,13279,25391,28636,29388,28744,27113,32767,32767,32767,32767,32767,2007.0,17900.0
1483.0,1583.0,12639,25808,28636,27942,29286,27113,32767,32767,32767,32767,32767,1845.0,17900.0
1385.0,1490.0,12639,25808,28636,29388,30371,27113,32767,32767,32767,32767,32767,1651.0,17900.0
1561.0,1560.0,13119,25808,28636,28424,28744,27113,32767,32767,32767,32767,32767,1942.0,17900.0
1463.0,1490.0,13279,26224,29077,27942,30913,27113,32767,32767,32767,32767,32767,2136.0,17900.0
1502.0,1536.0,13119,26224,29518,29869,28744,27113,32767,32767,32767,32767,32767,1910.0,17900.0
1912.0,2049.0,14398,26224,29077,30351,29286,27113,32767,32767,32767,32767,32767,2622.0,17900.0
1639.0,1723.0,13918,26224,29518,28906,29286,27113,32767,32767,32767,32767,32767,2234.0,17900.0
1522.0,1583.0,13918,27056,30839,30351,29828,27113,32767,32767,32767,32767,32767,1910.0,17900.0
1581.0,1583.0,13758,27056,29958,30833,30371,27113,32767,32767,32767,32767,32767,2201.0,17900.0
1417.0,1394.0,11147,23693,26374,27422,28209,27199,32767,32767,32767,32767,32767,1970.0,17900.0
1647.0,1622.0,10676,24102,25509,27422,27677,27199,32767,32767,32767,32767,32767,2764.0,17900.0
1436.0,1439.0,11618,24919,27239,26477,27677,27199,32767,32767,32767,32767,32767,1620.0,17900.0
1570.0,1508.0,12717,25327,28536,28841,29273,27199,32767,32767,32767,32767,32767,2097.0,17900.0
1628.0,1576.0,12089,25327,27671,29313,28741,27199,32767,32767,32767,32767,32767,2065.0,17900.0
1513.0,1508.0,12246,25736,27239,28841,28741,27199,32767,32767,32767,32767,32767,1811.0,17900.0
1475.0,1462.0,12717,25736,28968,28841,28209,27199,32767,32767,32767,32767,32767,1970.0,17900.0
1570.0,1599.0,13502,26144,29833,30259,29806,27199,32767,32767,32767,32767,32767,2065.0,17900.0
1513.0,1554.0,12089,26553,28104,28368,29806,27199,32767,32767,32767,32767,32767,1715.0,17900.0
1532.0,1599.0,12717,26961,29833,30259,30338,27199,32767,32767,32767,32767,32767,1874.0,17900.0
1647.0,1713.0,12560,26961,30265,30732,30338,27199,32767,32767,32767,32767,32767,1874.0,17900.0
1589.0,1691.0,13188,27370,31130,31677,30338,27199,32767,32767,32767,32767,32767,2065.0,17900.0
1412.0,1520.0,12377,25094,27888,27592,27791,27242,32767,32767,32767,32767,32767,1789.0,17900.0
1490.0,1591.0,11734,25094,27888,27592,27791,27242,32767,32767,32767,32767,32767,1821.0,17900.0
1510.0,1544.0,12860,25513,29216,28076,28336,27242,32767,32767,32767,32767,32767,1789.0,17900.0
1490.0,1520.0,12217,25513,28330,27592,27791,27242,32767,32767,32767,32767,32767,1691.0,17900.0
1627.0,1731.0,12377,25513,28330,27592,27791,27242,32767,32767,32767,32767,32767,1951.0,17900.0
1568.0,1567.0,12860,26349,30101,29044,29426,27242,32767,32767,32767,32767,32767,1626.0,17900.0
1470.0,1661.0,13020,26349,29216,30012,30516,27242,32767,32767,32767,32767,32767,1691.0,17900.0
1490.0,1544.0,12860,26349,29216,29044,29426,27242,32767,32767,32767,32767,32767,1659.0,17900.0
1627.0,1731.0,13663,26767,29658,29044,29971,27242,32767,32767,32767,32767,32767,1984.0,17900.0
1647.0,1801.0,13503,26767,29658,28560,29426,27242,32767,32767,32767,32767,32767,1951.0,17900.0
1647.0,1801.0,13663,26767,30101,29044,30516,27242,32767,32767,32767,32767,32767,2082.0,17900.0
1366.0,1531.0,13404,24721,29436,29634,28759,27476,32767,32767,32767,32767,32767,1819.0,17900.0
1656.0,1827.0,14591,26046,29903,29123,29909,27476,32767,32767,32767,32767,32767,2060.0,17900.0
1573.0,2074.0,13234,26046,28501,28101,30484,27476,32767,32767,32767,32767,32767,2231.0,17900.0
1428.0,1704.0,14252,27370,31772,31678,31059,27476,32767,32767,32767,32767,32767,1922.0,17900.0
1573.0,1852.0,14252,27812,32239,30656,31634,27476,32767,32767,32767,32767,32767,2025.0,17900.0
1552.0,1975.0,14082,27812,30837,31167,32210,27476,32767,32767,32767,32767,32767,2060.0,17900.0
1759.0,2148.0,15270,28253,32239,32189,31059,27476,32767,32767,32767,32767,32767,2403.0,17900.0
1405.0,1234.0,12639,25808,29518,29388,31998,27715,32767,32767,32767,32767,32767,2104.0,17900.0
1483.0,1513.0,12959,25808,29077,28906,29828,27715,32767,32767,32767,32767,32767,1877.0,17900.0
1659.0,1793.0,13279,25808,29518,30351,29286,27715,32767,32767,32767,32767,32767,2169.0,17900.0
1561.0,1583.0,12959,26224,28636,28424,28201,27715,32767,32767,32767,32767,32767,1877.0,17900.0
1542.0,1560.0,13279,26640,29518,28424,30371,27715,32767,32767,32767,32767,32767,1975.0,17900.0
1463.0,1536.0,12959,26640,29518,29388,29286,27715,32767,32767,32767,32767,32767,1942.0,17900.0
1463.0,1443.0,13438,27056,30839,30833,30913,27715,32767,32767,32767,32767,32767,1780.0,17900.0
1542.0,1536.0,13918,27056,29518,29869,29286,27715,32767,32767,32767,32767,32767,2104.0,17900.0
1502.0,1490.0,14558,27473,29518,31796,30913,27715,32767,32767,32767,32767,32767,2136.0,17900.0
1600.0,1490.0,13119,27473,29958,29388,28744,27715,32767,32767,32767,32767,32767,2395.0,17900.0
1475.0,1485.0,12246,25327,28536,28841,29273,27791,32767,32767,32767,32767,32767,1906.0,17900.0
1513.0,1531.0,12403,25736,28968,29313,28741,27791,32767,32767,32767,32767,32767,1620.0,17900.0
1628.0,1713.0,13345,26553,29401,29786,31935,27791,32767,32767,32767,32767,32767,1811.0,17900.0
1647.0,1599.0,12874,26961,30265,30732,30870,27791,32767,32767,32767,32767,32767,2128.0,17900.0
1532.0,1531.0,12717,27778,30265,31677,30870,27791,32767,32767,32767,32767,32767,2033.0,17900.0
1609.0,1645.0,13659,27778,31562,31677,31402,27791,32767,32767,32767,32767,32767,2097.0,17900.0
1647.0,1668.0,13973,27778,32427,32767,32467,27791,32767,32767,32767,32767,32767,2065.0,17900.0
1647.0,1736.0,14444,28187,31562,32767,32767,27791,32767,32767,32767,32767,32767,2541.0,17900.0
1529.0,1591.0,13503,24676,28330,29044,29426,27848,32767,32767,32767,32767,32767,2277.0,17900.0
1510.0,1567.0,12538,25513,29216,29044,28881,27848,32767,32767,32767,32767,32767,1691.0,17900.0
1588.0,1684.0,13342,25931,28773,27592,28336,27848,32767,32767,32767,32767,32767,1951.0,17900.0
1568.0,1591.0,12860,26349,28330,27592,28881,27848,32767,32767,32767,32767,32767,1854.0,17900.0
1725.0,1871.0,12377,26767,28773,29044,29971,27848,32767,32767,32767,32767,32767,1919.0,17900.0
1627.0,1661.0,13181,26767,29658,28560,29426,27848,32767,32767,32767,32767,32767,1854.0,17900.0
1568.0,1708.0,14146,27186,30544,29528,30516,27848,32767,32767,32767,32767,32767,1951.0,17900.0
1627.0,1801.0,13824,27604,30986,30012,30516,27848,32767,32767,32767,32767,32767,1984.0,17900.0
1614.0,2024.0,15100,27370,30837,30656,31634,28115,32767,32767,32767,32767,32767,2266.0,17900.0
1542.0,1606.0,12799,25808,29958,27942,28744,28318,32767,32767,32767,32767,32767,1813.0,17900.0
1463.0,1443.0,12479,26224,29518,29869,30371,28318,32767,32767,32767,32767,32767,1780.0,17900.0
1502.0,1420.0,13438,26224,29958,30351,30371,28318,32767,32767,32767,32767,32767,2072.0,17900.0
1620.0,1699.0,13758,26640,30839,31315,30913,28318,32767,32767,32767,32767,32767,2136.0,17900.0
1639.0,1653.0,13598,27473,30399,30351,30371,28318,32767,32767,32767,32767,32767,1877.0,17900.0
1502.0,1560.0,13119,27473,30839,29869,30371,28318,32767,32767,32767,32767,32767,1813.0,17900.0
1698.0,1699.0,13758,27473,30399,31315,31998,28318,32767,32767,32767,32767,32767,2363.0,17900.0
1600.0,1653.0,13918,28305,32602,32760,32767,28318,32767,32767,32767,32767,32767,1877.0,17900.0
1834.0,1862.0,14718,28305,32602,32767,32767,28318,32767,32767,32767,32767,32767,2557.0,17900.0
1698.0,1793.0,14558,29138,32161,32760,32767,28318,32767,32767,32767,32767,32767,2266.0,17900.0
1628.0,1782.0,12560,26553,28104,29313,29806,28382,32767,32767,32767,32767,32767,2255.0,17900.0
1379.0,1371.0,12089,26553,28968,29313,29273,28382,32767,32767,32767,32767,32767,1398.0,17900.0
1455.0,1462.0,12874,26553,29401,29786,31935,28382,32767,32767,32767,32767,32767,1779.0,17900.0
1589.0,1691.0,12874,27370,29833,29786,30870,28382,32767,32767,32767,32767,32767,2097.0,17900.0
1475.0,1302.0,13345,27370,30265,31677,30870,28382,32767,32767,32767,32767,32767,2255.0,17900.0
1455.0,1485.0,13345,27370,30265,30732,30870,28382,32767,32767,32767,32767,32767,1747.0,17900.0
1513.0,1554.0,12874,27778,30698,30732,30870,28382,32767,32767,32767,32767,32767,1652.0,17900.0
1666.0,1645.0,13973,27778,31562,32150,31935,28382,32767,32767,32767,32767,32767,2510.0,17900.0
1628.0,1736.0,13659,27778,31130,31205,31402,28382,32767,32767,32767,32767,32767,1843.0,17900.0
1685.0,1713.0,14130,29004,31562,32150,32467,28382,32767,32767,32767,32767,32767,2224.0,17900.0
1570.0,1599.0,13502,29004,32427,32623,32467,28382,32767,32767,32767,32767,32767,1970.0,17900.0
1451.0,1474.0,12860,26349,29216,28560,28881,28453,32767,32767,32767,32767,32767,1724.0,17900.0
1490.0,1544.0,12699,26349,29658,29528,29426,28453,32767,32767,32767,32767,32767,1659.0,17900.0
1588.0,1614.0,12699,26767,29216,29044,29426,28453,32767,32767,32767,32767,32767,1789.0,17900.0
1686.0,1731.0,12860,27186,30544,30012,30516,28453,32767,32767,32767,32767,32767,1886.0,17900.0
1529.0,1614.0,13020,27604,30544,30496,31606,28453,32767,32767,32767,32767,32767,1691.0,17900.0
1588.0,1591.0,13020,27604,31429,31464,32151,28453,32767,32767,32767,32767,32767,1691.0,17900.0
1686.0,1754.0,13503,28022,31429,30980,31061,28453,32767,32767,32767,32767,32767,1789.0,17900.0
1549.0,1661.0,12699,28440,30544,30012,30516,28453,32767,32767,32767,32767,32767,1691.0,17900.0
1759.0,1852.0,13913,26046,29903,30145,32767,28754,32767,32767,32767,32767,32767,2231.0,17900.0
1676.0,1827.0,15440,27370,32239,32767,32767,28754,32767,32767,32767,32767,32767,2609.0,17900.0
1593.0,1876.0,14931,28694,32767,32700,32767,28754,32767,32767,32767,32767,32767,1991.0,17900.0
1490.0,1605.0,15100,28694,32767,32189,32767,28754,32767,32767,32767,32767,32767,2094.0,17900.0
1600.0,1793.0,12159,25808,29077,29388,30371,28920,32767,32767,32767,32767,32767,1845.0,17900.0
1385.0,1513.0,12799,26640,29958,29869,29828,28920,32767,32767,32767,32767,32767,1716.0,17900.0
1522.0,1490.0,13279,27056,31280,31796,31456,28920,32767,32767,32767,32767,32767,1748.0,17900.0
1385.0,1583.0,13438,27473,30399,31315,32540,28920,32767,32767,32767,32767,32767,1683.0,17900.0
1405.0,1606.0,13918,27473,30399,30833,30913,28920,32767,32767,32767,32767,32767,1716.0,17900.0
1737.0,1862.0,14718,27889,31280,31796,31998,28920,32767,32767,32767,32767,32767,2136.0,17900.0
1502.0,1560.0,13758,28305,31280,32278,31998,28920,32767,32767,32767,32767,32767,1877.0,17900.0
1620.0,2025.0,14718,29138,31280,32767,32767,28920,32767,32767,32767,32767,32767,2266.0,17900.0
1581.0,1560.0,14718,30386,32767,32767,32767,28920,32767,32767,32767,32767,32767,1877.0,17900.0
1628.0,1713.0,12717,26553,31130,30259,30338,28973,32767,32767,32767,32767,32767,1906.0,17900.0
1494.0,1485.0,12403,26553,28968,28841,29806,28973,32767,32767,32767,32767,32767,1906.0,17900.0
1589.0,1622.0,12403,26961,29833,30259,30870,28973,32767,32767,32767,32767,32767,1620.0,17900.0
1704.0,1805.0,13031,27778,31130,31677,31935,28973,32767,32767,32767,32767,32767,2065.0,17900.0
1647.0,1805.0,13659,27778,31130,32623,31935,28973,32767,32767,32767,32767,32767,2160.0,17900.0
2068.0,2262.0,14130,27778,31130,32623,32767,28973,32767,32767,32767,32767,32767,2732.0,17900.0
1532.0,1599.0,13031,27778,30698,32767,32467,28973,32767,32767,32767,32767,32767,1938.0,17900.0
2087.0,2148.0,14287,28187,31562,32623,32767,28973,32767,32767,32767,32767,32767,2732.0,17900.0
1666.0,1576.0,13816,28187,31130,32623,32467,28973,32767,32767,32767,32767,32767,2510.0,17900.0
1628.0,1645.0,14444,28187,32427,32767,31935,28973,32767,32767,32767,32767,32767,2224.0,17900.0
1589.0,1599.0,14287,28187,31995,32150,32767,28973,32767,32767,32767,32767,32767,2255.0,17900.0
1551.0,1645.0,13345,28187,31562,32150,32767,28973,32767,32767,32767,32767,32767,1938.0,17900.0
1513.0,1645.0,13502,28187,31130,32623,32767,28973,32767,32767,32767,32767,32767,1684.0,17900.0
1551.0,1576.0,14130,28595,32767,32767,32767,28973,32767,32767,32767,32767,32767,2128.0,17900.0
1570.0,1531.0,14287,28595,32427,32150,32767,28973,32767,32767,32767,32767,32767,2319.0,17900.0
1589.0,1576.0,13188,28595,32427,31205,32467,28973,32767,32767,32767,32767,32767,1811.0,17900.0
1551.0,1599.0,13973,29004,32427,31677,31935,28973,32767,32767,32767,32767,32767,2033.0,17900.0
1532.0,1531.0,13816,29004,32767,32767,32467,28973,32767,32767,32767,32767,32767,1747.0,17900.0
1570.0,1622.0,13816,29004,31562,31677,32767,28973,32767,32767,32767,32767,32767,1747.0,17900.0
1647.0,1736.0,13659,29004,31995,32623,32467,28973,32767,32767,32767,32767,32767,2097.0,17900.0
1685.0,1828.0,13502,29004,31562,32150,31935,28973,32767,32767,32767,32767,32767,1874.0,17900.0
1627.0,1778.0,13663,27186,30101,29528,29971,29058,32767,32767,32767,32767,32767,1919.0,17900.0
1549.0,1661.0,13181,27604,29658,29528,30516,29058,32767,32767,32767,32767,32767,1724.0,17900.0
1608.0,1661.0,13503,27604,30986,32432,31061,29058,32767,32767,32767,32767,32767,1821.0,17900.0
1549.0,1684.0,13503,27604,31429,31464,31061,29058,32767,32767,32767,32767,32767,1854.0,17900.0
1588.0,1801.0,12860,27604,30101,30980,30516,29058,32767,32767,32767,32767,32767,1756.0,17900.0
1608.0,1637.0,12699,27604,29658,29528,29971,29058,32767,32767,32767,32767,32767,1756.0,17900.0
1725.0,1848.0,13985,28858,32314,31948,32695,29058,32767,32767,32767,32767,32767,2017.0,17900.0
1725.0,1848.0,13503,28858,31872,32767,32767,29058,32767,32767,32767,32767,32767,1919.0,17900.0
1706.0,1871.0,14146,29277,32767,32767,32767,29058,32767,32767,32767,32767,32767,1854.0,17900.0
1469.0,1333.0,14252,26487,29903,31678,32767,29393,32767,32767,32767,32767,32767,2128.0,17900.0
1511.0,1778.0,14931,28694,32239,32700,32767,29393,32767,32767,32767,32767,32767,2025.0,17900.0
1463.0,1583.0,13918,27473,31280,31796,31456,29523,32767,32767,32767,32767,32767,1748.0,17900.0
1834.0,2072.0,15038,27889,31280,31796,32540,29523,32767,32767,32767,32767,32767,2460.0,17900.0
1678.0,1769.0,14398,27889,31280,31796,31456,29523,32767,32767,32767,32767,32767,2298.0,17900.0
1600.0,1746.0,14238,28305,32161,32278,31998,29523,32767,32767,32767,32767,32767,2072.0,17900.0
1561.0,1723.0,13758,28305,32161,32760,32767,29523,32767,32767,32767,32767,32767,1845.0,17900.0
1522.0,1630.0,13438,28721,32767,32278,32540,29523,32767,32767,32767,32767,32767,1716.0,17900.0
1522.0,1676.0,14238,29138,32767,32767,32767,29523,32767,32767,32767,32767,32767,1942.0,17900.0
1561.0,1746.0,13918,29138,32602,32278,32540,29523,32767,32767,32767,32767,32767,1910.0,17900.0
1834.0,2118.0,15838,29970,32602,32767,32767,29523,32767,32767,32767,32767,32767,2622.0,17900.0
1570.0,1622.0,13031,27778,30698,31677,31935,29565,32767,32767,32767,32767,32767,1843.0,17900.0
1647.0,1713.0,12874,27778,30265,30732,31402,29565,32767,32767,32767,32767,32767,2001.0,17900.0
1628.0,1805.0,14130,28187,31995,32767,32767,29565,32767,32767,32767,32767,32767,1811.0,17900.0
1513.0,1371.0,13816,28187,31995,32767,32467,29565,32767,32767,32767,32767,32767,2224.0,17900.0
1609.0,1713.0,14601,28595,31995,32623,32767,29565,32767,32767,32767,32767,32767,2478.0,17900.0
1647.0,1805.0,13816,28595,32767,32767,32767,29565,32767,32767,32767,32767,32767,1938.0,17900.0
1953.0,1919.0,13031,29004,31995,30259,31935,29565,32767,32767,32767,32767,32767,2573.0,17900.0
1609.0,1691.0,14287,29412,32767,32767,32767,29565,32767,32767,32767,32767,32767,2097.0,17900.0
1647.0,1759.0,13973,29821,32427,32767,32767,29565,32767,32767,32767,32767,32767,2128.0,17900.0
1609.0,1782.0,13502,30229,32767,32767,32767,29565,32767,32767,32767,32767,32767,1843.0,17900.0
1934.0,1851.0,15543,30229,32767,32767,32767,29565,32767,32767,32767,32767,32767,3336.0,17900.0
1666.0,1668.0,13816,30229,32767,32767,32467,29565,32767,32767,32767,32767,32767,2033.0,17900.0
1510.0,1591.0,12538,25931,28773,30012,29426,29664,32767,32767,32767,32767,32767,1626.0,17900.0
1627.0,1754.0,13181,27186,29216,30012,31061,29664,32767,32767,32767,32767,32767,2244.0,17900.0
1627.0,1778.0,13824,28440,31872,31948,32767,29664,32767,32767,32767,32767,32767,1984.0,17900.0
1510.0,1567.0,13503,28440,30986,31948,31606,29664,32767,32767,32767,32767,32767,1756.0,17900.0
1510.0,1661.0,13824,28440,31429,32432,32695,29664,32767,32767,32767,32767,32767,1821.0,17900.0
1725.0,1801.0,13503,28858,31429,31464,32695,29664,32767,32767,32767,32767,32767,1789.0,17900.0
1765.0,1871.0,14306,30950,32767,32767,32767,29664,32767,32767,32767,32767,32767,1984.0,17900.0
1387.0,1654.0,13913,27812,32239,32700,32767,30032,32767,32767,32767,32767,32767,2025.0,17900.0
1593.0,2148.0,14591,27812,30370,32189,32767,30032,32767,32767,32767,32767,32767,2163.0,17900.0
1600.0,1746.0,14878,27889,31720,31796,31998,30125,32767,32767,32767,32767,32767,2039.0,17900.0
1698.0,1816.0,13438,27889,30399,30833,30913,30125,32767,32767,32767,32767,32767,1975.0,17900.0
1502.0,1536.0,12639,27889,31720,31315,32767,30125,32767,32767,32767,32767,32767,1877.0,17900.0
1600.0,1769.0,13598,28305,32161,31796,32540,30125,32767,32767,32767,32767,32767,1910.0,17900.0
1522.0,1583.0,13438,28721,31280,31315,32540,30125,32767,32767,32767,32767,32767,1942.0,17900.0
1620.0,1723.0,14718,28721,32161,32278,32540,30125,32767,32767,32767,32767,32767,2201.0,17900.0
1756.0,2072.0,15358,29138,32767,32767,32767,30125,32767,32767,32767,32767,32767,2266.0,17900.0
1756.0,2002.0,14398,29554,32767,32767,32767,30125,32767,32767,32767,32767,32767,2169.0,17900.0
1737.0,1862.0,14398,29970,32767,32767,32767,30125,32767,32767,32767,32767,32767,2072.0,17900.0
1581.0,1583.0,14558,29970,32767,32767,32767,30125,32767,32767,32767,32767,32767,2136.0,17900.0
1609.0,1645.0,12560,26961,30265,31205,31935,30156,32767,32767,32767,32767,32767,2033.0,17900.0
1762.0,1851.0,14130,29004,32427,32767,32767,30156,32767,32767,32767,32767,32767,2351.0,17900.0
2106.0,2010.0,14758,29004,32427,32623,32767,30156,32767,32767,32767,32767,32767,2700.0,17900.0
1819.0,1828.0,14287,29821,32767,32767,32767,30156,32767,32767,32767,32767,32767,2605.0,17900.0
1609.0,1713.0,14130,29821,32427,32767,32767,30156,32767,32767,32767,32767,32767,1715.0,17900.0
1685.0,1782.0,13659,29821,32767,32767,32767,30156,32767,32767,32767,32767,32767,1938.0,17900.0
1666.0,1828.0,13659,29821,32767,32767,32767,30156,32767,32767,32767,32767,32767,1811.0,17900.0
1858.0,1988.0,14601,30638,32767,32767,32767,30156,32767,32767,32767,32767,32767,2478.0,17900.0
1551.0,1531.0,14601,31046,32767,32767,32767,30156,32767,32767,32767,32767,32767,2097.0,17900.0
1704.0,1713.0,14287,31455,32767,32767,32767,30156,32767,32767,32767,32767,32767,2319.0,17900.0
1608.0,1731.0,13020,27604,30544,30496,31606,30269,32767,32767,32767,32767,32767,1724.0,17900.0
1647.0,1824.0,13985,28022,31429,31948,32695,30269,32767,32767,32767,32767,32767,1886.0,17900.0
1706.0,1918.0,13663,28858,32314,31948,32767,30269,32767,32767,32767,32767,32767,1886.0,17900.0
1568.0,1708.0,14146,29277,32314,31948,32151,30269,32767,32767,32767,32767,32767,1854.0,17900.0
1823.0,1918.0,14146,29277,32314,32767,32767,30269,32767,32767,32767,32767,32767,1951.0,17900.0
1568.0,1731.0,14949,29277,32757,32432,32767,30269,32767,32767,32767,32767,32767,1984.0,17900.0
1765.0,1871.0,13985,29277,32314,32432,32767,30269,32767,32767,32767,32767,32767,1919.0,17900.0
1706.0,1848.0,14146,29695,32767,32767,32767,30269,32767,32767,32767,32767,32767,1919.0,17900.0
1800.0,2222.0,15949,30019,32767,32767,32767,30671,32767,32767,32767,32767,32767,2746.0,17900.0
1780.0,2173.0,15779,30460,32767,32767,32767,30671,32767,32767,32767,32767,32767,2403.0,17900.0
1717.0,1839.0,14718,28721,32602,32760,32767,30728,32767,32767,32767,32767,32767,2104.0,17900.0
1346.0,1630.0,13918,29554,32161,32767,32767,30728,32767,32767,32767,32767,32767,1716.0,17900.0
1639.0,1816.0,14558,29554,32767,32767,32767,30728,32767,32767,32767,32767,32767,2007.0,17900.0
1659.0,1793.0,15358,29554,32767,32767,32767,30728,32767,32767,32767,32767,32767,2039.0,17900.0
1756.0,2049.0,14558,29554,32767,32767,32767,30728,32767,32767,32767,32767,32767,2331.0,17900.0
1463.0,1676.0,13758,29554,32767,32767,32767,30728,32767,32767,32767,32767,32767,1651.0,17900.0
1678.0,1793.0,15038,29970,32767,32767,32767,30728,32767,32767,32767,32767,32767,2039.0,17900.0
1581.0,1793.0,14558,29970,32767,32767,32767,30728,32767,32767,32767,32767,32767,2039.0,17900.0
1620.0,1676.0,14718,30386,32767,32767,32767,30728,32767,32767,32767,32767,32767,1716.0,17900.0
1678.0,1862.0,15038,30386,32767,32767,32767,30728,32767,32767,32767,32767,32767,2169.0,17900.0
1659.0,1769.0,14878,30803,32767,32767,32767,30728,32767,32767,32767,32767,32767,2007.0,17900.0
1639.0,1723.0,15038,31219,32767,32767,32767,30728,32767,32767,32767,32767,32767,2104.0,17900.0
1647.0,1508.0,13502,26553,31130,32623,32467,30747,32767,32767,32767,32767,32767,2033.0,17900.0
1570.0,1645.0,14130,29821,32767,32767,32767,30747,32767,32767,32767,32767,32767,1970.0,17900.0
2394.0,2376.0,15229,29821,32767,32767,32767,30747,32767,32767,32767,32767,32767,3240.0,17900.0
1609.0,1713.0,14287,30229,32767,32767,32767,30747,32767,32767,32767,32767,32767,1874.0,17900.0
1819.0,1873.0,15229,31046,32767,32767,32767,30747,32767,32767,32767,32767,32767,2605.0,17900.0
1819.0,1851.0,15386,31046,32767,32767,32767,30747,32767,32767,32767,32767,32767,3177.0,17900.0
1704.0,1805.0,14287,31455,32767,32767,32767,30747,32767,32767,32767,32767,32767,2065.0,17900.0
1667.0,1895.0,13663,28440,32314,32767,32695,30874,32767,32767,32767,32767,32767,1951.0,17900.0
1490.0,1567.0,13663,28858,31429,31948,32151,30874,32767,32767,32767,32767,32767,1724.0,17900.0
1510.0,1591.0,13985,29277,32757,32767,32767,30874,32767,32767,32767,32767,32767,1724.0,17900.0
1745.0,1895.0,13985,29695,32767,32767,32767,30874,32767,32767,32767,32767,32767,1951.0,17900.0
1843.0,1965.0,14789,30531,32767,32767,32767,30874,32767,32767,32767,32767,32767,2049.0,17900.0
1627.0,1801.0,14628,30950,32767,32767,32767,30874,32767,32767,32767,32767,32767,1821.0,17900.0
1549.0,1544.0,14628,30950,32767,32767,32767,30874,32767,32767,32767,32767,32767,1756.0,17900.0
1725.0,1824.0,14628,31786,32767,32767,32767,30874,32767,32767,32767,32767,32767,1919.0,17900.0
1776.0,2025.0,13598,28305,31280,30833,32767,31330,32767,32767,32767,32767,32767,2072.0,17900.0
1581.0,1606.0,14238,29138,32602,32760,32767,31330,32767,32767,32767,32767,32767,1845.0,17900.0
1717.0,1816.0,15038,29554,32767,32767,32767,31330,32767,32767,32767,32767,32767,2007.0,17900.0
1600.0,1769.0,14878,29970,32767,32767,32767,31330,32767,32767,32767,32767,32767,1910.0,17900.0
1600.0,1746.0,14558,29970,32767,32767,32767,31330,32767,32767,32767,32767,32767,1845.0,17900.0
1854.0,1979.0,15038,29970,32767,32767,32767,31330,32767,32767,32767,32767,32767,2331.0,17900.0
1756.0,1816.0,15678,30386,32767,32767,32767,31330,32767,32767,32767,32767,32767,2234.0,17900.0
1815.0,2072.0,14398,30803,32767,32767,32767,31330,32767,32767,32767,32767,32767,2007.0,17900.0
1483.0,1513.0,13758,30803,32767,32767,32767,31330,32767,32767,32767,32767,32767,1651.0,17900.0
1717.0,2025.0,15678,31219,32767,32767,32767,31330,32767,32767,32767,32767,32767,2072.0,17900.0
1717.0,1955.0,15038,31219,32767,32767,32767,31330,32767,32767,32767,32767,32767,2007.0,17900.0
1756.0,1862.0,14878,31219,32767,32767,32767,31330,32767,32767,32767,32767,32767,2007.0,17900.0
1659.0,1699.0,14558,31219,32767,32767,32767,31330,32767,32767,32767,32767,32767,1910.0,17900.0
1589.0,1622.0,14601,29412,32767,32767,32767,31339,32767,32767,32767,32767,32767,2160.0,17900.0
1858.0,2033.0,13659,29821,32767,32767,32767,31339,32767,32767,32767,32767,32767,2287.0,17900.0
1819.0,1919.0,13188,29821,32767,32767,32767,31339,32767,32767,32767,32767,32767,1938.0,17900.0
1589.0,1691.0,14915,31046,32767,32767,32767,31339,32767,32767,32767,32767,32767,1970.0,17900.0
1723.0,1896.0,14758,31046,32767,32767,32767,31339,32767,32767,32767,32767,32767,2287.0,17900.0
1609.0,1668.0,14915,31455,32767,32767,32767,31339,32767,32767,32767,32767,32767,1843.0,17900.0
1838.0,1942.0,14601,31455,32767,32767,32767,31339,32767,32767,32767,32767,32767,2128.0,17900.0
1762.0,1919.0,14758,31455,32767,32767,32767,31339,32767,32767,32767,32767,32767,2097.0,17900.0
1685.0,1828.0,15386,31863,32767,32767,32767,31339,32767,32767,32767,32767,32767,1938.0,17900.0
1568.0,1637.0,14306,28440,32314,32432,32695,31480,32767,32767,32767,32767,32767,1691.0,17900.0
1647.0,1754.0,13503,28858,32314,31948,32767,31480,32767,32767,32767,32767,32767,1821.0,17900.0
1588.0,1684.0,14146,28858,32314,32432,32695,31480,32767,32767,32767,32767,32767,1821.0,17900.0
1823.0,1988.0,13663,28858,32757,32767,32767,31480,32767,32767,32767,32767,32767,2017.0,17900.0
1588.0,1614.0,13985,29277,32314,32767,32767,31480,32767,32767,32767,32767,32767,1691.0,17900.0
1804.0,2175.0,14789,29277,32757,32767,32767,31480,32767,32767,32767,32767,32767,2472.0,17900.0
1647.0,1778.0,13503,29695,32767,32432,32767,31480,32767,32767,32767,32767,32767,1854.0,17900.0
1686.0,1895.0,13342,29695,32767,32767,32767,31480,32767,32767,32767,32767,32767,1886.0,17900.0
1745.0,1918.0,13824,29695,32314,32432,32767,31480,32767,32767,32767,32767,32767,1854.0,17900.0
1725.0,1824.0,14467,29695,32757,32432,32767,31480,32767,32767,32767,32767,32767,1951.0,17900.0
1529.0,1637.0,13985,30113,32767,32767,32767,31480,32767,32767,32767,32767,32767,1821.0,17900.0
1686.0,1824.0,13824,30113,32767,32767,32767,31480,32767,32767,32767,32767,32767,1854.0,17900.0
1882.0,2058.0,14146,30531,32767,32767,32767,31480,32767,32767,32767,32767,32767,2082.0,17900.0
1882.0,2082.0,15271,30950,32767,32767,32767,31480,32767,32767,32767,32767,32767,2212.0,17900.0
1686.0,1824.0,14306,30950,32767,32767,32767,31480,32767,32767,32767,32767,32767,1886.0,17900.0
1686.0,1824.0,15271,31786,32767,32767,32767,31480,32767,32767,32767,32767,32767,1919.0,17900.0
1667.0,1848.0,14789,32204,32767,32767,32767,31480,32767,32767,32767,32767,32767,1919.0,17900.0
2336.0,2285.0,15386,30638,32767,32767,32767,31930,32767,32767,32767,32767,32767,2986.0,17900.0
1628.0,1782.0,14915,31046,32767,32767,32767,31930,32767,32767,32767,32767,32767,1938.0,17900.0
1953.0,2125.0,15072,31046,32767,32767,32767,31930,32767,32767,32767,32767,32767,2097.0,17900.0
1666.0,1759.0,14601,31455,32767,32767,32767,31930,32767,32767,32767,32767,32767,1811.0,17900.0
1819.0,1988.0,14444,31455,32767,32767,32767,31930,32767,32767,32767,32767,32767,2160.0,17900.0
1704.0,1896.0,14915,31455,32767,32767,32767,31930,32767,32767,32767,32767,32767,1970.0,17900.0
1685.0,1851.0,14758,31863,32767,32767,32767,31930,32767,32767,32767,32767,32767,1906.0,17900.0
1743.0,1942.0,15072,31863,32767,32767,32767,31930,32767,32767,32767,32767,32767,2097.0,17900.0
1628.0,1736.0,14601,31863,32767,32767,32767,31930,32767,32767,32767,32767,32767,1843.0,17900.0
2030.0,2033.0,15543,32272,32767,32767,32767,31930,32767,32767,32767,32767,32767,2319.0,17900.0
1877.0,1942.0,15543,32272,32767,32767,32767,31930,32767,32767,32767,32767,32767,2573.0,17900.0
1723.0,1851.0,15229,32767,32767,32767,32767,31930,32767,32767,32767,32767,32767,2065.0,17900.0
1762.0,1942.0,14915,32767,32767,32767,32767,31930,32767,32767,32767,32767,32767,2001.0,17900.0
1795.0,1932.0,14558,29554,32767,32767,32767,31933,32767,32767,32767,32767,32767,2234.0,17900.0
1854.0,2095.0,14558,29554,32602,32767,32767,31933,32767,32767,32767,32767,32767,2169.0,17900.0
1756.0,1839.0,15198,31635,32767,32767,32767,31933,32767,32767,32767,32767,32767,2072.0,17900.0
1756.0,1979.0,15358,32051,32767,32767,32767,31933,32767,32767,32767,32767,32767,2072.0,17900.0
1717.0,1839.0,15518,32051,32767,32767,32767,31933,32767,32767,32767,32767,32767,1942.0,17900.0
1449.0,1679.0,15609,30460,32767,32767,32767,31949,32767,32767,32767,32767,32767,1922.0,17900.0
1765.0,1848.0,14789,30113,32767,32767,32767,32085,32767,32767,32767,32767,32767,1919.0,17900.0
1549.0,1567.0,14949,30531,32767,32767,32767,32085,32767,32767,32767,32767,32767,1691.0,17900.0
2000.0,2269.0,14146,30950,32767,32767,32767,32085,32767,32767,32767,32767,32767,2114.0,17900.0
1608.0,1918.0,15271,31368,32767,32767,32767,32085,32767,32767,32767,32767,32767,2017.0,17900.0
1765.0,1918.0,14306,31786,32767,32767,32767,32085,32767,32767,32767,32767,32767,1984.0,17900.0
1823.0,1988.0,15110,32204,32767,32767,32767,32085,32767,32767,32767,32767,32767,1854.0,17900.0
1513.0,1531.0,13816,30229,32767,32767,32767,32521,32767,32767,32767,32767,32767,1970.0,17900.0
1628.0,1691.0,14915,30638,32767,32767,32767,32521,32767,32767,32767,32767,32767,1779.0,17900.0
1723.0,2010.0,15229,31863,32767,32767,32767,32521,32767,32767,32767,32767,32767,2001.0,17900.0
1896.0,2056.0,14444,32272,32767,32767,32767,32521,32767,32767,32767,32767,32767,2160.0,17900.0
1666.0,1691.0,15229,32272,32767,32767,32767,32521,32767,32767,32767,32767,32767,1906.0,17900.0
1628.0,1759.0,14915,32680,32767,32767,32767,32521,32767,32767,32767,32767,32767,1938.0,17900.0
2030.0,2033.0,16014,32767,32767,32767,32767,32521,32767,32767,32767,32767,32767,2923.0,17900.0
1815.0,1909.0,15198,29554,32767,32767,32767,32535,32767,32767,32767,32767,32767,2072.0,17900.0
1678.0,1839.0,14718,30803,32767,32767,32767,32535,32767,32767,32767,32767,32767,1942.0,17900.0
1756.0,1909.0,14878,31219,32767,32767,32767,32535,32767,32767,32767,32767,32767,2039.0,17900.0
1522.0,1793.0,14558,31219,32767,32767,32767,32535,32767,32767,32767,32767,32767,1877.0,17900.0
1561.0,2025.0,14238,31219,32767,32767,32767,32535,32767,32767,32767,32767,32767,2007.0,17900.0
1756.0,2049.0,16158,31219,32767,32767,32767,32535,32767,32767,32767,32767,32767,2201.0,17900.0
1737.0,1839.0,15198,31635,32767,32767,32767,32535,32767,32767,32767,32767,32767,2039.0,17900.0
1815.0,1909.0,14718,31635,32767,32767,32767,32535,32767,32767,32767,32767,32767,2072.0,17900.0
1834.0,2025.0,15838,32051,32767,32767,32767,32535,32767,32767,32767,32767,32767,1975.0,17900.0
1756.0,1909.0,15038,32051,32767,32767,32767,32535,32767,32767,32767,32767,32767,1942.0,17900.0
1581.0,1862.0,14878,32051,32767,32767,32767,32535,32767,32767,32767,32767,32767,1877.0,17900.0
1834.0,2072.0,15198,32051,32767,32767,32767,32535,32767,32767,32767,32767,32767,2104.0,17900.0
1990.0,2025.0,16318,32051,32767,32767,32767,32535,32767,32767,32767,32767,32767,2687.0,17900.0
2068.0,2165.0,15198,32468,32767,32767,32767,32535,32767,32767,32767,32767,32767,2266.0,17900.0
1659.0,1793.0,15198,32767,32767,32767,32767,32535,32767,32767,32767,32767,32767,2039.0,17900.0
1843.0,2175.0,14306,30113,32767,32767,32767,32691,32767,32767,32767,32767,32767,2179.0,17900.0
1706.0,1918.0,14949,30531,32767,32767,32767,32691,32767,32767,32767,32767,32767,2114.0,17900.0
1804.0,1988.0,14146,30531,32767,32767,32767,32691,32767,32767,32767,32767,32767,1951.0,17900.0
1980.0,2199.0,14306,30950,32767,32767,32767,32691,32767,32767,32767,32767,32767,2082.0,17900.0
1921.0,2199.0,15110,31368,32767,32767,32767,32691,32767,32767,32767,32767,32767,2147.0,17900.0
1765.0,1895.0,14628,31368,32767,32767,32767,32691,32767,32767,32767,32767,32767,2049.0,17900.0
1568.0,1918.0,15110,31786,32767,32767,32767,32691,32767,32767,32767,32767,32767,2017.0,17900.0
1706.0,1988.0,15110,32204,32767,32767,32767,32691,32767,32767,32767,32767,32767,2082.0,17900.0
1961.0,2105.0,14789,32204,32767,32767,32767,32691,32767,32767,32767,32767,32767,2017.0,17900.0
1676.0,1802.0,15779,29577,32767,32767,32767,32767,32767,32767,32767,32767,32767,2437.0,17900.0
1678.0,1793.0,14718,30386,32767,32767,32767,32767,32767,32767,32767,32767,32767,2039.0,17900.0
1776.0,1862.0,14878,30386,32767,32767,32767,32767,32767,32767,32767,32767,32767,2234.0,17900.0
1737.0,1886.0,14558,30386,32767,32767,32767,32767,32767,32767,32767,32767,32767,2104.0,17900.0
1932.0,2212.0,15518,30803,32767,32767,32767,32767,32767,32767,32767,32767,32767,2363.0,17900.0
1834.0,2095.0,14878,30803,32767,32767,32767,32767,32767,32767,32767,32767,32767,2072.0,17900.0
1834.0,2072.0,15838,30803,32767,32767,32767,32767,32767,32767,32767,32767,32767,2298.0,17900.0
1723.0,1873.0,14601,31046,32767,32767,32767,32767,32767,32767,32767,32767,32767,2065.0,17900.0
1737.0,1909.0,15678,31219,32767,32767,32767,32767,32767,32767,32767,32767,32767,2072.0,17900.0
1745.0,1941.0,14467,31368,32767,32767,32767,32767,32767,32767,32767,32767,32767,1984.0,17900.0
1784.0,1988.0,13985,31368,32767,32767,32767,32767,32767,32767,32767,32767,32767,2017.0,17900.0
1819.0,2216.0,15229,31455,32767,32767,32767,32767,32767,32767,32767,32767,32767,2160.0,17900.0
1756.0,1955.0,15038,31635,32767,32767,32767,32767,32767,32767,32767,32767,32767,2039.0,17900.0
1893.0,2118.0,14558,31635,32767,32767,32767,32767,32767,32767,32767,32767,32767,2136.0,17900.0
1795.0,2049.0,15838,31635,32767,32767,32767,32767,32767,32767,32767,32767,32767,2201.0,17900.0
1745.0,1941.0,14789,31786,32767,32767,32767,32767,32767,32767,32767,32767,32767,2017.0,17900.0
1873.0,2025.0,15838,32051,32767,32767,32767,32767,32767,32767,32767,32767,32767,2395.0,17900.0
1698.0,1746.0,15838,32051,32767,32767,32767,32767,32767,32767,32767,32767,32767,2039.0,17900.0
1795.0,2049.0,16158,32051,32767,32767,32767,32767,32767,32767,32767,32767,32767,2169.0,17900.0
1542.0,1816.0,15518,32051,32767,32767,32767,32767,32767,32767,32767,32767,32767,1942.0,17900.0
1776.0,1862.0,15358,32051,32767,32767,32767,32767,32767,32767,32767,32767,32767,2331.0,17900.0
1804.0,2012.0,15271,32204,32767,32767,32767,32767,32767,32767,32767,32767,32767,2049.0,17900.0
1765.0,2012.0,15110,32204,32767,32767,32767,32767,32767,32767,32767,32767,32767,2017.0,17900.0
1704.0,2079.0,14130,32272,32767,32767,32767,32767,32767,32767,32767,32767,32767,2033.0,17900.0
1838.0,2079.0,15543,32272,32767,32767,32767,32767,32767,32767,32767,32767,32767,2446.0,17900.0
1819.0,2056.0,15386,32272,32767,32767,32767,32767,32767,32767,32767,32767,32767,2128.0,17900.0
1647.0,1759.0,14601,32272,32767,32767,32767,32767,32767,32767,32767,32767,32767,1843.0,17900.0
1838.0,2010.0,14601,32272,32767,32767,32767,32767,32767,32767,32767,32767,32767,1938.0,17900.0
2010.0,2258.0,14718,32468,32767,32767,32767,32767,32767,32767,32767,32767,32767,2201.0,17900.0
1834.0,2049.0,15198,32468,32767,32767,32767,32767,32767,32767,32767,32767,32767,2039.0,17900.0
2068.0,2142.0,15838,32468,32767,32767,32767,32767,32767,32767,32767,32767,32767,2266.0,17900.0
2049.0,2095.0,15518,32468,32767,32767,32767,32767,32767,32767,32767,32767,32767,2234.0,17900.0
1882.0,2105.0,15110,32623,32767,32767,32767,32767,32767,32767,32767,32767,32767,2049.0,17900.0
1921.0,2152.0,15110,32623,32767,32767,32767,32767,32767,32767,32767,32767,32767,2179.0,17900.0
1863.0,2058.0,13663,32623,32767,32767,32767,32767,32767,32767,32767,32767,32767,2049.0,17900.0
1784.0,2129.0,15432,32623,32767,32767,32767,32767,32767,32767,32767,32767,32767,2114.0,17900.0
1765.0,1988.0,15914,32623,32767,32767,32767,32767,32767,32767,32767,32767,32767,2147.0,17900.0
1863.0,2035.0,14949,32623,32767,32767,32767,32767,32767,32767,32767,32767,32767,1984.0,17900.0
1877.0,2033.0,14444,32680,32767,32767,32767,32767,32767,32767,32767,32767,32767,2192.0,17900.0
1838.0,1942.0,16171,32767,32767,32767,32767,32767,32767,32767,32767,32767,32767,2224.0,17900.0
1756.0,1955.0,16158,32767,32767,32767,32767,32767,32767,32767,32767,32767,32767,2007.0,17900.0
1932.0,2095.0,15678,32767,32767,32767,32767,32767,32767,32767,32767,32767,32767,2039.0,17900.0
1784.0,1988.0,15753,32767,32767,32767,32767,32767,32767,32767,32767,32767,32767,1919.0,17900.0
1800.0,1919.0,16171,32767,32767,32767,32767,32767,32767,32767,32767,32767,32767,2160.0,17900.0
1961.0,2222.0,15271,32767,32767,32767,32767,32767,32767,32767,32767,32767,32767,2212.0,17900.0
1784.0,2105.0,13985,32767,32767,32767,32767,32767,32767,32767,32767,32767,32767,2017.0,17900.0
1834.0,1932.0,16158,32767,32767,32767,32767,32767,32767,32767,32767,32767,32767,2169.0,17900.0
1804.0,2269.0,14628,32767,32767,32767,32767,32767,32767,32767,32767,32767,32767,2082.0,17900.0
1667.0,1801.0,16075,32767,32767,32767,32767,32767,32767,32767,32767,32767,32767,1886.0,17900.0
1815.0,2049.0,17278,32767,32767,32767,32767,32767,32767,32767,32767,32767,32767,2169.0,17900.0
1915.0,2148.0,16486,32767,32767,32767,32767,32767,32767,32767,32767,32767,32767,2383.0,17900.0
1934.0,2056.0,15700,32767,32767,32767,32767,32767,32767,32767,32767,32767,32767,2255.0,17900.0
1745.0,1848.0,17039,32767,32767,32767,32767,32767,32767,32767,32767,32767,32767,2017.0,17900.0
1781.0,1942.0,15229,32767,32767,32767,32767,32767,32767,32767,32767,32767,32767,1970.0,17900.0
1921.0,2175.0,14789,32767,32767,32767,32767,32767,32767,32767,32767,32767,32767,2049.0,17900.0
1659.0,1723.0,15678,32767,32767,32767,32767,32767,32767,32767,32767,32767,32767,2039.0,17900.0
1815.0,2072.0,16158,32767,32767,32767,32767,32767,32767,32767,32767,32767,32767,2266.0,17900.0
1795.0,1979.0,16318,32767,32767,32767,32767,32767,32767,32767,32767,32767,32767,2201.0,17900.0
1776.0,1909.0,15518,32767,32767,32767,32767,32767,32767,32767,32767,32767,32767,2072.0,17900.0
1529.0,1848.0,15592,32767,32767,32767,32767,32767,32767,32767,32767,32767,32767,1951.0,17900.0
1795.0,2072.0,15998,32767,32767,32767,32767,32767,32767,32767,32767,32767,32767,2104.0,17900.0
1815.0,2002.0,16958,32767,32767,32767,32767,32767,32767,32767,32767,32767,32767,2072.0,17900.0
1667.0,1895.0,16878,32767,32767,32767,32767,32767,32767,32767,32767,32767,32767,1951.0,17900.0
1838.0,2148.0,16329,32767,32767,32767,32767,32767,32767,32767,32767,32767,32767,2287.0,17900.0
1762.0,2010.0,16171,32767,32767,32767,32767,32767,32767,32767,32767,32767,32767,2192.0,17900.0
1921.0,2152.0,15914,32767,32767,32767,32767,32767,32767,32767,32767,32767,32767,2114.0,17900.0
1823.0,2012.0,15271,32767,32767,32767,32767,32767,32767,32767,32767,32767,32767,2017.0,17900.0
1858.0,2033.0,15229,32767,32767,32767,32767,32767,32767,32767,32767,32767,32767,2097.0,17900.0
1756.0,1886.0,16158,32767,32767,32767,32767,32767,32767,32767,32767,32767,32767,2104.0,17900.0
1762.0,1873.0,15229,32767,32767,32767,32767,32767,32767,32767,32767,32767,32767,2033.0,17900.0
1863.0,2058.0,17361,32767,32767,32767,32767,32767,32767,32767,32767,32767,32767,2472.0,17900.0
1893.0,2072.0,15998,32767,32767,32767,32767,32767,32767,32767,32767,32767,32767,2136.0,17900.0
1800.0,2125.0,15700,32767,32767,32767,32767,32767,32767,32767,32767,32767,32767,2128.0,17900.0
1804.0,2012.0,16396,32767,32767,32767,32767,32767,32767,32767,32767,32767,32767,2049.0,17900.0
2030.0,2239.0,15386,32767,32767,32767,32767,32767,32767,32767,32767,32767,32767,2351.0,17900.0
1858.0,1988.0,16171,32767,32767,32767,32767,32767,32767,32767,32767,32767,32767,2128.0,17900.0
1854.0,2025.0,16958,32767,32767,32767,32767,32767,32767,32767,32767,32767,32767,2104.0,17900.0
1795.0,1979.0,17118,32767,32767,32767,32767,32767,32767,32767,32767,32767,32767,2492.0,17900.0
1765.0,1918.0,15914,32767,32767,32767,32767,32767,32767,32767,32767,32767,32767,2017.0,17900.0
1647.0,1918.0,16235,32767,32767,32767,32767,32767,32767,32767,32767,32767,32767,1951.0,17900.0
1912.0,2049.0,16318,32767,32767,32767,32767,32767,32767,32767,32767,32767,32767,2072.0,17900.0
1893.0,2049.0,16638,32767,32767,32767,32767,32767,32767,32767,32767,32767,32767,2039.0,17900.0
1882.0,2105.0,15432,32767,32767,32767,32767,32767,32767,32767,32767,32767,32767,2114.0,17900.0
1819.0,2010.0,16329,32767,32767,32767,32767,32767,32767,32767,32767,32767,32767,2224.0,17900.0
1795.0,1979.0,16638,32767,32767,32767,32767,32767,32767,32767,32767,32767,32767,2039.0,17900.0
1743.0,1942.0,16171,32767,32767,32767,32767,32767,32767,32767,32767,32767,32767,2033.0,17900.0
1843.0,2105.0,15914,32767,32767,32767,32767,32767,32767,32767,32767,32767,32767,2212.0,17900.0
1854.0,2095.0,16158,32767,32767,32767,32767,32767,32767,32767,32767,32767,32767,2104.0,17900.0
1717.0,2072.0,15358,32767,32767,32767,32767,32767,32767,32767,32767,32767,32767,2104.0,17900.0
1685.0,1759.0,16171,32767,32767,32767,32767,32767,32767,32767,32767,32767,32767,2097.0,17900.0
1882.0,1965.0,16235,32767,32767,32767,32767,32767,32767,32767,32767,32767,32767,2049.0,17900.0
1819.0,2170.0,15386,32767,32767,32767,32767,32767,32767,32767,32767,32767,32767,2097.0,17900.0
1800.0,1896.0,16329,32767,32767,32767,32767,32767,32767,32767,32767,32767,32767,2097.0,17900.0
1762.0,2010.0,15857,32767,32767,32767,32767,32767,32767,32767,32767,32767,32767,2160.0,17900.0
1743.0,1896.0,16014,32767,32767,32767,32767,32767,32767,32767,32767,32767,32767,2351.0,17900.0
1762.0,1896.0,15229,32767,32767,32767,32767,32767,32767,32767,32767,32767,32767,2224.0,17900.0
1762.0,1896.0,15072,32767,32767,32767,32767,32767,32767,32767,32767,32767,32767,1970.0,17900.0
1854.0,2025.0,17598,32767,32767,32767,32767,32767,32767,32767,32767,32767,32767,2331.0,17900.0
1838.0,2010.0,15857,32767,32767,32767,32767,32767,32767,32767,32767,32767,32767,2033.0,17900.0
1666.0,1713.0,16014,32767,32767,32767,32767,32767,32767,32767,32767,32767,32767,1906.0,17900.0
1858.0,2033.0,15229,32767,32767,32767,32767,32767,32767,32767,32767,32767,32767,2192.0,17900.0
1896.0,2033.0,16329,32767,32767,32767,32767,32767,32767,32767,32767,32767,32767,2224.0,17900.0
1873.0,2002.0,15838,32767,32767,32767,32767,32767,32767,32767,32767,32767,32767,2136.0,17900.0
1854.0,1979.0,16638,32767,32767,32767,32767,32767,32767,32767,32767,32767,32767,2395.0,17900.0
1863.0,1988.0,16075,32767,32767,32767,32767,32767,32767,32767,32767,32767,32767,2049.0,17900.0
1854.0,2025.0,15678,32767,32767,32767,32767,32767,32767,32767,32767,32767,32767,2266.0,17900.0
1685.0,1805.0,15857,32767,32767,32767,32767,32767,32767,32767,32767,32767,32767,2287.0,17900.0
1745.0,2035.0,15432,32767,32767,32767,32767,32767,32767,32767,32767,32767,32767,2082.0,17900.0
1717.0,2049.0,15518,32767,32767,32767,32767,32767,32767,32767,32767,32767,32767,2136.0,17900.0
1430.0,1128.0,4539,10334,9375,11961,10900,13534,32767,32767,32767,32767,32767,880.0,25000.0
1085.0,995.0,9448,13496,16324,15620,13188,13953,32767,32767,32767,32767,32767,1073.0,25000.0
1022.0,846.0,8037,13347,14127,13388,13912,14168,32767,32767,32767,32767,32767,2145.0,25000.0
1200.0,1046.0,5674,11810,11979,13669,11541,14246,32767,32767,32767,32767,32767,1760.0,25000.0
1257.0,972.0,7444,12415,13140,13794,12293,14376,32767,32767,32767,32767,32767,2394.0,25000.0
1257.0,1000.0,7444,13408,14191,13219,12940,14376,32767,32767,32767,32767,32767,2240.0,25000.0
1095.0,919.0,8311,13407,14648,14516,14087,14398,32767,32767,32767,32767,32767,2321.0,25000.0
1084.0,853.0,7565,11810,13021,13669,11541,14958,32767,32767,32767,32767,32767,2220.0,25000.0
1257.0,1000.0,7825,11918,13665,14369,13587,15095,32767,32767,32767,32767,32767,2356.0,25000.0
1187.0,944.0,7253,12415,13665,13794,13587,15095,32767,32767,32767,32767,32767,2278.0,25000.0
1001.0,846.0,8037,13347,14127,13388,13912,15456,32767,32767,32767,32767,32767,2076.0,25000.0
980.0,796.0,8037,14237,16481,14933,14492,15456,32767,32767,32767,32767,32767,1730.0,25000.0
1054.0,895.0,8311,13407,14648,15517,14087,15650,32767,32767,32767,32767,32767,2287.0,25000.0
1135.0,919.0,8311,14272,15106,15517,15214,15650,32767,32767,32767,32767,32767,2522.0,25000.0
1164.0,972.0,8398,13905,15242,14943,14234,15813,32767,32767,32767,32767,32767,2124.0,25000.0
1141.0,916.0,8589,14401,15768,15518,14234,15813,32767,32767,32767,32767,32767,2047.0,25000.0
1164.0,1000.0,9543,15891,16819,16668,16175,15813,32767,32767,32767,32767,32767,2163.0,25000.0
1379.0,1199.0,8241,13962,15305,15005,14293,15879,32767,32767,32767,32767,32767,2249.0,25000.0
1085.0,946.0,8379,14682,16481,15448,15072,16100,32767,32767,32767,32767,32767,2180.0,25000.0
1135.0,992.0,7979,14705,16021,16018,15778,16276,32767,32767,32767,32767,32767,2052.0,25000.0
1156.0,1040.0,8976,15570,16937,17019,15778,16276,32767,32767,32767,32767,32767,2321.0,25000.0
1153.0,1018.0,8700,14763,16667,15947,15388,16383,32767,32767,32767,32767,32767,2028.0,25000.0
1177.0,1046.0,8889,14763,15625,15947,15388,16383,32767,32767,32767,32767,32767,2143.0,25000.0
1280.0,1111.0,8780,14401,16819,16093,16175,16532,32767,32767,32767,32767,32767,2626.0,25000.0
1164.0,916.0,8780,14401,16293,16668,16175,16532,32767,32767,32767,32767,32767,2240.0,25000.0
1327.0,1139.0,8970,14898,16293,16093,15528,16532,32767,32767,32767,32767,32767,2510.0,25000.0
1373.0,1111.0,8780,14898,16293,14943,14234,16532,32767,32767,32767,32767,32767,2394.0,25000.0
1350.0,1250.0,9352,15891,18396,17817,17469,16532,32767,32767,32767,32767,32767,2240.0,25000.0
1379.0,1143.0,8816,14461,15833,16160,15593,16601,32767,32767,32767,32767,32767,2365.0,25000.0
1286.0,1060.0,8241,14959,15833,16160,14943,16601,32767,32767,32767,32767,32767,2288.0,25000.0
1105.0,1020.0,8379,14682,16481,15963,15651,16744,32767,32767,32767,32767,32767,1834.0,25000.0
1085.0,995.0,8721,14682,16010,15448,15651,16744,32767,32767,32767,32767,32767,2180.0,25000.0
1064.0,796.0,8550,15127,16481,16478,15072,16744,32767,32767,32767,32767,32767,2906.0,25000.0
1135.0,1016.0,9142,16002,16937,17019,16341,16902,32767,32767,32767,32767,32767,2018.0,25000.0
1216.0,992.0,9641,16435,17394,17519,17468,16902,32767,32767,32767,32767,32767,2590.0,25000.0
1101.0,925.0,8360,14356,15655,15105,15304,17002,32767,32767,32767,32767,32767,2300.0,25000.0
1177.0,991.0,8889,14763,16667,16517,14747,17095,32767,32767,32767,32767,32767,2181.0,25000.0
1177.0,991.0,8511,14763,15625,16517,14747,17095,32767,32767,32767,32767,32767,2181.0,25000.0
1384.0,1101.0,8700,16239,17709,17656,16670,17095,32767,32767,32767,32767,32767,1492.0,25000.0
1327.0,1166.0,8589,13905,15242,14943,16175,17251,32767,32767,32767,32767,32767,2278.0,25000.0
1327.0,1083.0,8589,14401,15768,15518,16175,17251,32767,32767,32767,32767,32767,2549.0,25000.0
1420.0,1250.0,9161,14401,15768,15518,15528,17251,32767,32767,32767,32767,32767,2510.0,25000.0
1234.0,1111.0,9543,14898,17345,17242,16822,17251,32767,32767,32767,32767,32767,2317.0,25000.0
1350.0,1166.0,9161,14898,16293,16668,16822,17251,32767,32767,32767,32767,32767,2472.0,25000.0
1187.0,1028.0,9161,15394,16819,16668,16175,17251,32767,32767,32767,32767,32767,2163.0,25000.0
1327.0,1139.0,9161,15394,16293,17242,16175,17251,32767,32767,32767,32767,32767,2472.0,25000.0
1064.0,846.0,8037,14237,16010,15448,14492,17388,32767,32767,32767,32767,32767,2041.0,25000.0
1105.0,1020.0,8892,15127,17423,16993,16231,17388,32767,32767,32767,32767,32767,1903.0,25000.0
1156.0,1040.0,9308,15570,17852,17019,16905,17528,32767,32767,32767,32767,32767,2321.0,25000.0
1135.0,1016.0,9475,16435,17394,17519,16905,17528,32767,32767,32767,32767,32767,2152.0,25000.0
1176.0,1040.0,9475,16867,18310,17519,17468,17528,32767,32767,32767,32767,32767,2186.0,25000.0
1269.0,1046.0,8889,14763,17188,17087,16670,17807,32767,32767,32767,32767,32767,2296.0,25000.0
1246.0,1128.0,9457,15255,18229,18226,16029,17807,32767,32767,32767,32767,32767,2181.0,25000.0
1107.0,908.0,9268,15747,18229,17656,16670,17807,32767,32767,32767,32767,32767,2220.0,25000.0
1338.0,1156.0,9457,15747,17188,17656,17311,17807,32767,32767,32767,32767,32767,2334.0,25000.0
1246.0,1156.0,9457,16239,17709,18226,17953,17807,32767,32767,32767,32767,32767,2220.0,25000.0
1246.0,1266.0,9835,17716,19271,18795,19235,17807,32767,32767,32767,32767,32767,1722.0,25000.0
1420.0,1194.0,9352,14898,16293,16668,16822,17970,32767,32767,32767,32767,32767,2510.0,25000.0
1304.0,1166.0,9734,15891,18396,17817,16822,17970,32767,32767,32767,32767,32767,2317.0,25000.0
1327.0,1305.0,9543,15891,17345,17242,17469,17970,32767,32767,32767,32767,32767,2278.0,25000.0
1257.0,1166.0,9734,16884,18396,17817,17469,17970,32767,32767,32767,32767,32767,2240.0,25000.0
1257.0,1194.0,10306,16884,19447,18392,17469,17970,32767,32767,32767,32767,32767,2163.0,25000.0
1105.0,1045.0,8721,15572,16010,16478,16231,18032,32767,32767,32767,32767,32767,1834.0,25000.0
1403.0,1227.0,8816,14959,16889,16737,16892,18044,32767,32767,32767,32767,32767,2249.0,25000.0
1403.0,1255.0,9199,15458,16361,17314,15593,18044,32767,32767,32767,32767,32767,2327.0,25000.0
1115.0,943.0,9142,15570,16479,16518,16341,18154,32767,32767,32767,32767,32767,2287.0,25000.0
1135.0,943.0,8976,16002,16937,17019,18032,18154,32767,32767,32767,32767,32767,2758.0,25000.0
1135.0,1016.0,9308,16435,17394,17519,17468,18154,32767,32767,32767,32767,32767,1917.0,25000.0
1135.0,1040.0,9308,16435,18310,18020,18032,18154,32767,32767,32767,32767,32767,1749.0,25000.0
1135.0,1088.0,9641,16867,18768,18020,18032,18154,32767,32767,32767,32767,32767,1850.0,25000.0
1156.0,1113.0,9308,16867,18310,18020,17468,18154,32767,32767,32767,32767,32767,1951.0,25000.0
1176.0,1137.0,9807,17732,18768,18020,18595,18154,32767,32767,32767,32767,32767,2186.0,25000.0
1176.0,1137.0,9807,17732,18310,19021,18595,18154,32767,32767,32767,32767,32767,1951.0,25000.0
1196.0,1234.0,10140,17732,20141,18521,18595,18154,32767,32767,32767,32767,32767,1984.0,25000.0
1153.0,1073.0,10402,16731,18750,18795,18594,18520,32767,32767,32767,32767,32767,2028.0,25000.0
1292.0,1321.0,9835,17716,19271,18226,18594,18520,32767,32767,32767,32767,32767,1722.0,25000.0
1105.0,1070.0,9063,16017,17894,16993,16811,18676,32767,32767,32767,32767,32767,1765.0,25000.0
1126.0,1145.0,9918,16462,19307,19052,17970,18676,32767,32767,32767,32767,32767,1765.0,25000.0
1210.0,1269.0,9234,16907,17423,16478,17970,18676,32767,32767,32767,32767,32767,1972.0,25000.0
1335.0,1269.0,10089,16907,19307,19567,17970,18676,32767,32767,32767,32767,32767,2526.0,25000.0
1304.0,1194.0,9734,15891,18921,18967,18116,18689,32767,32767,32767,32767,32767,2201.0,25000.0
1234.0,1111.0,9352,16388,18921,17817,17469,18689,32767,32767,32767,32767,32767,1815.0,25000.0
1211.0,1055.0,9925,16884,17345,17817,18116,18689,32767,32767,32767,32767,32767,2124.0,25000.0
1257.0,1166.0,9543,16884,18921,18392,18763,18689,32767,32767,32767,32767,32767,2124.0,25000.0
1211.0,1055.0,9543,16884,18396,18392,17469,18689,32767,32767,32767,32767,32767,2394.0,25000.0
1373.0,1361.0,10497,16884,18921,18392,18116,18689,32767,32767,32767,32767,32767,2278.0,25000.0
1234.0,1139.0,10116,17381,19973,18967,18763,18689,32767,32767,32767,32767,32767,2047.0,25000.0
1332.0,1255.0,9391,16455,18472,19045,17542,18766,32767,32767,32767,32767,32767,2133.0,25000.0
1156.0,992.0,9142,16002,17852,17519,18032,18780,32767,32767,32767,32767,32767,2018.0,25000.0
1257.0,1113.0,9641,16867,19225,18521,19722,18780,32767,32767,32767,32767,32767,2253.0,25000.0
1277.0,1161.0,9475,16867,19225,18521,18595,18780,32767,32767,32767,32767,32767,2186.0,25000.0
1135.0,1064.0,9973,17300,18310,19021,18595,18780,32767,32767,32767,32767,32767,2119.0,25000.0
1156.0,1088.0,9475,17300,18768,18521,18595,18780,32767,32767,32767,32767,32767,1783.0,25000.0
1237.0,1161.0,10140,17300,19225,19021,18032,18780,32767,32767,32767,32767,32767,2422.0,25000.0
1156.0,1088.0,9641,17300,18310,18020,18032,18780,32767,32767,32767,32767,32767,1883.0,25000.0
1216.0,1185.0,9973,17732,19683,18521,18595,18780,32767,32767,32767,32767,32767,1951.0,25000.0
1176.0,1064.0,9807,17732,18768,19021,18032,18780,32767,32767,32767,32767,32767,2119.0,25000.0
1237.0,1306.0,9973,18165,20141,19522,19159,18780,32767,32767,32767,32767,32767,1883.0,25000.0
1196.0,1064.0,9973,18165,20141,20022,19159,18780,32767,32767,32767,32767,32767,2052.0,25000.0
1156.0,1088.0,10472,18597,20599,19522,19159,18780,32767,32767,32767,32767,32767,1951.0,25000.0
1038.0,826.0,9268,16239,17709,17656,17311,19232,32767,32767,32767,32767,32767,2105.0,25000.0
1200.0,1128.0,8889,16731,19271,17087,17311,19232,32767,32767,32767,32767,32767,1416.0,25000.0
1338.0,1266.0,9646,17224,19792,18795,18594,19232,32767,32767,32767,32767,32767,1799.0,25000.0
1292.0,1128.0,10592,17716,20834,19934,19235,19232,32767,32767,32767,32767,32767,2066.0,25000.0
1269.0,1266.0,9646,18208,20313,19365,19235,19232,32767,32767,32767,32767,32767,1646.0,25000.0
1292.0,1404.0,10402,18700,20834,18795,19235,19232,32767,32767,32767,32767,32767,1799.0,25000.0
1153.0,963.0,10592,18700,19792,19934,21158,19232,32767,32767,32767,32767,32767,2181.0,25000.0
1384.0,1404.0,10781,19192,21354,21073,20517,19232,32767,32767,32767,32767,32767,1722.0,25000.0
1361.0,1376.0,10213,19192,21875,19934,19876,19232,32767,32767,32767,32767,32767,1837.0,25000.0
1223.0,1211.0,11159,19684,21875,22212,22441,19232,32767,32767,32767,32767,32767,2028.0,25000.0
1168.0,1120.0,9747,17352,19778,18538,17970,19320,32767,32767,32767,32767,32767,1730.0,25000.0
1147.0,1070.0,10602,17796,20248,19052,19129,19320,32767,32767,32767,32767,32767,2180.0,25000.0
1168.0,1219.0,10431,17796,20248,19567,19129,19320,32767,32767,32767,32767,32767,1938.0,25000.0
1356.0,1369.0,10431,19131,20248,19052,20868,19320,32767,32767,32767,32767,32767,2111.0,25000.0
1168.0,1194.0,10260,19131,20719,19567,19709,19320,32767,32767,32767,32767,32767,1661.0,25000.0
1210.0,1319.0,10602,19576,21190,20597,20289,19320,32767,32767,32767,32767,32767,1730.0,25000.0
1196.0,1064.0,8976,16435,17394,18020,18032,19406,32767,32767,32767,32767,32767,1850.0,25000.0
1358.0,1355.0,9807,16867,18768,19021,19159,19406,32767,32767,32767,32767,32767,2186.0,25000.0
1156.0,919.0,9641,17300,17852,18521,18032,19406,32767,32767,32767,32767,32767,2623.0,25000.0
1318.0,1234.0,9641,17300,18768,19021,19159,19406,32767,32767,32767,32767,32767,1984.0,25000.0
1237.0,1185.0,8810,17732,18768,20022,18032,19406,32767,32767,32767,32767,32767,2186.0,25000.0
1338.0,1258.0,10140,17732,19225,19522,19159,19406,32767,32767,32767,32767,32767,2388.0,25000.0
1196.0,1161.0,9475,17732,19225,18521,18595,19406,32767,32767,32767,32767,32767,1850.0,25000.0
1216.0,1113.0,9973,18165,19225,19021,18595,19406,32767,32767,32767,32767,32767,2321.0,25000.0
1216.0,1185.0,10804,18165,20141,20523,20849,19406,32767,32767,32767,32767,32767,2321.0,25000.0
1257.0,1234.0,10306,18165,20141,19522,19159,19406,32767,32767,32767,32767,32767,2388.0,25000.0
1420.0,1333.0,9925,16388,19447,20116,18763,19407,32767,32767,32767,32767,32767,2124.0,25000.0
1443.0,1305.0,10116,16388,19447,18967,18763,19407,32767,32767,32767,32767,32767,2394.0,25000.0
1490.0,1389.0,9543,16388,18921,18967,18116,19407,32767,32767,32767,32767,32767,2201.0,25000.0
1280.0,1222.0,9734,16884,18396,18967,18763,19407,32767,32767,32767,32767,32767,2124.0,25000.0
1397.0,1194.0,9734,16884,18921,18967,18116,19407,32767,32767,32767,32767,32767,2356.0,25000.0
1304.0,1194.0,10306,17381,19973,20116,19410,19407,32767,32767,32767,32767,32767,2356.0,25000.0
1350.0,1305.0,10116,17381,19973,18967,19410,19407,32767,32767,32767,32767,32767,2201.0,25000.0
1420.0,1278.0,10497,17877,19973,19541,18763,19407,32767,32767,32767,32767,32767,2549.0,25000.0
1257.0,1139.0,10306,17877,19447,19541,18116,19407,32767,32767,32767,32767,32767,2201.0,25000.0
1234.0,1083.0,10116,18374,18921,18967,18763,19407,32767,32767,32767,32767,32767,2240.0,25000.0
1223.0,1128.0,9835,17224,19792,19365,19235,19944,32767,32767,32767,32767,32767,2105.0,25000.0
1292.0,1321.0,9835,18700,20834,19365,19876,19944,32767,32767,32767,32767,32767,1684.0,25000.0
1315.0,1376.0,10781,18700,22396,20504,19876,19944,32767,32767,32767,32767,32767,1799.0,25000.0
1292.0,1404.0,10402,18700,21354,19934,21158,19944,32767,32767,32767,32767,32767,1952.0,25000.0
1269.0,1211.0,10592,18700,21354,20504,19235,19944,32767,32767,32767,32767,32767,1837.0,25000.0
1315.0,1238.0,10970,19192,21354,20504,21158,19944,32767,32767,32767,32767,32767,1990.0,25000.0
1338.0,1349.0,10024,19192,21354,19934,19876,19944,32767,32767,32767,32767,32767,1722.0,25000.0
1315.0,1376.0,10781,19192,21875,20504,20517,19944,32767,32767,32767,32767,32767,1837.0,25000.0
1315.0,1294.0,10781,19192,20834,21073,20517,19944,32767,32767,32767,32767,32767,2334.0,25000.0
1384.0,1431.0,10781,20176,21875,20504,21158,19944,32767,32767,32767,32767,32767,1875.0,25000.0
1314.0,1369.0,10089,17796,19307,19052,19129,19964,32767,32767,32767,32767,32767,2180.0,25000.0
1189.0,1120.0,10260,17796,20248,18538,19709,19964,32767,32767,32767,32767,32767,1972.0,25000.0
1189.0,1145.0,10431,17796,19778,19052,19129,19964,32767,32767,32767,32767,32767,2283.0,25000.0
1147.0,1194.0,10089,18241,20719,19052,19129,19964,32767,32767,32767,32767,32767,1730.0,25000.0
1210.0,1269.0,10602,18241,21190,19052,19709,19964,32767,32767,32767,32767,32767,2041.0,25000.0
1126.0,1194.0,10260,18241,20248,19567,19129,19964,32767,32767,32767,32767,32767,1765.0,25000.0
1168.0,1269.0,10773,19131,21661,20597,20289,19964,32767,32767,32767,32767,32767,1834.0,25000.0
1196.0,1209.0,10140,17300,19683,19021,20286,20032,32767,32767,32767,32767,32767,2018.0,25000.0
1257.0,1209.0,10140,18165,19683,19522,19159,20032,32767,32767,32767,32767,32767,1984.0,25000.0
1298.0,1282.0,9973,18165,19225,20523,20286,20032,32767,32767,32767,32767,32767,2152.0,25000.0
1156.0,919.0,10472,19030,20141,19522,19159,20032,32767,32767,32767,32767,32767,2623.0,25000.0
1327.0,1250.0,10116,16884,18921,18392,18116,20126,32767,32767,32767,32767,32767,2317.0,25000.0
1304.0,1222.0,9925,17877,19973,19541,19410,20126,32767,32767,32767,32767,32767,2085.0,25000.0
1280.0,1250.0,10879,17877,19973,20116,19410,20126,32767,32767,32767,32767,32767,2356.0,25000.0
1420.0,1389.0,9925,17877,20498,19541,20057,20126,32767,32767,32767,32767,32767,2163.0,25000.0
1304.0,1305.0,11261,18374,21024,20116,19410,20126,32767,32767,32767,32767,32767,2317.0,25000.0
1327.0,1278.0,9734,18871,20498,21266,21351,20126,32767,32767,32767,32767,32767,2201.0,25000.0
1536.0,1583.0,11070,19367,21024,21266,20704,20126,32767,32767,32767,32767,32767,2626.0,25000.0
1257.0,1305.0,11261,19864,22600,21840,20704,20126,32767,32767,32767,32767,32767,2008.0,25000.0
1304.0,1333.0,11261,19864,22600,21840,22645,20126,32767,32767,32767,32767,32767,2201.0,25000.0
1231.0,1194.0,10431,17796,20719,20082,20868,20608,32767,32767,32767,32767,32767,2283.0,25000.0
1085.0,946.0,9747,17796,19778,19052,19129,20608,32767,32767,32767,32767,32767,1626.0,25000.0
1189.0,1244.0,10602,18241,20719,20082,20289,20608,32767,32767,32767,32767,32767,1938.0,25000.0
1356.0,1369.0,10431,18241,19778,19567,20289,20608,32767,32767,32767,32767,32767,2283.0,25000.0
1189.0,1269.0,10431,18686,20719,19567,19709,20608,32767,32767,32767,32767,32767,1868.0,25000.0
1210.0,1294.0,10602,18686,21661,20597,20289,20608,32767,32767,32767,32767,32767,1799.0,25000.0
1147.0,1194.0,10089,18686,21190,19567,19709,20608,32767,32767,32767,32767,32767,1626.0,25000.0
1272.0,1443.0,11286,19131,22603,21112,21448,20608,32767,32767,32767,32767,32767,2007.0,25000.0
1147.0,1219.0,10260,19131,20719,20597,20289,20608,32767,32767,32767,32767,32767,1695.0,25000.0
1147.0,1194.0,10602,19131,22132,20597,20289,20608,32767,32767,32767,32767,32767,1695.0,25000.0
1147.0,1169.0,10260,19131,21190,20082,20289,20608,32767,32767,32767,32767,32767,1695.0,25000.0
1168.0,1020.0,11286,19576,22603,22142,22028,20608,32767,32767,32767,32767,32767,1938.0,25000.0
1168.0,1269.0,10944,19576,21661,21112,20868,20608,32767,32767,32767,32767,32767,1799.0,25000.0
1251.0,1294.0,10773,19576,21661,21112,21448,20608,32767,32767,32767,32767,32767,1799.0,25000.0
1210.0,1344.0,11286,20021,22132,20597,20868,20608,32767,32767,32767,32767,32767,1938.0,25000.0
1168.0,1269.0,11115,20021,22132,21112,21448,20608,32767,32767,32767,32767,32767,1765.0,25000.0
1246.0,1376.0,10402,19192,21354,20504,19876,20657,32767,32767,32767,32767,32767,1875.0,25000.0
1269.0,1294.0,11159,19192,21354,21073,21800,20657,32767,32767,32767,32767,32767,1990.0,25000.0
1384.0,1266.0,10592,19192,21875,21073,20517,20657,32767,32767,32767,32767,32767,1913.0,25000.0
1361.0,1431.0,10781,19684,21875,21073,21158,20657,32767,32767,32767,32767,32767,1722.0,25000.0
1292.0,1266.0,11726,20176,22396,22212,21800,20657,32767,32767,32767,32767,32767,2181.0,25000.0
1499.0,1541.0,11159,20176,22396,22212,23082,20657,32767,32767,32767,32767,32767,2181.0,25000.0
1476.0,1459.0,11159,20176,22917,22212,21800,20657,32767,32767,32767,32767,32767,2028.0,25000.0
1292.0,1349.0,11159,20176,22396,22212,20517,20657,32767,32767,32767,32767,32767,1837.0,25000.0
1315.0,1294.0,10592,20668,22396,21643,21158,20657,32767,32767,32767,32767,32767,1722.0,25000.0
1407.0,1624.0,12294,20668,23959,22212,23082,20657,32767,32767,32767,32767,32767,2181.0,25000.0
1384.0,1514.0,11915,21160,23438,22212,21800,20657,32767,32767,32767,32767,32767,1952.0,25000.0
1523.0,1569.0,12294,21653,23959,23352,21800,20657,32767,32767,32767,32767,32767,2373.0,25000.0
1257.0,1258.0,10472,18597,20599,20523,20286,20658,32767,32767,32767,32767,32767,1883.0,25000.0
1338.0,1355.0,10804,19030,21056,21023,20849,20658,32767,32767,32767,32767,32767,2354.0,25000.0
1257.0,1355.0,10306,19030,21056,20523,20286,20658,32767,32767,32767,32767,32767,1883.0,25000.0
1277.0,1209.0,10971,19895,21056,20022,21413,20658,32767,32767,32767,32767,32767,2287.0,25000.0
1216.0,1330.0,11303,19895,21972,22525,21976,20658,32767,32767,32767,32767,32767,2052.0,25000.0
1298.0,1330.0,11802,20327,22430,22024,21976,20658,32767,32767,32767,32767,32767,2119.0,25000.0
1346.0,1460.0,10701,18272,20720,20644,19838,20780,32767,32767,32767,32767,32767,2808.0,25000.0
1326.0,1241.0,10367,19142,20720,20140,20972,20780,32767,32767,32767,32767,32767,2300.0,25000.0
1350.0,1333.0,10879,18871,19973,20116,19410,20845,32767,32767,32767,32767,32767,2240.0,25000.0
1280.0,1194.0,11070,18871,21024,20116,20704,20845,32767,32767,32767,32767,32767,2163.0,25000.0
1257.0,1250.0,11261,18871,22075,21266,21351,20845,32767,32767,32767,32767,32767,1815.0,25000.0
1513.0,1527.0,10497,18871,20498,20116,20057,20845,32767,32767,32767,32767,32767,2394.0,25000.0
1590.0,1562.0,10541,19447,21638,21354,22089,20931,32767,32767,32767,32767,32767,2327.0,25000.0
1231.0,1244.0,9918,17796,19778,20082,19709,21252,32767,32767,32767,32767,32767,2387.0,25000.0
1272.0,1244.0,9747,17796,20248,20597,21448,21252,32767,32767,32767,32767,32767,2111.0,25000.0
1231.0,1294.0,10602,18241,21190,20082,20868,21252,32767,32767,32767,32767,32767,1972.0,25000.0
1147.0,1219.0,10602,18686,22132,20597,20868,21252,32767,32767,32767,32767,32767,1730.0,25000.0
1189.0,1219.0,9918,18686,20719,20082,19129,21252,32767,32767,32767,32767,32767,1765.0,25000.0
1189.0,1269.0,10773,18686,21190,20082,20289,21252,32767,32767,32767,32767,32767,1938.0,25000.0
1168.0,1294.0,10602,19131,20248,20082,21448,21252,32767,32767,32767,32767,32767,1834.0,25000.0
1251.0,1369.0,11286,19131,21661,21112,21448,21252,32767,32767,32767,32767,32767,2249.0,25000.0
1189.0,1294.0,10944,19131,21661,20082,21448,21252,32767,32767,32767,32767,32767,1868.0,25000.0
1356.0,1493.0,10602,19131,21190,21112,20868,21252,32767,32767,32767,32767,32767,2180.0,25000.0
1210.0,1319.0,10944,19131,22603,20597,20289,21252,32767,32767,32767,32767,32767,1765.0,25000.0
1231.0,1344.0,11628,19131,21661,21112,20868,21252,32767,32767,32767,32767,32767,2041.0,25000.0
1293.0,1294.0,10260,19131,21190,20082,20868,21252,32767,32767,32767,32767,32767,2041.0,25000.0
1272.0,1294.0,10773,19131,21661,21112,20868,21252,32767,32767,32767,32767,32767,2076.0,25000.0
1210.0,1319.0,11115,19576,21661,21112,20868,21252,32767,32767,32767,32767,32767,1868.0,25000.0
1189.0,1244.0,10944,19576,22603,21112,20868,21252,32767,32767,32767,32767,32767,1661.0,25000.0
1210.0,1294.0,10773,19576,21661,20597,20868,21252,32767,32767,32767,32767,32767,1799.0,25000.0
1147.0,1120.0,10260,19576,20248,20597,20868,21252,32767,32767,32767,32767,32767,1799.0,25000.0
1210.0,1319.0,11115,19576,22132,20597,20868,21252,32767,32767,32767,32767,32767,1972.0,25000.0
1231.0,1369.0,11286,20021,22603,22142,21448,21252,32767,32767,32767,32767,32767,2007.0,25000.0
1251.0,1369.0,11286,20021,23074,21112,20289,21252,32767,32767,32767,32767,32767,1972.0,25000.0
1189.0,1244.0,10773,20021,21661,20597,20289,21252,32767,32767,32767,32767,32767,1765.0,25000.0
1293.0,1443.0,11628,20466,23074,21627,23187,21252,32767,32767,32767,32767,32767,2007.0,25000.0
1231.0,1369.0,11457,20466,23545,22142,23187,21252,32767,32767,32767,32767,32767,1799.0,25000.0
1231.0,1369.0,11286,20466,23074,22142,22028,21252,32767,32767,32767,32767,32767,1868.0,25000.0
1231.0,1443.0,11970,20911,23074,21627,21448,21252,32767,32767,32767,32767,32767,2076.0,25000.0
1168.0,1269.0,11115,20911,22603,21627,22028,21252,32767,32767,32767,32767,32767,2041.0,25000.0
1216.0,1088.0,9973,18165,20141,20022,20286,21284,32767,32767,32767,32767,32767,2119.0,25000.0
1277.0,1185.0,10638,18597,21056,21023,20849,21284,32767,32767,32767,32767,32767,1951.0,25000.0
1196.0,1113.0,10804,19462,22887,21524,23103,21284,32767,32767,32767,32767,32767,2085.0,25000.0
1196.0,1234.0,10140,19462,21514,20523,20849,21284,32767,32767,32767,32767,32767,1614.0,25000.0
1257.0,1258.0,10472,19462,21514,21023,21413,21284,32767,32767,32767,32767,32767,1850.0,25000.0
1257.0,1306.0,11137,20327,22887,22024,21413,21284,32767,32767,32767,32767,32767,1783.0,25000.0
1318.0,1427.0,11303,20327,21972,22525,21976,21284,32767,32767,32767,32767,32767,1951.0,25000.0
1399.0,1524.0,10804,20327,21972,22024,22540,21284,32767,32767,32767,32767,32767,2052.0,25000.0
1298.0,1379.0,11137,20760,21972,22525,22540,21284,32767,32767,32767,32767,32767,2085.0,25000.0
1237.0,1258.0,11303,21625,23345,22525,22540,21284,32767,32767,32767,32767,32767,1883.0,25000.0
1338.0,1379.0,11636,22490,24261,22525,23103,21284,32767,32767,32767,32767,32767,2119.0,25000.0
1476.0,1486.0,10592,18700,21354,21073,21158,21369,32767,32767,32767,32767,32767,2296.0,25000.0
1384.0,1404.0,11348,19192,22396,22212,21158,21369,32767,32767,32767,32767,32767,2526.0,25000.0
1361.0,1349.0,10781,19192,21875,20504,21158,21369,32767,32767,32767,32767,32767,1875.0,25000.0
1361.0,1376.0,11726,19192,22396,22212,21800,21369,32767,32767,32767,32767,32767,2717.0,25000.0
1338.0,1376.0,10592,19684,21875,21073,19876,21369,32767,32767,32767,32767,32767,1913.0,25000.0
1361.0,1266.0,10592,19684,21875,22782,21158,21369,32767,32767,32767,32767,32767,1913.0,25000.0
1384.0,1459.0,11159,20176,22917,21643,21800,21369,32767,32767,32767,32767,32767,1799.0,25000.0
1453.0,1486.0,11159,20668,23438,22782,22441,21369,32767,32767,32767,32767,32767,2066.0,25000.0
1499.0,1651.0,11915,21653,24480,24491,24364,21369,32767,32767,32767,32767,32767,2220.0,25000.0
1443.0,1416.0,10688,19367,21549,21840,21351,21564,32767,32767,32767,32767,32767,2201.0,25000.0
1490.0,1611.0,11070,19367,21024,22415,23292,21564,32767,32767,32767,32767,32767,2201.0,25000.0
1327.0,1416.0,11261,20360,22600,22415,21998,21564,32767,32767,32767,32767,32767,2201.0,25000.0
1373.0,1472.0,12024,21353,24177,23565,23292,21564,32767,32767,32767,32767,32767,2047.0,25000.0
1335.0,1393.0,10773,19131,21190,21112,21448,21896,32767,32767,32767,32767,32767,2180.0,25000.0
1189.0,1344.0,10773,19576,21661,21627,21448,21896,32767,32767,32767,32767,32767,1834.0,25000.0
1189.0,1294.0,10944,19576,22603,22142,21448,21896,32767,32767,32767,32767,32767,1765.0,25000.0
1210.0,1319.0,10089,19576,21661,20597,21448,21896,32767,32767,32767,32767,32767,1765.0,25000.0
1231.0,1319.0,10944,19576,21661,20597,21448,21896,32767,32767,32767,32767,32767,1730.0,25000.0
1210.0,1418.0,11628,20021,22603,22142,22028,21896,32767,32767,32767,32767,32767,1938.0,25000.0
1231.0,1344.0,11286,20021,23545,22142,22607,21896,32767,32767,32767,32767,32767,1834.0,25000.0
1210.0,1269.0,11115,20021,22132,21112,21448,21896,32767,32767,32767,32767,32767,1765.0,25000.0
1210.0,1319.0,11115,20021,23545,22657,22028,21896,32767,32767,32767,32767,32767,1972.0,25000.0
1356.0,1518.0,11286,20021,22132,20597,20868,21896,32767,32767,32767,32767,32767,2353.0,25000.0
1189.0,1319.0,11628,20021,23074,22142,21448,21896,32767,32767,32767,32767,32767,2041.0,25000.0
1231.0,1369.0,11286,20021,23545,22657,22607,21896,32767,32767,32767,32767,32767,1834.0,25000.0
1293.0,1344.0,11286,20021,22603,22142,21448,21896,32767,32767,32767,32767,32767,2180.0,25000.0
1189.0,1369.0,11286,20466,23074,22657,22028,21896,32767,32767,32767,32767,32767,1834.0,25000.0
1251.0,1393.0,11286,20466,22132,21627,22607,21896,32767,32767,32767,32767,32767,1972.0,25000.0
1272.0,1393.0,11628,20466,23074,22142,22028,21896,32767,32767,32767,32767,32767,1834.0,25000.0
1210.0,1344.0,11457,20911,23074,22142,22607,21896,32767,32767,32767,32767,32767,1799.0,25000.0
1272.0,1418.0,11457,20911,23545,22142,22028,21896,32767,32767,32767,32767,32767,1938.0,25000.0
1231.0,1443.0,12483,21356,24957,23172,23187,21896,32767,32767,32767,32767,32767,1938.0,25000.0
1298.0,1282.0,10638,18597,21514,20523,20849,21910,32767,32767,32767,32767,32767,2152.0,25000.0
1257.0,1234.0,10306,19462,21972,21524,21976,21910,32767,32767,32767,32767,32767,1816.0,25000.0
1196.0,1185.0,9475,19895,21972,21023,21413,21910,32767,32767,32767,32767,32767,1446.0,25000.0
1338.0,1451.0,11968,19895,23345,23526,22540,21910,32767,32767,32767,32767,32767,2220.0,25000.0
1257.0,1330.0,10804,20327,21514,21524,20849,21910,32767,32767,32767,32767,32767,1816.0,25000.0
1176.0,1234.0,11137,20327,22887,22024,21976,21910,32767,32767,32767,32767,32767,1850.0,25000.0
1237.0,1355.0,11303,20760,22887,23026,22540,21910,32767,32767,32767,32767,32767,1783.0,25000.0
1237.0,1306.0,11303,20760,23803,23526,22540,21910,32767,32767,32767,32767,32767,1715.0,25000.0
1318.0,1330.0,10804,20760,21972,22525,23103,21910,32767,32767,32767,32767,32767,1783.0,25000.0
1439.0,1500.0,12134,20760,23803,23026,23103,21910,32767,32767,32767,32767,32767,2354.0,25000.0
1379.0,1475.0,11636,20760,23345,22525,23103,21910,32767,32767,32767,32767,32767,1917.0,25000.0
1237.0,1161.0,11469,21192,22887,24527,23667,21910,32767,32767,32767,32767,32767,2018.0,25000.0
1257.0,1282.0,10638,21192,23803,22525,22540,21910,32767,32767,32767,32767,32767,1614.0,25000.0
1338.0,1431.0,11159,20176,22396,21643,20517,22081,32767,32767,32767,32767,32767,1875.0,25000.0
1476.0,1486.0,11348,20668,22396,22212,21800,22081,32767,32767,32767,32767,32767,2258.0,25000.0
1384.0,1459.0,11537,20668,23959,22212,22441,22081,32767,32767,32767,32767,32767,1875.0,25000.0
1292.0,1349.0,10781,20668,22396,22212,21800,22081,32767,32767,32767,32767,32767,1760.0,25000.0
1338.0,1349.0,11726,20668,22917,22212,20517,22081,32767,32767,32767,32767,32767,2105.0,25000.0
1453.0,1514.0,11348,21160,22917,22782,23082,22081,32767,32767,32767,32767,32767,1837.0,25000.0
1315.0,1431.0,12105,21160,25000,23352,23082,22081,32767,32767,32767,32767,32767,1913.0,25000.0
1384.0,1431.0,12105,21653,24480,23352,23082,22081,32767,32767,32767,32767,32767,2105.0,25000.0
1292.0,1376.0,11726,21653,24480,23352,23723,22081,32767,32767,32767,32767,32767,1875.0,25000.0
1523.0,1624.0,11915,21653,23959,24491,24364,22081,32767,32767,32767,32767,32767,2334.0,25000.0
1592.0,1541.0,11537,21653,25000,23921,24364,22081,32767,32767,32767,32767,32767,2105.0,25000.0
1684.0,1706.0,11726,21653,23959,23921,24364,22081,32767,32767,32767,32767,32767,2181.0,25000.0
1443.0,1333.0,9543,18374,21549,22415,21351,22283,32767,32767,32767,32767,32767,1892.0,25000.0
1490.0,1583.0,11261,19367,22600,22415,23292,22283,32767,32767,32767,32767,32767,2240.0,25000.0
1318.0,1330.0,11137,19895,22430,21524,23103,22536,32767,32767,32767,32767,32767,2152.0,25000.0
1845.0,2370.0,11137,20327,22887,23526,25921,22536,32767,32767,32767,32767,32767,2556.0,25000.0
1318.0,1306.0,11137,20327,22430,23026,22540,22536,32767,32767,32767,32767,32767,1951.0,25000.0
1257.0,1258.0,10804,20760,23345,22024,23103,22536,32767,32767,32767,32767,32767,1715.0,25000.0
1135.0,1088.0,10140,20760,22887,23526,21976,22536,32767,32767,32767,32767,32767,1446.0,25000.0
1216.0,1258.0,11137,21192,23345,23526,23103,22536,32767,32767,32767,32767,32767,1682.0,25000.0
1439.0,1500.0,11968,21192,23345,24027,23667,22536,32767,32767,32767,32767,32767,2119.0,25000.0
1257.0,1306.0,11636,22490,24718,24527,23667,22536,32767,32767,32767,32767,32767,1682.0,25000.0
1147.0,1244.0,8892,18686,20719,21627,22607,22540,32767,32767,32767,32767,32767,1626.0,25000.0
1189.0,1269.0,10602,19131,22132,21627,21448,22540,32767,32767,32767,32767,32767,1730.0,25000.0
1377.0,1493.0,11457,19576,22132,21112,22028,22540,32767,32767,32767,32767,32767,2180.0,25000.0
1314.0,1418.0,11970,20021,23074,22657,23187,22540,32767,32767,32767,32767,32767,2214.0,25000.0
1293.0,1369.0,10773,20021,21661,20597,21448,22540,32767,32767,32767,32767,32767,2041.0,25000.0
1251.0,1443.0,11457,20466,23545,22657,23187,22540,32767,32767,32767,32767,32767,1903.0,25000.0
1231.0,1418.0,11799,20466,23074,23172,23187,22540,32767,32767,32767,32767,32767,2007.0,25000.0
1231.0,1418.0,11286,20466,22603,22142,22607,22540,32767,32767,32767,32767,32767,1868.0,25000.0
1272.0,1369.0,11457,20466,22603,22142,22607,22540,32767,32767,32767,32767,32767,1868.0,25000.0
1502.0,1692.0,11286,20911,21661,22657,23187,22540,32767,32767,32767,32767,32767,2180.0,25000.0
1752.0,1717.0,12141,20911,23545,23687,23767,22540,32767,32767,32767,32767,32767,2387.0,25000.0
1272.0,1468.0,11799,20911,23545,21627,23187,22540,32767,32767,32767,32767,32767,2111.0,25000.0
1335.0,1518.0,11970,20911,23545,23172,23187,22540,32767,32767,32767,32767,32767,2249.0,25000.0
1397.0,1568.0,12312,21801,24957,23172,24346,22540,32767,32767,32767,32767,32767,2249.0,25000.0
1546.0,1569.0,11537,20668,23438,22212,22441,22793,32767,32767,32767,32767,32767,2143.0,25000.0
1569.0,1514.0,11726,21160,25000,23921,23723,22793,32767,32767,32767,32767,32767,2296.0,25000.0
1523.0,1541.0,11915,21653,25000,25060,25005,22793,32767,32767,32767,32767,32767,2220.0,25000.0
1476.0,1569.0,12105,21653,25000,24491,23723,22793,32767,32767,32767,32767,32767,1913.0,25000.0
1361.0,1514.0,12672,22145,25521,23921,23082,22793,32767,32767,32767,32767,32767,2105.0,25000.0
1384.0,1459.0,12294,22145,25000,23921,22441,22793,32767,32767,32767,32767,32767,1990.0,25000.0
1280.0,1250.0,12024,21353,24177,23565,24586,23001,32767,32767,32767,32767,32767,2163.0,25000.0
1560.0,1500.0,13169,22347,26280,25864,25233,23001,32767,32767,32767,32767,32767,2472.0,25000.0
1490.0,1583.0,12406,22347,25228,25289,25233,23001,32767,32767,32767,32767,32767,2047.0,25000.0
1211.0,1194.0,12597,22843,25754,25289,25233,23001,32767,32767,32767,32767,32767,1854.0,25000.0
1237.0,1209.0,10306,20327,22887,22024,21976,23162,32767,32767,32767,32767,32767,1547.0,25000.0
1602.0,1742.0,10638,20327,23803,22525,24230,23162,32767,32767,32767,32767,32767,1984.0,25000.0
1237.0,1282.0,10804,21192,23345,23526,22540,23162,32767,32767,32767,32767,32767,1581.0,25000.0
1460.0,1475.0,10804,21192,23345,22525,23667,23162,32767,32767,32767,32767,32767,2085.0,25000.0
1277.0,1355.0,11636,21192,23345,24527,23667,23162,32767,32767,32767,32767,32767,1917.0,25000.0
1277.0,1306.0,12301,21625,24261,24027,23667,23162,32767,32767,32767,32767,32767,2085.0,25000.0
1257.0,1306.0,11469,21625,23803,22525,23667,23162,32767,32767,32767,32767,32767,1850.0,25000.0
1318.0,1379.0,11469,21625,24261,23526,23667,23162,32767,32767,32767,32767,32767,1883.0,25000.0
1298.0,1379.0,11968,21625,23803,24527,24794,23162,32767,32767,32767,32767,32767,2085.0,25000.0
1358.0,1427.0,11303,21625,23803,23026,22540,23162,32767,32767,32767,32767,32767,1850.0,25000.0
1257.0,1234.0,11137,21625,23345,23526,23667,23162,32767,32767,32767,32767,32767,1850.0,25000.0
1358.0,1500.0,11636,21625,23345,24027,24794,23162,32767,32767,32767,32767,32767,2253.0,25000.0
1399.0,1355.0,11968,22922,24718,26029,25921,23162,32767,32767,32767,32767,32767,2422.0,25000.0
1358.0,1403.0,11137,23787,25634,24027,24230,23162,32767,32767,32767,32767,32767,1951.0,25000.0
1210.0,1269.0,11115,19576,22603,21112,22607,23184,32767,32767,32767,32767,32767,1903.0,25000.0
1168.0,1194.0,10602,20021,22603,22142,22028,23184,32767,32767,32767,32767,32767,1730.0,25000.0
1251.0,1493.0,11799,20466,23545,23172,23187,23184,32767,32767,32767,32767,32767,2041.0,25000.0
1231.0,1418.0,11628,20466,24016,22657,23187,23184,32767,32767,32767,32767,32767,1938.0,25000.0
1272.0,1369.0,11115,20911,23545,22142,22028,23184,32767,32767,32767,32767,32767,1765.0,25000.0
1397.0,1568.0,12141,20911,23074,23172,23187,23184,32767,32767,32767,32767,32767,2214.0,25000.0
1251.0,1493.0,11970,20911,23545,22657,22607,23184,32767,32767,32767,32767,32767,2041.0,25000.0
1251.0,1443.0,11970,20911,24016,23172,23767,23184,32767,32767,32767,32767,32767,2041.0,25000.0
1231.0,1344.0,11457,20911,24486,24202,24346,23184,32767,32767,32767,32767,32767,1695.0,25000.0
1314.0,1493.0,11799,21356,23545,22657,22607,23184,32767,32767,32767,32767,32767,2111.0,25000.0
1189.0,1244.0,11286,21356,23074,21627,23187,23184,32767,32767,32767,32767,32767,1765.0,25000.0
1293.0,1369.0,12141,21801,24957,23687,23767,23184,32767,32767,32767,32767,32767,1938.0,25000.0
1543.0,1717.0,12141,21801,24486,24202,24346,23184,32767,32767,32767,32767,32767,2111.0,25000.0
1272.0,1393.0,12141,22246,25428,24717,24926,23184,32767,32767,32767,32767,32767,1903.0,25000.0
1377.0,1543.0,12141,22246,24957,23687,23767,23184,32767,32767,32767,32767,32767,2076.0,25000.0
1231.0,1294.0,12483,22690,26370,25232,24346,23184,32767,32767,32767,32767,32767,1695.0,25000.0
1356.0,1369.0,13338,23135,26370,26262,25506,23184,32767,32767,32767,32767,32767,2180.0,25000.0
1489.0,1752.0,12206,20882,24403,23665,23806,23299,32767,32767,32767,32767,32767,2402.0,25000.0
1361.0,1404.0,10970,20668,23438,22782,22441,23506,32767,32767,32767,32767,32767,1722.0,25000.0
1407.0,1624.0,12105,21653,25521,23921,24364,23506,32767,32767,32767,32767,32767,1990.0,25000.0
1776.0,1871.0,12105,21653,25000,24491,25005,23506,32767,32767,32767,32767,32767,2105.0,25000.0
1546.0,1596.0,11915,21653,23959,23921,24364,23506,32767,32767,32767,32767,32767,2220.0,25000.0
1338.0,1431.0,11726,21653,23959,23352,21158,23506,32767,32767,32767,32767,32767,1760.0,25000.0
1453.0,1679.0,12672,22145,24480,24491,23723,23506,32767,32767,32767,32767,32767,2066.0,25000.0
1315.0,1376.0,11915,22145,24480,23921,23082,23506,32767,32767,32767,32767,32767,1684.0,25000.0
1315.0,1349.0,12105,22145,25000,23921,24364,23506,32767,32767,32767,32767,32767,1722.0,25000.0
1453.0,1679.0,13239,23129,25000,25060,24364,23506,32767,32767,32767,32767,32767,2181.0,25000.0
1746.0,1666.0,11070,19864,22075,22415,22645,23720,32767,32767,32767,32767,32767,2626.0,25000.0
1561.0,1645.0,10804,20760,23345,23526,23667,23788,32767,32767,32767,32767,32767,2388.0,25000.0
1338.0,1330.0,11303,21625,23345,23526,23667,23788,32767,32767,32767,32767,32767,1951.0,25000.0
1439.0,1669.0,11802,21625,22887,24527,25921,23788,32767,32767,32767,32767,32767,2354.0,25000.0
1237.0,1209.0,11636,22490,25176,24527,23667,23788,32767,32767,32767,32767,32767,1749.0,25000.0
1318.0,1548.0,11968,22490,24261,25028,24230,23788,32767,32767,32767,32767,32767,2052.0,25000.0
1460.0,1500.0,11636,22490,24261,24027,25357,23788,32767,32767,32767,32767,32767,2220.0,25000.0
1318.0,1427.0,11968,22922,25176,25528,25357,23788,32767,32767,32767,32767,32767,1816.0,25000.0
1379.0,1524.0,12467,22922,26092,25528,25921,23788,32767,32767,32767,32767,32767,1749.0,25000.0
1298.0,1427.0,12799,22922,26549,26029,25357,23788,32767,32767,32767,32767,32767,1917.0,25000.0
1399.0,1379.0,12799,23354,25634,25028,26484,23788,32767,32767,32767,32767,32767,2152.0,25000.0
1753.0,1896.0,13032,22938,27444,25971,25338,23818,32767,32767,32767,32767,32767,2482.0,25000.0
1730.0,1980.0,13415,24434,27972,27125,26637,23818,32767,32767,32767,32767,32767,2482.0,25000.0
1189.0,1369.0,11115,20466,22603,21112,22028,23828,32767,32767,32767,32767,32767,1903.0,25000.0
1314.0,1493.0,11970,20911,24016,23172,22607,23828,32767,32767,32767,32767,32767,2111.0,25000.0
1251.0,1319.0,11457,20911,24016,23172,23767,23828,32767,32767,32767,32767,32767,1868.0,25000.0
1335.0,1493.0,11628,20911,24486,22657,23767,23828,32767,32767,32767,32767,32767,1938.0,25000.0
1314.0,1418.0,11628,20911,23545,23172,23187,23828,32767,32767,32767,32767,32767,2145.0,25000.0
1356.0,1592.0,11799,20911,23545,23687,23187,23828,32767,32767,32767,32767,32767,2249.0,25000.0
1335.0,1543.0,12312,21356,24486,22657,23187,23828,32767,32767,32767,32767,32767,2180.0,25000.0
1356.0,1518.0,11970,21356,23545,23172,24346,23828,32767,32767,32767,32767,32767,2145.0,25000.0
1189.0,1319.0,12141,21801,24486,24202,24926,23828,32767,32767,32767,32767,32767,1834.0,25000.0
1272.0,1393.0,11970,21801,24486,23687,22607,23828,32767,32767,32767,32767,32767,1868.0,25000.0
1439.0,1717.0,12825,23135,25899,25747,26085,23828,32767,32767,32767,32767,32767,2249.0,25000.0
1314.0,1518.0,12483,23135,25899,25747,25506,23828,32767,32767,32767,32767,32767,1903.0,25000.0
1569.0,1596.0,12294,22145,25521,25060,23723,24218,32767,32767,32767,32767,32767,2258.0,25000.0
1615.0,1679.0,12294,22145,24480,25060,26288,24218,32767,32767,32767,32767,32767,2373.0,25000.0
1430.0,1431.0,11537,22145,25521,24491,24364,24218,32767,32767,32767,32767,32767,1607.0,25000.0
1361.0,1541.0,13050,22637,25521,25060,24364,24218,32767,32767,32767,32767,32767,2066.0,25000.0
1684.0,1706.0,12294,22637,26042,26199,25646,24218,32767,32767,32767,32767,32767,2296.0,25000.0
1453.0,1706.0,12483,23129,25521,25060,25005,24218,32767,32767,32767,32767,32767,2105.0,25000.0
1546.0,1734.0,13996,24113,26563,26199,25646,24218,32767,32767,32767,32767,32767,2602.0,25000.0
1338.0,1427.0,11469,20760,23345,24527,24230,24414,32767,32767,32767,32767,32767,2085.0,25000.0
1318.0,1451.0,12467,21625,24718,25028,24230,24414,32767,32767,32767,32767,32767,2018.0,25000.0
1906.0,2370.0,12134,22057,24718,25528,25921,24414,32767,32767,32767,32767,32767,2354.0,25000.0
1298.0,1379.0,11469,22057,24718,25028,24794,24414,32767,32767,32767,32767,32767,1547.0,25000.0
1379.0,1524.0,12301,22490,24718,25528,24794,24414,32767,32767,32767,32767,32767,2085.0,25000.0
1318.0,1379.0,11469,22490,25634,25028,25357,24414,32767,32767,32767,32767,32767,1581.0,25000.0
1602.0,1621.0,12134,22922,25176,25528,25921,24414,32767,32767,32767,32767,32767,2522.0,25000.0
1277.0,1403.0,11636,22922,24718,24527,25921,24414,32767,32767,32767,32767,32767,1682.0,25000.0
1216.0,1282.0,11469,22922,25176,25028,24794,24414,32767,32767,32767,32767,32767,1581.0,25000.0
1379.0,1403.0,11636,22922,26549,26530,25357,24414,32767,32767,32767,32767,32767,1682.0,25000.0
1298.0,1548.0,12467,22922,24718,26029,27611,24414,32767,32767,32767,32767,32767,1883.0,25000.0
1338.0,1427.0,12633,23354,25634,27030,25357,24414,32767,32767,32767,32767,32767,2018.0,25000.0
1338.0,1572.0,12633,23354,25176,25528,25357,24414,32767,32767,32767,32767,32767,2052.0,25000.0
1298.0,1451.0,12799,23354,26549,26029,25357,24414,32767,32767,32767,32767,32767,1883.0,25000.0
1439.0,1693.0,12965,23354,26092,27531,28175,24414,32767,32767,32767,32767,32767,2253.0,25000.0
1298.0,1524.0,12633,23354,25176,26029,26484,24414,32767,32767,32767,32767,32767,1984.0,25000.0
1277.0,1403.0,12134,24219,27465,26530,26484,24414,32767,32767,32767,32767,32767,1513.0,25000.0
1358.0,1379.0,13132,24219,26549,26530,26484,24414,32767,32767,32767,32767,32767,2152.0,25000.0
1277.0,1355.0,12301,24219,27007,26530,25921,24414,32767,32767,32767,32767,32767,1581.0,25000.0
1513.0,1555.0,12978,23836,26280,26438,25880,24439,32767,32767,32767,32767,32767,2163.0,25000.0
1293.0,1468.0,12312,21356,25428,24202,24926,24472,32767,32767,32767,32767,32767,1903.0,25000.0
1272.0,1369.0,12141,21356,24957,24202,24926,24472,32767,32767,32767,32767,32767,1730.0,25000.0
1231.0,1369.0,11799,21356,24016,23172,23767,24472,32767,32767,32767,32767,32767,1868.0,25000.0
1314.0,1393.0,11970,21801,25428,24717,24346,24472,32767,32767,32767,32767,32767,2249.0,25000.0
1272.0,1592.0,12825,22246,24957,24202,25506,24472,32767,32767,32767,32767,32767,2283.0,25000.0
1356.0,1418.0,12825,22246,24957,24717,24346,24472,32767,32767,32767,32767,32767,2249.0,25000.0
1460.0,1568.0,11970,22246,25428,24717,26085,24472,32767,32767,32767,32767,32767,2214.0,25000.0
1272.0,1418.0,12312,22246,24957,24717,24346,24472,32767,32767,32767,32767,32767,1834.0,25000.0
1314.0,1493.0,12141,22246,26370,24717,26665,24472,32767,32767,32767,32767,32767,1799.0,25000.0
1293.0,1443.0,11799,22690,25428,24202,26085,24472,32767,32767,32767,32767,32767,1834.0,25000.0
1314.0,1468.0,12141,22690,26370,24717,25506,24472,32767,32767,32767,32767,32767,1868.0,25000.0
1397.0,1667.0,13167,22690,25899,24717,25506,24472,32767,32767,32767,32767,32767,2249.0,25000.0
1356.0,1468.0,12654,23135,26370,26262,26085,24472,32767,32767,32767,32767,32767,2041.0,25000.0
1251.0,1393.0,12825,23135,26370,25232,24926,24472,32767,32767,32767,32767,32767,1938.0,25000.0
1335.0,1592.0,13338,23580,26370,25747,26085,24472,32767,32767,32767,32767,32767,2111.0,25000.0
1615.0,1679.0,12483,22637,25521,25630,24364,24930,32767,32767,32767,32767,32767,2105.0,25000.0
1869.0,1734.0,12483,22637,26563,25630,26288,24930,32767,32767,32767,32767,32767,2947.0,25000.0
1776.0,1871.0,12294,22637,26563,25630,25005,24930,32767,32767,32767,32767,32767,2181.0,25000.0
1684.0,1651.0,12483,22637,25521,25630,24364,24930,32767,32767,32767,32767,32767,2334.0,25000.0
1476.0,1651.0,13239,23621,26563,26199,26288,24930,32767,32767,32767,32767,32767,2028.0,25000.0
1569.0,1734.0,13239,24113,27605,26199,26929,24930,32767,32767,32767,32767,32767,2258.0,25000.0
1638.0,1982.0,13807,24113,26563,26199,26288,24930,32767,32767,32767,32767,32767,2449.0,25000.0
1638.0,1734.0,12861,24605,27084,26769,26929,24930,32767,32767,32767,32767,32767,1952.0,25000.0
1869.0,1761.0,13429,24605,27605,27338,26929,24930,32767,32767,32767,32767,32767,2794.0,25000.0
1419.0,1500.0,11802,22057,24718,24527,25921,25040,32767,32767,32767,32767,32767,2085.0,25000.0
1419.0,1403.0,11968,22490,24261,25028,25921,25040,32767,32767,32767,32767,32767,2052.0,25000.0
1419.0,1524.0,12301,22922,25634,26029,27048,25040,32767,32767,32767,32767,32767,2052.0,25000.0
1237.0,1330.0,12134,22922,26092,25528,25921,25040,32767,32767,32767,32767,32767,1614.0,25000.0
1358.0,1500.0,12633,23354,26092,27030,26484,25040,32767,32767,32767,32767,32767,1883.0,25000.0
1379.0,1475.0,12633,23354,26092,25528,25921,25040,32767,32767,32767,32767,32767,1783.0,25000.0
1257.0,1330.0,12633,23354,26549,26530,27048,25040,32767,32767,32767,32767,32767,1682.0,25000.0
1298.0,1451.0,13132,23354,26092,26029,26484,25040,32767,32767,32767,32767,32767,2253.0,25000.0
1318.0,1475.0,12633,23354,26092,27030,27048,25040,32767,32767,32767,32767,32767,1850.0,25000.0
1257.0,1330.0,12301,23787,26549,26530,27048,25040,32767,32767,32767,32767,32767,1648.0,25000.0
1298.0,1500.0,12965,24219,27007,27030,26484,25040,32767,32767,32767,32767,32767,1783.0,25000.0
1439.0,1500.0,12134,24219,27007,26530,27048,25040,32767,32767,32767,32767,32767,1614.0,25000.0
1210.0,1244.0,9576,20911,24486,23687,24926,25116,32767,32767,32767,32767,32767,1453.0,25000.0
1356.0,1642.0,12141,21801,25428,23687,24926,25116,32767,32767,32767,32767,32767,2111.0,25000.0
1356.0,1568.0,11799,22246,24957,25232,26085,25116,32767,32767,32767,32767,32767,2041.0,25000.0
1377.0,1518.0,12312,22690,26370,26262,26085,25116,32767,32767,32767,32767,32767,2145.0,25000.0
1210.0,1294.0,12825,22690,26370,26776,26085,25116,32767,32767,32767,32767,32767,2111.0,25000.0
1397.0,1667.0,12654,22690,25428,24202,26085,25116,32767,32767,32767,32767,32767,2145.0,25000.0
1418.0,1642.0,13167,23135,26841,25747,26665,25116,32767,32767,32767,32767,32767,2180.0,25000.0
1356.0,1418.0,12654,23580,26841,25747,26665,25116,32767,32767,32767,32767,32767,2249.0,25000.0
1280.0,1305.0,13169,23340,26280,27588,28468,25158,32767,32767,32767,32767,32767,2394.0,25000.0
1513.0,1666.0,14124,25326,28908,28163,29116,25158,32767,32767,32767,32767,32767,2163.0,25000.0
1777.0,1924.0,11499,21940,24277,28279,27937,25262,32767,32767,32767,32767,32767,2249.0,25000.0
1361.0,1624.0,13429,22637,26563,24491,25646,25643,32767,32767,32767,32767,32767,2143.0,25000.0
1753.0,2037.0,13996,25097,29167,28478,28852,25643,32767,32767,32767,32767,32767,2832.0,25000.0
1869.0,1954.0,13807,25097,29688,27908,28852,25643,32767,32767,32767,32767,32767,2602.0,25000.0
1569.0,1624.0,13996,25097,28646,28478,28211,25643,32767,32767,32767,32767,32767,2487.0,25000.0
2076.0,2504.0,13429,26081,29167,29617,28852,25643,32767,32767,32767,32767,32767,2526.0,25000.0
1569.0,1706.0,14374,26574,30730,30186,29493,25643,32767,32767,32767,32767,32767,2143.0,25000.0
1541.0,1693.0,12301,23354,26092,26530,27048,25666,32767,32767,32767,32767,32767,1984.0,25000.0
1399.0,1621.0,12799,23354,26549,28532,28738,25666,32767,32767,32767,32767,32767,2119.0,25000.0
1480.0,1717.0,11802,23787,26549,28031,27048,25666,32767,32767,32767,32767,32767,2253.0,25000.0
1257.0,1330.0,12301,24219,27007,25528,26484,25666,32767,32767,32767,32767,32767,1581.0,25000.0
1419.0,1621.0,13464,24219,27923,28031,27611,25666,32767,32767,32767,32767,32767,1883.0,25000.0
1318.0,1427.0,12467,24219,27007,28031,27048,25666,32767,32767,32767,32767,32767,1614.0,25000.0
1399.0,1596.0,13963,24652,27923,27531,28175,25666,32767,32767,32767,32767,32767,2186.0,25000.0
1196.0,1330.0,12965,24652,27923,28532,28175,25666,32767,32767,32767,32767,32767,1816.0,25000.0
1379.0,1548.0,12965,25084,26549,27030,26484,25666,32767,32767,32767,32767,32767,1951.0,25000.0
1379.0,1548.0,13963,25084,28380,28031,28175,25666,32767,32767,32767,32767,32767,1883.0,25000.0
1399.0,1500.0,12467,25084,28838,29533,27048,25666,32767,32767,32767,32767,32767,1917.0,25000.0
1581.0,1693.0,13132,25084,27465,28031,28738,25666,32767,32767,32767,32767,32767,2590.0,25000.0
1439.0,1693.0,13797,25517,28838,30033,28175,25666,32767,32767,32767,32767,32767,1984.0,25000.0
1358.0,1548.0,13464,26814,29296,30033,29865,25666,32767,32767,32767,32767,32767,1783.0,25000.0
1397.0,1667.0,12825,22690,25899,24717,26085,25759,32767,32767,32767,32767,32767,2318.0,25000.0
1397.0,1642.0,12825,23135,26841,26262,26665,25759,32767,32767,32767,32767,32767,2111.0,25000.0
1356.0,1493.0,12312,23135,25899,25747,27245,25759,32767,32767,32767,32767,32767,2145.0,25000.0
1543.0,1717.0,13167,23580,27783,26776,27824,25759,32767,32767,32767,32767,32767,2422.0,25000.0
1397.0,1692.0,13338,23580,26370,25747,26665,25759,32767,32767,32767,32767,32767,2180.0,25000.0
1377.0,1617.0,13338,24025,27312,26262,26665,25759,32767,32767,32767,32767,32767,2041.0,25000.0
1418.0,1493.0,14364,24470,28254,27291,27824,25759,32767,32767,32767,32767,32767,2456.0,25000.0
1585.0,1966.0,13509,24470,26841,26262,27245,25759,32767,32767,32767,32767,32767,2456.0,25000.0
1356.0,1568.0,12996,24470,27312,26262,26665,25759,32767,32767,32767,32767,32767,1903.0,25000.0
1585.0,1891.0,14022,24470,27312,26776,27824,25759,32767,32767,32767,32767,32767,2283.0,25000.0
2258.0,2472.0,13933,24830,26805,28163,27821,25877,32767,32767,32767,32767,32767,2742.0,25000.0
1699.0,1972.0,13551,25326,27856,28163,30410,25877,32767,32767,32767,32767,32767,2394.0,25000.0
1439.0,1790.0,11303,22057,25176,25028,25921,26292,32767,32767,32767,32767,32767,2119.0,25000.0
1439.0,1742.0,11469,22490,24718,26029,27611,26292,32767,32767,32767,32767,32767,2152.0,25000.0
1399.0,1524.0,12799,22922,25634,25528,25357,26292,32767,32767,32767,32767,32767,2052.0,25000.0
1399.0,1548.0,12301,23787,26549,26029,27611,26292,32767,32767,32767,32767,32767,1850.0,25000.0
1480.0,1693.0,12467,23787,26092,27030,27048,26292,32767,32767,32767,32767,32767,2018.0,25000.0
1338.0,1524.0,12134,23787,27007,28031,28175,26292,32767,32767,32767,32767,32767,2119.0,25000.0
1744.0,2104.0,12134,24219,27007,26530,27611,26292,32767,32767,32767,32767,32767,2354.0,25000.0
1581.0,1838.0,13464,24652,27923,28532,28175,26292,32767,32767,32767,32767,32767,2220.0,25000.0
1298.0,1451.0,12799,24652,27007,27531,26484,26292,32767,32767,32767,32767,32767,1850.0,25000.0
1277.0,1403.0,12799,24652,28380,27531,28175,26292,32767,32767,32767,32767,32767,1783.0,25000.0
1399.0,1572.0,14129,25084,28838,29533,28738,26292,32767,32767,32767,32767,32767,1951.0,25000.0
1318.0,1403.0,12799,25517,28380,28532,28175,26292,32767,32767,32767,32767,32767,1648.0,25000.0
1277.0,1330.0,13298,25517,28838,29533,29302,26292,32767,32767,32767,32767,32767,1715.0,25000.0
1379.0,1475.0,13630,25949,28380,30033,28738,26292,32767,32767,32767,32767,32767,2354.0,25000.0
1318.0,1572.0,13797,25949,29296,29533,28738,26292,32767,32767,32767,32767,32767,1883.0,25000.0
1521.0,1742.0,15126,25949,29754,30033,29865,26292,32767,32767,32767,32767,32767,2186.0,25000.0
1298.0,1475.0,12965,25949,28380,28532,28738,26292,32767,32767,32767,32767,32767,1715.0,25000.0
1961.0,2009.0,12861,24605,28125,27338,28852,26355,32767,32767,32767,32767,32767,2373.0,25000.0
1753.0,2119.0,13807,25097,30730,29047,30135,26355,32767,32767,32767,32767,32767,2449.0,25000.0
1592.0,1789.0,14185,25589,29688,27908,28852,26355,32767,32767,32767,32767,32767,1952.0,25000.0
1569.0,1844.0,14563,26081,29688,29047,28211,26355,32767,32767,32767,32767,32767,2334.0,25000.0
1546.0,1761.0,14563,26574,30730,29617,30776,26355,32767,32767,32767,32767,32767,2143.0,25000.0
1502.0,1742.0,13167,23135,26370,25747,27245,26403,32767,32767,32767,32767,32767,2249.0,25000.0
1606.0,1841.0,12996,23580,27312,27291,27824,26403,32767,32767,32767,32767,32767,2353.0,25000.0
1356.0,1642.0,13338,23580,27312,25747,26085,26403,32767,32767,32767,32767,32767,2283.0,25000.0
1356.0,1568.0,13167,24025,27312,26262,26085,26403,32767,32767,32767,32767,32767,1938.0,25000.0
1418.0,1717.0,13509,24470,28254,25747,27245,26403,32767,32767,32767,32767,32767,2180.0,25000.0
1585.0,1966.0,13851,24915,28254,27806,27824,26403,32767,32767,32767,32767,32767,2629.0,25000.0
1627.0,1991.0,13338,24915,28725,28836,28404,26403,32767,32767,32767,32767,32767,2422.0,25000.0
1305.0,1460.0,12875,25667,27627,28196,28341,26447,32767,32767,32767,32767,32767,1793.0,25000.0
1955.0,2111.0,12406,24333,26280,28737,31057,26595,32767,32767,32767,32767,32767,2201.0,25000.0
1917.0,2036.0,12649,23935,26388,29433,29886,26705,32767,32767,32767,32767,32767,2249.0,25000.0
1885.0,2177.0,12301,23787,27007,27030,28175,26918,32767,32767,32767,32767,32767,2556.0,25000.0
1196.0,1355.0,12467,24219,26549,27030,28175,26918,32767,32767,32767,32767,32767,1648.0,25000.0
1541.0,1766.0,12965,24652,27465,28031,28175,26918,32767,32767,32767,32767,32767,1951.0,25000.0
1460.0,1596.0,12301,24652,27465,27531,29302,26918,32767,32767,32767,32767,32767,1917.0,25000.0
1358.0,1548.0,14129,24652,28380,28532,28738,26918,32767,32767,32767,32767,32767,2085.0,25000.0
1541.0,1838.0,13132,24652,28380,28031,29865,26918,32767,32767,32767,32767,32767,2119.0,25000.0
1521.0,1766.0,12467,24652,25634,29533,30992,26918,32767,32767,32767,32767,32767,1951.0,25000.0
1460.0,1548.0,12965,25084,27923,29032,29302,26918,32767,32767,32767,32767,32767,1917.0,25000.0
1764.0,2153.0,13797,25084,27465,29533,29865,26918,32767,32767,32767,32767,32767,2186.0,25000.0
1358.0,1475.0,12633,25084,27923,28532,28175,26918,32767,32767,32767,32767,32767,1614.0,25000.0
1480.0,1742.0,13963,25084,29754,30033,29865,26918,32767,32767,32767,32767,32767,2119.0,25000.0
1298.0,1306.0,12633,25084,27465,28031,28738,26918,32767,32767,32767,32767,32767,1513.0,25000.0
1358.0,1548.0,13963,25517,28380,30033,29865,26918,32767,32767,32767,32767,32767,1951.0,25000.0
1460.0,1621.0,13132,25517,28380,29533,28738,26918,32767,32767,32767,32767,32767,1783.0,25000.0
1277.0,1427.0,13298,25949,28838,29032,28738,26918,32767,32767,32767,32767,32767,1715.0,25000.0
1379.0,1645.0,14461,25949,30211,29533,29302,26918,32767,32767,32767,32767,32767,1984.0,25000.0
1541.0,1742.0,13797,25949,29296,29533,30429,26918,32767,32767,32767,32767,32767,2152.0,25000.0
1521.0,1621.0,13963,25949,29296,30033,30429,26918,32767,32767,32767,32767,32767,2388.0,25000.0
1379.0,1403.0,13298,25949,29296,28532,29302,26918,32767,32767,32767,32767,32767,1883.0,25000.0
1318.0,1403.0,14129,26382,30211,29533,29865,26918,32767,32767,32767,32767,32767,1715.0,25000.0
1419.0,1742.0,13797,26382,29296,30534,29865,26918,32767,32767,32767,32767,32767,1984.0,25000.0
1338.0,1524.0,12965,26382,28838,30033,29865,26918,32767,32767,32767,32767,32767,1682.0,25000.0
1439.0,1596.0,14461,26382,30211,31535,30992,26918,32767,32767,32767,32767,32767,2052.0,25000.0
1399.0,1475.0,13797,26382,28838,29032,28738,26918,32767,32767,32767,32767,32767,2388.0,25000.0
1561.0,1814.0,13298,26814,29296,31035,30992,26918,32767,32767,32767,32767,32767,2085.0,25000.0
2068.0,2346.0,13963,27679,30211,31535,30992,26918,32767,32767,32767,32767,32767,2052.0,25000.0
1377.0,1592.0,13338,23580,26370,26262,27245,27047,32767,32767,32767,32767,32767,2111.0,25000.0
1606.0,1841.0,13338,24025,27783,27806,28404,27047,32767,32767,32767,32767,32767,2387.0,25000.0
1502.0,1816.0,14193,26250,29666,28836,30723,27047,32767,32767,32767,32767,32767,2111.0,25000.0
1730.0,2119.0,13618,26574,29167,29617,31417,27067,32767,32767,32767,32767,32767,2181.0,25000.0
1546.0,1734.0,14942,27066,31250,30756,30135,27067,32767,32767,32767,32767,32767,2066.0,25000.0
1606.0,1972.0,14314,25823,29959,29887,31057,27314,32767,32767,32767,32767,32767,2278.0,25000.0
1606.0,1750.0,14314,25823,29433,29312,31057,27314,32767,32767,32767,32767,32767,2394.0,25000.0
1490.0,1805.0,14505,26319,29959,29887,29763,27314,32767,32767,32767,32767,32767,2163.0,25000.0
1521.0,1814.0,12965,25084,27923,29032,28738,27544,32767,32767,32767,32767,32767,2052.0,25000.0
1581.0,2032.0,13132,25084,27923,28031,30429,27544,32767,32767,32767,32767,32767,2119.0,25000.0
1399.0,1645.0,13464,25517,28380,30033,30429,27544,32767,32767,32767,32767,32767,1883.0,25000.0
1257.0,1306.0,12799,25517,29296,29533,29302,27544,32767,32767,32767,32767,32767,1581.0,25000.0
1480.0,1645.0,13298,25517,28838,30033,29302,27544,32767,32767,32767,32767,32767,1783.0,25000.0
1561.0,1887.0,13630,25949,29754,30534,32119,27544,32767,32767,32767,32767,32767,1984.0,25000.0
1358.0,1524.0,13630,26382,29296,30033,29865,27544,32767,32767,32767,32767,32767,1749.0,25000.0
1581.0,2008.0,13630,26382,28838,30534,30429,27544,32767,32767,32767,32767,32767,2186.0,25000.0
1460.0,1717.0,13132,26382,29754,30033,30429,27544,32767,32767,32767,32767,32767,1783.0,25000.0
1379.0,1645.0,13464,26382,29754,30033,30992,27544,32767,32767,32767,32767,32767,2119.0,25000.0
1439.0,1766.0,13963,26382,29754,30534,29865,27544,32767,32767,32767,32767,32767,2085.0,25000.0
1480.0,1742.0,14129,26382,30211,30534,30992,27544,32767,32767,32767,32767,32767,1883.0,25000.0
1318.0,1524.0,13797,26382,30211,30534,30429,27544,32767,32767,32767,32767,32767,1850.0,25000.0
1318.0,1427.0,14295,26814,29296,30033,29302,27544,32767,32767,32767,32767,32767,1883.0,25000.0
1399.0,1548.0,14295,26814,29754,31035,30429,27544,32767,32767,32767,32767,32767,2186.0,25000.0
1480.0,1645.0,14461,26814,29296,31035,30992,27544,32767,32767,32767,32767,32767,2186.0,25000.0
1480.0,1814.0,14461,26814,31127,30534,29865,27544,32767,32767,32767,32767,32767,2152.0,25000.0
1338.0,1379.0,13797,26814,30211,29533,29865,27544,32767,32767,32767,32767,32767,2018.0,25000.0
1744.0,2129.0,14295,26814,30669,30534,30429,27544,32767,32767,32767,32767,32767,2522.0,25000.0
1480.0,1645.0,14295,27247,30211,30534,30992,27544,32767,32767,32767,32767,32767,1984.0,25000.0
1439.0,1669.0,14960,27247,30669,31035,29302,27544,32767,32767,32767,32767,32767,2085.0,25000.0
1521.0,1693.0,15293,27679,31585,31035,30992,27544,32767,32767,32767,32767,32767,2253.0,25000.0
2048.0,2298.0,14960,28112,31127,32536,30992,27544,32767,32767,32767,32767,32767,3094.0,25000.0
1502.0,1792.0,14364,25360,28725,28836,28404,27691,32767,32767,32767,32767,32767,2318.0,25000.0
1397.0,1667.0,14193,26250,30137,29351,30143,27691,32767,32767,32767,32767,32767,2111.0,25000.0
1523.0,1717.0,14535,27584,30608,29866,31302,27691,32767,32767,32767,32767,32767,2180.0,25000.0
1684.0,1706.0,13996,26081,30209,29617,30776,27780,32767,32767,32767,32767,32767,2334.0,25000.0
1638.0,1899.0,14563,27066,31771,31895,31417,27780,32767,32767,32767,32767,32767,2181.0,25000.0
1630.0,1805.0,14696,25823,30484,31036,32767,28033,32767,32767,32767,32767,32767,2896.0,25000.0
1419.0,1621.0,13963,25949,28380,30033,30429,28170,32767,32767,32767,32767,32767,1951.0,25000.0
1379.0,1572.0,12965,25949,28838,31035,32683,28170,32767,32767,32767,32767,32767,1984.0,25000.0
1399.0,1524.0,13630,26382,28380,30033,30429,28170,32767,32767,32767,32767,32767,1850.0,25000.0
1439.0,1742.0,14628,26814,31127,32036,31556,28170,32767,32767,32767,32767,32767,2388.0,25000.0
1439.0,1645.0,13963,26814,31127,32036,30992,28170,32767,32767,32767,32767,32767,1883.0,25000.0
1541.0,1742.0,13630,26814,29754,32036,30992,28170,32767,32767,32767,32767,32767,1951.0,25000.0
1379.0,1548.0,13630,27247,29296,32036,31556,28170,32767,32767,32767,32767,32767,1749.0,25000.0
1480.0,1742.0,14461,27247,30669,31035,30992,28170,32767,32767,32767,32767,32767,2085.0,25000.0
1419.0,1766.0,14295,27679,29754,31535,32119,28170,32767,32767,32767,32767,32767,2522.0,25000.0
1439.0,1548.0,13963,27679,31127,31035,30429,28170,32767,32767,32767,32767,32767,1648.0,25000.0
1480.0,1911.0,13797,27679,30669,32536,32767,28170,32767,32767,32767,32767,32767,2119.0,25000.0
1627.0,1866.0,13851,25360,29666,28836,28984,28335,32767,32767,32767,32767,32767,2111.0,25000.0
1502.0,1816.0,14535,25360,29666,29351,28984,28335,32767,32767,32767,32767,32767,2353.0,25000.0
1606.0,1991.0,14364,26250,29195,29866,29563,28335,32767,32767,32767,32767,32767,2526.0,25000.0
1585.0,1767.0,14364,27140,31550,30896,30143,28335,32767,32767,32767,32767,32767,2145.0,25000.0
1753.0,1927.0,15509,27558,31250,31895,32699,28492,32767,32767,32767,32767,32767,2602.0,25000.0
1845.0,2477.0,15131,27558,30730,31895,32058,28492,32767,32767,32767,32767,32767,2641.0,25000.0
1430.0,1514.0,15698,29034,32292,32767,32767,28492,32767,32767,32767,32767,32767,2181.0,25000.0
1419.0,1330.0,12965,25517,27923,29533,28738,28796,32767,32767,32767,32767,32767,1917.0,25000.0
1561.0,1790.0,13963,26814,30211,30534,31556,28796,32767,32767,32767,32767,32767,1883.0,25000.0
1419.0,1717.0,13797,27247,29754,31035,30429,28796,32767,32767,32767,32767,32767,2018.0,25000.0
1703.0,2008.0,14461,27247,29754,31035,31556,28796,32767,32767,32767,32767,32767,2253.0,25000.0
1439.0,1693.0,14129,27247,29296,29032,29302,28796,32767,32767,32767,32767,32767,2220.0,25000.0
1764.0,1983.0,14628,27679,31127,32036,30992,28796,32767,32767,32767,32767,32767,2623.0,25000.0
1439.0,1645.0,14461,27679,32042,32767,32683,28796,32767,32767,32767,32767,32767,2052.0,25000.0
1460.0,1814.0,14461,27679,32042,31535,30429,28796,32767,32767,32767,32767,32767,2085.0,25000.0
1521.0,2032.0,14794,28112,31127,32767,31556,28796,32767,32767,32767,32767,32767,2186.0,25000.0
1419.0,1621.0,14794,28112,31127,31035,30992,28796,32767,32767,32767,32767,32767,1917.0,25000.0
1723.0,2008.0,14628,28544,32500,32536,32683,28796,32767,32767,32767,32767,32767,2052.0,25000.0
1602.0,1911.0,15625,29409,32767,32536,32767,28796,32767,32767,32767,32767,32767,2321.0,25000.0
1570.0,1873.0,14547,27842,30850,30714,31175,28966,32767,32767,32767,32767,32767,2131.0,25000.0
1335.0,1543.0,14193,26695,30137,29866,31302,28979,32767,32767,32767,32767,32767,1903.0,25000.0
1585.0,2015.0,15219,26695,30608,29351,30143,28979,32767,32767,32767,32767,32767,2387.0,25000.0
1627.0,1991.0,14535,26695,31079,29351,30143,28979,32767,32767,32767,32767,32767,2283.0,25000.0
1460.0,1692.0,14877,27140,31079,29351,30143,28979,32767,32767,32767,32767,32767,2076.0,25000.0
2053.0,2174.0,14942,28542,32767,32464,32767,29204,32767,32767,32767,32767,32767,2411.0,25000.0
1661.0,1954.0,15320,29034,32767,32767,32767,29204,32767,32767,32767,32767,32767,2220.0,25000.0
2027.0,2491.0,12301,26814,30211,32036,32767,29422,32767,32767,32767,32767,32767,2422.0,25000.0
1399.0,1693.0,13963,27247,31127,32036,32119,29422,32767,32767,32767,32767,32767,1917.0,25000.0
1723.0,1935.0,14461,27247,29754,31535,31556,29422,32767,32767,32767,32767,32767,2186.0,25000.0
1460.0,1742.0,14295,27247,31127,31035,31556,29422,32767,32767,32767,32767,32767,1850.0,25000.0
1379.0,1645.0,14461,27679,30669,31035,30992,29422,32767,32767,32767,32767,32767,1917.0,25000.0
1926.0,2322.0,15957,27679,31585,32767,32767,29422,32767,32767,32767,32767,32767,2253.0,25000.0
1581.0,2104.0,14461,27679,29754,32536,32119,29422,32767,32767,32767,32767,32767,2321.0,25000.0
1561.0,2129.0,15459,28112,32042,32767,32767,29422,32767,32767,32767,32767,32767,2321.0,25000.0
1338.0,1475.0,14794,28544,31585,32036,32767,29422,32767,32767,32767,32767,32767,1648.0,25000.0
1744.0,2032.0,14295,28544,32042,32767,32767,29422,32767,32767,32767,32767,32767,2152.0,25000.0
1561.0,1838.0,14628,28544,32042,32536,32767,29422,32767,32767,32767,32767,32767,1951.0,25000.0
1500.0,2008.0,14628,28544,31585,32767,32767,29422,32767,32767,32767,32767,32767,2186.0,25000.0
1419.0,1717.0,15126,28544,32500,32767,32767,29422,32767,32767,32767,32767,32767,2052.0,25000.0
1541.0,1766.0,14628,28977,32500,32767,32767,29422,32767,32767,32767,32767,32767,2052.0,25000.0
1703.0,2129.0,15957,28977,32767,32767,32767,29422,32767,32767,32767,32767,32767,2220.0,25000.0
1683.0,1887.0,16290,29842,32767,32767,32767,29422,32767,32767,32767,32767,32767,2186.0,25000.0
2072.0,2222.0,14314,27809,31536,32186,32767,29471,32767,32767,32767,32767,32767,2626.0,25000.0
1502.0,1792.0,15048,26250,31550,30381,30723,29623,32767,32767,32767,32767,32767,2249.0,25000.0
1627.0,1941.0,14364,26250,32021,30896,31882,29623,32767,32767,32767,32767,32767,2283.0,25000.0
1481.0,1767.0,14364,27140,30608,30896,32767,29623,32767,32767,32767,32767,32767,2180.0,25000.0
1662.0,2008.0,13298,26814,29296,32036,31556,30048,32767,32767,32767,32767,32767,2220.0,25000.0
1581.0,2104.0,14628,27247,30669,31035,30429,30048,32767,32767,32767,32767,32767,2422.0,25000.0
1662.0,1959.0,14628,27247,32042,31535,32767,30048,32767,32767,32767,32767,32767,2354.0,25000.0
1439.0,1717.0,14628,27679,30669,32036,32683,30048,32767,32767,32767,32767,32767,1984.0,25000.0
1521.0,1983.0,14628,27679,30211,32767,32119,30048,32767,32767,32767,32767,32767,2220.0,25000.0
1662.0,2056.0,15459,27679,32042,32767,32683,30048,32767,32767,32767,32767,32767,2287.0,25000.0
1723.0,1935.0,14295,28112,31585,32767,32683,30048,32767,32767,32767,32767,32767,1951.0,25000.0
1419.0,1814.0,14628,28112,31585,32767,32767,30048,32767,32767,32767,32767,32767,1917.0,25000.0
1419.0,1621.0,14628,28544,32500,32767,32767,30048,32767,32767,32767,32767,32767,1783.0,25000.0
1602.0,2032.0,14794,28977,31585,32767,32767,30048,32767,32767,32767,32767,32767,2085.0,25000.0
1723.0,1862.0,14295,29409,31127,32767,32767,30048,32767,32767,32767,32767,32767,1951.0,25000.0
1825.0,2225.0,15957,31139,32767,32767,32767,30048,32767,32767,32767,32767,32767,2422.0,25000.0
1795.0,1971.0,15048,26972,29929,32767,32767,30225,32767,32767,32767,32767,32767,2605.0,25000.0
1530.0,1873.0,14212,27842,30389,31721,31741,30225,32767,32767,32767,32767,32767,2165.0,25000.0
1815.0,2165.0,14881,28712,32691,32728,32767,30225,32767,32767,32767,32767,32767,2233.0,25000.0
1710.0,2015.0,14364,27140,32021,31411,32767,30267,32767,32767,32767,32767,32767,2145.0,25000.0
1335.0,1518.0,14706,27584,31550,29351,30143,30267,32767,32767,32767,32767,32767,1868.0,25000.0
1585.0,1866.0,15048,28029,31550,31411,32767,30267,32767,32767,32767,32767,32767,2318.0,25000.0
1585.0,1866.0,15561,29364,32767,32767,32462,30267,32767,32767,32767,32767,32767,2249.0,25000.0
1439.0,1669.0,13797,28112,30211,31035,31556,30674,32767,32767,32767,32767,32767,1816.0,25000.0
1581.0,1766.0,14628,28977,32767,32536,32767,30674,32767,32767,32767,32767,32767,2052.0,25000.0
1622.0,2201.0,15293,28977,32500,32767,32767,30674,32767,32767,32767,32767,32767,2186.0,25000.0
1480.0,1621.0,14960,29409,32767,32767,32767,30674,32767,32767,32767,32767,32767,2119.0,25000.0
1602.0,2056.0,15625,29409,32767,32767,32767,30674,32767,32767,32767,32767,32767,2152.0,25000.0
1561.0,1766.0,14960,29409,32767,32767,32767,30674,32767,32767,32767,32767,32767,2018.0,25000.0
1561.0,1935.0,15957,29842,32767,32767,32767,30674,32767,32767,32767,32767,32767,2388.0,25000.0
1500.0,1887.0,14960,29842,32500,32767,32767,30674,32767,32767,32767,32767,32767,2152.0,25000.0
1541.0,1935.0,16124,29842,32767,32767,32767,30674,32767,32767,32767,32767,32767,2186.0,25000.0
1987.0,2201.0,15459,30274,32767,32767,32767,30674,32767,32767,32767,32767,32767,2287.0,25000.0
1703.0,2008.0,15625,30707,32767,32767,32767,30674,32767,32767,32767,32767,32767,2321.0,25000.0
1723.0,1959.0,16124,30707,32767,32767,32767,30674,32767,32767,32767,32767,32767,2253.0,25000.0
1733.0,2117.0,15550,29583,32767,32767,32767,30855,32767,32767,32767,32767,32767,2300.0,25000.0
1314.0,1543.0,14022,27584,31550,30381,32462,30911,32767,32767,32767,32767,32767,1868.0,25000.0
1523.0,1767.0,14877,28474,32492,31411,31882,30911,32767,32767,32767,32767,32767,2007.0,25000.0
1561.0,2080.0,14628,28977,31585,32767,32767,31300,32767,32767,32767,32767,32767,2220.0,25000.0
1804.0,2177.0,15126,28977,32042,32767,32767,31300,32767,32767,32767,32767,32767,2354.0,25000.0
1865.0,2056.0,14461,29409,32767,32767,32767,31300,32767,32767,32767,32767,32767,2119.0,25000.0
1561.0,2032.0,15625,29842,32767,32767,32767,31300,32767,32767,32767,32767,32767,2422.0,25000.0
1480.0,1790.0,16124,30274,32767,32767,32767,31300,32767,32767,32767,32767,32767,2085.0,25000.0
1521.0,1693.0,15126,30274,32767,32767,32767,31300,32767,32767,32767,32767,32767,1715.0,25000.0
1683.0,2491.0,14628,30274,32767,32767,32767,31300,32767,32767,32767,32767,32767,2489.0,25000.0
1460.0,1693.0,15957,30274,32767,32767,32767,31300,32767,32767,32767,32767,32767,1917.0,25000.0
1744.0,2201.0,14794,30707,32767,32767,32767,31300,32767,32767,32767,32767,32767,2422.0,25000.0
1439.0,1814.0,16124,31139,32767,32767,32767,31300,32767,32767,32767,32767,32767,2018.0,25000.0
1561.0,2249.0,15625,31572,32767,32767,32767,31300,32767,32767,32767,32767,32767,2455.0,25000.0
1804.0,2516.0,16955,31572,32767,32767,32767,31300,32767,32767,32767,32767,32767,2724.0,25000.0
2192.0,2670.0,16644,30018,32767,32767,32767,31341,32767,32767,32767,32767,32767,2908.0,25000.0
2328.0,2388.0,14887,28802,32767,32767,32767,31627,32767,32767,32767,32767,32767,2394.0,25000.0
1460.0,2249.0,14794,28977,32042,32767,32767,31926,32767,32767,32767,32767,32767,2287.0,25000.0
1744.0,2129.0,15126,29842,32767,32767,32767,31926,32767,32767,32767,32767,32767,2422.0,25000.0
1622.0,1790.0,15791,29842,32767,32767,32767,31926,32767,32767,32767,32767,32767,2018.0,25000.0
1602.0,2104.0,16124,31139,32767,32767,32767,31926,32767,32767,32767,32767,32767,2287.0,25000.0
1744.0,1983.0,15459,31572,32767,32767,32767,31926,32767,32767,32767,32767,32767,2052.0,25000.0
1683.0,2322.0,16290,32437,32767,32767,32767,31926,32767,32767,32767,32767,32767,2354.0,25000.0
1648.0,2040.0,16074,29364,32767,32767,32767,32199,32767,32767,32767,32767,32767,2283.0,25000.0
2142.0,2222.0,14505,29796,32767,32767,32767,32346,32767,32767,32767,32767,32767,2163.0,25000.0
1642.0,2008.0,14295,28977,32042,32767,32767,32552,32767,32767,32767,32767,32767,2253.0,25000.0
1723.0,1935.0,15459,29409,32767,32767,32767,32552,32767,32767,32767,32767,32767,2489.0,25000.0
1581.0,1935.0,14794,29409,32767,32767,32767,32552,32767,32767,32767,32767,32767,1984.0,25000.0
1784.0,2080.0,15293,29842,32767,32767,32767,32552,32767,32767,32767,32767,32767,2119.0,25000.0
1521.0,1693.0,15293,29842,32767,32767,32767,32552,32767,32767,32767,32767,32767,1951.0,25000.0
1784.0,2201.0,16456,30274,32767,32767,32767,32552,32767,32767,32767,32767,32767,2388.0,25000.0
1399.0,1596.0,15625,30274,32767,32767,32767,32552,32767,32767,32767,32767,32767,1850.0,25000.0
1865.0,2249.0,15625,30707,32767,32767,32767,32552,32767,32767,32767,32767,32767,2422.0,25000.0
1662.0,2056.0,15293,30707,32767,32767,32767,32552,32767,32767,32767,32767,32767,2052.0,25000.0
1784.0,2080.0,16290,31572,32767,32767,32767,32552,32767,32767,32767,32767,32767,2186.0,25000.0
1906.0,2540.0,15459,31572,32767,32767,32767,32552,32767,32767,32767,32767,32767,2522.0,25000.0
1500.0,1717.0,16124,32437,32767,32767,32767,32552,32767,32767,32767,32767,32767,1951.0,25000.0
1865.0,2177.0,15957,30707,32767,32767,32767,32767,32767,32767,32767,32767,32767,2556.0,25000.0
1662.0,2177.0,16789,30707,32767,32767,32767,32767,32767,32767,32767,32767,32767,2455.0,25000.0
1723.0,2249.0,15126,31139,32767,32767,32767,32767,32767,32767,32767,32767,32767,2287.0,25000.0
1815.0,2239.0,16587,31144,32767,32767,32767,32767,32767,32767,32767,32767,32767,2526.0,25000.0
2002.0,2277.0,15269,31285,32767,32767,32767,32767,32767,32767,32767,32767,32767,2317.0,25000.0
1521.0,1790.0,14628,31572,32767,32767,32767,32767,32767,32767,32767,32767,32767,1749.0,25000.0
1500.0,2298.0,14794,31572,32767,32767,32767,32767,32767,32767,32767,32767,32767,2287.0,25000.0
1906.0,2516.0,15459,31572,32767,32767,32767,32767,32767,32767,32767,32767,32767,2489.0,25000.0
2129.0,2467.0,15791,31572,32767,32767,32767,32767,32767,32767,32767,32767,32767,2724.0,25000.0
1439.0,1717.0,15459,31572,32767,32767,32767,32767,32767,32767,32767,32767,32767,2119.0,25000.0
2007.0,2298.0,15625,31572,32767,32767,32767,32767,32767,32767,32767,32767,32767,2422.0,25000.0
1835.0,2165.0,16245,31589,32767,32767,32767,32767,32767,32767,32767,32767,32767,2318.0,25000.0
2232.0,2737.0,16245,31589,32767,32767,32767,32767,32767,32767,32767,32767,32767,2733.0,25000.0
2235.0,2416.0,16223,31782,32767,32767,32767,32767,32767,32767,32767,32767,32767,2394.0,25000.0
2025.0,2250.0,15650,31782,32767,32767,32767,32767,32767,32767,32767,32767,32767,2278.0,25000.0
1358.0,1403.0,13132,32004,32767,32767,32767,32767,32767,32767,32767,32767,32767,1413.0,25000.0
1845.0,2564.0,16622,32004,32767,32767,32767,32767,32767,32767,32767,32767,32767,2892.0,25000.0
1784.0,2225.0,16789,32004,32767,32767,32767,32767,32767,32767,32767,32767,32767,2354.0,25000.0
2072.0,2444.0,16605,32278,32767,32767,32767,32767,32767,32767,32767,32767,32767,2626.0,25000.0
1561.0,2274.0,16456,32437,32767,32767,32767,32767,32767,32767,32767,32767,32767,2152.0,25000.0
1642.0,1959.0,15957,32437,32767,32767,32767,32767,32767,32767,32767,32767,32767,2052.0,25000.0
1561.0,1790.0,16290,32437,32767,32767,32767,32767,32767,32767,32767,32767,32767,2052.0,25000.0
2169.0,2757.0,17287,32437,32767,32767,32767,32767,32767,32767,32767,32767,32767,3027.0,25000.0
1683.0,2129.0,16456,32437,32767,32767,32767,32767,32767,32767,32767,32767,32767,2287.0,25000.0
1987.0,2516.0,16955,32437,32767,32767,32767,32767,32767,32767,32767,32767,32767,2758.0,25000.0
1845.0,2370.0,18118,32767,32767,32767,32767,32767,32767,32767,32767,32767,32767,2354.0,25000.0
2352.0,3290.0,18617,32767,32767,32767,32767,32767,32767,32767,32767,32767,32767,3296.0,25000.0
2372.0,3096.0,18451,32767,32767,32767,32767,32767,32767,32767,32767,32767,32767,3061.0,25000.0
1987.0,2491.0,16622,32767,32767,32767,32767,32767,32767,32767,32767,32767,32767,2657.0,25000.0
1460.0,2129.0,16290,32767,32767,32767,32767,32767,32767,32767,32767,32767,32767,2186.0,25000.0
1541.0,1814.0,16789,32767,32767,32767,32767,32767,32767,32767,32767,32767,32767,1883.0,25000.0
2419.0,3011.0,20007,32767,32767,32767,32767,32767,32767,32767,32767,32767,32767,3148.0,25000.0
2088.0,2540.0,18949,32767,32767,32767,32767,32767,32767,32767,32767,32767,32767,2691.0,25000.0
1865.0,2346.0,16290,32767,32767,32767,32767,32767,32767,32767,32767,32767,32767,2489.0,25000.0
1764.0,2491.0,17620,32767,32767,32767,32767,32767,32767,32767,32767,32767,32767,2522.0,25000.0
2109.0,2612.0,17453,32767,32767,32767,32767,32767,32767,32767,32767,32767,32767,2623.0,25000.0
1744.0,2032.0,16789,32767,32767,32767,32767,32767,32767,32767,32767,32767,32767,2186.0,25000.0
1784.0,2757.0,18285,32767,32767,32767,32767,32767,32767,32767,32767,32767,32767,2825.0,25000.0
2088.0,2854.0,18118,32767,32767,32767,32767,32767,32767,32767,32767,32767,32767,2993.0,25000.0
2007.0,2491.0,16622,32767,32767,32767,32767,32767,32767,32767,32767,32767,32767,2522.0,25000.0
2109.0,3338.0,18783,32767,32767,32767,32767,32767,32767,32767,32767,32767,32767,3128.0,25000.0
1845.0,2709.0,17620,32767,32767,32767,32767,32767,32767,32767,32767,32767,32767,2724.0,25000.0
2169.0,2636.0,17952,32767,32767,32767,32767,32767,32767,32767,32767,32767,32767,2590.0,25000.0
