B01,B02,B04,B05,B06,B07,B08,B09,B10,B11,B12,B13,B14,B3N,quality
1512,1708,3604,2338,2273,580,539,299,13850,15230,16770,19090,19470,2226,15138
653,519,1057,717,620,647,433,431,11700,12460,13440,15930,16720,942,11355
575,434,1075,764,626,680,452,453,13000,14230,15370,17800,18480,862,17162
686,526,1364,925,804,813,536,472,12710,13920,14970,17480,18260,1247,14642
870,725,1975,982,984,896,621,474,12690,13700,14820,17360,18150,2530,25000
858,664,1911,1035,984,896,621,474,12950,14050,15130,17680,18390,2581,25000
829,615,1868,976,927,864,618,488,12380,13420,14530,16890,17690,2489,16301
614,466,1110,846,678,761,495,489,12820,14050,15150,17550,18280,840,13644
858,694,1911,982,933,843,601,491,12680,13710,14850,17320,18110,2658,25000
870,710,2007,1008,958,896,642,491,12780,13980,15060,17630,18370,2505,25000
882,740,1975,1008,958,922,642,491,12860,13960,15060,17550,18350,2453,25000
846,694,2039,1035,1034,922,642,491,13080,14280,15450,17890,18740,2326,25000
858,725,2007,1035,1009,948,642,491,12850,13960,15030,17590,18360,2479,25000
870,725,1848,982,984,843,580,509,12570,13650,14700,17180,17960,2607,25000
846,694,1943,982,1009,896,621,509,12910,14130,15240,17790,18480,2453,25000
786,604,1657,982,959,896,601,509,12830,13920,14990,17580,18360,1918,25000
858,725,1975,1035,984,896,663,509,12840,13900,15050,17510,18280,2377,25000
858,679,1943,982,958,922,621,509,12740,13800,14820,17370,18210,2581,25000
870,710,1975,1061,1034,922,642,509,12860,14000,15110,17610,18380,2326,25000
858,679,2039,1061,1009,948,684,509,12670,13760,14880,17370,18110,2479,25000
882,710,2134,1088,1009,948,684,509,12990,14020,15210,17660,18380,2581,25000
822,649,1880,1009,984,949,642,509,12840,13970,15070,17630,18430,2199,25000
859,726,1978,1063,1035,923,643,510,13160,14300,15420,17980,18740,2406,25000
861,723,1761,978,961,906,611,517,11550,12390,13370,15820,16640,2166,14075
1228,974,2264,1131,1103,1037,657,518,12520,13510,14480,16930,17600,3521,19518
659,569,1296,1001,851,837,555,522,13570,14930,16280,18640,19290,913,17328
853,615,1963,1081,978,916,638,523,12400,13500,14590,17080,17760,2769,16433
939,767,1967,1031,980,945,660,524,12490,13570,14620,17170,17900,2902,16656
710,619,1166,883,783,818,574,525,12680,13960,15110,17570,18290,793,16343
882,710,2039,1061,1009,896,663,526,13090,14330,15520,18010,18680,2402,25000
834,710,2039,1035,1009,922,663,526,13040,14120,15130,17710,18540,2377,25000
882,679,1943,1035,984,948,663,526,12530,13580,14570,17160,17900,2632,25000
858,740,2071,1035,1059,975,704,526,13150,14310,15400,17930,18690,2249,25000
846,725,2103,1088,1085,975,705,527,13510,14650,15800,18340,19110,2199,25000
1096,908,1567,986,910,950,634,537,12720,13680,14740,17290,17970,1788,19102
742,686,1409,913,806,809,560,539,12300,13320,14260,16940,17710,1099,12951
816,649,1918,1043,961,1003,713,539,11760,12530,13530,16150,17060,2418,14640
659,584,1359,974,901,889,617,540,13790,15230,16530,18940,19470,837,17086
841,660,1836,1029,978,890,618,541,12560,13600,14730,17170,17920,2362,16554
817,660,1931,1108,978,969,659,541,12760,13990,15000,17430,18190,2337,16904
841,630,2026,1108,1053,1021,700,541,12670,13800,14880,17370,18090,2769,16911
830,616,1935,1031,980,971,660,542,12690,13760,14780,17380,18110,2749,17048
914,692,2094,1110,1080,971,701,542,12850,14060,15160,17610,18350,2876,17336
870,710,1911,1008,984,948,663,544,12230,13310,14320,16780,17570,2300,25000
846,725,1943,1035,984,948,684,544,12770,13870,14910,17450,18230,2198,25000
858,695,1912,1088,1060,949,663,544,13080,14200,15330,17870,18700,2122,25000
906,785,1975,1114,1059,975,725,544,13110,14210,15420,17900,18690,2172,25000
846,680,1976,1115,1085,975,684,544,13120,14310,15490,18010,18720,2301,25000
834,710,1976,1115,1110,975,705,544,12780,13890,14940,17450,18260,2045,25000
822,680,1976,1115,1060,1001,725,544,12860,13910,15000,17580,18410,2301,25000
894,725,2167,1115,1110,1001,684,544,13160,14270,15410,17960,18760,2531,25000
894,770,2198,1194,1135,1054,746,544,13010,14110,15340,17820,18580,2402,25000
804,770,1519,1030,951,876,597,545,12400,13500,14670,17140,17890,1020,16617
920,801,2265,1302,1288,976,830,545,14020,15340,16560,19080,19820,2227,25000
859,680,2105,1089,1086,1002,705,545,13300,14460,15580,18160,18880,2687,25000
883,741,2074,1089,1035,1002,705,545,13340,14450,15580,18220,18930,2483,25000
835,680,2105,1089,1086,1002,664,545,13360,14430,15560,18190,18970,2610,25000
1413,1353,2368,1306,1213,1152,815,556,12680,13720,14820,17280,17950,3297,19231
1519,1205,2612,1247,1241,1181,793,556,12830,13900,14940,17420,18180,4135,19509
1391,1183,1170,922,876,889,637,557,12220,13260,14300,16880,17670,1192,16913
875,704,2213,1185,1176,1124,740,557,12980,14130,15350,17700,18400,2638,20000
913,705,2026,1108,1053,969,679,558,12200,13400,14480,16810,17580,2794,16032
829,675,2058,1187,1078,995,721,558,12620,13720,14770,17260,18060,2184,16586
841,660,2280,1187,1153,1047,721,558,12950,14140,15300,17750,18420,2921,17448
846,686,1839,978,961,971,636,561,11740,12750,13760,16200,16990,2229,14512
905,742,2035,1076,1053,1003,687,561,11710,12610,13540,16050,16920,2732,14609
965,816,2153,1011,1022,1068,662,561,11830,12760,13680,16070,16940,3077,14897
786,604,1689,1035,984,949,663,562,12810,13850,14960,17480,18300,1790,25000
919,770,1848,1062,1034,975,725,562,12560,13600,14670,17160,18050,2199,25000
870,740,2102,1088,1084,975,725,562,13120,14250,15390,17900,18550,2351,25000
870,755,2102,1088,1084,975,704,562,13150,14320,15380,17940,18670,2249,25000
870,755,2071,1115,1085,1001,705,562,13280,14410,15570,18140,18890,2199,25000
846,725,2167,1141,1135,1001,725,562,13410,14570,15750,18310,19020,2301,25000
882,755,2102,1141,1110,1001,725,562,13220,14400,15610,18100,18860,2147,25000
822,679,1879,1168,1110,1001,684,562,12330,13410,14420,16960,17810,2300,25000
870,725,2007,1114,1084,1027,684,562,12880,13910,14980,17540,18280,2249,25000
882,770,2103,1141,1110,1028,725,562,13420,14570,15760,18280,18950,2071,25000
882,770,2167,1168,1110,1054,705,562,13060,14240,15320,17900,18670,2480,25000
883,756,2137,1196,1162,1082,747,562,13440,14650,15740,18290,19020,2124,25000
887,749,2243,1237,1175,1176,781,574,12750,13870,15000,17400,18180,2256,19967
707,644,1486,1080,976,941,658,575,13530,14860,16170,18540,18990,1091,17882
815,719,1960,1185,1176,1072,740,575,13360,14680,15880,18190,18870,1547,19096
829,690,1805,1055,978,969,679,576,12110,13130,14220,16600,17350,1930,15166
925,795,1805,1134,1003,969,679,576,12450,13570,14750,17140,17830,2083,15996
853,690,1995,1055,1028,995,679,576,12930,14070,15200,17650,18450,2337,17193
817,660,1900,1081,1078,995,659,576,12390,13460,14470,16920,17730,2464,16285
889,705,2026,1134,1028,1021,679,576,12580,13680,14820,17300,18030,2540,16629
1321,1073,1881,1015,965,1037,702,576,12630,13650,14620,17220,17910,2822,19486
1242,1023,2403,1277,1241,1210,793,576,12500,13570,14620,17070,17850,3102,19466
1519,1238,2717,1393,1296,1238,815,576,13010,14080,15150,17570,18300,3632,19812
758,601,1618,1110,980,997,640,577,12930,14180,15330,17650,18440,1374,15382
914,737,2157,1163,1080,1076,722,577,13180,14500,15710,18120,18820,2851,17573
846,680,2040,1062,1034,1001,725,579,12830,13910,15030,17600,18410,2531,25000
870,770,2103,1141,1110,1001,746,579,13400,14600,15790,18250,18980,2071,25000
894,800,2102,1141,1110,1027,746,579,12900,13920,15010,17510,18260,2300,25000
834,680,2008,1141,1085,1028,746,579,13150,14370,15450,17960,18680,2224,25000
858,710,2135,1141,1161,1054,746,579,13270,14370,15510,18000,18810,2454,25000
798,619,2008,1221,1110,1081,746,579,13870,15020,16130,18900,19610,2429,25000
942,830,2166,1141,1135,1106,725,579,13190,14340,15500,18050,18670,2479,25000
906,785,2294,1221,1185,1106,787,579,13010,14210,15290,17860,18560,2632,25000
858,695,2167,1168,1161,1107,767,579,13530,14690,15850,18440,19200,2582,25000
859,711,1978,1143,1086,1002,705,580,13250,14420,15490,18120,18900,2227,25000
883,711,2169,1143,1111,1055,705,580,13760,15020,16160,19060,19800,2610,25000
950,835,1644,1011,930,939,687,582,11040,11830,12740,15140,15990,2292,13096
831,705,1800,1011,930,971,687,582,11340,12170,13040,15470,16350,1852,13114
1306,1354,1683,1076,961,1003,763,582,11460,12310,13300,15730,16590,2763,13397
980,816,2192,1174,1146,1100,763,582,12160,13210,14150,16630,17410,2732,15378
887,689,2213,1238,1176,1150,761,592,13510,14850,16100,18430,19110,2485,20000
853,675,1963,1160,1053,1073,700,593,12410,13510,14610,17060,17830,2413,16294
853,765,2153,1240,1178,1073,741,593,12910,14060,15270,17670,18390,2235,17071
866,707,1618,1004,929,892,660,594,11870,12970,13950,16390,17160,1884,14733
975,722,2253,1189,1080,1049,722,594,12220,13280,14360,16810,17600,3436,16307
1361,1106,2508,1247,1268,1181,747,595,12500,13480,14540,16960,17760,3381,19242
870,740,2071,1141,1110,1001,746,597,13420,14580,15630,18190,18960,2122,25000
858,725,2008,1088,1110,1054,725,597,13040,14210,15320,17840,18620,2097,25000
870,800,2134,1141,1135,1054,766,597,13400,14540,15670,18190,18920,2019,25000
870,740,2039,1168,1160,1054,766,597,12990,14050,15300,17640,18430,1968,25000
834,710,1943,1114,1110,1080,746,597,13350,14520,15650,18230,18970,2121,25000
918,815,2166,1141,1135,1080,766,597,13200,14320,15420,17930,18600,2121,25000
882,770,2262,1194,1185,1133,829,597,13050,14080,15190,17760,18540,2377,25000
967,800,2294,1221,1236,1133,808,597,13170,14460,15630,18160,18850,2428,25000
859,726,2074,1116,1086,1002,726,598,13380,14450,15630,18140,18930,2252,25000
835,695,2074,1116,1061,1002,747,598,13260,14420,15540,18080,18870,2201,25000
871,726,2074,1169,1061,1002,726,598,13300,14420,15640,18130,19000,2380,25000
871,756,1882,1116,1111,1055,747,598,13710,14940,16190,18740,19550,1689,25000
871,726,2233,1169,1111,1055,747,598,13510,14720,15920,18460,19220,2559,25000
871,756,2169,1169,1111,1055,747,598,13630,14880,16040,18610,19310,2355,25000
883,756,2233,1196,1187,1055,768,598,13630,14830,16060,18660,19380,2278,25000
859,695,2105,1196,1137,1082,768,598,13550,14710,15840,18400,19120,2278,25000
907,756,2297,1169,1162,1108,788,598,13580,14690,15880,18430,19230,2764,25000
895,726,2042,1169,1162,1108,747,598,13680,14940,16000,18620,19400,2227,25000
1009,816,1487,880,837,906,636,604,11160,12060,12900,15380,16200,2292,13253
831,668,1918,1011,961,939,713,604,11570,12360,13280,15780,16610,2229,14218
802,705,1879,1076,1053,971,662,604,11440,12230,12980,15540,16460,2009,13647
876,742,1957,1043,1022,1003,713,604,11610,12430,13320,15800,16650,2261,14237
816,668,1918,1076,991,1003,687,604,11570,12370,13240,15760,16640,2072,13990
980,909,2035,1108,1084,1100,713,604,11830,12760,13680,16220,17030,2418,14551
923,793,2401,1289,1225,1176,842,609,13100,14270,15510,17960,18670,2458,20000
841,735,2026,1213,1103,1021,762,610,12500,13580,14750,17230,17990,2083,16226
743,704,1707,1132,1026,1072,699,610,13600,14960,16210,18730,19300,989,17592
851,659,2213,1238,1176,1098,740,610,13240,14450,15550,18100,18770,2612,20000
863,719,2150,1290,1226,1124,802,610,12880,14120,15320,17670,18400,2333,20000
1033,840,2375,1240,1228,1126,762,610,12410,13460,14650,17040,17690,3353,16411
911,734,2150,1211,1226,1150,802,610,13110,14320,15510,17860,18530,2308,20000
1057,975,2058,1292,1153,1152,782,610,13030,14330,15580,18030,18670,2159,16803
842,737,1935,1163,1130,1049,784,612,12430,13500,14510,17070,17750,1833,15649
951,797,2411,1216,1206,1154,784,612,13160,14420,15630,18020,18630,2647,17472
1003,876,1243,1115,1009,790,601,614,12490,13700,14920,17360,17960,1329,12676
1255,1106,1532,1073,965,979,634,614,12530,13600,14640,17130,17810,2626,19294
906,770,2039,1114,1084,1054,766,614,12710,13790,14850,17450,18150,2172,25000
918,800,2071,1141,1110,1054,766,614,12550,13690,14660,17230,18030,2351,25000
858,785,2134,1221,1185,1080,787,614,13490,14570,15760,18280,19080,1840,25000
906,800,2199,1248,1186,1081,808,614,13340,14520,15640,18230,18910,2173,25000
906,800,2102,1168,1160,1106,787,614,12750,13850,14920,17440,18210,2223,25000
846,755,2134,1168,1185,1106,808,614,13170,14270,15380,17970,18760,2070,25000
882,755,2135,1168,1161,1107,767,614,13060,14160,15220,17840,18630,2173,25000
858,695,2167,1195,1186,1107,767,614,13670,14870,16050,18680,19380,2378,25000
834,695,2135,1168,1161,1133,767,614,13450,14630,15690,18300,19060,2173,25000
942,891,2325,1194,1185,1133,808,614,13060,14240,15400,17940,18620,2300,25000
894,770,2230,1247,1211,1133,808,614,13330,14520,15740,18160,18810,2172,25000
894,830,2294,1221,1211,1159,808,614,13630,14750,16030,18510,19240,2147,25000
942,921,2230,1274,1236,1159,849,614,13520,14830,15920,18480,19150,1917,25000
931,891,2358,1248,1262,1160,829,614,13690,14990,16160,18700,19420,2199,25000
918,800,2357,1221,1261,1185,808,614,12840,14060,15130,17610,18490,2709,25000
1493,1287,2960,1422,1406,1325,883,614,12790,13760,14900,17300,18100,4191,19352
1545,1353,2926,1480,1406,1354,906,614,12730,13720,14750,17210,17940,4107,19173
1506,1419,2960,1451,1461,1411,974,614,12910,13990,15070,17480,18210,3577,19480
871,741,2010,1116,1086,1055,747,615,13740,14860,15950,18550,19300,1919,25000
847,650,2233,1169,1111,1055,747,615,13370,14430,15510,18190,18940,2892,25000
859,726,2105,1222,1187,1082,768,615,13640,14850,16030,18690,19380,1894,25000
859,741,2201,1169,1137,1108,768,615,13690,14880,16010,18610,19350,2303,25000
920,831,2201,1196,1238,1108,809,615,13700,14930,16030,18590,19360,2124,25000
846,740,2104,1248,1237,1134,809,615,13550,14720,15890,18360,19170,2021,25000
994,853,2074,1174,1084,1036,738,625,11810,12780,13670,16170,16960,2512,14605
1069,1131,1918,1108,1115,1068,738,625,11820,12710,13690,16260,17060,1852,13769
757,575,1996,1174,1053,1068,713,625,12170,13060,14120,16620,17480,2323,15381
861,742,1996,1141,1115,1100,763,625,11800,12680,13680,16240,17050,2135,14486
958,778,2306,1210,1175,1149,781,626,13050,14240,15390,17800,18480,2965,20000
958,883,2369,1368,1326,1306,883,626,13210,14460,15580,17990,18710,2205,20000
911,749,2308,1343,1251,1229,822,627,13510,14970,16190,18470,19110,2714,20000
1007,914,2466,1369,1276,1229,843,627,13160,14310,15470,17990,18640,2840,20000
959,824,2339,1317,1301,1751,822,627,12710,13950,15080,17440,18100,2206,19721
877,795,1868,1108,1103,1021,741,628,12650,13790,14860,17480,18200,1753,15793
889,765,2343,1266,1278,1231,824,628,12910,14130,15290,17670,18350,2489,17171
927,812,2221,1216,1181,1076,805,629,12640,13850,14980,17440,18130,2316,16638
939,872,2221,1189,1231,1102,846,629,12860,14020,15190,17650,18360,2138,16827
890,752,2157,1216,1155,1102,784,629,12790,13920,15040,17470,18150,2342,17006
927,827,2284,1242,1206,1154,784,629,12930,14000,15290,17660,18400,2291,17129
1100,966,1402,1088,933,948,663,632,11170,12160,13170,15600,16310,1815,11307
882,755,2039,1114,1110,1027,766,632,12650,13800,14900,17360,18080,2198,25000
870,725,2008,1195,1110,1054,787,632,13200,14360,15460,18050,18820,2020,25000
834,815,1911,1168,1160,1080,787,632,12640,13740,14750,17280,18100,1457,25000
894,785,2166,1194,1185,1080,808,632,12940,14020,15160,17660,18390,2096,25000
834,710,2008,1195,1161,1081,767,632,13090,14100,15190,17780,18610,1866,25000
834,695,2199,1195,1262,1107,787,632,13620,14830,15960,18470,19310,2275,25000
810,665,1976,1141,1186,1133,787,632,13040,14210,15350,17840,18460,2045,25000
834,755,2167,1168,1161,1133,808,632,13540,14680,15820,18310,19040,2199,25000
882,846,2295,1221,1186,1133,829,632,13810,15060,16210,18680,19350,2097,25000
918,845,2294,1247,1236,1133,808,632,13760,14960,16120,18590,19360,2198,25000
906,845,2453,1300,1362,1212,870,632,14030,15370,16470,18990,19740,2198,25000
967,876,2325,1300,1261,1212,870,632,13300,14480,15640,18200,18940,2453,25000
967,830,2485,1353,1337,1212,870,632,13340,14570,15770,18330,19080,2683,25000
894,710,2390,1327,1312,1239,870,632,13990,15190,16380,18940,19690,2506,25000
858,770,2325,1327,1261,1264,849,632,13610,14850,15980,18470,19200,2121,25000
979,891,2517,1353,1311,1264,870,632,13390,14550,15740,18260,18970,2428,25000
1065,877,1659,1196,1061,950,747,633,10960,11960,12990,15290,15940,2329,12630
883,711,2169,1169,1137,1082,788,633,13430,14590,15640,18270,18990,2431,25000
871,726,2137,1196,1187,1082,768,633,13510,14700,15730,18340,19220,2227,25000
1149,967,2233,1249,1187,1108,767,633,12040,13250,14360,16810,17510,3301,14859
932,862,2137,1222,1238,1134,830,633,13730,15030,16210,18690,19430,2099,25000
895,786,2201,1276,1238,1161,850,633,13680,14860,15930,18540,19310,2380,25000
895,756,2201,1276,1238,1187,809,633,13870,15170,16390,18960,19610,2201,25000
920,786,2329,1276,1212,1187,830,633,13960,15180,16290,18890,19630,2355,25000
883,786,2393,1276,1288,1213,830,633,13870,15150,16270,19090,19740,2380,25000
956,786,2488,1329,1313,1240,913,633,14280,15640,16910,19520,20110,2994,25000
883,801,2233,1355,1313,1266,913,633,14330,15450,16710,19500,20270,2099,25000
1374,1205,2229,1335,1296,1267,815,633,12070,12960,14040,16430,17150,2962,18292
1453,1238,2821,1451,1379,1325,883,633,12920,14000,15060,17450,18160,3800,19759
887,749,2276,1290,1226,1176,843,644,13400,14690,15900,18420,19030,2282,20000
994,988,2243,1316,1275,1280,822,644,13550,14850,16060,18430,19160,2104,20000
911,779,2466,1343,1301,1281,904,644,13610,14840,15990,18610,19220,2485,20000
899,763,2464,1395,1376,1306,883,644,14020,15360,16610,19300,19900,2636,20000
925,765,2311,1240,1178,1126,782,645,13000,14180,15270,17770,18410,2591,17369
889,750,2121,1292,1203,1126,803,645,13170,14370,15630,18000,18710,2057,17033
889,720,2153,1266,1178,1152,762,645,12800,14060,15190,17620,18350,2362,16952
961,870,2248,1345,1253,1152,844,645,13300,14560,15750,18230,18810,2261,17065
853,750,1741,1345,1153,1178,762,645,13460,14900,16100,18600,19210,1194,14974
1021,945,2406,1345,1329,1257,844,645,13320,14630,15780,18200,18880,2591,17231
1012,858,1588,1058,1031,919,681,647,11670,12620,13700,16130,16830,1783,14127
1143,1002,1487,1043,930,1003,662,647,11240,12030,12900,15410,16130,2041,12909
999,872,1777,1136,1005,1128,722,647,12870,14080,15280,17680,18370,2265,16889
939,752,2348,1269,1181,1154,784,647,12750,13860,15120,17430,18050,2978,17156
1054,927,2309,1304,1239,1197,814,647,11510,12390,13350,15770,16610,2763,14154
1023,902,2538,1295,1281,1233,846,647,13270,14550,15770,18170,18850,2622,17376
882,770,2166,1221,1160,1133,808,649,12830,13950,15080,17520,18250,2198,25000
882,845,2134,1221,1160,1133,808,649,12970,14080,15330,17810,18510,1866,25000
894,815,2230,1247,1236,1133,849,649,13030,14160,15230,17760,18460,2070,25000
882,800,2198,1221,1236,1159,829,649,12930,14060,15090,17590,18340,2045,25000
906,815,2262,1221,1261,1159,849,649,13290,14460,15580,18140,18830,2147,25000
882,800,2166,1247,1261,1159,829,649,13440,14680,15760,18330,19060,1840,25000
918,815,2325,1247,1261,1159,849,649,13670,14890,16170,18600,19310,2121,25000
894,860,2325,1274,1286,1212,849,649,13880,15070,16270,18750,19420,1968,25000
954,815,2262,1380,1311,1212,849,649,13160,14490,15540,18110,18780,2172,25000
906,860,2325,1380,1362,1317,911,649,13780,15030,16260,18750,19320,1610,25000
967,906,2548,1406,1438,1317,953,649,13480,14670,15890,18420,19110,2377,25000
931,816,2263,1248,1236,1107,829,650,13360,14670,15830,18370,19080,2173,25000
907,801,2169,1249,1212,1134,830,650,13800,15110,16140,18810,19600,2047,25000
907,786,2201,1249,1238,1134,830,650,13720,14920,16070,18620,19430,2099,25000
907,816,2074,1249,1187,1134,768,650,13620,14890,16050,18550,19260,1919,25000
846,770,2135,1274,1262,1160,829,650,13270,14360,15530,18000,18820,1815,25000
895,771,2200,1275,1237,1160,829,650,13780,14990,16200,18770,19580,2149,25000
871,680,2264,1275,1161,1160,829,650,13600,14860,15910,18640,19450,2635,25000
919,800,2263,1301,1287,1160,808,650,13860,15180,16440,18960,19590,2020,25000
1004,922,2297,1249,1263,1161,850,650,13880,15100,16220,18850,19570,2329,25000
920,771,2074,1249,1263,1161,830,650,14610,15810,16890,19620,20190,2252,25000
932,801,2233,1276,1263,1161,830,650,13930,15170,16350,18990,19730,2227,25000
883,741,2265,1302,1263,1161,850,650,14070,15220,16360,19000,19730,2380,25000
871,801,2169,1302,1238,1161,830,650,13750,14900,16110,18680,19440,2047,25000
956,847,2169,1329,1263,1161,850,650,14000,15200,16560,19100,19760,2227,25000
979,831,2455,1301,1287,1186,809,650,13530,14740,15880,18490,19260,2660,25000
944,831,2393,1355,1288,1187,871,650,14190,15510,16730,19290,19940,2355,25000
895,741,2424,1302,1288,1213,892,650,13480,14640,15760,18370,19260,2713,25000
944,801,2137,1302,1263,1213,850,650,13680,15010,16070,18650,19340,2124,25000
932,847,2329,1329,1339,1213,892,650,14170,15420,16560,19170,19890,2175,25000
943,876,2390,1380,1388,1239,870,650,13950,15300,16630,19150,19780,2020,25000
907,801,2329,1276,1288,1240,871,650,14700,16110,17530,20120,20710,2252,25000
992,862,2297,1329,1263,1240,871,650,13910,15160,16390,18980,19670,2380,25000
1173,1028,2233,1382,1338,1240,830,650,12840,14210,15460,17810,18380,2789,16196
967,861,2422,1274,1312,1265,870,650,13750,15210,16460,19050,19740,2633,25000
967,906,2486,1380,1362,1265,891,650,14040,15260,16520,19200,19850,2403,25000
1519,1221,2960,1480,1434,1411,906,652,12790,13790,14850,17290,18060,4359,19355
779,734,1770,1290,1101,1176,822,662,13380,14700,15810,18200,18820,1116,17971
925,795,2185,1266,1203,1126,824,663,12420,13450,14640,16920,17630,2337,16171
1033,870,2216,1345,1278,1231,865,663,13460,14820,16100,18400,18880,2464,17156
925,795,2470,1398,1379,1231,865,663,13000,14180,15400,17800,18450,2591,17353
939,842,2348,1348,1306,1181,825,664,12600,13680,14820,17370,17950,2367,16578
999,917,2316,1348,1281,1233,825,664,12730,13980,15090,17520,18210,2189,16543
1097,979,1748,1192,1032,1104,744,665,11690,12650,13750,16110,16810,1862,13792
1086,920,1687,1113,1008,974,662,666,12380,13500,14680,17070,17740,2042,12269
882,770,2102,1194,1185,1133,829,667,12830,13840,14930,17420,18160,1942,25000
895,755,2072,1248,1212,1160,809,667,13280,14340,15450,18000,18740,1842,25000
895,801,2200,1301,1262,1160,871,667,13740,14960,16120,18660,19410,1893,25000
882,845,2198,1247,1236,1185,829,667,13150,14180,15280,17770,18590,1891,25000
1232,1042,2230,1221,1135,1186,787,667,11960,13140,14310,16690,17430,3399,13467
894,816,2199,1248,1262,1186,829,667,13800,15110,16340,18770,19460,1815,25000
1124,1148,2263,1301,1312,1186,850,667,13610,14830,16030,18550,19310,2301,25000
859,725,2168,1301,1262,1186,871,667,13430,14630,15830,18340,19140,1893,25000
919,861,2167,1354,1362,1186,870,667,14070,15430,16810,19210,20010,1866,25000
930,891,2198,1247,1236,1212,849,667,13080,14240,15330,17850,18560,2147,25000
906,845,2357,1274,1261,1212,870,667,13400,14580,15730,18210,18950,2198,25000
906,830,2294,1300,1311,1212,891,667,13040,14140,15260,17810,18490,2096,25000
954,966,2325,1353,1337,1212,891,667,13650,14930,16070,18550,19260,1968,25000
955,800,2454,1380,1337,1212,850,667,14210,15480,16670,19300,19930,2429,25000
931,861,2390,1380,1362,1212,912,667,13840,15270,16440,18900,19550,2122,25000
931,831,2136,1275,1262,1213,850,667,14010,15300,16450,19040,19730,1867,25000
943,846,2359,1354,1287,1213,871,667,13940,15250,16470,19070,19760,2149,25000
931,816,2264,1354,1262,1213,871,667,14100,15320,16560,19140,19830,2098,25000
1003,936,2421,1327,1337,1238,891,667,13220,14460,15590,18100,18900,2326,25000
942,845,2421,1380,1362,1238,870,667,13590,14900,16050,18680,19350,2351,25000
870,740,2326,1301,1312,1239,850,667,13380,14650,15770,18340,19000,2224,25000
919,740,2326,1433,1312,1239,974,667,13870,15120,16350,18960,19660,2199,25000
967,936,2421,1300,1337,1264,891,667,13440,14680,15860,18370,19030,2045,25000
967,921,2263,1380,1388,1265,870,667,13630,14970,16130,18740,19390,1790,25000
894,831,2358,1407,1362,1265,933,667,14080,15470,16570,19130,19790,2199,25000
967,845,2421,1353,1362,1291,891,667,13440,14640,15780,18280,18970,2223,25000
992,907,2519,1487,1414,1318,954,667,14220,15620,16890,19420,20050,2149,25000
942,891,2453,1353,1387,1343,932,667,13370,14570,15740,18290,18930,2377,25000
905,872,2074,1271,1208,1133,840,668,11540,12480,13320,15760,16520,1821,13499
1009,927,2074,1304,1208,1133,840,668,12450,13430,14490,16970,17700,2104,15341
932,816,2265,1276,1263,1161,871,668,13640,14870,16050,18590,19400,2355,25000
932,771,2297,1276,1263,1187,892,668,14150,15390,16560,19180,19830,2227,25000
907,816,2265,1329,1288,1187,850,668,13870,15080,16290,18800,19590,2252,25000
920,847,2265,1329,1313,1187,871,668,13500,14760,15940,18510,19310,2227,25000
944,831,2361,1355,1339,1187,871,668,14100,15410,16680,19280,19940,2303,25000
965,853,2270,1239,1208,1197,814,668,11750,12710,13530,16010,16880,2606,14577
980,890,2231,1239,1177,1197,814,668,11950,12940,13840,16330,17070,2355,14724
992,907,2393,1355,1364,1213,871,668,14280,15590,16860,19410,20130,2303,25000
944,922,2265,1382,1339,1213,871,668,13850,15070,16220,18830,19570,2047,25000
895,741,2297,1329,1263,1266,871,668,14090,15390,16610,19210,19860,2483,25000
992,907,2329,1435,1364,1293,933,668,14360,15690,16890,19500,20160,2047,25000
1519,1370,2577,1480,1461,1296,906,672,12520,13510,14480,16960,17650,3102,18757
959,854,2371,1369,1301,1255,904,679,13380,14790,16110,18460,19000,2282,20000
863,704,2371,1422,1301,1281,884,679,13320,14680,15910,18320,19050,2359,20000
863,659,2403,1501,1402,1359,966,679,13990,15400,16660,19060,19680,2561,20000
947,899,2434,1422,1452,1412,966,679,13550,14880,16120,18500,19180,2206,20000
973,900,2406,1451,1379,1309,906,680,13500,14860,16020,18420,19080,2134,16918
1021,975,2565,1503,1454,1309,947,680,13240,14590,15840,18200,18800,2235,16916
842,692,2253,1348,1306,1259,887,682,13260,14480,15670,18120,18800,2011,17043
1148,1102,1912,1247,1160,1133,766,684,12830,14020,15460,17750,18400,1968,14337
906,815,2230,1247,1286,1159,870,684,12990,14130,15160,17700,18440,2045,25000
918,800,2071,1221,1236,1185,870,684,12520,13670,14700,17180,17990,2045,25000
858,785,2102,1247,1236,1185,870,684,13170,14430,15520,17990,18710,1891,25000
882,845,2389,1300,1311,1212,891,684,13920,15270,16540,19030,19750,2172,25000
882,860,2421,1300,1337,1212,891,684,13760,14980,16300,18750,19440,2045,25000
954,906,2262,1300,1261,1212,870,684,12930,14090,15230,17690,18490,2172,25000
930,891,2357,1327,1286,1212,891,684,13450,14740,15890,18400,19150,2019,25000
918,830,2325,1380,1362,1238,911,684,13590,14840,15970,18540,19270,1917,25000
942,876,2325,1300,1311,1264,891,684,13310,14480,15630,18130,18870,2096,25000
930,951,2262,1353,1362,1264,911,684,13550,14800,16040,18440,19110,1636,25000
942,891,2517,1353,1387,1264,891,684,14140,15450,16610,19160,19890,2172,25000
930,921,2294,1406,1438,1291,953,684,13700,14940,16140,18560,19360,1585,25000
930,951,2357,1406,1412,1291,932,684,13570,14820,15950,18400,19080,1815,25000
979,921,2517,1406,1387,1317,953,684,13850,15110,16310,18830,19560,2172,25000
883,755,2168,1222,1186,1107,746,685,13340,14410,15520,18150,18880,2149,25000
870,800,2263,1221,1262,1133,829,685,13290,14470,15520,18080,18940,2097,25000
895,831,2201,1249,1263,1161,830,685,13270,14470,15540,18120,18910,1996,25000
956,862,2329,1276,1238,1161,809,685,13480,14650,15680,18350,19100,2457,25000
1089,998,2137,1302,1263,1161,850,685,12190,13440,14600,16980,17650,2226,14661
919,801,2296,1354,1313,1186,891,685,14090,15420,16640,19180,19880,1970,25000
907,816,2265,1329,1288,1187,871,685,13820,15030,16190,18730,19430,1996,25000
907,801,2329,1329,1212,1187,850,685,13990,15260,16440,19000,19710,2201,25000
906,831,2326,1327,1312,1212,912,685,13590,14760,15830,18480,19230,2275,25000
943,876,2326,1354,1388,1212,891,685,13550,14830,15970,18470,19150,2045,25000
1004,861,2455,1354,1287,1213,871,685,13540,14770,16060,18570,19330,2737,25000
955,831,2359,1301,1338,1239,912,685,14220,15430,16640,19270,19980,2353,25000
932,831,2329,1302,1339,1240,913,685,14030,15220,16370,18970,19760,1996,25000
968,907,2201,1329,1339,1240,892,685,14240,15440,16640,19370,19980,2073,25000
944,816,2361,1355,1364,1240,913,685,14360,15650,16760,19610,20240,2073,25000
920,801,2361,1329,1339,1266,913,685,14250,15610,16710,19490,20150,2201,25000
895,801,2232,1354,1338,1266,891,685,13350,14570,15660,18240,18970,2021,25000
931,861,2296,1381,1338,1266,912,685,13930,15120,16330,18910,19590,2046,25000
919,786,2296,1408,1363,1266,912,685,13770,15000,16170,18770,19470,1867,25000
919,861,2390,1380,1388,1291,933,685,13670,14970,16200,18690,19260,2020,25000
931,861,2391,1381,1363,1292,933,685,14080,15320,16600,19210,19940,2149,25000
944,922,2520,1408,1389,1319,975,685,14260,15400,16620,19390,20050,2534,25000
1052,1042,2454,1460,1388,1344,974,685,14500,15840,17030,19770,20580,2327,25000
944,847,2393,1408,1414,1372,933,685,14280,15650,16890,19540,20230,2278,25000
905,797,2035,1174,1115,1068,789,690,11910,12760,13700,16120,17000,2041,14507
876,835,2074,1239,1239,1165,840,690,12190,13000,13990,16550,17390,1852,14720
920,853,2270,1271,1239,1165,840,690,11850,12620,13580,16120,16920,1915,14222
994,816,1644,1141,1084,1197,763,690,10870,11680,12690,15060,15850,2229,12692
757,760,1605,1206,1084,1197,763,690,13690,14740,15880,18530,19160,1068,14157
905,890,2231,1271,1239,1197,840,690,11900,12740,13700,16120,17020,2135,14527
891,797,2309,1304,1301,1197,865,690,11720,12550,13500,15990,16830,2323,14439
920,872,2270,1337,1301,1197,814,690,12060,12960,13950,16420,17260,2292,14948
1440,1205,2821,1480,1461,1411,951,691,12980,14050,15170,17620,18270,3632,19913
1453,1238,3030,1509,1544,1469,996,691,12850,13900,15020,17410,18060,3577,19625
1493,1304,2856,1567,1544,1469,996,691,12950,14010,15190,17560,18190,3604,19687
1532,1419,3204,1596,1654,1555,1019,691,13170,14270,15540,17900,18500,3772,19617
995,959,2466,1422,1402,1333,946,697,13260,14570,15720,18100,18700,2333,20000
1031,974,2655,1422,1402,1359,946,697,12880,14130,15280,17810,18480,2739,20000
1007,989,2687,1580,1502,1464,1007,697,14670,16040,17230,19830,20260,2460,20000
877,840,2343,1398,1329,1257,947,698,13270,14410,15590,18040,18780,1981,16924
913,840,2438,1371,1354,1283,926,698,12930,14190,15320,17780,18480,2311,17057
985,1020,2565,1424,1454,1388,988,698,13940,15430,16720,19090,19630,2388,17067
1023,872,1618,1295,1155,1207,825,699,12740,14000,15200,17490,18050,1400,15210
999,842,2475,1374,1306,1207,866,699,13060,14290,15480,17870,18470,2520,17354
963,812,2411,1348,1256,1286,928,699,12480,13420,14550,17030,17730,2851,16597
999,917,2506,1374,1356,1286,908,699,13120,14320,15470,17930,18520,2647,17408
854,797,2094,1401,1281,1286,928,699,13010,14230,15460,18010,18830,1578,16111
975,917,2443,1401,1356,1286,887,699,13220,14450,15680,18120,18750,2087,16962
1035,947,2602,1427,1407,1312,928,699,13290,14660,15980,18280,18910,2571,17299
939,857,2506,1480,1432,1312,949,699,13720,15140,16390,18760,19300,2189,17134
963,887,2570,1454,1356,1338,970,699,13500,14830,16060,18540,19140,2418,17288
870,800,2103,1248,1211,1133,850,702,13220,14330,15370,17880,18650,1790,25000
919,831,2358,1327,1337,1186,912,702,13920,15190,16380,18960,19590,2097,25000
858,725,2166,1300,1286,1212,891,702,12960,14100,15190,17780,18570,2147,25000
1353,1178,2389,1353,1286,1212,829,702,11670,12730,13880,16240,16890,3681,12666
894,861,2263,1354,1337,1212,912,702,13300,14520,15680,18150,18870,1713,25000
882,725,2422,1380,1362,1239,912,702,14210,15480,16660,19270,19970,2480,25000
918,815,2389,1353,1362,1264,911,702,13390,14580,15770,18260,18930,2070,25000
979,1027,2198,1380,1337,1264,932,702,13040,14310,15260,17770,18540,1942,25000
942,921,2453,1406,1387,1264,911,702,13810,14990,16170,18740,19500,1917,25000
919,891,2295,1327,1312,1265,933,702,13800,15020,16190,18750,19510,2020,25000
967,982,2550,1354,1388,1265,953,702,14190,15430,16640,19200,19840,2097,25000
1015,997,2518,1380,1413,1291,953,702,13960,15380,16540,19120,19750,2301,25000
991,831,2358,1407,1362,1291,912,702,14090,15490,16640,19160,19830,2275,25000
942,966,2389,1406,1387,1317,932,702,13490,14700,15860,18380,19070,1815,25000
870,876,2325,1406,1438,1343,953,702,13530,14680,15860,18350,19020,1738,25000
894,831,2422,1407,1388,1344,974,702,14240,15500,16670,19460,20230,2045,25000
967,1027,2453,1433,1463,1370,974,702,13880,15180,16450,18850,19480,1687,25000
1087,1117,2517,1459,1438,1370,1015,702,13650,14830,15950,18550,19170,2121,25000
954,906,2612,1459,1438,1370,974,702,13840,15240,16450,18900,19520,2300,25000
1258,1119,2233,1302,1237,1108,809,703,12550,13740,14960,17320,18030,3122,15535
919,755,2168,1248,1262,1160,829,703,13220,14320,15430,17970,18730,2021,25000
859,786,2168,1301,1287,1186,891,703,13480,14540,15680,18310,19090,1739,25000
1234,1164,2073,1302,1187,1187,871,703,12360,13520,14720,17150,17780,2405,14892
919,740,2264,1275,1262,1213,850,703,13210,14340,15380,17960,18800,2200,25000
932,786,2297,1302,1263,1213,871,703,13560,14750,15860,18470,19270,2406,25000
1016,952,2361,1302,1313,1213,913,703,13910,15160,16240,18930,19630,2457,25000
871,786,2456,1329,1339,1213,892,703,14220,15420,16580,19170,19830,2227,25000
980,983,2265,1329,1339,1240,913,703,14300,15610,16770,19410,20100,1971,25000
895,786,2265,1355,1263,1240,892,703,13870,15120,16270,18850,19680,1843,25000
968,907,2297,1355,1339,1240,913,703,13630,14880,16020,18540,19360,2073,25000
920,937,2137,1382,1288,1240,892,703,13890,15140,16390,18880,19650,1587,25000
944,847,2297,1355,1263,1266,871,703,14080,15470,16590,19170,19850,2175,25000
1004,983,2488,1435,1414,1266,975,703,14010,15290,16440,18990,19780,1996,25000
955,907,2423,1381,1414,1292,933,703,14160,15470,16660,19250,19940,2098,25000
932,831,2393,1355,1364,1293,954,703,14170,15420,16590,19330,20030,2355,25000
895,786,2393,1515,1465,1372,954,703,13830,15090,16100,19120,19840,2175,25000
1291,1206,1761,1174,1270,1133,840,711,10760,11470,12350,14800,15500,2041,11784
891,835,2153,1239,1239,1165,865,711,11990,12870,13800,16280,17140,1852,14358
935,872,2153,1337,1301,1165,840,711,11910,12730,13720,16120,16900,1664,13792
920,853,2348,1304,1332,1230,891,711,11820,12750,13660,16210,16960,2198,14443
905,853,2270,1369,1270,1230,865,711,11420,12190,13070,15640,16460,1978,13532
950,964,2466,1434,1425,1392,942,711,12660,13680,14640,17100,17820,1915,15582
1042,1033,2780,1605,1476,1489,1027,713,13790,15130,16430,18880,19530,2484,20000
875,809,2244,1317,1351,1229,884,714,12980,14060,15170,17570,18220,1902,19938
923,824,2561,1475,1326,1307,966,714,13680,15010,16240,18790,19480,2435,20000
1019,1034,2655,1475,1427,1359,966,714,14010,15350,16600,18990,19590,2206,20000
901,825,2058,1371,1303,1152,844,715,12590,13740,14840,17210,17920,1524,15147
865,765,2501,1451,1454,1361,926,715,14320,15690,16910,19440,19970,2159,17150
949,870,2660,1556,1479,1361,947,715,13780,15140,16440,18790,19460,2388,17188
901,975,2470,1556,1429,1414,988,715,13880,15240,16590,19070,19720,2083,16919
985,915,2786,1530,1479,1466,1029,715,13410,14720,15890,18330,18970,2692,17324
987,857,2443,1401,1356,1233,887,717,12910,14040,15200,17680,18450,2418,17115
927,842,2221,1401,1306,1286,887,717,13260,14480,15720,18120,18880,2087,17062
1035,1007,2538,1480,1407,1338,928,717,13230,14490,15760,18070,18720,2113,16867
1023,1007,2411,1427,1457,1364,928,717,13230,14560,15800,18110,18830,1934,16701
894,815,2389,1380,1337,1238,911,719,13070,14170,15230,17770,18440,2275,25000
906,921,2325,1406,1412,1291,953,719,13550,14680,15820,18350,19020,1738,25000
906,876,2325,1380,1387,1317,932,719,13390,14590,15710,18240,18930,1610,25000
942,936,2357,1433,1438,1343,932,719,13710,15050,16270,18670,19410,1661,25000
1075,1102,2548,1513,1387,1343,1015,719,13820,15130,16200,18910,19570,2479,25000
942,936,2580,1406,1438,1370,994,719,14250,15570,16810,19310,19950,2045,25000
979,1042,2612,1486,1513,1423,1015,719,13700,15100,16280,18760,19330,1815,25000
1113,967,1882,1408,1187,1161,788,720,12190,13370,14600,16970,17460,2022,14450
907,801,2264,1354,1313,1239,933,720,13930,15120,16220,18890,19640,1842,25000
943,876,2328,1408,1338,1318,933,720,13700,14970,16280,18740,19490,1918,25000
919,831,2454,1487,1438,1318,933,720,13930,15300,16430,19020,19690,2250,25000
967,891,2296,1461,1464,1345,954,720,14520,15800,17070,19550,20270,2072,25000
967,861,2487,1434,1439,1371,933,720,14210,15580,16830,19410,20140,2072,25000
979,982,2518,1593,1539,1449,1015,720,14340,15720,17000,19550,20170,1764,25000
944,968,2201,1382,1389,1240,892,721,13600,14840,16000,18550,19270,1664,25000
968,937,2488,1355,1364,1293,913,721,13760,15060,16110,18760,19470,2303,25000
932,937,2520,1408,1414,1319,933,721,13920,15130,16180,18790,19530,2047,25000
1077,1043,2456,1408,1440,1319,975,721,13630,14810,15980,18570,19290,2329,25000
944,998,2233,1435,1440,1319,933,721,14110,15560,16690,19220,19890,1561,25000
1016,1028,2456,1462,1440,1319,975,721,14340,15620,16890,19370,20070,2047,25000
1053,998,2488,1462,1414,1319,954,721,14340,15640,16850,19470,20170,2406,25000
980,877,2456,1355,1364,1345,954,721,14250,15480,16730,19360,20100,2457,25000
992,862,2456,1462,1414,1345,954,721,14250,15540,16840,19410,20090,2380,25000
980,922,2456,1462,1440,1345,975,721,14050,15280,16480,19080,19840,2047,25000
980,983,2456,1462,1414,1345,954,721,13890,15240,16420,19040,19700,2073,25000
932,786,2424,1488,1440,1345,996,721,14190,15520,16660,19800,20460,2201,25000
1137,1134,2616,1435,1414,1398,996,721,13720,14960,16170,18930,19690,2713,25000
1519,1370,3100,1683,1682,1584,1064,729,12950,14010,15060,17560,18240,3437,19574
1079,974,2561,1475,1452,1385,987,731,12350,13510,14620,16920,17520,2384,19013
875,764,2655,1527,1452,1412,987,731,13400,14600,15850,18410,19150,2409,20000
1007,974,2750,1527,1577,1438,1028,731,13460,14740,15910,18290,18910,2181,20000
899,809,2687,1606,1527,1464,1048,731,13690,14980,16150,18640,19240,2384,20000
971,914,2687,1527,1502,1490,1007,731,13640,14990,16180,18640,19290,2308,20000
947,869,2719,1554,1552,1490,1048,731,13820,15210,16480,18890,19470,2460,20000
971,944,2561,1580,1552,1490,1048,731,13580,14860,16100,18550,19170,2054,20000
923,764,2687,1659,1502,1516,1007,731,13690,14940,16200,18640,19230,2587,20000
1024,946,2035,1239,1301,1165,840,733,11610,12460,13270,15790,16670,2041,13740
876,779,1800,1271,1239,1165,865,733,11540,12310,13270,15750,16620,1727,13224
1098,1150,2153,1369,1301,1197,865,733,12790,13720,14800,17380,18200,1947,15574
935,964,2270,1337,1332,1230,916,733,12310,13290,14250,16780,17590,1884,14938
905,890,2231,1337,1270,1230,891,733,12180,13070,14030,16540,17340,1852,14735
1009,1020,2426,1337,1363,1262,865,733,12190,13130,14150,16610,17380,2261,14970
935,909,2387,1369,1332,1262,891,733,12330,13240,14140,16640,17520,1978,15102
961,855,2343,1398,1379,1283,947,733,12970,14180,15260,17780,18470,2261,17019
950,1020,2231,1402,1332,1327,865,733,12350,13400,14370,16810,17700,1633,14605
949,840,2533,1477,1454,1361,947,733,13610,14930,16180,18600,19330,2286,17118
985,900,2691,1662,1579,1466,1050,733,14450,16100,17430,19720,20380,2210,16974
1081,1140,2818,1635,1654,1492,1071,733,13620,14920,16290,18620,19230,2134,16666
1047,977,2475,1401,1356,1338,928,734,12710,13830,15090,17440,18030,2316,16536
1179,1368,2570,1559,1407,1338,970,734,12970,14250,15350,17830,18490,1934,16286
951,902,2475,1427,1381,1391,1011,734,13250,14530,15570,18100,18740,2545,17379
1095,1037,2570,1533,1482,1391,990,734,12710,14040,15170,17450,17980,2214,16358
882,815,2230,1327,1337,1238,974,737,12820,13840,14930,17460,18210,1661,25000
954,936,2389,1380,1311,1264,953,737,13180,14370,15410,18100,18850,2351,25000
979,906,2486,1433,1438,1318,953,737,13680,15040,16240,18730,19450,2097,25000
906,951,2294,1406,1362,1343,974,737,13250,14360,15390,17890,18630,1712,25000
967,921,2389,1459,1387,1343,1036,737,14110,15440,16420,19240,19880,2377,25000
967,936,2485,1486,1463,1343,994,737,13750,15010,16230,18820,19580,2096,25000
918,876,2389,1486,1438,1343,994,737,13630,14960,16100,18640,19380,2070,25000
943,906,2422,1380,1362,1344,953,737,14220,15430,16590,19240,19990,2045,25000
967,951,2486,1540,1539,1344,995,737,14470,15980,17250,19730,20380,1892,25000
954,996,2389,1486,1463,1370,994,737,13630,14850,16020,18530,19200,1559,25000
979,1057,2485,1486,1488,1370,1015,737,13670,14950,16120,18580,19280,1636,25000
1051,1011,2644,1539,1463,1423,1077,737,14190,15550,16690,19460,20060,2428,25000
1003,921,2676,1486,1513,1449,1036,737,13580,14750,15900,18570,19230,2428,25000
1027,951,2548,1513,1538,1449,1036,737,13770,15030,16180,18770,19410,2198,25000
1099,1072,2708,1566,1564,1449,1056,737,13670,14980,16110,18670,19400,2402,25000
1075,966,2899,1619,1538,1502,1077,737,14080,15320,16490,19200,19840,3041,25000
883,786,2232,1354,1287,1239,912,738,13970,15220,16450,18940,19690,1918,25000
919,816,2296,1408,1363,1239,891,738,13830,15070,16240,18900,19560,2200,25000
1198,1134,2328,1355,1313,1266,913,738,12740,14030,15260,17620,18120,2380,15605
907,922,2393,1435,1414,1266,954,738,14120,15300,16570,18970,19790,1715,25000
871,831,2361,1408,1414,1293,954,738,13730,14930,16140,18540,19410,1715,25000
1053,1043,2393,1435,1440,1293,975,738,14230,15410,16620,19220,19990,2278,25000
980,892,2424,1462,1364,1293,913,738,13990,15330,16480,19070,19750,2124,25000
931,876,2296,1408,1414,1318,912,738,13470,14690,15820,18370,19130,1791,25000
967,861,2455,1461,1439,1318,933,738,13980,15320,16580,19110,19820,2174,25000
980,968,2520,1435,1440,1319,975,738,14550,15840,17030,19580,20250,2278,25000
955,876,2328,1461,1464,1345,954,738,14070,15440,16690,19160,19920,1893,25000
944,831,2520,1462,1414,1372,975,738,14080,15300,16470,19130,19900,2738,25000
1053,1058,2520,1515,1465,1372,996,738,14860,16170,17500,20040,20560,2099,25000
883,695,2584,1408,1440,1398,954,738,14070,15340,16520,19170,19870,3378,25000
1331,1300,2137,1514,1338,1398,933,738,11840,12920,14030,16480,16960,1868,13254
1004,892,2520,1515,1440,1398,996,738,15360,16970,18240,21400,22010,2380,25000
1307,1512,2712,1594,1490,1425,1016,738,14490,15850,17130,19690,20300,2918,25000
982,1018,2685,1500,1451,1385,1007,748,13760,15030,16190,18700,19310,2636,20000
1519,1436,2786,1596,1544,1469,1042,748,12600,13620,14690,17150,17830,3241,18855
935,989,2434,1422,1477,1385,987,749,13490,14710,16000,18280,18980,1699,19616
947,914,2592,1501,1527,1412,1028,749,13760,15110,16390,18760,19320,2080,20000
983,1004,2655,1475,1477,1438,1007,749,13460,14800,15980,18400,19080,2232,20000
1019,1004,2655,1580,1527,1464,1007,749,13570,14860,16130,18500,19120,2105,19980
1021,945,2755,1635,1629,1361,1009,750,13170,14530,15770,18160,18730,2337,17022
1057,990,2723,1635,1604,1519,1050,750,13410,14770,16150,18470,19120,2159,16795
1177,1260,2881,1635,1629,1519,1071,750,13690,15060,16360,18750,19290,2388,16738
1021,945,2755,1609,1554,1545,1071,750,13640,14960,16250,18680,19280,2616,17251
1093,1140,2755,1582,1579,1571,1112,750,13600,14980,16200,18840,19330,2616,17075
1081,1005,2628,1609,1604,1571,1050,750,13420,14740,16000,18420,18990,2134,16736
987,947,2380,1401,1356,1259,928,752,13180,14450,15690,18070,18640,1985,16830
1131,1037,2633,1586,1407,1364,970,752,11580,12590,13650,16090,16690,3283,14772
1316,1297,2132,1325,1209,1211,869,754,12560,13680,15010,17480,18070,2196,12311
1159,1025,1878,1352,1209,1211,828,754,11760,12790,13930,16300,17050,1864,10825
905,853,2192,1304,1301,1230,891,755,12300,13160,14130,16620,17480,1758,14709
920,909,2309,1337,1332,1230,916,755,12140,12980,13900,16460,17260,1978,14779
905,760,1957,1304,1270,1262,891,755,11500,12240,13030,15580,16450,1695,13061
905,927,2348,1369,1332,1262,865,755,12140,13030,13930,16450,17330,2041,14850
965,927,2270,1369,1332,1262,916,755,11970,12810,13720,16270,17090,2009,14438
870,815,2262,1353,1362,1291,932,755,13880,15150,16220,18860,19520,1968,25000
906,921,2262,1353,1337,1291,953,755,13260,14310,15400,17960,18690,1687,25000
1305,1298,2198,1433,1337,1291,891,755,12660,13940,15250,17540,17950,1917,13711
979,936,2454,1460,1438,1291,953,755,13920,15280,16430,18970,19570,2045,25000
1039,1094,2153,1304,1363,1295,865,755,11980,12900,13940,16320,17140,1790,14041
920,890,2309,1402,1301,1295,967,755,12150,13150,14110,16520,17340,1821,14607
883,816,2200,1354,1388,1318,974,755,13470,14720,15840,18460,19250,1714,25000
979,907,2487,1408,1414,1318,974,755,13530,14750,15830,18410,19130,2072,25000
943,906,2295,1487,1489,1318,974,755,13510,14730,15880,18410,19150,1585,25000
1009,1076,2387,1402,1332,1327,942,755,12270,13120,14120,16600,17430,1978,14813
994,1076,2426,1434,1363,1327,916,755,12440,13480,14460,16980,17730,1978,15137
954,951,2325,1459,1438,1343,974,755,13110,14220,15400,17890,18640,1636,25000
979,996,2453,1486,1438,1343,974,755,13360,14690,15860,18270,18910,1891,25000
931,876,2422,1380,1362,1344,953,755,13570,14670,15920,18470,19270,2097,25000
991,997,2422,1513,1514,1344,974,755,13820,15030,16320,18780,19440,1841,25000
1024,946,2583,1369,1425,1359,916,755,11860,12760,13800,16270,17050,2732,14770
935,890,2544,1434,1394,1359,967,755,12020,12960,13880,16410,17270,2198,14764
942,936,2453,1380,1387,1370,953,755,13580,14780,15930,18580,19300,2249,25000
942,966,2453,1513,1438,1396,994,755,13880,15100,16210,18880,19530,1840,25000
954,951,2325,1539,1538,1396,994,755,13760,14940,16210,18670,19330,1482,25000
1004,937,2551,1487,1464,1397,995,755,14380,15790,16970,19580,20150,2098,25000
967,967,2486,1513,1514,1397,1015,755,13780,15130,16370,18790,19410,1764,25000
1064,1057,2581,1540,1539,1397,995,755,13730,15030,16180,18720,19470,2173,25000
967,967,2550,1566,1514,1423,1057,755,13950,15330,16520,19030,19660,1662,25000
991,951,2613,1513,1590,1449,1078,755,14330,15650,16830,19510,20120,2173,25000
967,907,2583,1594,1515,1450,1037,755,15300,16780,17980,20790,21350,2046,25000
846,853,2035,1402,1208,1456,942,755,13780,14890,16020,18690,19400,1162,14451
1003,936,2613,1566,1564,1476,1057,755,14400,15800,17120,19670,20320,2275,25000
1128,1020,2426,1565,1456,1489,1069,755,11800,12700,13760,16290,17070,2480,14329
955,770,2550,1646,1539,1502,1036,755,15460,17050,18340,21190,21710,2633,25000
1015,1027,2612,1592,1639,1528,1077,755,14250,15610,16890,19480,20150,1993,25000
1186,1058,1754,1302,1237,1266,871,756,11480,12550,13700,16030,16580,2124,13149
932,877,2393,1408,1414,1319,954,756,14010,15300,16450,19050,19790,2022,25000
944,862,2424,1382,1339,1345,996,756,13670,14970,16070,18870,19550,2227,25000
871,711,2520,1435,1541,1345,975,756,13350,14590,15670,18280,19080,2508,25000
1016,1058,2520,1488,1490,1345,975,756,14100,15170,16350,18900,19590,2099,25000
895,816,2456,1435,1414,1372,954,756,14050,15180,16330,18950,19650,2047,25000
1028,1028,2520,1462,1465,1372,1016,756,14200,15490,16630,19340,20040,2227,25000
1174,1255,2552,1515,1465,1398,996,756,14370,15770,16790,20250,20760,2969,25000
944,952,2488,1541,1541,1398,1037,756,14620,15960,17160,19670,20420,1715,25000
1031,1054,2296,1530,1454,1460,1010,759,13290,14580,15690,18070,18650,1388,18869
1006,898,2875,1579,1526,1463,1048,766,13670,14960,16190,18680,19310,2585,20000
947,839,2750,1606,1502,1464,1048,766,13550,14870,16110,18440,19020,2181,20000
1055,989,2624,1606,1577,1464,1048,766,13380,14570,15890,18280,18970,2181,20000
1043,1109,2750,1633,1602,1464,1028,766,13460,14770,16040,18410,19130,2181,19971
1031,1079,2687,1527,1502,1490,1028,766,12990,14230,15300,17860,18700,2536,20000
947,899,2687,1606,1527,1516,1069,766,13680,15040,16290,18780,19520,2308,20000
1102,1257,2780,1763,1726,1567,1109,766,15000,16400,17680,20400,20870,2408,20000
1247,1588,2845,1685,1627,1595,1192,766,13470,14640,15840,18490,19230,2891,19746
853,750,2248,1451,1454,1361,1009,767,13410,14610,15840,18330,18960,1905,16746
1162,1056,2368,1509,1461,1382,929,767,12250,13270,14260,16700,17310,1788,18101
1285,1230,2216,1477,1404,1440,968,767,12340,13440,14550,17150,17710,2057,15139
997,915,2691,1662,1629,1545,1050,767,13500,14880,16080,18370,18900,2362,17087
1285,1665,2565,1688,1579,1597,1153,767,13990,15340,16610,19180,19660,2159,16187
1167,1188,2855,1506,1482,1495,1073,769,13350,14740,15930,18270,18960,2673,17120
1144,1114,2223,1376,1307,1313,929,770,12920,14200,15440,17880,18420,1758,16062
1535,1434,2039,1380,1286,1265,912,772,11220,12240,13290,15820,16320,2607,11218
1051,1042,2485,1459,1387,1317,974,772,13140,14290,15310,17910,18640,2377,25000
967,921,2263,1460,1438,1318,974,772,13480,14800,15900,18630,19360,1892,25000
930,876,2357,1433,1463,1343,994,772,13500,14760,15810,18410,19090,2121,25000
955,951,2326,1487,1514,1370,995,772,14150,15600,16820,19280,19930,1790,25000
942,921,2421,1486,1513,1396,1036,772,13770,14960,16130,18630,19340,1738,25000
1269,1283,2071,1486,1362,1396,932,772,12650,13750,15060,17570,18060,1712,13500
1015,1117,2548,1513,1463,1396,1015,772,13770,15050,16100,18750,19430,2172,25000
1003,967,2581,1566,1539,1423,1036,772,14480,15970,17270,19930,20510,2224,25000
991,982,2613,1566,1539,1423,1057,772,14880,16280,17500,20460,21080,2275,25000
1039,1087,2676,1619,1589,1423,1015,772,14070,15470,16680,19120,19690,2019,25000
967,936,2262,1433,1463,1449,1036,772,13160,14330,15390,18130,18910,1891,25000
1064,1072,2581,1460,1489,1449,1015,772,14050,15380,16550,19110,19880,2148,25000
1015,996,2517,1566,1538,1449,1077,772,13940,15350,16580,19020,19660,1968,25000
1232,1419,2740,1645,1564,1502,1098,772,13740,15000,16170,18850,19570,2377,25000
1003,1011,2740,1725,1665,1528,1098,772,14450,15850,17100,19670,20270,1840,25000
944,937,2424,1488,1440,1319,975,773,13940,15190,16250,18910,19610,1919,25000
1004,983,2361,1435,1440,1345,996,773,14360,15700,16780,19480,20150,1945,25000
932,907,2424,1435,1465,1345,975,773,14260,15480,16730,19250,19930,1843,25000
992,968,2456,1488,1465,1345,1037,773,14470,15700,16850,19500,20180,2099,25000
1076,1043,2551,1514,1464,1371,995,773,13900,15180,16340,19130,19710,2302,25000
1053,1104,2616,1435,1490,1372,1016,773,13970,15190,16330,18940,19670,2329,25000
1089,1028,2648,1488,1465,1372,1016,773,14000,15290,16460,19210,20050,2610,25000
1016,1028,2616,1515,1465,1372,1016,773,14290,15490,16690,19360,20010,2355,25000
955,891,2455,1461,1464,1397,995,773,14270,15520,16760,19360,20110,1944,25000
992,952,2616,1462,1490,1398,1037,773,14040,15310,16470,19090,19770,2380,25000
980,952,2552,1488,1515,1398,975,773,14410,15740,16910,19520,20170,2047,25000
1040,1028,2520,1488,1515,1398,1058,773,14600,15970,17170,19840,20460,1996,25000
980,937,2456,1488,1465,1398,996,773,14410,15710,16880,19510,20210,1996,25000
968,922,2552,1488,1440,1398,1037,773,14270,15470,16660,19300,19970,2022,25000
1004,1043,2552,1568,1541,1398,1037,773,14740,16150,17400,19900,20540,2022,25000
992,1073,2488,1568,1541,1425,996,773,14570,15920,17160,19740,20320,1766,25000
1367,1360,2041,1488,1414,1451,975,773,13430,14880,16190,18990,19470,1612,14966
1210,1315,2424,1541,1389,1451,933,773,13860,15600,17050,19590,20000,1740,15311
1053,1028,2584,1541,1490,1451,1016,773,14560,16180,17320,20490,21040,2866,25000
992,1058,2584,1568,1591,1451,1058,773,14690,16070,17390,19930,20530,1945,25000
968,907,2616,1594,1465,1504,1058,773,14050,15300,16450,19270,19980,2662,25000
935,872,2231,1337,1363,1262,916,776,12160,13130,14080,16520,17410,1695,14317
1069,1002,2231,1337,1363,1295,916,776,12040,12930,13980,16470,17290,2104,14494
1113,1131,2348,1434,1425,1327,942,776,11910,12860,13930,16310,17150,2198,14234
965,1020,2426,1467,1394,1327,967,776,12410,13430,14380,16870,17690,1790,14947
1128,1131,2622,1500,1456,1424,1043,776,12080,13000,13970,16580,17410,2198,14524
1039,909,2231,1304,1270,1456,1043,776,11100,11850,12770,15240,15940,2637,13347
1127,1154,2561,1580,1577,1464,1069,784,13400,14680,15920,18190,18640,1978,19651
887,869,2497,1527,1552,1516,1048,784,13740,15300,16630,18920,19440,1623,19361
935,809,2687,1554,1527,1516,1028,784,13670,15030,16270,18720,19450,2638,20000
1151,1228,2561,1606,1477,1568,1069,784,14580,16180,17480,20000,20440,2080,19691
1043,1019,2877,1685,1652,1595,1110,784,14010,15500,16840,19120,19700,2460,20000
959,929,2719,1685,1577,1595,1131,784,14200,15430,16730,19340,19900,2663,20000
947,974,2750,1738,1677,1595,1089,784,13950,15260,16650,19000,19590,1902,19879
1079,1168,2940,1738,1702,1621,1172,784,14280,15790,17060,19360,19860,2612,20000
983,944,2940,1659,1677,1647,1110,784,14050,15390,16590,19160,19680,2384,20000
1007,1019,3035,1712,1677,1647,1131,784,14290,15780,17120,19400,19870,2409,20000
1115,1064,2813,1712,1602,1647,1131,784,14160,15580,16820,19420,19940,3069,20000
1021,900,2121,1477,1354,1388,926,785,12200,13490,14500,16970,17450,1778,15049
1237,1125,2628,1635,1554,1466,1050,785,13620,14930,16160,18650,19230,2489,16833
1129,1125,2596,1635,1529,1571,1091,785,12270,13410,14620,16990,17510,2489,15628
1189,1140,2850,1688,1679,1597,1091,785,12870,14090,15390,17710,18200,2845,16846
1143,1007,2221,1427,1407,1391,1011,786,12270,13450,14440,16800,17460,1909,15220
1095,1007,2919,1559,1557,1443,1052,786,13460,14850,16190,18540,19040,2749,17342
1155,1188,2697,1665,1658,1522,1073,786,12970,14240,15440,17730,18430,2011,16482
1191,1067,2982,1639,1557,1574,1073,786,13060,14310,15580,18040,18710,3105,17293
1011,992,2475,1533,1507,1600,1155,786,13150,14440,15490,18310,19010,2214,16999
1216,1294,2668,1534,1508,1392,991,787,14060,15580,17010,19230,19740,2471,16754
1387,1320,2891,1712,1627,1613,1087,787,12980,14000,15030,17520,18160,2738,19745
1543,1431,2289,1536,1460,1367,972,788,11470,12340,13430,15840,16580,2474,13116
1364,1418,2291,1511,1436,1395,973,789,13180,14630,15990,18230,18560,2017,12816
1317,1253,2039,1460,1463,1317,1015,790,12330,13470,14680,17080,17690,2096,13318
979,1042,2453,1459,1488,1396,1015,790,13450,14650,15720,18250,18930,1738,25000
1063,1027,2325,1486,1412,1396,1077,790,13110,14140,15230,17830,18580,2070,25000
992,922,2551,1567,1540,1397,995,790,13960,15300,16640,19230,19850,2021,25000
1063,1102,2612,1539,1538,1423,1077,790,13790,14990,16150,18690,19240,2223,25000
979,891,2583,1540,1489,1424,1016,790,14070,15500,16670,19190,19790,2379,25000
967,1087,2612,1539,1564,1475,1077,790,13800,15140,16290,18740,19370,1687,25000
1039,1147,2676,1619,1589,1475,1077,790,14440,15880,17020,19610,20230,1993,25000
1064,967,2678,1594,1540,1477,1037,790,13880,15140,16270,18940,19670,2302,25000
1064,1027,2742,1594,1590,1477,1078,790,14360,15800,17190,19720,20400,2328,25000
1016,997,2710,1567,1540,1503,1037,790,14210,15630,16890,19470,20090,2174,25000
1028,967,2806,1620,1565,1503,1078,790,14500,15850,17200,19780,20500,2200,25000
1004,997,2614,1620,1565,1503,1078,790,14480,15930,17270,19820,20520,2251,25000
967,876,2646,1620,1565,1503,1057,790,14650,16010,17190,20040,20720,2200,25000
1039,1087,2771,1645,1639,1528,1119,790,14150,15630,16840,19350,19940,1866,25000
1015,1027,2613,1646,1640,1529,1078,790,14900,16400,17650,20190,20780,1918,25000
1317,1238,2676,1619,1639,1581,1036,790,13640,15070,16440,18870,19230,3348,15062
1087,1087,2708,1619,1614,1581,1119,790,13840,15140,16230,18960,19600,2275,25000
1076,1087,2773,1699,1690,1581,1160,790,14960,16430,17880,20320,20850,1943,25000
1028,1013,2456,1488,1515,1372,1037,791,13670,14920,15920,18660,19490,2099,25000
968,952,2584,1515,1515,1425,1016,791,14620,15970,17110,19700,20390,2073,25000
1028,1013,2456,1515,1515,1451,1058,791,14280,15620,16760,19510,20240,2099,25000
944,922,2616,1541,1515,1477,1058,791,14370,15660,16920,19680,20340,1919,25000
1004,983,2648,1568,1541,1477,1079,791,14240,15420,16590,19190,19890,2201,25000
1270,1255,2775,1700,1616,1503,1058,791,12910,14220,15510,17950,18510,2661,15937
1113,1058,2648,1515,1541,1504,1079,791,14900,16440,17530,20760,21450,2918,25000
1452,1648,2648,1541,1591,1504,1099,791,14110,15380,16570,19290,19970,2662,25000
1040,1013,2680,1621,1515,1504,1037,791,14650,15980,17290,19890,20600,2329,25000
1403,1436,2360,1594,1465,1530,1058,791,13140,14470,15690,18530,18900,1970,15320
950,946,2426,1402,1425,1295,942,798,12110,13000,13930,16430,17360,2072,14760
891,909,2505,1500,1487,1359,1018,798,12320,13250,14240,16720,17510,2198,15349
1098,1224,2426,1369,1332,1392,967,798,11860,12810,13660,16280,17180,2355,14257
1187,1131,1957,1369,1301,1392,992,798,11320,12160,13200,15700,16440,1790,12662
1039,1076,2505,1597,1518,1392,992,798,12400,13350,14430,16950,17730,2229,15257
965,853,2779,1565,1518,1424,1018,798,12100,13070,14000,16630,17370,2323,15004
891,835,2622,1434,1456,1456,1018,798,12220,13150,14020,16650,17500,2198,15210
1009,1002,2583,1532,1487,1489,992,798,12430,13640,14670,16910,17490,2135,15296
978,1004,2402,1559,1566,1519,1056,798,12390,13530,14660,17000,17700,1558,18179
1084,1168,2740,1532,1518,1521,1043,798,12890,14000,15100,17570,18300,2323,16127
1165,1305,2578,1618,1566,1577,1079,798,12570,13690,14660,17120,17780,1898,18672
1043,1049,2750,1580,1602,1516,1131,801,13380,14690,15920,18240,18900,2206,20000
1007,1079,2719,1606,1577,1516,1089,801,14000,15350,16690,18940,19480,1699,19519
1079,1064,2782,1633,1602,1542,1089,801,13610,14910,16140,18740,19330,2359,20000
1007,1049,2750,1659,1602,1542,1110,801,14280,15720,16980,19320,19870,1902,19764
1079,1079,2972,1738,1652,1621,1172,801,13730,15020,16220,18810,19410,2460,20000
1067,1168,2782,1791,1702,1647,1172,801,15420,17160,18580,20860,21260,2181,19913
1186,1243,3096,1684,1801,1672,1171,801,14480,15890,17260,19640,20130,2686,20000
1007,944,3098,1764,1652,1673,1172,801,13090,14320,15480,18040,18690,3018,20000
1379,1708,2908,1606,1552,1725,1172,801,14720,16210,17620,19940,20430,2282,19255
1153,1185,2818,1688,1679,1571,1112,802,13290,14610,15900,18280,18850,2235,16662
1117,1110,3008,1688,1654,1623,1132,802,13670,15160,16340,18850,19340,2616,17065
1321,1275,3103,1741,1679,1649,1153,802,13240,14570,15820,18250,18810,2769,16729
1093,1290,2881,1820,1730,1676,1215,802,14470,15950,17360,19800,20220,2362,16789
1107,1037,2538,1533,1457,1443,1011,804,12510,13590,14780,17080,17730,2113,15887
1071,992,2538,1559,1507,1469,1032,804,13110,14450,15720,18100,18740,2011,16732
999,872,2633,1586,1683,1522,1073,804,13200,14440,15590,18020,18750,2723,17458
1179,1113,2855,1639,1683,1548,1052,804,12700,13830,15070,17420,17990,2596,16545
1216,1114,2572,1534,1458,1392,991,805,12480,13560,14760,17070,17640,2853,16133
1387,1271,3135,1770,1737,1757,1132,806,13030,14200,15260,17660,18240,2794,19845
967,1057,2548,1486,1488,1396,1015,807,13580,14840,15960,18400,19090,1738,25000
1426,1419,2262,1513,1412,1396,994,807,12680,13930,15220,17670,18020,2300,13908
967,951,2325,1513,1488,1449,1077,807,13340,14410,15510,18120,18880,1993,25000
991,1072,2580,1539,1614,1449,1098,807,13560,14860,15960,18400,19160,1738,25000
967,1057,2548,1539,1564,1449,1056,807,13610,14850,16130,18540,19220,1738,25000
954,936,2389,1539,1538,1449,1119,807,14120,15420,16470,19430,20210,1917,25000
1015,1072,2612,1539,1564,1449,1077,807,13950,15320,16450,18890,19550,1738,25000
1039,1057,2771,1592,1614,1449,1077,807,13710,14800,16010,18470,19210,2172,25000
979,1087,2612,1592,1564,1475,1077,807,13630,14880,16070,18490,19240,1636,25000
967,1042,2580,1592,1564,1475,1098,807,13970,15270,16430,18970,19600,1559,25000
991,1011,2580,1592,1564,1502,1077,807,13940,15240,16350,19020,19660,1866,25000
1027,1011,2676,1645,1614,1502,1056,807,14290,15750,17010,19600,20110,1968,25000
942,815,2517,1619,1614,1528,1139,807,14300,15680,16870,19550,20150,2096,25000
1003,936,2740,1645,1690,1607,1201,807,13440,14890,15890,18730,19310,2453,25000
1112,1072,2708,1645,1665,1607,1181,807,14200,15630,16870,19450,20100,2300,25000
1220,1223,2453,1672,1488,1607,1036,807,11850,13110,14290,16550,16830,1815,12263
967,936,2486,1513,1514,1370,1057,808,13860,14900,16020,18700,19430,2301,25000
980,983,2520,1515,1440,1372,975,808,14680,16110,17340,19870,20560,1945,25000
1040,862,2010,1647,1540,1398,975,808,9990,10820,11680,14430,15200,1894,11415
967,952,2519,1514,1540,1424,1037,808,13710,14880,15980,18650,19400,2046,25000
943,907,2391,1540,1489,1424,1037,808,13710,14920,15980,18570,19280,1816,25000
955,876,2519,1540,1515,1424,1057,808,14200,15430,16620,19300,19990,1918,25000
1077,1043,2648,1568,1541,1425,1058,808,13970,15270,16360,18960,19660,2278,25000
1125,1134,2552,1515,1591,1451,1058,808,13840,15140,16250,18940,19740,2329,25000
1040,1028,2552,1541,1591,1451,1099,808,13960,15110,16250,19030,19600,1894,25000
992,1013,2584,1594,1591,1451,1079,808,14470,15800,16990,19590,20310,1868,25000
1065,1028,2648,1568,1566,1477,1099,808,14040,15360,16400,19280,20000,2380,25000
944,968,2520,1568,1541,1477,1016,808,14640,16020,17290,19820,20560,1561,25000
956,877,2616,1568,1566,1477,1058,808,14230,15570,16730,19430,20000,2227,25000
1319,1421,2647,1727,1641,1477,1037,808,13910,15340,16750,19130,19500,1868,15295
943,967,2645,1593,1590,1502,1098,808,14370,15590,16830,19600,20110,1739,25000
1040,1012,2678,1594,1641,1503,1057,808,14520,16030,17250,19820,20490,1970,25000
1065,1119,2616,1568,1566,1504,1079,808,15070,16440,17610,20360,20950,2124,25000
944,907,2775,1568,1541,1504,1058,808,14660,15950,17130,19790,20480,2380,25000
944,877,2680,1594,1515,1504,1037,808,13770,15060,16230,18840,19550,2150,25000
967,982,2550,1593,1590,1529,1078,808,14460,15790,16970,19640,20290,2045,25000
968,968,2680,1541,1566,1530,1058,808,14720,16120,17380,20110,20690,2278,25000
1016,952,2712,1648,1566,1530,1079,808,14870,16310,17600,20240,20850,2380,25000
1003,1012,2645,1646,1640,1555,1119,808,14630,16070,17340,19900,20540,1841,25000
1027,1027,2804,1672,1665,1555,1119,808,14710,16230,17500,20060,20640,2045,25000
1003,1087,2741,1699,1665,1555,1160,808,15350,16980,18340,20940,21450,1918,25000
1040,1043,2774,1620,1616,1556,1099,808,14250,15700,16870,19470,20170,2200,25000
895,831,2488,1621,1515,1556,1058,808,14950,16330,17550,20330,20990,2124,25000
1028,982,2710,1700,1666,1556,1099,808,14550,15910,17240,19900,20530,2098,25000
1053,1043,2839,1701,1642,1556,1162,808,15070,16610,17890,20500,21190,2303,25000
1016,1058,2743,1780,1667,1556,1120,808,14920,16370,17670,20240,20790,1971,25000
1052,1057,2486,1646,1590,1581,1078,808,12580,13890,14900,17620,18500,1457,25000
1173,1163,2901,1673,1666,1582,1120,808,14220,15560,16780,19450,20060,2584,25000
1343,1376,2488,1647,1540,1583,1037,808,14160,15910,17450,19650,20070,2226,15669
1064,1102,2836,1699,1690,1608,1181,808,14620,16110,17470,20070,20620,2071,25000
1113,1104,2839,1701,1667,1609,1162,808,14800,16280,17600,20290,20860,2380,25000
1003,1057,2868,1726,1716,1634,1181,808,14640,16070,17400,20070,20670,2173,25000
1003,997,2773,1726,1741,1634,1119,808,14700,16210,17510,20120,20770,1969,25000
1016,998,2712,1727,1717,1636,1120,808,14810,16230,17470,20120,20850,2124,25000
1004,907,2999,1701,1566,1662,1162,808,14260,15610,16840,19640,20330,2815,25000
1487,1498,2150,1527,1527,1255,1028,818,12810,13940,15080,17580,18140,2232,18946
1043,989,2750,1633,1602,1568,1089,818,13200,14480,15670,17930,18510,2308,20000
995,1094,2750,1659,1652,1568,1110,818,13940,15350,16680,19080,19670,1775,19616
1091,1049,2908,1633,1652,1595,1131,818,13190,14540,15760,18040,18530,2790,20000
1079,1198,2972,1738,1752,1621,1151,818,13900,15360,16600,18920,19480,2029,19735
1235,1198,2940,1659,1577,1673,1192,818,13220,14520,15680,18200,18870,3069,20000
1151,1333,2972,1685,1702,1673,1131,818,14530,15970,17310,19840,20350,2485,20000
923,929,2908,1685,1702,1673,1172,818,13710,15090,16350,18760,19350,2130,20000
971,1049,2940,1738,1627,1673,1151,818,13810,15130,16420,18900,19550,2384,20000
1079,1094,3035,1738,1702,1673,1151,818,13500,14870,16130,18490,19090,2308,20000
1319,1603,2877,1896,1802,1751,1254,818,14310,15840,17160,19620,20080,2561,19545
980,927,2505,1402,1394,1295,916,819,11710,12670,13550,15990,16790,2261,14190
876,760,2113,1402,1425,1359,1018,819,12050,12980,13880,16510,17420,1727,14130
935,872,2583,1500,1456,1392,992,819,12210,13080,14060,16630,17480,2041,14968
1024,1076,2622,1597,1518,1424,1069,819,13260,14290,15340,17860,18640,2418,16519
994,890,2505,1597,1518,1424,1018,819,12460,13460,14490,17020,17780,2198,15485
1232,1298,2270,1467,1394,1489,1094,819,11960,12840,13720,16470,17240,1821,13718
1128,1224,2740,1630,1611,1489,1094,819,12120,13030,13990,16520,17300,2857,15004
1084,1002,2622,1467,1487,1521,1018,819,11970,12930,13910,16340,17100,2637,14818
994,1002,2740,1728,1797,1553,1094,819,12480,13410,14430,16890,17610,2041,15312
1069,1131,2779,1663,1611,1618,1120,819,12900,13930,15030,17460,18160,2041,15913
1393,1335,2343,1609,1504,1440,1050,820,12130,13290,14320,16690,17180,1981,14524
1009,1185,2786,1741,1654,1545,1153,820,15230,16960,18500,20740,21160,1803,16384
1057,1005,2913,1793,1704,1571,1091,820,13630,14930,16220,18550,19230,2235,16859
1249,1305,2850,1741,1730,1623,1153,820,13010,14320,15570,17860,18490,2337,16598
1009,1125,2850,1767,1755,1676,1153,820,14000,15490,16760,19080,19650,1905,16526
1249,1410,3103,1767,1755,1676,1194,820,14170,15570,16960,19380,19890,2413,16598
1117,1020,2691,1793,1704,1702,1194,820,12200,13410,14690,17040,17510,2337,15437
1081,1065,3008,1820,1755,1702,1215,820,13360,14760,15910,18460,19130,2210,16777
1021,945,2850,1767,1780,1728,1194,820,14110,15570,16890,19360,19930,2565,17211
1372,1383,2126,1427,1407,1312,1011,821,12130,13200,14370,16560,17120,1985,14625
1035,992,2380,1506,1381,1443,1011,821,12800,14070,15230,17510,18070,1680,16047
1384,1308,2760,1586,1532,1469,1093,821,12780,14090,15210,17510,18100,2698,16292
1107,1007,2760,1586,1608,1522,1114,821,13650,15010,16400,18710,19370,2214,16883
1336,1353,2443,1612,1482,1548,1052,821,12590,13750,15160,17520,18070,2011,15530
1179,1203,3014,1665,1733,1653,1155,821,13700,14980,16290,18640,19220,2622,17061
1131,1037,3077,1771,1733,1653,1155,821,14250,15730,17040,19410,19970,2698,17252
1279,1116,1878,1431,1159,1342,931,824,12450,13620,14900,17230,17840,1889,11920
955,921,2390,1487,1539,1423,1078,825,13110,14180,15220,17910,18710,1969,25000
1039,1042,2803,1486,1538,1449,1036,825,12990,14090,15130,17840,18570,2862,25000
1353,1404,2581,1619,1639,1449,1057,825,13280,14640,15930,18300,18870,2377,14635
1063,1147,2644,1619,1589,1475,1098,825,13950,15220,16390,18870,19460,1993,25000
1051,1162,2708,1645,1614,1475,1119,825,14320,15610,16870,19440,20080,2019,25000
930,845,2453,1513,1513,1502,1077,825,14040,15320,16430,19530,20130,2121,25000
991,1012,2773,1593,1590,1502,1119,825,14040,15170,16290,18970,19660,2173,25000
967,1042,2644,1619,1639,1502,1098,825,14280,15550,16680,19290,19930,1636,25000
1039,1042,2581,1672,1615,1502,1119,825,14740,16420,17650,20230,20750,1790,25000
906,921,2581,1619,1615,1529,1140,825,14320,15720,16980,19380,20020,1739,25000
1003,1072,2740,1725,1665,1554,1119,825,14220,15670,16880,19420,19990,1636,25000
1088,1118,2741,1726,1640,1555,1098,825,14050,15390,16550,19130,19760,2020,25000
979,1117,2740,1592,1639,1581,1139,825,14210,15510,16740,19240,19860,1840,25000
967,1057,2612,1619,1639,1581,1119,825,13790,15000,16230,18630,19400,1559,25000
991,1132,2708,1619,1665,1607,1098,825,14130,15460,16670,19100,19780,1763,25000
954,1011,2676,1645,1639,1607,1181,825,14390,15720,16960,19590,20240,2096,25000
991,1072,2612,1672,1639,1607,1098,825,13910,15220,16360,18890,19490,1585,25000
1015,1087,2771,1672,1665,1607,1181,825,14150,15500,16680,19140,19770,1610,25000
1076,1148,2932,1699,1716,1608,1181,825,14510,15950,17240,19890,20480,2275,25000
1039,1102,2773,1752,1791,1634,1181,825,15080,16580,17990,20600,21140,1866,25000
1269,1344,2932,1779,1741,1660,1243,825,14290,15550,16770,19360,19920,2685,25000
907,907,2361,1435,1440,1319,996,826,13810,14920,16000,18580,19270,1664,25000
1028,1073,2616,1541,1591,1451,1079,826,14450,15810,17080,19720,20320,2124,25000
1004,998,2552,1568,1541,1451,1079,826,13930,15170,16310,18950,19610,2099,25000
1028,1043,2584,1621,1566,1451,1079,826,14570,15940,17250,19890,20480,1996,25000
919,831,2614,1594,1515,1477,1057,826,14210,15580,16780,19350,20030,2200,25000
980,968,2680,1594,1591,1477,1079,826,14350,15670,16810,19530,20300,2073,25000
931,861,2391,1620,1540,1477,1037,826,14200,15590,16760,19340,20100,1714,25000
1173,1224,2391,1540,1590,1503,1120,826,15320,16810,18140,21370,21860,2251,25000
1004,967,2646,1620,1616,1503,1099,826,14240,15520,16650,19500,20150,1995,25000
1367,1527,2712,1541,1566,1504,1079,826,13900,15050,16130,18790,19590,2866,25000
1113,1179,2456,1568,1591,1504,1079,826,14220,15560,16710,19370,20040,1868,25000
1004,967,2774,1620,1565,1529,1078,826,14490,15900,17190,19780,20430,2379,25000
931,891,2646,1647,1616,1529,1099,826,14670,16110,17320,19830,20510,1893,25000
1040,998,2807,1727,1717,1556,1182,826,15210,16760,17990,20630,21190,2150,25000
1101,1104,2871,1621,1591,1583,1120,826,13930,15180,16240,19130,19990,2866,25000
1077,1134,2680,1621,1616,1583,1099,826,14550,15890,17070,19770,20390,2278,25000
1040,997,2838,1673,1641,1608,1120,826,14200,15590,16910,19590,20250,2353,25000
1004,937,2838,1700,1666,1608,1140,826,14370,15840,17160,19720,20370,2225,25000
1016,1119,2903,1701,1717,1609,1203,826,15070,16520,17760,20480,21150,2201,25000
1004,1058,2999,1701,1642,1688,1203,826,13800,14920,16080,18970,19850,2943,25000
1066,1228,2812,1710,1676,1646,1191,835,14680,16260,17600,20130,20680,2433,20000
1067,1124,2561,1659,1577,1542,1110,836,13030,14180,15490,17750,18310,1851,19598
1055,1094,2940,1633,1652,1595,1089,836,13640,14920,16320,18640,19190,2232,20000
1031,1004,2845,1764,1652,1621,1131,836,13510,14860,16170,18500,19150,2257,20000
1019,1034,3224,1738,1677,1673,1192,836,13890,15310,16560,19010,19600,2840,20000
995,944,2940,1738,1702,1699,1172,836,13900,15190,16380,18850,19500,2282,20000
1007,1213,3003,1791,1802,1699,1192,836,14150,15620,17000,19420,20010,1902,19680
1031,1079,2972,1843,1877,1804,1213,836,14480,16220,17570,19900,20310,1902,19720
1129,1185,2660,1635,1629,1492,1132,837,13260,14500,15620,18040,18700,2286,16734
1285,1275,2881,1793,1730,1676,1215,837,12800,14130,15360,17840,18260,2311,16194
1105,1155,3103,1899,1905,1754,1215,837,14230,15760,17120,19390,19940,2108,16607
1213,1275,2755,1820,1805,1780,1276,837,12680,14070,15370,18100,18560,2108,15855
1215,1098,2094,1427,1356,1259,990,839,12120,13240,14260,16660,17440,2062,14986
1372,1338,2316,1559,1532,1417,1011,839,12080,13240,14280,16650,17160,2113,14690
1179,1173,2855,1665,1658,1574,1114,839,13270,14550,15740,18130,18720,2240,16744
1456,1488,2697,1691,1683,1574,1135,839,11040,12140,13270,15270,15850,2494,12813
1263,1488,3046,1744,1758,1705,1217,839,13880,15220,16680,18950,19540,2494,16623
1445,1580,2668,1640,1508,1549,1053,840,14510,16060,17540,19570,20000,2395,16129
1409,1475,2477,1614,1483,1576,1115,840,13280,14670,16100,18450,18660,2115,16148
1243,1191,2100,1431,1310,1316,931,841,12920,14090,15350,17700,18100,1787,12648
1098,1187,2622,1467,1456,1456,1043,841,11910,12860,13890,16340,17080,2355,14366
1084,1168,2818,1597,1580,1456,1018,841,12180,13150,14170,16670,17410,2261,14793
1930,1855,2387,1500,1580,1489,1094,841,11120,12050,13010,15430,16070,3171,11545
1338,1175,2702,1615,1535,1498,1013,841,11660,12740,13810,16170,16830,3137,14162
1187,1372,2583,1500,1487,1521,992,841,12390,13350,14310,16950,17770,2292,14989
1069,1131,2583,1565,1611,1521,1069,841,12750,13790,14750,17430,18170,1884,15478
1400,1297,2800,1617,1587,1526,1055,841,13420,14590,15950,18160,18670,2987,13339
1039,1131,2661,1663,1642,1553,1145,841,13960,15180,16310,19060,19750,1727,15785
980,983,2974,1597,1611,1586,1120,841,12870,13860,14840,17640,18430,2135,16133
1143,1354,2700,1630,1611,1586,1145,841,12470,13540,14590,17100,17870,2072,14977
1187,1354,2779,1663,1673,1586,1120,841,12800,13870,14970,17460,18160,2229,15677
994,1039,2740,1663,1611,1651,1171,841,12480,13520,14520,17210,18020,2041,15292
1003,1027,2453,1513,1564,1396,1056,842,13990,15250,16360,18970,19770,1840,25000
1353,1298,2612,1672,1589,1449,994,842,12390,13500,14730,17130,17770,2556,13704
979,1117,2740,1592,1614,1502,1119,842,14110,15430,16590,19080,19680,1687,25000
1003,1057,2676,1645,1665,1528,1119,842,13970,15220,16340,18830,19540,1866,25000
1039,1132,2708,1698,1690,1528,1139,842,14020,15300,16470,19020,19610,1738,25000
954,1117,2740,1619,1665,1554,1139,842,13950,15260,16430,18910,19510,1738,25000
1039,1102,2740,1645,1614,1554,1139,842,14000,15350,16510,19110,19790,2019,25000
967,860,2676,1725,1665,1554,1181,842,13770,15020,16230,18830,19540,2198,25000
967,1027,2676,1619,1690,1581,1160,842,14120,15460,16670,19210,19860,1508,25000
1051,1011,2835,1672,1690,1581,1139,842,14180,15510,16770,19350,19900,2479,25000
1039,1193,2740,1751,1614,1581,1181,842,14440,15820,17090,19730,20360,2070,25000
1027,1117,2771,1698,1740,1607,1181,842,14730,16030,17340,19790,20440,1738,25000
942,1102,2740,1725,1715,1607,1139,842,14220,15630,16790,19300,19880,1712,25000
991,951,2771,1751,1740,1633,1160,842,14930,16510,17800,20420,20920,1891,25000
1112,1147,2931,1804,1765,1660,1181,842,14380,15900,17210,19840,20340,2198,25000
1099,1374,3058,1778,1791,1712,1201,842,14540,16030,17260,19820,20390,2096,25000
1015,982,2645,1619,1590,1529,1119,843,14510,15990,17240,19760,20390,1892,25000
1016,997,2742,1620,1565,1529,1161,843,13570,14770,15870,18460,19210,2225,25000
1027,1027,2709,1672,1690,1529,1119,843,14870,16470,17760,20440,20940,1866,25000
1305,1389,2900,1593,1590,1555,1181,843,13920,15060,16220,18980,19700,2787,25000
1003,1012,2773,1672,1665,1555,1160,843,14200,15520,16700,19400,20060,1918,25000
1004,952,2774,1673,1666,1556,1140,843,13810,15080,16180,18950,19680,2098,25000
1004,952,2678,1726,1641,1556,1120,843,14380,15820,16950,19720,20410,2046,25000
1488,1376,2966,1727,1717,1556,1099,843,12350,13560,14860,17110,17630,3531,14636
991,1057,2613,1726,1690,1581,1160,843,14580,16130,17390,19900,20390,1611,25000
1064,1103,2901,1673,1616,1608,1120,843,14540,15900,17150,19850,20380,2277,25000
1125,1088,2742,1673,1616,1608,1161,843,13960,15230,16210,18960,19660,2456,25000
1100,1133,2773,1752,1741,1608,1160,843,14730,16340,17660,20220,20800,2097,25000
1088,1148,2870,1753,1716,1608,1161,843,14570,16000,17320,19820,20490,1995,25000
1076,1133,2901,1779,1792,1608,1223,843,14720,16280,17510,20130,20740,2149,25000
1317,1510,2964,1646,1665,1634,1140,843,13910,15090,16320,18960,19600,2685,25000
967,1012,2613,1726,1766,1634,1181,843,14760,16210,17540,19960,20530,1585,25000
1064,1072,2964,1752,1716,1634,1181,843,15320,16980,18350,20920,21400,2071,25000
1064,1148,2932,1832,1842,1660,1181,843,14830,16390,17730,20310,20840,2071,25000
956,1013,2648,1621,1616,1477,1099,844,14690,16020,17250,19870,20570,1766,25000
968,937,2743,1621,1591,1504,1141,844,14430,15800,17070,19990,20560,2175,25000
1028,1013,2775,1621,1642,1504,1141,844,14310,15620,16720,19560,20250,2380,25000
980,983,2680,1648,1642,1504,1120,844,14560,15830,17000,19570,20240,1996,25000
1149,1255,2424,1621,1642,1530,1120,844,15440,16980,18170,20860,21510,2022,25000
1149,1134,2903,1621,1642,1583,1162,844,14110,15350,16440,19340,20140,2815,25000
1016,983,3062,1727,1743,1662,1203,844,13940,15230,16370,19170,19930,2892,25000
1161,1315,2967,1701,1743,1688,1245,844,14740,16160,17380,20300,20960,2738,25000
1519,1469,2995,1741,1737,1757,1200,844,12750,13850,14840,17460,18180,3437,19114
1019,1004,2845,1685,1702,1673,1131,853,13720,15060,16240,18710,19290,2130,20000
1391,1723,2687,1870,1777,1673,1213,853,14350,16010,17280,19700,20100,2308,19233
1055,1109,2940,1764,1727,1699,1213,853,13960,15330,16520,19060,19660,2536,20000
1222,1287,2969,1842,1801,1724,1232,853,14040,15510,16830,19310,19820,2281,19782
1067,1094,3003,1870,1752,1725,1192,853,13660,15140,16490,18730,19210,2080,19853
1067,1258,2877,1791,1752,1751,1254,853,13820,15020,16270,18630,19310,1902,19586
1163,1198,3161,1870,1827,1751,1213,853,13450,14800,16050,18450,18980,2435,20000
1150,1228,3033,1842,1726,1776,1274,853,14700,16180,17390,19830,20390,2762,20000
1079,1228,3161,1843,1827,1778,1233,853,14410,15850,17100,19530,19990,2206,19893
1405,1440,2818,1793,1755,1649,1194,855,12750,14020,15100,17480,17880,2337,15857
1021,885,2945,1767,1679,1728,1256,855,12880,14190,15240,17840,18350,2972,17217
1381,1395,2850,1793,1704,1859,1256,855,13240,14590,15770,18330,18750,2388,16407
1155,1203,2633,1639,1633,1574,1093,856,13070,14280,15500,18000,18670,2214,16731
1018,1071,2684,1736,1706,1577,1148,856,12860,14040,15260,17580,18240,1558,19067
1408,1368,3141,1691,1633,1732,1197,856,12680,13770,14880,17580,18300,3462,16139
1495,1522,2289,1536,1435,1393,972,858,12470,13620,14770,17300,17850,2346,14845
1603,1657,2480,1615,1485,1498,1054,858,12640,13820,15070,17550,18050,2117,14763
1519,1612,2638,1615,1636,1577,1075,858,12070,13290,14420,16870,17380,2295,13980
1376,1372,2482,1670,1612,1526,1097,859,12340,13560,14780,17120,17380,1889,11498
1390,1359,2039,1619,1513,1475,1036,860,12390,13720,14760,17340,17970,1712,12873
979,982,2741,1593,1539,1476,1057,860,14160,15370,16540,19260,19900,2301,25000
1027,1087,2644,1592,1614,1502,1098,860,13730,14820,16080,18630,19350,1942,25000
1003,966,2357,1619,1589,1502,1139,860,13080,14210,15260,17920,18620,1738,25000
1039,1102,2773,1566,1564,1529,1098,860,13920,15210,16290,18850,19620,2020,25000
942,1011,2771,1645,1690,1554,1160,860,14110,15370,16600,19210,19880,1942,25000
1027,1193,2771,1698,1715,1554,1160,860,14310,15610,16890,19450,20140,1917,25000
1039,1042,2741,1646,1665,1555,1119,860,14510,15930,17270,19780,20380,1815,25000
1027,1027,2773,1699,1564,1555,1140,860,14420,15730,16870,19440,20180,1892,25000
1076,1102,2836,1699,1716,1555,1160,860,14470,15920,17250,19770,20370,2071,25000
991,1087,2644,1645,1639,1581,1119,860,14080,15340,16540,18990,19650,1636,25000
991,1102,2740,1725,1715,1581,1160,860,14010,15360,16490,18940,19670,1636,25000
1015,981,2708,1698,1715,1607,1181,860,14810,16230,17320,20220,20920,2172,25000
1172,1223,2867,1725,1715,1607,1139,860,14120,15540,16850,19330,19920,2198,25000
1052,1042,2804,1699,1690,1608,1160,860,14560,15930,17270,19900,20470,2173,25000
979,982,2773,1726,1766,1608,1181,860,14850,16340,17600,20370,20930,2071,25000
1052,1087,2932,1752,1741,1608,1181,860,15020,16580,17930,20480,21050,1969,25000
1112,1208,2835,1725,1690,1633,1201,860,14140,15420,16720,19330,20000,2070,25000
1075,1193,2708,1725,1690,1660,1243,860,14470,15830,17030,19690,20370,1942,25000
979,982,2773,1726,1640,1660,1181,860,13950,15240,16430,19270,20020,1841,25000
1172,1223,2899,1751,1740,1660,1222,860,14090,15510,16720,19350,19860,2096,25000
991,1132,2835,1751,1765,1686,1222,860,14430,15820,17120,19600,20290,1661,25000
1015,1027,2868,1752,1716,1687,1181,860,14750,16160,17570,20260,20880,1866,25000
1076,1133,2804,1805,1791,1687,1223,860,14890,16370,17760,20250,20840,1969,25000
1124,1238,2996,1805,1817,1713,1243,860,14850,16380,17730,20340,20880,2097,25000
1331,1376,2584,1568,1515,1424,1016,861,13070,14480,15780,18090,18560,2252,15705
1040,1103,2455,1567,1540,1477,1078,861,14120,15400,16510,19120,19800,1842,25000
1077,1134,2807,1648,1692,1477,1162,861,14230,15570,16720,19310,19930,2175,25000
992,1043,2775,1621,1642,1556,1141,861,14750,16100,17400,19940,20600,1971,25000
992,1058,2742,1700,1616,1582,1140,861,13900,15290,16540,19320,20060,1995,25000
980,968,2903,1648,1642,1583,1141,861,15220,16640,17870,20560,21130,2303,25000
1040,1194,2743,1701,1717,1583,1162,861,14800,16260,17460,20050,20710,2227,25000
1016,1073,2680,1701,1642,1583,1099,861,15080,16610,17920,20490,21060,1894,25000
1307,1209,2616,1727,1616,1583,1099,861,12210,13350,14600,16950,17400,2354,14483
1088,1058,2519,1673,1641,1608,1182,861,14630,15960,17230,20240,20860,2046,25000
1016,1012,2710,1726,1716,1608,1140,861,14410,15750,16950,19520,20160,1970,25000
955,937,2774,1673,1716,1661,1161,861,15020,16560,17900,20340,20880,1842,25000
1016,952,2967,1754,1717,1767,1245,861,15180,16630,17940,20860,21360,2380,25000
965,946,2740,1663,1642,1456,1120,862,12380,13300,14270,16770,17530,2104,15258
935,835,2505,1500,1549,1489,1094,862,12300,13210,14160,16840,17620,1852,14911
1039,1131,2583,1565,1549,1489,1069,862,12630,13760,14770,17210,17960,1727,15119
965,1020,2544,1565,1549,1489,1094,862,12740,13840,14900,17410,18210,1664,15381
950,1039,2583,1597,1549,1489,1069,862,12950,14040,15090,17610,18410,2009,16161
1054,1261,2740,1630,1580,1521,1094,862,12530,13490,14600,17150,17960,1884,15034
1247,1335,2505,1695,1580,1586,1094,862,11830,12860,13790,16170,16800,1915,13557
1262,1317,3248,1760,1766,1812,1247,862,12420,13510,14550,16940,17700,2449,15136
1234,1392,3033,1921,1851,1829,1274,870,15150,16770,18120,20350,20810,2306,19743
1271,1333,2592,1843,1777,1542,1172,871,12330,13550,14720,16820,17220,1927,18146
1319,1468,3035,1791,1827,1725,1254,871,13840,15190,16440,18910,19400,2638,19703
1055,1243,3351,1843,1777,1804,1295,871,13760,15080,16300,18740,19400,2815,20000
1285,1440,2976,1820,1855,1728,1215,872,13250,14600,15930,18120,18640,2210,16378
1263,1263,2792,1771,1708,1732,1217,874,12120,13290,14360,16870,17410,2189,14981
1275,1323,3141,1850,1808,1758,1217,874,13320,14680,15970,18160,18820,2673,16824
1495,1506,2416,1536,1409,1446,1013,876,12930,14060,15290,17810,18320,2397,15707
1423,1311,2130,1456,1334,1472,1054,876,11710,12700,13900,16290,16750,2219,13696
1579,1522,2289,1642,1535,1472,1054,876,11310,12260,13250,15590,16250,2219,12586
1085,1138,2684,1736,1678,1636,1148,876,12750,13880,15020,17360,18100,1615,18839
1098,1188,3002,1795,1762,1694,1240,876,12800,13950,15150,17480,18200,1842,19157
1905,1973,2988,1801,1762,1735,1240,876,12330,13570,14660,17050,17590,3009,13806
1231,1161,2068,1511,1360,1447,993,877,12170,13380,14880,17300,17770,1966,11527
1112,1147,2389,1539,1589,1528,1139,877,13100,14310,15300,18040,18920,2172,25000
954,906,2357,1566,1614,1554,1181,877,13710,14930,15880,18740,19430,1712,25000
1003,951,2771,1725,1791,1607,1222,877,13600,14780,16000,18900,19590,2428,25000
1148,1208,2708,1725,1690,1607,1222,877,14480,15800,16940,19800,20470,2096,25000
1003,1087,2835,1725,1740,1607,1139,877,14440,15910,17120,19640,20210,1815,25000
979,996,2548,1672,1690,1633,1201,877,13710,14900,15960,18620,19280,1866,25000
930,981,2740,1698,1740,1633,1264,877,14240,15370,16570,19220,19830,1712,25000
1063,1208,2867,1698,1690,1633,1181,877,13760,15020,16230,18720,19460,2096,25000
1015,1087,2771,1698,1715,1633,1201,877,14410,15720,16890,19490,20100,1661,25000
1196,1238,3026,1751,1740,1660,1222,877,14050,15380,16540,19250,19790,2862,25000
1124,1238,3026,1831,1791,1660,1222,877,14260,15670,16930,19490,20070,2147,25000
1063,1072,2899,1857,1816,1686,1284,877,14580,16030,17290,19820,20400,1942,25000
1075,1147,2835,1804,1765,1712,1243,877,14080,15340,16550,19190,19860,1891,25000
967,1087,2771,1778,1740,1739,1222,877,14910,16440,17760,20220,20790,1866,25000
1329,1479,3249,1725,1740,1818,1284,877,13970,15230,16510,19170,19820,3143,25000
1414,1374,2166,1619,1438,1449,1057,878,10540,11510,12500,14960,15570,2224,10073
1377,1434,2517,1698,1564,1581,1139,878,12470,13680,14990,17430,17930,2505,13658
1438,1449,2995,1778,1740,1633,1139,878,11930,13000,14160,16580,17140,2914,12691
1438,1510,2963,1858,1740,1633,1160,878,12790,14090,15480,17840,18520,2658,14117
1064,1072,2836,1779,1741,1634,1140,878,14740,16080,17470,20050,20630,2097,25000
1028,1058,2838,1779,1742,1635,1182,878,14610,16070,17410,20000,20630,2072,25000
1076,1088,2774,1753,1742,1661,1223,878,14910,16310,17510,20380,20970,2456,25000
1064,1058,2901,1806,1767,1661,1202,878,14520,16030,17270,19810,20470,2174,25000
1112,1178,2932,1779,1791,1687,1223,878,15000,16490,17910,20570,21060,2020,25000
1052,1133,2900,1832,1892,1687,1264,878,15060,16680,17990,20580,21010,1739,25000
1100,1102,2773,1805,1817,1713,1223,878,14800,16400,17740,20240,20820,1892,25000
1016,1012,2774,1700,1691,1714,1161,878,14620,15880,17030,19800,20350,2149,25000
1100,1208,2804,1832,1817,1739,1223,878,14690,16140,17550,20030,20590,1918,25000
1184,1208,2868,1832,1842,1739,1223,878,14550,16070,17400,19960,20530,2275,25000
1172,1329,2932,1832,1791,1766,1223,878,15260,16950,18400,20960,21460,2173,25000
1354,1435,3123,1858,1892,1766,1285,878,14160,15490,16840,19410,19950,2429,25000
1088,1133,3059,1885,1842,1766,1264,878,14930,16430,17740,20380,21000,1994,25000
1088,1133,3028,1885,1918,1766,1243,878,14990,16550,17910,20560,21130,2045,25000
1015,997,2964,1911,1842,1818,1264,878,15420,16890,18330,21280,21710,2173,25000
1706,1648,2360,1594,1490,1451,1037,879,12490,13670,14890,17200,17730,2815,14218
1633,1663,2424,1727,1591,1556,1141,879,12990,14370,15720,18250,18520,2073,14924
1137,1179,2807,1674,1692,1583,1182,879,15020,16400,17710,20470,21020,2252,25000
1004,1088,2839,1674,1743,1609,1203,879,14190,15310,16530,19260,20000,2175,25000
1343,1421,2871,1754,1717,1609,1120,879,13360,14740,16060,18400,18940,2380,15734
980,1058,2807,1727,1692,1662,1203,879,14980,16400,17680,20160,20820,2431,25000
1319,1345,2998,1807,1768,1662,1141,879,12450,13730,14930,17380,18010,2636,14938
1488,1648,2711,1727,1692,1688,1161,879,13620,15190,16590,19400,19860,2277,15255
1040,1073,2935,1860,1768,1688,1182,879,15180,16760,18060,20690,21250,2175,25000
956,922,2839,1674,1667,1715,1203,879,14440,15720,16820,19700,20370,2227,25000
1391,1481,2775,1860,1768,1715,1120,879,13360,14910,16350,18510,18780,2073,15419
1198,1285,3222,1887,1818,1794,1286,879,15340,16840,18060,20800,21480,3020,25000
2668,2542,2473,1654,1627,1642,1178,883,11080,11890,12820,15320,16060,3884,13791
965,927,2661,1565,1580,1456,1094,884,12840,13830,14850,17340,18170,2135,16126
1069,1131,2583,1630,1456,1521,1120,884,12720,13560,14550,17100,17980,2135,15682
1098,1261,2818,1695,1766,1618,1171,884,13020,14150,15230,17620,18390,1790,15722
1143,1261,2896,1728,1704,1651,1171,884,12730,13750,14720,17320,18060,2418,15813
1158,1280,3053,1826,1797,1683,1196,884,12630,13550,14680,17140,17890,2355,15553
1069,1131,2857,1826,1766,1715,1196,884,12480,13520,14580,17060,17780,1978,15092
1103,1228,2972,1817,1777,1647,1192,888,13840,15220,16550,18920,19500,2080,19744
947,1079,2972,1791,1777,1725,1213,888,14270,15540,16840,19330,19970,2359,20000
1031,1094,2972,1817,1852,1725,1192,888,13870,15380,16600,18830,19380,1927,19739
1403,1408,2908,1817,1727,1725,1295,888,13010,14270,15420,17880,18460,2638,19642
1127,1154,3193,1896,1827,1778,1295,888,13790,15150,16330,18750,19310,2485,20000
1055,1154,3193,1791,1802,1804,1192,888,13570,14920,16190,18600,19190,2460,20000
1139,1198,3382,1975,2027,1908,1377,888,14860,16490,17900,20190,20630,2257,19890
1741,2206,2945,1793,1704,1728,1297,890,13170,14500,15700,18120,18710,2845,15257
1345,1575,2755,1899,1855,1780,1338,890,13860,15270,16610,19110,19610,2057,16103
1357,1485,3071,1925,1880,1780,1297,890,13210,14560,15860,18240,18670,2438,16368
1201,1260,3008,1899,1905,1807,1297,890,13080,14470,15520,18150,18600,1854,16181
1201,1245,3166,1952,1905,1807,1338,890,14150,15520,16860,19320,19790,2108,16458
1105,1125,3166,2031,2005,1885,1297,890,13640,15040,16250,18650,19300,2134,16647
1237,1365,3451,2057,2055,1937,1400,890,14350,15850,17340,19600,20050,2413,16649
963,932,2602,1665,1708,1574,1155,891,13590,14730,15880,18480,19230,1756,16610
1638,1610,2128,1481,1433,1497,1074,892,9540,10510,11440,13330,13830,2267,11279
1447,1446,2829,1695,1535,1525,1054,893,13270,14540,15710,18070,18710,2907,16107
1507,1627,2511,1721,1586,1656,1178,893,13390,14750,16120,18620,19140,2066,15551
1436,1418,2259,1590,1486,1526,1076,894,11550,12820,14060,16510,17140,1940,10054
1027,951,2357,1566,1564,1554,1201,895,12530,13520,14510,17190,17970,1917,25000
991,1012,2868,1726,1716,1608,1202,895,14540,15830,17050,19930,20450,1918,25000
1087,1208,2708,1751,1690,1633,1181,895,14010,15290,16490,19050,19720,1815,25000
1039,1072,2709,1726,1716,1634,1160,895,14860,16430,17740,20340,20920,1866,25000
1088,1102,2868,1805,1817,1634,1202,895,14920,16460,17860,20460,20980,1943,25000
1244,1344,2708,1725,1690,1660,1243,895,14460,15790,17020,19750,20370,2223,25000
1124,1238,2803,1725,1715,1660,1264,895,13610,14900,15980,18680,19400,2172,25000
1474,1646,2772,1752,1715,1660,1202,895,12940,14290,15640,17970,18430,2377,14108
1027,1117,2867,1725,1765,1686,1243,895,14530,15900,17070,19740,20350,1993,25000
991,1087,2835,1804,1791,1712,1222,895,14120,15570,16770,19280,19900,1763,25000
1124,1238,2994,1831,1816,1712,1222,895,14480,15870,17160,19680,20280,1917,25000
1100,1148,2964,1832,1766,1713,1223,895,14820,16290,17690,20230,20940,2250,25000
1148,1253,2996,1885,1867,1713,1243,895,14800,16250,17630,20270,20840,2122,25000
1088,1133,2900,1858,1817,1739,1243,895,14870,16500,17770,20280,20860,1841,25000
1064,1133,2964,1885,1943,1739,1243,895,14840,16370,17690,20180,20680,1943,25000
1027,1133,2964,1911,1842,1739,1264,895,14950,16490,17800,20240,20730,1739,25000
1100,1223,3028,1938,1968,1792,1285,895,15150,16710,18220,20700,21230,1739,25000
1585,1617,2297,1621,1540,1398,1058,896,11810,13000,14210,16470,17060,2201,12974
992,1043,2678,1700,1666,1582,1140,896,14040,15360,16570,19180,19870,1816,25000
1113,1164,2807,1701,1692,1583,1182,896,14440,15740,16890,19490,20190,2201,25000
979,937,2710,1700,1691,1608,1140,896,14830,16200,17440,20160,20790,1893,25000
1028,1073,2774,1700,1641,1608,1182,896,14720,16340,17560,20050,20720,1995,25000
1028,1073,2742,1700,1691,1608,1182,896,14760,16110,17320,20210,20790,2200,25000
992,997,2678,1700,1691,1608,1182,896,14800,16300,17250,20620,21270,2021,25000
1100,1103,2870,1700,1666,1608,1244,896,13850,15040,16060,18960,19660,2302,25000
1040,1088,2838,1700,1666,1635,1182,896,14910,16390,17600,20190,20870,2123,25000
1210,1330,2584,1701,1692,1636,1182,896,16090,17650,18770,21900,22280,2175,25000
1113,1194,2839,1727,1768,1636,1224,896,14670,15960,17180,19920,20640,2278,25000
1113,1104,2935,1754,1793,1636,1245,896,15220,16740,17970,20690,21250,2431,25000
1246,1376,2967,1780,1793,1662,1245,896,14990,16400,17630,20340,21000,2406,25000
1137,1163,3029,1833,1868,1687,1265,896,14620,16080,17350,19960,20590,2225,25000
1052,1027,2965,1779,1792,1714,1244,896,14620,15990,17230,20020,20630,2200,25000
1040,1043,2901,1859,1792,1714,1223,896,14820,16250,17630,20250,20790,1970,25000
1004,997,2838,1779,1742,1740,1223,896,16030,17580,19050,21580,22160,2046,25000
1270,1451,2807,1807,1844,1741,1307,896,15000,16490,17770,20700,21290,2431,25000
1379,1285,2998,1833,1768,1767,1182,896,13670,15210,16690,18930,19340,2866,15957
1512,1617,2998,1913,1768,1820,1307,896,13650,15160,16530,19260,19750,2380,15291
1440,1370,3622,1973,2013,1901,1291,902,13650,14910,16150,18480,18990,3241,19748
1426,1796,3538,1789,1726,1855,1315,905,13830,15080,16270,19030,19610,3016,19308
1336,1261,2622,1630,1642,1586,1171,906,10660,11540,12560,14910,15550,2669,11986
980,1131,2740,1663,1611,1618,1171,906,13220,14230,15250,17830,18530,1947,16102
1054,1187,2740,1663,1642,1651,1171,906,12880,13900,14920,17650,18320,2104,15928
1098,1206,2857,1728,1735,1651,1171,906,12620,13720,14740,17130,17910,2072,15369
1128,1298,2935,1760,1766,1651,1171,906,12790,13800,14930,17360,18090,2198,15719
1069,1187,3131,1858,1828,1748,1247,906,12840,13900,14980,17370,18010,2355,16072
1055,1109,3130,1896,1877,1778,1295,906,14120,15550,16820,19340,19910,2308,20000
1187,1213,3161,1922,1902,1804,1274,906,13810,15240,16480,18950,19520,2333,19902
1139,1303,3351,1896,1877,1830,1316,906,13890,15250,16400,18860,19370,1927,19508
1043,1139,3256,1896,1902,1856,1316,906,14650,16110,17400,19810,20420,2105,19882
1079,1213,3477,1975,1902,1908,1336,906,14490,15880,17310,19570,20090,2257,19948
1091,1168,3351,2028,2027,1908,1336,906,14290,15700,17150,19500,20070,2384,20000
1199,1333,3003,1843,1827,1934,1336,906,14830,16390,17810,20240,20800,1927,19428
1055,1363,3382,1896,1877,1934,1316,906,13920,15310,16610,18950,19460,2257,19901
1067,1348,3288,2028,1952,1961,1398,906,14680,16280,17630,19990,20390,1927,19569
1223,1483,3572,2080,2077,2013,1398,906,14860,16420,17830,20100,20510,2409,19763
1033,1065,2755,1714,1679,1623,1235,907,13460,14680,15830,18460,19050,2210,16832
1309,1305,2438,1688,1554,1728,1153,907,12280,13380,14520,16860,17390,2032,14944
1033,1005,3039,1793,1755,1807,1276,907,13940,15410,16730,19100,19890,2896,17346
1225,1365,3039,1952,1930,1859,1318,907,13540,14840,16110,18560,19080,2184,16450
1213,1410,2913,1820,1654,1911,1318,907,12850,14330,15480,17780,18270,2235,16219
1117,1275,3388,2110,2005,1990,1379,907,15160,16910,18390,20720,21050,2210,16632
1275,1519,2887,1771,1708,1679,1197,909,13810,15180,16420,18840,19310,2011,16249
1155,1067,2824,1665,1708,1705,1197,909,13790,15160,16440,18880,19380,2444,17005
1155,1218,3077,1824,1808,1810,1320,909,14190,15780,17220,19590,20150,2596,17057
1239,1428,3173,1903,1884,1810,1300,909,13600,14950,16270,18560,19140,2418,16696
1336,1473,2665,1876,1834,1889,1300,909,11410,12400,13390,15930,16630,1884,13209
1588,1834,3617,1903,1859,1941,1341,909,13930,15430,16750,19100,19540,2902,15928
1216,1279,2414,1587,1433,1523,1074,910,12690,14020,15190,17480,18040,1682,15392
1545,1538,2387,1590,1587,1526,1055,912,13180,14530,15910,18110,18600,2017,12561
1521,1538,2609,1829,1713,1737,1179,912,12190,13440,14690,16770,17050,2145,11201
1052,1027,2614,1620,1590,1529,1182,913,14650,16020,17090,20090,20730,2686,25000
1087,1132,2612,1513,1564,1607,1181,913,13030,14110,15200,17770,18530,2045,25000
1426,1495,2581,1698,1614,1607,1160,913,13820,15180,16620,18940,19390,2121,14329
1003,1117,2803,1725,1791,1633,1201,913,14230,15610,16820,19180,19850,1687,25000
1438,1495,2867,1805,1841,1633,1160,913,12510,13810,14970,17350,17950,2556,13598
1016,982,2519,1700,1691,1635,1223,913,13440,14600,15670,18520,19250,1918,25000
1003,1012,2581,1699,1690,1660,1264,913,13750,15030,16050,18820,19570,1815,25000
1220,1434,2994,1778,1791,1660,1305,913,14250,15520,16680,19340,19990,2351,25000
1246,1405,3029,1806,1868,1661,1306,913,15400,16920,18250,20670,21250,2558,25000
1016,1058,2870,1859,1843,1687,1265,913,14870,16270,17410,20180,20820,1970,25000
1148,1193,2771,1725,1765,1712,1305,913,13600,14740,15730,18780,19390,2377,25000
1027,1042,2708,1751,1690,1712,1305,913,13380,14430,15420,18270,18970,1917,25000
1075,1193,2963,1778,1816,1712,1284,913,14710,16150,17350,19900,20500,1815,25000
1088,1133,2964,1885,1892,1713,1264,913,14950,16450,17800,20390,20960,1892,25000
1329,1359,2612,1672,1614,1739,1139,913,12480,13920,15330,17730,17950,1738,13126
1100,1148,3028,1805,1766,1739,1243,913,15050,16520,17920,20570,21090,1994,25000
1112,1178,2836,1832,1842,1739,1202,913,14940,16420,17730,20250,20830,1866,25000
1148,1238,2932,1832,1867,1739,1285,913,14830,16460,17710,20390,20920,1918,25000
1075,1344,3026,1911,1866,1765,1264,913,14790,16200,17470,20040,20580,1891,25000
1064,1102,3123,1911,1892,1766,1285,913,15260,16880,18280,20910,21440,2122,25000
1136,1253,3028,1938,1867,1766,1264,913,14690,16240,17540,20100,20620,1918,25000
1064,1058,2965,1806,1767,1767,1244,913,14820,16270,17580,20240,20870,2098,25000
1087,1177,2740,1831,1866,1791,1305,913,15120,16560,17820,20480,21070,1738,25000
1087,1147,3026,1857,1816,1791,1326,913,14340,15680,16910,19510,20110,2070,25000
1064,1057,2932,1858,1791,1792,1243,913,15040,16500,17860,20410,20950,1994,25000
1088,1193,2996,1885,1791,1792,1347,913,15110,16730,18180,20740,21280,2020,25000
1112,1208,3091,1885,1892,1792,1264,913,14890,16410,17810,20330,20890,2045,25000
1076,1057,2900,1938,1918,1792,1285,913,15220,16790,18100,20660,21170,1866,25000
1064,997,2806,1806,1767,1793,1265,913,14510,15870,17060,19830,20480,2200,25000
1076,1133,2996,1911,1918,1818,1285,913,14770,16360,17730,20300,20930,1969,25000
1803,1799,2169,1568,1439,1609,1161,914,11420,12500,13560,15980,16580,2457,11906
992,1043,2775,1701,1717,1609,1203,914,14440,15830,17030,19590,20320,1843,25000
1210,1270,2297,1727,1667,1609,1224,914,15220,16700,18040,20680,21220,1715,25000
1174,1225,2871,1754,1717,1609,1245,914,14920,16270,17430,20190,20880,2278,25000
1198,1240,2839,1674,1692,1636,1224,914,14430,15660,16790,19580,20290,2227,25000
992,1043,2680,1754,1768,1636,1182,914,15260,16690,17920,20630,21200,1817,25000
1077,1179,2775,1701,1717,1662,1203,914,14820,16190,17430,20020,20700,1971,25000
1113,1164,2775,1807,1768,1662,1265,914,14920,16270,17310,19940,20580,2252,25000
1331,1315,2775,1780,1667,1688,1141,914,13270,14680,16120,18380,18870,2098,15582
1331,1330,2775,1833,1717,1688,1224,914,13010,14380,15630,18140,18650,2892,15985
1098,1289,2931,1824,1873,1694,1263,914,13150,14450,15500,18050,18640,1672,19268
1391,1496,3094,1860,1843,1741,1244,914,13490,14990,16260,18680,19130,2380,15586
1210,1451,3031,1834,1844,1767,1286,914,15180,16710,18090,20640,21220,2380,25000
1085,1222,2967,1912,1873,1840,1263,914,13190,14500,15630,17960,18610,1757,19419
1259,1453,3161,1791,1802,1725,1357,923,15290,16790,18210,20810,21330,2282,19667
1259,1363,3161,1843,1802,1778,1295,923,13550,14800,16070,18560,19170,2435,19838
1475,1483,3066,1870,1902,1804,1295,923,12390,13710,15040,17240,17590,2587,18351
1019,1079,3130,1922,1877,1856,1336,923,14200,15520,16880,19370,19910,2181,20000
1103,1258,3193,1922,1927,1856,1295,923,14610,15950,17210,20020,20520,2257,19899
1055,1109,3541,2133,2052,2013,1418,923,14580,16200,17600,19860,20330,2004,19782
1319,1438,3446,2107,2052,2039,1439,923,14240,15760,17080,19440,19880,2409,19663
1453,1515,2818,1873,1880,1807,1297,924,13150,14470,15820,18330,18860,2565,16241
1237,1425,2850,2004,1880,1833,1338,924,14130,15530,16860,19500,20000,2210,16433
1369,1455,3039,1952,1930,1859,1297,924,14030,15370,16700,18950,19580,1981,16055
1177,1320,3134,2004,1930,1859,1359,924,13530,15050,16490,18650,18980,2134,16472
1069,1185,3198,1925,1980,1937,1421,924,14440,15880,17290,19880,20420,2337,16845
1540,1594,2951,1850,1783,1758,1238,926,11470,12510,13590,15780,16240,2444,13345
1143,1233,3077,1903,1808,1837,1258,926,13110,14370,15610,17940,18680,2062,16579
1024,1002,2231,1565,1518,1456,1120,927,11530,12280,13090,15780,16640,1852,13368
1648,1576,2074,1532,1487,1521,1196,927,10980,11780,12720,15190,15770,2072,11573
1337,1415,2509,1667,1534,1549,1094,927,12520,13730,15020,17330,17840,2140,15407
1173,1150,2192,1434,1456,1586,1094,927,10890,11720,12610,15020,15770,2009,12137
1128,1150,2622,1695,1673,1586,1222,927,12580,13540,14470,17070,17920,1884,15094
1098,1094,2779,1793,1642,1586,1196,927,12500,13510,14510,17090,17930,2292,15419
1009,1224,2700,1663,1642,1651,1171,927,13080,14140,15230,17780,18570,2009,16084
1410,1372,2818,1695,1611,1651,1145,927,11430,12260,13300,15600,16430,3108,13242
1216,1234,2477,1667,1534,1654,1136,927,14280,15860,17300,19570,19910,1783,16095
1247,1261,3014,1793,1797,1683,1272,927,11820,12780,13780,16270,17060,2732,14220
980,1113,2857,1695,1642,1715,1247,927,13220,14300,15300,17820,18580,1978,16144
1054,1113,2818,1793,1797,1715,1196,927,12890,13970,15070,17480,18150,1758,15615
1395,1298,2818,1728,1673,1748,1196,927,11280,12140,13010,15380,15930,2763,13002
1603,1627,2480,1668,1611,1551,1137,928,11820,12860,14030,16410,16910,2219,13364
1688,1838,3115,1933,2013,1735,1220,928,11660,12740,14020,16350,16860,2448,12847
1400,1448,2641,1962,1738,1579,1076,929,13200,14640,15940,18390,18730,2196,12949
1678,1840,2832,1803,1713,1737,1200,929,13130,14570,15920,18230,18760,2349,12232
1883,1885,2832,1882,1839,1816,1242,929,10860,11960,13020,15320,15700,2528,8137
1643,1706,2166,1619,1438,1396,974,930,11770,12640,13140,17340,18050,1764,11391
979,967,2613,1726,1766,1608,1202,930,13970,15290,16370,19080,19750,1866,25000
979,1117,2803,1725,1740,1660,1201,930,14290,15530,16820,19250,19890,1636,25000
1063,1177,2899,1778,1791,1660,1243,930,14300,15640,16760,19330,19980,1763,25000
943,982,2836,1779,1716,1660,1347,930,14130,15410,16520,19490,20070,1892,25000
1039,1057,2709,1832,1741,1660,1223,930,14670,16110,17420,19910,20440,1713,25000
1015,1117,2931,1725,1765,1712,1264,930,14000,15260,16470,18970,19660,1712,25000
1039,1208,2963,1778,1841,1712,1264,930,14590,15870,17140,19560,20230,1789,25000
1039,1102,2709,1885,1842,1713,1285,930,14770,16280,17490,20040,20660,1560,25000
1148,1178,2996,1938,1918,1739,1285,930,15070,16580,17810,20500,21080,2071,25000
1063,1177,2963,1831,1866,1765,1326,930,14340,15750,16940,19610,20160,1738,25000
1063,1283,3122,1831,1866,1791,1305,930,14760,16190,17470,19990,20620,1968,25000
1172,1223,3059,1938,1943,1792,1264,930,14750,16290,17640,20280,20880,2224,25000
1232,1344,3026,1911,1917,1818,1326,930,14700,16270,17430,20110,20720,2070,25000
1039,1087,3028,1911,1892,1818,1326,930,15370,16940,18340,20940,21440,1790,25000
1184,1328,3186,1884,1942,1844,1388,930,15130,16730,17990,20660,21200,2351,25000
1535,1736,3250,2017,1967,1844,1264,930,13880,15390,16650,19100,19580,2735,14155
1452,1345,2520,1594,1515,1556,1141,931,12330,13580,14890,17280,17920,2943,14603
1161,1194,2680,1674,1717,1609,1203,931,14190,15440,16530,19290,19980,2150,25000
932,1028,2648,1727,1667,1636,1224,931,14630,15840,17070,19670,20300,1664,25000
1331,1451,2967,1754,1793,1662,1245,931,14830,16120,17290,20060,20730,2406,25000
992,922,2870,1806,1792,1714,1202,931,15080,16650,18020,20770,21410,2174,25000
1076,1058,2965,1779,1742,1740,1265,931,13790,14940,16050,18860,19640,1893,25000
1052,1103,2838,1859,1817,1740,1285,931,15000,16340,17670,20240,20880,1867,25000
1246,1406,2775,1780,1818,1741,1307,931,15230,16630,18050,20700,21270,2227,25000
1076,1043,2870,1806,1817,1767,1244,931,14540,16120,17300,20000,20620,2072,25000
1088,1058,2838,1806,1767,1767,1265,931,14010,15300,16370,19430,20120,2379,25000
1246,1240,2967,1807,1793,1767,1328,931,15090,16590,17810,20550,21060,2764,25000
1064,1058,2965,1833,1868,1767,1285,931,15150,16790,18100,20680,21240,2123,25000
1198,1255,3158,1834,1818,1767,1328,931,14100,15300,16550,19530,20280,2994,25000
1197,1405,3093,1912,1843,1793,1327,931,14760,16240,17560,20380,21000,2558,25000
1295,1512,2967,1860,1945,1794,1307,931,16310,18060,19460,21900,22450,2329,25000
1125,1209,2997,1912,1868,1846,1306,931,15050,16550,17860,20430,21100,2021,25000
1016,1013,2999,1807,1768,1847,1245,931,15420,17010,18330,21330,21910,2278,25000
1282,1315,3253,2072,2096,2005,1348,931,14100,15620,16980,19400,19800,2124,15656
1112,1239,2967,1942,1929,1811,1263,934,13070,14330,15510,17880,18630,1728,19345
1273,1439,2896,1942,1901,1898,1355,934,13150,14290,15480,18140,18810,1983,19360
1247,1273,3224,1922,1927,1830,1274,940,13130,14460,15630,18030,18640,2536,19981
1307,1693,3098,1922,1952,1856,1377,940,14280,15760,17130,19570,20090,2384,19416
1391,1483,3130,1949,1952,1882,1357,940,12240,13470,14560,16970,17540,2460,18161
1031,1109,3351,1975,1952,1908,1357,940,14130,15580,16850,19180,19710,2029,19836
1307,1423,3193,1975,1927,1908,1336,940,11890,13040,14220,16370,16870,2561,17747
1175,1258,3288,2001,1952,1908,1336,940,14120,15530,16990,19340,19800,2156,19726
1187,1483,3446,2054,2102,1908,1439,940,15120,16760,18230,20370,20770,2206,19654
1091,1303,3382,2001,1977,1934,1398,940,14370,15990,17410,19630,20100,1851,19480
1440,1386,3552,2060,2261,2045,1404,940,12850,14010,15140,17550,18080,2654,19346
1150,1257,3538,2131,2201,2090,1479,940,15100,16720,18130,20360,20770,2129,19726
1777,1845,3134,1899,1930,1833,1379,942,12970,14350,15650,18180,18550,2870,15509
1309,1455,3198,1899,1930,1885,1379,942,13490,14760,15990,18650,19250,2743,16557
1117,1095,3514,2083,2080,1990,1400,942,13900,15320,16590,19110,19590,2311,16816
1432,1413,2538,1744,1658,1627,1176,944,11540,12580,13600,15870,16510,2138,13652
1624,1624,2316,1665,1532,1679,1217,944,11390,12450,13420,15820,16530,2036,12876
1251,1248,3046,1824,1808,1732,1279,944,13140,14290,15630,17990,18490,2444,16818
1227,1353,2982,2009,1884,1837,1423,944,14340,15750,17100,19680,20120,2240,16606
1300,1428,3426,1982,2009,1863,1320,944,13740,15060,16330,18680,19200,2622,16667
1336,1579,3173,2035,2035,1915,1382,944,14340,15780,17180,19560,20060,2520,16432
1492,1594,3553,2035,2009,1915,1362,944,13560,14920,16180,18540,19070,3029,16320
1444,1564,3458,2088,2060,1994,1403,944,14030,15430,16780,19080,19600,2571,16307
1518,1445,2890,1772,1760,1681,1239,945,12130,13350,14550,16850,17460,2981,14760
1192,1219,2731,1825,1785,1786,1280,945,13640,14940,16340,18750,19140,1911,16273
1483,1552,2670,1801,1737,1709,1199,946,12030,13150,14200,16790,17310,2372,14049
1688,1642,2575,1695,1611,1788,1220,946,11170,12140,13250,15620,16190,2372,12129
1376,1342,2291,1537,1461,1579,1138,947,11780,13000,14160,16590,17040,1838,10446
1245,1389,3123,1726,1791,1687,1285,948,14490,15840,17020,19800,20440,3042,25000
1027,1117,2835,1804,1866,1712,1284,948,14360,15750,17040,19500,20120,1636,25000
1161,1284,2965,1833,1868,1714,1265,948,15030,16530,17800,20520,21170,2277,25000
1039,1223,2931,1831,1816,1739,1264,948,14550,16000,17240,19800,20380,1840,25000
1052,1148,2836,1938,1892,1739,1264,948,15460,17170,18550,20970,21540,1636,25000
1112,1223,2740,1778,1866,1765,1367,948,12970,14070,15110,17820,18540,1942,25000
979,967,2710,1859,1817,1767,1306,948,14770,16220,17520,20260,20840,1791,25000
1197,1269,3028,1858,1867,1792,1285,948,14810,16290,17620,20260,20880,2199,25000
1076,1118,3028,1885,1867,1792,1326,948,14850,16330,17650,20350,20890,1994,25000
1100,1193,3155,1938,1918,1792,1326,948,15010,16580,17970,20520,21130,2045,25000
1028,1088,2965,1859,1893,1793,1306,948,15470,17080,18490,21070,21650,1842,25000
1088,1148,2933,1886,1893,1793,1306,948,15230,16690,18110,20770,21370,2046,25000
1788,1887,2804,1725,1715,1818,1305,948,12230,13340,14540,16940,17600,2863,12321
1208,1359,3122,1884,1866,1818,1326,948,14760,16090,17290,19890,20450,1968,25000
1172,1299,3091,1938,1867,1818,1306,948,14930,16440,17780,20320,20920,2045,25000
1052,1133,3028,2071,1993,1818,1347,948,15110,16630,18010,20580,21070,1662,25000
1246,1390,3125,2045,1918,1819,1431,948,14230,15470,16640,19430,20110,2763,25000
1088,1133,3059,1938,2018,1845,1326,948,15510,17170,18520,21080,21640,1790,25000
1100,1133,2996,1964,1968,1845,1326,948,15180,16840,18250,20850,21330,1790,25000
1173,1179,3188,1912,1918,1846,1327,948,14680,16230,17510,20160,20700,2609,25000
1125,1148,3188,1939,1944,1846,1327,948,15040,16540,17840,20510,21030,2328,25000
1015,1072,2676,1937,1967,1870,1429,948,15160,16580,17840,20670,21160,1533,25000
1197,1374,3187,1991,1943,1897,1430,948,14950,16470,17940,20550,21130,2148,25000
1100,1193,3059,2018,2044,1950,1368,948,15320,16780,18130,20890,21490,1764,25000
1233,1450,3251,2044,2044,1950,1430,948,14940,16390,17770,20360,20900,2301,25000
1003,1162,3090,1964,2018,1976,1388,948,14530,16090,17290,19790,20510,1661,25000
1841,1873,2466,1663,1611,1521,1145,949,11290,12170,13130,15500,16130,2512,11771
1158,1039,2466,1663,1642,1553,1222,949,12000,12840,13640,16310,17170,2009,14208
1277,1410,2857,1663,1673,1683,1247,949,12640,13560,14440,17220,17930,2700,15493
1395,1317,2622,1728,1735,1683,1247,949,10310,11030,11920,14290,15010,2543,11519
1065,1179,2903,1780,1818,1688,1224,949,14730,16140,17340,19920,20590,1919,25000
1198,1225,2839,1807,1793,1688,1245,949,14690,16070,17260,19980,20660,2099,25000
1427,1466,2966,1860,1768,1688,1224,949,12690,14010,15220,17550,18080,2559,15067
1391,1345,2711,1807,1793,1715,1203,949,12890,14100,15430,17880,18490,2354,15533
1379,1451,3030,1913,1869,1741,1244,949,13250,14540,15770,18190,18750,2559,15710
1069,1168,3014,1891,1828,1748,1247,949,13220,14340,15430,17930,18720,1947,15976
1202,1298,3131,1826,1828,1812,1247,949,12670,13690,14810,17290,18030,2449,15653
1039,1168,2935,1826,1828,1812,1272,949,13010,14110,15200,17670,18410,1695,15729
1054,1113,2974,1891,1859,1812,1272,949,12920,14050,15220,17580,18350,1915,15845
1331,1527,2967,1887,1844,1847,1348,949,14470,15930,17120,20110,20680,2662,25000
1125,1179,3286,1913,1945,1873,1328,949,16240,17970,19380,22130,22630,2278,25000
1089,1164,3031,1913,1869,1873,1265,949,15050,16550,17850,20730,21320,2073,25000
968,968,3126,1940,1919,1873,1328,949,15620,17040,18140,20930,21520,2201,25000
1143,1317,3287,1989,1983,1909,1349,949,13100,14280,15470,17910,18630,2261,16131
1379,1512,3381,2072,2020,1978,1348,949,13790,15340,16850,19000,19440,2354,15579
1152,1322,3002,1883,1790,1811,1240,953,12700,13810,14900,17380,18060,1955,18974
1139,1239,2931,1942,1873,1840,1263,953,13570,14880,16120,18510,19130,1700,19280
1138,1257,3506,2000,2001,1985,1438,957,15030,16530,17890,20310,20730,2433,20000
1463,1618,3161,1975,1927,1908,1377,958,13250,14540,15770,18130,18650,2282,19223
1127,1213,3161,2001,2027,1934,1459,958,14160,15590,16860,19410,19920,2257,19896
1187,1438,3256,2028,1977,1987,1398,958,14750,16280,17770,20060,20540,2612,19924
1127,1318,3382,2028,2002,2013,1439,958,14500,16060,17370,19890,20360,2460,20000
1175,1258,3382,2080,2027,2065,1521,958,14330,15760,17060,19540,20000,2130,19701
1655,1663,3888,2212,2177,2091,1459,958,13970,15460,16740,19100,19660,3474,19200
1211,1573,3604,2212,2202,2144,1501,958,15080,16860,18320,20570,20970,2181,19563
1537,1485,2565,1820,1755,1649,1235,959,11560,12450,13470,15860,16540,2337,13481
1309,1485,3451,2004,2005,1885,1338,959,13370,14720,16000,18380,18970,2413,16431
1153,1500,3039,2057,1930,1937,1421,959,15010,16640,18110,20510,20910,2159,16437
1393,1530,3419,2136,2156,2042,1441,959,14020,15540,16840,19340,19780,2311,16223
1540,1488,2570,1718,1733,1653,1238,961,12460,13520,14630,17110,17750,2189,15131
1348,1263,2411,1876,1783,1679,1341,961,10960,11900,12810,15230,15860,2062,12682
1588,1669,2760,1876,1834,1732,1279,961,12700,14150,15470,17860,18260,2240,15337
1552,1639,3014,1824,1808,1758,1300,961,13220,14710,16210,18690,19120,2825,16151
1372,1473,3204,2009,2009,1915,1320,961,14290,15880,17250,19640,20150,2418,16452
1456,1684,3046,1956,1909,1941,1362,961,12460,13520,14610,17060,17600,2571,15197
1821,1928,2607,1774,1711,1682,1199,963,12130,13320,14490,16790,17320,2550,13468
1533,1599,2928,1882,1789,1658,1221,964,13350,14680,16020,18470,18890,2349,12669
1774,1900,2737,1803,1713,1842,1242,964,12980,14410,15810,17980,18480,2323,11999
1027,1132,2676,1804,1841,1712,1346,965,15630,17370,18750,21210,21580,1661,25000
1450,1449,2262,1752,1841,1765,1264,965,11770,12860,14010,16410,16920,2045,12036
1015,1072,2676,1778,1866,1765,1346,965,13440,14630,15680,18370,19070,1789,25000
1317,1253,2740,1831,1841,1818,1347,965,12530,13670,14870,17420,18130,2275,13853
1402,1495,2931,2017,1967,1818,1326,965,13160,14430,15710,18200,18740,2121,14353
1027,1298,3058,1911,1942,1844,1367,965,14850,16330,17690,20070,20650,1738,25000
1244,1313,2931,1937,1917,1870,1388,965,14300,15650,16790,19680,20260,2402,25000
1112,1268,3154,2017,1967,1870,1346,965,14610,16080,17390,19940,20540,1942,25000
1645,1557,2297,1621,1616,1583,1224,966,10770,11670,12700,15110,15810,2482,11192
1100,1118,2551,1753,1742,1608,1202,966,13350,14370,15330,18240,18970,2021,25000
1173,1299,2806,1833,1792,1661,1265,966,14790,16150,17360,20040,20780,2123,25000
1064,1058,2838,1833,1817,1767,1327,966,13950,15160,16240,19130,19690,2174,25000
1076,1118,2965,1939,1868,1767,1265,966,15300,16600,17880,20650,21250,2046,25000
1028,997,2901,1886,1918,1819,1306,966,15190,16740,18070,20640,21160,1944,25000
1016,1012,3093,1939,1918,1819,1285,966,15200,16730,18050,20770,21260,2098,25000
1064,1118,2965,1992,1918,1819,1306,966,15110,16570,17870,20650,21310,2174,25000
1160,1253,3155,1805,1892,1845,1388,966,13580,14890,16010,18740,19500,2608,25000
1160,1314,2996,1964,1918,1845,1347,966,14910,16600,17960,20480,21040,1943,25000
1124,1223,3091,1964,1918,1845,1326,966,15280,16910,18350,20930,21410,2020,25000
1172,1223,3219,1991,1993,1845,1368,966,15160,16700,18110,20610,21160,2122,25000
1137,1088,3188,1912,1843,1846,1431,966,14310,15610,16800,19650,20360,2507,25000
1100,1118,3061,1939,1918,1846,1348,966,14850,16350,17600,20370,20960,2225,25000
1137,1163,3061,1939,1944,1846,1348,966,14820,16370,17700,20380,20870,2200,25000
1136,1208,3059,1964,1968,1871,1368,966,15650,17290,18760,21280,21690,1815,25000
1172,1284,3187,2018,1968,1871,1368,966,15030,16600,17980,20630,21150,1892,25000
1173,1224,3093,1859,1944,1872,1410,966,14340,15560,16770,19770,20430,2660,25000
1403,1376,2839,1913,1793,1873,1348,966,11900,13270,14440,16660,17220,2098,13504
1379,1330,3094,1940,1919,1873,1390,966,13000,14370,15650,18010,18620,2559,15833
1064,1148,3091,1964,2018,1897,1368,966,15550,17310,18760,21160,21680,1764,25000
1052,1027,3157,2018,1994,1925,1368,966,15320,16940,18210,20840,21400,2098,25000
1148,1253,3091,2071,1993,1950,1368,966,14960,16520,17880,20470,20960,1892,25000
1452,1587,3317,2126,2071,1978,1348,966,14010,15660,17050,19430,19780,2354,15398
1452,1466,3349,2338,1970,1978,1369,966,13140,14610,15850,18370,18930,2815,15659
1197,1359,3219,2071,2044,2003,1451,966,15260,16850,18240,20880,21420,2071,25000
1536,1723,3413,2099,2071,2005,1390,966,13730,15320,16740,19060,19530,2636,15238
1452,1617,3381,2179,2045,2137,1452,966,13990,15570,17110,19550,19920,2226,15315
1512,1663,3732,2205,2197,2137,1493,966,12440,13730,14930,17080,17640,2738,14352
1053,1119,2903,1780,1818,1715,1286,967,14770,16160,17310,19850,20560,1843,25000
1089,1088,2903,1860,1818,1741,1286,967,14590,15890,17060,19800,20430,2099,25000
1004,1043,2839,1860,1793,1767,1286,967,15550,17090,18560,21030,21570,1715,25000
1258,1300,3031,1834,1894,1794,1348,967,14590,15790,16950,19890,20590,2278,25000
1210,1361,3094,1860,1919,1820,1369,967,15030,16400,17550,20190,20790,2303,25000
1077,1088,3094,1966,1995,1873,1390,967,15590,17060,18300,21350,21900,2201,25000
1246,1466,3350,1780,1844,1899,1390,967,15320,16860,18220,21020,21450,2892,25000
1425,1372,2074,1532,1456,1553,1120,970,10560,11340,12230,14640,15440,2041,11213
994,927,2740,1695,1735,1618,1247,970,11850,12730,13610,16120,17050,2104,14278
1054,964,2544,1695,1704,1651,1272,970,12490,13440,14270,16960,17780,2166,15401
1187,1187,2896,1728,1828,1651,1145,970,11610,12410,13520,15890,16680,2449,13815
1098,1094,2896,1760,1797,1651,1298,970,11530,12370,13460,15760,16440,1915,13300
1039,1039,3014,1858,1797,1715,1272,970,11680,12660,13600,16080,16730,2261,14009
1113,1317,3092,1793,1766,1812,1272,970,13050,14100,15190,17770,18450,1978,15885
1039,1410,2974,1793,1735,1845,1323,970,13870,14910,15990,18590,19240,2072,16021
1045,1205,3108,1942,1957,1898,1332,973,13470,14740,15930,18250,18890,1813,19541
1098,1289,3037,1942,1901,1928,1309,973,13200,14460,15710,18000,18620,1813,19435
1045,1121,3108,1971,1985,1928,1401,973,13450,14750,15960,18340,19020,1728,19485
1179,1322,3037,2030,2041,1928,1447,973,13650,14920,16160,18790,19360,1842,19360
1631,1693,2813,1922,1877,1804,1357,975,13050,14540,15730,17960,18420,2130,18844
1127,1198,3382,2001,1952,1987,1439,975,14870,16350,17780,20170,20650,2257,19903
1091,1363,3130,2054,2102,2013,1480,975,14950,16570,17980,20220,20750,2054,19666
1235,1348,3477,2080,2052,2013,1439,975,15270,16940,18140,20720,21150,2333,19788
1259,1438,3541,2080,2102,2013,1480,975,14030,15350,16710,19090,19490,2536,19794
1187,1393,3477,2107,2027,2013,1480,975,13710,15070,16250,18760,19280,2663,19983
1115,1258,3446,2133,2127,2091,1459,975,14570,16150,17530,19930,20350,2232,19863
1175,1228,3793,2159,2052,2091,1501,975,14300,15650,16970,19420,19960,2790,20000
1211,1573,3572,2133,2152,2144,1542,975,15040,16590,17850,20480,20880,2460,19707
1355,1618,3888,2212,2177,2196,1521,975,14300,15800,17190,19550,20040,2612,19492
1489,1470,2501,1820,1704,1728,1256,977,11930,12930,14060,16400,16780,2057,14092
1129,1080,2818,1820,1805,1807,1338,977,13740,15040,16220,18820,19520,1981,16489
1705,1695,2691,1925,1880,1807,1297,977,12190,13310,14350,16890,17370,2438,14214
1741,1755,2881,1873,1930,1833,1338,977,10190,11200,12190,14160,14680,2464,11075
1261,1275,3388,2057,2055,2016,1441,977,13890,15370,16760,18980,19410,2261,16530
1697,1729,2729,1824,1859,1705,1382,979,10960,11940,12930,15300,15930,2647,12149
1372,1443,3141,1903,1884,1863,1320,979,13210,14520,15720,18020,18580,2367,16464
1227,1323,3363,2009,2009,1941,1341,979,14030,15440,16820,19080,19630,2189,16572
1516,1609,3680,2141,2160,1994,1465,979,13130,14490,15750,18110,18670,3182,16298
1925,2135,3649,1982,1959,2099,1465,979,12940,14370,15530,17830,18630,3105,15145
1951,2032,2731,1799,1710,1733,1260,980,10800,11770,12840,15320,15840,2548,11109
1638,1731,2890,1878,1810,1786,1260,980,12000,13230,14490,16830,17250,2293,13870
1626,1731,2922,1931,1886,1812,1363,980,11590,12710,13960,16020,16500,2599,13260
1349,1445,3525,2037,2011,1891,1322,980,13950,15390,16720,18990,19530,2675,16492
1603,1582,2480,1721,1586,1604,1323,981,11470,12470,13520,15880,16370,2193,12768
1941,1973,2797,1721,1636,1735,1282,981,10950,11840,12870,15240,16000,2933,11260
1557,1508,3246,1988,1940,1842,1324,982,12990,14290,15630,17990,18630,3013,12897
1595,1691,2740,1911,1866,1712,1243,983,11680,12800,13980,16310,16780,2249,11574
1087,1117,2771,1804,1891,1739,1367,983,13300,14440,15490,18200,18860,1840,25000
1233,1238,2709,1805,1867,1766,1347,983,13890,15130,16200,19030,19880,2122,25000
1305,1465,2996,1885,1993,1792,1430,983,14000,15160,16320,19070,19770,2531,25000
1245,1420,3155,1858,1918,1818,1285,983,15370,17020,18280,20880,21410,2403,25000
1414,1676,3217,1937,1942,1818,1388,983,14350,15790,17110,19790,20370,2683,25000
1063,1268,3026,1937,1992,1818,1388,983,15060,16440,17730,20170,20760,1763,25000
1075,1298,3058,1990,2018,1870,1409,983,14780,16210,17440,20200,20780,1840,25000
1003,1162,3090,1964,1967,1897,1346,983,14950,16430,17680,20220,20780,1687,25000
1076,1087,3028,1964,2018,1897,1368,983,15100,16870,18380,21060,21710,2122,25000
1124,1253,3026,1990,1967,1897,1409,983,14410,15810,16980,19640,20250,1917,25000
1197,1389,3251,2044,2044,1897,1368,983,14910,16620,17930,20490,21000,2148,25000
1462,1615,3027,1937,1892,1923,1367,983,14150,15790,17180,19580,20000,2173,14178
1112,1269,3251,2097,2069,1977,1430,983,15340,16930,18320,20930,21510,2224,25000
1161,1148,2678,1779,1792,1687,1265,984,13060,14220,15290,18150,18930,1970,25000
1657,1542,2807,1807,1768,1715,1307,984,11680,12800,13980,16320,16880,3685,13057
932,937,2967,1834,1818,1767,1328,984,15750,17160,18420,20860,21490,2406,25000
2057,2237,3062,1833,1869,1846,1286,984,12300,13390,14640,17070,17550,2866,12883
1125,1209,2997,1912,1868,1846,1306,984,15250,16800,18180,20920,21490,2046,25000
1209,1330,3188,1912,1893,1846,1389,984,14520,15920,17110,19830,20540,2481,25000
1004,1058,2997,1965,1918,1846,1348,984,15240,16740,18020,20580,21230,1791,25000
1161,1299,3284,1965,2019,1846,1410,984,15480,17020,18200,20730,21390,2456,25000
1053,1194,2967,1940,1919,1847,1328,984,14980,16390,17680,20320,21010,1817,25000
1064,1103,3061,2018,1969,1872,1348,984,15940,17780,19110,21550,22150,1791,25000
1161,1225,3286,1966,1970,1873,1390,984,14620,15850,17080,20000,20650,2738,25000
1452,1451,3317,2019,1944,1873,1369,984,12960,14290,15620,18090,18520,2636,15556
1100,1118,3252,2045,2045,1977,1451,984,14800,16340,17570,20430,21040,2200,25000
1065,1209,3094,1966,1945,1979,1348,984,15530,16940,18290,20920,21550,1843,25000
1282,1345,3380,2125,2070,2004,1493,984,14620,16210,17510,20240,20760,2635,25000
1548,1723,3094,2046,1995,2005,1410,984,15160,16990,18620,20730,20940,2354,15125
1221,1330,3412,2072,2120,2057,1451,984,15610,17130,18590,21610,22110,2430,25000
1633,1920,3700,2152,2096,2163,1493,984,13310,14820,16150,18480,19000,2943,14994
1098,1057,2426,1663,1735,1586,1272,992,11740,12580,13320,16010,16910,1758,13521
1692,1651,2231,1663,1549,1651,1145,992,10710,11570,12480,14960,15650,2323,11067
1380,1243,2113,1597,1394,1683,1171,992,10400,11150,12110,14450,15240,2166,11339
1232,1243,2935,1858,1828,1748,1298,992,11390,12240,13100,15510,16270,2480,13374
1484,1465,2270,1728,1673,1780,1247,992,10670,11400,12230,14640,15390,2135,11387
1084,1076,2896,1858,1859,1812,1272,992,12350,13390,14440,16850,17640,2261,15146
994,1094,2974,1956,1828,1845,1298,992,13420,14470,15610,18010,18850,1758,15897
1291,1484,3170,1793,1859,1877,1298,992,13430,14550,15700,18200,18800,2292,15915
1039,1354,3053,1891,1890,1909,1374,992,13140,14170,15240,17840,18660,1884,15852
1202,1206,3209,2021,2045,1942,1425,992,13560,14670,15790,18200,18940,2512,16346
1054,1187,3170,1956,1983,1974,1400,992,12780,13940,15070,17520,18300,2009,15654
1179,1356,3320,2089,2153,2015,1401,992,14230,15650,17040,19140,19640,1700,19177
1415,1573,3414,2001,2002,1882,1377,993,13230,14600,15910,18230,18460,2333,19357
1235,1348,3224,2028,1952,1882,1418,993,14030,15270,16540,19150,19720,2308,19764
1079,1154,3351,2054,1977,1961,1418,993,14350,15930,17250,19600,20050,2130,19858
1547,1663,3382,2028,2077,1987,1377,993,13840,15260,16450,18950,19570,2866,19244
1235,1393,3256,2054,2027,2013,1377,993,14230,15780,16980,19320,19820,2308,19743
1163,1453,3509,2054,2102,2013,1459,993,15070,16720,18130,20390,20790,2130,19620
1295,1468,3572,2186,2177,2091,1480,993,15010,16630,18070,20400,20790,2359,19650
1175,1438,3699,2186,2202,2117,1521,993,14500,15940,17130,19570,20170,2409,19874
1295,1423,3509,2238,2252,2144,1521,993,15210,16870,18270,20560,21040,2359,19696
1199,1528,3667,2107,2102,2170,1521,993,14280,15930,17320,19750,20240,2460,19771
1151,1393,3572,2212,2102,2170,1521,993,13650,15020,16330,18780,19350,2485,19985
1391,1678,3667,2212,2177,2196,1542,993,15680,17530,19110,21220,21470,2054,19164
1297,1410,3356,2215,2181,2095,1503,994,14510,16150,17530,20130,20570,2134,16305
1129,1395,3483,2189,2156,2121,1585,994,14630,16240,17620,19900,20300,2565,16846
1312,1263,2443,1850,1808,1784,1320,996,11610,12700,13580,15840,16370,1934,13751
1492,1669,3236,2009,1909,1863,1382,996,13490,15000,16210,18500,19020,2596,16141
1360,1413,3490,2167,2160,2073,1485,996,13840,15260,16530,18990,19580,2723,16621
1614,1640,2763,1772,1760,1707,1260,997,11390,12570,13740,15860,16400,2344,12915
2252,2318,2890,1958,1860,1786,1218,997,10840,11650,12670,14990,15700,3108,10708
1578,1625,3144,1878,1810,1865,1342,997,12280,13490,14800,17030,17470,2318,14572
1603,1597,2575,1748,1636,1630,1199,998,11970,13070,14300,16870,17380,2397,13738
1652,1627,2321,1642,1586,1709,1240,998,11210,12060,13260,15480,16150,2244,12212
1471,1401,2861,1907,1812,1788,1261,998,12040,13090,14300,16440,17110,2321,14218
1905,1989,3115,2092,2013,1893,1323,998,11070,12180,13230,15630,16280,2703,11444
2013,2184,3179,1986,1913,1998,1385,998,12770,14050,15340,17780,18250,2678,14176
2016,2096,3023,1962,1864,1789,1283,999,12330,13570,14830,17130,17720,2681,10466
1472,1538,2641,1803,1764,1842,1200,999,11530,12760,13910,16210,16690,2145,10082
1667,1676,2389,1858,1715,1633,1202,1000,10960,11890,12770,15390,15840,2121,10135
1595,1615,2453,1911,1892,1712,1347,1000,11860,12880,13990,16520,16990,2019,11862
1305,1328,3090,1857,1917,1844,1429,1000,13680,14890,15990,18930,19560,2556,25000
1075,1298,3026,1911,1967,1844,1388,1000,15090,16660,17950,20390,20960,1789,25000
1498,1600,3122,1937,1942,1923,1367,1000,13310,14660,16010,18400,18980,2581,14297
1148,1419,3090,2017,2068,1923,1450,1000,15920,17550,18870,21420,21880,1968,25000
1136,1389,3154,2017,2068,1923,1429,1000,14910,16360,17680,20330,20890,1942,25000
1136,1162,3186,1990,2043,1976,1409,1000,14500,15780,17020,19710,20220,2096,25000
967,1117,3217,2017,1942,2002,1450,1000,14500,15860,17050,19590,20170,1610,25000
1172,1283,3281,2043,2068,2002,1512,1000,15340,16900,18260,20710,21270,2172,25000
1028,1012,2742,1806,1792,1714,1285,1001,13870,15130,16210,18950,19710,1944,25000
1124,1102,3091,1858,1892,1792,1388,1001,13680,14830,15940,18690,19510,2659,25000
1088,1058,3061,1992,1944,1846,1368,1001,15050,16520,17840,20520,21040,1995,25000
1112,1238,3187,1938,1943,1871,1388,1001,14630,15940,17100,19960,20640,2071,25000
1221,1390,3220,1912,1918,1872,1327,1001,14710,16170,17380,20190,20770,2635,25000
1100,1043,3157,1939,1994,1872,1368,1001,14740,16170,17470,20240,20770,2379,25000
1161,1133,3061,1965,1969,1872,1431,1001,14850,16220,17470,20310,20870,2379,25000
1040,1118,3061,1992,1994,1872,1327,1001,15570,17170,18630,21260,21850,1970,25000
1197,1344,3123,1964,1943,1897,1347,1001,14920,16410,17780,20330,20880,2148,25000
1209,1359,3219,2018,1993,1897,1388,1001,15070,16730,18090,20700,21200,2173,25000
1136,1299,3123,2018,1993,1897,1409,1001,15350,16940,18340,20970,21600,1841,25000
1004,1012,2997,1965,1969,1898,1348,1001,15300,16850,18240,20850,21450,1739,25000
1125,1209,3157,2072,1969,1898,1368,1001,15100,16660,17890,20520,21120,2072,25000
1088,1087,3091,2124,2145,1924,1430,1001,15280,16800,18260,20890,21250,2071,25000
1184,1284,3251,2071,2044,1977,1430,1001,15160,16770,18130,20740,21260,2020,25000
1209,1314,3219,2071,2018,1977,1430,1001,15170,16790,18060,20710,21300,2224,25000
1137,1148,3380,2072,2045,1977,1368,1001,15330,16960,18320,20900,21440,2302,25000
1172,1299,3346,2097,2069,2056,1492,1001,15310,16890,18310,21100,21630,2199,25000
1136,1208,3251,2177,2094,2056,1451,1001,14880,16470,17780,20640,21210,2352,25000
1246,1299,3380,2178,2045,2057,1431,1001,14980,16580,17800,20630,21180,2328,25000
1233,1329,3410,2230,2195,2082,1471,1001,15380,16890,18290,21170,21610,2148,25000
1149,1330,3031,1887,1894,1794,1390,1002,15100,16400,17640,20270,20870,2227,25000
1645,1693,2775,1913,1869,1846,1327,1002,12740,14090,15480,17920,18200,2329,14544
1452,1481,3030,1966,1995,1926,1410,1002,12890,14190,15450,17940,18580,2482,15352
1113,1179,3286,2020,1995,1926,1431,1002,15150,16520,17910,20730,21380,2687,25000
1101,1194,3254,2073,2147,1979,1431,1002,16200,17910,19230,22010,22550,2201,25000
1427,1632,3541,2232,2197,2110,1452,1002,14170,15910,17410,19600,19970,2303,15367
1669,1874,3668,2205,2146,2137,1556,1002,12780,14020,15340,17670,18110,3173,14639
1246,1287,3475,2052,2076,2116,1561,1009,14230,15520,16750,19530,20110,2914,20000
1643,2217,3193,1975,1902,1908,1377,1010,14330,15730,17010,19650,20170,2714,18540
1774,2172,3541,2238,2252,1908,1418,1010,14150,15600,16860,19230,19770,2739,18418
1163,1228,3319,2028,1952,1934,1377,1010,14060,15430,16680,19200,19910,2054,19652
1379,1558,3477,2107,2127,2013,1459,1010,14370,15870,17210,19520,19900,2257,19395
1319,1588,3635,2212,2177,2039,1459,1010,14680,16230,17580,19840,20220,2435,19520
1439,1558,3541,2080,2077,2091,1439,1010,11710,12920,14000,16250,16610,2942,17190
1139,1408,3509,2080,2077,2144,1542,1010,16320,18070,19610,22150,22450,2156,19692
1403,1663,3509,2212,2177,2144,1562,1010,14610,16090,17500,20130,20610,2435,19322
1460,1590,2931,1942,1901,1957,1447,1012,11960,13050,14090,16580,17130,1898,17143
1152,1272,3285,2089,2097,2044,1424,1012,13610,15090,16220,18680,19270,1870,19446
1393,1500,3039,2163,2030,2121,1523,1012,12300,13420,14430,16800,17260,1905,14667
1585,2101,3609,2347,2256,2304,1709,1012,14270,15930,17260,19730,20190,3124,15619
1054,1298,2935,1891,1859,1845,1298,1013,13080,14160,15200,17630,18420,1790,15756
950,1280,3053,1891,1828,1877,1400,1013,13310,14330,15300,17940,18670,2261,16367
965,1224,2935,1858,1766,1974,1374,1013,13370,14460,15500,18180,18910,1664,15757
1158,1317,3327,1989,2014,1974,1400,1013,11860,12820,13840,16320,16780,2355,14149
1202,1391,3366,2086,2169,2071,1476,1013,13320,14350,15560,18000,18660,2104,15881
1380,1521,3640,2119,2138,2071,1425,1013,12170,13170,14340,16710,17360,2669,14374
1540,1609,2792,1956,1859,1863,1341,1014,12260,13540,14730,16730,17080,2164,14638
1288,1338,3522,1982,1984,1863,1341,1014,14090,15490,16850,19130,19660,2545,16756
1336,1579,3458,2088,2060,1994,1423,1014,14220,15750,17130,19450,19880,2393,16390
1468,1789,3300,2167,2160,2073,1485,1014,13300,14880,16200,18300,18680,2469,16015
1300,1413,3490,2141,2160,2125,1527,1014,13330,14750,15940,18280,18850,2164,16431
1516,1774,3522,2220,2160,2178,1527,1014,12670,13920,14960,17500,17650,2291,15301
1432,1609,3934,2326,2286,2230,1609,1014,13470,14870,15990,18460,19120,2622,16294
1481,1565,2604,1878,1760,1681,1218,1015,13260,14550,15790,18120,18700,2089,15962
2074,2094,2638,1854,1787,1761,1261,1016,10970,11840,12840,15170,15820,2780,10980
1977,2275,3783,2251,2215,2077,1468,1016,11760,12880,14110,16410,16900,3213,12446
2285,2113,3274,1915,2068,2016,1449,1017,12090,13140,14080,16630,17290,4331,16433
1690,1749,3691,2147,2167,2053,1448,1017,12980,14220,15730,17780,18240,3779,12557
1112,1419,3313,1964,2018,1870,1409,1018,14870,16310,17560,20120,20650,2121,25000
1244,1419,3090,2017,1992,1923,1450,1018,15010,16540,17960,20500,20980,2045,25000
1160,1449,3186,2043,2068,1949,1450,1018,15310,16750,18080,20560,21070,2019,25000
1172,1299,3187,2044,2069,1950,1430,1018,15200,16860,18210,20810,21400,1815,25000
1209,1389,3123,2097,2069,1950,1430,1018,15270,16810,18150,20640,21160,1866,25000
1209,1389,3219,2044,2044,1977,1388,1018,15160,16780,18140,20700,21190,1994,25000
1100,1133,3282,2071,2094,1977,1492,1018,15270,16900,18260,20980,21590,2097,25000
1257,1389,3123,2071,1993,1977,1409,1018,15000,16550,17860,20520,21050,2148,25000
1619,1812,3536,2150,2119,2002,1429,1018,13780,15320,16940,19220,19610,2658,13945
1100,1027,3314,2177,2094,2003,1471,1018,16150,17950,19440,21840,22210,2224,25000
1136,1223,3313,2149,2144,2028,1512,1018,16320,18140,19510,22130,22570,2019,25000
1330,1601,3346,2044,2094,2029,1513,1018,14840,16310,17690,20310,20800,2148,25000
1378,1480,3410,2150,2195,2135,1492,1018,15040,16600,17970,20690,21280,2327,25000
1197,1284,3314,2177,2094,2214,1492,1018,15090,16650,18070,20970,21620,2250,25000
1125,1148,2901,1859,1918,1793,1348,1019,14450,15600,16600,19550,20130,2225,25000
1100,1133,3061,1939,1994,1872,1368,1019,15660,17170,18540,21320,21970,2200,25000
1706,1784,2520,1886,1843,1899,1348,1019,11520,12600,13820,16030,16490,2226,12134
1452,1602,3349,1993,1944,1899,1327,1019,13360,14720,16010,18350,18830,2508,15437
1161,1285,3158,2020,2020,1926,1390,1019,15970,17610,19050,21670,22210,2278,25000
1100,1224,3125,2018,1994,1951,1389,1019,15630,17310,18700,21390,21920,1995,25000
1125,1224,3093,2045,2045,1951,1410,1019,15350,16890,18220,20780,21320,1867,25000
1137,1315,3350,2046,2020,1952,1452,1019,16580,18390,19860,22570,23080,2227,25000
1282,1481,3125,2045,2070,1977,1410,1019,14960,16330,17540,20280,20890,2225,25000
1125,1239,3252,2072,2045,1977,1431,1019,15310,17020,18310,21230,21830,2123,25000
1270,1315,3348,2098,2045,1977,1451,1019,15160,16610,17930,20770,21320,2507,25000
1100,1179,3220,2098,2019,2004,1451,1019,15840,17360,18720,21440,22050,2123,25000
1088,1103,3188,2125,2070,2004,1513,1019,15960,17490,18830,21910,22400,2123,25000
1379,1481,3284,2072,2045,2030,1472,1019,14980,16420,17720,20800,21400,2481,25000
1149,1239,3412,2151,2221,2109,1513,1019,15320,16940,18320,21120,21700,2481,25000
1621,1738,3094,2099,2045,2110,1514,1019,12770,14100,15420,17670,18080,2022,14443
1523,1603,3098,2054,2052,1882,1418,1027,12370,13330,14360,16950,17450,2688,18157
1499,1483,3256,2028,2027,1987,1459,1027,13020,14440,15640,17940,18450,2435,19366
1198,1257,3506,2000,2051,2038,1541,1027,14430,15880,17150,19760,20250,2636,20000
1247,1498,3541,2133,2127,2065,1480,1027,14470,15900,17250,19930,20450,2561,19758
1019,1513,3414,2159,2127,2117,1562,1027,15130,16740,18210,20540,21030,2156,19777
1115,1183,3572,2291,2202,2144,1521,1027,14460,16090,17400,20160,20520,2308,19970
1283,1453,3730,2291,2252,2144,1542,1027,15710,17420,18960,21080,21430,2384,19693
1283,1573,3414,2212,2177,2170,1562,1027,14470,16050,17410,19830,20300,2105,19414
1331,1648,3920,2370,2353,2222,1624,1027,15060,16780,18290,20630,21010,2511,19467
1211,1333,3351,2212,2277,2248,1665,1027,15500,17060,18460,20960,21280,2156,19651
1307,1603,3667,2291,2302,2248,1644,1027,15720,17440,18770,21430,21660,2435,19523
1295,1483,3983,2370,2227,2248,1644,1027,14290,15550,16880,19440,19960,2054,19392
1549,1650,3103,1925,1930,1911,1441,1029,13600,14720,15910,18430,19050,2438,15928
1333,1350,2976,1952,1930,1964,1400,1029,12340,13740,14890,17180,17510,1981,14952
1829,1879,3268,2035,2009,1915,1465,1031,11900,12980,14170,16430,16840,2723,13545
1112,1255,3108,2030,1957,1957,1401,1031,13100,14280,15430,17930,18630,1870,19500
1420,1443,3300,2061,2060,1968,1465,1031,12160,13310,14430,16560,17060,2673,14979
1831,1851,2636,1825,1735,1733,1322,1032,11550,12510,13590,16010,16540,2497,12767
2038,1973,2416,1695,1535,1735,1302,1033,10850,11680,12750,15130,15910,2729,10908
2137,2114,2583,1728,1797,1780,1323,1035,10480,11260,12090,14430,15110,3234,9944
1128,1131,2700,1793,1859,1812,1374,1035,12650,13590,14440,17490,18370,1978,15331
965,1020,2974,1891,1828,1812,1272,1035,12420,13460,14520,16840,17510,1727,14893
1994,2144,2899,1937,1917,1844,1347,1035,11150,12180,13530,15800,16380,2709,9832
1662,1706,2779,1793,1735,1877,1349,1035,11610,12570,13520,16030,16640,2229,12632
1618,1558,2740,1858,1735,1877,1374,1035,10880,11770,12640,15070,15840,2983,11763
994,1076,3053,1956,1859,1877,1298,1035,13690,14900,15890,18500,19210,1790,15942
1158,1317,3053,1956,1983,1877,1374,1035,13080,14040,15170,17780,18520,1978,15835
994,1113,3092,1989,1983,1909,1374,1035,13600,14740,15850,18410,19230,1695,15813
1039,1224,3053,1989,2045,1942,1374,1035,13570,14740,15860,18380,19090,1821,15847
1124,1328,3090,2043,2093,1949,1450,1035,14770,16260,17430,20130,20620,1866,25000
1039,1150,3014,1956,1921,1974,1400,1035,14060,15160,16290,18990,19690,1852,15919
1306,1521,3366,2021,1983,1974,1425,1035,12690,13720,14800,17380,18030,2418,15343
1232,1298,3287,2119,2076,1974,1425,1035,11990,12980,14010,16380,16920,2072,14045
1389,1570,3217,2123,2043,2028,1512,1035,15010,16630,17860,20840,21400,2300,25000
1631,1766,3536,2097,2169,2081,1450,1035,12920,14390,15860,18010,18370,2581,13806
1015,1012,2645,1752,1867,1818,1368,1036,13740,14950,15950,18830,19550,1892,25000
1125,1194,3029,1939,1994,1846,1431,1036,15060,16370,17540,20450,21080,2200,25000
1076,1239,3220,1939,1969,1872,1368,1036,15230,16600,17900,20610,21270,2072,25000
1185,1194,2901,1939,1918,1898,1451,1036,14440,15690,16750,19740,20440,2174,25000
1233,1345,3316,2045,2045,1951,1431,1036,15080,16610,17870,20680,21260,2225,25000
1245,1420,3346,2124,2119,2029,1471,1036,15360,17080,18470,21230,21710,2071,25000
1354,1451,3348,2072,2045,2030,1513,1036,14180,15570,16760,19790,20380,2839,25000
1354,1451,3220,2257,2221,2030,1493,1036,15380,16980,18390,21050,21630,2404,25000
1245,1420,3314,2150,2119,2056,1492,1036,15200,16830,18260,20920,21410,2020,25000
1197,1345,3284,2151,2146,2057,1472,1036,15610,17270,18590,21240,21790,2149,25000
1197,1253,3410,2150,2145,2082,1554,1036,15560,17180,18540,21310,21790,2045,25000
1317,1480,3378,2150,2145,2108,1513,1036,15210,16790,18220,20930,21450,2275,25000
1246,1224,2488,1860,1843,1688,1265,1037,11240,12190,13230,15590,16210,1817,12239
1960,1935,2616,1833,1818,1741,1327,1037,10480,11340,12420,14840,15470,3071,10095
1101,1225,3062,1940,1945,1873,1390,1037,15090,16470,17630,20400,21020,1971,25000
992,968,3094,1940,1970,1899,1390,1037,14940,16280,17370,20390,21020,2022,25000
1295,1542,3190,1966,1970,1899,1473,1037,14510,15890,17070,19790,20400,2406,25000
1331,1618,3318,2073,2096,1926,1431,1037,15990,17510,18900,21460,21990,2534,25000
1053,1164,3190,2020,1945,1952,1431,1037,15770,17210,18500,21140,21810,2201,25000
1186,1406,3254,2046,2046,1952,1452,1037,16190,17770,19130,21900,22440,2508,25000
2129,2237,2903,1966,1919,2005,1410,1037,12330,13380,14530,16740,17190,2405,12699
1222,1376,3094,2046,2147,2005,1556,1037,16310,17970,19240,22350,22810,2355,25000
1246,1436,3413,2179,2096,2031,1494,1037,16330,17950,19390,22000,22450,2534,25000
1815,2025,3413,2072,1944,2057,1369,1037,13540,14970,16370,18740,19130,2738,14606
1307,1513,3920,2238,2328,2117,1603,1045,15580,17120,18430,20850,21270,2561,19653
1511,1603,3572,2159,2027,2144,1542,1045,13850,15210,16450,19070,19660,2409,19219
1175,1393,3541,2212,2102,2144,1583,1045,13300,14670,15910,18160,18680,2409,19895
1367,1453,3288,2186,2102,2196,1542,1045,13900,15400,16620,19170,19500,1978,19255
1487,1753,3825,2186,2077,2196,1562,1045,13990,15210,16480,19100,19730,3094,19281
1187,1363,3667,2212,2227,2196,1603,1045,14570,16020,17400,19820,20240,2511,19973
1487,1693,4078,2186,2202,2222,1624,1045,13310,14610,15830,18420,19010,3145,19349
1355,1783,3857,2449,2403,2405,1727,1045,14890,16490,17940,20480,20960,2866,19392
1489,1635,3071,2031,1955,2016,1421,1046,12820,14000,15130,17560,18090,2362,15675
1573,1785,3736,2215,2206,2173,1523,1046,14010,15650,17000,19180,19580,2413,15752
1465,1830,3704,2321,2306,2278,1626,1046,14480,16040,17390,19790,20240,2794,15974
1745,1774,2982,1982,1934,1889,1403,1049,11880,12990,14230,16400,16970,2622,13689
1516,1864,3077,2194,2160,1968,1465,1049,13330,14600,15790,18340,18940,2545,15900
1420,1714,3553,2220,2160,2099,1527,1049,14060,15450,16740,19310,19710,2393,16131
1999,1941,2541,1746,1684,1707,1322,1050,9690,10520,11370,13740,14490,2701,10647
1795,1776,2953,1958,1936,1943,1384,1050,10420,11200,12240,14710,15340,2650,11048
1903,2152,3303,2090,2036,1996,1425,1050,12330,13610,14870,17210,17600,2930,13919
1542,1716,3684,2222,2263,2206,1549,1050,10980,11740,12930,15320,15710,2650,12306
1314,1235,2448,1880,1862,1656,1199,1051,11050,12080,13340,15550,16180,2040,12468
1736,1823,2861,1986,1913,1919,1364,1051,11150,12060,13310,15630,16140,2295,11819
1533,1538,3310,2094,1965,1921,1366,1052,13020,14320,15500,18090,18650,2962,12907
1786,1870,3278,2174,2217,1947,1448,1052,12120,13260,14460,16720,16850,2425,10506
1909,1978,3281,1990,1993,1923,1409,1053,11160,12180,13330,15810,16450,3067,10203
1366,1661,3346,1964,1993,1950,1533,1053,14790,16170,17420,20100,20800,2378,25000
1535,1615,3250,2017,2043,1950,1409,1053,13130,14540,15730,17970,18510,2760,14282
1886,2099,3314,2044,2094,1950,1513,1053,13910,15240,16380,19210,19850,2889,25000
1051,1162,2931,1990,2043,2028,1450,1053,15010,16550,17900,20620,21080,1738,25000
1184,1359,3346,2177,2145,2029,1513,1053,15270,16930,18350,20880,21450,1918,25000
1221,1329,3442,2124,2119,2056,1513,1053,15100,16710,18050,20740,21280,2224,25000
1003,1193,3154,2043,2068,2081,1533,1053,14540,16090,17240,20160,20680,1712,25000
1245,1344,3410,2150,2145,2108,1513,1053,15330,16940,18280,21080,21680,2327,25000
1233,1420,3378,2150,2145,2108,1554,1053,15490,17000,18490,21320,21790,2148,25000
1099,1147,3281,2256,2194,2134,1554,1053,15010,16420,17700,20600,21240,2070,25000
1390,1646,3569,2150,2170,2135,1513,1053,15590,17170,18670,21430,21900,2582,25000
1209,1344,3410,2230,2195,2240,1616,1053,14830,16420,17740,20780,21320,2148,25000
1221,1330,3220,2045,1994,1872,1431,1054,14790,16120,17340,20000,20730,2200,25000
1222,1451,3094,1966,1970,1899,1452,1054,14800,16240,17410,20310,20800,2534,25000
2250,2222,2998,1966,1818,1899,1390,1054,11730,12900,14020,16430,17100,3122,11705
1101,1225,3094,1993,1995,1899,1411,1054,15100,16490,17780,20450,21090,1945,25000
1101,1285,3222,2020,1995,1899,1411,1054,15510,17030,18340,20960,21610,1919,25000
1112,1239,3093,2045,2095,1951,1431,1054,15610,17020,18320,20790,21330,1995,25000
1548,1678,3126,2046,1995,1978,1431,1054,12570,13990,15260,17510,17840,2303,14376
1173,1315,3316,2098,2120,2004,1493,1054,14900,16500,17810,20400,20950,2251,25000
1137,1209,3316,2125,2095,2004,1472,1054,15550,17260,18610,21290,21900,2225,25000
1149,1240,3318,2099,2046,2005,1494,1054,15580,17070,18390,21070,21730,2585,25000
1149,1300,3318,2152,2020,2005,1452,1054,15790,17400,18680,21750,22460,2099,25000
1149,1269,3252,2098,2019,2030,1451,1054,15450,17070,18400,21330,21900,2200,25000
1161,1330,3348,2098,2095,2057,1493,1054,15920,17550,18950,21690,22250,2046,25000
1451,1602,3380,2151,2196,2109,1493,1054,14790,16200,17510,20370,20990,2532,25000
1209,1360,3412,2151,2120,2162,1534,1054,15850,17620,18970,21840,22260,2021,25000
1202,1243,2740,1858,1921,1780,1374,1056,12230,13040,13860,16580,17310,2135,14598
1113,1298,3014,1923,1890,1812,1349,1056,12660,13600,14570,17410,18280,2041,15347
1069,1224,2935,1923,1952,1812,1323,1056,13810,14990,16030,18560,19230,1758,15739
1648,1614,2700,1923,1921,1909,1400,1056,10560,11350,12250,14560,15260,2606,10995
1707,1743,3170,2054,2107,1909,1374,1056,12130,13260,14350,16740,17360,2449,13560
1395,1447,3287,1989,2045,1974,1451,1056,12060,12990,14030,16510,17280,2449,14163
1009,1261,3287,2021,1983,2071,1476,1056,13460,14560,15560,18260,19000,1790,15829
1690,1768,2719,2080,2052,1908,1439,1062,11480,12490,13610,15890,16350,2384,16064
1271,1498,3667,2133,2177,2117,1521,1062,14070,15410,16720,19140,19620,2714,19762
1331,1498,3509,2159,2152,2144,1542,1062,14410,15890,17130,19630,20210,2156,19453
1367,1588,3541,2238,2302,2144,1542,1062,13930,15250,16570,18940,19490,2257,19382
1139,1363,3604,2265,2227,2196,1583,1062,15250,16870,18310,20560,20980,1953,19506
1211,1408,3699,2265,2277,2248,1603,1062,15350,17090,18590,20720,21110,2054,19513
1319,1528,3730,2238,2277,2300,1706,1062,14060,15400,16680,19220,19680,2409,19572
1223,1438,3793,2370,2428,2300,1644,1062,15460,17220,18770,20990,21270,1927,19352
1223,1348,3857,2423,2403,2300,1686,1062,14890,16270,17730,20090,20500,2156,19632
1969,1921,3008,2004,1980,1911,1421,1064,11850,12850,13950,16380,16880,2845,13175
1825,1966,3071,2057,2030,2068,1503,1064,13200,14610,15930,18450,18760,2489,15270
1945,2161,3546,2163,2156,2121,1606,1064,13230,14420,15440,18260,19000,3226,15126
1321,1755,3419,2321,2256,2225,1544,1064,14600,16380,17770,19970,20490,2362,16125
1717,1815,3514,2426,2331,2252,1647,1064,13180,14540,15780,18310,18670,2159,15420
1381,1575,3799,2400,2331,2278,1647,1064,14620,16130,17440,19980,20410,2794,16344
1937,1940,2633,1876,1959,1705,1341,1066,11430,12480,13460,15920,16470,2469,12421
1612,1609,2506,1876,1859,1784,1341,1066,11270,12340,13420,15760,16350,2062,12705
1648,1624,2443,1797,1783,1810,1362,1066,11580,12690,13770,16030,16680,2291,13305
1468,1458,3014,2035,2035,2020,1527,1066,13890,15180,16440,19060,19480,2469,16346
1721,1849,3173,2088,2085,2020,1506,1066,11620,12560,13620,16150,16760,2520,13146
1239,1413,3553,2141,2160,2073,1485,1066,13680,14930,16380,18610,19050,2342,16660
1540,1894,3807,2141,2160,2230,1650,1066,14300,15600,16970,19370,19830,2545,15837
1444,1579,4061,2326,2336,2283,1589,1066,13840,15200,16470,18770,19230,2774,16347
1362,1416,2797,1854,1686,1709,1220,1068,11690,12680,13830,16120,16650,2270,13710
1459,1446,2416,1774,1586,1735,1447,1068,10950,11860,13090,15370,16080,2066,12075
2110,2275,3338,2145,2114,2024,1468,1068,11950,13140,14390,16720,17110,2831,12544
1895,2051,2960,2068,1990,2026,1428,1069,12410,13780,15060,17630,17890,2502,10743
1569,1764,3501,2333,2293,2211,1573,1069,12210,13400,14630,16900,17260,2451,11070
942,1027,2899,1911,1866,1976,1574,1070,12820,13860,14900,17750,18450,1738,25000
1124,1540,3409,2149,2144,2055,1512,1070,15070,16670,18000,20450,21030,2019,25000
1099,1283,3504,2229,2245,2055,1574,1070,15110,16600,17850,20420,20960,1917,25000
1139,1305,3249,2148,2237,2074,1493,1070,13780,15030,16370,18770,19310,1757,19315
1256,1434,3536,2229,2219,2081,1554,1070,15500,17020,18490,21050,21520,2096,25000
1426,1600,3409,2176,2169,2107,1595,1070,15010,16580,17990,20760,21290,2402,25000
1124,1645,3217,2176,2093,2107,1574,1070,14980,16400,17500,20200,20780,2096,25000
1192,1322,3497,2206,2265,2161,1539,1070,13640,14890,16190,18600,19180,1842,19345
1643,1661,2612,1937,1816,1792,1264,1071,13070,14430,15760,18160,18560,2070,13829
1246,1330,3252,2018,2070,1925,1472,1071,15070,16500,17690,20460,21070,2404,25000
1800,1827,2931,1937,1892,2002,1429,1071,11550,12710,13840,16140,16610,3169,11205
1270,1451,3380,2045,2070,2004,1451,1071,15180,16800,18120,20760,21190,2379,25000
1233,1375,3412,2072,2095,2004,1472,1071,15020,16600,17860,20530,21120,2277,25000
1354,1496,3539,2125,2095,2004,1534,1071,15130,16630,17860,20600,21140,2609,25000
1305,1465,3410,2097,2069,2029,1471,1071,14910,16510,17800,20550,21190,2429,25000
1305,1495,3410,2177,2245,2056,1554,1071,15620,17210,18600,21260,21690,2148,25000
1112,1043,3284,2178,2120,2057,1513,1071,15160,16810,17980,21250,21740,2225,25000
1692,1691,3218,2097,2093,2081,1471,1071,12990,14630,15920,18390,18440,2837,13999
1704,1842,3313,2150,2144,2108,1471,1071,12470,13800,15120,17350,17830,2581,12826
1245,1329,3410,2203,2145,2108,1533,1071,14990,16490,17800,20640,21150,2301,25000
1246,1466,3475,2311,2247,2109,1596,1071,16120,17800,19170,21710,22220,2174,25000
1076,1118,3443,2231,2196,2136,1596,1071,15530,17200,18470,21270,21800,2123,25000
1172,1299,3569,2256,2220,2187,1596,1071,15520,17280,18670,21570,21980,2173,25000
1076,1179,3475,2257,2272,2188,1617,1071,16270,17960,19420,22190,22690,1867,25000
1643,1812,3919,2282,2295,2213,1554,1071,13950,15350,17000,19660,19990,2914,13980
1996,1980,2584,1886,1869,1873,1369,1072,10610,11600,12470,14930,15480,2713,10115
1367,1527,3062,2020,2020,1873,1494,1072,14880,16160,17410,20190,20900,2380,25000
980,998,2871,2020,1995,1873,1411,1072,15420,16770,18030,20760,21420,1612,25000
1125,1209,3094,2046,2096,1979,1514,1072,15210,16580,17820,20690,21230,2124,25000
1186,1345,3190,2099,2172,2005,1452,1072,16140,17950,19360,21930,22540,2124,25000
1476,1542,3190,2073,2147,2058,1576,1072,14890,16220,17320,20450,20960,2406,25000
1476,1678,3604,2179,2197,2084,1535,1072,13770,15220,16670,19000,19460,2354,15272
2371,2434,3158,2152,2121,2110,1576,1072,10950,12000,12870,15100,15830,2738,9869
1597,1738,3062,2338,2273,2189,1556,1072,10720,11390,12490,15110,15610,1970,10759
1524,1784,3860,2232,2273,2216,1556,1072,13750,15340,16880,19110,19520,2508,15155
1972,2313,3987,2312,2273,2321,1659,1072,13440,14890,16340,18750,18980,2917,14186
1217,1243,2700,1793,1828,1748,1323,1078,12070,12930,13810,16490,17300,2072,14232
1232,1261,2935,1923,1921,1845,1323,1078,12590,13550,14690,17280,18050,2543,15578
1737,1873,2935,1989,1921,1877,1425,1078,10580,11420,12390,14860,15460,2669,10677
1722,1836,3170,1891,2014,2007,1425,1078,12340,13400,14520,16780,17500,2606,13882
1187,1725,3131,1956,1828,2071,1323,1078,13480,14670,15730,18300,19000,2229,15810
1113,1261,3405,2054,1983,2071,1501,1078,14110,15350,16450,19060,19710,2198,16131
994,1261,3248,2054,1983,2071,1501,1078,13600,14660,15730,18350,19030,2072,16146
1158,1447,3405,2119,2138,2136,1527,1078,13610,14830,15840,18440,19150,2292,16082
1665,1796,3728,2289,2351,2273,1664,1079,14200,15850,17180,19440,19690,2712,18914
1343,1528,3035,2001,1877,2013,1480,1080,12360,13650,14810,17200,17600,2333,18356
1295,1453,3541,2212,2252,2117,1583,1080,14420,15800,17050,19400,19970,2282,19632
1439,1678,3635,2238,2252,2170,1562,1080,12590,13940,14990,17270,17730,2409,18508
1283,1468,3667,2344,2353,2222,1665,1080,15210,16890,18330,20730,21100,2004,19358
1295,1498,3699,2317,2353,2248,1603,1080,14390,15890,17330,19640,20170,2130,19463
1427,1618,3635,2344,2428,2274,1624,1080,13260,14720,15910,18140,18120,2156,19220
1367,1708,3951,2370,2353,2300,1706,1080,14640,16220,17550,19850,20430,2409,19321
1319,1468,3857,2423,2328,2300,1644,1080,14430,15950,17340,19830,20240,2181,19504
1810,2157,3793,2265,2202,2327,1644,1080,14480,16000,17360,19800,20160,2815,18407
1295,1498,3951,2396,2453,2353,1686,1080,14800,16370,17840,20150,20230,2308,19601
1765,1725,2628,1925,2005,1937,1421,1081,10950,11850,12800,15240,15780,2337,11834
1669,1710,3103,2163,2131,2121,1523,1081,10840,11820,12960,15090,15690,2286,11757
1501,1710,3799,2426,2406,2356,1688,1081,14410,15990,17330,19790,20240,2591,15986
1441,1635,4053,2453,2381,2356,1626,1081,14140,15670,17070,19500,19920,2464,16104
1525,1770,3958,2585,2431,2435,1729,1081,14320,15800,17070,20060,20440,2718,15930
1817,1879,3363,2061,2110,2020,1465,1084,13580,14830,16090,18360,18620,2851,15575
1612,1909,3617,2220,2160,2073,1485,1084,13230,14620,15830,18280,18790,2978,15839
1396,1684,3458,2246,2286,2230,1589,1084,13940,15230,16580,19170,19720,2214,16125
1360,1624,3712,2326,2261,2256,1630,1084,14190,15610,17010,19340,19740,2444,16327
1385,1385,2477,1746,1609,1602,1177,1085,11750,12860,13980,16340,16770,1834,13659
1650,1595,2414,1693,1609,1628,1218,1085,11130,12000,13140,15600,16140,2446,12482
1734,1686,2445,1825,1760,1707,1260,1085,11930,13100,14170,16420,16990,2318,13671
1712,1657,2575,1748,1737,1840,1323,1086,11050,12020,13130,15640,16330,2499,11913
1953,1958,2956,2092,2064,1972,1468,1086,11230,12290,13470,15870,16390,2448,11615
1941,2049,3338,2118,2013,1998,1447,1086,11480,12640,13810,16060,16410,2958,12148
1688,1838,3370,2039,1913,2103,1447,1086,13440,14790,16190,18620,19120,2754,15356
2076,2111,2832,1962,1890,1737,1262,1087,11400,12340,13520,15880,16510,2808,8743
1617,1659,2896,2015,1940,1763,1366,1087,11430,12590,13870,16290,16720,2349,9666
1798,1780,2609,1803,1688,1895,1304,1087,11470,12610,13770,16140,16540,2476,9428
1798,1900,3341,2068,2091,1974,1407,1087,12000,13090,14450,16600,17030,2910,10393
1738,1855,3373,2147,2141,2158,1469,1087,13380,14890,16270,18590,19070,2579,12221
1653,1885,4042,2306,2368,2158,1511,1087,13320,14780,16170,18380,18860,2706,12342
1750,2036,3723,2333,2293,2158,1593,1087,13170,14520,15870,18070,18670,2962,12135
1921,1978,2676,1884,1816,1765,1326,1088,11190,12210,13260,15610,16190,2735,10160
1450,1540,3313,2097,2068,2002,1471,1088,12170,13480,14820,17050,17510,2224,12801
1148,1253,3378,2230,2220,2108,1533,1088,15710,17490,18880,21770,22180,1969,25000
1317,1510,3536,2123,2194,2134,1533,1088,15370,16990,18190,21250,21680,2760,25000
1233,1435,3474,2177,2220,2135,1554,1088,15400,17060,18500,21110,21570,1994,25000
1245,1420,3537,2230,2220,2161,1616,1088,15660,17440,18810,21440,21960,2250,25000
1148,1238,3440,2282,2295,2186,1616,1088,15960,17640,18970,21600,21970,1712,25000
1160,1299,3506,2363,2372,2240,1679,1088,16500,18470,19900,22510,22980,2148,25000
1185,1345,3125,2018,2070,1898,1431,1089,15460,16880,18180,20640,21180,2098,25000
1887,1905,2807,1940,1818,1952,1410,1089,10790,11740,12740,15280,15750,2764,10661
1863,2025,2998,2072,1970,2031,1473,1089,13770,15430,16790,19460,19810,2457,14453
1972,2025,2903,2099,2045,2031,1410,1089,11610,12610,13660,15990,16300,2277,11741
1221,1405,3284,2151,2146,2083,1513,1089,15330,16800,18090,20950,21580,2225,25000
1173,1239,3380,2151,2196,2109,1555,1089,16030,17740,19140,21690,22030,2277,25000
1221,1360,3475,2257,2196,2109,1555,1089,16030,17710,19100,21800,22380,2251,25000
1161,1299,3475,2204,2272,2136,1576,1089,15740,17310,18690,21800,22450,2277,25000
1221,1315,3380,2231,2272,2136,1534,1089,16070,17970,19460,21890,22390,1944,25000
1064,1163,3443,2151,2247,2162,1576,1089,15060,16550,18020,20790,21450,1995,25000
1161,1224,3507,2231,2272,2215,1638,1089,15130,16740,18030,20840,21410,2430,25000
1621,1829,3891,2418,2399,2374,1721,1089,13480,14980,16300,18620,19060,2789,15062
1028,1300,2999,1993,1995,1926,1411,1090,15180,16610,17770,20270,21000,1817,25000
1065,1225,3286,2099,2096,2005,1494,1090,15590,17140,18460,21140,21710,2201,25000
1149,1194,3318,2099,2147,2058,1535,1090,15260,16680,17980,20750,21370,2252,25000
1343,1482,3413,2073,2046,2084,1576,1090,14350,15590,16790,20020,20730,3046,25000
1161,1482,3445,2232,2147,2163,1597,1090,15420,17070,18420,21270,21830,2201,25000
2232,2261,3309,2118,2096,1987,1563,1094,11600,12610,13590,15930,16560,3577,15428
1774,1992,3635,2317,2252,2222,1644,1097,12580,13930,15420,17780,18050,2866,17867
1211,1633,3541,2238,2127,2248,1644,1097,14390,15740,17040,19730,20180,2384,19622
1559,1888,3604,2291,2328,2248,1665,1097,14380,15890,17300,19670,20060,2485,18898
1343,1528,3699,2291,2202,2300,1603,1097,14160,15780,17040,19430,19780,2435,19545
1415,1648,3635,2291,2227,2327,1665,1097,14840,16400,17760,20320,20720,2257,19252
1607,2112,3793,2344,2353,2327,1747,1097,14540,16120,17460,20070,20500,2739,18695
1199,1603,3667,2370,2328,2353,1727,1097,14780,16360,17810,20290,20760,2561,19726
1415,1783,3793,2344,2403,2379,1747,1097,15560,17270,18730,21090,21360,2485,19203
1259,1543,4015,2475,2503,2431,1747,1097,15240,16910,18380,20830,21100,2282,19601
1379,1648,4173,2502,2578,2431,1727,1097,15700,17520,19050,21140,21400,2257,19305
1211,1528,4268,2528,2453,2536,1747,1097,15220,16840,18340,20530,20920,2232,19633
1993,1996,3039,2189,2181,2095,1503,1099,11450,12450,13520,15780,16210,2464,12232
1813,1875,3134,2163,2106,2147,1544,1099,12490,13850,15040,17470,17830,2642,14506
1717,1800,3293,2268,2281,2147,1606,1099,11380,12390,13370,15920,16580,2337,12597
1813,1860,3324,2321,2256,2173,1606,1099,12480,13670,14710,17110,17510,2794,14547
1525,1680,3546,2189,2281,2225,1606,1099,12900,14280,15650,18100,18280,2413,15743
1465,1800,3768,2426,2381,2356,1668,1099,13820,15200,16450,19010,19500,2438,15898
1513,1815,4148,2585,2582,2487,1771,1099,14940,16560,17960,20290,20660,2362,15787
1297,1605,4084,2585,2507,2566,1812,1099,14020,15620,16930,19440,19790,2311,16291
1841,1818,2896,1956,2014,1942,1374,1100,11480,12360,13300,15880,16480,3014,12308
1484,1688,3092,1923,1890,1974,1476,1100,12590,13530,14530,17230,18020,2292,14688
1202,1280,3327,2021,2107,2071,1527,1100,12540,13460,14600,17270,18010,2449,15428
1054,1243,3366,2086,2169,2104,1476,1100,14070,15260,16450,18970,19650,2135,16147
1187,1428,3366,2119,1983,2136,1527,1100,13280,14310,15340,18010,18640,2072,15847
1247,1706,3601,2249,2138,2265,1578,1100,13070,14240,15360,17900,18590,2261,15748
1769,1819,3046,2061,2110,1968,1444,1101,11590,12660,13720,16260,16780,2596,13084
1239,1413,3744,2273,2286,2151,1547,1101,14160,15580,17010,19290,19600,2393,16703
1396,1579,3617,2246,2261,2256,1630,1101,13060,14430,15650,18340,18880,2240,16241
1552,1864,4124,2405,2436,2256,1650,1101,14780,16360,17750,19890,20270,2851,15935
1420,1519,3744,2326,2311,2309,1609,1101,13660,15050,16340,18840,19360,2469,16354
1600,1744,4188,2458,2462,2414,1712,1101,14050,15470,16770,19210,19760,3156,16049
1420,1428,3998,2484,2411,2414,1692,1101,13630,15010,16290,18780,19310,2825,16544
1530,1610,2795,1931,1835,1838,1404,1102,12100,13370,14530,16930,17400,2293,14320
1457,1535,2890,1984,1886,1917,1363,1102,11360,12410,13550,15940,16480,2369,13196
1686,1761,2922,2010,1986,1917,1445,1102,11080,12080,13210,15530,15820,2420,12170
1373,1400,3144,2010,1911,1917,1322,1102,13810,15270,16680,18850,19350,2140,16243
1447,1476,2766,1959,1837,1814,1344,1103,12240,13500,14690,17050,17530,2091,14421
1495,1491,3020,1986,1888,1945,1406,1103,10830,11770,12890,15330,16000,2295,11903
1845,1883,2988,2012,1938,2050,1550,1103,11560,12460,13780,16290,16850,2372,12389
1690,1734,2769,1988,1915,1895,1386,1104,10930,12090,13230,15480,15950,2374,8604
1702,1945,3564,2227,2242,2053,1531,1104,12440,13840,15130,17480,17800,2604,11181
2187,2250,2549,1831,1841,1739,1326,1106,11320,12430,13560,15840,16500,2735,9816
1571,1585,2485,1911,1816,1765,1264,1106,11760,12820,14080,16410,16850,1891,11675
1812,1933,3281,2097,2068,1950,1429,1106,12260,13480,14660,17070,17550,2837,12294
1196,1208,2803,2017,2068,2002,1533,1106,14760,15920,16850,20120,20730,2223,25000
1414,1706,3377,2123,2144,2107,1574,1106,14720,16160,17480,20150,20700,2402,25000
1305,1631,3378,2097,2119,2108,1637,1106,14620,16040,17240,20220,20800,2787,25000
1232,1510,3440,2256,2245,2186,1636,1106,15200,16780,18070,20650,21110,1968,25000
1197,1359,3410,2256,2220,2214,1658,1106,15350,17010,18370,21170,21630,2250,25000
1172,1344,3569,2283,2271,2266,1616,1106,15700,17440,18890,21760,22300,1943,25000
1305,1374,3633,2336,2346,2266,1699,1106,15090,16680,17920,21010,21480,2403,25000
1233,1344,3569,2389,2296,2293,1658,1106,15030,16570,17870,20940,21520,2429,25000
2020,1980,2839,1993,2020,1978,1493,1107,10400,11290,12340,14630,15320,2815,9917
1065,1255,3190,2073,2096,2058,1494,1107,15370,16920,18060,21000,21590,1792,25000
1186,1376,3254,2152,2172,2058,1535,1107,16000,17560,18880,21590,22040,2175,25000
1173,1405,3348,2098,2095,2083,1513,1107,15560,17060,18420,21240,21880,2098,25000
1742,2086,3094,2072,2071,2084,1514,1107,12320,13650,15010,17200,17540,2687,13403
1089,1285,3477,2179,2147,2084,1556,1107,15740,17320,18550,21280,21780,2585,25000
1161,1315,3348,2178,2196,2109,1534,1107,15400,17100,18420,21110,21720,2021,25000
1064,1058,3348,2231,2196,2109,1513,1107,15870,17450,18860,21530,21900,1842,25000
1186,1361,3445,2232,2197,2110,1556,1107,15790,17350,18690,21310,21840,2380,25000
1197,1511,3284,2204,2221,2136,1617,1107,15980,17620,19110,21550,22070,2072,25000
1295,1451,3477,2152,2147,2137,1618,1107,14660,16050,17120,20590,21250,2943,25000
1270,1466,3412,2284,2322,2162,1638,1107,15440,17020,18370,20790,21350,2098,25000
1282,1511,3507,2311,2221,2215,1617,1107,15950,17610,19050,21860,22300,2046,25000
1463,1571,3507,2337,2247,2215,1576,1107,14780,16340,17610,20510,21050,2532,25000
1960,2298,3955,2285,2298,2242,1597,1107,14070,15480,16980,19400,19840,3173,14270
1827,1995,4115,2418,2399,2348,1659,1107,13710,15270,16620,19050,19420,3506,14767
1536,1859,3987,2391,2399,2374,1680,1107,14810,16480,18150,20190,20470,2405,15028
1645,1965,3987,2498,2475,2453,1763,1107,14550,16330,17790,19830,20100,2482,14804
1259,1423,3461,2265,2293,2249,1608,1109,13550,14840,16020,18590,19130,2012,19412
1179,1305,3567,2295,2293,2249,1608,1109,13390,14570,15900,18190,18750,1983,19523
1545,1436,2960,2060,2040,2045,1517,1113,10830,11650,12550,15080,15770,2124,15312
1318,1587,3728,2316,2376,2273,1664,1114,15210,16840,18280,20670,21000,2509,19547
1870,1918,3414,2212,2202,2170,1603,1115,13300,14820,15850,18200,18650,2688,18526
1463,1588,3572,2344,2302,2248,1603,1115,13080,14340,15760,18280,18400,2282,19253
1163,1408,3825,2396,2353,2327,1706,1115,15160,16810,18200,20550,20980,2156,19666
1463,1663,3920,2449,2428,2405,1686,1115,13910,15370,16680,19190,19640,2511,19262
1355,1663,3762,2554,2503,2510,1829,1115,14610,16250,17610,20670,21170,2232,19315
1897,1906,3071,2057,2030,1990,1503,1116,11070,12080,13230,15710,16270,2769,11853
1837,1996,3483,2347,2356,2225,1626,1116,11420,12580,13690,15960,16370,2769,12471
1621,1785,3324,2294,2331,2304,1688,1116,12140,13350,14630,16910,17320,2489,14166
1609,1785,3736,2426,2381,2409,1606,1116,13990,15570,16790,19560,20030,2362,15683
1141,1320,3641,2479,2406,2409,1709,1116,14590,16140,17540,19830,20240,2007,16382
1261,1545,3704,2558,2431,2435,1791,1116,14640,16160,17550,20090,20640,2438,16451
1573,1921,4053,2611,2632,2487,1853,1116,14500,16060,17410,19830,20310,2896,15763
1889,1879,2633,1982,1934,1941,1485,1119,11100,11940,12990,15310,16070,2444,11936
1745,1714,3077,2061,2035,1968,1547,1119,12100,13130,14180,16590,17220,2622,14145
1251,1338,3522,2273,2210,2256,1589,1119,13770,15300,16680,19050,19480,2087,16439
1781,2090,3966,2326,2235,2361,1671,1119,12610,13990,15410,17940,18110,2902,14728
1819,1866,2668,1984,1911,1865,1384,1120,11100,12120,13160,15400,15930,2344,11899
1903,1986,3430,2037,2087,2022,1569,1120,11960,13100,14340,16540,17090,3261,13477
1686,1686,3461,2037,2011,2048,1507,1120,12160,13380,14590,16940,17490,3312,14407
1262,1335,3053,2021,1952,1877,1451,1121,13250,14350,15380,18240,18970,2606,16214
1113,1113,2974,1956,2045,1909,1501,1121,12080,12990,13970,16500,17330,2418,14748
2033,2151,2740,2054,2014,1974,1425,1121,10610,11390,12240,14700,15350,2606,10072
1692,1799,3327,2086,2169,2071,1476,1121,12110,13120,14070,16420,17000,2449,13489
1173,1354,3170,2152,2138,2136,1527,1121,13930,15150,16220,18960,19630,1947,15767
1841,2040,3601,2054,2014,2168,1552,1121,12400,13350,14380,16810,17450,3171,13779
994,1317,3483,2054,2014,2201,1552,1121,13860,15000,16170,18830,19460,2480,16485
1463,1738,3157,2125,2171,2083,1617,1124,15670,17230,18390,21240,21780,2379,25000
1137,1239,3348,2204,2171,2083,1555,1124,15200,16740,18030,20760,21340,1995,25000
1052,1239,3220,2151,2146,2136,1534,1124,16500,18080,19640,22270,22830,1918,25000
1197,1299,3539,2231,2272,2136,1617,1124,16240,17950,19470,22040,22610,2149,25000
1402,1616,3697,2283,2271,2161,1616,1124,15160,16710,18070,20820,21300,2403,25000
1317,1525,3537,2256,2220,2187,1596,1124,14980,16420,17720,20540,21080,2327,25000
1173,1345,3380,2204,2247,2188,1596,1124,16720,18560,20000,22530,23060,2430,25000
1245,1465,3665,2283,2321,2240,1637,1124,16300,18190,19680,22340,22650,2173,25000
1330,1510,3601,2310,2321,2240,1637,1124,15350,16970,18390,21240,21710,2352,25000
1209,1480,3729,2363,2346,2293,1658,1124,15880,17530,19000,21740,22300,2122,25000
1184,1344,3761,2416,2346,2293,1658,1124,16240,18070,19480,22100,22450,2122,25000
1426,1661,3601,2363,2346,2372,1720,1124,15100,16710,17960,21170,21630,2506,25000
1281,1405,3665,2469,2372,2425,1741,1124,15620,17140,18300,21770,22180,2403,25000
1355,1466,3222,2046,2096,1952,1452,1125,14720,16160,17280,20250,20870,2278,25000
2371,2494,3062,2205,2146,2084,1618,1125,12260,13440,14610,16890,17380,2764,12178
1174,1240,3286,2179,2223,2137,1659,1125,15600,17190,18550,21260,21780,2585,25000
2020,2162,3253,2391,2348,2137,1618,1125,12970,14500,15630,17910,18290,2636,14136
1367,1648,3509,2126,2147,2163,1618,1125,14640,15970,17200,20270,20900,3046,25000
1536,1753,3700,2258,2273,2163,1597,1125,14100,15640,17010,19420,19960,2482,15159
1198,1361,3541,2126,2197,2216,1556,1125,15520,16960,18350,21240,21910,2380,25000
1210,1330,3573,2232,2273,2269,1680,1125,14900,16160,17370,20240,20870,2508,25000
1754,2041,3891,2338,2374,2321,1659,1125,12810,14210,15600,18080,18290,2789,14341
1380,1975,3673,2354,2405,2395,1676,1128,13540,14760,16020,18540,19210,2493,19069
3078,3037,3100,2002,1985,2045,1472,1132,10660,11430,12180,14720,15460,3632,12228
1163,1258,3098,2186,2202,2248,1686,1132,14960,16310,17740,20230,20570,1801,19362
1403,1828,4046,2291,2378,2274,1644,1132,15330,16850,18240,20680,21240,2638,19223
1439,1708,3699,2317,2302,2300,1665,1132,15060,16430,17890,20340,20900,2485,19243
1343,1633,3667,2370,2302,2300,1686,1132,13900,15320,16610,19040,19380,2435,19440
1631,2067,3604,2475,2353,2379,1727,1132,15030,16790,18130,20670,21070,2587,18661
1619,1813,4078,2423,2453,2457,1788,1132,14610,16110,17380,19800,20270,2942,19017
1475,1693,4141,2528,2528,2457,1768,1132,15050,16700,18150,20370,20780,2561,19231
1499,1648,4204,2581,2553,2536,1768,1132,13600,15000,16130,18850,19380,3246,19391
1511,1828,4173,2502,2528,2562,1768,1132,15220,16850,18360,20950,21220,2359,18977
2257,2296,2976,2136,2206,2042,1585,1134,10990,12010,13010,15390,15920,2718,10892
1669,1815,3673,2400,2381,2252,1647,1134,13620,15130,16300,18780,19340,2413,15592
1729,2086,4021,2479,2482,2409,1709,1134,13430,14850,16050,18620,19070,2870,15393
1681,1921,3641,2374,2306,2435,1750,1134,13120,14540,15910,18240,18730,2565,15528
1705,2086,3609,2453,2431,2435,1812,1134,14950,16780,18160,20650,20970,2819,15411
1513,1815,3926,2585,2557,2513,1832,1134,14840,16460,17800,20350,20730,2769,15916
1501,1830,4211,2664,2632,2540,1791,1134,14600,16220,17610,19920,20310,2489,15835
1661,1729,2824,1982,2035,1941,1465,1136,10490,11370,12320,14870,15620,2316,11251
1781,1879,3363,2299,2235,2151,1609,1136,12170,13130,14160,16640,17310,2545,14037
1324,1594,4029,2379,2436,2335,1692,1136,15200,16700,18160,20500,20870,2444,16410
1612,1699,4251,2484,2487,2492,1733,1136,13730,15110,16330,18860,19400,3156,16078
1949,2120,4251,2484,2436,2492,1774,1136,13950,15330,16610,19160,19700,3283,15270
1951,1926,2826,1905,1886,1786,1445,1137,11950,13090,14170,16530,17120,2853,13373
2276,2197,2795,1958,1886,1996,1507,1137,11060,11960,13020,15300,16030,3287,11224
2060,2197,3461,2196,2238,2075,1549,1137,12430,13670,14990,17120,17420,2828,13840
1833,2154,4292,2410,2290,2234,1633,1138,13730,15150,16450,18900,19360,3519,15010
1869,2139,4450,2410,2542,2418,1674,1138,13900,15490,16920,19020,19370,3494,14977
2004,2036,2800,1988,1940,1921,1469,1139,11560,12640,13740,15940,16400,2528,9102
1835,2051,3787,2386,2368,2263,1655,1139,13740,15300,16690,18900,19120,2655,11932
1702,1764,4328,2492,2444,2368,1717,1139,14980,16750,18380,20340,20560,3217,12508
1305,1405,3028,2044,2145,2029,1596,1141,14810,16240,17420,20260,20810,2173,25000
1172,1359,3474,2230,2170,2056,1575,1141,15230,16830,18130,20750,21410,2020,25000
1401,1570,3186,2229,2219,2186,1699,1141,14200,15490,16510,19440,20080,2249,25000
1293,1525,3058,2176,2144,2213,1719,1141,14490,15750,17150,19740,20400,2019,25000
1426,1556,3442,2283,2372,2214,1720,1141,15300,16770,17900,21060,21680,2685,25000
1390,1601,3410,2363,2321,2214,1679,1141,15770,17460,18870,21810,22210,2199,25000
1498,1872,3791,2229,2270,2266,1761,1141,15500,16870,18230,21160,21610,2428,25000
1402,1767,3506,2363,2372,2266,1699,1141,15270,16970,18310,21080,21580,2403,25000
1330,1525,3729,2389,2372,2293,1699,1141,15790,17590,19080,21830,22340,2378,25000
1112,1253,3697,2416,2473,2319,1741,1141,15580,17110,18600,21380,21960,1969,25000
1450,1722,3665,2416,2422,2345,1761,1141,15410,17000,18280,21340,21880,2582,25000
1414,1616,3792,2442,2447,2425,1824,1141,15710,17300,18700,21570,21970,2301,25000
2093,2131,2807,2019,2020,1952,1535,1142,10590,11550,12500,14960,15500,2687,9810
1790,1708,3030,2072,2096,2005,1535,1142,11120,12170,13260,15550,16140,2764,11569
1428,1633,3382,2099,2121,2005,1597,1142,14330,15620,16690,20210,20920,2508,25000
2178,2177,3030,1993,2020,2031,1514,1142,11100,12250,13380,15630,16130,3455,10754
1088,1209,2965,2151,2120,2057,1659,1142,15500,17040,18300,21170,21740,1714,25000
1645,1693,2839,2205,2172,2110,1535,1142,11710,12990,14100,16580,17020,1996,12533
1174,1330,3413,2232,2248,2137,1597,1142,15510,17060,18360,21130,21700,2099,25000
1354,1647,3475,2204,2196,2162,1638,1142,15520,17100,18460,21370,22080,2558,25000
1512,1678,3413,2258,2273,2163,1576,1142,12960,14340,15550,18140,18660,2303,15129
1197,1360,3475,2204,2146,2188,1555,1142,14820,16380,17590,20700,21320,2353,25000
1100,1163,3412,2231,2272,2188,1576,1142,16380,18120,19510,22160,22620,1893,25000
1391,1571,3571,2337,2247,2188,1617,1142,14930,16380,17580,20520,21100,2507,25000
1536,1874,3443,2364,2272,2188,1700,1142,15210,16740,17970,21080,21680,2660,25000
1682,1708,3285,2072,2121,2189,1639,1142,11920,13230,14380,16690,17310,3020,13210
1960,2086,3413,2179,2197,2189,1618,1142,11230,12350,13530,15870,16280,3020,11253
1185,1360,3380,2204,2247,2215,1659,1142,14890,16280,17440,20340,20950,2302,25000
1294,1451,3571,2284,2272,2215,1679,1142,15160,16590,17780,20570,21120,2481,25000
1306,1511,3603,2311,2348,2241,1638,1142,15370,16990,18210,21030,21580,2200,25000
1476,1920,3573,2312,2374,2242,1680,1142,17440,19340,20790,23410,23740,2559,25000
1112,1148,3380,2284,2322,2268,1679,1142,16040,17670,19080,21700,22170,2098,25000
1318,1541,3762,2337,2373,2268,1659,1142,15700,17350,18730,21410,21930,2200,25000
1112,1163,3443,2337,2348,2268,1617,1142,16030,17640,19080,21910,22450,2072,25000
1779,2041,3541,2206,2223,2269,1701,1142,14480,15760,16920,20160,20750,3174,25000
1077,1179,3350,2259,2223,2269,1639,1142,15900,17460,18810,21660,22340,1868,25000
1149,1225,3477,2285,2273,2269,1618,1142,15890,17530,18930,21630,22100,2278,25000
1803,2237,3668,2312,2222,2348,1639,1142,12780,14010,15270,17650,18250,2968,14083
1815,2071,3732,2418,2374,2374,1659,1142,12960,14500,15640,18010,18120,2585,14444
1585,1738,3987,2471,2500,2427,1721,1142,14220,15790,17380,19680,19980,2764,15193
1548,1769,4051,2604,2551,2585,1784,1142,14850,16650,18280,20550,20740,2329,15070
1544,1539,2779,1826,1859,1845,1425,1143,11350,12180,13070,15550,16190,2104,12436
1944,1966,2896,1923,1952,1909,1476,1143,10950,11730,12740,15100,15760,3171,11113
1440,1743,3601,2249,2324,2298,1680,1143,13130,14140,15220,17940,18650,2449,15494
1858,1947,3414,2265,2202,2222,1603,1149,12110,13220,14580,16950,17390,2536,16860
1487,1768,3888,2344,2328,2405,1727,1149,13650,15180,16530,18820,19100,2409,19089
1487,1918,3730,2396,2553,2405,1727,1149,14950,16630,18040,20490,20810,2511,18978
1151,1139,3730,2660,2503,2431,1809,1149,14220,15600,16820,19940,20440,2435,20000
1391,1678,4015,2528,2553,2536,1829,1149,15750,17560,19070,21330,21670,2739,19415
1319,1753,4046,2581,2603,2562,1788,1149,16040,18020,19510,21610,21780,2206,19269
1957,2041,3451,2110,2106,2095,1565,1151,12410,13590,14830,17340,17810,3048,14130
2257,2251,2786,2110,2055,2121,1544,1151,11340,12370,13220,15460,16310,2870,11608
1729,1936,3609,2215,2181,2121,1626,1151,13180,14430,15480,18260,18900,3429,15636
1393,1515,3483,2215,2131,2173,1626,1151,13590,14890,15930,18710,19460,2743,16375
1333,1710,4148,2664,2607,2487,1771,1151,14510,16110,17390,19990,20440,2667,16247
1273,1785,4084,2558,2507,2592,1873,1151,15030,16610,18110,20630,21010,2413,16186
1805,1744,2982,2167,2160,1994,1547,1154,11280,12290,13350,15700,16120,2622,12561
1636,1684,3490,2352,2160,2204,1692,1154,13580,14870,16150,18730,19330,2876,16006
1444,1744,3871,2379,2386,2256,1671,1154,12550,13940,15280,17430,17770,2647,15340
1432,1609,3839,2405,2411,2361,1671,1154,14750,16360,17860,20230,20620,2265,16169
1855,2047,3589,2354,2313,2206,1611,1155,11480,12660,13790,16110,16500,3363,12630
1774,1810,2991,2041,1965,1921,1428,1157,12100,13320,14570,17050,17430,2476,10563
2293,2398,3278,2147,2167,2105,1490,1157,11960,13240,14470,16820,17140,2885,9250
2187,2189,2931,2123,2068,1950,1429,1158,11030,12040,13100,15570,16120,2863,9387
1124,1600,3568,2362,2295,2318,1699,1158,15830,17490,18830,21380,21820,2172,25000
1704,2038,4046,2548,2573,2424,1740,1158,13410,14890,16310,18460,18840,2990,13699
1088,1179,3284,2257,2171,2057,1638,1159,14470,15780,16990,20140,20860,2763,25000
1535,1812,3761,2363,2397,2214,1741,1159,14940,16440,17780,20650,21210,2633,25000
1559,1858,3761,2203,2220,2240,1720,1159,15370,16750,17960,20900,21630,2480,25000
1257,1480,3888,2548,2473,2530,1824,1159,15760,17450,18930,22040,22510,2352,25000
1996,2207,3604,2285,2348,2268,1659,1160,12310,13790,15130,17530,17810,2738,12966
1198,1497,3637,2206,2248,2269,1680,1160,15410,16960,18260,21090,21690,2303,25000
1658,2222,4115,2498,2627,2321,1722,1160,16560,18350,19830,22130,22550,2918,25000
1585,1753,3955,2444,2475,2400,1701,1160,14020,15690,17190,19530,19720,2508,15101
2105,2313,3796,2391,2348,2453,1680,1160,13550,15150,16520,18810,19130,2866,14014
1621,1905,4051,2657,2753,2585,1846,1160,15130,17030,18580,20720,20910,2431,14877
1321,1335,3053,2021,1921,2039,1603,1164,11670,12520,13520,15990,16710,2480,13695
1143,1447,3405,2184,2231,2136,1552,1164,13400,14440,15510,17990,18720,2041,15854
980,1206,3287,2152,2138,2201,1578,1164,14550,15810,17040,19550,20330,1758,15859
1084,1335,3561,2152,2107,2201,1629,1164,14120,15280,16430,19100,19810,2041,15974
1351,1780,3327,2119,2200,2233,1654,1164,13360,14540,15610,18440,19120,2355,15553
1098,1539,3444,2152,2107,2233,1578,1164,13660,14830,15940,18510,19170,2198,16015
1307,1648,3825,2423,2403,2431,1768,1167,14460,15850,17200,19810,20370,2359,19451
1415,1693,3983,2528,2503,2431,1788,1167,15530,17250,18680,21050,21450,2333,19237
1930,2352,3983,2607,2403,2431,1850,1167,14380,15830,17140,19790,20200,3018,18124
1403,1708,4110,2475,2478,2536,1686,1167,15180,16890,18240,20470,20810,2460,19286
2005,2476,3641,2242,2206,2252,1709,1169,13430,14590,15650,18380,19020,2997,14714
1513,1755,4243,2585,2632,2540,1832,1169,14900,16490,17940,20200,20560,2642,15940
1705,2281,4433,2479,2532,2566,1585,1169,13980,15440,16810,19310,19800,3200,15307
1501,1875,4306,2637,2682,2618,1832,1169,14770,16470,17870,20500,20880,2769,15874
1357,1996,4338,2637,2657,2644,1812,1169,14710,16300,17650,20170,20550,2667,15934
1609,2071,4306,2690,2732,2644,1853,1169,14100,15670,17020,19450,19830,2845,15558
1709,2075,4188,2590,2713,2440,1754,1171,14650,16210,17510,19790,20090,2876,15531
1975,2017,3176,2275,2263,2153,1611,1172,10990,12010,13100,15190,15600,2650,11470
1674,1821,3906,2275,2263,2180,1611,1172,14030,15310,16740,19190,19610,3108,15770
1843,2062,3938,2434,2514,2442,1755,1172,12360,13680,14940,17220,17620,2803,14102
1893,1808,2702,1907,1938,1840,1468,1173,10400,11290,12270,14630,15170,2882,10658
1905,2079,3242,2118,2114,1919,1468,1173,12580,13760,14970,17300,17690,2882,14125
2411,2440,3179,2277,2215,2208,1633,1173,10530,11460,12340,14860,15500,3009,9535
1847,1840,3055,2121,1940,2000,1511,1175,11490,12530,13670,15920,16500,3421,9564
1810,1840,2800,2094,2016,2132,1531,1175,11300,12380,13530,15880,16260,2476,9047
1859,2066,3501,2306,2242,2211,1635,1175,12010,13180,14330,16860,17160,3217,10238
1221,1223,3251,2150,2271,2029,1658,1176,13450,14450,15520,18320,19100,2020,25000
1112,1193,2771,2176,2219,2134,1678,1176,17380,19330,20890,23120,23460,1533,25000
2598,2627,3186,2176,2119,2160,1595,1176,10400,11280,12150,14540,15260,3246,7658
1728,2084,3506,2150,2170,2187,1720,1176,14990,16280,17450,20680,21370,2710,25000
1160,1691,3568,2335,2270,2318,1761,1176,15230,16720,17880,20720,21260,2147,25000
1342,1586,3792,2469,2473,2425,1782,1176,15800,17590,18970,21920,22460,2224,25000
1354,1616,3697,2522,2498,2477,1844,1176,15400,17070,18490,21540,21920,2250,25000
1607,1782,3696,2601,2547,2503,1844,1176,15070,16970,18560,20960,21190,2454,13924
1258,1376,3286,2179,2147,2110,1618,1177,14290,15620,16740,19990,20600,2201,25000
1487,1798,3667,2178,2196,2162,1638,1177,14360,15690,16710,19630,20300,2609,25000
1161,1420,3380,2284,2196,2188,1700,1177,16610,18360,19890,22740,23280,2021,25000
1391,1677,3443,2231,2247,2215,1679,1177,15990,17620,19030,21780,22280,2481,25000
1233,1405,3635,2337,2373,2215,1679,1177,16750,18550,20040,22530,22960,1867,25000
1560,1738,3412,2337,2272,2241,1783,1177,14070,15310,16620,19380,20040,2686,25000
1112,1209,3635,2390,2398,2268,1638,1177,16040,17780,19170,21770,22160,2021,25000
1149,1375,3667,2337,2373,2294,1742,1177,17190,19080,20600,23110,23480,1970,25000
1342,1662,3762,2390,2398,2294,1721,1177,16620,18320,19630,22290,22810,2277,25000
1137,1179,3507,2390,2373,2294,1721,1177,15170,16870,18190,20960,21690,2072,25000
1222,1451,3509,2338,2298,2295,1680,1177,16300,17880,19120,21980,22610,2124,25000
1198,1421,3701,2418,2374,2321,1722,1177,16400,17990,19340,22080,22650,2406,25000
1415,1617,3699,2497,2524,2347,1762,1177,16500,18090,19550,22040,22420,2200,25000
1295,1633,4015,2502,2503,2457,1768,1184,13620,15040,16370,18770,19420,2485,19528
1643,1992,4046,2502,2503,2457,1768,1184,14420,15930,17190,19800,20220,2714,18755
1655,2097,3825,2554,2528,2510,1788,1184,14350,15860,17190,20000,20480,2688,18631
1738,2472,4394,2528,2528,2536,1891,1184,15330,16980,18420,20980,21240,2993,18247
1774,2247,4299,2528,2478,2562,1871,1184,14920,16520,17930,20450,20880,2917,18393
1451,1693,3920,2581,2578,2562,1829,1184,15010,16750,18080,20860,21190,3145,19397
1499,1783,4268,2581,2678,2562,1727,1184,15430,17130,18590,20920,21210,2638,19132
2152,2170,3014,2054,2138,1909,1527,1186,11290,12120,12980,15460,16050,3014,11252
2212,2318,3248,2054,2138,2007,1578,1186,11180,12070,13000,15380,16010,3140,10873
1366,1484,3131,2054,2076,2071,1603,1186,12500,13390,14380,17320,18110,2637,15019
1921,2071,3704,2479,2456,2356,1750,1186,11680,12940,14070,16220,16480,3048,12831
1440,1688,4188,2315,2417,2363,1680,1186,13690,14760,15830,18450,19020,2449,15549
1837,2116,3863,2611,2507,2461,1832,1186,14980,16430,17710,20290,20680,2692,15178
1537,1770,3704,2347,2306,2487,1709,1186,13430,14650,16070,18460,18950,2388,15807
1549,1921,3926,2585,2557,2513,1812,1186,14560,16030,17500,19950,20430,2667,15737
1597,1936,4116,2743,2607,2592,1853,1186,14090,15610,16940,19470,20020,2591,15634
1585,1891,4179,2743,2807,2592,1873,1186,14220,15880,17110,19930,20300,2438,15642
1246,1490,3602,2412,2377,2395,1699,1187,14760,16200,17630,20130,20550,1955,19334
1709,1909,3775,2405,2386,2283,1733,1188,11420,12680,13730,15930,16430,2749,12814
1661,1759,3680,2352,2361,2309,1712,1188,13830,15400,16810,18930,19360,2494,15789
2048,2062,2731,1905,1911,1891,1404,1190,11740,12830,13910,16360,16850,2650,12689
1373,1475,3017,2090,2036,1970,1549,1190,11560,12720,13740,16040,16640,2217,13678
1602,1701,3017,2143,2036,2127,1569,1190,12640,14100,15440,17880,18240,2166,15045
1712,1717,3147,2012,1913,1945,1447,1191,13950,15300,16660,19090,19450,2703,15428
2749,2892,3306,2304,2315,2129,1592,1191,11330,12410,13530,15930,16380,3188,10241
1931,1930,2928,2041,1940,1921,1469,1192,11070,12060,13180,15570,16050,2987,8542
1907,2066,3150,2147,2167,2184,1573,1192,11620,12850,14070,16440,16800,2553,9309
1752,2038,3345,2282,2220,2134,1616,1193,12870,14260,15590,18030,18260,2479,13257
1619,1766,3951,2495,2472,2266,1637,1193,13360,14650,16150,18470,18850,2633,13982
1414,1796,3855,2388,2472,2371,1781,1193,15810,17430,18790,21420,21890,2556,25000
1716,2053,4078,2521,2447,2397,1740,1193,14750,16550,18010,20170,20410,2684,13591
1571,1751,3664,2627,2547,2397,1740,1193,14420,16000,17340,19800,20150,2249,13923
1233,1375,3699,2417,2423,2294,1721,1194,15850,17530,18980,21620,22040,2046,25000
1233,1435,3635,2417,2373,2294,1659,1194,15910,17550,18990,21590,22080,1970,25000
1197,1556,3667,2390,2398,2320,1742,1194,15980,17660,19200,21790,22290,2098,25000
1391,1526,3635,2364,2398,2347,1679,1194,15650,17240,18660,21510,21900,2353,25000
1330,1617,3699,2390,2423,2347,1700,1194,16760,18560,20110,22730,23170,2021,25000
1403,1707,3826,2443,2448,2373,1742,1194,16790,18570,20090,22650,23080,2328,25000
1427,1602,3858,2470,2474,2399,1742,1194,16870,18790,20390,22860,23260,2200,25000
1391,1526,3922,2497,2575,2399,1804,1194,16310,18130,19550,22030,22430,2251,25000
1330,1541,3858,2337,2474,2426,1804,1194,15480,17030,18370,21360,21860,2686,25000
1463,1783,3794,2470,2398,2452,1783,1194,15460,17070,18440,21510,22010,2481,25000
1597,1723,3253,2285,2273,2216,1597,1195,13750,15110,16350,19020,19490,2482,15106
2480,2570,3572,2391,2500,2242,1721,1195,12320,13560,14730,17260,17660,3301,12223
1246,1542,3477,2312,2324,2269,1742,1195,15780,17280,18530,21330,21870,2278,25000
1512,1769,3732,2444,2475,2348,1701,1195,14030,15570,16880,19300,19790,2380,15141
1549,2116,3796,2445,2450,2348,1763,1195,16570,18390,19750,22610,23060,2841,25000
1573,1784,3732,2471,2424,2374,1742,1195,14130,15660,17200,19500,19820,2482,15079
1827,2010,3796,2551,2551,2506,1804,1195,12130,13440,14990,17340,17600,2559,12984
1875,2222,4051,2710,2652,2585,1867,1195,14560,16320,17780,19940,20290,2738,14343
2002,2172,3604,2475,2403,2353,1768,1202,12690,13900,15080,17910,18210,2739,17576
1427,1633,4331,2607,2603,2536,1871,1202,14990,16560,18100,20330,20640,2714,19402
1643,2097,4362,2607,2678,2666,1850,1202,14680,16230,17590,19850,20290,2536,18599
1789,1830,3261,2242,2331,2199,1647,1203,12770,13950,15110,17440,17970,2337,14975
1873,1951,3071,2163,2256,2225,1771,1203,11600,12580,13550,15880,16410,2413,12675
1669,1891,3863,2374,2381,2383,1791,1203,12910,14120,15170,17870,18420,2642,15435
2221,2401,3799,2479,2456,2409,1771,1203,13870,15430,16660,19220,19510,3404,14607
1777,1845,3894,2505,2482,2409,1750,1203,11550,12530,13540,16080,16580,3048,12993
1777,1891,3704,2505,2456,2540,1812,1203,12710,13880,15060,17580,17950,2616,14926
1537,1845,4053,2664,2682,2592,1853,1203,14620,16210,17660,20060,20370,2515,15779
1612,1639,3173,2194,2185,2151,1650,1206,10630,11550,12800,15240,15810,2164,11573
1841,2090,3934,2484,2487,2388,1774,1206,14220,15670,17030,19510,20040,2927,15361
1927,1866,2890,2063,2011,2127,1549,1207,11360,12370,13540,15870,16370,2879,12406
2023,2182,3239,2196,2212,2127,1590,1207,12320,13380,14510,16910,17360,2828,13700
1963,1956,3239,2169,2238,2285,1652,1207,10730,11790,12820,15270,15800,2599,11058
1084,1372,3601,2315,2324,2298,1705,1207,14010,15190,16390,18820,19480,1915,15825
1232,1521,3875,2380,2355,2363,1680,1207,14390,15560,16630,19180,19900,2229,15912
1710,1881,4192,2460,2514,2390,1673,1207,14050,15450,16810,19150,19510,2981,15639
980,1317,3640,2217,2293,2395,1730,1207,13970,15150,16280,18990,19690,2135,16197
1811,2300,3601,2152,2138,2427,1730,1207,12680,13690,14810,17650,18370,2951,14030
2508,2546,2893,2198,2139,1919,1468,1208,11310,12280,13280,15680,16300,3086,10754
1965,2094,3084,2118,2089,2103,1550,1208,10850,11980,13170,15510,16070,2678,10865
2148,2081,2928,2121,2293,1921,1490,1210,10120,10870,11820,14440,15120,3242,7165
2245,2262,2896,2068,2041,2053,1531,1210,11060,12090,13210,15600,16040,2783,7783
1895,1991,3373,2174,2217,2132,1593,1210,11010,12190,13230,15470,16060,2834,8383
1776,1978,3313,2203,2144,2187,1616,1211,11740,13060,14380,16540,16990,2479,11250
1740,2114,4110,2574,2573,2661,1885,1211,14290,15780,17290,19950,20220,2633,13486
2262,2328,3413,2232,2222,2163,1639,1212,10560,11420,12620,15040,15630,3275,9516
2202,2313,3062,2285,2121,2189,1639,1212,12200,13470,14700,16960,17310,2661,12401
1342,1526,3699,2337,2373,2320,1762,1212,14810,16120,17440,20510,21080,2609,25000
1972,2267,3700,2365,2348,2348,1701,1212,12340,13650,15010,17190,17530,2968,13053
1137,1435,3826,2390,2398,2373,1721,1212,17310,19310,20790,23040,23770,2532,25000
1512,1798,3954,2497,2549,2452,1845,1212,16510,18180,19660,22180,22650,2353,25000
1439,1813,3985,2550,2575,2452,1824,1212,16280,18110,19640,22240,22650,2430,25000
1996,2177,3796,2630,2652,2453,1804,1212,12730,14190,15620,18110,18370,2636,13719
1524,1950,4051,2684,2601,2664,1908,1212,14380,16260,17730,20120,20450,2585,15018
1851,2146,4689,2790,2753,2717,1887,1212,14090,15870,17360,19750,19990,3301,14567
1125,1194,3318,2285,2273,2242,1722,1213,16460,18100,19500,22220,22670,1740,25000
1234,1542,3509,2365,2324,2242,1722,1213,16810,18460,20080,22520,23000,2150,25000
1234,1391,3573,2285,2298,2295,1701,1213,16250,17710,19070,21750,22300,2175,25000
1803,2419,3956,2445,2526,2295,1763,1213,17050,18840,20360,23010,23410,3199,25000
1222,1361,3445,2338,2298,2321,1680,1213,15390,16890,18140,21160,21710,2252,25000
1523,1843,4110,2581,2678,2562,1829,1219,15960,17700,19430,21510,21780,2460,18983
1271,1663,3857,2554,2528,2588,1932,1219,15160,16710,18090,20760,21150,2232,19442
1666,2052,4299,2739,2678,2745,2035,1219,14370,15890,17210,19940,20340,2612,18635
2041,2101,3166,2268,2281,2121,1606,1221,11370,12370,13440,15690,16180,2667,11999
2029,2116,3134,2163,2256,2225,1626,1221,11480,12590,13610,15850,16240,2489,12136
2185,2266,3229,2189,2256,2252,1709,1221,11650,12690,14090,16290,16830,2591,12150
1885,2101,3261,2347,2281,2330,1688,1221,11990,13050,14150,16650,17080,2515,13256
1597,2011,4084,2637,2607,2566,1894,1221,15780,17650,19150,21540,21810,2565,15553
1705,1996,3863,2690,2682,2618,1894,1221,14580,16180,17630,20230,20530,2515,15406
1741,1966,4211,2716,2657,2618,1935,1221,14240,15790,17070,19610,20090,3023,15527
1609,2206,4148,2611,2657,2671,1935,1221,13760,15090,16460,18930,19260,2743,15404
1465,1860,4179,2743,2632,2697,1935,1221,14610,16290,17680,20110,20570,2515,15865
1973,1970,2665,1956,2035,1941,1506,1223,11130,12080,13130,15630,16220,2393,11778
2130,2030,2855,2114,2235,1994,1506,1223,10790,11710,12600,15150,15820,2571,10985
1961,1970,3046,2141,2110,2073,1589,1223,11500,12500,13500,15800,16300,2596,12533
1865,2255,4410,2590,2688,2519,1836,1223,13400,14550,16230,18350,18830,3131,15218
1444,1519,4124,2590,2637,2571,1898,1223,13920,15320,16550,19020,19460,2851,16425
1612,1774,4378,2616,2688,2597,1857,1223,14610,16300,17770,19990,20270,3207,16012
1408,1549,4188,2669,2738,2597,1919,1223,14410,15940,17150,19730,20150,2418,16323
1612,1729,4537,2696,2713,2624,1898,1223,13270,14670,15890,18430,18950,3385,16080
1636,1804,4378,2696,2713,2676,1919,1223,13580,14860,16080,18810,19350,3156,15943
2361,2363,2826,1984,1936,2022,1487,1225,11290,12450,13610,16010,16610,2752,11262
1758,2212,3874,2513,2414,2442,1735,1225,13980,15430,16890,19080,19250,2904,15243
1808,1913,3274,2224,2164,2077,1571,1226,12390,13590,14770,17260,17700,2729,14022
2013,2049,3211,2171,2114,2182,1633,1226,11920,13030,14240,16670,17090,2933,12846
2881,2968,3115,2092,2013,2208,1612,1226,10380,11110,12040,14560,15280,3315,8568
2110,2260,3529,2224,2215,2340,1695,1226,12780,14170,15560,17910,18410,2856,14059
1822,2187,4232,2518,2494,2500,1780,1227,12770,14090,15310,17790,18030,3396,11563
1957,2461,4014,2388,2371,2371,1823,1228,14730,16300,17480,20260,20920,2990,25000
2063,2226,2740,2054,1983,1974,1425,1229,12370,13140,13990,16590,17150,2543,13112
2018,2099,3154,2176,2093,2160,1637,1229,11860,13170,14550,16870,17260,2505,11056
2380,2506,3377,2415,2371,2292,1678,1229,11490,12760,14020,16390,16520,2888,9706
1737,2040,3640,2412,2417,2330,1807,1229,13560,14750,15970,18460,19050,2700,14881
1317,1540,3665,2442,2473,2345,1782,1229,15850,17560,18870,21750,22190,2122,25000
1233,1420,3794,2417,2423,2347,1762,1229,16530,18240,19600,22480,22990,2302,25000
1318,1466,3603,2443,2448,2373,1762,1229,16460,18270,19680,22350,22860,2149,25000
1354,1617,3826,2470,2474,2399,1804,1229,15750,17330,18740,21570,22080,2328,25000
1402,1661,3761,2548,2599,2477,1886,1229,16460,18200,19630,22650,23000,2327,25000
1317,1480,3824,2548,2548,2477,1844,1229,15500,17110,18370,21550,22040,2403,25000
2480,2555,2966,2126,2146,2110,1659,1230,10210,11090,12040,14400,15040,2917,8877
1476,1829,3732,2392,2349,2348,1784,1230,15850,17280,18650,21530,22060,2534,25000
1718,2041,4179,2737,2727,2611,1846,1230,14560,16260,17740,20010,20140,2713,14709
1706,1950,4434,2790,2879,2796,1950,1230,14940,16680,18300,20620,20860,2789,14833
1319,1528,4015,2528,2553,2457,1829,1236,16230,17850,19400,21770,22200,2384,19563
1391,1648,4331,2581,2753,2483,1850,1236,15050,16490,17720,20010,20510,2511,19380
1595,1962,4173,2528,2553,2536,1912,1236,15060,16600,17770,20410,20850,2714,18848
1535,1932,4173,2554,2503,2588,1891,1236,13540,14920,16060,18450,18890,2840,18990
1609,1906,4211,2743,2732,2644,1935,1238,14880,16620,17940,20510,20780,2616,15655
1717,2086,4338,2875,2883,2775,2018,1238,15530,17390,18830,21100,21340,2692,15361
1417,1785,4211,2664,2657,2802,1997,1238,14370,16060,17450,19610,19780,2235,15903
1612,1714,3268,2246,2261,2256,1692,1241,12100,13190,14380,16740,17050,2291,14201
2058,2210,3775,2458,2487,2440,1836,1241,13280,14730,16100,18370,18730,2927,14982
2142,2210,3712,2405,2361,2492,1815,1241,11850,12920,14170,16620,16980,3105,12854
1865,2180,4124,2590,2662,2492,1857,1241,13170,14580,15940,18330,18400,2851,15226
1648,2000,4473,2881,2939,2729,2042,1241,15320,17010,18490,20780,21160,2622,15612
1889,2150,4600,2854,2889,2886,2104,1241,12150,13350,14570,17310,17670,3513,13815
2385,2408,3049,2196,2187,2075,1569,1242,11540,12590,13710,16150,16720,3185,11751
1879,2002,3334,2248,2162,2180,1611,1242,12830,14150,15450,17640,17980,2752,14946
2074,2049,2925,2065,2013,1998,1530,1243,10670,11620,12780,15210,15690,2601,10428
2327,2320,3242,2224,2164,2024,1571,1243,10610,11570,12430,14860,15470,3213,9929
2508,2576,3242,2277,2265,2156,1592,1243,11420,12390,13540,15920,16450,3035,10912
1869,2109,4355,2436,2391,2366,1736,1243,14750,16240,17650,20080,20460,3341,14986
1810,1780,2641,1935,1764,1842,1407,1245,11480,12500,13600,16010,16590,2400,9401
1786,1734,2737,1988,2016,1895,1386,1245,11480,12680,13800,16110,16750,2323,9446
1378,1556,3601,2442,2473,2345,1782,1246,16340,18170,19530,22200,22610,2097,25000
2972,3035,3600,2388,2346,2397,1885,1246,10220,10980,12070,14540,15320,3936,7186
1269,1857,3759,2468,2497,2476,1844,1246,16660,18350,19880,22440,22730,2453,25000
1402,1812,3697,2495,2548,2504,1906,1246,15770,17440,18810,22200,22640,2531,25000
1438,1737,3920,2495,2573,2504,1865,1246,16490,18190,19670,22640,23040,2403,25000
1378,1586,3952,2575,2573,2504,1865,1246,15630,17370,18880,21740,22040,2352,25000
1438,1707,4015,2548,2573,2583,1886,1246,15920,17800,19180,22040,22510,2199,25000
1379,1828,3284,2390,2348,2320,1804,1247,15640,17100,18410,21590,22110,2328,25000
1282,1375,3730,2470,2474,2347,1804,1247,15520,17050,18350,21240,21770,2149,25000
1282,1481,3667,2523,2549,2373,1742,1247,16240,18030,19450,21900,22480,1970,25000
1221,1299,3762,2497,2575,2399,1783,1247,16750,18470,20090,22680,23180,2046,25000
1306,1541,3794,2523,2499,2452,1824,1247,16410,18100,19560,22270,22830,2200,25000
1197,1481,3890,2603,2600,2663,1990,1247,16210,17960,19490,22260,22660,2277,25000
2069,2192,3604,2418,2374,2268,1742,1248,12210,13330,14590,16960,17360,2661,12690
1343,1920,3318,2312,2273,2269,1742,1248,15630,16950,18330,21150,21750,2636,25000
1125,1451,3477,2312,2298,2295,1701,1248,16040,17670,19050,21720,22290,2073,25000
1331,1618,3828,2392,2475,2321,1742,1248,17140,18860,20330,22870,23290,2252,25000
1790,1965,3700,2471,2525,2427,1825,1248,12570,13870,15100,17870,18330,2764,13929
1174,1255,3828,2445,2500,2533,1763,1248,15980,17620,19060,21760,22560,2483,25000
1706,1950,4242,2657,2601,2638,1908,1248,14000,15360,16830,19130,19360,3173,14915
1766,2116,4434,2816,2879,2717,1950,1248,14620,16350,17910,20150,20410,2738,14581
1706,2131,4657,2843,2803,2954,2012,1248,13100,14630,15970,18550,18730,2764,14652
1217,1688,3640,2380,2293,2395,1756,1250,13930,15110,16220,18970,19690,2355,15848
1024,1372,3483,2282,2231,2427,1756,1250,13750,14940,16030,18680,19370,2166,16148
1039,1410,3835,2315,2262,2492,1781,1250,14740,15970,17040,19890,20480,2418,16339
1451,1813,4268,2739,2728,2693,1932,1254,15470,17250,18810,21300,21630,2485,19122
1559,1873,4173,2818,2853,2797,1994,1254,15360,17040,18460,21310,21600,2536,18930
1657,2146,4274,2848,2858,2723,1976,1256,14560,16110,17540,20090,20500,2692,15383
2178,2120,3363,2352,2386,2204,1754,1258,11370,12340,13300,15560,16200,3080,12028
1757,1924,4093,2590,2587,2545,1857,1258,12450,13620,14860,17300,17660,3105,14673
2204,2137,2731,2010,1886,1996,1487,1260,10760,11620,12660,15120,15820,3083,10784
1614,1595,3207,2196,2087,2180,1590,1260,11640,12800,13930,16310,16610,2140,13321
2023,2182,3430,2328,2338,2285,1693,1260,12620,13770,15070,17330,17700,2752,14219
2435,2425,3306,2224,2240,2182,1654,1261,10960,12050,13010,15340,15840,3315,10359
2508,2606,3433,2410,2290,2234,1654,1261,10510,11390,12510,14830,15410,2984,9235
2064,1960,3055,2121,2041,2053,1593,1262,10250,11060,11950,14430,15070,3727,7439
2209,2277,3214,2147,2141,2079,1614,1262,10820,11870,13020,15330,15860,3115,7461
2172,2428,3405,2306,2267,2237,1635,1262,11520,12700,13970,16410,16850,3038,8606
2197,2368,3564,2386,2368,2316,1697,1262,11860,12990,14270,16490,16980,2987,9234
2006,1948,2612,2123,2043,2002,1533,1264,12170,13310,14360,16880,17420,2377,11725
2151,2204,2995,2229,2194,2081,1595,1264,10800,11810,13020,15210,15620,2735,8965
2042,2265,4078,2495,2522,2476,1802,1264,14080,15830,17250,19400,19610,3374,13137
1595,1857,3855,2627,2623,2503,1926,1264,14800,16350,17510,20280,20920,2760,25000
1402,1691,3888,2575,2624,2556,1906,1264,15880,17520,18900,22000,22490,2506,25000
1764,2083,4237,2760,2850,2635,1968,1264,15030,16740,18250,20550,20780,2709,13507
1341,1615,3918,2654,2774,2661,1968,1264,16110,17770,19180,21950,22350,2300,25000
1837,2083,3664,2733,2724,2766,1968,1264,13540,15050,16360,19170,19800,3042,13498
1936,2041,3190,2365,2348,2268,1701,1265,11620,12800,13990,16030,16370,2482,11872
1354,1662,3762,2550,2524,2373,1866,1265,15820,17380,18730,21760,22240,2328,25000
1451,1556,3125,2364,2373,2399,1804,1265,16880,18680,20070,22560,23140,1944,25000
1560,1874,3858,2550,2575,2426,1824,1265,16470,18350,19720,22380,22900,2584,25000
1330,1602,3667,2550,2575,2426,1866,1265,16540,18300,19690,22450,22900,2200,25000
1186,1376,3605,2471,2500,2427,1784,1265,16220,17880,19340,22100,22560,1919,25000
1149,1511,3858,2390,2373,2452,1804,1265,15300,16780,18120,21170,21750,2456,25000
1379,1602,3985,2550,2650,2478,1866,1265,16780,18450,19820,22370,22810,2328,25000
1790,2433,3890,2470,2474,2531,1783,1265,15910,17510,18980,21930,22490,2967,25000
1342,1511,3762,2576,2524,2531,1887,1265,15500,17110,18320,21530,22150,2277,25000
2141,2282,3764,2551,2551,2585,1887,1265,11680,12750,14000,16100,16570,2943,11643
2129,2570,4657,2737,2778,2743,2012,1265,14710,16410,17950,20360,20640,3301,13841
1609,1829,4466,2976,2929,2954,2074,1265,14540,16270,17660,20510,20740,2226,14884
2470,2459,3483,2292,2371,2362,1789,1266,11370,12360,13300,15840,16550,3744,14586
1475,1903,4173,2554,2603,2693,1932,1271,15380,16720,18110,20660,20970,2561,19025
1822,2172,4362,2791,2828,2719,1953,1271,14700,16510,17880,20140,20710,2561,18301
1738,1977,4331,2791,2703,2719,1973,1271,13880,15430,16740,19090,19470,2790,18664
1690,2052,4426,2844,2803,2823,2056,1271,15360,17130,18660,21270,21540,2587,18595
1737,1966,3522,2347,2355,2233,1705,1272,12290,13250,14390,16980,17630,2543,13625
1262,1539,3679,2445,2293,2395,1756,1272,14000,15190,16260,18930,19640,2104,15750
1306,1669,3679,2412,2386,2460,1756,1272,14250,15580,16780,19390,19850,2135,15639
1024,1372,3601,2347,2324,2492,1807,1272,14400,15680,16800,19470,20100,1884,15861
2245,2506,4021,2690,2757,2592,1976,1273,12030,13270,14430,17310,17500,2896,12633
1793,1774,2855,2035,2009,2204,1692,1276,10490,11400,12410,14450,15000,2494,11100
1985,2090,3522,2299,2336,2230,1754,1276,12190,13320,14460,17040,17450,2927,13725
2142,2270,3680,2405,2436,2388,1815,1276,11720,12740,13890,16460,16910,2749,12474
2118,2315,3458,2431,2411,2466,1795,1276,11530,12650,13780,16350,16790,2927,12166
2154,2345,3680,2431,2462,2466,1836,1276,11980,13120,14320,16880,17300,3054,12936
1612,1924,4569,2669,2763,2519,1857,1276,15190,16840,18260,20440,20860,2851,15796
1721,1970,4537,2775,2914,2781,2001,1276,14270,15820,17190,19610,20040,3080,15661
2060,2092,2985,2196,2087,2232,1714,1277,11370,12380,13500,15760,16300,2650,11980
2891,3010,3207,2328,2338,2337,1755,1277,11160,12260,13280,15400,16080,3363,10018
1712,1747,3338,2436,2441,2340,1716,1278,11730,12790,13960,16350,16690,2142,12900
2110,2380,4228,2542,2492,2445,1819,1278,13670,15170,16540,18990,19320,3137,14408
2245,2579,4360,2651,2696,2553,1883,1280,13380,14900,16250,18320,18620,3472,11126
1933,2159,3409,2388,2320,2213,1657,1281,12010,13140,14410,16760,17190,2735,11448
1752,2083,4365,2813,2800,2714,1968,1281,14590,16220,17820,20100,20340,2760,13537
1330,1511,3571,2443,2373,2399,1804,1282,15550,17170,18560,21450,21960,2302,25000
1354,1602,3954,2550,2499,2452,1845,1282,16830,18680,20250,22750,23110,2149,25000
1233,1481,3762,2550,2600,2478,1845,1282,16770,18520,20030,22410,22920,1944,25000
1258,1435,4017,2656,2676,2610,1928,1282,15970,17690,19090,22240,22650,2302,25000
2661,2781,3094,2285,2323,2057,1680,1283,11240,12130,13210,15660,16080,3045,9839
1718,1950,3636,2418,2323,2321,1680,1283,12540,13820,15040,17680,18010,2329,13835
1597,1663,3445,2418,2450,2348,1742,1283,13320,14540,15910,18420,18980,2354,15119
2165,2388,3572,2498,2450,2427,1825,1283,11570,12840,14050,16580,16710,2917,11312
1319,1602,3796,2471,2450,2480,1763,1283,16840,18410,19930,22660,23110,2278,25000
1682,2177,3732,2524,2551,2480,1888,1283,16580,18260,19650,22490,22930,2790,25000
2093,2539,4561,2843,3005,2743,1970,1283,13980,15560,16940,19560,19860,3327,13915
2021,1931,3448,2437,2344,2333,1721,1285,10630,11480,12250,14800,15410,2878,14114
1858,1947,3382,2212,2277,2300,1768,1289,11990,13030,14160,16680,17210,2688,16694
2146,2247,3793,2449,2428,2327,1809,1289,12350,13520,14740,17330,17510,3069,16806
1631,2022,4426,2791,2703,2719,1973,1289,14930,16490,17930,20310,20790,2663,18727
1607,1947,4805,2765,2653,2823,1994,1289,14280,15670,16880,19660,20190,2840,18879
1825,2026,3483,2453,2406,2409,1873,1291,12620,14160,15340,17610,18120,2591,14564
2209,2341,3483,2532,2507,2409,1853,1291,12150,13100,14130,16680,17150,2819,13023
2101,2416,4148,2690,2757,2749,1997,1291,13390,14780,16010,18610,19010,3175,14693
2046,2060,3395,2326,2336,2283,1733,1293,11450,12530,13660,16070,16460,3054,12379
2009,2300,4061,2669,2662,2545,1898,1293,12470,13700,14880,17490,17990,2774,13961
1870,2040,3287,2119,2200,2168,1654,1294,12010,13110,14040,16470,17190,2637,12910
2212,2355,3796,2347,2417,2395,1705,1294,11630,12560,13620,16000,16480,2951,11606
1158,1799,3835,2380,2324,2460,1832,1294,14170,15390,16480,19350,19940,2480,15872
1395,1762,3914,2217,2355,2524,1807,1294,12890,13950,14980,17720,18510,2449,15342
1951,1956,2922,2090,2087,1970,1528,1295,11350,12210,13250,15740,16310,2701,12221
2132,2107,2922,2169,2162,2127,1631,1295,10500,11410,12590,14930,15570,2930,10393
2312,2588,4065,2539,2590,2521,1797,1295,13210,14620,15800,17960,18120,3185,14293
1542,1851,4128,2513,2539,2574,1838,1295,14530,16100,17490,19750,20090,2879,15869
2411,2365,2956,1959,1913,1998,1571,1296,10240,10950,11970,14480,15060,3341,9618
2255,2245,2988,2171,2139,2182,1654,1296,10530,11400,12400,14750,15330,3264,9946
2339,2425,3401,2198,2215,2182,1716,1296,11640,12830,13970,16540,16770,3086,11645
1989,2139,3624,2357,2366,2392,1757,1296,11180,12210,13320,15700,16100,3060,11486
2341,2368,3182,2200,2242,2132,1635,1297,10820,11820,12970,15340,15870,3447,7285
2281,2353,3182,2227,2242,2184,1655,1297,11880,13120,14380,16810,17120,2987,9187
2136,2217,3278,2280,2267,2211,1676,1297,10870,11950,13120,15330,15780,2808,7618
2090,2159,2867,2229,2194,2108,1595,1299,11520,12750,13960,16390,16770,2454,10280
2030,2083,2899,2229,2220,2160,1595,1299,10590,11460,12390,14840,15460,2530,8779
2235,2189,3090,2229,2144,2318,1678,1299,10450,11650,12710,14910,15590,2607,8300
2380,2582,3473,2309,2194,2503,1823,1299,10960,12120,13240,15710,16140,2888,8683
1933,2310,4365,2680,2547,2556,1927,1299,14380,15890,17230,19670,20040,3118,13180
1414,1752,3952,2681,2725,2688,1948,1299,15940,17820,19250,22250,22620,2327,25000
2686,2736,3222,2205,2197,2321,1742,1300,10270,11260,12450,14640,15430,3224,8562
1452,1678,4020,2445,2551,2453,1846,1300,16620,18220,19520,21990,22450,2227,25000
1161,1526,3635,2497,2499,2478,1866,1300,16750,18420,19900,22740,23160,2098,25000
1463,1722,3730,2550,2524,2478,1845,1300,15260,16790,18100,21220,21780,2404,25000
1258,1376,3190,2471,2500,2506,1888,1300,17710,19620,21200,24080,24350,1766,25000
1319,1542,3860,2578,2627,2506,1908,1300,16280,17880,19270,22010,22320,2662,25000
1330,1496,4017,2656,2701,2558,1949,1300,16420,18140,19500,22040,22510,2302,25000
1464,1799,3988,2764,2728,2612,1991,1300,16580,18340,19720,22640,23090,2457,25000
1379,1571,4049,2629,2701,2663,1928,1300,16460,18150,19640,22540,23010,2046,25000
1439,1662,4017,2736,2650,2716,1990,1300,15360,16820,18050,21030,21530,2532,25000
2086,2187,3509,2475,2553,2405,1809,1306,12160,13280,14560,16940,17300,2638,16475
1918,2172,4552,2976,3053,2902,2117,1306,15650,17380,18950,21140,21360,2917,18284
1595,2157,4362,2791,2828,3006,2158,1306,15970,17850,19350,22090,22250,2511,18598
1945,2416,4844,2901,2807,2932,2141,1308,13710,15270,16560,19050,19370,3277,14896
2166,2225,3490,2326,2386,2466,1836,1311,11770,12930,14140,16570,16880,2723,12570
2166,2376,3807,2563,2637,2519,1939,1311,11980,13200,14340,17010,17410,2953,12870
1456,1774,4093,2775,2838,2729,1980,1311,15940,17790,19300,21600,21850,2393,16020
2134,2049,2861,2065,2089,1972,1592,1313,10650,11530,12530,14910,15610,3188,10472
2833,2847,3338,2330,2341,2182,1674,1313,9980,10760,11620,14040,14870,3392,8739
2580,2651,3529,2516,2542,2234,1716,1313,10650,11440,12380,14830,15450,3213,9418
2520,2621,3783,2542,2517,2471,1860,1313,10570,11420,12430,14800,15510,3239,9371
2050,2456,4609,2807,2794,2708,1964,1313,15770,17590,19230,21500,21610,3188,14419
2510,2549,3214,2227,2318,2184,1717,1315,10760,11800,12840,15160,15840,3064,6753
1991,1991,2896,2227,2167,2184,1655,1315,10620,11500,12540,14890,15320,2859,7570
1573,1780,3483,2315,2293,2330,1781,1315,12050,12860,13950,16610,17370,2637,13622
2076,2277,3501,2386,2393,2342,1821,1315,11610,12800,13950,16300,16620,2808,8964
1559,1966,3875,2445,2386,2492,1883,1315,13960,15250,16390,19000,19670,2480,15121
1173,1484,3914,2478,2448,2589,1909,1315,13220,14320,15400,17990,18710,2229,15991
2598,2718,3313,2309,2295,2266,1719,1316,10570,11410,12400,14900,15500,3348,7720
2888,3020,3696,2468,2447,2424,1864,1316,10780,11710,12870,15340,15910,3629,7568
2356,2642,4078,2548,2573,2503,1844,1316,12420,13920,15180,17430,17620,3297,11372
2115,2431,4046,2574,2573,2582,1885,1316,11490,12410,13870,16250,16700,3374,10179
1208,1812,4046,2574,2572,2687,2051,1316,16670,18470,19860,22490,22870,2249,25000
1534,1978,4205,2654,2749,2687,2071,1316,15520,17120,18450,21230,21660,2402,25000
1246,1556,3985,2576,2524,2531,1845,1317,16280,17990,19290,22210,22630,2149,25000
1451,1692,3985,2629,2650,2584,1928,1317,16560,18210,19680,22570,23050,2200,25000
1403,1571,4113,2656,2751,2584,1907,1317,16230,17870,19290,21890,22330,2046,25000
1499,1964,4177,2629,2575,2610,1990,1317,16080,17730,19050,22380,22910,2609,25000
1475,1646,3920,2734,2775,2688,2010,1317,15430,17080,18370,21520,22060,2582,25000
1499,1798,4081,2736,2751,2689,2032,1317,15660,17230,18520,21720,22180,2507,25000
1463,1783,4113,2709,2827,2716,1990,1317,16450,18270,19780,22370,22820,2404,25000
1536,1813,4209,2709,2802,2742,2011,1317,16650,18500,19920,22860,23230,2430,25000
1620,2129,3952,2708,2674,2767,2093,1317,16980,18900,20520,23320,23650,2582,25000
2286,2373,3732,2630,2677,2453,1887,1318,10660,11340,12400,14770,15550,2713,9491
1416,1723,3828,2524,2576,2480,1867,1318,16720,18230,19710,22480,22910,2303,25000
2081,2343,3987,2551,2551,2559,1867,1318,10960,12040,13210,15660,15990,2892,10349
2432,2691,4242,2737,2778,2638,1991,1318,11240,12150,13060,15670,16080,3122,10187
2105,2358,4051,2710,2778,2664,1950,1318,11320,12350,13520,15800,16200,3480,11067
2093,2509,4497,2737,2702,2717,1929,1318,14610,16250,17690,20130,20480,3327,13943
1669,1935,4848,3188,3232,2770,2033,1318,14280,15920,17420,19830,20080,2866,14914
2226,2887,4785,2949,3005,3007,2116,1318,14760,16550,18070,20410,20680,3480,13470
2014,2696,4110,2554,2578,2719,2076,1323,15050,16540,17660,21060,21610,3500,17788
1595,1918,4046,2765,2828,2823,2076,1323,14290,15740,17100,19950,20340,2638,18869
1583,2232,4742,3002,2953,2980,2138,1323,15160,16870,18270,20820,21150,2866,18645
2438,2506,3229,2321,2356,2304,1791,1326,11000,11980,12980,15590,16180,2896,10563
2197,2296,4084,2690,2757,2697,1997,1326,12540,13680,14930,17350,17780,3200,13870
2298,2376,4093,2563,2537,2545,1939,1328,11750,12810,14050,16590,16930,3513,12409
2431,2541,3744,2537,2512,2571,1919,1328,11260,12310,13510,15960,16430,3131,11162
1468,1940,4251,2854,2939,2834,2104,1328,14160,15610,17080,19310,19640,2520,15886
2298,2541,4664,2907,2964,2912,2125,1328,13070,14270,15430,17710,18220,3691,14527
2337,2468,3525,2407,2414,2416,1817,1330,12640,13860,15150,17470,17670,2879,13658
2072,2257,3557,2434,2313,2416,1797,1330,12650,13880,15090,17610,17840,2879,14179
1710,2062,4351,2513,2514,2416,1838,1330,13550,14950,16240,18690,18910,2955,15460
2689,2832,3370,2357,2315,2182,1695,1331,11470,12590,13620,16020,16500,3188,10610
2387,2380,3020,2251,2139,2208,1757,1331,10550,11330,12360,14840,15400,2831,9608
2701,2636,3147,2304,2315,2261,1778,1331,10370,11070,11970,14510,15220,3341,9058
2172,2172,3023,2121,2091,2211,1655,1332,11130,12170,13250,15640,16190,2732,8064
2474,2564,3246,2253,2293,2342,1800,1332,11520,12590,13680,16090,16570,2987,8129
2719,2733,3186,2335,2346,2213,1823,1334,10370,11300,12210,14470,15160,3476,7474
2054,2053,3218,2309,2346,2292,1802,1334,10340,11380,12320,14850,15370,2760,8691
2018,2083,3090,2388,2270,2292,1699,1334,10330,11170,12200,14760,15370,2735,8698
2030,2295,3855,2548,2497,2476,1802,1334,13180,14450,15880,18210,18440,2837,13012
1535,1903,4047,2708,2700,2714,1969,1334,15730,17460,18830,21760,22260,2531,25000
1208,1932,3886,2600,2572,2740,2071,1334,15660,17360,18690,21450,21780,2402,25000
2565,2691,3222,2391,2450,2242,1846,1335,11110,12310,13330,15660,16280,3020,9785
2468,2555,3668,2444,2475,2532,1825,1335,11050,12040,13080,15440,16090,2917,9880
1318,1889,3922,2523,2499,2584,1928,1335,16600,18210,19640,22570,23050,2788,25000
1354,1722,3922,2603,2650,2610,1970,1335,16360,18030,19560,22460,22910,2635,25000
1415,1753,3922,2629,2650,2610,1928,1335,16500,18090,19370,22090,22600,2251,25000
1439,1828,4017,2656,2701,2610,1949,1335,16210,17860,19230,21890,22350,2328,25000
1330,1571,3954,2656,2701,2610,1928,1335,16760,18480,19930,22410,22830,2021,25000
1657,2025,4209,2656,2650,2663,2011,1335,16080,17840,19340,22160,22580,2609,25000
1427,1753,4272,2789,2852,2689,2011,1335,17080,18940,20460,22940,23420,2200,25000
2710,3023,4147,2737,2727,2743,1991,1335,11360,12460,13720,16090,16230,3378,9855
1415,1707,4209,2789,2726,2768,2094,1335,15800,17400,18860,21980,22470,2379,25000
2214,2479,4210,2790,2879,2822,2033,1335,12940,14480,15950,18290,18400,3071,13674
2093,2630,4880,2896,3005,2822,2095,1335,15030,16820,18260,20440,20650,3301,13828
2057,2494,4434,2923,2980,2928,2053,1335,14290,16010,17450,19970,20310,3275,13991
1742,2192,5040,3056,3207,3007,2116,1335,15510,17460,19250,21100,21290,3224,14647
1258,1482,3382,2498,2425,2427,1825,1336,15180,16520,17720,20800,21450,2124,25000
1246,1466,4083,2578,2576,2480,1846,1336,17140,18810,20210,22890,23240,2303,25000
1440,1844,4051,2657,2728,2612,1950,1336,17200,18960,20510,23090,23480,2406,25000
2134,2292,3857,2581,2578,2588,2035,1341,11890,13020,14030,16370,16820,2942,15921
1631,1962,4521,3002,3053,2954,2158,1341,15770,17660,19210,21680,22000,2460,18718
1750,2112,4521,3055,3103,3006,2261,1341,15490,17240,18550,21370,21690,2688,18491
1019,1828,4457,2923,2753,3032,2138,1341,14820,16610,18030,20590,20930,2460,19761
1357,1380,2976,2215,2331,2304,1709,1343,11440,12420,13610,16000,16620,1727,13003
1813,1906,3483,2426,2356,2383,1771,1343,11350,12280,13400,15840,16310,2616,12417
2294,2401,3704,2479,2507,2513,1894,1343,12810,14310,15640,18080,18540,3023,14111
2257,2416,3958,2716,2707,2618,1997,1343,11570,12450,13500,16110,16470,3048,11912
1909,2296,4528,3112,3208,3037,2244,1343,14260,15850,17190,19710,20040,2743,14933
2395,2496,3902,2669,2612,2597,1919,1346,12010,12950,13910,16700,17240,3411,12645
1817,2165,4220,2801,2788,2702,2022,1346,14050,15450,16860,19290,19410,2673,15251
2108,2107,3207,2301,2414,2180,1693,1347,10440,11360,12310,14390,14910,2624,10334
1975,1971,3112,2196,2162,2416,1755,1347,10520,11360,12360,14740,15500,2726,10691
2387,2395,3306,2304,2265,2261,1695,1348,11730,12720,13820,16270,16910,3086,11781
2640,2727,3401,2383,2341,2418,1798,1348,10480,11380,12420,14840,15470,3086,8988
2267,2456,4228,2674,2668,2576,1881,1348,12360,13540,14800,17130,17530,3239,13026
2547,2579,3246,2306,2368,2132,1655,1350,10920,11990,13060,15240,15680,3089,6980
2354,2488,3501,2492,2393,2395,1780,1350,11970,13310,14580,16790,17060,3115,9171
2247,2325,3218,2415,2270,2239,1740,1351,11570,12630,13780,16130,16540,2786,10140
2115,2340,3441,2548,2421,2371,1802,1351,12100,13370,14640,17000,17190,2735,11220
2260,2416,3728,2495,2497,2582,1927,1351,10680,11790,13140,15540,15940,2939,8482
1450,1736,3918,2733,2724,2661,2051,1351,15180,16850,18160,20970,21390,2326,25000
1184,1269,3633,2416,2473,2477,1989,1352,15090,16580,17880,20870,21380,2173,25000
1439,1647,4081,2576,2600,2584,1928,1352,16850,18620,19970,22870,23320,2302,25000
1596,1858,4177,2682,2625,2663,2011,1352,16500,18120,19540,22440,22930,2353,25000
1657,1964,4113,2682,2600,2663,1990,1352,16410,17840,19260,22630,23270,2584,25000
1499,1889,4113,2762,2701,2689,2052,1352,15810,17410,18810,21660,22110,2507,25000
1475,1964,4049,2682,2676,2716,2011,1352,16690,18430,19890,22950,23390,2609,25000
1825,2145,4175,2761,2901,2741,2114,1352,15290,16780,18080,21300,21840,2787,25000
1438,1797,4079,2761,2775,2741,2072,1352,15390,17110,18380,22120,22560,2429,25000
1645,2130,4304,2789,2777,2742,2052,1352,16320,18100,19640,22670,23040,2711,25000
1620,1979,4209,2736,2777,2768,2032,1352,16050,17760,19290,22300,22710,2507,25000
1524,1858,4241,2762,2802,2795,2073,1352,16310,18000,19570,22410,22800,2328,25000
1681,2146,4272,2789,2751,2795,2052,1352,16400,18230,19700,22430,22910,2711,25000
1608,2054,4079,2920,2876,2846,2176,1352,16200,18070,19530,22810,23160,2557,25000
1801,2250,4398,2894,2977,2978,2217,1352,15950,17730,19140,22280,22690,2889,25000
2274,2509,4179,2843,2803,2770,2116,1353,12380,13820,15220,17560,17700,2892,12526
1669,2101,4466,2976,2879,2849,2074,1353,15420,17260,18790,21440,21690,2789,14735
2464,2615,3444,2380,2510,2395,1858,1358,11180,12100,13050,15330,16000,3140,10316
2254,2322,3351,2449,2478,2431,1891,1358,10700,11810,12830,15100,15570,2764,13563
2206,2367,3825,2607,2678,2588,1973,1358,11920,12960,14100,16660,17080,2891,15808
2014,2607,4204,2897,2978,2876,2158,1358,15400,17120,18670,21300,21540,3525,17873
1427,2142,5026,2897,2803,3006,2179,1358,13670,15030,16300,18870,19320,2917,18954
1702,2262,4647,3002,3078,3032,2241,1358,14830,16530,17880,20380,20700,2891,18465
2002,2487,4963,3081,3028,3215,2282,1358,14720,16380,17670,20840,21270,3043,17917
2522,2596,3324,2374,2456,2356,1894,1360,10770,11630,12380,15020,15650,2946,9988
2390,2521,3673,2743,2682,2644,1976,1360,11530,12560,13740,16170,16580,2896,11556
2282,2446,4148,2796,2757,2828,2038,1360,12140,13340,14520,17040,17340,2921,12852
2130,2255,3363,2431,2487,2388,1815,1363,11660,12710,13770,16020,16470,2774,12401
2190,2376,3775,2563,2612,2597,1939,1363,12210,13420,14620,17220,17690,3029,13274
1624,1849,4664,3039,2964,2991,2207,1363,14480,15970,17320,19870,20200,3029,15892
2361,2348,2985,2222,2187,2285,1693,1365,10280,11130,12080,14410,15100,2955,9911
2734,2784,3620,2434,2439,2364,1797,1365,10310,11190,12100,14540,15160,3516,9217
2337,2438,3334,2301,2313,2442,1879,1365,10390,11180,12280,14710,15370,3006,9866
2638,2739,3430,2487,2464,2442,1755,1365,10580,11470,12560,15040,15630,3338,9474
1903,2152,4478,2883,2866,2679,1982,1365,13360,14790,15990,18330,18630,3134,15169
2327,2290,3242,2383,2366,2182,1716,1366,10410,11310,12310,14770,15440,2882,9684
2447,2486,3529,2489,2466,2340,1840,1366,10630,11560,12610,14800,15460,3162,9667
2652,2742,3688,2516,2567,2418,1840,1366,10860,11870,12960,15290,15720,3264,9647
2233,2383,3691,2359,2318,2342,1738,1367,11670,12880,14150,16680,17000,3166,8875
2148,2277,3564,2439,2444,2474,1821,1367,11250,12340,13560,15940,16260,2757,8216
2390,2639,4105,2757,2721,2579,1945,1367,10810,11660,12870,15330,15730,3242,6930
2510,2790,4137,2651,2671,2605,1883,1367,10750,11830,12970,15320,15800,3421,6584
1822,1810,3119,2306,2192,2632,1945,1367,10270,11150,12180,14570,15080,2451,7612
2004,2473,4901,2863,3048,2684,1966,1367,15150,17020,18560,20540,20710,3396,11491
2525,2552,2995,2229,2220,2266,1782,1369,10630,11550,12530,14910,15630,3144,8018
2006,2068,3823,2680,2648,2608,1927,1369,12760,14160,15550,17680,17920,2990,12862
1861,2416,4843,3052,3052,3056,2196,1369,13360,14810,16170,18640,18980,3348,13209
1487,1783,4113,2682,2751,2558,1866,1370,16750,18570,19870,22870,23290,2507,25000
1487,1919,4049,2629,2676,2584,1970,1370,16480,18100,19350,22010,22650,2481,25000
1366,1874,3890,2682,2676,2637,2032,1370,15270,16800,17990,21130,21610,2532,25000
1717,2191,4113,2682,2751,2663,1990,1370,15510,17030,18340,21270,21770,2839,25000
1318,1677,3985,2736,2726,2689,2011,1370,16230,17890,19310,22510,23000,2379,25000
1560,2070,4113,2736,2802,2768,1970,1370,16460,18180,19580,22310,22760,2660,25000
1330,1571,4145,2842,2827,2795,2073,1370,16020,17800,19310,22220,22590,2149,25000
1850,2342,4368,2815,2777,2874,2156,1370,15510,17020,18360,21600,22080,3223,25000
2190,2328,3572,2471,2500,2532,1908,1371,10710,11570,12660,15090,15630,2994,9811
2250,2298,3253,2312,2298,2585,1970,1371,10860,11770,12840,15240,15800,2585,9921
1547,2202,4679,2844,3003,2954,2261,1376,15750,17530,19140,21550,21780,2790,18704
1343,1618,4078,2870,2878,3032,2117,1376,14440,16090,17390,20190,20370,2105,19321
1933,2341,3768,2716,2607,2566,2100,1378,14260,15610,16810,19570,20160,3124,14953
2022,2135,4220,2722,2763,2650,2001,1381,11790,12910,14060,16540,16920,3309,12995
2288,2438,3811,2566,2590,2521,1900,1382,11930,13230,14420,16910,17160,2904,12469
2327,2305,3338,2516,2517,2366,1798,1383,10210,11110,12070,14500,15150,2933,9683
2797,2907,3560,2436,2441,2445,1902,1383,10150,10890,11820,14590,15350,3366,8717
2978,3118,3751,2648,2668,2471,1902,1383,10700,11420,12580,14940,15550,3417,8715
2435,2606,3656,2489,2492,2576,1922,1383,11640,12650,13680,16260,16820,3035,11360
2496,2772,4609,2860,2819,2681,1984,1383,13930,15410,16770,19080,19260,3494,13677
2957,2986,3119,2412,2393,2263,1738,1385,10110,11070,11970,14410,14960,3549,5513
2598,2702,3536,2468,2472,2397,1864,1386,11380,12440,13510,16070,16410,3297,9183
1293,1585,3122,2521,2497,2582,2030,1386,16130,17800,19070,21990,22480,1789,25000
1716,2144,4046,2733,2825,2687,2030,1386,15840,17560,18900,22070,22400,2709,25000
1644,1978,4302,2867,2952,2925,2155,1387,15240,16800,18000,21330,21800,2685,25000
2782,3008,3732,2498,2500,2532,1950,1388,11110,12410,13560,16030,16280,3455,9355
2601,2721,3796,2577,2525,2559,1929,1388,10400,11350,12390,15120,15500,3480,8709
1319,1648,3956,2657,2702,2612,1991,1388,16880,18610,20070,22910,23340,2355,25000
1536,1919,3858,2762,2802,2663,2032,1388,16260,18070,19520,22340,22820,2456,25000
1221,1662,3890,2682,2676,2795,2094,1388,16750,18570,20110,23250,23640,2302,25000
1487,1798,4241,2789,2751,2795,2032,1388,16480,18150,19550,22590,23120,2430,25000
1439,1798,4209,2815,2852,2821,2115,1388,16540,18280,19800,22860,23210,2456,25000
1585,2041,4115,2710,2728,2823,2095,1388,16330,18020,19330,22530,22970,2508,25000
1936,2403,4880,3215,3232,3139,2302,1388,15410,17390,18990,21230,21470,2943,14152
2065,2116,3546,2532,2532,2487,1873,1395,11220,12260,13360,15880,16310,2819,11731
2221,2296,3483,2532,2607,2592,1935,1395,11370,12360,13510,15920,16440,2769,11633
2954,3136,3483,2479,2507,2618,1915,1395,11890,13120,14360,16840,17320,3404,11163
2282,2521,4148,2796,2832,2775,2121,1395,13110,14710,16090,18480,18790,3048,14361
2113,2371,4021,2875,2908,2906,2141,1395,11910,12920,14210,16790,17060,2972,12715
2023,2182,3461,2487,2489,2416,1920,1400,11070,12230,13370,15690,16110,2879,11463
2614,2694,3525,2434,2338,2442,1838,1400,11300,12370,13620,16040,16430,3032,10774
2640,2697,3242,2410,2441,2234,1778,1401,11330,12290,13360,15760,16350,3137,10521
2592,2621,3306,2383,2391,2313,1840,1401,10490,11490,12590,15090,15710,3213,9163
2390,2448,3522,2478,2510,2460,1909,1401,10560,11390,12270,14950,15540,3422,9486
2472,2486,3592,2674,2668,2602,1984,1401,10390,11260,12160,14500,15150,3035,9379
2098,2516,5023,2966,3020,2787,2067,1401,13960,15400,16790,19030,19310,3443,14348
2631,2579,3182,2412,2293,2263,1780,1402,10630,11500,12480,14870,15430,3242,6400
2522,2564,2991,2147,2016,2289,1738,1402,10240,11110,12150,14680,15210,3038,6252
2438,2534,3246,2439,2469,2316,1800,1402,10420,11370,12480,15110,15550,2987,6360
2197,2458,4042,2704,2645,2632,1986,1402,11410,12650,13980,16520,16710,3038,8352
2610,2627,3154,2362,2320,2345,1864,1404,9890,10680,11500,14160,14780,3016,7595
1305,2053,4173,2680,2648,2792,2196,1404,15670,17250,18560,21330,21840,2530,25000
1994,2265,4333,2972,3001,2898,2154,1404,15020,16680,18240,20620,20680,2837,13085
1716,2296,4207,2947,2927,2925,2259,1404,16130,17800,19190,21980,22360,2787,25000
1427,1783,3954,2762,2827,2716,2073,1405,16560,18140,19510,22200,22670,2328,25000
1608,2055,4177,2789,2777,2742,2032,1405,16040,17700,19110,22190,22780,2788,25000
1246,1586,3922,2682,2726,2768,2052,1405,16820,18560,20000,22650,23130,2021,25000
1512,2176,4049,2656,2575,2795,2094,1405,16370,18160,19650,22410,22850,2737,25000
1100,1239,3667,2682,2777,2795,2239,1405,15820,17390,18800,21710,22160,2353,25000
1403,1813,4049,2762,2802,2795,2094,1405,17230,18940,20460,23360,23780,2225,25000
1645,1994,4368,2868,2878,2953,2156,1405,16020,17630,19110,22240,22680,2635,25000
2964,3205,3828,2630,2652,2638,2012,1406,12080,13460,14810,17240,17610,3403,10735
1125,1270,3573,2737,2753,2691,2137,1406,15920,17580,19070,21990,22450,1766,25000
1754,2116,4307,2896,2930,2796,2137,1406,15970,17680,18930,21990,22500,3020,25000
2178,2570,4753,2923,3005,2875,2157,1406,14120,15600,17050,19480,19870,2994,13723
2510,2671,4053,2848,2883,2723,2038,1413,12050,13330,14370,16800,17070,3200,12294
2493,2528,3303,2460,2414,2285,1776,1417,10920,11790,12880,15260,15750,3134,10394
2469,2438,3049,2407,2414,2337,1838,1417,9990,10670,11580,14010,14820,3108,9742
2662,2664,3334,2487,2539,2337,1735,1417,10230,10990,11950,14460,15240,3516,9402
2312,2363,3398,2381,2388,2364,1858,1417,10830,11790,12970,15390,15930,3006,10557
2650,2664,3461,2434,2388,2469,1879,1417,9980,10710,11600,14070,14770,3312,9382
2517,2588,3461,2354,2288,2600,1900,1417,10670,11600,12610,15120,15650,3388,9911
2230,2320,3242,2330,2265,2313,1716,1418,10510,11500,12720,15280,15650,3009,9815
2327,2365,3306,2410,2391,2340,1819,1418,11580,12570,13740,16260,16670,3213,11633
2894,2968,3529,2436,2441,2340,1819,1418,10370,11200,12220,14760,15260,3392,8569
2906,2938,3433,2516,2517,2366,1840,1418,9900,10660,11590,14120,14880,3417,8588
2809,2862,3656,2489,2542,2602,1984,1418,10530,11430,12490,14980,15560,3519,8824
2194,2425,4069,2674,2668,2629,1984,1418,13400,14830,16120,18340,18620,3137,14268
2028,2081,3023,2147,2066,2342,1738,1420,10680,11570,12660,15030,15500,2655,7488
2909,3016,4010,2836,2897,2579,1800,1420,10100,11090,12120,14570,15140,3651,5549
1534,2098,4460,3052,3026,2977,2237,1421,15460,17160,18460,21220,21760,2556,25000
1849,1812,2995,2388,2371,2002,1574,1422,10390,11280,12310,14750,15310,2173,8958
1003,1118,2932,2283,2473,2398,2031,1422,15820,17220,18370,21580,21980,1534,25000
1740,2054,4047,2867,2826,2741,2197,1422,14370,15760,16690,20050,20660,2889,25000
1680,2190,4462,2947,3002,2899,2197,1422,16020,17790,19270,22320,22720,2710,25000
1716,2024,4302,2920,3028,2952,2238,1422,16110,17790,19070,22280,22690,2633,25000
1716,2175,4557,2973,3028,3057,2197,1422,16860,18790,20410,23240,23540,2531,25000
2063,2133,3327,2249,2355,2395,1832,1423,10820,11620,12640,15000,15630,3108,10566
2141,2252,3604,2577,2525,2532,1929,1423,11540,12610,13830,16150,16530,2866,11400
2661,2827,3604,2551,2551,2559,1929,1423,10840,11810,12930,15330,15810,3199,9112
1379,1979,3954,2682,2726,2795,2115,1423,16980,18650,20140,23140,23610,2481,25000
1621,2011,4275,2870,2829,2849,2157,1423,16440,18190,19570,22610,23060,2687,25000
1548,1874,4336,2921,2953,2927,2177,1423,16840,18580,20150,23020,23500,2353,25000
1246,1875,4243,2817,2778,2928,2157,1423,16630,18400,19760,23380,23730,2431,25000
1645,1979,4368,2921,2953,2979,2218,1423,16420,18260,19680,22680,23050,2558,25000
1451,1738,4432,3028,2979,2979,2260,1423,15740,17260,18470,21850,22300,2558,25000
2165,2555,4689,3135,3157,3086,2240,1423,13580,15240,16610,19020,19150,3020,13757
2422,2502,3288,2317,2403,2196,1850,1428,11120,12050,13070,15370,16060,3119,14054
2518,2652,3951,2660,2678,2640,2056,1428,11380,12450,13680,16100,16520,3221,14301
1631,2457,5248,3055,2928,3189,2261,1428,14660,16160,17480,20170,20610,3221,18442
2414,2551,3483,2637,2732,2592,1976,1430,10810,11710,12820,15120,15610,2845,10192
2611,2736,3553,2537,2612,2519,1939,1433,10790,11830,12850,15280,15870,3029,9920
2864,2887,3490,2616,2562,2676,2042,1433,11480,12550,13560,16030,16630,3385,10835
2262,2391,4283,2828,2889,2781,2084,1433,11420,12570,13650,16180,16590,3589,11851
2423,2350,2925,2198,2215,2208,1778,1436,10120,11010,11890,14380,15080,3468,9639
2689,2787,3497,2436,2492,2471,1860,1436,10380,11240,12200,14480,15340,3264,8920
2378,2428,3150,2280,2318,2289,1759,1438,9930,10770,11750,14090,14860,2936,6512
2936,3065,3441,2415,2447,2582,2009,1439,10150,10970,12050,14600,15250,3297,6923
1391,1632,3826,2736,2777,2689,2052,1440,16530,18290,19710,22710,23090,2123,25000
1439,1632,3954,2629,2726,2716,2156,1440,14370,15720,16830,19950,20580,2609,25000
2528,2766,3668,2684,2702,2638,2012,1441,11050,12210,13510,15970,16350,3275,9701
2117,2494,4307,2764,2753,2691,2137,1441,16100,17630,18760,21910,22370,3327,25000
1379,1723,4051,2817,2803,2823,2157,1441,16360,18110,19510,22640,23140,2252,25000
2182,2322,3477,2423,2628,2248,1850,1445,11970,13200,14280,16460,16930,2790,15940
2438,2506,3514,2532,2557,2592,2038,1448,11370,12410,13650,16170,16590,3048,11267
2341,2322,3087,2386,2368,2395,1842,1455,10100,10940,11850,14260,14800,3166,6703
2064,2322,4328,2942,3023,2816,2152,1455,14740,16580,17750,20440,20580,3191,11527
2574,2702,3536,2601,2674,2424,1864,1457,10160,11100,12090,14570,15010,3067,7577
2320,2506,3536,2415,2472,2529,1906,1457,11100,12160,13260,15490,15890,2990,9098
1765,2356,4302,2867,2876,3004,2238,1457,15740,17390,18740,22210,22670,2940,25000
1608,1903,4430,3079,3129,3004,2300,1457,16410,18120,19630,22470,22770,2454,25000
1523,1797,4366,3079,3129,3004,2300,1457,16310,18220,19520,22790,23140,2506,25000
2794,2902,3700,2684,2753,2585,1991,1458,10750,11690,12780,15130,15730,3403,8781
2613,2842,4242,2816,2803,2822,2116,1458,10710,11640,12680,15040,15660,3403,8953
1366,1753,4081,2895,2878,2848,2135,1458,16670,18380,19710,22670,23030,2584,25000
1584,1904,4304,2921,2979,2848,2135,1458,16410,18080,19530,22450,22890,2507,25000
1487,1843,4304,2948,2979,2927,2218,1458,16450,18160,19650,22630,23000,2481,25000
1500,2086,4530,2923,2930,3007,2240,1459,16500,18300,19710,22870,23240,2687,25000
1918,2487,5216,3318,3329,3346,2426,1463,14460,16120,17420,20110,20480,3297,18066
2734,2754,3239,2407,2338,2364,1858,1470,10190,11060,12000,14480,15180,2981,9140
2758,2784,3557,2751,2791,2416,1858,1470,10410,11200,12110,14590,15270,3312,9159
2674,2904,3779,2566,2690,2521,1962,1470,11290,12060,13120,15630,16030,3465,10586
2939,3040,3620,2566,2590,2521,1920,1470,10440,11350,12260,14720,15400,3643,8808
2132,2363,3906,2592,2564,2652,1982,1470,12400,13780,14870,17560,17960,3032,13596
2421,2619,3874,2672,2766,2679,2003,1470,11940,13040,14250,16620,16850,3006,12198
2725,2832,3592,2542,2492,2471,1922,1471,10530,11490,12500,14860,15460,3417,8922
2664,2757,3751,2542,2517,2497,1922,1471,10130,11020,11990,14590,15180,3519,9015
2716,2850,3564,2518,2620,2474,1924,1473,10330,11320,12420,14910,15440,3217,5825
2474,2609,4042,2757,2822,2763,2111,1473,11040,12190,13310,15530,15880,3191,7269
2779,2808,3218,2521,2522,2450,1927,1474,10380,11230,12250,14800,15500,3118,7276
2864,3035,3568,2574,2547,2582,2051,1474,10710,11630,12640,15040,15520,3374,7415
2453,2702,4620,2999,3052,3030,2237,1474,11730,13240,14820,17330,17550,3297,9969
1572,1904,4464,3054,3080,2979,2301,1475,16080,17740,19120,22190,22630,2481,25000
1680,2205,4366,3186,3179,3136,2404,1475,16580,18670,20240,23310,23610,2685,25000
1779,2177,4115,2817,2879,2823,2137,1476,16730,18340,19670,22720,23200,2764,25000
1307,1557,4147,2817,2854,2902,2178,1476,16710,18280,19780,23020,23460,2303,25000
2455,2616,3839,2722,2763,2781,2146,1486,10720,11690,12730,15240,15780,3080,10084
2395,2571,4188,2854,2914,2807,2146,1486,10830,11740,12710,15210,15770,3182,10411
1559,1929,3640,2543,2510,2589,2061,1488,12060,13060,13790,17350,18190,2826,13566
2701,2787,3497,2463,2391,2418,1881,1489,10560,11410,12430,14940,15430,3468,9050
2459,2561,3751,2595,2617,2471,1922,1489,12010,12990,13970,16690,17130,3239,12084
2725,2727,3624,2542,2542,2524,1984,1489,10250,11080,12170,14590,15140,3519,8979
2767,2838,3473,2495,2547,2450,1968,1492,10850,11900,13070,15350,15890,3348,7937
2731,2944,3951,2733,2800,2582,2072,1492,11580,12650,13830,16170,16450,3425,9207
2407,2464,3477,2604,2551,2664,1991,1494,11090,12170,13360,15730,16240,2738,10052
2686,2932,3891,2710,2727,2717,2074,1494,10740,11600,12550,15180,15750,3455,8857
1609,2358,3796,2764,2778,2744,2157,1494,16380,17900,19140,22460,22970,2790,25000
1452,1829,4115,2870,2829,2902,2199,1494,16370,18070,19370,22990,23480,2457,25000
1367,1663,3732,2896,2854,2902,2282,1494,16960,18840,20360,24090,24390,2099,25000
1476,1814,4243,2923,2955,2955,2220,1494,17100,18740,20190,23310,23760,2483,25000
2541,2588,3620,2619,2615,2521,2044,1505,11140,12220,13220,15590,16120,3414,10735
2806,2889,3684,2619,2489,2862,2106,1505,10390,11210,12300,14810,15380,3490,9044
2652,2636,3274,2410,2315,2340,1819,1506,10090,11030,12030,14490,15210,3392,9117
2580,2546,3338,2489,2542,2340,1860,1506,9750,10530,11430,13920,14610,3341,9268
2701,2757,3401,2463,2466,2445,1922,1506,10450,11290,12290,14750,15380,3213,8925
2773,2877,3783,2648,2567,2524,2005,1506,10690,11680,12820,15320,15800,3596,9146
2197,2430,3287,2445,2510,2492,1934,1509,11910,12980,13960,16390,17070,2732,11997
2081,2449,3988,2817,2879,2849,2282,1511,15110,16560,17550,20920,21510,2943,25000
1596,2010,4368,3001,3054,2927,2239,1511,16980,18760,20290,23010,23400,2481,25000
1234,1678,4243,2896,2904,2928,2199,1511,16750,18490,19980,22950,23390,2150,25000
2486,2521,3514,2664,2682,2749,2162,1517,10080,11000,11830,14100,14730,3099,9646
2534,2806,3958,2822,2883,2802,2182,1517,11540,12780,13900,16600,16870,3200,11228
1945,2401,5382,3508,3610,3404,2471,1517,14570,16090,17560,20020,20290,3124,14882
2009,2135,3680,2511,2512,2729,2146,1521,10790,11710,12700,15390,16140,3411,11225
2749,2772,3338,2516,2290,2655,2005,1524,10290,11090,12070,14540,15150,3443,8902
2921,3197,4073,2730,2746,2763,2111,1525,10250,11060,12010,14720,15200,3702,5504
2462,2639,4042,2810,2721,2868,2173,1525,10190,11050,12070,14880,15100,3370,6315
2622,2793,3632,2627,2522,2635,1989,1527,10860,11910,13040,15300,15680,3169,8114
2646,2763,3632,2601,2598,2661,2051,1527,10070,10900,11860,14450,15050,3246,7483
1137,1844,4211,2896,2879,3060,2344,1529,16690,18410,19880,23210,23630,2329,25000
2407,2796,4625,3056,3157,3139,2323,1529,11620,12860,14180,16670,16920,3301,10837
2534,2851,4496,3086,3108,3116,2326,1535,11450,12560,13720,16190,16590,3251,11035
2527,2616,4156,2854,2889,2886,2187,1538,11180,12170,13380,15830,16210,3436,10901
2626,2950,4224,2910,2942,2915,2230,1539,10310,11250,12280,14840,15430,3490,9179
2583,2699,3755,2704,2771,2658,2069,1543,11380,12730,14010,16480,16820,3242,7691
2764,2865,3628,2704,2696,2658,2069,1543,10110,10870,11910,14230,15020,3344,5786
2571,2715,3914,2757,2822,2737,2131,1543,10870,11920,13000,15200,15690,3293,6782
2522,2654,3882,2810,2822,2737,2111,1543,10520,11570,12710,15020,15510,3140,6229
2984,3155,3632,2601,2648,2635,2051,1544,10270,11310,12290,14680,15220,3502,6852
2936,3095,3728,2627,2648,2635,2051,1544,11500,12650,13770,16140,16480,3502,8731
2803,2959,3823,2707,2749,2661,2072,1544,9960,10810,11870,14320,14980,3578,7197
2598,2853,4174,2919,2951,2819,2134,1544,12330,13720,15100,17580,17700,3374,10770
2187,2431,4397,2972,2976,2898,2175,1544,15310,17290,18720,20760,20890,3399,12818
1740,2219,3950,2839,2951,2977,2341,1544,14960,16640,17800,21340,21860,2735,25000
1512,2026,4530,2896,2955,3060,2282,1546,16750,18440,19860,23140,23570,2662,25000
1621,2101,4562,3003,3081,3060,2344,1546,16400,18080,19500,22490,22850,2713,25000
1790,2327,4464,2975,3029,3085,2343,1546,17210,19090,20580,23640,23950,2865,25000
2311,2902,5167,3454,3535,3455,2551,1546,15270,17060,18580,21130,21350,3531,13368
2698,2876,3920,2791,2753,2797,2179,1550,11460,12710,13810,16260,16680,3272,14060
2523,2708,3601,2575,2696,2621,2061,1552,11820,12890,13980,16290,16840,3046,11298
2743,2857,4093,2854,2914,2834,2207,1556,10210,11020,12060,14440,14950,3411,9226
2939,2995,3430,2487,2489,2547,2003,1557,10420,11340,12260,14740,15430,3516,8819
2942,3088,3910,2780,2894,2839,2232,1559,10190,10980,12020,14520,15100,3647,8493
1704,2129,4621,3239,3280,3162,2425,1562,16400,18200,19510,22710,23020,2864,25000
1692,2250,4653,3159,3204,3215,2445,1562,15880,17710,19120,22540,22950,2761,25000
1342,1994,4496,3054,3029,3164,2363,1563,16340,18100,19550,22980,23360,2430,25000
1549,1784,3924,2843,3005,2928,2323,1564,16100,17580,18940,22360,22820,2355,25000
2577,2932,4753,3188,3232,3244,2427,1564,12460,13760,14900,17550,17900,3455,12068
2738,2791,3578,2690,2732,2697,2203,1570,11040,12030,13050,15520,16170,3556,10185
2930,3106,3926,2875,2983,2854,2265,1570,11480,12540,13480,16210,16770,3251,10448
2984,3097,3998,2775,2863,2834,2207,1573,10200,10940,11970,14440,15240,3487,8778
2529,2619,3366,2566,2539,2574,2065,1574,10460,11360,12400,14740,15340,3032,9493
3280,3450,3561,2641,2727,2621,2138,1574,9730,10480,11360,13800,14590,3831,8150
2577,2739,3684,2751,2791,2679,2127,1574,10760,11780,12880,15160,15610,3108,9817
2903,2965,3970,2672,2665,2731,2148,1574,10240,11080,12060,14500,15250,3771,8935
2158,2124,3433,2463,2366,2787,2108,1576,10990,12020,13040,15350,16010,2627,10841
2158,2591,5150,3310,3297,3312,2480,1576,15140,16890,18290,20770,21000,3341,14194
2450,2518,3596,2704,2645,2579,2049,1578,10650,11540,12580,14980,15360,3064,6649
2513,2687,3664,2680,2699,2608,2051,1580,10580,11660,12730,15210,15580,3169,7822
2682,2793,3568,2601,2623,2687,2051,1580,10210,11060,12060,14600,15130,3297,7427
2743,2869,3855,2786,2850,2766,2154,1580,10560,11600,12810,15100,15440,3220,7389
2984,3050,3919,2760,2825,2819,2154,1580,10280,11060,12040,14560,15080,3502,6922
2054,2476,4906,3317,3405,3135,2382,1580,15460,17220,18760,21120,21370,3042,12865
1994,2204,4938,3291,3304,3241,2403,1580,15950,17870,19500,22010,22190,3144,13212
2492,2736,4115,3029,3030,2954,2281,1581,11190,12320,13520,15980,16220,3122,9989
1295,1466,3318,2710,2753,2612,2282,1582,17100,19020,20480,23210,23590,2150,25000
2546,2761,4021,2927,2908,2932,2265,1587,11110,12080,13190,15930,16400,3226,10486
2197,2761,5192,3587,3660,3535,2635,1587,13500,14880,16330,18750,19110,3378,14301
2731,2902,4093,2933,2964,2965,2311,1590,11250,12370,13460,15910,16410,3436,10552
2701,2862,3783,2780,2794,2681,2170,1594,10880,11910,12980,15400,15790,3443,9555
2535,2624,3532,2677,2645,2658,2111,1595,9930,10770,11830,14500,15160,3089,6196
2897,3107,4232,2942,2948,2921,2214,1595,10580,11710,12800,15280,15640,3549,5611
2827,2959,3791,2786,2850,2740,2196,1597,10220,11070,11970,14390,14930,3578,7173
2417,2672,4142,2866,2901,2872,2154,1597,10970,11810,12940,15420,15760,3195,8649
2755,2929,4142,2919,3001,2898,2258,1597,10440,11440,12560,14890,15290,3323,7234
1693,2176,4623,3107,3105,3164,2405,1598,16480,18250,19630,22700,23150,2686,25000
1681,2251,4655,3107,3105,3243,2405,1598,16440,18220,19730,22960,23390,2788,25000
2618,2746,3831,2796,2908,2828,2265,1605,10300,11200,12170,14670,15350,3048,9286
2804,2992,3966,2854,2964,2834,2228,1608,12190,13510,14630,16960,17260,3182,12042
2816,2902,3902,2775,2863,2860,2249,1608,10730,11660,12710,15230,15810,3462,9533
2872,2986,3819,2730,2746,2711,2090,1613,10080,11050,12080,14670,15290,3625,5609
2848,2986,3628,2730,2872,2737,2111,1613,10540,11670,12760,15030,15620,3319,5658
2885,3016,3914,2757,2797,2816,2152,1613,10280,11400,12600,15170,15500,3523,5556
2948,3080,3759,2733,2749,2766,2196,1615,10440,11650,12750,15110,15520,3425,6920
2746,2950,3843,2778,2841,2862,2251,1627,10720,11630,12760,15130,15690,3312,9419
2809,2892,3656,2595,2718,2708,2088,1629,10320,11240,12250,14690,15290,3621,8757
2800,2865,3373,2598,2595,2474,1986,1630,10160,11050,12070,14660,15200,3447,5765
2716,2715,3437,2651,2620,2684,2131,1630,10120,11030,12130,14540,15080,3396,5981
2900,3065,3823,2760,2850,2740,2154,1632,10450,11430,12580,14990,15460,3578,7005
2867,3129,3955,2870,2929,2849,2240,1634,10630,11710,12830,15410,15760,3659,8357
1403,1920,4339,3029,2930,3192,2427,1634,16650,18330,19940,23380,23840,2406,25000
2176,2598,4621,3345,3406,3426,2528,1650,16120,17770,19080,22050,22460,3221,25000
2903,3129,4210,3002,3030,3060,2385,1652,10810,11970,13070,15510,15910,3506,8592
1730,2162,4498,3082,3132,3166,2489,1652,16040,17640,18810,22280,22770,2790,25000
2805,3026,4204,2844,2853,2849,2302,1654,12140,13430,14630,17220,17400,3500,15076
2903,3025,3779,2698,2715,2784,2168,1662,9920,10620,11530,14140,14850,3439,8817
2987,3160,4192,2936,2967,2994,2313,1662,10110,10970,11960,14460,15090,3618,8729
2496,2501,3719,2648,2718,2602,2088,1664,10430,11330,12200,14660,15300,3341,9401
1463,1753,4528,3373,3357,3243,2612,1686,15200,16710,17400,22280,22900,2353,25000
2649,2827,4083,3002,3030,2954,2323,1687,10610,11730,12920,15430,15630,3199,8711
2794,2859,3557,2804,2766,2652,2168,1697,10830,11900,13000,15300,15800,3363,9657
2860,3061,4105,2995,2973,2947,2297,1700,10710,11780,12870,15480,15870,3574,5926
2764,2971,4264,3022,3124,3053,2380,1700,10510,11550,12610,15110,15510,3549,5741
2865,3116,4462,3097,3191,3042,2367,1703,10230,11120,12050,14450,15080,3517,8287
1779,2222,4721,3428,3435,3456,2655,1705,15950,17590,18850,22550,23020,2892,25000
2891,3070,3938,2804,2866,2915,2271,1714,10090,10800,11720,14250,14980,3516,8801
2679,2895,4105,3128,3275,3000,2297,1718,9910,10820,11740,14210,14690,3268,5833
2839,3110,4365,3131,3102,3135,2444,1720,10670,11750,12970,15520,15830,3553,7329
2984,3171,4078,3052,3027,3003,2362,1738,10170,11120,12240,14790,15180,3502,6847
1766,2268,4626,3322,3309,3324,2593,1740,16290,17960,19350,23010,23500,2815,25000
2726,2941,4623,3297,3359,3378,2615,1744,11040,12040,13150,15890,16340,3429,10044
3043,3246,4148,2999,3098,2945,2418,1746,10530,11420,12350,14800,15410,3579,8204
2990,3103,3846,2754,2693,2865,2336,1751,10340,11290,12340,14780,15440,3519,8379
2900,3110,3823,2866,2901,3003,2382,1755,10060,10940,11920,14530,14980,3425,6942
1679,1993,3918,2945,3152,3267,2693,1755,14970,16500,17730,20890,21370,2402,25000
1705,2040,4687,3453,3483,3454,2674,1756,16080,17880,19190,22500,22920,2609,25000
2612,2986,4383,2967,3036,2945,2392,1768,11180,12150,13180,15630,16010,3265,9846
3049,3235,4402,3241,3258,3218,2489,1775,10540,11560,12650,15020,15400,3583,8025
2790,2893,3992,2934,3067,2880,2367,1789,9850,10550,11330,13830,14440,3705,8585
2287,2721,5008,3428,3460,3535,2697,1810,16000,17440,18590,21990,22630,3097,25000
3340,3505,4031,2967,3098,3107,2545,1833,9870,10590,11470,13950,14770,3705,8025
2275,2978,5168,3561,3536,3667,2946,1880,15770,17340,18610,22610,23120,3506,25000
2674,3703,6348,4331,4343,4510,3360,2056,12950,14430,15650,18410,18740,4325,12855
